ISO-10303-21;
HEADER;
FILE_DESCRIPTION(('Open CASCADE Model'),'2;1');
FILE_NAME('Open CASCADE Shape Model','2026-09-26T18:05:21',('Author'),(
    'Open CASCADE'),'Open CASCADE STEP processor 7.8','Open CASCADE 7.8'
  ,'Unknown');
FILE_SCHEMA(('AUTOMOTIVE_DESIGN { 1 0 10303 214 1 1 1 1 }'));
ENDSEC;
DATA;
#1 = APPLICATION_PROTOCOL_DEFINITION('international standard',
  'automotive_design',2000,#2);
#2 = APPLICATION_CONTEXT(
  'core data for automotive mechanical design processes');
#3 = SHAPE_DEFINITION_REPRESENTATION(#4,#10);
#4 = PRODUCT_DEFINITION_SHAPE('','',#5);
#5 = PRODUCT_DEFINITION('design','',#6,#9);
#6 = PRODUCT_DEFINITION_FORMATION('','',#7);
#7 = PRODUCT('Open CASCADE STEP translator 7.8 8',
  'Open CASCADE STEP translator 7.8 8','',(#8));
#8 = PRODUCT_CONTEXT('',#2,'mechanical');
#9 = PRODUCT_DEFINITION_CONTEXT('part definition',#2,'design');
#10 = ADVANCED_BREP_SHAPE_REPRESENTATION('',(#11,#15),#4395);
#11 = AXIS2_PLACEMENT_3D('',#12,#13,#14);
#12 = CARTESIAN_POINT('',(0.,0.,0.));
#13 = DIRECTION('',(0.,0.,1.));
#14 = DIRECTION('',(1.,0.,-0.));
#15 = MANIFOLD_SOLID_BREP('',#16);
#16 = CLOSED_SHELL('',(#17,#240,#642,#1185,#1418,#1467,#1668,#1896,#1923
    ,#1970,#2443,#2492,#2919,#2968,#3019,#3446,#3473,#3504,#3580,#3629,
    #3678,#3705,#3752,#3759,#3786,#3793,#3800,#3827,#3854,#3881,#3908,
    #3935,#3962,#3989,#4016,#4043,#4050,#4057,#4084,#4111,#4138,#4145,
    #4172,#4199,#4226,#4253,#4280,#4307,#4334,#4361,#4388));
#17 = ADVANCED_FACE('',(#18),#32,.F.);
#18 = FACE_BOUND('',#19,.F.);
#19 = EDGE_LOOP('',(#20,#55,#83,#111,#137,#165,#193,#221));
#20 = ORIENTED_EDGE('',*,*,#21,.F.);
#21 = EDGE_CURVE('',#22,#24,#26,.T.);
#22 = VERTEX_POINT('',#23);
#23 = CARTESIAN_POINT('',(122.,1.13E+03,953.));
#24 = VERTEX_POINT('',#25);
#25 = CARTESIAN_POINT('',(122.,1.13E+03,990.));
#26 = SURFACE_CURVE('',#27,(#31,#43),.PCURVE_S1.);
#27 = LINE('',#28,#29);
#28 = CARTESIAN_POINT('',(122.,1.13E+03,953.));
#29 = VECTOR('',#30,1.);
#30 = DIRECTION('',(0.,0.,1.));
#31 = PCURVE('',#32,#37);
#32 = PLANE('',#33);
#33 = AXIS2_PLACEMENT_3D('',#34,#35,#36);
#34 = CARTESIAN_POINT('',(122.,1.13E+03,953.));
#35 = DIRECTION('',(1.,0.,0.));
#36 = DIRECTION('',(0.,0.,1.));
#37 = DEFINITIONAL_REPRESENTATION('',(#38),#42);
#38 = LINE('',#39,#40);
#39 = CARTESIAN_POINT('',(0.,0.));
#40 = VECTOR('',#41,1.);
#41 = DIRECTION('',(1.,0.));
#42 = ( GEOMETRIC_REPRESENTATION_CONTEXT(2) 
PARAMETRIC_REPRESENTATION_CONTEXT() REPRESENTATION_CONTEXT('2D SPACE',''
  ) );
#43 = PCURVE('',#44,#49);
#44 = PLANE('',#45);
#45 = AXIS2_PLACEMENT_3D('',#46,#47,#48);
#46 = CARTESIAN_POINT('',(122.,1.13E+03,953.));
#47 = DIRECTION('',(0.,1.,0.));
#48 = DIRECTION('',(0.,0.,1.));
#49 = DEFINITIONAL_REPRESENTATION('',(#50),#54);
#50 = LINE('',#51,#52);
#51 = CARTESIAN_POINT('',(0.,0.));
#52 = VECTOR('',#53,1.);
#53 = DIRECTION('',(1.,0.));
#54 = ( GEOMETRIC_REPRESENTATION_CONTEXT(2) 
PARAMETRIC_REPRESENTATION_CONTEXT() REPRESENTATION_CONTEXT('2D SPACE',''
  ) );
#55 = ORIENTED_EDGE('',*,*,#56,.T.);
#56 = EDGE_CURVE('',#22,#57,#59,.T.);
#57 = VERTEX_POINT('',#58);
#58 = CARTESIAN_POINT('',(122.,1.1808E+03,953.));
#59 = SURFACE_CURVE('',#60,(#64,#71),.PCURVE_S1.);
#60 = LINE('',#61,#62);
#61 = CARTESIAN_POINT('',(122.,1.13E+03,953.));
#62 = VECTOR('',#63,1.);
#63 = DIRECTION('',(0.,1.,0.));
#64 = PCURVE('',#32,#65);
#65 = DEFINITIONAL_REPRESENTATION('',(#66),#70);
#66 = LINE('',#67,#68);
#67 = CARTESIAN_POINT('',(0.,0.));
#68 = VECTOR('',#69,1.);
#69 = DIRECTION('',(0.,-1.));
#70 = ( GEOMETRIC_REPRESENTATION_CONTEXT(2) 
PARAMETRIC_REPRESENTATION_CONTEXT() REPRESENTATION_CONTEXT('2D SPACE',''
  ) );
#71 = PCURVE('',#72,#77);
#72 = PLANE('',#73);
#73 = AXIS2_PLACEMENT_3D('',#74,#75,#76);
#74 = CARTESIAN_POINT('',(122.,1.13E+03,953.));
#75 = DIRECTION('',(0.,0.,1.));
#76 = DIRECTION('',(1.,0.,0.));
#77 = DEFINITIONAL_REPRESENTATION('',(#78),#82);
#78 = LINE('',#79,#80);
#79 = CARTESIAN_POINT('',(0.,0.));
#80 = VECTOR('',#81,1.);
#81 = DIRECTION('',(0.,1.));
#82 = ( GEOMETRIC_REPRESENTATION_CONTEXT(2) 
PARAMETRIC_REPRESENTATION_CONTEXT() REPRESENTATION_CONTEXT('2D SPACE',''
  ) );
#83 = ORIENTED_EDGE('',*,*,#84,.T.);
#84 = EDGE_CURVE('',#57,#85,#87,.T.);
#85 = VERTEX_POINT('',#86);
#86 = CARTESIAN_POINT('',(122.,1.1808E+03,990.));
#87 = SURFACE_CURVE('',#88,(#92,#99),.PCURVE_S1.);
#88 = LINE('',#89,#90);
#89 = CARTESIAN_POINT('',(122.,1.1808E+03,953.));
#90 = VECTOR('',#91,1.);
#91 = DIRECTION('',(0.,0.,1.));
#92 = PCURVE('',#32,#93);
#93 = DEFINITIONAL_REPRESENTATION('',(#94),#98);
#94 = LINE('',#95,#96);
#95 = CARTESIAN_POINT('',(0.,-50.8));
#96 = VECTOR('',#97,1.);
#97 = DIRECTION('',(1.,0.));
#98 = ( GEOMETRIC_REPRESENTATION_CONTEXT(2) 
PARAMETRIC_REPRESENTATION_CONTEXT() REPRESENTATION_CONTEXT('2D SPACE',''
  ) );
#99 = PCURVE('',#100,#105);
#100 = PLANE('',#101);
#101 = AXIS2_PLACEMENT_3D('',#102,#103,#104);
#102 = CARTESIAN_POINT('',(122.,1.1808E+03,953.));
#103 = DIRECTION('',(0.,1.,0.));
#104 = DIRECTION('',(0.,0.,1.));
#105 = DEFINITIONAL_REPRESENTATION('',(#106),#110);
#106 = LINE('',#107,#108);
#107 = CARTESIAN_POINT('',(0.,0.));
#108 = VECTOR('',#109,1.);
#109 = DIRECTION('',(1.,0.));
#110 = ( GEOMETRIC_REPRESENTATION_CONTEXT(2) 
PARAMETRIC_REPRESENTATION_CONTEXT() REPRESENTATION_CONTEXT('2D SPACE',''
  ) );
#111 = ORIENTED_EDGE('',*,*,#112,.T.);
#112 = EDGE_CURVE('',#85,#113,#115,.T.);
#113 = VERTEX_POINT('',#114);
#114 = CARTESIAN_POINT('',(122.,1.177752E+03,990.));
#115 = SURFACE_CURVE('',#116,(#120,#126),.PCURVE_S1.);
#116 = LINE('',#117,#118);
#117 = CARTESIAN_POINT('',(122.,1.125E+03,990.));
#118 = VECTOR('',#119,1.);
#119 = DIRECTION('',(0.,-1.,0.));
#120 = PCURVE('',#32,#121);
#121 = DEFINITIONAL_REPRESENTATION('',(#122),#125);
#122 = B_SPLINE_CURVE_WITH_KNOTS('',1,(#123,#124),.UNSPECIFIED.,.F.,.F.,
  (2,2),(-55.8,-5.),.PIECEWISE_BEZIER_KNOTS.);
#123 = CARTESIAN_POINT('',(37.,-50.8));
#124 = CARTESIAN_POINT('',(37.,0.));
#125 = ( GEOMETRIC_REPRESENTATION_CONTEXT(2) 
PARAMETRIC_REPRESENTATION_CONTEXT() REPRESENTATION_CONTEXT('2D SPACE',''
  ) );
#126 = PCURVE('',#127,#132);
#127 = PLANE('',#128);
#128 = AXIS2_PLACEMENT_3D('',#129,#130,#131);
#129 = CARTESIAN_POINT('',(63.,1.12E+03,990.));
#130 = DIRECTION('',(0.,0.,1.));
#131 = DIRECTION('',(1.,0.,0.));
#132 = DEFINITIONAL_REPRESENTATION('',(#133),#136);
#133 = B_SPLINE_CURVE_WITH_KNOTS('',1,(#134,#135),.UNSPECIFIED.,.F.,.F.,
  (2,2),(-55.8,-5.),.PIECEWISE_BEZIER_KNOTS.);
#134 = CARTESIAN_POINT('',(59.,60.8));
#135 = CARTESIAN_POINT('',(59.,10.));
#136 = ( GEOMETRIC_REPRESENTATION_CONTEXT(2) 
PARAMETRIC_REPRESENTATION_CONTEXT() REPRESENTATION_CONTEXT('2D SPACE',''
  ) );
#137 = ORIENTED_EDGE('',*,*,#138,.F.);
#138 = EDGE_CURVE('',#139,#113,#141,.T.);
#139 = VERTEX_POINT('',#140);
#140 = CARTESIAN_POINT('',(122.,1.177752E+03,956.048));
#141 = SURFACE_CURVE('',#142,(#146,#153),.PCURVE_S1.);
#142 = LINE('',#143,#144);
#143 = CARTESIAN_POINT('',(122.,1.177752E+03,954.524));
#144 = VECTOR('',#145,1.);
#145 = DIRECTION('',(0.,0.,1.));
#146 = PCURVE('',#32,#147);
#147 = DEFINITIONAL_REPRESENTATION('',(#148),#152);
#148 = LINE('',#149,#150);
#149 = CARTESIAN_POINT('',(1.524,-47.752));
#150 = VECTOR('',#151,1.);
#151 = DIRECTION('',(1.,0.));
#152 = ( GEOMETRIC_REPRESENTATION_CONTEXT(2) 
PARAMETRIC_REPRESENTATION_CONTEXT() REPRESENTATION_CONTEXT('2D SPACE',''
  ) );
#153 = PCURVE('',#154,#159);
#154 = PLANE('',#155);
#155 = AXIS2_PLACEMENT_3D('',#156,#157,#158);
#156 = CARTESIAN_POINT('',(121.,1.177752E+03,956.048));
#157 = DIRECTION('',(0.,1.,0.));
#158 = DIRECTION('',(0.,0.,1.));
#159 = DEFINITIONAL_REPRESENTATION('',(#160),#164);
#160 = LINE('',#161,#162);
#161 = CARTESIAN_POINT('',(-1.524,1.));
#162 = VECTOR('',#163,1.);
#163 = DIRECTION('',(1.,0.));
#164 = ( GEOMETRIC_REPRESENTATION_CONTEXT(2) 
PARAMETRIC_REPRESENTATION_CONTEXT() REPRESENTATION_CONTEXT('2D SPACE',''
  ) );
#165 = ORIENTED_EDGE('',*,*,#166,.T.);
#166 = EDGE_CURVE('',#139,#167,#169,.T.);
#167 = VERTEX_POINT('',#168);
#168 = CARTESIAN_POINT('',(122.,1.133048E+03,956.048));
#169 = SURFACE_CURVE('',#170,(#174,#181),.PCURVE_S1.);
#170 = LINE('',#171,#172);
#171 = CARTESIAN_POINT('',(122.,1.131524E+03,956.048));
#172 = VECTOR('',#173,1.);
#173 = DIRECTION('',(0.,-1.,0.));
#174 = PCURVE('',#32,#175);
#175 = DEFINITIONAL_REPRESENTATION('',(#176),#180);
#176 = LINE('',#177,#178);
#177 = CARTESIAN_POINT('',(3.048,-1.524));
#178 = VECTOR('',#179,1.);
#179 = DIRECTION('',(0.,1.));
#180 = ( GEOMETRIC_REPRESENTATION_CONTEXT(2) 
PARAMETRIC_REPRESENTATION_CONTEXT() REPRESENTATION_CONTEXT('2D SPACE',''
  ) );
#181 = PCURVE('',#182,#187);
#182 = PLANE('',#183);
#183 = AXIS2_PLACEMENT_3D('',#184,#185,#186);
#184 = CARTESIAN_POINT('',(121.,1.133048E+03,956.048));
#185 = DIRECTION('',(0.,0.,1.));
#186 = DIRECTION('',(1.,0.,0.));
#187 = DEFINITIONAL_REPRESENTATION('',(#188),#192);
#188 = LINE('',#189,#190);
#189 = CARTESIAN_POINT('',(1.,-1.524));
#190 = VECTOR('',#191,1.);
#191 = DIRECTION('',(0.,-1.));
#192 = ( GEOMETRIC_REPRESENTATION_CONTEXT(2) 
PARAMETRIC_REPRESENTATION_CONTEXT() REPRESENTATION_CONTEXT('2D SPACE',''
  ) );
#193 = ORIENTED_EDGE('',*,*,#194,.T.);
#194 = EDGE_CURVE('',#167,#195,#197,.T.);
#195 = VERTEX_POINT('',#196);
#196 = CARTESIAN_POINT('',(122.,1.133048E+03,990.));
#197 = SURFACE_CURVE('',#198,(#202,#209),.PCURVE_S1.);
#198 = LINE('',#199,#200);
#199 = CARTESIAN_POINT('',(122.,1.133048E+03,954.524));
#200 = VECTOR('',#201,1.);
#201 = DIRECTION('',(0.,0.,1.));
#202 = PCURVE('',#32,#203);
#203 = DEFINITIONAL_REPRESENTATION('',(#204),#208);
#204 = LINE('',#205,#206);
#205 = CARTESIAN_POINT('',(1.524,-3.048));
#206 = VECTOR('',#207,1.);
#207 = DIRECTION('',(1.,0.));
#208 = ( GEOMETRIC_REPRESENTATION_CONTEXT(2) 
PARAMETRIC_REPRESENTATION_CONTEXT() REPRESENTATION_CONTEXT('2D SPACE',''
  ) );
#209 = PCURVE('',#210,#215);
#210 = PLANE('',#211);
#211 = AXIS2_PLACEMENT_3D('',#212,#213,#214);
#212 = CARTESIAN_POINT('',(121.,1.133048E+03,956.048));
#213 = DIRECTION('',(0.,1.,0.));
#214 = DIRECTION('',(0.,0.,1.));
#215 = DEFINITIONAL_REPRESENTATION('',(#216),#220);
#216 = LINE('',#217,#218);
#217 = CARTESIAN_POINT('',(-1.524,1.));
#218 = VECTOR('',#219,1.);
#219 = DIRECTION('',(1.,0.));
#220 = ( GEOMETRIC_REPRESENTATION_CONTEXT(2) 
PARAMETRIC_REPRESENTATION_CONTEXT() REPRESENTATION_CONTEXT('2D SPACE',''
  ) );
#221 = ORIENTED_EDGE('',*,*,#222,.T.);
#222 = EDGE_CURVE('',#195,#24,#223,.T.);
#223 = SURFACE_CURVE('',#224,(#228,#234),.PCURVE_S1.);
#224 = LINE('',#225,#226);
#225 = CARTESIAN_POINT('',(122.,1.125E+03,990.));
#226 = VECTOR('',#227,1.);
#227 = DIRECTION('',(0.,-1.,0.));
#228 = PCURVE('',#32,#229);
#229 = DEFINITIONAL_REPRESENTATION('',(#230),#233);
#230 = B_SPLINE_CURVE_WITH_KNOTS('',1,(#231,#232),.UNSPECIFIED.,.F.,.F.,
  (2,2),(-55.8,-5.),.PIECEWISE_BEZIER_KNOTS.);
#231 = CARTESIAN_POINT('',(37.,-50.8));
#232 = CARTESIAN_POINT('',(37.,0.));
#233 = ( GEOMETRIC_REPRESENTATION_CONTEXT(2) 
PARAMETRIC_REPRESENTATION_CONTEXT() REPRESENTATION_CONTEXT('2D SPACE',''
  ) );
#234 = PCURVE('',#127,#235);
#235 = DEFINITIONAL_REPRESENTATION('',(#236),#239);
#236 = B_SPLINE_CURVE_WITH_KNOTS('',1,(#237,#238),.UNSPECIFIED.,.F.,.F.,
  (2,2),(-55.8,-5.),.PIECEWISE_BEZIER_KNOTS.);
#237 = CARTESIAN_POINT('',(59.,60.8));
#238 = CARTESIAN_POINT('',(59.,10.));
#239 = ( GEOMETRIC_REPRESENTATION_CONTEXT(2) 
PARAMETRIC_REPRESENTATION_CONTEXT() REPRESENTATION_CONTEXT('2D SPACE',''
  ) );
#240 = ADVANCED_FACE('',(#241,#528),#44,.F.);
#241 = FACE_BOUND('',#242,.F.);
#242 = EDGE_LOOP('',(#243,#273,#294,#295,#316,#342,#368,#396,#424,#452,
    #478,#504));
#243 = ORIENTED_EDGE('',*,*,#244,.F.);
#244 = EDGE_CURVE('',#245,#247,#249,.T.);
#245 = VERTEX_POINT('',#246);
#246 = CARTESIAN_POINT('',(1.028E+03,1.13E+03,953.));
#247 = VERTEX_POINT('',#248);
#248 = CARTESIAN_POINT('',(1.028E+03,1.13E+03,990.));
#249 = SURFACE_CURVE('',#250,(#254,#261),.PCURVE_S1.);
#250 = LINE('',#251,#252);
#251 = CARTESIAN_POINT('',(1.028E+03,1.13E+03,953.));
#252 = VECTOR('',#253,1.);
#253 = DIRECTION('',(0.,0.,1.));
#254 = PCURVE('',#44,#255);
#255 = DEFINITIONAL_REPRESENTATION('',(#256),#260);
#256 = LINE('',#257,#258);
#257 = CARTESIAN_POINT('',(0.,906.));
#258 = VECTOR('',#259,1.);
#259 = DIRECTION('',(1.,0.));
#260 = ( GEOMETRIC_REPRESENTATION_CONTEXT(2) 
PARAMETRIC_REPRESENTATION_CONTEXT() REPRESENTATION_CONTEXT('2D SPACE',''
  ) );
#261 = PCURVE('',#262,#267);
#262 = PLANE('',#263);
#263 = AXIS2_PLACEMENT_3D('',#264,#265,#266);
#264 = CARTESIAN_POINT('',(1.028E+03,1.13E+03,953.));
#265 = DIRECTION('',(1.,0.,0.));
#266 = DIRECTION('',(0.,0.,1.));
#267 = DEFINITIONAL_REPRESENTATION('',(#268),#272);
#268 = LINE('',#269,#270);
#269 = CARTESIAN_POINT('',(0.,0.));
#270 = VECTOR('',#271,1.);
#271 = DIRECTION('',(1.,0.));
#272 = ( GEOMETRIC_REPRESENTATION_CONTEXT(2) 
PARAMETRIC_REPRESENTATION_CONTEXT() REPRESENTATION_CONTEXT('2D SPACE',''
  ) );
#273 = ORIENTED_EDGE('',*,*,#274,.F.);
#274 = EDGE_CURVE('',#22,#245,#275,.T.);
#275 = SURFACE_CURVE('',#276,(#280,#287),.PCURVE_S1.);
#276 = LINE('',#277,#278);
#277 = CARTESIAN_POINT('',(122.,1.13E+03,953.));
#278 = VECTOR('',#279,1.);
#279 = DIRECTION('',(1.,0.,0.));
#280 = PCURVE('',#44,#281);
#281 = DEFINITIONAL_REPRESENTATION('',(#282),#286);
#282 = LINE('',#283,#284);
#283 = CARTESIAN_POINT('',(0.,0.));
#284 = VECTOR('',#285,1.);
#285 = DIRECTION('',(0.,1.));
#286 = ( GEOMETRIC_REPRESENTATION_CONTEXT(2) 
PARAMETRIC_REPRESENTATION_CONTEXT() REPRESENTATION_CONTEXT('2D SPACE',''
  ) );
#287 = PCURVE('',#72,#288);
#288 = DEFINITIONAL_REPRESENTATION('',(#289),#293);
#289 = LINE('',#290,#291);
#290 = CARTESIAN_POINT('',(0.,0.));
#291 = VECTOR('',#292,1.);
#292 = DIRECTION('',(1.,0.));
#293 = ( GEOMETRIC_REPRESENTATION_CONTEXT(2) 
PARAMETRIC_REPRESENTATION_CONTEXT() REPRESENTATION_CONTEXT('2D SPACE',''
  ) );
#294 = ORIENTED_EDGE('',*,*,#21,.T.);
#295 = ORIENTED_EDGE('',*,*,#296,.T.);
#296 = EDGE_CURVE('',#24,#297,#299,.T.);
#297 = VERTEX_POINT('',#298);
#298 = CARTESIAN_POINT('',(146.35,1.13E+03,990.));
#299 = SURFACE_CURVE('',#300,(#304,#310),.PCURVE_S1.);
#300 = LINE('',#301,#302);
#301 = CARTESIAN_POINT('',(92.5,1.13E+03,990.));
#302 = VECTOR('',#303,1.);
#303 = DIRECTION('',(1.,0.,0.));
#304 = PCURVE('',#44,#305);
#305 = DEFINITIONAL_REPRESENTATION('',(#306),#309);
#306 = B_SPLINE_CURVE_WITH_KNOTS('',1,(#307,#308),.UNSPECIFIED.,.F.,.F.,
  (2,2),(29.5,53.85),.PIECEWISE_BEZIER_KNOTS.);
#307 = CARTESIAN_POINT('',(37.,0.));
#308 = CARTESIAN_POINT('',(37.,24.35));
#309 = ( GEOMETRIC_REPRESENTATION_CONTEXT(2) 
PARAMETRIC_REPRESENTATION_CONTEXT() REPRESENTATION_CONTEXT('2D SPACE',''
  ) );
#310 = PCURVE('',#127,#311);
#311 = DEFINITIONAL_REPRESENTATION('',(#312),#315);
#312 = B_SPLINE_CURVE_WITH_KNOTS('',1,(#313,#314),.UNSPECIFIED.,.F.,.F.,
  (2,2),(29.5,53.85),.PIECEWISE_BEZIER_KNOTS.);
#313 = CARTESIAN_POINT('',(59.,10.));
#314 = CARTESIAN_POINT('',(83.35,10.));
#315 = ( GEOMETRIC_REPRESENTATION_CONTEXT(2) 
PARAMETRIC_REPRESENTATION_CONTEXT() REPRESENTATION_CONTEXT('2D SPACE',''
  ) );
#316 = ORIENTED_EDGE('',*,*,#317,.F.);
#317 = EDGE_CURVE('',#318,#297,#320,.T.);
#318 = VERTEX_POINT('',#319);
#319 = CARTESIAN_POINT('',(146.35,1.13E+03,996.35));
#320 = SURFACE_CURVE('',#321,(#325,#331),.PCURVE_S1.);
#321 = LINE('',#322,#323);
#322 = CARTESIAN_POINT('',(146.35,1.13E+03,971.5));
#323 = VECTOR('',#324,1.);
#324 = DIRECTION('',(0.,0.,-1.));
#325 = PCURVE('',#44,#326);
#326 = DEFINITIONAL_REPRESENTATION('',(#327),#330);
#327 = B_SPLINE_CURVE_WITH_KNOTS('',1,(#328,#329),.UNSPECIFIED.,.F.,.F.,
  (2,2),(-24.85,-18.5),.PIECEWISE_BEZIER_KNOTS.);
#328 = CARTESIAN_POINT('',(43.35,24.35));
#329 = CARTESIAN_POINT('',(37.,24.35));
#330 = ( GEOMETRIC_REPRESENTATION_CONTEXT(2) 
PARAMETRIC_REPRESENTATION_CONTEXT() REPRESENTATION_CONTEXT('2D SPACE',''
  ) );
#331 = PCURVE('',#332,#337);
#332 = PLANE('',#333);
#333 = AXIS2_PLACEMENT_3D('',#334,#335,#336);
#334 = CARTESIAN_POINT('',(146.35,1.12E+03,990.));
#335 = DIRECTION('',(1.,0.,0.));
#336 = DIRECTION('',(0.,0.,1.));
#337 = DEFINITIONAL_REPRESENTATION('',(#338),#341);
#338 = B_SPLINE_CURVE_WITH_KNOTS('',1,(#339,#340),.UNSPECIFIED.,.F.,.F.,
  (2,2),(-24.85,-18.5),.PIECEWISE_BEZIER_KNOTS.);
#339 = CARTESIAN_POINT('',(6.35,-10.));
#340 = CARTESIAN_POINT('',(0.,-10.));
#341 = ( GEOMETRIC_REPRESENTATION_CONTEXT(2) 
PARAMETRIC_REPRESENTATION_CONTEXT() REPRESENTATION_CONTEXT('2D SPACE',''
  ) );
#342 = ORIENTED_EDGE('',*,*,#343,.F.);
#343 = EDGE_CURVE('',#344,#318,#346,.T.);
#344 = VERTEX_POINT('',#345);
#345 = CARTESIAN_POINT('',(122.,1.13E+03,996.35));
#346 = SURFACE_CURVE('',#347,(#351,#357),.PCURVE_S1.);
#347 = LINE('',#348,#349);
#348 = CARTESIAN_POINT('',(92.5,1.13E+03,996.35));
#349 = VECTOR('',#350,1.);
#350 = DIRECTION('',(1.,0.,0.));
#351 = PCURVE('',#44,#352);
#352 = DEFINITIONAL_REPRESENTATION('',(#353),#356);
#353 = B_SPLINE_CURVE_WITH_KNOTS('',1,(#354,#355),.UNSPECIFIED.,.F.,.F.,
  (2,2),(29.5,53.85),.PIECEWISE_BEZIER_KNOTS.);
#354 = CARTESIAN_POINT('',(43.35,0.));
#355 = CARTESIAN_POINT('',(43.35,24.35));
#356 = ( GEOMETRIC_REPRESENTATION_CONTEXT(2) 
PARAMETRIC_REPRESENTATION_CONTEXT() REPRESENTATION_CONTEXT('2D SPACE',''
  ) );
#357 = PCURVE('',#358,#363);
#358 = PLANE('',#359);
#359 = AXIS2_PLACEMENT_3D('',#360,#361,#362);
#360 = CARTESIAN_POINT('',(63.,1.12E+03,996.35));
#361 = DIRECTION('',(0.,0.,1.));
#362 = DIRECTION('',(1.,0.,0.));
#363 = DEFINITIONAL_REPRESENTATION('',(#364),#367);
#364 = B_SPLINE_CURVE_WITH_KNOTS('',1,(#365,#366),.UNSPECIFIED.,.F.,.F.,
  (2,2),(29.5,53.85),.PIECEWISE_BEZIER_KNOTS.);
#365 = CARTESIAN_POINT('',(59.,10.));
#366 = CARTESIAN_POINT('',(83.35,10.));
#367 = ( GEOMETRIC_REPRESENTATION_CONTEXT(2) 
PARAMETRIC_REPRESENTATION_CONTEXT() REPRESENTATION_CONTEXT('2D SPACE',''
  ) );
#368 = ORIENTED_EDGE('',*,*,#369,.T.);
#369 = EDGE_CURVE('',#344,#370,#372,.T.);
#370 = VERTEX_POINT('',#371);
#371 = CARTESIAN_POINT('',(122.,1.13E+03,1.0038E+03));
#372 = SURFACE_CURVE('',#373,(#377,#384),.PCURVE_S1.);
#373 = LINE('',#374,#375);
#374 = CARTESIAN_POINT('',(122.,1.13E+03,953.));
#375 = VECTOR('',#376,1.);
#376 = DIRECTION('',(0.,0.,1.));
#377 = PCURVE('',#44,#378);
#378 = DEFINITIONAL_REPRESENTATION('',(#379),#383);
#379 = LINE('',#380,#381);
#380 = CARTESIAN_POINT('',(0.,0.));
#381 = VECTOR('',#382,1.);
#382 = DIRECTION('',(1.,0.));
#383 = ( GEOMETRIC_REPRESENTATION_CONTEXT(2) 
PARAMETRIC_REPRESENTATION_CONTEXT() REPRESENTATION_CONTEXT('2D SPACE',''
  ) );
#384 = PCURVE('',#385,#390);
#385 = PLANE('',#386);
#386 = AXIS2_PLACEMENT_3D('',#387,#388,#389);
#387 = CARTESIAN_POINT('',(122.,1.13E+03,953.));
#388 = DIRECTION('',(1.,0.,0.));
#389 = DIRECTION('',(0.,0.,1.));
#390 = DEFINITIONAL_REPRESENTATION('',(#391),#395);
#391 = LINE('',#392,#393);
#392 = CARTESIAN_POINT('',(0.,0.));
#393 = VECTOR('',#394,1.);
#394 = DIRECTION('',(1.,0.));
#395 = ( GEOMETRIC_REPRESENTATION_CONTEXT(2) 
PARAMETRIC_REPRESENTATION_CONTEXT() REPRESENTATION_CONTEXT('2D SPACE',''
  ) );
#396 = ORIENTED_EDGE('',*,*,#397,.T.);
#397 = EDGE_CURVE('',#370,#398,#400,.T.);
#398 = VERTEX_POINT('',#399);
#399 = CARTESIAN_POINT('',(1.028E+03,1.13E+03,1.0038E+03));
#400 = SURFACE_CURVE('',#401,(#405,#412),.PCURVE_S1.);
#401 = LINE('',#402,#403);
#402 = CARTESIAN_POINT('',(122.,1.13E+03,1.0038E+03));
#403 = VECTOR('',#404,1.);
#404 = DIRECTION('',(1.,0.,0.));
#405 = PCURVE('',#44,#406);
#406 = DEFINITIONAL_REPRESENTATION('',(#407),#411);
#407 = LINE('',#408,#409);
#408 = CARTESIAN_POINT('',(50.8,0.));
#409 = VECTOR('',#410,1.);
#410 = DIRECTION('',(0.,1.));
#411 = ( GEOMETRIC_REPRESENTATION_CONTEXT(2) 
PARAMETRIC_REPRESENTATION_CONTEXT() REPRESENTATION_CONTEXT('2D SPACE',''
  ) );
#412 = PCURVE('',#413,#418);
#413 = PLANE('',#414);
#414 = AXIS2_PLACEMENT_3D('',#415,#416,#417);
#415 = CARTESIAN_POINT('',(122.,1.13E+03,1.0038E+03));
#416 = DIRECTION('',(0.,0.,1.));
#417 = DIRECTION('',(1.,0.,0.));
#418 = DEFINITIONAL_REPRESENTATION('',(#419),#423);
#419 = LINE('',#420,#421);
#420 = CARTESIAN_POINT('',(0.,0.));
#421 = VECTOR('',#422,1.);
#422 = DIRECTION('',(1.,0.));
#423 = ( GEOMETRIC_REPRESENTATION_CONTEXT(2) 
PARAMETRIC_REPRESENTATION_CONTEXT() REPRESENTATION_CONTEXT('2D SPACE',''
  ) );
#424 = ORIENTED_EDGE('',*,*,#425,.F.);
#425 = EDGE_CURVE('',#426,#398,#428,.T.);
#426 = VERTEX_POINT('',#427);
#427 = CARTESIAN_POINT('',(1.028E+03,1.13E+03,996.35));
#428 = SURFACE_CURVE('',#429,(#433,#440),.PCURVE_S1.);
#429 = LINE('',#430,#431);
#430 = CARTESIAN_POINT('',(1.028E+03,1.13E+03,953.));
#431 = VECTOR('',#432,1.);
#432 = DIRECTION('',(0.,0.,1.));
#433 = PCURVE('',#44,#434);
#434 = DEFINITIONAL_REPRESENTATION('',(#435),#439);
#435 = LINE('',#436,#437);
#436 = CARTESIAN_POINT('',(0.,906.));
#437 = VECTOR('',#438,1.);
#438 = DIRECTION('',(1.,0.));
#439 = ( GEOMETRIC_REPRESENTATION_CONTEXT(2) 
PARAMETRIC_REPRESENTATION_CONTEXT() REPRESENTATION_CONTEXT('2D SPACE',''
  ) );
#440 = PCURVE('',#441,#446);
#441 = PLANE('',#442);
#442 = AXIS2_PLACEMENT_3D('',#443,#444,#445);
#443 = CARTESIAN_POINT('',(1.028E+03,1.13E+03,953.));
#444 = DIRECTION('',(1.,0.,0.));
#445 = DIRECTION('',(0.,0.,1.));
#446 = DEFINITIONAL_REPRESENTATION('',(#447),#451);
#447 = LINE('',#448,#449);
#448 = CARTESIAN_POINT('',(0.,0.));
#449 = VECTOR('',#450,1.);
#450 = DIRECTION('',(1.,0.));
#451 = ( GEOMETRIC_REPRESENTATION_CONTEXT(2) 
PARAMETRIC_REPRESENTATION_CONTEXT() REPRESENTATION_CONTEXT('2D SPACE',''
  ) );
#452 = ORIENTED_EDGE('',*,*,#453,.F.);
#453 = EDGE_CURVE('',#454,#426,#456,.T.);
#454 = VERTEX_POINT('',#455);
#455 = CARTESIAN_POINT('',(1.00365E+03,1.13E+03,996.35));
#456 = SURFACE_CURVE('',#457,(#461,#467),.PCURVE_S1.);
#457 = LINE('',#458,#459);
#458 = CARTESIAN_POINT('',(562.825,1.13E+03,996.35));
#459 = VECTOR('',#460,1.);
#460 = DIRECTION('',(1.,0.,0.));
#461 = PCURVE('',#44,#462);
#462 = DEFINITIONAL_REPRESENTATION('',(#463),#466);
#463 = B_SPLINE_CURVE_WITH_KNOTS('',1,(#464,#465),.UNSPECIFIED.,.F.,.F.,
  (2,2),(440.825,465.175),.PIECEWISE_BEZIER_KNOTS.);
#464 = CARTESIAN_POINT('',(43.35,881.65));
#465 = CARTESIAN_POINT('',(43.35,906.));
#466 = ( GEOMETRIC_REPRESENTATION_CONTEXT(2) 
PARAMETRIC_REPRESENTATION_CONTEXT() REPRESENTATION_CONTEXT('2D SPACE',''
  ) );
#467 = PCURVE('',#468,#473);
#468 = PLANE('',#469);
#469 = AXIS2_PLACEMENT_3D('',#470,#471,#472);
#470 = CARTESIAN_POINT('',(1.00365E+03,1.12E+03,996.35));
#471 = DIRECTION('',(0.,0.,1.));
#472 = DIRECTION('',(1.,0.,0.));
#473 = DEFINITIONAL_REPRESENTATION('',(#474),#477);
#474 = B_SPLINE_CURVE_WITH_KNOTS('',1,(#475,#476),.UNSPECIFIED.,.F.,.F.,
  (2,2),(440.825,465.175),.PIECEWISE_BEZIER_KNOTS.);
#475 = CARTESIAN_POINT('',(0.,10.));
#476 = CARTESIAN_POINT('',(24.35,10.));
#477 = ( GEOMETRIC_REPRESENTATION_CONTEXT(2) 
PARAMETRIC_REPRESENTATION_CONTEXT() REPRESENTATION_CONTEXT('2D SPACE',''
  ) );
#478 = ORIENTED_EDGE('',*,*,#479,.T.);
#479 = EDGE_CURVE('',#454,#480,#482,.T.);
#480 = VERTEX_POINT('',#481);
#481 = CARTESIAN_POINT('',(1.00365E+03,1.13E+03,990.));
#482 = SURFACE_CURVE('',#483,(#487,#493),.PCURVE_S1.);
#483 = LINE('',#484,#485);
#484 = CARTESIAN_POINT('',(1.00365E+03,1.13E+03,971.5));
#485 = VECTOR('',#486,1.);
#486 = DIRECTION('',(0.,0.,-1.));
#487 = PCURVE('',#44,#488);
#488 = DEFINITIONAL_REPRESENTATION('',(#489),#492);
#489 = B_SPLINE_CURVE_WITH_KNOTS('',1,(#490,#491),.UNSPECIFIED.,.F.,.F.,
  (2,2),(-24.85,-18.5),.PIECEWISE_BEZIER_KNOTS.);
#490 = CARTESIAN_POINT('',(43.35,881.65));
#491 = CARTESIAN_POINT('',(37.,881.65));
#492 = ( GEOMETRIC_REPRESENTATION_CONTEXT(2) 
PARAMETRIC_REPRESENTATION_CONTEXT() REPRESENTATION_CONTEXT('2D SPACE',''
  ) );
#493 = PCURVE('',#494,#499);
#494 = PLANE('',#495);
#495 = AXIS2_PLACEMENT_3D('',#496,#497,#498);
#496 = CARTESIAN_POINT('',(1.00365E+03,1.12E+03,990.));
#497 = DIRECTION('',(1.,0.,0.));
#498 = DIRECTION('',(0.,0.,1.));
#499 = DEFINITIONAL_REPRESENTATION('',(#500),#503);
#500 = B_SPLINE_CURVE_WITH_KNOTS('',1,(#501,#502),.UNSPECIFIED.,.F.,.F.,
  (2,2),(-24.85,-18.5),.PIECEWISE_BEZIER_KNOTS.);
#501 = CARTESIAN_POINT('',(6.35,-10.));
#502 = CARTESIAN_POINT('',(0.,-10.));
#503 = ( GEOMETRIC_REPRESENTATION_CONTEXT(2) 
PARAMETRIC_REPRESENTATION_CONTEXT() REPRESENTATION_CONTEXT('2D SPACE',''
  ) );
#504 = ORIENTED_EDGE('',*,*,#505,.T.);
#505 = EDGE_CURVE('',#480,#247,#506,.T.);
#506 = SURFACE_CURVE('',#507,(#511,#517),.PCURVE_S1.);
#507 = LINE('',#508,#509);
#508 = CARTESIAN_POINT('',(562.825,1.13E+03,990.));
#509 = VECTOR('',#510,1.);
#510 = DIRECTION('',(1.,0.,0.));
#511 = PCURVE('',#44,#512);
#512 = DEFINITIONAL_REPRESENTATION('',(#513),#516);
#513 = B_SPLINE_CURVE_WITH_KNOTS('',1,(#514,#515),.UNSPECIFIED.,.F.,.F.,
  (2,2),(440.825,465.175),.PIECEWISE_BEZIER_KNOTS.);
#514 = CARTESIAN_POINT('',(37.,881.65));
#515 = CARTESIAN_POINT('',(37.,906.));
#516 = ( GEOMETRIC_REPRESENTATION_CONTEXT(2) 
PARAMETRIC_REPRESENTATION_CONTEXT() REPRESENTATION_CONTEXT('2D SPACE',''
  ) );
#517 = PCURVE('',#518,#523);
#518 = PLANE('',#519);
#519 = AXIS2_PLACEMENT_3D('',#520,#521,#522);
#520 = CARTESIAN_POINT('',(1.00365E+03,1.12E+03,990.));
#521 = DIRECTION('',(0.,0.,1.));
#522 = DIRECTION('',(1.,0.,0.));
#523 = DEFINITIONAL_REPRESENTATION('',(#524),#527);
#524 = B_SPLINE_CURVE_WITH_KNOTS('',1,(#525,#526),.UNSPECIFIED.,.F.,.F.,
  (2,2),(440.825,465.175),.PIECEWISE_BEZIER_KNOTS.);
#525 = CARTESIAN_POINT('',(0.,10.));
#526 = CARTESIAN_POINT('',(24.35,10.));
#527 = ( GEOMETRIC_REPRESENTATION_CONTEXT(2) 
PARAMETRIC_REPRESENTATION_CONTEXT() REPRESENTATION_CONTEXT('2D SPACE',''
  ) );
#528 = FACE_BOUND('',#529,.F.);
#529 = EDGE_LOOP('',(#530,#560,#588,#616));
#530 = ORIENTED_EDGE('',*,*,#531,.F.);
#531 = EDGE_CURVE('',#532,#534,#536,.T.);
#532 = VERTEX_POINT('',#533);
#533 = CARTESIAN_POINT('',(295.,1.13E+03,966.15));
#534 = VERTEX_POINT('',#535);
#535 = CARTESIAN_POINT('',(855.,1.13E+03,966.15));
#536 = SURFACE_CURVE('',#537,(#541,#548),.PCURVE_S1.);
#537 = LINE('',#538,#539);
#538 = CARTESIAN_POINT('',(295.,1.13E+03,966.15));
#539 = VECTOR('',#540,1.);
#540 = DIRECTION('',(1.,0.,0.));
#541 = PCURVE('',#44,#542);
#542 = DEFINITIONAL_REPRESENTATION('',(#543),#547);
#543 = LINE('',#544,#545);
#544 = CARTESIAN_POINT('',(13.15,173.));
#545 = VECTOR('',#546,1.);
#546 = DIRECTION('',(0.,1.));
#547 = ( GEOMETRIC_REPRESENTATION_CONTEXT(2) 
PARAMETRIC_REPRESENTATION_CONTEXT() REPRESENTATION_CONTEXT('2D SPACE',''
  ) );
#548 = PCURVE('',#549,#554);
#549 = PLANE('',#550);
#550 = AXIS2_PLACEMENT_3D('',#551,#552,#553);
#551 = CARTESIAN_POINT('',(295.,950.,966.15));
#552 = DIRECTION('',(0.,0.,1.));
#553 = DIRECTION('',(1.,0.,0.));
#554 = DEFINITIONAL_REPRESENTATION('',(#555),#559);
#555 = LINE('',#556,#557);
#556 = CARTESIAN_POINT('',(0.,180.));
#557 = VECTOR('',#558,1.);
#558 = DIRECTION('',(1.,0.));
#559 = ( GEOMETRIC_REPRESENTATION_CONTEXT(2) 
PARAMETRIC_REPRESENTATION_CONTEXT() REPRESENTATION_CONTEXT('2D SPACE',''
  ) );
#560 = ORIENTED_EDGE('',*,*,#561,.F.);
#561 = EDGE_CURVE('',#562,#532,#564,.T.);
#562 = VERTEX_POINT('',#563);
#563 = CARTESIAN_POINT('',(295.,1.13E+03,959.8));
#564 = SURFACE_CURVE('',#565,(#569,#576),.PCURVE_S1.);
#565 = LINE('',#566,#567);
#566 = CARTESIAN_POINT('',(295.,1.13E+03,959.8));
#567 = VECTOR('',#568,1.);
#568 = DIRECTION('',(0.,0.,1.));
#569 = PCURVE('',#44,#570);
#570 = DEFINITIONAL_REPRESENTATION('',(#571),#575);
#571 = LINE('',#572,#573);
#572 = CARTESIAN_POINT('',(6.8,173.));
#573 = VECTOR('',#574,1.);
#574 = DIRECTION('',(1.,0.));
#575 = ( GEOMETRIC_REPRESENTATION_CONTEXT(2) 
PARAMETRIC_REPRESENTATION_CONTEXT() REPRESENTATION_CONTEXT('2D SPACE',''
  ) );
#576 = PCURVE('',#577,#582);
#577 = PLANE('',#578);
#578 = AXIS2_PLACEMENT_3D('',#579,#580,#581);
#579 = CARTESIAN_POINT('',(295.,950.,959.8));
#580 = DIRECTION('',(1.,0.,0.));
#581 = DIRECTION('',(0.,0.,1.));
#582 = DEFINITIONAL_REPRESENTATION('',(#583),#587);
#583 = LINE('',#584,#585);
#584 = CARTESIAN_POINT('',(0.,-180.));
#585 = VECTOR('',#586,1.);
#586 = DIRECTION('',(1.,0.));
#587 = ( GEOMETRIC_REPRESENTATION_CONTEXT(2) 
PARAMETRIC_REPRESENTATION_CONTEXT() REPRESENTATION_CONTEXT('2D SPACE',''
  ) );
#588 = ORIENTED_EDGE('',*,*,#589,.T.);
#589 = EDGE_CURVE('',#562,#590,#592,.T.);
#590 = VERTEX_POINT('',#591);
#591 = CARTESIAN_POINT('',(855.,1.13E+03,959.8));
#592 = SURFACE_CURVE('',#593,(#597,#604),.PCURVE_S1.);
#593 = LINE('',#594,#595);
#594 = CARTESIAN_POINT('',(295.,1.13E+03,959.8));
#595 = VECTOR('',#596,1.);
#596 = DIRECTION('',(1.,0.,0.));
#597 = PCURVE('',#44,#598);
#598 = DEFINITIONAL_REPRESENTATION('',(#599),#603);
#599 = LINE('',#600,#601);
#600 = CARTESIAN_POINT('',(6.8,173.));
#601 = VECTOR('',#602,1.);
#602 = DIRECTION('',(0.,1.));
#603 = ( GEOMETRIC_REPRESENTATION_CONTEXT(2) 
PARAMETRIC_REPRESENTATION_CONTEXT() REPRESENTATION_CONTEXT('2D SPACE',''
  ) );
#604 = PCURVE('',#605,#610);
#605 = PLANE('',#606);
#606 = AXIS2_PLACEMENT_3D('',#607,#608,#609);
#607 = CARTESIAN_POINT('',(295.,950.,959.8));
#608 = DIRECTION('',(0.,0.,1.));
#609 = DIRECTION('',(1.,0.,0.));
#610 = DEFINITIONAL_REPRESENTATION('',(#611),#615);
#611 = LINE('',#612,#613);
#612 = CARTESIAN_POINT('',(0.,180.));
#613 = VECTOR('',#614,1.);
#614 = DIRECTION('',(1.,0.));
#615 = ( GEOMETRIC_REPRESENTATION_CONTEXT(2) 
PARAMETRIC_REPRESENTATION_CONTEXT() REPRESENTATION_CONTEXT('2D SPACE',''
  ) );
#616 = ORIENTED_EDGE('',*,*,#617,.T.);
#617 = EDGE_CURVE('',#590,#534,#618,.T.);
#618 = SURFACE_CURVE('',#619,(#623,#630),.PCURVE_S1.);
#619 = LINE('',#620,#621);
#620 = CARTESIAN_POINT('',(855.,1.13E+03,959.8));
#621 = VECTOR('',#622,1.);
#622 = DIRECTION('',(0.,0.,1.));
#623 = PCURVE('',#44,#624);
#624 = DEFINITIONAL_REPRESENTATION('',(#625),#629);
#625 = LINE('',#626,#627);
#626 = CARTESIAN_POINT('',(6.8,733.));
#627 = VECTOR('',#628,1.);
#628 = DIRECTION('',(1.,0.));
#629 = ( GEOMETRIC_REPRESENTATION_CONTEXT(2) 
PARAMETRIC_REPRESENTATION_CONTEXT() REPRESENTATION_CONTEXT('2D SPACE',''
  ) );
#630 = PCURVE('',#631,#636);
#631 = PLANE('',#632);
#632 = AXIS2_PLACEMENT_3D('',#633,#634,#635);
#633 = CARTESIAN_POINT('',(855.,950.,959.8));
#634 = DIRECTION('',(1.,0.,0.));
#635 = DIRECTION('',(0.,0.,1.));
#636 = DEFINITIONAL_REPRESENTATION('',(#637),#641);
#637 = LINE('',#638,#639);
#638 = CARTESIAN_POINT('',(0.,-180.));
#639 = VECTOR('',#640,1.);
#640 = DIRECTION('',(1.,0.));
#641 = ( GEOMETRIC_REPRESENTATION_CONTEXT(2) 
PARAMETRIC_REPRESENTATION_CONTEXT() REPRESENTATION_CONTEXT('2D SPACE',''
  ) );
#642 = ADVANCED_FACE('',(#643,#870,#905,#940,#975,#1010,#1045,#1080,
    #1115,#1150),#127,.F.);
#643 = FACE_BOUND('',#644,.F.);
#644 = EDGE_LOOP('',(#645,#675,#703,#731,#752,#753,#754,#775,#803,#822,
    #823,#844));
#645 = ORIENTED_EDGE('',*,*,#646,.F.);
#646 = EDGE_CURVE('',#647,#649,#651,.T.);
#647 = VERTEX_POINT('',#648);
#648 = CARTESIAN_POINT('',(63.,1.19E+03,990.));
#649 = VERTEX_POINT('',#650);
#650 = CARTESIAN_POINT('',(146.35,1.19E+03,990.));
#651 = SURFACE_CURVE('',#652,(#656,#663),.PCURVE_S1.);
#652 = LINE('',#653,#654);
#653 = CARTESIAN_POINT('',(63.,1.19E+03,990.));
#654 = VECTOR('',#655,1.);
#655 = DIRECTION('',(1.,0.,0.));
#656 = PCURVE('',#127,#657);
#657 = DEFINITIONAL_REPRESENTATION('',(#658),#662);
#658 = LINE('',#659,#660);
#659 = CARTESIAN_POINT('',(0.,70.));
#660 = VECTOR('',#661,1.);
#661 = DIRECTION('',(1.,0.));
#662 = ( GEOMETRIC_REPRESENTATION_CONTEXT(2) 
PARAMETRIC_REPRESENTATION_CONTEXT() REPRESENTATION_CONTEXT('2D SPACE',''
  ) );
#663 = PCURVE('',#664,#669);
#664 = PLANE('',#665);
#665 = AXIS2_PLACEMENT_3D('',#666,#667,#668);
#666 = CARTESIAN_POINT('',(63.,1.19E+03,990.));
#667 = DIRECTION('',(0.,1.,0.));
#668 = DIRECTION('',(0.,0.,1.));
#669 = DEFINITIONAL_REPRESENTATION('',(#670),#674);
#670 = LINE('',#671,#672);
#671 = CARTESIAN_POINT('',(0.,0.));
#672 = VECTOR('',#673,1.);
#673 = DIRECTION('',(0.,1.));
#674 = ( GEOMETRIC_REPRESENTATION_CONTEXT(2) 
PARAMETRIC_REPRESENTATION_CONTEXT() REPRESENTATION_CONTEXT('2D SPACE',''
  ) );
#675 = ORIENTED_EDGE('',*,*,#676,.F.);
#676 = EDGE_CURVE('',#677,#647,#679,.T.);
#677 = VERTEX_POINT('',#678);
#678 = CARTESIAN_POINT('',(63.,1.12E+03,990.));
#679 = SURFACE_CURVE('',#680,(#684,#691),.PCURVE_S1.);
#680 = LINE('',#681,#682);
#681 = CARTESIAN_POINT('',(63.,1.12E+03,990.));
#682 = VECTOR('',#683,1.);
#683 = DIRECTION('',(0.,1.,0.));
#684 = PCURVE('',#127,#685);
#685 = DEFINITIONAL_REPRESENTATION('',(#686),#690);
#686 = LINE('',#687,#688);
#687 = CARTESIAN_POINT('',(0.,0.));
#688 = VECTOR('',#689,1.);
#689 = DIRECTION('',(0.,1.));
#690 = ( GEOMETRIC_REPRESENTATION_CONTEXT(2) 
PARAMETRIC_REPRESENTATION_CONTEXT() REPRESENTATION_CONTEXT('2D SPACE',''
  ) );
#691 = PCURVE('',#692,#697);
#692 = PLANE('',#693);
#693 = AXIS2_PLACEMENT_3D('',#694,#695,#696);
#694 = CARTESIAN_POINT('',(63.,1.12E+03,990.));
#695 = DIRECTION('',(1.,0.,0.));
#696 = DIRECTION('',(0.,0.,1.));
#697 = DEFINITIONAL_REPRESENTATION('',(#698),#702);
#698 = LINE('',#699,#700);
#699 = CARTESIAN_POINT('',(0.,0.));
#700 = VECTOR('',#701,1.);
#701 = DIRECTION('',(0.,-1.));
#702 = ( GEOMETRIC_REPRESENTATION_CONTEXT(2) 
PARAMETRIC_REPRESENTATION_CONTEXT() REPRESENTATION_CONTEXT('2D SPACE',''
  ) );
#703 = ORIENTED_EDGE('',*,*,#704,.T.);
#704 = EDGE_CURVE('',#677,#705,#707,.T.);
#705 = VERTEX_POINT('',#706);
#706 = CARTESIAN_POINT('',(146.35,1.12E+03,990.));
#707 = SURFACE_CURVE('',#708,(#712,#719),.PCURVE_S1.);
#708 = LINE('',#709,#710);
#709 = CARTESIAN_POINT('',(63.,1.12E+03,990.));
#710 = VECTOR('',#711,1.);
#711 = DIRECTION('',(1.,0.,0.));
#712 = PCURVE('',#127,#713);
#713 = DEFINITIONAL_REPRESENTATION('',(#714),#718);
#714 = LINE('',#715,#716);
#715 = CARTESIAN_POINT('',(0.,0.));
#716 = VECTOR('',#717,1.);
#717 = DIRECTION('',(1.,0.));
#718 = ( GEOMETRIC_REPRESENTATION_CONTEXT(2) 
PARAMETRIC_REPRESENTATION_CONTEXT() REPRESENTATION_CONTEXT('2D SPACE',''
  ) );
#719 = PCURVE('',#720,#725);
#720 = PLANE('',#721);
#721 = AXIS2_PLACEMENT_3D('',#722,#723,#724);
#722 = CARTESIAN_POINT('',(63.,1.12E+03,990.));
#723 = DIRECTION('',(0.,1.,0.));
#724 = DIRECTION('',(0.,0.,1.));
#725 = DEFINITIONAL_REPRESENTATION('',(#726),#730);
#726 = LINE('',#727,#728);
#727 = CARTESIAN_POINT('',(0.,0.));
#728 = VECTOR('',#729,1.);
#729 = DIRECTION('',(0.,1.));
#730 = ( GEOMETRIC_REPRESENTATION_CONTEXT(2) 
PARAMETRIC_REPRESENTATION_CONTEXT() REPRESENTATION_CONTEXT('2D SPACE',''
  ) );
#731 = ORIENTED_EDGE('',*,*,#732,.T.);
#732 = EDGE_CURVE('',#705,#297,#733,.T.);
#733 = SURFACE_CURVE('',#734,(#738,#745),.PCURVE_S1.);
#734 = LINE('',#735,#736);
#735 = CARTESIAN_POINT('',(146.35,1.12E+03,990.));
#736 = VECTOR('',#737,1.);
#737 = DIRECTION('',(0.,1.,0.));
#738 = PCURVE('',#127,#739);
#739 = DEFINITIONAL_REPRESENTATION('',(#740),#744);
#740 = LINE('',#741,#742);
#741 = CARTESIAN_POINT('',(83.35,0.));
#742 = VECTOR('',#743,1.);
#743 = DIRECTION('',(0.,1.));
#744 = ( GEOMETRIC_REPRESENTATION_CONTEXT(2) 
PARAMETRIC_REPRESENTATION_CONTEXT() REPRESENTATION_CONTEXT('2D SPACE',''
  ) );
#745 = PCURVE('',#332,#746);
#746 = DEFINITIONAL_REPRESENTATION('',(#747),#751);
#747 = LINE('',#748,#749);
#748 = CARTESIAN_POINT('',(0.,0.));
#749 = VECTOR('',#750,1.);
#750 = DIRECTION('',(0.,-1.));
#751 = ( GEOMETRIC_REPRESENTATION_CONTEXT(2) 
PARAMETRIC_REPRESENTATION_CONTEXT() REPRESENTATION_CONTEXT('2D SPACE',''
  ) );
#752 = ORIENTED_EDGE('',*,*,#296,.F.);
#753 = ORIENTED_EDGE('',*,*,#222,.F.);
#754 = ORIENTED_EDGE('',*,*,#755,.T.);
#755 = EDGE_CURVE('',#195,#756,#758,.T.);
#756 = VERTEX_POINT('',#757);
#757 = CARTESIAN_POINT('',(146.35,1.133048E+03,990.));
#758 = SURFACE_CURVE('',#759,(#763,#769),.PCURVE_S1.);
#759 = LINE('',#760,#761);
#760 = CARTESIAN_POINT('',(92.,1.133048E+03,990.));
#761 = VECTOR('',#762,1.);
#762 = DIRECTION('',(1.,0.,0.));
#763 = PCURVE('',#127,#764);
#764 = DEFINITIONAL_REPRESENTATION('',(#765),#768);
#765 = B_SPLINE_CURVE_WITH_KNOTS('',1,(#766,#767),.UNSPECIFIED.,.F.,.F.,
  (2,2),(30.,54.35),.PIECEWISE_BEZIER_KNOTS.);
#766 = CARTESIAN_POINT('',(59.,13.048));
#767 = CARTESIAN_POINT('',(83.35,13.048));
#768 = ( GEOMETRIC_REPRESENTATION_CONTEXT(2) 
PARAMETRIC_REPRESENTATION_CONTEXT() REPRESENTATION_CONTEXT('2D SPACE',''
  ) );
#769 = PCURVE('',#210,#770);
#770 = DEFINITIONAL_REPRESENTATION('',(#771),#774);
#771 = B_SPLINE_CURVE_WITH_KNOTS('',1,(#772,#773),.UNSPECIFIED.,.F.,.F.,
  (2,2),(30.,54.35),.PIECEWISE_BEZIER_KNOTS.);
#772 = CARTESIAN_POINT('',(33.952,1.));
#773 = CARTESIAN_POINT('',(33.952,25.35));
#774 = ( GEOMETRIC_REPRESENTATION_CONTEXT(2) 
PARAMETRIC_REPRESENTATION_CONTEXT() REPRESENTATION_CONTEXT('2D SPACE',''
  ) );
#775 = ORIENTED_EDGE('',*,*,#776,.T.);
#776 = EDGE_CURVE('',#756,#777,#779,.T.);
#777 = VERTEX_POINT('',#778);
#778 = CARTESIAN_POINT('',(146.35,1.177752E+03,990.));
#779 = SURFACE_CURVE('',#780,(#784,#791),.PCURVE_S1.);
#780 = LINE('',#781,#782);
#781 = CARTESIAN_POINT('',(146.35,1.12E+03,990.));
#782 = VECTOR('',#783,1.);
#783 = DIRECTION('',(0.,1.,0.));
#784 = PCURVE('',#127,#785);
#785 = DEFINITIONAL_REPRESENTATION('',(#786),#790);
#786 = LINE('',#787,#788);
#787 = CARTESIAN_POINT('',(83.35,0.));
#788 = VECTOR('',#789,1.);
#789 = DIRECTION('',(0.,1.));
#790 = ( GEOMETRIC_REPRESENTATION_CONTEXT(2) 
PARAMETRIC_REPRESENTATION_CONTEXT() REPRESENTATION_CONTEXT('2D SPACE',''
  ) );
#791 = PCURVE('',#792,#797);
#792 = PLANE('',#793);
#793 = AXIS2_PLACEMENT_3D('',#794,#795,#796);
#794 = CARTESIAN_POINT('',(146.35,1.12E+03,990.));
#795 = DIRECTION('',(1.,0.,0.));
#796 = DIRECTION('',(0.,0.,1.));
#797 = DEFINITIONAL_REPRESENTATION('',(#798),#802);
#798 = LINE('',#799,#800);
#799 = CARTESIAN_POINT('',(0.,0.));
#800 = VECTOR('',#801,1.);
#801 = DIRECTION('',(0.,-1.));
#802 = ( GEOMETRIC_REPRESENTATION_CONTEXT(2) 
PARAMETRIC_REPRESENTATION_CONTEXT() REPRESENTATION_CONTEXT('2D SPACE',''
  ) );
#803 = ORIENTED_EDGE('',*,*,#804,.F.);
#804 = EDGE_CURVE('',#113,#777,#805,.T.);
#805 = SURFACE_CURVE('',#806,(#810,#816),.PCURVE_S1.);
#806 = LINE('',#807,#808);
#807 = CARTESIAN_POINT('',(92.,1.177752E+03,990.));
#808 = VECTOR('',#809,1.);
#809 = DIRECTION('',(1.,0.,0.));
#810 = PCURVE('',#127,#811);
#811 = DEFINITIONAL_REPRESENTATION('',(#812),#815);
#812 = B_SPLINE_CURVE_WITH_KNOTS('',1,(#813,#814),.UNSPECIFIED.,.F.,.F.,
  (2,2),(30.,54.35),.PIECEWISE_BEZIER_KNOTS.);
#813 = CARTESIAN_POINT('',(59.,57.752));
#814 = CARTESIAN_POINT('',(83.35,57.752));
#815 = ( GEOMETRIC_REPRESENTATION_CONTEXT(2) 
PARAMETRIC_REPRESENTATION_CONTEXT() REPRESENTATION_CONTEXT('2D SPACE',''
  ) );
#816 = PCURVE('',#154,#817);
#817 = DEFINITIONAL_REPRESENTATION('',(#818),#821);
#818 = B_SPLINE_CURVE_WITH_KNOTS('',1,(#819,#820),.UNSPECIFIED.,.F.,.F.,
  (2,2),(30.,54.35),.PIECEWISE_BEZIER_KNOTS.);
#819 = CARTESIAN_POINT('',(33.952,1.));
#820 = CARTESIAN_POINT('',(33.952,25.35));
#821 = ( GEOMETRIC_REPRESENTATION_CONTEXT(2) 
PARAMETRIC_REPRESENTATION_CONTEXT() REPRESENTATION_CONTEXT('2D SPACE',''
  ) );
#822 = ORIENTED_EDGE('',*,*,#112,.F.);
#823 = ORIENTED_EDGE('',*,*,#824,.T.);
#824 = EDGE_CURVE('',#85,#825,#827,.T.);
#825 = VERTEX_POINT('',#826);
#826 = CARTESIAN_POINT('',(146.35,1.1808E+03,990.));
#827 = SURFACE_CURVE('',#828,(#832,#838),.PCURVE_S1.);
#828 = LINE('',#829,#830);
#829 = CARTESIAN_POINT('',(92.5,1.1808E+03,990.));
#830 = VECTOR('',#831,1.);
#831 = DIRECTION('',(1.,0.,0.));
#832 = PCURVE('',#127,#833);
#833 = DEFINITIONAL_REPRESENTATION('',(#834),#837);
#834 = B_SPLINE_CURVE_WITH_KNOTS('',1,(#835,#836),.UNSPECIFIED.,.F.,.F.,
  (2,2),(29.5,53.85),.PIECEWISE_BEZIER_KNOTS.);
#835 = CARTESIAN_POINT('',(59.,60.8));
#836 = CARTESIAN_POINT('',(83.35,60.8));
#837 = ( GEOMETRIC_REPRESENTATION_CONTEXT(2) 
PARAMETRIC_REPRESENTATION_CONTEXT() REPRESENTATION_CONTEXT('2D SPACE',''
  ) );
#838 = PCURVE('',#100,#839);
#839 = DEFINITIONAL_REPRESENTATION('',(#840),#843);
#840 = B_SPLINE_CURVE_WITH_KNOTS('',1,(#841,#842),.UNSPECIFIED.,.F.,.F.,
  (2,2),(29.5,53.85),.PIECEWISE_BEZIER_KNOTS.);
#841 = CARTESIAN_POINT('',(37.,0.));
#842 = CARTESIAN_POINT('',(37.,24.35));
#843 = ( GEOMETRIC_REPRESENTATION_CONTEXT(2) 
PARAMETRIC_REPRESENTATION_CONTEXT() REPRESENTATION_CONTEXT('2D SPACE',''
  ) );
#844 = ORIENTED_EDGE('',*,*,#845,.T.);
#845 = EDGE_CURVE('',#825,#649,#846,.T.);
#846 = SURFACE_CURVE('',#847,(#851,#858),.PCURVE_S1.);
#847 = LINE('',#848,#849);
#848 = CARTESIAN_POINT('',(146.35,1.12E+03,990.));
#849 = VECTOR('',#850,1.);
#850 = DIRECTION('',(0.,1.,0.));
#851 = PCURVE('',#127,#852);
#852 = DEFINITIONAL_REPRESENTATION('',(#853),#857);
#853 = LINE('',#854,#855);
#854 = CARTESIAN_POINT('',(83.35,0.));
#855 = VECTOR('',#856,1.);
#856 = DIRECTION('',(0.,1.));
#857 = ( GEOMETRIC_REPRESENTATION_CONTEXT(2) 
PARAMETRIC_REPRESENTATION_CONTEXT() REPRESENTATION_CONTEXT('2D SPACE',''
  ) );
#858 = PCURVE('',#859,#864);
#859 = PLANE('',#860);
#860 = AXIS2_PLACEMENT_3D('',#861,#862,#863);
#861 = CARTESIAN_POINT('',(146.35,1.12E+03,990.));
#862 = DIRECTION('',(1.,0.,0.));
#863 = DIRECTION('',(0.,0.,1.));
#864 = DEFINITIONAL_REPRESENTATION('',(#865),#869);
#865 = LINE('',#866,#867);
#866 = CARTESIAN_POINT('',(0.,0.));
#867 = VECTOR('',#868,1.);
#868 = DIRECTION('',(0.,-1.));
#869 = ( GEOMETRIC_REPRESENTATION_CONTEXT(2) 
PARAMETRIC_REPRESENTATION_CONTEXT() REPRESENTATION_CONTEXT('2D SPACE',''
  ) );
#870 = FACE_BOUND('',#871,.F.);
#871 = EDGE_LOOP('',(#872));
#872 = ORIENTED_EDGE('',*,*,#873,.T.);
#873 = EDGE_CURVE('',#874,#874,#876,.T.);
#874 = VERTEX_POINT('',#875);
#875 = CARTESIAN_POINT('',(78.3,1.127E+03,990.));
#876 = SURFACE_CURVE('',#877,(#882,#893),.PCURVE_S1.);
#877 = CIRCLE('',#878,3.3);
#878 = AXIS2_PLACEMENT_3D('',#879,#880,#881);
#879 = CARTESIAN_POINT('',(75.,1.127E+03,990.));
#880 = DIRECTION('',(0.,0.,-1.));
#881 = DIRECTION('',(1.,0.,0.));
#882 = PCURVE('',#127,#883);
#883 = DEFINITIONAL_REPRESENTATION('',(#884),#892);
#884 = ( BOUNDED_CURVE() B_SPLINE_CURVE(2,(#885,#886,#887,#888,#889,#890
,#891),.UNSPECIFIED.,.T.,.F.) B_SPLINE_CURVE_WITH_KNOTS((1,2,2,2,2,1),(
    -2.094395102393,0.,2.094395102393,4.188790204786,6.28318530718,
8.377580409573),.UNSPECIFIED.) CURVE() GEOMETRIC_REPRESENTATION_ITEM() 
RATIONAL_B_SPLINE_CURVE((1.,0.5,1.,0.5,1.,0.5,1.)) REPRESENTATION_ITEM(
  '') );
#885 = CARTESIAN_POINT('',(15.3,7.));
#886 = CARTESIAN_POINT('',(15.3,1.284232335023));
#887 = CARTESIAN_POINT('',(10.35,4.142116167511));
#888 = CARTESIAN_POINT('',(5.4,7.));
#889 = CARTESIAN_POINT('',(10.35,9.857883832489));
#890 = CARTESIAN_POINT('',(15.3,12.715767664977));
#891 = CARTESIAN_POINT('',(15.3,7.));
#892 = ( GEOMETRIC_REPRESENTATION_CONTEXT(2) 
PARAMETRIC_REPRESENTATION_CONTEXT() REPRESENTATION_CONTEXT('2D SPACE',''
  ) );
#893 = PCURVE('',#894,#899);
#894 = CYLINDRICAL_SURFACE('',#895,3.3);
#895 = AXIS2_PLACEMENT_3D('',#896,#897,#898);
#896 = CARTESIAN_POINT('',(75.,1.127E+03,988.));
#897 = DIRECTION('',(-0.,-0.,-1.));
#898 = DIRECTION('',(1.,0.,0.));
#899 = DEFINITIONAL_REPRESENTATION('',(#900),#904);
#900 = LINE('',#901,#902);
#901 = CARTESIAN_POINT('',(-6.28318530718,-2.));
#902 = VECTOR('',#903,1.);
#903 = DIRECTION('',(1.,-0.));
#904 = ( GEOMETRIC_REPRESENTATION_CONTEXT(2) 
PARAMETRIC_REPRESENTATION_CONTEXT() REPRESENTATION_CONTEXT('2D SPACE',''
  ) );
#905 = FACE_BOUND('',#906,.F.);
#906 = EDGE_LOOP('',(#907));
#907 = ORIENTED_EDGE('',*,*,#908,.T.);
#908 = EDGE_CURVE('',#909,#909,#911,.T.);
#909 = VERTEX_POINT('',#910);
#910 = CARTESIAN_POINT('',(75.75,1.1434E+03,990.));
#911 = SURFACE_CURVE('',#912,(#917,#928),.PCURVE_S1.);
#912 = CIRCLE('',#913,2.75);
#913 = AXIS2_PLACEMENT_3D('',#914,#915,#916);
#914 = CARTESIAN_POINT('',(73.,1.1434E+03,990.));
#915 = DIRECTION('',(0.,0.,-1.));
#916 = DIRECTION('',(1.,0.,0.));
#917 = PCURVE('',#127,#918);
#918 = DEFINITIONAL_REPRESENTATION('',(#919),#927);
#919 = ( BOUNDED_CURVE() B_SPLINE_CURVE(2,(#920,#921,#922,#923,#924,#925
,#926),.UNSPECIFIED.,.T.,.F.) B_SPLINE_CURVE_WITH_KNOTS((1,2,2,2,2,1),(
    -2.094395102393,0.,2.094395102393,4.188790204786,6.28318530718,
8.377580409573),.UNSPECIFIED.) CURVE() GEOMETRIC_REPRESENTATION_ITEM() 
RATIONAL_B_SPLINE_CURVE((1.,0.5,1.,0.5,1.,0.5,1.)) REPRESENTATION_ITEM(
  '') );
#920 = CARTESIAN_POINT('',(12.75,23.4));
#921 = CARTESIAN_POINT('',(12.75,18.636860279186));
#922 = CARTESIAN_POINT('',(8.625,21.018430139593));
#923 = CARTESIAN_POINT('',(4.5,23.4));
#924 = CARTESIAN_POINT('',(8.625,25.781569860407));
#925 = CARTESIAN_POINT('',(12.75,28.163139720815));
#926 = CARTESIAN_POINT('',(12.75,23.4));
#927 = ( GEOMETRIC_REPRESENTATION_CONTEXT(2) 
PARAMETRIC_REPRESENTATION_CONTEXT() REPRESENTATION_CONTEXT('2D SPACE',''
  ) );
#928 = PCURVE('',#929,#934);
#929 = CYLINDRICAL_SURFACE('',#930,2.75);
#930 = AXIS2_PLACEMENT_3D('',#931,#932,#933);
#931 = CARTESIAN_POINT('',(73.,1.1434E+03,988.));
#932 = DIRECTION('',(-0.,-0.,-1.));
#933 = DIRECTION('',(1.,0.,0.));
#934 = DEFINITIONAL_REPRESENTATION('',(#935),#939);
#935 = LINE('',#936,#937);
#936 = CARTESIAN_POINT('',(-6.28318530718,-2.));
#937 = VECTOR('',#938,1.);
#938 = DIRECTION('',(1.,-0.));
#939 = ( GEOMETRIC_REPRESENTATION_CONTEXT(2) 
PARAMETRIC_REPRESENTATION_CONTEXT() REPRESENTATION_CONTEXT('2D SPACE',''
  ) );
#940 = FACE_BOUND('',#941,.F.);
#941 = EDGE_LOOP('',(#942));
#942 = ORIENTED_EDGE('',*,*,#943,.T.);
#943 = EDGE_CURVE('',#944,#944,#946,.T.);
#944 = VERTEX_POINT('',#945);
#945 = CARTESIAN_POINT('',(114.75,1.1434E+03,990.));
#946 = SURFACE_CURVE('',#947,(#952,#963),.PCURVE_S1.);
#947 = CIRCLE('',#948,2.75);
#948 = AXIS2_PLACEMENT_3D('',#949,#950,#951);
#949 = CARTESIAN_POINT('',(112.,1.1434E+03,990.));
#950 = DIRECTION('',(0.,0.,-1.));
#951 = DIRECTION('',(1.,0.,0.));
#952 = PCURVE('',#127,#953);
#953 = DEFINITIONAL_REPRESENTATION('',(#954),#962);
#954 = ( BOUNDED_CURVE() B_SPLINE_CURVE(2,(#955,#956,#957,#958,#959,#960
,#961),.UNSPECIFIED.,.T.,.F.) B_SPLINE_CURVE_WITH_KNOTS((1,2,2,2,2,1),(
    -2.094395102393,0.,2.094395102393,4.188790204786,6.28318530718,
8.377580409573),.UNSPECIFIED.) CURVE() GEOMETRIC_REPRESENTATION_ITEM() 
RATIONAL_B_SPLINE_CURVE((1.,0.5,1.,0.5,1.,0.5,1.)) REPRESENTATION_ITEM(
  '') );
#955 = CARTESIAN_POINT('',(51.75,23.4));
#956 = CARTESIAN_POINT('',(51.75,18.636860279186));
#957 = CARTESIAN_POINT('',(47.625,21.018430139593));
#958 = CARTESIAN_POINT('',(43.5,23.4));
#959 = CARTESIAN_POINT('',(47.625,25.781569860407));
#960 = CARTESIAN_POINT('',(51.75,28.163139720815));
#961 = CARTESIAN_POINT('',(51.75,23.4));
#962 = ( GEOMETRIC_REPRESENTATION_CONTEXT(2) 
PARAMETRIC_REPRESENTATION_CONTEXT() REPRESENTATION_CONTEXT('2D SPACE',''
  ) );
#963 = PCURVE('',#964,#969);
#964 = CYLINDRICAL_SURFACE('',#965,2.75);
#965 = AXIS2_PLACEMENT_3D('',#966,#967,#968);
#966 = CARTESIAN_POINT('',(112.,1.1434E+03,988.));
#967 = DIRECTION('',(-0.,-0.,-1.));
#968 = DIRECTION('',(1.,0.,0.));
#969 = DEFINITIONAL_REPRESENTATION('',(#970),#974);
#970 = LINE('',#971,#972);
#971 = CARTESIAN_POINT('',(-6.28318530718,-2.));
#972 = VECTOR('',#973,1.);
#973 = DIRECTION('',(1.,-0.));
#974 = ( GEOMETRIC_REPRESENTATION_CONTEXT(2) 
PARAMETRIC_REPRESENTATION_CONTEXT() REPRESENTATION_CONTEXT('2D SPACE',''
  ) );
#975 = FACE_BOUND('',#976,.F.);
#976 = EDGE_LOOP('',(#977));
#977 = ORIENTED_EDGE('',*,*,#978,.T.);
#978 = EDGE_CURVE('',#979,#979,#981,.T.);
#979 = VERTEX_POINT('',#980);
#980 = CARTESIAN_POINT('',(75.,1.1554E+03,990.));
#981 = SURFACE_CURVE('',#982,(#987,#998),.PCURVE_S1.);
#982 = CIRCLE('',#983,2.);
#983 = AXIS2_PLACEMENT_3D('',#984,#985,#986);
#984 = CARTESIAN_POINT('',(73.,1.1554E+03,990.));
#985 = DIRECTION('',(0.,0.,-1.));
#986 = DIRECTION('',(1.,0.,0.));
#987 = PCURVE('',#127,#988);
#988 = DEFINITIONAL_REPRESENTATION('',(#989),#997);
#989 = ( BOUNDED_CURVE() B_SPLINE_CURVE(2,(#990,#991,#992,#993,#994,#995
,#996),.UNSPECIFIED.,.T.,.F.) B_SPLINE_CURVE_WITH_KNOTS((1,2,2,2,2,1),(
    -2.094395102393,0.,2.094395102393,4.188790204786,6.28318530718,
8.377580409573),.UNSPECIFIED.) CURVE() GEOMETRIC_REPRESENTATION_ITEM() 
RATIONAL_B_SPLINE_CURVE((1.,0.5,1.,0.5,1.,0.5,1.)) REPRESENTATION_ITEM(
  '') );
#990 = CARTESIAN_POINT('',(12.,35.4));
#991 = CARTESIAN_POINT('',(12.,31.935898384862));
#992 = CARTESIAN_POINT('',(9.,33.667949192431));
#993 = CARTESIAN_POINT('',(6.,35.4));
#994 = CARTESIAN_POINT('',(9.,37.132050807569));
#995 = CARTESIAN_POINT('',(12.,38.864101615138));
#996 = CARTESIAN_POINT('',(12.,35.4));
#997 = ( GEOMETRIC_REPRESENTATION_CONTEXT(2) 
PARAMETRIC_REPRESENTATION_CONTEXT() REPRESENTATION_CONTEXT('2D SPACE',''
  ) );
#998 = PCURVE('',#999,#1004);
#999 = CYLINDRICAL_SURFACE('',#1000,2.);
#1000 = AXIS2_PLACEMENT_3D('',#1001,#1002,#1003);
#1001 = CARTESIAN_POINT('',(73.,1.1554E+03,988.));
#1002 = DIRECTION('',(-0.,-0.,-1.));
#1003 = DIRECTION('',(1.,0.,0.));
#1004 = DEFINITIONAL_REPRESENTATION('',(#1005),#1009);
#1005 = LINE('',#1006,#1007);
#1006 = CARTESIAN_POINT('',(-6.28318530718,-2.));
#1007 = VECTOR('',#1008,1.);
#1008 = DIRECTION('',(1.,-0.));
#1009 = ( GEOMETRIC_REPRESENTATION_CONTEXT(2) 
PARAMETRIC_REPRESENTATION_CONTEXT() REPRESENTATION_CONTEXT('2D SPACE',''
  ) );
#1010 = FACE_BOUND('',#1011,.F.);
#1011 = EDGE_LOOP('',(#1012));
#1012 = ORIENTED_EDGE('',*,*,#1013,.T.);
#1013 = EDGE_CURVE('',#1014,#1014,#1016,.T.);
#1014 = VERTEX_POINT('',#1015);
#1015 = CARTESIAN_POINT('',(75.75,1.1674E+03,990.));
#1016 = SURFACE_CURVE('',#1017,(#1022,#1033),.PCURVE_S1.);
#1017 = CIRCLE('',#1018,2.75);
#1018 = AXIS2_PLACEMENT_3D('',#1019,#1020,#1021);
#1019 = CARTESIAN_POINT('',(73.,1.1674E+03,990.));
#1020 = DIRECTION('',(0.,0.,-1.));
#1021 = DIRECTION('',(1.,0.,0.));
#1022 = PCURVE('',#127,#1023);
#1023 = DEFINITIONAL_REPRESENTATION('',(#1024),#1032);
#1024 = ( BOUNDED_CURVE() B_SPLINE_CURVE(2,(#1025,#1026,#1027,#1028,
#1029,#1030,#1031),.UNSPECIFIED.,.T.,.F.) B_SPLINE_CURVE_WITH_KNOTS((1,2
    ,2,2,2,1),(-2.094395102393,0.,2.094395102393,4.188790204786,
6.28318530718,8.377580409573),.UNSPECIFIED.) CURVE() 
GEOMETRIC_REPRESENTATION_ITEM() RATIONAL_B_SPLINE_CURVE((1.,0.5,1.,0.5,
1.,0.5,1.)) REPRESENTATION_ITEM('') );
#1025 = CARTESIAN_POINT('',(12.75,47.4));
#1026 = CARTESIAN_POINT('',(12.75,42.636860279186));
#1027 = CARTESIAN_POINT('',(8.625,45.018430139593));
#1028 = CARTESIAN_POINT('',(4.5,47.4));
#1029 = CARTESIAN_POINT('',(8.625,49.781569860407));
#1030 = CARTESIAN_POINT('',(12.75,52.163139720815));
#1031 = CARTESIAN_POINT('',(12.75,47.4));
#1032 = ( GEOMETRIC_REPRESENTATION_CONTEXT(2) 
PARAMETRIC_REPRESENTATION_CONTEXT() REPRESENTATION_CONTEXT('2D SPACE',''
  ) );
#1033 = PCURVE('',#1034,#1039);
#1034 = CYLINDRICAL_SURFACE('',#1035,2.75);
#1035 = AXIS2_PLACEMENT_3D('',#1036,#1037,#1038);
#1036 = CARTESIAN_POINT('',(73.,1.1674E+03,988.));
#1037 = DIRECTION('',(-0.,-0.,-1.));
#1038 = DIRECTION('',(1.,0.,0.));
#1039 = DEFINITIONAL_REPRESENTATION('',(#1040),#1044);
#1040 = LINE('',#1041,#1042);
#1041 = CARTESIAN_POINT('',(-6.28318530718,-2.));
#1042 = VECTOR('',#1043,1.);
#1043 = DIRECTION('',(1.,-0.));
#1044 = ( GEOMETRIC_REPRESENTATION_CONTEXT(2) 
PARAMETRIC_REPRESENTATION_CONTEXT() REPRESENTATION_CONTEXT('2D SPACE',''
  ) );
#1045 = FACE_BOUND('',#1046,.F.);
#1046 = EDGE_LOOP('',(#1047));
#1047 = ORIENTED_EDGE('',*,*,#1048,.T.);
#1048 = EDGE_CURVE('',#1049,#1049,#1051,.T.);
#1049 = VERTEX_POINT('',#1050);
#1050 = CARTESIAN_POINT('',(96.,1.1554E+03,990.));
#1051 = SURFACE_CURVE('',#1052,(#1057,#1068),.PCURVE_S1.);
#1052 = CIRCLE('',#1053,6.);
#1053 = AXIS2_PLACEMENT_3D('',#1054,#1055,#1056);
#1054 = CARTESIAN_POINT('',(90.,1.1554E+03,990.));
#1055 = DIRECTION('',(0.,0.,-1.));
#1056 = DIRECTION('',(1.,0.,0.));
#1057 = PCURVE('',#127,#1058);
#1058 = DEFINITIONAL_REPRESENTATION('',(#1059),#1067);
#1059 = ( BOUNDED_CURVE() B_SPLINE_CURVE(2,(#1060,#1061,#1062,#1063,
#1064,#1065,#1066),.UNSPECIFIED.,.T.,.F.) B_SPLINE_CURVE_WITH_KNOTS((1,2
    ,2,2,2,1),(-2.094395102393,0.,2.094395102393,4.188790204786,
6.28318530718,8.377580409573),.UNSPECIFIED.) CURVE() 
GEOMETRIC_REPRESENTATION_ITEM() RATIONAL_B_SPLINE_CURVE((1.,0.5,1.,0.5,
1.,0.5,1.)) REPRESENTATION_ITEM('') );
#1060 = CARTESIAN_POINT('',(33.,35.4));
#1061 = CARTESIAN_POINT('',(33.,25.007695154587));
#1062 = CARTESIAN_POINT('',(24.,30.203847577293));
#1063 = CARTESIAN_POINT('',(15.,35.4));
#1064 = CARTESIAN_POINT('',(24.,40.596152422707));
#1065 = CARTESIAN_POINT('',(33.,45.792304845413));
#1066 = CARTESIAN_POINT('',(33.,35.4));
#1067 = ( GEOMETRIC_REPRESENTATION_CONTEXT(2) 
PARAMETRIC_REPRESENTATION_CONTEXT() REPRESENTATION_CONTEXT('2D SPACE',''
  ) );
#1068 = PCURVE('',#1069,#1074);
#1069 = CYLINDRICAL_SURFACE('',#1070,6.);
#1070 = AXIS2_PLACEMENT_3D('',#1071,#1072,#1073);
#1071 = CARTESIAN_POINT('',(90.,1.1554E+03,988.));
#1072 = DIRECTION('',(-0.,-0.,-1.));
#1073 = DIRECTION('',(1.,0.,0.));
#1074 = DEFINITIONAL_REPRESENTATION('',(#1075),#1079);
#1075 = LINE('',#1076,#1077);
#1076 = CARTESIAN_POINT('',(-6.28318530718,-2.));
#1077 = VECTOR('',#1078,1.);
#1078 = DIRECTION('',(1.,-0.));
#1079 = ( GEOMETRIC_REPRESENTATION_CONTEXT(2) 
PARAMETRIC_REPRESENTATION_CONTEXT() REPRESENTATION_CONTEXT('2D SPACE',''
  ) );
#1080 = FACE_BOUND('',#1081,.F.);
#1081 = EDGE_LOOP('',(#1082));
#1082 = ORIENTED_EDGE('',*,*,#1083,.T.);
#1083 = EDGE_CURVE('',#1084,#1084,#1086,.T.);
#1084 = VERTEX_POINT('',#1085);
#1085 = CARTESIAN_POINT('',(78.3,1.183E+03,990.));
#1086 = SURFACE_CURVE('',#1087,(#1092,#1103),.PCURVE_S1.);
#1087 = CIRCLE('',#1088,3.3);
#1088 = AXIS2_PLACEMENT_3D('',#1089,#1090,#1091);
#1089 = CARTESIAN_POINT('',(75.,1.183E+03,990.));
#1090 = DIRECTION('',(0.,0.,-1.));
#1091 = DIRECTION('',(1.,0.,0.));
#1092 = PCURVE('',#127,#1093);
#1093 = DEFINITIONAL_REPRESENTATION('',(#1094),#1102);
#1094 = ( BOUNDED_CURVE() B_SPLINE_CURVE(2,(#1095,#1096,#1097,#1098,
#1099,#1100,#1101),.UNSPECIFIED.,.T.,.F.) B_SPLINE_CURVE_WITH_KNOTS((1,2
    ,2,2,2,1),(-2.094395102393,0.,2.094395102393,4.188790204786,
6.28318530718,8.377580409573),.UNSPECIFIED.) CURVE() 
GEOMETRIC_REPRESENTATION_ITEM() RATIONAL_B_SPLINE_CURVE((1.,0.5,1.,0.5,
1.,0.5,1.)) REPRESENTATION_ITEM('') );
#1095 = CARTESIAN_POINT('',(15.3,63.));
#1096 = CARTESIAN_POINT('',(15.3,57.284232335023));
#1097 = CARTESIAN_POINT('',(10.35,60.142116167511));
#1098 = CARTESIAN_POINT('',(5.4,63.));
#1099 = CARTESIAN_POINT('',(10.35,65.857883832489));
#1100 = CARTESIAN_POINT('',(15.3,68.715767664977));
#1101 = CARTESIAN_POINT('',(15.3,63.));
#1102 = ( GEOMETRIC_REPRESENTATION_CONTEXT(2) 
PARAMETRIC_REPRESENTATION_CONTEXT() REPRESENTATION_CONTEXT('2D SPACE',''
  ) );
#1103 = PCURVE('',#1104,#1109);
#1104 = CYLINDRICAL_SURFACE('',#1105,3.3);
#1105 = AXIS2_PLACEMENT_3D('',#1106,#1107,#1108);
#1106 = CARTESIAN_POINT('',(75.,1.183E+03,988.));
#1107 = DIRECTION('',(-0.,-0.,-1.));
#1108 = DIRECTION('',(1.,0.,0.));
#1109 = DEFINITIONAL_REPRESENTATION('',(#1110),#1114);
#1110 = LINE('',#1111,#1112);
#1111 = CARTESIAN_POINT('',(-6.28318530718,-2.));
#1112 = VECTOR('',#1113,1.);
#1113 = DIRECTION('',(1.,-0.));
#1114 = ( GEOMETRIC_REPRESENTATION_CONTEXT(2) 
PARAMETRIC_REPRESENTATION_CONTEXT() REPRESENTATION_CONTEXT('2D SPACE',''
  ) );
#1115 = FACE_BOUND('',#1116,.F.);
#1116 = EDGE_LOOP('',(#1117));
#1117 = ORIENTED_EDGE('',*,*,#1118,.T.);
#1118 = EDGE_CURVE('',#1119,#1119,#1121,.T.);
#1119 = VERTEX_POINT('',#1120);
#1120 = CARTESIAN_POINT('',(109.,1.1554E+03,990.));
#1121 = SURFACE_CURVE('',#1122,(#1127,#1138),.PCURVE_S1.);
#1122 = CIRCLE('',#1123,2.);
#1123 = AXIS2_PLACEMENT_3D('',#1124,#1125,#1126);
#1124 = CARTESIAN_POINT('',(107.,1.1554E+03,990.));
#1125 = DIRECTION('',(0.,0.,-1.));
#1126 = DIRECTION('',(1.,0.,0.));
#1127 = PCURVE('',#127,#1128);
#1128 = DEFINITIONAL_REPRESENTATION('',(#1129),#1137);
#1129 = ( BOUNDED_CURVE() B_SPLINE_CURVE(2,(#1130,#1131,#1132,#1133,
#1134,#1135,#1136),.UNSPECIFIED.,.T.,.F.) B_SPLINE_CURVE_WITH_KNOTS((1,2
    ,2,2,2,1),(-2.094395102393,0.,2.094395102393,4.188790204786,
6.28318530718,8.377580409573),.UNSPECIFIED.) CURVE() 
GEOMETRIC_REPRESENTATION_ITEM() RATIONAL_B_SPLINE_CURVE((1.,0.5,1.,0.5,
1.,0.5,1.)) REPRESENTATION_ITEM('') );
#1130 = CARTESIAN_POINT('',(46.,35.4));
#1131 = CARTESIAN_POINT('',(46.,31.935898384862));
#1132 = CARTESIAN_POINT('',(43.,33.667949192431));
#1133 = CARTESIAN_POINT('',(40.,35.4));
#1134 = CARTESIAN_POINT('',(43.,37.132050807569));
#1135 = CARTESIAN_POINT('',(46.,38.864101615138));
#1136 = CARTESIAN_POINT('',(46.,35.4));
#1137 = ( GEOMETRIC_REPRESENTATION_CONTEXT(2) 
PARAMETRIC_REPRESENTATION_CONTEXT() REPRESENTATION_CONTEXT('2D SPACE',''
  ) );
#1138 = PCURVE('',#1139,#1144);
#1139 = CYLINDRICAL_SURFACE('',#1140,2.);
#1140 = AXIS2_PLACEMENT_3D('',#1141,#1142,#1143);
#1141 = CARTESIAN_POINT('',(107.,1.1554E+03,988.));
#1142 = DIRECTION('',(-0.,-0.,-1.));
#1143 = DIRECTION('',(1.,0.,0.));
#1144 = DEFINITIONAL_REPRESENTATION('',(#1145),#1149);
#1145 = LINE('',#1146,#1147);
#1146 = CARTESIAN_POINT('',(-6.28318530718,-2.));
#1147 = VECTOR('',#1148,1.);
#1148 = DIRECTION('',(1.,-0.));
#1149 = ( GEOMETRIC_REPRESENTATION_CONTEXT(2) 
PARAMETRIC_REPRESENTATION_CONTEXT() REPRESENTATION_CONTEXT('2D SPACE',''
  ) );
#1150 = FACE_BOUND('',#1151,.F.);
#1151 = EDGE_LOOP('',(#1152));
#1152 = ORIENTED_EDGE('',*,*,#1153,.T.);
#1153 = EDGE_CURVE('',#1154,#1154,#1156,.T.);
#1154 = VERTEX_POINT('',#1155);
#1155 = CARTESIAN_POINT('',(114.75,1.1674E+03,990.));
#1156 = SURFACE_CURVE('',#1157,(#1162,#1173),.PCURVE_S1.);
#1157 = CIRCLE('',#1158,2.75);
#1158 = AXIS2_PLACEMENT_3D('',#1159,#1160,#1161);
#1159 = CARTESIAN_POINT('',(112.,1.1674E+03,990.));
#1160 = DIRECTION('',(0.,0.,-1.));
#1161 = DIRECTION('',(1.,0.,0.));
#1162 = PCURVE('',#127,#1163);
#1163 = DEFINITIONAL_REPRESENTATION('',(#1164),#1172);
#1164 = ( BOUNDED_CURVE() B_SPLINE_CURVE(2,(#1165,#1166,#1167,#1168,
#1169,#1170,#1171),.UNSPECIFIED.,.T.,.F.) B_SPLINE_CURVE_WITH_KNOTS((1,2
    ,2,2,2,1),(-2.094395102393,0.,2.094395102393,4.188790204786,
6.28318530718,8.377580409573),.UNSPECIFIED.) CURVE() 
GEOMETRIC_REPRESENTATION_ITEM() RATIONAL_B_SPLINE_CURVE((1.,0.5,1.,0.5,
1.,0.5,1.)) REPRESENTATION_ITEM('') );
#1165 = CARTESIAN_POINT('',(51.75,47.4));
#1166 = CARTESIAN_POINT('',(51.75,42.636860279186));
#1167 = CARTESIAN_POINT('',(47.625,45.018430139593));
#1168 = CARTESIAN_POINT('',(43.5,47.4));
#1169 = CARTESIAN_POINT('',(47.625,49.781569860407));
#1170 = CARTESIAN_POINT('',(51.75,52.163139720815));
#1171 = CARTESIAN_POINT('',(51.75,47.4));
#1172 = ( GEOMETRIC_REPRESENTATION_CONTEXT(2) 
PARAMETRIC_REPRESENTATION_CONTEXT() REPRESENTATION_CONTEXT('2D SPACE',''
  ) );
#1173 = PCURVE('',#1174,#1179);
#1174 = CYLINDRICAL_SURFACE('',#1175,2.75);
#1175 = AXIS2_PLACEMENT_3D('',#1176,#1177,#1178);
#1176 = CARTESIAN_POINT('',(112.,1.1674E+03,988.));
#1177 = DIRECTION('',(-0.,-0.,-1.));
#1178 = DIRECTION('',(1.,0.,0.));
#1179 = DEFINITIONAL_REPRESENTATION('',(#1180),#1184);
#1180 = LINE('',#1181,#1182);
#1181 = CARTESIAN_POINT('',(-6.28318530718,-2.));
#1182 = VECTOR('',#1183,1.);
#1183 = DIRECTION('',(1.,-0.));
#1184 = ( GEOMETRIC_REPRESENTATION_CONTEXT(2) 
PARAMETRIC_REPRESENTATION_CONTEXT() REPRESENTATION_CONTEXT('2D SPACE',''
  ) );
#1185 = ADVANCED_FACE('',(#1186),#210,.T.);
#1186 = FACE_BOUND('',#1187,.T.);
#1187 = EDGE_LOOP('',(#1188,#1211,#1212,#1213,#1234,#1255,#1278,#1306,
    #1329,#1350,#1376,#1397));
#1188 = ORIENTED_EDGE('',*,*,#1189,.F.);
#1189 = EDGE_CURVE('',#167,#1190,#1192,.T.);
#1190 = VERTEX_POINT('',#1191);
#1191 = CARTESIAN_POINT('',(1.028E+03,1.133048E+03,956.048));
#1192 = SURFACE_CURVE('',#1193,(#1197,#1204),.PCURVE_S1.);
#1193 = LINE('',#1194,#1195);
#1194 = CARTESIAN_POINT('',(121.,1.133048E+03,956.048));
#1195 = VECTOR('',#1196,1.);
#1196 = DIRECTION('',(1.,0.,0.));
#1197 = PCURVE('',#210,#1198);
#1198 = DEFINITIONAL_REPRESENTATION('',(#1199),#1203);
#1199 = LINE('',#1200,#1201);
#1200 = CARTESIAN_POINT('',(0.,0.));
#1201 = VECTOR('',#1202,1.);
#1202 = DIRECTION('',(0.,1.));
#1203 = ( GEOMETRIC_REPRESENTATION_CONTEXT(2) 
PARAMETRIC_REPRESENTATION_CONTEXT() REPRESENTATION_CONTEXT('2D SPACE',''
  ) );
#1204 = PCURVE('',#182,#1205);
#1205 = DEFINITIONAL_REPRESENTATION('',(#1206),#1210);
#1206 = LINE('',#1207,#1208);
#1207 = CARTESIAN_POINT('',(0.,0.));
#1208 = VECTOR('',#1209,1.);
#1209 = DIRECTION('',(1.,0.));
#1210 = ( GEOMETRIC_REPRESENTATION_CONTEXT(2) 
PARAMETRIC_REPRESENTATION_CONTEXT() REPRESENTATION_CONTEXT('2D SPACE',''
  ) );
#1211 = ORIENTED_EDGE('',*,*,#194,.T.);
#1212 = ORIENTED_EDGE('',*,*,#755,.T.);
#1213 = ORIENTED_EDGE('',*,*,#1214,.F.);
#1214 = EDGE_CURVE('',#1215,#756,#1217,.T.);
#1215 = VERTEX_POINT('',#1216);
#1216 = CARTESIAN_POINT('',(146.35,1.133048E+03,996.35));
#1217 = SURFACE_CURVE('',#1218,(#1222,#1228),.PCURVE_S1.);
#1218 = LINE('',#1219,#1220);
#1219 = CARTESIAN_POINT('',(146.35,1.133048E+03,973.024));
#1220 = VECTOR('',#1221,1.);
#1221 = DIRECTION('',(0.,0.,-1.));
#1222 = PCURVE('',#210,#1223);
#1223 = DEFINITIONAL_REPRESENTATION('',(#1224),#1227);
#1224 = B_SPLINE_CURVE_WITH_KNOTS('',1,(#1225,#1226),.UNSPECIFIED.,.F.,
  .F.,(2,2),(-23.326,-16.976),.PIECEWISE_BEZIER_KNOTS.);
#1225 = CARTESIAN_POINT('',(40.302,25.35));
#1226 = CARTESIAN_POINT('',(33.952,25.35));
#1227 = ( GEOMETRIC_REPRESENTATION_CONTEXT(2) 
PARAMETRIC_REPRESENTATION_CONTEXT() REPRESENTATION_CONTEXT('2D SPACE',''
  ) );
#1228 = PCURVE('',#792,#1229);
#1229 = DEFINITIONAL_REPRESENTATION('',(#1230),#1233);
#1230 = B_SPLINE_CURVE_WITH_KNOTS('',1,(#1231,#1232),.UNSPECIFIED.,.F.,
  .F.,(2,2),(-23.326,-16.976),.PIECEWISE_BEZIER_KNOTS.);
#1231 = CARTESIAN_POINT('',(6.35,-13.048));
#1232 = CARTESIAN_POINT('',(0.,-13.048));
#1233 = ( GEOMETRIC_REPRESENTATION_CONTEXT(2) 
PARAMETRIC_REPRESENTATION_CONTEXT() REPRESENTATION_CONTEXT('2D SPACE',''
  ) );
#1234 = ORIENTED_EDGE('',*,*,#1235,.F.);
#1235 = EDGE_CURVE('',#1236,#1215,#1238,.T.);
#1236 = VERTEX_POINT('',#1237);
#1237 = CARTESIAN_POINT('',(122.,1.133048E+03,996.35));
#1238 = SURFACE_CURVE('',#1239,(#1243,#1249),.PCURVE_S1.);
#1239 = LINE('',#1240,#1241);
#1240 = CARTESIAN_POINT('',(92.,1.133048E+03,996.35));
#1241 = VECTOR('',#1242,1.);
#1242 = DIRECTION('',(1.,0.,0.));
#1243 = PCURVE('',#210,#1244);
#1244 = DEFINITIONAL_REPRESENTATION('',(#1245),#1248);
#1245 = B_SPLINE_CURVE_WITH_KNOTS('',1,(#1246,#1247),.UNSPECIFIED.,.F.,
  .F.,(2,2),(30.,54.35),.PIECEWISE_BEZIER_KNOTS.);
#1246 = CARTESIAN_POINT('',(40.302,1.));
#1247 = CARTESIAN_POINT('',(40.302,25.35));
#1248 = ( GEOMETRIC_REPRESENTATION_CONTEXT(2) 
PARAMETRIC_REPRESENTATION_CONTEXT() REPRESENTATION_CONTEXT('2D SPACE',''
  ) );
#1249 = PCURVE('',#358,#1250);
#1250 = DEFINITIONAL_REPRESENTATION('',(#1251),#1254);
#1251 = B_SPLINE_CURVE_WITH_KNOTS('',1,(#1252,#1253),.UNSPECIFIED.,.F.,
  .F.,(2,2),(30.,54.35),.PIECEWISE_BEZIER_KNOTS.);
#1252 = CARTESIAN_POINT('',(59.,13.048));
#1253 = CARTESIAN_POINT('',(83.35,13.048));
#1254 = ( GEOMETRIC_REPRESENTATION_CONTEXT(2) 
PARAMETRIC_REPRESENTATION_CONTEXT() REPRESENTATION_CONTEXT('2D SPACE',''
  ) );
#1255 = ORIENTED_EDGE('',*,*,#1256,.T.);
#1256 = EDGE_CURVE('',#1236,#1257,#1259,.T.);
#1257 = VERTEX_POINT('',#1258);
#1258 = CARTESIAN_POINT('',(122.,1.133048E+03,1.000752E+03));
#1259 = SURFACE_CURVE('',#1260,(#1264,#1271),.PCURVE_S1.);
#1260 = LINE('',#1261,#1262);
#1261 = CARTESIAN_POINT('',(122.,1.133048E+03,954.524));
#1262 = VECTOR('',#1263,1.);
#1263 = DIRECTION('',(0.,0.,1.));
#1264 = PCURVE('',#210,#1265);
#1265 = DEFINITIONAL_REPRESENTATION('',(#1266),#1270);
#1266 = LINE('',#1267,#1268);
#1267 = CARTESIAN_POINT('',(-1.524,1.));
#1268 = VECTOR('',#1269,1.);
#1269 = DIRECTION('',(1.,0.));
#1270 = ( GEOMETRIC_REPRESENTATION_CONTEXT(2) 
PARAMETRIC_REPRESENTATION_CONTEXT() REPRESENTATION_CONTEXT('2D SPACE',''
  ) );
#1271 = PCURVE('',#385,#1272);
#1272 = DEFINITIONAL_REPRESENTATION('',(#1273),#1277);
#1273 = LINE('',#1274,#1275);
#1274 = CARTESIAN_POINT('',(1.524,-3.048));
#1275 = VECTOR('',#1276,1.);
#1276 = DIRECTION('',(1.,0.));
#1277 = ( GEOMETRIC_REPRESENTATION_CONTEXT(2) 
PARAMETRIC_REPRESENTATION_CONTEXT() REPRESENTATION_CONTEXT('2D SPACE',''
  ) );
#1278 = ORIENTED_EDGE('',*,*,#1279,.T.);
#1279 = EDGE_CURVE('',#1257,#1280,#1282,.T.);
#1280 = VERTEX_POINT('',#1281);
#1281 = CARTESIAN_POINT('',(1.028E+03,1.133048E+03,1.000752E+03));
#1282 = SURFACE_CURVE('',#1283,(#1287,#1294),.PCURVE_S1.);
#1283 = LINE('',#1284,#1285);
#1284 = CARTESIAN_POINT('',(121.,1.133048E+03,1.000752E+03));
#1285 = VECTOR('',#1286,1.);
#1286 = DIRECTION('',(1.,0.,0.));
#1287 = PCURVE('',#210,#1288);
#1288 = DEFINITIONAL_REPRESENTATION('',(#1289),#1293);
#1289 = LINE('',#1290,#1291);
#1290 = CARTESIAN_POINT('',(44.704,0.));
#1291 = VECTOR('',#1292,1.);
#1292 = DIRECTION('',(0.,1.));
#1293 = ( GEOMETRIC_REPRESENTATION_CONTEXT(2) 
PARAMETRIC_REPRESENTATION_CONTEXT() REPRESENTATION_CONTEXT('2D SPACE',''
  ) );
#1294 = PCURVE('',#1295,#1300);
#1295 = PLANE('',#1296);
#1296 = AXIS2_PLACEMENT_3D('',#1297,#1298,#1299);
#1297 = CARTESIAN_POINT('',(121.,1.133048E+03,1.000752E+03));
#1298 = DIRECTION('',(0.,0.,1.));
#1299 = DIRECTION('',(1.,0.,0.));
#1300 = DEFINITIONAL_REPRESENTATION('',(#1301),#1305);
#1301 = LINE('',#1302,#1303);
#1302 = CARTESIAN_POINT('',(0.,0.));
#1303 = VECTOR('',#1304,1.);
#1304 = DIRECTION('',(1.,0.));
#1305 = ( GEOMETRIC_REPRESENTATION_CONTEXT(2) 
PARAMETRIC_REPRESENTATION_CONTEXT() REPRESENTATION_CONTEXT('2D SPACE',''
  ) );
#1306 = ORIENTED_EDGE('',*,*,#1307,.F.);
#1307 = EDGE_CURVE('',#1308,#1280,#1310,.T.);
#1308 = VERTEX_POINT('',#1309);
#1309 = CARTESIAN_POINT('',(1.028E+03,1.133048E+03,996.35));
#1310 = SURFACE_CURVE('',#1311,(#1315,#1322),.PCURVE_S1.);
#1311 = LINE('',#1312,#1313);
#1312 = CARTESIAN_POINT('',(1.028E+03,1.133048E+03,954.524));
#1313 = VECTOR('',#1314,1.);
#1314 = DIRECTION('',(0.,0.,1.));
#1315 = PCURVE('',#210,#1316);
#1316 = DEFINITIONAL_REPRESENTATION('',(#1317),#1321);
#1317 = LINE('',#1318,#1319);
#1318 = CARTESIAN_POINT('',(-1.524,907.));
#1319 = VECTOR('',#1320,1.);
#1320 = DIRECTION('',(1.,0.));
#1321 = ( GEOMETRIC_REPRESENTATION_CONTEXT(2) 
PARAMETRIC_REPRESENTATION_CONTEXT() REPRESENTATION_CONTEXT('2D SPACE',''
  ) );
#1322 = PCURVE('',#441,#1323);
#1323 = DEFINITIONAL_REPRESENTATION('',(#1324),#1328);
#1324 = LINE('',#1325,#1326);
#1325 = CARTESIAN_POINT('',(1.524,-3.048));
#1326 = VECTOR('',#1327,1.);
#1327 = DIRECTION('',(1.,0.));
#1328 = ( GEOMETRIC_REPRESENTATION_CONTEXT(2) 
PARAMETRIC_REPRESENTATION_CONTEXT() REPRESENTATION_CONTEXT('2D SPACE',''
  ) );
#1329 = ORIENTED_EDGE('',*,*,#1330,.F.);
#1330 = EDGE_CURVE('',#1331,#1308,#1333,.T.);
#1331 = VERTEX_POINT('',#1332);
#1332 = CARTESIAN_POINT('',(1.00365E+03,1.133048E+03,996.35));
#1333 = SURFACE_CURVE('',#1334,(#1338,#1344),.PCURVE_S1.);
#1334 = LINE('',#1335,#1336);
#1335 = CARTESIAN_POINT('',(562.325,1.133048E+03,996.35));
#1336 = VECTOR('',#1337,1.);
#1337 = DIRECTION('',(1.,0.,0.));
#1338 = PCURVE('',#210,#1339);
#1339 = DEFINITIONAL_REPRESENTATION('',(#1340),#1343);
#1340 = B_SPLINE_CURVE_WITH_KNOTS('',1,(#1341,#1342),.UNSPECIFIED.,.F.,
  .F.,(2,2),(441.325,465.675),.PIECEWISE_BEZIER_KNOTS.);
#1341 = CARTESIAN_POINT('',(40.302,882.65));
#1342 = CARTESIAN_POINT('',(40.302,907.));
#1343 = ( GEOMETRIC_REPRESENTATION_CONTEXT(2) 
PARAMETRIC_REPRESENTATION_CONTEXT() REPRESENTATION_CONTEXT('2D SPACE',''
  ) );
#1344 = PCURVE('',#468,#1345);
#1345 = DEFINITIONAL_REPRESENTATION('',(#1346),#1349);
#1346 = B_SPLINE_CURVE_WITH_KNOTS('',1,(#1347,#1348),.UNSPECIFIED.,.F.,
  .F.,(2,2),(441.325,465.675),.PIECEWISE_BEZIER_KNOTS.);
#1347 = CARTESIAN_POINT('',(0.,13.048));
#1348 = CARTESIAN_POINT('',(24.35,13.048));
#1349 = ( GEOMETRIC_REPRESENTATION_CONTEXT(2) 
PARAMETRIC_REPRESENTATION_CONTEXT() REPRESENTATION_CONTEXT('2D SPACE',''
  ) );
#1350 = ORIENTED_EDGE('',*,*,#1351,.T.);
#1351 = EDGE_CURVE('',#1331,#1352,#1354,.T.);
#1352 = VERTEX_POINT('',#1353);
#1353 = CARTESIAN_POINT('',(1.00365E+03,1.133048E+03,990.));
#1354 = SURFACE_CURVE('',#1355,(#1359,#1365),.PCURVE_S1.);
#1355 = LINE('',#1356,#1357);
#1356 = CARTESIAN_POINT('',(1.00365E+03,1.133048E+03,973.024));
#1357 = VECTOR('',#1358,1.);
#1358 = DIRECTION('',(0.,0.,-1.));
#1359 = PCURVE('',#210,#1360);
#1360 = DEFINITIONAL_REPRESENTATION('',(#1361),#1364);
#1361 = B_SPLINE_CURVE_WITH_KNOTS('',1,(#1362,#1363),.UNSPECIFIED.,.F.,
  .F.,(2,2),(-23.326,-16.976),.PIECEWISE_BEZIER_KNOTS.);
#1362 = CARTESIAN_POINT('',(40.302,882.65));
#1363 = CARTESIAN_POINT('',(33.952,882.65));
#1364 = ( GEOMETRIC_REPRESENTATION_CONTEXT(2) 
PARAMETRIC_REPRESENTATION_CONTEXT() REPRESENTATION_CONTEXT('2D SPACE',''
  ) );
#1365 = PCURVE('',#1366,#1371);
#1366 = PLANE('',#1367);
#1367 = AXIS2_PLACEMENT_3D('',#1368,#1369,#1370);
#1368 = CARTESIAN_POINT('',(1.00365E+03,1.12E+03,990.));
#1369 = DIRECTION('',(1.,0.,0.));
#1370 = DIRECTION('',(0.,0.,1.));
#1371 = DEFINITIONAL_REPRESENTATION('',(#1372),#1375);
#1372 = B_SPLINE_CURVE_WITH_KNOTS('',1,(#1373,#1374),.UNSPECIFIED.,.F.,
  .F.,(2,2),(-23.326,-16.976),.PIECEWISE_BEZIER_KNOTS.);
#1373 = CARTESIAN_POINT('',(6.35,-13.048));
#1374 = CARTESIAN_POINT('',(0.,-13.048));
#1375 = ( GEOMETRIC_REPRESENTATION_CONTEXT(2) 
PARAMETRIC_REPRESENTATION_CONTEXT() REPRESENTATION_CONTEXT('2D SPACE',''
  ) );
#1376 = ORIENTED_EDGE('',*,*,#1377,.T.);
#1377 = EDGE_CURVE('',#1352,#1378,#1380,.T.);
#1378 = VERTEX_POINT('',#1379);
#1379 = CARTESIAN_POINT('',(1.028E+03,1.133048E+03,990.));
#1380 = SURFACE_CURVE('',#1381,(#1385,#1391),.PCURVE_S1.);
#1381 = LINE('',#1382,#1383);
#1382 = CARTESIAN_POINT('',(562.325,1.133048E+03,990.));
#1383 = VECTOR('',#1384,1.);
#1384 = DIRECTION('',(1.,0.,0.));
#1385 = PCURVE('',#210,#1386);
#1386 = DEFINITIONAL_REPRESENTATION('',(#1387),#1390);
#1387 = B_SPLINE_CURVE_WITH_KNOTS('',1,(#1388,#1389),.UNSPECIFIED.,.F.,
  .F.,(2,2),(441.325,465.675),.PIECEWISE_BEZIER_KNOTS.);
#1388 = CARTESIAN_POINT('',(33.952,882.65));
#1389 = CARTESIAN_POINT('',(33.952,907.));
#1390 = ( GEOMETRIC_REPRESENTATION_CONTEXT(2) 
PARAMETRIC_REPRESENTATION_CONTEXT() REPRESENTATION_CONTEXT('2D SPACE',''
  ) );
#1391 = PCURVE('',#518,#1392);
#1392 = DEFINITIONAL_REPRESENTATION('',(#1393),#1396);
#1393 = B_SPLINE_CURVE_WITH_KNOTS('',1,(#1394,#1395),.UNSPECIFIED.,.F.,
  .F.,(2,2),(441.325,465.675),.PIECEWISE_BEZIER_KNOTS.);
#1394 = CARTESIAN_POINT('',(0.,13.048));
#1395 = CARTESIAN_POINT('',(24.35,13.048));
#1396 = ( GEOMETRIC_REPRESENTATION_CONTEXT(2) 
PARAMETRIC_REPRESENTATION_CONTEXT() REPRESENTATION_CONTEXT('2D SPACE',''
  ) );
#1397 = ORIENTED_EDGE('',*,*,#1398,.F.);
#1398 = EDGE_CURVE('',#1190,#1378,#1399,.T.);
#1399 = SURFACE_CURVE('',#1400,(#1404,#1411),.PCURVE_S1.);
#1400 = LINE('',#1401,#1402);
#1401 = CARTESIAN_POINT('',(1.028E+03,1.133048E+03,954.524));
#1402 = VECTOR('',#1403,1.);
#1403 = DIRECTION('',(0.,0.,1.));
#1404 = PCURVE('',#210,#1405);
#1405 = DEFINITIONAL_REPRESENTATION('',(#1406),#1410);
#1406 = LINE('',#1407,#1408);
#1407 = CARTESIAN_POINT('',(-1.524,907.));
#1408 = VECTOR('',#1409,1.);
#1409 = DIRECTION('',(1.,0.));
#1410 = ( GEOMETRIC_REPRESENTATION_CONTEXT(2) 
PARAMETRIC_REPRESENTATION_CONTEXT() REPRESENTATION_CONTEXT('2D SPACE',''
  ) );
#1411 = PCURVE('',#262,#1412);
#1412 = DEFINITIONAL_REPRESENTATION('',(#1413),#1417);
#1413 = LINE('',#1414,#1415);
#1414 = CARTESIAN_POINT('',(1.524,-3.048));
#1415 = VECTOR('',#1416,1.);
#1416 = DIRECTION('',(1.,0.));
#1417 = ( GEOMETRIC_REPRESENTATION_CONTEXT(2) 
PARAMETRIC_REPRESENTATION_CONTEXT() REPRESENTATION_CONTEXT('2D SPACE',''
  ) );
#1418 = ADVANCED_FACE('',(#1419),#182,.T.);
#1419 = FACE_BOUND('',#1420,.T.);
#1420 = EDGE_LOOP('',(#1421,#1444,#1445,#1446));
#1421 = ORIENTED_EDGE('',*,*,#1422,.F.);
#1422 = EDGE_CURVE('',#139,#1423,#1425,.T.);
#1423 = VERTEX_POINT('',#1424);
#1424 = CARTESIAN_POINT('',(1.028E+03,1.177752E+03,956.048));
#1425 = SURFACE_CURVE('',#1426,(#1430,#1437),.PCURVE_S1.);
#1426 = LINE('',#1427,#1428);
#1427 = CARTESIAN_POINT('',(121.,1.177752E+03,956.048));
#1428 = VECTOR('',#1429,1.);
#1429 = DIRECTION('',(1.,0.,0.));
#1430 = PCURVE('',#182,#1431);
#1431 = DEFINITIONAL_REPRESENTATION('',(#1432),#1436);
#1432 = LINE('',#1433,#1434);
#1433 = CARTESIAN_POINT('',(0.,44.704));
#1434 = VECTOR('',#1435,1.);
#1435 = DIRECTION('',(1.,0.));
#1436 = ( GEOMETRIC_REPRESENTATION_CONTEXT(2) 
PARAMETRIC_REPRESENTATION_CONTEXT() REPRESENTATION_CONTEXT('2D SPACE',''
  ) );
#1437 = PCURVE('',#154,#1438);
#1438 = DEFINITIONAL_REPRESENTATION('',(#1439),#1443);
#1439 = LINE('',#1440,#1441);
#1440 = CARTESIAN_POINT('',(0.,0.));
#1441 = VECTOR('',#1442,1.);
#1442 = DIRECTION('',(0.,1.));
#1443 = ( GEOMETRIC_REPRESENTATION_CONTEXT(2) 
PARAMETRIC_REPRESENTATION_CONTEXT() REPRESENTATION_CONTEXT('2D SPACE',''
  ) );
#1444 = ORIENTED_EDGE('',*,*,#166,.T.);
#1445 = ORIENTED_EDGE('',*,*,#1189,.T.);
#1446 = ORIENTED_EDGE('',*,*,#1447,.F.);
#1447 = EDGE_CURVE('',#1423,#1190,#1448,.T.);
#1448 = SURFACE_CURVE('',#1449,(#1453,#1460),.PCURVE_S1.);
#1449 = LINE('',#1450,#1451);
#1450 = CARTESIAN_POINT('',(1.028E+03,1.131524E+03,956.048));
#1451 = VECTOR('',#1452,1.);
#1452 = DIRECTION('',(0.,-1.,0.));
#1453 = PCURVE('',#182,#1454);
#1454 = DEFINITIONAL_REPRESENTATION('',(#1455),#1459);
#1455 = LINE('',#1456,#1457);
#1456 = CARTESIAN_POINT('',(907.,-1.524));
#1457 = VECTOR('',#1458,1.);
#1458 = DIRECTION('',(0.,-1.));
#1459 = ( GEOMETRIC_REPRESENTATION_CONTEXT(2) 
PARAMETRIC_REPRESENTATION_CONTEXT() REPRESENTATION_CONTEXT('2D SPACE',''
  ) );
#1460 = PCURVE('',#262,#1461);
#1461 = DEFINITIONAL_REPRESENTATION('',(#1462),#1466);
#1462 = LINE('',#1463,#1464);
#1463 = CARTESIAN_POINT('',(3.048,-1.524));
#1464 = VECTOR('',#1465,1.);
#1465 = DIRECTION('',(0.,1.));
#1466 = ( GEOMETRIC_REPRESENTATION_CONTEXT(2) 
PARAMETRIC_REPRESENTATION_CONTEXT() REPRESENTATION_CONTEXT('2D SPACE',''
  ) );
#1467 = ADVANCED_FACE('',(#1468),#154,.F.);
#1468 = FACE_BOUND('',#1469,.F.);
#1469 = EDGE_LOOP('',(#1470,#1471,#1472,#1473,#1494,#1515,#1538,#1561,
    #1584,#1605,#1626,#1647));
#1470 = ORIENTED_EDGE('',*,*,#1422,.F.);
#1471 = ORIENTED_EDGE('',*,*,#138,.T.);
#1472 = ORIENTED_EDGE('',*,*,#804,.T.);
#1473 = ORIENTED_EDGE('',*,*,#1474,.F.);
#1474 = EDGE_CURVE('',#1475,#777,#1477,.T.);
#1475 = VERTEX_POINT('',#1476);
#1476 = CARTESIAN_POINT('',(146.35,1.177752E+03,996.35));
#1477 = SURFACE_CURVE('',#1478,(#1482,#1488),.PCURVE_S1.);
#1478 = LINE('',#1479,#1480);
#1479 = CARTESIAN_POINT('',(146.35,1.177752E+03,973.024));
#1480 = VECTOR('',#1481,1.);
#1481 = DIRECTION('',(0.,0.,-1.));
#1482 = PCURVE('',#154,#1483);
#1483 = DEFINITIONAL_REPRESENTATION('',(#1484),#1487);
#1484 = B_SPLINE_CURVE_WITH_KNOTS('',1,(#1485,#1486),.UNSPECIFIED.,.F.,
  .F.,(2,2),(-23.326,-16.976),.PIECEWISE_BEZIER_KNOTS.);
#1485 = CARTESIAN_POINT('',(40.302,25.35));
#1486 = CARTESIAN_POINT('',(33.952,25.35));
#1487 = ( GEOMETRIC_REPRESENTATION_CONTEXT(2) 
PARAMETRIC_REPRESENTATION_CONTEXT() REPRESENTATION_CONTEXT('2D SPACE',''
  ) );
#1488 = PCURVE('',#792,#1489);
#1489 = DEFINITIONAL_REPRESENTATION('',(#1490),#1493);
#1490 = B_SPLINE_CURVE_WITH_KNOTS('',1,(#1491,#1492),.UNSPECIFIED.,.F.,
  .F.,(2,2),(-23.326,-16.976),.PIECEWISE_BEZIER_KNOTS.);
#1491 = CARTESIAN_POINT('',(6.35,-57.752));
#1492 = CARTESIAN_POINT('',(0.,-57.752));
#1493 = ( GEOMETRIC_REPRESENTATION_CONTEXT(2) 
PARAMETRIC_REPRESENTATION_CONTEXT() REPRESENTATION_CONTEXT('2D SPACE',''
  ) );
#1494 = ORIENTED_EDGE('',*,*,#1495,.F.);
#1495 = EDGE_CURVE('',#1496,#1475,#1498,.T.);
#1496 = VERTEX_POINT('',#1497);
#1497 = CARTESIAN_POINT('',(122.,1.177752E+03,996.35));
#1498 = SURFACE_CURVE('',#1499,(#1503,#1509),.PCURVE_S1.);
#1499 = LINE('',#1500,#1501);
#1500 = CARTESIAN_POINT('',(92.,1.177752E+03,996.35));
#1501 = VECTOR('',#1502,1.);
#1502 = DIRECTION('',(1.,0.,0.));
#1503 = PCURVE('',#154,#1504);
#1504 = DEFINITIONAL_REPRESENTATION('',(#1505),#1508);
#1505 = B_SPLINE_CURVE_WITH_KNOTS('',1,(#1506,#1507),.UNSPECIFIED.,.F.,
  .F.,(2,2),(30.,54.35),.PIECEWISE_BEZIER_KNOTS.);
#1506 = CARTESIAN_POINT('',(40.302,1.));
#1507 = CARTESIAN_POINT('',(40.302,25.35));
#1508 = ( GEOMETRIC_REPRESENTATION_CONTEXT(2) 
PARAMETRIC_REPRESENTATION_CONTEXT() REPRESENTATION_CONTEXT('2D SPACE',''
  ) );
#1509 = PCURVE('',#358,#1510);
#1510 = DEFINITIONAL_REPRESENTATION('',(#1511),#1514);
#1511 = B_SPLINE_CURVE_WITH_KNOTS('',1,(#1512,#1513),.UNSPECIFIED.,.F.,
  .F.,(2,2),(30.,54.35),.PIECEWISE_BEZIER_KNOTS.);
#1512 = CARTESIAN_POINT('',(59.,57.752));
#1513 = CARTESIAN_POINT('',(83.35,57.752));
#1514 = ( GEOMETRIC_REPRESENTATION_CONTEXT(2) 
PARAMETRIC_REPRESENTATION_CONTEXT() REPRESENTATION_CONTEXT('2D SPACE',''
  ) );
#1515 = ORIENTED_EDGE('',*,*,#1516,.T.);
#1516 = EDGE_CURVE('',#1496,#1517,#1519,.T.);
#1517 = VERTEX_POINT('',#1518);
#1518 = CARTESIAN_POINT('',(122.,1.177752E+03,1.000752E+03));
#1519 = SURFACE_CURVE('',#1520,(#1524,#1531),.PCURVE_S1.);
#1520 = LINE('',#1521,#1522);
#1521 = CARTESIAN_POINT('',(122.,1.177752E+03,954.524));
#1522 = VECTOR('',#1523,1.);
#1523 = DIRECTION('',(0.,0.,1.));
#1524 = PCURVE('',#154,#1525);
#1525 = DEFINITIONAL_REPRESENTATION('',(#1526),#1530);
#1526 = LINE('',#1527,#1528);
#1527 = CARTESIAN_POINT('',(-1.524,1.));
#1528 = VECTOR('',#1529,1.);
#1529 = DIRECTION('',(1.,0.));
#1530 = ( GEOMETRIC_REPRESENTATION_CONTEXT(2) 
PARAMETRIC_REPRESENTATION_CONTEXT() REPRESENTATION_CONTEXT('2D SPACE',''
  ) );
#1531 = PCURVE('',#385,#1532);
#1532 = DEFINITIONAL_REPRESENTATION('',(#1533),#1537);
#1533 = LINE('',#1534,#1535);
#1534 = CARTESIAN_POINT('',(1.524,-47.752));
#1535 = VECTOR('',#1536,1.);
#1536 = DIRECTION('',(1.,0.));
#1537 = ( GEOMETRIC_REPRESENTATION_CONTEXT(2) 
PARAMETRIC_REPRESENTATION_CONTEXT() REPRESENTATION_CONTEXT('2D SPACE',''
  ) );
#1538 = ORIENTED_EDGE('',*,*,#1539,.T.);
#1539 = EDGE_CURVE('',#1517,#1540,#1542,.T.);
#1540 = VERTEX_POINT('',#1541);
#1541 = CARTESIAN_POINT('',(1.028E+03,1.177752E+03,1.000752E+03));
#1542 = SURFACE_CURVE('',#1543,(#1547,#1554),.PCURVE_S1.);
#1543 = LINE('',#1544,#1545);
#1544 = CARTESIAN_POINT('',(121.,1.177752E+03,1.000752E+03));
#1545 = VECTOR('',#1546,1.);
#1546 = DIRECTION('',(1.,0.,0.));
#1547 = PCURVE('',#154,#1548);
#1548 = DEFINITIONAL_REPRESENTATION('',(#1549),#1553);
#1549 = LINE('',#1550,#1551);
#1550 = CARTESIAN_POINT('',(44.704,0.));
#1551 = VECTOR('',#1552,1.);
#1552 = DIRECTION('',(0.,1.));
#1553 = ( GEOMETRIC_REPRESENTATION_CONTEXT(2) 
PARAMETRIC_REPRESENTATION_CONTEXT() REPRESENTATION_CONTEXT('2D SPACE',''
  ) );
#1554 = PCURVE('',#1295,#1555);
#1555 = DEFINITIONAL_REPRESENTATION('',(#1556),#1560);
#1556 = LINE('',#1557,#1558);
#1557 = CARTESIAN_POINT('',(0.,44.704));
#1558 = VECTOR('',#1559,1.);
#1559 = DIRECTION('',(1.,0.));
#1560 = ( GEOMETRIC_REPRESENTATION_CONTEXT(2) 
PARAMETRIC_REPRESENTATION_CONTEXT() REPRESENTATION_CONTEXT('2D SPACE',''
  ) );
#1561 = ORIENTED_EDGE('',*,*,#1562,.F.);
#1562 = EDGE_CURVE('',#1563,#1540,#1565,.T.);
#1563 = VERTEX_POINT('',#1564);
#1564 = CARTESIAN_POINT('',(1.028E+03,1.177752E+03,996.35));
#1565 = SURFACE_CURVE('',#1566,(#1570,#1577),.PCURVE_S1.);
#1566 = LINE('',#1567,#1568);
#1567 = CARTESIAN_POINT('',(1.028E+03,1.177752E+03,954.524));
#1568 = VECTOR('',#1569,1.);
#1569 = DIRECTION('',(0.,0.,1.));
#1570 = PCURVE('',#154,#1571);
#1571 = DEFINITIONAL_REPRESENTATION('',(#1572),#1576);
#1572 = LINE('',#1573,#1574);
#1573 = CARTESIAN_POINT('',(-1.524,907.));
#1574 = VECTOR('',#1575,1.);
#1575 = DIRECTION('',(1.,0.));
#1576 = ( GEOMETRIC_REPRESENTATION_CONTEXT(2) 
PARAMETRIC_REPRESENTATION_CONTEXT() REPRESENTATION_CONTEXT('2D SPACE',''
  ) );
#1577 = PCURVE('',#441,#1578);
#1578 = DEFINITIONAL_REPRESENTATION('',(#1579),#1583);
#1579 = LINE('',#1580,#1581);
#1580 = CARTESIAN_POINT('',(1.524,-47.752));
#1581 = VECTOR('',#1582,1.);
#1582 = DIRECTION('',(1.,0.));
#1583 = ( GEOMETRIC_REPRESENTATION_CONTEXT(2) 
PARAMETRIC_REPRESENTATION_CONTEXT() REPRESENTATION_CONTEXT('2D SPACE',''
  ) );
#1584 = ORIENTED_EDGE('',*,*,#1585,.F.);
#1585 = EDGE_CURVE('',#1586,#1563,#1588,.T.);
#1586 = VERTEX_POINT('',#1587);
#1587 = CARTESIAN_POINT('',(1.00365E+03,1.177752E+03,996.35));
#1588 = SURFACE_CURVE('',#1589,(#1593,#1599),.PCURVE_S1.);
#1589 = LINE('',#1590,#1591);
#1590 = CARTESIAN_POINT('',(562.325,1.177752E+03,996.35));
#1591 = VECTOR('',#1592,1.);
#1592 = DIRECTION('',(1.,0.,0.));
#1593 = PCURVE('',#154,#1594);
#1594 = DEFINITIONAL_REPRESENTATION('',(#1595),#1598);
#1595 = B_SPLINE_CURVE_WITH_KNOTS('',1,(#1596,#1597),.UNSPECIFIED.,.F.,
  .F.,(2,2),(441.325,465.675),.PIECEWISE_BEZIER_KNOTS.);
#1596 = CARTESIAN_POINT('',(40.302,882.65));
#1597 = CARTESIAN_POINT('',(40.302,907.));
#1598 = ( GEOMETRIC_REPRESENTATION_CONTEXT(2) 
PARAMETRIC_REPRESENTATION_CONTEXT() REPRESENTATION_CONTEXT('2D SPACE',''
  ) );
#1599 = PCURVE('',#468,#1600);
#1600 = DEFINITIONAL_REPRESENTATION('',(#1601),#1604);
#1601 = B_SPLINE_CURVE_WITH_KNOTS('',1,(#1602,#1603),.UNSPECIFIED.,.F.,
  .F.,(2,2),(441.325,465.675),.PIECEWISE_BEZIER_KNOTS.);
#1602 = CARTESIAN_POINT('',(0.,57.752));
#1603 = CARTESIAN_POINT('',(24.35,57.752));
#1604 = ( GEOMETRIC_REPRESENTATION_CONTEXT(2) 
PARAMETRIC_REPRESENTATION_CONTEXT() REPRESENTATION_CONTEXT('2D SPACE',''
  ) );
#1605 = ORIENTED_EDGE('',*,*,#1606,.T.);
#1606 = EDGE_CURVE('',#1586,#1607,#1609,.T.);
#1607 = VERTEX_POINT('',#1608);
#1608 = CARTESIAN_POINT('',(1.00365E+03,1.177752E+03,990.));
#1609 = SURFACE_CURVE('',#1610,(#1614,#1620),.PCURVE_S1.);
#1610 = LINE('',#1611,#1612);
#1611 = CARTESIAN_POINT('',(1.00365E+03,1.177752E+03,973.024));
#1612 = VECTOR('',#1613,1.);
#1613 = DIRECTION('',(0.,0.,-1.));
#1614 = PCURVE('',#154,#1615);
#1615 = DEFINITIONAL_REPRESENTATION('',(#1616),#1619);
#1616 = B_SPLINE_CURVE_WITH_KNOTS('',1,(#1617,#1618),.UNSPECIFIED.,.F.,
  .F.,(2,2),(-23.326,-16.976),.PIECEWISE_BEZIER_KNOTS.);
#1617 = CARTESIAN_POINT('',(40.302,882.65));
#1618 = CARTESIAN_POINT('',(33.952,882.65));
#1619 = ( GEOMETRIC_REPRESENTATION_CONTEXT(2) 
PARAMETRIC_REPRESENTATION_CONTEXT() REPRESENTATION_CONTEXT('2D SPACE',''
  ) );
#1620 = PCURVE('',#1366,#1621);
#1621 = DEFINITIONAL_REPRESENTATION('',(#1622),#1625);
#1622 = B_SPLINE_CURVE_WITH_KNOTS('',1,(#1623,#1624),.UNSPECIFIED.,.F.,
  .F.,(2,2),(-23.326,-16.976),.PIECEWISE_BEZIER_KNOTS.);
#1623 = CARTESIAN_POINT('',(6.35,-57.752));
#1624 = CARTESIAN_POINT('',(0.,-57.752));
#1625 = ( GEOMETRIC_REPRESENTATION_CONTEXT(2) 
PARAMETRIC_REPRESENTATION_CONTEXT() REPRESENTATION_CONTEXT('2D SPACE',''
  ) );
#1626 = ORIENTED_EDGE('',*,*,#1627,.T.);
#1627 = EDGE_CURVE('',#1607,#1628,#1630,.T.);
#1628 = VERTEX_POINT('',#1629);
#1629 = CARTESIAN_POINT('',(1.028E+03,1.177752E+03,990.));
#1630 = SURFACE_CURVE('',#1631,(#1635,#1641),.PCURVE_S1.);
#1631 = LINE('',#1632,#1633);
#1632 = CARTESIAN_POINT('',(562.325,1.177752E+03,990.));
#1633 = VECTOR('',#1634,1.);
#1634 = DIRECTION('',(1.,0.,0.));
#1635 = PCURVE('',#154,#1636);
#1636 = DEFINITIONAL_REPRESENTATION('',(#1637),#1640);
#1637 = B_SPLINE_CURVE_WITH_KNOTS('',1,(#1638,#1639),.UNSPECIFIED.,.F.,
  .F.,(2,2),(441.325,465.675),.PIECEWISE_BEZIER_KNOTS.);
#1638 = CARTESIAN_POINT('',(33.952,882.65));
#1639 = CARTESIAN_POINT('',(33.952,907.));
#1640 = ( GEOMETRIC_REPRESENTATION_CONTEXT(2) 
PARAMETRIC_REPRESENTATION_CONTEXT() REPRESENTATION_CONTEXT('2D SPACE',''
  ) );
#1641 = PCURVE('',#518,#1642);
#1642 = DEFINITIONAL_REPRESENTATION('',(#1643),#1646);
#1643 = B_SPLINE_CURVE_WITH_KNOTS('',1,(#1644,#1645),.UNSPECIFIED.,.F.,
  .F.,(2,2),(441.325,465.675),.PIECEWISE_BEZIER_KNOTS.);
#1644 = CARTESIAN_POINT('',(0.,57.752));
#1645 = CARTESIAN_POINT('',(24.35,57.752));
#1646 = ( GEOMETRIC_REPRESENTATION_CONTEXT(2) 
PARAMETRIC_REPRESENTATION_CONTEXT() REPRESENTATION_CONTEXT('2D SPACE',''
  ) );
#1647 = ORIENTED_EDGE('',*,*,#1648,.F.);
#1648 = EDGE_CURVE('',#1423,#1628,#1649,.T.);
#1649 = SURFACE_CURVE('',#1650,(#1654,#1661),.PCURVE_S1.);
#1650 = LINE('',#1651,#1652);
#1651 = CARTESIAN_POINT('',(1.028E+03,1.177752E+03,954.524));
#1652 = VECTOR('',#1653,1.);
#1653 = DIRECTION('',(0.,0.,1.));
#1654 = PCURVE('',#154,#1655);
#1655 = DEFINITIONAL_REPRESENTATION('',(#1656),#1660);
#1656 = LINE('',#1657,#1658);
#1657 = CARTESIAN_POINT('',(-1.524,907.));
#1658 = VECTOR('',#1659,1.);
#1659 = DIRECTION('',(1.,0.));
#1660 = ( GEOMETRIC_REPRESENTATION_CONTEXT(2) 
PARAMETRIC_REPRESENTATION_CONTEXT() REPRESENTATION_CONTEXT('2D SPACE',''
  ) );
#1661 = PCURVE('',#262,#1662);
#1662 = DEFINITIONAL_REPRESENTATION('',(#1663),#1667);
#1663 = LINE('',#1664,#1665);
#1664 = CARTESIAN_POINT('',(1.524,-47.752));
#1665 = VECTOR('',#1666,1.);
#1666 = DIRECTION('',(1.,0.));
#1667 = ( GEOMETRIC_REPRESENTATION_CONTEXT(2) 
PARAMETRIC_REPRESENTATION_CONTEXT() REPRESENTATION_CONTEXT('2D SPACE',''
  ) );
#1668 = ADVANCED_FACE('',(#1669),#100,.T.);
#1669 = FACE_BOUND('',#1670,.T.);
#1670 = EDGE_LOOP('',(#1671,#1696,#1717,#1718,#1719,#1740,#1761,#1784,
    #1807,#1830,#1851,#1877));
#1671 = ORIENTED_EDGE('',*,*,#1672,.F.);
#1672 = EDGE_CURVE('',#1673,#1675,#1677,.T.);
#1673 = VERTEX_POINT('',#1674);
#1674 = CARTESIAN_POINT('',(1.028E+03,1.1808E+03,953.));
#1675 = VERTEX_POINT('',#1676);
#1676 = CARTESIAN_POINT('',(1.028E+03,1.1808E+03,990.));
#1677 = SURFACE_CURVE('',#1678,(#1682,#1689),.PCURVE_S1.);
#1678 = LINE('',#1679,#1680);
#1679 = CARTESIAN_POINT('',(1.028E+03,1.1808E+03,953.));
#1680 = VECTOR('',#1681,1.);
#1681 = DIRECTION('',(0.,0.,1.));
#1682 = PCURVE('',#100,#1683);
#1683 = DEFINITIONAL_REPRESENTATION('',(#1684),#1688);
#1684 = LINE('',#1685,#1686);
#1685 = CARTESIAN_POINT('',(0.,906.));
#1686 = VECTOR('',#1687,1.);
#1687 = DIRECTION('',(1.,0.));
#1688 = ( GEOMETRIC_REPRESENTATION_CONTEXT(2) 
PARAMETRIC_REPRESENTATION_CONTEXT() REPRESENTATION_CONTEXT('2D SPACE',''
  ) );
#1689 = PCURVE('',#262,#1690);
#1690 = DEFINITIONAL_REPRESENTATION('',(#1691),#1695);
#1691 = LINE('',#1692,#1693);
#1692 = CARTESIAN_POINT('',(0.,-50.8));
#1693 = VECTOR('',#1694,1.);
#1694 = DIRECTION('',(1.,0.));
#1695 = ( GEOMETRIC_REPRESENTATION_CONTEXT(2) 
PARAMETRIC_REPRESENTATION_CONTEXT() REPRESENTATION_CONTEXT('2D SPACE',''
  ) );
#1696 = ORIENTED_EDGE('',*,*,#1697,.F.);
#1697 = EDGE_CURVE('',#57,#1673,#1698,.T.);
#1698 = SURFACE_CURVE('',#1699,(#1703,#1710),.PCURVE_S1.);
#1699 = LINE('',#1700,#1701);
#1700 = CARTESIAN_POINT('',(122.,1.1808E+03,953.));
#1701 = VECTOR('',#1702,1.);
#1702 = DIRECTION('',(1.,0.,0.));
#1703 = PCURVE('',#100,#1704);
#1704 = DEFINITIONAL_REPRESENTATION('',(#1705),#1709);
#1705 = LINE('',#1706,#1707);
#1706 = CARTESIAN_POINT('',(0.,0.));
#1707 = VECTOR('',#1708,1.);
#1708 = DIRECTION('',(0.,1.));
#1709 = ( GEOMETRIC_REPRESENTATION_CONTEXT(2) 
PARAMETRIC_REPRESENTATION_CONTEXT() REPRESENTATION_CONTEXT('2D SPACE',''
  ) );
#1710 = PCURVE('',#72,#1711);
#1711 = DEFINITIONAL_REPRESENTATION('',(#1712),#1716);
#1712 = LINE('',#1713,#1714);
#1713 = CARTESIAN_POINT('',(0.,50.8));
#1714 = VECTOR('',#1715,1.);
#1715 = DIRECTION('',(1.,0.));
#1716 = ( GEOMETRIC_REPRESENTATION_CONTEXT(2) 
PARAMETRIC_REPRESENTATION_CONTEXT() REPRESENTATION_CONTEXT('2D SPACE',''
  ) );
#1717 = ORIENTED_EDGE('',*,*,#84,.T.);
#1718 = ORIENTED_EDGE('',*,*,#824,.T.);
#1719 = ORIENTED_EDGE('',*,*,#1720,.F.);
#1720 = EDGE_CURVE('',#1721,#825,#1723,.T.);
#1721 = VERTEX_POINT('',#1722);
#1722 = CARTESIAN_POINT('',(146.35,1.1808E+03,996.35));
#1723 = SURFACE_CURVE('',#1724,(#1728,#1734),.PCURVE_S1.);
#1724 = LINE('',#1725,#1726);
#1725 = CARTESIAN_POINT('',(146.35,1.1808E+03,971.5));
#1726 = VECTOR('',#1727,1.);
#1727 = DIRECTION('',(0.,0.,-1.));
#1728 = PCURVE('',#100,#1729);
#1729 = DEFINITIONAL_REPRESENTATION('',(#1730),#1733);
#1730 = B_SPLINE_CURVE_WITH_KNOTS('',1,(#1731,#1732),.UNSPECIFIED.,.F.,
  .F.,(2,2),(-24.85,-18.5),.PIECEWISE_BEZIER_KNOTS.);
#1731 = CARTESIAN_POINT('',(43.35,24.35));
#1732 = CARTESIAN_POINT('',(37.,24.35));
#1733 = ( GEOMETRIC_REPRESENTATION_CONTEXT(2) 
PARAMETRIC_REPRESENTATION_CONTEXT() REPRESENTATION_CONTEXT('2D SPACE',''
  ) );
#1734 = PCURVE('',#859,#1735);
#1735 = DEFINITIONAL_REPRESENTATION('',(#1736),#1739);
#1736 = B_SPLINE_CURVE_WITH_KNOTS('',1,(#1737,#1738),.UNSPECIFIED.,.F.,
  .F.,(2,2),(-24.85,-18.5),.PIECEWISE_BEZIER_KNOTS.);
#1737 = CARTESIAN_POINT('',(6.35,-60.8));
#1738 = CARTESIAN_POINT('',(0.,-60.8));
#1739 = ( GEOMETRIC_REPRESENTATION_CONTEXT(2) 
PARAMETRIC_REPRESENTATION_CONTEXT() REPRESENTATION_CONTEXT('2D SPACE',''
  ) );
#1740 = ORIENTED_EDGE('',*,*,#1741,.F.);
#1741 = EDGE_CURVE('',#1742,#1721,#1744,.T.);
#1742 = VERTEX_POINT('',#1743);
#1743 = CARTESIAN_POINT('',(122.,1.1808E+03,996.35));
#1744 = SURFACE_CURVE('',#1745,(#1749,#1755),.PCURVE_S1.);
#1745 = LINE('',#1746,#1747);
#1746 = CARTESIAN_POINT('',(92.5,1.1808E+03,996.35));
#1747 = VECTOR('',#1748,1.);
#1748 = DIRECTION('',(1.,0.,0.));
#1749 = PCURVE('',#100,#1750);
#1750 = DEFINITIONAL_REPRESENTATION('',(#1751),#1754);
#1751 = B_SPLINE_CURVE_WITH_KNOTS('',1,(#1752,#1753),.UNSPECIFIED.,.F.,
  .F.,(2,2),(29.5,53.85),.PIECEWISE_BEZIER_KNOTS.);
#1752 = CARTESIAN_POINT('',(43.35,0.));
#1753 = CARTESIAN_POINT('',(43.35,24.35));
#1754 = ( GEOMETRIC_REPRESENTATION_CONTEXT(2) 
PARAMETRIC_REPRESENTATION_CONTEXT() REPRESENTATION_CONTEXT('2D SPACE',''
  ) );
#1755 = PCURVE('',#358,#1756);
#1756 = DEFINITIONAL_REPRESENTATION('',(#1757),#1760);
#1757 = B_SPLINE_CURVE_WITH_KNOTS('',1,(#1758,#1759),.UNSPECIFIED.,.F.,
  .F.,(2,2),(29.5,53.85),.PIECEWISE_BEZIER_KNOTS.);
#1758 = CARTESIAN_POINT('',(59.,60.8));
#1759 = CARTESIAN_POINT('',(83.35,60.8));
#1760 = ( GEOMETRIC_REPRESENTATION_CONTEXT(2) 
PARAMETRIC_REPRESENTATION_CONTEXT() REPRESENTATION_CONTEXT('2D SPACE',''
  ) );
#1761 = ORIENTED_EDGE('',*,*,#1762,.T.);
#1762 = EDGE_CURVE('',#1742,#1763,#1765,.T.);
#1763 = VERTEX_POINT('',#1764);
#1764 = CARTESIAN_POINT('',(122.,1.1808E+03,1.0038E+03));
#1765 = SURFACE_CURVE('',#1766,(#1770,#1777),.PCURVE_S1.);
#1766 = LINE('',#1767,#1768);
#1767 = CARTESIAN_POINT('',(122.,1.1808E+03,953.));
#1768 = VECTOR('',#1769,1.);
#1769 = DIRECTION('',(0.,0.,1.));
#1770 = PCURVE('',#100,#1771);
#1771 = DEFINITIONAL_REPRESENTATION('',(#1772),#1776);
#1772 = LINE('',#1773,#1774);
#1773 = CARTESIAN_POINT('',(0.,0.));
#1774 = VECTOR('',#1775,1.);
#1775 = DIRECTION('',(1.,0.));
#1776 = ( GEOMETRIC_REPRESENTATION_CONTEXT(2) 
PARAMETRIC_REPRESENTATION_CONTEXT() REPRESENTATION_CONTEXT('2D SPACE',''
  ) );
#1777 = PCURVE('',#385,#1778);
#1778 = DEFINITIONAL_REPRESENTATION('',(#1779),#1783);
#1779 = LINE('',#1780,#1781);
#1780 = CARTESIAN_POINT('',(0.,-50.8));
#1781 = VECTOR('',#1782,1.);
#1782 = DIRECTION('',(1.,0.));
#1783 = ( GEOMETRIC_REPRESENTATION_CONTEXT(2) 
PARAMETRIC_REPRESENTATION_CONTEXT() REPRESENTATION_CONTEXT('2D SPACE',''
  ) );
#1784 = ORIENTED_EDGE('',*,*,#1785,.T.);
#1785 = EDGE_CURVE('',#1763,#1786,#1788,.T.);
#1786 = VERTEX_POINT('',#1787);
#1787 = CARTESIAN_POINT('',(1.028E+03,1.1808E+03,1.0038E+03));
#1788 = SURFACE_CURVE('',#1789,(#1793,#1800),.PCURVE_S1.);
#1789 = LINE('',#1790,#1791);
#1790 = CARTESIAN_POINT('',(122.,1.1808E+03,1.0038E+03));
#1791 = VECTOR('',#1792,1.);
#1792 = DIRECTION('',(1.,0.,0.));
#1793 = PCURVE('',#100,#1794);
#1794 = DEFINITIONAL_REPRESENTATION('',(#1795),#1799);
#1795 = LINE('',#1796,#1797);
#1796 = CARTESIAN_POINT('',(50.8,0.));
#1797 = VECTOR('',#1798,1.);
#1798 = DIRECTION('',(0.,1.));
#1799 = ( GEOMETRIC_REPRESENTATION_CONTEXT(2) 
PARAMETRIC_REPRESENTATION_CONTEXT() REPRESENTATION_CONTEXT('2D SPACE',''
  ) );
#1800 = PCURVE('',#413,#1801);
#1801 = DEFINITIONAL_REPRESENTATION('',(#1802),#1806);
#1802 = LINE('',#1803,#1804);
#1803 = CARTESIAN_POINT('',(0.,50.8));
#1804 = VECTOR('',#1805,1.);
#1805 = DIRECTION('',(1.,0.));
#1806 = ( GEOMETRIC_REPRESENTATION_CONTEXT(2) 
PARAMETRIC_REPRESENTATION_CONTEXT() REPRESENTATION_CONTEXT('2D SPACE',''
  ) );
#1807 = ORIENTED_EDGE('',*,*,#1808,.F.);
#1808 = EDGE_CURVE('',#1809,#1786,#1811,.T.);
#1809 = VERTEX_POINT('',#1810);
#1810 = CARTESIAN_POINT('',(1.028E+03,1.1808E+03,996.35));
#1811 = SURFACE_CURVE('',#1812,(#1816,#1823),.PCURVE_S1.);
#1812 = LINE('',#1813,#1814);
#1813 = CARTESIAN_POINT('',(1.028E+03,1.1808E+03,953.));
#1814 = VECTOR('',#1815,1.);
#1815 = DIRECTION('',(0.,0.,1.));
#1816 = PCURVE('',#100,#1817);
#1817 = DEFINITIONAL_REPRESENTATION('',(#1818),#1822);
#1818 = LINE('',#1819,#1820);
#1819 = CARTESIAN_POINT('',(0.,906.));
#1820 = VECTOR('',#1821,1.);
#1821 = DIRECTION('',(1.,0.));
#1822 = ( GEOMETRIC_REPRESENTATION_CONTEXT(2) 
PARAMETRIC_REPRESENTATION_CONTEXT() REPRESENTATION_CONTEXT('2D SPACE',''
  ) );
#1823 = PCURVE('',#441,#1824);
#1824 = DEFINITIONAL_REPRESENTATION('',(#1825),#1829);
#1825 = LINE('',#1826,#1827);
#1826 = CARTESIAN_POINT('',(0.,-50.8));
#1827 = VECTOR('',#1828,1.);
#1828 = DIRECTION('',(1.,0.));
#1829 = ( GEOMETRIC_REPRESENTATION_CONTEXT(2) 
PARAMETRIC_REPRESENTATION_CONTEXT() REPRESENTATION_CONTEXT('2D SPACE',''
  ) );
#1830 = ORIENTED_EDGE('',*,*,#1831,.F.);
#1831 = EDGE_CURVE('',#1832,#1809,#1834,.T.);
#1832 = VERTEX_POINT('',#1833);
#1833 = CARTESIAN_POINT('',(1.00365E+03,1.1808E+03,996.35));
#1834 = SURFACE_CURVE('',#1835,(#1839,#1845),.PCURVE_S1.);
#1835 = LINE('',#1836,#1837);
#1836 = CARTESIAN_POINT('',(562.825,1.1808E+03,996.35));
#1837 = VECTOR('',#1838,1.);
#1838 = DIRECTION('',(1.,0.,0.));
#1839 = PCURVE('',#100,#1840);
#1840 = DEFINITIONAL_REPRESENTATION('',(#1841),#1844);
#1841 = B_SPLINE_CURVE_WITH_KNOTS('',1,(#1842,#1843),.UNSPECIFIED.,.F.,
  .F.,(2,2),(440.825,465.175),.PIECEWISE_BEZIER_KNOTS.);
#1842 = CARTESIAN_POINT('',(43.35,881.65));
#1843 = CARTESIAN_POINT('',(43.35,906.));
#1844 = ( GEOMETRIC_REPRESENTATION_CONTEXT(2) 
PARAMETRIC_REPRESENTATION_CONTEXT() REPRESENTATION_CONTEXT('2D SPACE',''
  ) );
#1845 = PCURVE('',#468,#1846);
#1846 = DEFINITIONAL_REPRESENTATION('',(#1847),#1850);
#1847 = B_SPLINE_CURVE_WITH_KNOTS('',1,(#1848,#1849),.UNSPECIFIED.,.F.,
  .F.,(2,2),(440.825,465.175),.PIECEWISE_BEZIER_KNOTS.);
#1848 = CARTESIAN_POINT('',(0.,60.8));
#1849 = CARTESIAN_POINT('',(24.35,60.8));
#1850 = ( GEOMETRIC_REPRESENTATION_CONTEXT(2) 
PARAMETRIC_REPRESENTATION_CONTEXT() REPRESENTATION_CONTEXT('2D SPACE',''
  ) );
#1851 = ORIENTED_EDGE('',*,*,#1852,.T.);
#1852 = EDGE_CURVE('',#1832,#1853,#1855,.T.);
#1853 = VERTEX_POINT('',#1854);
#1854 = CARTESIAN_POINT('',(1.00365E+03,1.1808E+03,990.));
#1855 = SURFACE_CURVE('',#1856,(#1860,#1866),.PCURVE_S1.);
#1856 = LINE('',#1857,#1858);
#1857 = CARTESIAN_POINT('',(1.00365E+03,1.1808E+03,971.5));
#1858 = VECTOR('',#1859,1.);
#1859 = DIRECTION('',(0.,0.,-1.));
#1860 = PCURVE('',#100,#1861);
#1861 = DEFINITIONAL_REPRESENTATION('',(#1862),#1865);
#1862 = B_SPLINE_CURVE_WITH_KNOTS('',1,(#1863,#1864),.UNSPECIFIED.,.F.,
  .F.,(2,2),(-24.85,-18.5),.PIECEWISE_BEZIER_KNOTS.);
#1863 = CARTESIAN_POINT('',(43.35,881.65));
#1864 = CARTESIAN_POINT('',(37.,881.65));
#1865 = ( GEOMETRIC_REPRESENTATION_CONTEXT(2) 
PARAMETRIC_REPRESENTATION_CONTEXT() REPRESENTATION_CONTEXT('2D SPACE',''
  ) );
#1866 = PCURVE('',#1867,#1872);
#1867 = PLANE('',#1868);
#1868 = AXIS2_PLACEMENT_3D('',#1869,#1870,#1871);
#1869 = CARTESIAN_POINT('',(1.00365E+03,1.12E+03,990.));
#1870 = DIRECTION('',(1.,0.,0.));
#1871 = DIRECTION('',(0.,0.,1.));
#1872 = DEFINITIONAL_REPRESENTATION('',(#1873),#1876);
#1873 = B_SPLINE_CURVE_WITH_KNOTS('',1,(#1874,#1875),.UNSPECIFIED.,.F.,
  .F.,(2,2),(-24.85,-18.5),.PIECEWISE_BEZIER_KNOTS.);
#1874 = CARTESIAN_POINT('',(6.35,-60.8));
#1875 = CARTESIAN_POINT('',(0.,-60.8));
#1876 = ( GEOMETRIC_REPRESENTATION_CONTEXT(2) 
PARAMETRIC_REPRESENTATION_CONTEXT() REPRESENTATION_CONTEXT('2D SPACE',''
  ) );
#1877 = ORIENTED_EDGE('',*,*,#1878,.T.);
#1878 = EDGE_CURVE('',#1853,#1675,#1879,.T.);
#1879 = SURFACE_CURVE('',#1880,(#1884,#1890),.PCURVE_S1.);
#1880 = LINE('',#1881,#1882);
#1881 = CARTESIAN_POINT('',(562.825,1.1808E+03,990.));
#1882 = VECTOR('',#1883,1.);
#1883 = DIRECTION('',(1.,0.,0.));
#1884 = PCURVE('',#100,#1885);
#1885 = DEFINITIONAL_REPRESENTATION('',(#1886),#1889);
#1886 = B_SPLINE_CURVE_WITH_KNOTS('',1,(#1887,#1888),.UNSPECIFIED.,.F.,
  .F.,(2,2),(440.825,465.175),.PIECEWISE_BEZIER_KNOTS.);
#1887 = CARTESIAN_POINT('',(37.,881.65));
#1888 = CARTESIAN_POINT('',(37.,906.));
#1889 = ( GEOMETRIC_REPRESENTATION_CONTEXT(2) 
PARAMETRIC_REPRESENTATION_CONTEXT() REPRESENTATION_CONTEXT('2D SPACE',''
  ) );
#1890 = PCURVE('',#518,#1891);
#1891 = DEFINITIONAL_REPRESENTATION('',(#1892),#1895);
#1892 = B_SPLINE_CURVE_WITH_KNOTS('',1,(#1893,#1894),.UNSPECIFIED.,.F.,
  .F.,(2,2),(440.825,465.175),.PIECEWISE_BEZIER_KNOTS.);
#1893 = CARTESIAN_POINT('',(0.,60.8));
#1894 = CARTESIAN_POINT('',(24.35,60.8));
#1895 = ( GEOMETRIC_REPRESENTATION_CONTEXT(2) 
PARAMETRIC_REPRESENTATION_CONTEXT() REPRESENTATION_CONTEXT('2D SPACE',''
  ) );
#1896 = ADVANCED_FACE('',(#1897),#72,.F.);
#1897 = FACE_BOUND('',#1898,.F.);
#1898 = EDGE_LOOP('',(#1899,#1900,#1901,#1922));
#1899 = ORIENTED_EDGE('',*,*,#56,.F.);
#1900 = ORIENTED_EDGE('',*,*,#274,.T.);
#1901 = ORIENTED_EDGE('',*,*,#1902,.T.);
#1902 = EDGE_CURVE('',#245,#1673,#1903,.T.);
#1903 = SURFACE_CURVE('',#1904,(#1908,#1915),.PCURVE_S1.);
#1904 = LINE('',#1905,#1906);
#1905 = CARTESIAN_POINT('',(1.028E+03,1.13E+03,953.));
#1906 = VECTOR('',#1907,1.);
#1907 = DIRECTION('',(0.,1.,0.));
#1908 = PCURVE('',#72,#1909);
#1909 = DEFINITIONAL_REPRESENTATION('',(#1910),#1914);
#1910 = LINE('',#1911,#1912);
#1911 = CARTESIAN_POINT('',(906.,0.));
#1912 = VECTOR('',#1913,1.);
#1913 = DIRECTION('',(0.,1.));
#1914 = ( GEOMETRIC_REPRESENTATION_CONTEXT(2) 
PARAMETRIC_REPRESENTATION_CONTEXT() REPRESENTATION_CONTEXT('2D SPACE',''
  ) );
#1915 = PCURVE('',#262,#1916);
#1916 = DEFINITIONAL_REPRESENTATION('',(#1917),#1921);
#1917 = LINE('',#1918,#1919);
#1918 = CARTESIAN_POINT('',(0.,0.));
#1919 = VECTOR('',#1920,1.);
#1920 = DIRECTION('',(0.,-1.));
#1921 = ( GEOMETRIC_REPRESENTATION_CONTEXT(2) 
PARAMETRIC_REPRESENTATION_CONTEXT() REPRESENTATION_CONTEXT('2D SPACE',''
  ) );
#1922 = ORIENTED_EDGE('',*,*,#1697,.F.);
#1923 = ADVANCED_FACE('',(#1924),#262,.T.);
#1924 = FACE_BOUND('',#1925,.T.);
#1925 = EDGE_LOOP('',(#1926,#1927,#1928,#1929,#1948,#1949,#1950,#1951));
#1926 = ORIENTED_EDGE('',*,*,#244,.F.);
#1927 = ORIENTED_EDGE('',*,*,#1902,.T.);
#1928 = ORIENTED_EDGE('',*,*,#1672,.T.);
#1929 = ORIENTED_EDGE('',*,*,#1930,.T.);
#1930 = EDGE_CURVE('',#1675,#1628,#1931,.T.);
#1931 = SURFACE_CURVE('',#1932,(#1936,#1942),.PCURVE_S1.);
#1932 = LINE('',#1933,#1934);
#1933 = CARTESIAN_POINT('',(1.028E+03,1.125E+03,990.));
#1934 = VECTOR('',#1935,1.);
#1935 = DIRECTION('',(0.,-1.,0.));
#1936 = PCURVE('',#262,#1937);
#1937 = DEFINITIONAL_REPRESENTATION('',(#1938),#1941);
#1938 = B_SPLINE_CURVE_WITH_KNOTS('',1,(#1939,#1940),.UNSPECIFIED.,.F.,
  .F.,(2,2),(-55.8,-5.),.PIECEWISE_BEZIER_KNOTS.);
#1939 = CARTESIAN_POINT('',(37.,-50.8));
#1940 = CARTESIAN_POINT('',(37.,0.));
#1941 = ( GEOMETRIC_REPRESENTATION_CONTEXT(2) 
PARAMETRIC_REPRESENTATION_CONTEXT() REPRESENTATION_CONTEXT('2D SPACE',''
  ) );
#1942 = PCURVE('',#518,#1943);
#1943 = DEFINITIONAL_REPRESENTATION('',(#1944),#1947);
#1944 = B_SPLINE_CURVE_WITH_KNOTS('',1,(#1945,#1946),.UNSPECIFIED.,.F.,
  .F.,(2,2),(-55.8,-5.),.PIECEWISE_BEZIER_KNOTS.);
#1945 = CARTESIAN_POINT('',(24.35,60.8));
#1946 = CARTESIAN_POINT('',(24.35,10.));
#1947 = ( GEOMETRIC_REPRESENTATION_CONTEXT(2) 
PARAMETRIC_REPRESENTATION_CONTEXT() REPRESENTATION_CONTEXT('2D SPACE',''
  ) );
#1948 = ORIENTED_EDGE('',*,*,#1648,.F.);
#1949 = ORIENTED_EDGE('',*,*,#1447,.T.);
#1950 = ORIENTED_EDGE('',*,*,#1398,.T.);
#1951 = ORIENTED_EDGE('',*,*,#1952,.T.);
#1952 = EDGE_CURVE('',#1378,#247,#1953,.T.);
#1953 = SURFACE_CURVE('',#1954,(#1958,#1964),.PCURVE_S1.);
#1954 = LINE('',#1955,#1956);
#1955 = CARTESIAN_POINT('',(1.028E+03,1.125E+03,990.));
#1956 = VECTOR('',#1957,1.);
#1957 = DIRECTION('',(0.,-1.,0.));
#1958 = PCURVE('',#262,#1959);
#1959 = DEFINITIONAL_REPRESENTATION('',(#1960),#1963);
#1960 = B_SPLINE_CURVE_WITH_KNOTS('',1,(#1961,#1962),.UNSPECIFIED.,.F.,
  .F.,(2,2),(-55.8,-5.),.PIECEWISE_BEZIER_KNOTS.);
#1961 = CARTESIAN_POINT('',(37.,-50.8));
#1962 = CARTESIAN_POINT('',(37.,0.));
#1963 = ( GEOMETRIC_REPRESENTATION_CONTEXT(2) 
PARAMETRIC_REPRESENTATION_CONTEXT() REPRESENTATION_CONTEXT('2D SPACE',''
  ) );
#1964 = PCURVE('',#518,#1965);
#1965 = DEFINITIONAL_REPRESENTATION('',(#1966),#1969);
#1966 = B_SPLINE_CURVE_WITH_KNOTS('',1,(#1967,#1968),.UNSPECIFIED.,.F.,
  .F.,(2,2),(-55.8,-5.),.PIECEWISE_BEZIER_KNOTS.);
#1967 = CARTESIAN_POINT('',(24.35,60.8));
#1968 = CARTESIAN_POINT('',(24.35,10.));
#1969 = ( GEOMETRIC_REPRESENTATION_CONTEXT(2) 
PARAMETRIC_REPRESENTATION_CONTEXT() REPRESENTATION_CONTEXT('2D SPACE',''
  ) );
#1970 = ADVANCED_FACE('',(#1971,#2128,#2163,#2198,#2233,#2268,#2303,
    #2338,#2373,#2408),#518,.F.);
#1971 = FACE_BOUND('',#1972,.F.);
#1972 = EDGE_LOOP('',(#1973,#1996,#2024,#2052,#2080,#2101,#2102,#2103,
    #2104,#2125,#2126,#2127));
#1973 = ORIENTED_EDGE('',*,*,#1974,.F.);
#1974 = EDGE_CURVE('',#1975,#480,#1977,.T.);
#1975 = VERTEX_POINT('',#1976);
#1976 = CARTESIAN_POINT('',(1.00365E+03,1.12E+03,990.));
#1977 = SURFACE_CURVE('',#1978,(#1982,#1989),.PCURVE_S1.);
#1978 = LINE('',#1979,#1980);
#1979 = CARTESIAN_POINT('',(1.00365E+03,1.12E+03,990.));
#1980 = VECTOR('',#1981,1.);
#1981 = DIRECTION('',(0.,1.,0.));
#1982 = PCURVE('',#518,#1983);
#1983 = DEFINITIONAL_REPRESENTATION('',(#1984),#1988);
#1984 = LINE('',#1985,#1986);
#1985 = CARTESIAN_POINT('',(0.,0.));
#1986 = VECTOR('',#1987,1.);
#1987 = DIRECTION('',(0.,1.));
#1988 = ( GEOMETRIC_REPRESENTATION_CONTEXT(2) 
PARAMETRIC_REPRESENTATION_CONTEXT() REPRESENTATION_CONTEXT('2D SPACE',''
  ) );
#1989 = PCURVE('',#494,#1990);
#1990 = DEFINITIONAL_REPRESENTATION('',(#1991),#1995);
#1991 = LINE('',#1992,#1993);
#1992 = CARTESIAN_POINT('',(0.,0.));
#1993 = VECTOR('',#1994,1.);
#1994 = DIRECTION('',(0.,-1.));
#1995 = ( GEOMETRIC_REPRESENTATION_CONTEXT(2) 
PARAMETRIC_REPRESENTATION_CONTEXT() REPRESENTATION_CONTEXT('2D SPACE',''
  ) );
#1996 = ORIENTED_EDGE('',*,*,#1997,.T.);
#1997 = EDGE_CURVE('',#1975,#1998,#2000,.T.);
#1998 = VERTEX_POINT('',#1999);
#1999 = CARTESIAN_POINT('',(1.087E+03,1.12E+03,990.));
#2000 = SURFACE_CURVE('',#2001,(#2005,#2012),.PCURVE_S1.);
#2001 = LINE('',#2002,#2003);
#2002 = CARTESIAN_POINT('',(1.00365E+03,1.12E+03,990.));
#2003 = VECTOR('',#2004,1.);
#2004 = DIRECTION('',(1.,0.,0.));
#2005 = PCURVE('',#518,#2006);
#2006 = DEFINITIONAL_REPRESENTATION('',(#2007),#2011);
#2007 = LINE('',#2008,#2009);
#2008 = CARTESIAN_POINT('',(0.,0.));
#2009 = VECTOR('',#2010,1.);
#2010 = DIRECTION('',(1.,0.));
#2011 = ( GEOMETRIC_REPRESENTATION_CONTEXT(2) 
PARAMETRIC_REPRESENTATION_CONTEXT() REPRESENTATION_CONTEXT('2D SPACE',''
  ) );
#2012 = PCURVE('',#2013,#2018);
#2013 = PLANE('',#2014);
#2014 = AXIS2_PLACEMENT_3D('',#2015,#2016,#2017);
#2015 = CARTESIAN_POINT('',(1.00365E+03,1.12E+03,990.));
#2016 = DIRECTION('',(0.,1.,0.));
#2017 = DIRECTION('',(0.,0.,1.));
#2018 = DEFINITIONAL_REPRESENTATION('',(#2019),#2023);
#2019 = LINE('',#2020,#2021);
#2020 = CARTESIAN_POINT('',(0.,0.));
#2021 = VECTOR('',#2022,1.);
#2022 = DIRECTION('',(0.,1.));
#2023 = ( GEOMETRIC_REPRESENTATION_CONTEXT(2) 
PARAMETRIC_REPRESENTATION_CONTEXT() REPRESENTATION_CONTEXT('2D SPACE',''
  ) );
#2024 = ORIENTED_EDGE('',*,*,#2025,.T.);
#2025 = EDGE_CURVE('',#1998,#2026,#2028,.T.);
#2026 = VERTEX_POINT('',#2027);
#2027 = CARTESIAN_POINT('',(1.087E+03,1.19E+03,990.));
#2028 = SURFACE_CURVE('',#2029,(#2033,#2040),.PCURVE_S1.);
#2029 = LINE('',#2030,#2031);
#2030 = CARTESIAN_POINT('',(1.087E+03,1.12E+03,990.));
#2031 = VECTOR('',#2032,1.);
#2032 = DIRECTION('',(0.,1.,0.));
#2033 = PCURVE('',#518,#2034);
#2034 = DEFINITIONAL_REPRESENTATION('',(#2035),#2039);
#2035 = LINE('',#2036,#2037);
#2036 = CARTESIAN_POINT('',(83.35,0.));
#2037 = VECTOR('',#2038,1.);
#2038 = DIRECTION('',(0.,1.));
#2039 = ( GEOMETRIC_REPRESENTATION_CONTEXT(2) 
PARAMETRIC_REPRESENTATION_CONTEXT() REPRESENTATION_CONTEXT('2D SPACE',''
  ) );
#2040 = PCURVE('',#2041,#2046);
#2041 = PLANE('',#2042);
#2042 = AXIS2_PLACEMENT_3D('',#2043,#2044,#2045);
#2043 = CARTESIAN_POINT('',(1.087E+03,1.12E+03,990.));
#2044 = DIRECTION('',(1.,0.,0.));
#2045 = DIRECTION('',(0.,0.,1.));
#2046 = DEFINITIONAL_REPRESENTATION('',(#2047),#2051);
#2047 = LINE('',#2048,#2049);
#2048 = CARTESIAN_POINT('',(0.,0.));
#2049 = VECTOR('',#2050,1.);
#2050 = DIRECTION('',(0.,-1.));
#2051 = ( GEOMETRIC_REPRESENTATION_CONTEXT(2) 
PARAMETRIC_REPRESENTATION_CONTEXT() REPRESENTATION_CONTEXT('2D SPACE',''
  ) );
#2052 = ORIENTED_EDGE('',*,*,#2053,.F.);
#2053 = EDGE_CURVE('',#2054,#2026,#2056,.T.);
#2054 = VERTEX_POINT('',#2055);
#2055 = CARTESIAN_POINT('',(1.00365E+03,1.19E+03,990.));
#2056 = SURFACE_CURVE('',#2057,(#2061,#2068),.PCURVE_S1.);
#2057 = LINE('',#2058,#2059);
#2058 = CARTESIAN_POINT('',(1.00365E+03,1.19E+03,990.));
#2059 = VECTOR('',#2060,1.);
#2060 = DIRECTION('',(1.,0.,0.));
#2061 = PCURVE('',#518,#2062);
#2062 = DEFINITIONAL_REPRESENTATION('',(#2063),#2067);
#2063 = LINE('',#2064,#2065);
#2064 = CARTESIAN_POINT('',(0.,70.));
#2065 = VECTOR('',#2066,1.);
#2066 = DIRECTION('',(1.,0.));
#2067 = ( GEOMETRIC_REPRESENTATION_CONTEXT(2) 
PARAMETRIC_REPRESENTATION_CONTEXT() REPRESENTATION_CONTEXT('2D SPACE',''
  ) );
#2068 = PCURVE('',#2069,#2074);
#2069 = PLANE('',#2070);
#2070 = AXIS2_PLACEMENT_3D('',#2071,#2072,#2073);
#2071 = CARTESIAN_POINT('',(1.00365E+03,1.19E+03,990.));
#2072 = DIRECTION('',(0.,1.,0.));
#2073 = DIRECTION('',(0.,0.,1.));
#2074 = DEFINITIONAL_REPRESENTATION('',(#2075),#2079);
#2075 = LINE('',#2076,#2077);
#2076 = CARTESIAN_POINT('',(0.,0.));
#2077 = VECTOR('',#2078,1.);
#2078 = DIRECTION('',(0.,1.));
#2079 = ( GEOMETRIC_REPRESENTATION_CONTEXT(2) 
PARAMETRIC_REPRESENTATION_CONTEXT() REPRESENTATION_CONTEXT('2D SPACE',''
  ) );
#2080 = ORIENTED_EDGE('',*,*,#2081,.F.);
#2081 = EDGE_CURVE('',#1853,#2054,#2082,.T.);
#2082 = SURFACE_CURVE('',#2083,(#2087,#2094),.PCURVE_S1.);
#2083 = LINE('',#2084,#2085);
#2084 = CARTESIAN_POINT('',(1.00365E+03,1.12E+03,990.));
#2085 = VECTOR('',#2086,1.);
#2086 = DIRECTION('',(0.,1.,0.));
#2087 = PCURVE('',#518,#2088);
#2088 = DEFINITIONAL_REPRESENTATION('',(#2089),#2093);
#2089 = LINE('',#2090,#2091);
#2090 = CARTESIAN_POINT('',(0.,0.));
#2091 = VECTOR('',#2092,1.);
#2092 = DIRECTION('',(0.,1.));
#2093 = ( GEOMETRIC_REPRESENTATION_CONTEXT(2) 
PARAMETRIC_REPRESENTATION_CONTEXT() REPRESENTATION_CONTEXT('2D SPACE',''
  ) );
#2094 = PCURVE('',#1867,#2095);
#2095 = DEFINITIONAL_REPRESENTATION('',(#2096),#2100);
#2096 = LINE('',#2097,#2098);
#2097 = CARTESIAN_POINT('',(0.,0.));
#2098 = VECTOR('',#2099,1.);
#2099 = DIRECTION('',(0.,-1.));
#2100 = ( GEOMETRIC_REPRESENTATION_CONTEXT(2) 
PARAMETRIC_REPRESENTATION_CONTEXT() REPRESENTATION_CONTEXT('2D SPACE',''
  ) );
#2101 = ORIENTED_EDGE('',*,*,#1878,.T.);
#2102 = ORIENTED_EDGE('',*,*,#1930,.T.);
#2103 = ORIENTED_EDGE('',*,*,#1627,.F.);
#2104 = ORIENTED_EDGE('',*,*,#2105,.F.);
#2105 = EDGE_CURVE('',#1352,#1607,#2106,.T.);
#2106 = SURFACE_CURVE('',#2107,(#2111,#2118),.PCURVE_S1.);
#2107 = LINE('',#2108,#2109);
#2108 = CARTESIAN_POINT('',(1.00365E+03,1.12E+03,990.));
#2109 = VECTOR('',#2110,1.);
#2110 = DIRECTION('',(0.,1.,0.));
#2111 = PCURVE('',#518,#2112);
#2112 = DEFINITIONAL_REPRESENTATION('',(#2113),#2117);
#2113 = LINE('',#2114,#2115);
#2114 = CARTESIAN_POINT('',(0.,0.));
#2115 = VECTOR('',#2116,1.);
#2116 = DIRECTION('',(0.,1.));
#2117 = ( GEOMETRIC_REPRESENTATION_CONTEXT(2) 
PARAMETRIC_REPRESENTATION_CONTEXT() REPRESENTATION_CONTEXT('2D SPACE',''
  ) );
#2118 = PCURVE('',#1366,#2119);
#2119 = DEFINITIONAL_REPRESENTATION('',(#2120),#2124);
#2120 = LINE('',#2121,#2122);
#2121 = CARTESIAN_POINT('',(0.,0.));
#2122 = VECTOR('',#2123,1.);
#2123 = DIRECTION('',(0.,-1.));
#2124 = ( GEOMETRIC_REPRESENTATION_CONTEXT(2) 
PARAMETRIC_REPRESENTATION_CONTEXT() REPRESENTATION_CONTEXT('2D SPACE',''
  ) );
#2125 = ORIENTED_EDGE('',*,*,#1377,.T.);
#2126 = ORIENTED_EDGE('',*,*,#1952,.T.);
#2127 = ORIENTED_EDGE('',*,*,#505,.F.);
#2128 = FACE_BOUND('',#2129,.F.);
#2129 = EDGE_LOOP('',(#2130));
#2130 = ORIENTED_EDGE('',*,*,#2131,.T.);
#2131 = EDGE_CURVE('',#2132,#2132,#2134,.T.);
#2132 = VERTEX_POINT('',#2133);
#2133 = CARTESIAN_POINT('',(1.04075E+03,1.1434E+03,990.));
#2134 = SURFACE_CURVE('',#2135,(#2140,#2151),.PCURVE_S1.);
#2135 = CIRCLE('',#2136,2.75);
#2136 = AXIS2_PLACEMENT_3D('',#2137,#2138,#2139);
#2137 = CARTESIAN_POINT('',(1.038E+03,1.1434E+03,990.));
#2138 = DIRECTION('',(0.,0.,-1.));
#2139 = DIRECTION('',(1.,0.,0.));
#2140 = PCURVE('',#518,#2141);
#2141 = DEFINITIONAL_REPRESENTATION('',(#2142),#2150);
#2142 = ( BOUNDED_CURVE() B_SPLINE_CURVE(2,(#2143,#2144,#2145,#2146,
#2147,#2148,#2149),.UNSPECIFIED.,.T.,.F.) B_SPLINE_CURVE_WITH_KNOTS((1,2
    ,2,2,2,1),(-2.094395102393,0.,2.094395102393,4.188790204786,
6.28318530718,8.377580409573),.UNSPECIFIED.) CURVE() 
GEOMETRIC_REPRESENTATION_ITEM() RATIONAL_B_SPLINE_CURVE((1.,0.5,1.,0.5,
1.,0.5,1.)) REPRESENTATION_ITEM('') );
#2143 = CARTESIAN_POINT('',(37.1,23.4));
#2144 = CARTESIAN_POINT('',(37.1,18.636860279186));
#2145 = CARTESIAN_POINT('',(32.975,21.018430139593));
#2146 = CARTESIAN_POINT('',(28.85,23.4));
#2147 = CARTESIAN_POINT('',(32.975,25.781569860407));
#2148 = CARTESIAN_POINT('',(37.1,28.163139720815));
#2149 = CARTESIAN_POINT('',(37.1,23.4));
#2150 = ( GEOMETRIC_REPRESENTATION_CONTEXT(2) 
PARAMETRIC_REPRESENTATION_CONTEXT() REPRESENTATION_CONTEXT('2D SPACE',''
  ) );
#2151 = PCURVE('',#2152,#2157);
#2152 = CYLINDRICAL_SURFACE('',#2153,2.75);
#2153 = AXIS2_PLACEMENT_3D('',#2154,#2155,#2156);
#2154 = CARTESIAN_POINT('',(1.038E+03,1.1434E+03,988.));
#2155 = DIRECTION('',(-0.,-0.,-1.));
#2156 = DIRECTION('',(1.,0.,0.));
#2157 = DEFINITIONAL_REPRESENTATION('',(#2158),#2162);
#2158 = LINE('',#2159,#2160);
#2159 = CARTESIAN_POINT('',(-6.28318530718,-2.));
#2160 = VECTOR('',#2161,1.);
#2161 = DIRECTION('',(1.,-0.));
#2162 = ( GEOMETRIC_REPRESENTATION_CONTEXT(2) 
PARAMETRIC_REPRESENTATION_CONTEXT() REPRESENTATION_CONTEXT('2D SPACE',''
  ) );
#2163 = FACE_BOUND('',#2164,.F.);
#2164 = EDGE_LOOP('',(#2165));
#2165 = ORIENTED_EDGE('',*,*,#2166,.T.);
#2166 = EDGE_CURVE('',#2167,#2167,#2169,.T.);
#2167 = VERTEX_POINT('',#2168);
#2168 = CARTESIAN_POINT('',(1.0783E+03,1.127E+03,990.));
#2169 = SURFACE_CURVE('',#2170,(#2175,#2186),.PCURVE_S1.);
#2170 = CIRCLE('',#2171,3.3);
#2171 = AXIS2_PLACEMENT_3D('',#2172,#2173,#2174);
#2172 = CARTESIAN_POINT('',(1.075E+03,1.127E+03,990.));
#2173 = DIRECTION('',(0.,0.,-1.));
#2174 = DIRECTION('',(1.,0.,0.));
#2175 = PCURVE('',#518,#2176);
#2176 = DEFINITIONAL_REPRESENTATION('',(#2177),#2185);
#2177 = ( BOUNDED_CURVE() B_SPLINE_CURVE(2,(#2178,#2179,#2180,#2181,
#2182,#2183,#2184),.UNSPECIFIED.,.T.,.F.) B_SPLINE_CURVE_WITH_KNOTS((1,2
    ,2,2,2,1),(-2.094395102393,0.,2.094395102393,4.188790204786,
6.28318530718,8.377580409573),.UNSPECIFIED.) CURVE() 
GEOMETRIC_REPRESENTATION_ITEM() RATIONAL_B_SPLINE_CURVE((1.,0.5,1.,0.5,
1.,0.5,1.)) REPRESENTATION_ITEM('') );
#2178 = CARTESIAN_POINT('',(74.65,7.));
#2179 = CARTESIAN_POINT('',(74.65,1.284232335023));
#2180 = CARTESIAN_POINT('',(69.7,4.142116167511));
#2181 = CARTESIAN_POINT('',(64.75,7.));
#2182 = CARTESIAN_POINT('',(69.7,9.857883832489));
#2183 = CARTESIAN_POINT('',(74.65,12.715767664977));
#2184 = CARTESIAN_POINT('',(74.65,7.));
#2185 = ( GEOMETRIC_REPRESENTATION_CONTEXT(2) 
PARAMETRIC_REPRESENTATION_CONTEXT() REPRESENTATION_CONTEXT('2D SPACE',''
  ) );
#2186 = PCURVE('',#2187,#2192);
#2187 = CYLINDRICAL_SURFACE('',#2188,3.3);
#2188 = AXIS2_PLACEMENT_3D('',#2189,#2190,#2191);
#2189 = CARTESIAN_POINT('',(1.075E+03,1.127E+03,988.));
#2190 = DIRECTION('',(-0.,-0.,-1.));
#2191 = DIRECTION('',(1.,0.,0.));
#2192 = DEFINITIONAL_REPRESENTATION('',(#2193),#2197);
#2193 = LINE('',#2194,#2195);
#2194 = CARTESIAN_POINT('',(-6.28318530718,-2.));
#2195 = VECTOR('',#2196,1.);
#2196 = DIRECTION('',(1.,-0.));
#2197 = ( GEOMETRIC_REPRESENTATION_CONTEXT(2) 
PARAMETRIC_REPRESENTATION_CONTEXT() REPRESENTATION_CONTEXT('2D SPACE',''
  ) );
#2198 = FACE_BOUND('',#2199,.F.);
#2199 = EDGE_LOOP('',(#2200));
#2200 = ORIENTED_EDGE('',*,*,#2201,.T.);
#2201 = EDGE_CURVE('',#2202,#2202,#2204,.T.);
#2202 = VERTEX_POINT('',#2203);
#2203 = CARTESIAN_POINT('',(1.07975E+03,1.1434E+03,990.));
#2204 = SURFACE_CURVE('',#2205,(#2210,#2221),.PCURVE_S1.);
#2205 = CIRCLE('',#2206,2.75);
#2206 = AXIS2_PLACEMENT_3D('',#2207,#2208,#2209);
#2207 = CARTESIAN_POINT('',(1.077E+03,1.1434E+03,990.));
#2208 = DIRECTION('',(0.,0.,-1.));
#2209 = DIRECTION('',(1.,0.,0.));
#2210 = PCURVE('',#518,#2211);
#2211 = DEFINITIONAL_REPRESENTATION('',(#2212),#2220);
#2212 = ( BOUNDED_CURVE() B_SPLINE_CURVE(2,(#2213,#2214,#2215,#2216,
#2217,#2218,#2219),.UNSPECIFIED.,.T.,.F.) B_SPLINE_CURVE_WITH_KNOTS((1,2
    ,2,2,2,1),(-2.094395102393,0.,2.094395102393,4.188790204786,
6.28318530718,8.377580409573),.UNSPECIFIED.) CURVE() 
GEOMETRIC_REPRESENTATION_ITEM() RATIONAL_B_SPLINE_CURVE((1.,0.5,1.,0.5,
1.,0.5,1.)) REPRESENTATION_ITEM('') );
#2213 = CARTESIAN_POINT('',(76.1,23.4));
#2214 = CARTESIAN_POINT('',(76.1,18.636860279186));
#2215 = CARTESIAN_POINT('',(71.975,21.018430139593));
#2216 = CARTESIAN_POINT('',(67.85,23.4));
#2217 = CARTESIAN_POINT('',(71.975,25.781569860407));
#2218 = CARTESIAN_POINT('',(76.1,28.163139720815));
#2219 = CARTESIAN_POINT('',(76.1,23.4));
#2220 = ( GEOMETRIC_REPRESENTATION_CONTEXT(2) 
PARAMETRIC_REPRESENTATION_CONTEXT() REPRESENTATION_CONTEXT('2D SPACE',''
  ) );
#2221 = PCURVE('',#2222,#2227);
#2222 = CYLINDRICAL_SURFACE('',#2223,2.75);
#2223 = AXIS2_PLACEMENT_3D('',#2224,#2225,#2226);
#2224 = CARTESIAN_POINT('',(1.077E+03,1.1434E+03,988.));
#2225 = DIRECTION('',(-0.,-0.,-1.));
#2226 = DIRECTION('',(1.,0.,0.));
#2227 = DEFINITIONAL_REPRESENTATION('',(#2228),#2232);
#2228 = LINE('',#2229,#2230);
#2229 = CARTESIAN_POINT('',(-6.28318530718,-2.));
#2230 = VECTOR('',#2231,1.);
#2231 = DIRECTION('',(1.,-0.));
#2232 = ( GEOMETRIC_REPRESENTATION_CONTEXT(2) 
PARAMETRIC_REPRESENTATION_CONTEXT() REPRESENTATION_CONTEXT('2D SPACE',''
  ) );
#2233 = FACE_BOUND('',#2234,.F.);
#2234 = EDGE_LOOP('',(#2235));
#2235 = ORIENTED_EDGE('',*,*,#2236,.T.);
#2236 = EDGE_CURVE('',#2237,#2237,#2239,.T.);
#2237 = VERTEX_POINT('',#2238);
#2238 = CARTESIAN_POINT('',(1.045E+03,1.1554E+03,990.));
#2239 = SURFACE_CURVE('',#2240,(#2245,#2256),.PCURVE_S1.);
#2240 = CIRCLE('',#2241,2.);
#2241 = AXIS2_PLACEMENT_3D('',#2242,#2243,#2244);
#2242 = CARTESIAN_POINT('',(1.043E+03,1.1554E+03,990.));
#2243 = DIRECTION('',(0.,0.,-1.));
#2244 = DIRECTION('',(1.,0.,0.));
#2245 = PCURVE('',#518,#2246);
#2246 = DEFINITIONAL_REPRESENTATION('',(#2247),#2255);
#2247 = ( BOUNDED_CURVE() B_SPLINE_CURVE(2,(#2248,#2249,#2250,#2251,
#2252,#2253,#2254),.UNSPECIFIED.,.T.,.F.) B_SPLINE_CURVE_WITH_KNOTS((1,2
    ,2,2,2,1),(-2.094395102393,0.,2.094395102393,4.188790204786,
6.28318530718,8.377580409573),.UNSPECIFIED.) CURVE() 
GEOMETRIC_REPRESENTATION_ITEM() RATIONAL_B_SPLINE_CURVE((1.,0.5,1.,0.5,
1.,0.5,1.)) REPRESENTATION_ITEM('') );
#2248 = CARTESIAN_POINT('',(41.35,35.4));
#2249 = CARTESIAN_POINT('',(41.35,31.935898384862));
#2250 = CARTESIAN_POINT('',(38.35,33.667949192431));
#2251 = CARTESIAN_POINT('',(35.35,35.4));
#2252 = CARTESIAN_POINT('',(38.35,37.132050807569));
#2253 = CARTESIAN_POINT('',(41.35,38.864101615138));
#2254 = CARTESIAN_POINT('',(41.35,35.4));
#2255 = ( GEOMETRIC_REPRESENTATION_CONTEXT(2) 
PARAMETRIC_REPRESENTATION_CONTEXT() REPRESENTATION_CONTEXT('2D SPACE',''
  ) );
#2256 = PCURVE('',#2257,#2262);
#2257 = CYLINDRICAL_SURFACE('',#2258,2.);
#2258 = AXIS2_PLACEMENT_3D('',#2259,#2260,#2261);
#2259 = CARTESIAN_POINT('',(1.043E+03,1.1554E+03,988.));
#2260 = DIRECTION('',(-0.,-0.,-1.));
#2261 = DIRECTION('',(1.,0.,0.));
#2262 = DEFINITIONAL_REPRESENTATION('',(#2263),#2267);
#2263 = LINE('',#2264,#2265);
#2264 = CARTESIAN_POINT('',(-6.28318530718,-2.));
#2265 = VECTOR('',#2266,1.);
#2266 = DIRECTION('',(1.,-0.));
#2267 = ( GEOMETRIC_REPRESENTATION_CONTEXT(2) 
PARAMETRIC_REPRESENTATION_CONTEXT() REPRESENTATION_CONTEXT('2D SPACE',''
  ) );
#2268 = FACE_BOUND('',#2269,.F.);
#2269 = EDGE_LOOP('',(#2270));
#2270 = ORIENTED_EDGE('',*,*,#2271,.T.);
#2271 = EDGE_CURVE('',#2272,#2272,#2274,.T.);
#2272 = VERTEX_POINT('',#2273);
#2273 = CARTESIAN_POINT('',(1.04075E+03,1.1674E+03,990.));
#2274 = SURFACE_CURVE('',#2275,(#2280,#2291),.PCURVE_S1.);
#2275 = CIRCLE('',#2276,2.75);
#2276 = AXIS2_PLACEMENT_3D('',#2277,#2278,#2279);
#2277 = CARTESIAN_POINT('',(1.038E+03,1.1674E+03,990.));
#2278 = DIRECTION('',(0.,0.,-1.));
#2279 = DIRECTION('',(1.,0.,0.));
#2280 = PCURVE('',#518,#2281);
#2281 = DEFINITIONAL_REPRESENTATION('',(#2282),#2290);
#2282 = ( BOUNDED_CURVE() B_SPLINE_CURVE(2,(#2283,#2284,#2285,#2286,
#2287,#2288,#2289),.UNSPECIFIED.,.T.,.F.) B_SPLINE_CURVE_WITH_KNOTS((1,2
    ,2,2,2,1),(-2.094395102393,0.,2.094395102393,4.188790204786,
6.28318530718,8.377580409573),.UNSPECIFIED.) CURVE() 
GEOMETRIC_REPRESENTATION_ITEM() RATIONAL_B_SPLINE_CURVE((1.,0.5,1.,0.5,
1.,0.5,1.)) REPRESENTATION_ITEM('') );
#2283 = CARTESIAN_POINT('',(37.1,47.4));
#2284 = CARTESIAN_POINT('',(37.1,42.636860279186));
#2285 = CARTESIAN_POINT('',(32.975,45.018430139593));
#2286 = CARTESIAN_POINT('',(28.85,47.4));
#2287 = CARTESIAN_POINT('',(32.975,49.781569860407));
#2288 = CARTESIAN_POINT('',(37.1,52.163139720815));
#2289 = CARTESIAN_POINT('',(37.1,47.4));
#2290 = ( GEOMETRIC_REPRESENTATION_CONTEXT(2) 
PARAMETRIC_REPRESENTATION_CONTEXT() REPRESENTATION_CONTEXT('2D SPACE',''
  ) );
#2291 = PCURVE('',#2292,#2297);
#2292 = CYLINDRICAL_SURFACE('',#2293,2.75);
#2293 = AXIS2_PLACEMENT_3D('',#2294,#2295,#2296);
#2294 = CARTESIAN_POINT('',(1.038E+03,1.1674E+03,988.));
#2295 = DIRECTION('',(-0.,-0.,-1.));
#2296 = DIRECTION('',(1.,0.,0.));
#2297 = DEFINITIONAL_REPRESENTATION('',(#2298),#2302);
#2298 = LINE('',#2299,#2300);
#2299 = CARTESIAN_POINT('',(-6.28318530718,-2.));
#2300 = VECTOR('',#2301,1.);
#2301 = DIRECTION('',(1.,-0.));
#2302 = ( GEOMETRIC_REPRESENTATION_CONTEXT(2) 
PARAMETRIC_REPRESENTATION_CONTEXT() REPRESENTATION_CONTEXT('2D SPACE',''
  ) );
#2303 = FACE_BOUND('',#2304,.F.);
#2304 = EDGE_LOOP('',(#2305));
#2305 = ORIENTED_EDGE('',*,*,#2306,.T.);
#2306 = EDGE_CURVE('',#2307,#2307,#2309,.T.);
#2307 = VERTEX_POINT('',#2308);
#2308 = CARTESIAN_POINT('',(1.066E+03,1.1554E+03,990.));
#2309 = SURFACE_CURVE('',#2310,(#2315,#2326),.PCURVE_S1.);
#2310 = CIRCLE('',#2311,6.);
#2311 = AXIS2_PLACEMENT_3D('',#2312,#2313,#2314);
#2312 = CARTESIAN_POINT('',(1.06E+03,1.1554E+03,990.));
#2313 = DIRECTION('',(0.,0.,-1.));
#2314 = DIRECTION('',(1.,0.,0.));
#2315 = PCURVE('',#518,#2316);
#2316 = DEFINITIONAL_REPRESENTATION('',(#2317),#2325);
#2317 = ( BOUNDED_CURVE() B_SPLINE_CURVE(2,(#2318,#2319,#2320,#2321,
#2322,#2323,#2324),.UNSPECIFIED.,.T.,.F.) B_SPLINE_CURVE_WITH_KNOTS((1,2
    ,2,2,2,1),(-2.094395102393,0.,2.094395102393,4.188790204786,
6.28318530718,8.377580409573),.UNSPECIFIED.) CURVE() 
GEOMETRIC_REPRESENTATION_ITEM() RATIONAL_B_SPLINE_CURVE((1.,0.5,1.,0.5,
1.,0.5,1.)) REPRESENTATION_ITEM('') );
#2318 = CARTESIAN_POINT('',(62.35,35.4));
#2319 = CARTESIAN_POINT('',(62.35,25.007695154587));
#2320 = CARTESIAN_POINT('',(53.35,30.203847577293));
#2321 = CARTESIAN_POINT('',(44.35,35.4));
#2322 = CARTESIAN_POINT('',(53.35,40.596152422707));
#2323 = CARTESIAN_POINT('',(62.35,45.792304845413));
#2324 = CARTESIAN_POINT('',(62.35,35.4));
#2325 = ( GEOMETRIC_REPRESENTATION_CONTEXT(2) 
PARAMETRIC_REPRESENTATION_CONTEXT() REPRESENTATION_CONTEXT('2D SPACE',''
  ) );
#2326 = PCURVE('',#2327,#2332);
#2327 = CYLINDRICAL_SURFACE('',#2328,6.);
#2328 = AXIS2_PLACEMENT_3D('',#2329,#2330,#2331);
#2329 = CARTESIAN_POINT('',(1.06E+03,1.1554E+03,988.));
#2330 = DIRECTION('',(-0.,-0.,-1.));
#2331 = DIRECTION('',(1.,0.,0.));
#2332 = DEFINITIONAL_REPRESENTATION('',(#2333),#2337);
#2333 = LINE('',#2334,#2335);
#2334 = CARTESIAN_POINT('',(-6.28318530718,-2.));
#2335 = VECTOR('',#2336,1.);
#2336 = DIRECTION('',(1.,-0.));
#2337 = ( GEOMETRIC_REPRESENTATION_CONTEXT(2) 
PARAMETRIC_REPRESENTATION_CONTEXT() REPRESENTATION_CONTEXT('2D SPACE',''
  ) );
#2338 = FACE_BOUND('',#2339,.F.);
#2339 = EDGE_LOOP('',(#2340));
#2340 = ORIENTED_EDGE('',*,*,#2341,.T.);
#2341 = EDGE_CURVE('',#2342,#2342,#2344,.T.);
#2342 = VERTEX_POINT('',#2343);
#2343 = CARTESIAN_POINT('',(1.079E+03,1.1554E+03,990.));
#2344 = SURFACE_CURVE('',#2345,(#2350,#2361),.PCURVE_S1.);
#2345 = CIRCLE('',#2346,2.);
#2346 = AXIS2_PLACEMENT_3D('',#2347,#2348,#2349);
#2347 = CARTESIAN_POINT('',(1.077E+03,1.1554E+03,990.));
#2348 = DIRECTION('',(0.,0.,-1.));
#2349 = DIRECTION('',(1.,0.,0.));
#2350 = PCURVE('',#518,#2351);
#2351 = DEFINITIONAL_REPRESENTATION('',(#2352),#2360);
#2352 = ( BOUNDED_CURVE() B_SPLINE_CURVE(2,(#2353,#2354,#2355,#2356,
#2357,#2358,#2359),.UNSPECIFIED.,.T.,.F.) B_SPLINE_CURVE_WITH_KNOTS((1,2
    ,2,2,2,1),(-2.094395102393,0.,2.094395102393,4.188790204786,
6.28318530718,8.377580409573),.UNSPECIFIED.) CURVE() 
GEOMETRIC_REPRESENTATION_ITEM() RATIONAL_B_SPLINE_CURVE((1.,0.5,1.,0.5,
1.,0.5,1.)) REPRESENTATION_ITEM('') );
#2353 = CARTESIAN_POINT('',(75.35,35.4));
#2354 = CARTESIAN_POINT('',(75.35,31.935898384862));
#2355 = CARTESIAN_POINT('',(72.35,33.667949192431));
#2356 = CARTESIAN_POINT('',(69.35,35.4));
#2357 = CARTESIAN_POINT('',(72.35,37.132050807569));
#2358 = CARTESIAN_POINT('',(75.35,38.864101615138));
#2359 = CARTESIAN_POINT('',(75.35,35.4));
#2360 = ( GEOMETRIC_REPRESENTATION_CONTEXT(2) 
PARAMETRIC_REPRESENTATION_CONTEXT() REPRESENTATION_CONTEXT('2D SPACE',''
  ) );
#2361 = PCURVE('',#2362,#2367);
#2362 = CYLINDRICAL_SURFACE('',#2363,2.);
#2363 = AXIS2_PLACEMENT_3D('',#2364,#2365,#2366);
#2364 = CARTESIAN_POINT('',(1.077E+03,1.1554E+03,988.));
#2365 = DIRECTION('',(-0.,-0.,-1.));
#2366 = DIRECTION('',(1.,0.,0.));
#2367 = DEFINITIONAL_REPRESENTATION('',(#2368),#2372);
#2368 = LINE('',#2369,#2370);
#2369 = CARTESIAN_POINT('',(-6.28318530718,-2.));
#2370 = VECTOR('',#2371,1.);
#2371 = DIRECTION('',(1.,-0.));
#2372 = ( GEOMETRIC_REPRESENTATION_CONTEXT(2) 
PARAMETRIC_REPRESENTATION_CONTEXT() REPRESENTATION_CONTEXT('2D SPACE',''
  ) );
#2373 = FACE_BOUND('',#2374,.F.);
#2374 = EDGE_LOOP('',(#2375));
#2375 = ORIENTED_EDGE('',*,*,#2376,.T.);
#2376 = EDGE_CURVE('',#2377,#2377,#2379,.T.);
#2377 = VERTEX_POINT('',#2378);
#2378 = CARTESIAN_POINT('',(1.07975E+03,1.1674E+03,990.));
#2379 = SURFACE_CURVE('',#2380,(#2385,#2396),.PCURVE_S1.);
#2380 = CIRCLE('',#2381,2.75);
#2381 = AXIS2_PLACEMENT_3D('',#2382,#2383,#2384);
#2382 = CARTESIAN_POINT('',(1.077E+03,1.1674E+03,990.));
#2383 = DIRECTION('',(0.,0.,-1.));
#2384 = DIRECTION('',(1.,0.,0.));
#2385 = PCURVE('',#518,#2386);
#2386 = DEFINITIONAL_REPRESENTATION('',(#2387),#2395);
#2387 = ( BOUNDED_CURVE() B_SPLINE_CURVE(2,(#2388,#2389,#2390,#2391,
#2392,#2393,#2394),.UNSPECIFIED.,.T.,.F.) B_SPLINE_CURVE_WITH_KNOTS((1,2
    ,2,2,2,1),(-2.094395102393,0.,2.094395102393,4.188790204786,
6.28318530718,8.377580409573),.UNSPECIFIED.) CURVE() 
GEOMETRIC_REPRESENTATION_ITEM() RATIONAL_B_SPLINE_CURVE((1.,0.5,1.,0.5,
1.,0.5,1.)) REPRESENTATION_ITEM('') );
#2388 = CARTESIAN_POINT('',(76.1,47.4));
#2389 = CARTESIAN_POINT('',(76.1,42.636860279186));
#2390 = CARTESIAN_POINT('',(71.975,45.018430139593));
#2391 = CARTESIAN_POINT('',(67.85,47.4));
#2392 = CARTESIAN_POINT('',(71.975,49.781569860407));
#2393 = CARTESIAN_POINT('',(76.1,52.163139720815));
#2394 = CARTESIAN_POINT('',(76.1,47.4));
#2395 = ( GEOMETRIC_REPRESENTATION_CONTEXT(2) 
PARAMETRIC_REPRESENTATION_CONTEXT() REPRESENTATION_CONTEXT('2D SPACE',''
  ) );
#2396 = PCURVE('',#2397,#2402);
#2397 = CYLINDRICAL_SURFACE('',#2398,2.75);
#2398 = AXIS2_PLACEMENT_3D('',#2399,#2400,#2401);
#2399 = CARTESIAN_POINT('',(1.077E+03,1.1674E+03,988.));
#2400 = DIRECTION('',(-0.,-0.,-1.));
#2401 = DIRECTION('',(1.,0.,0.));
#2402 = DEFINITIONAL_REPRESENTATION('',(#2403),#2407);
#2403 = LINE('',#2404,#2405);
#2404 = CARTESIAN_POINT('',(-6.28318530718,-2.));
#2405 = VECTOR('',#2406,1.);
#2406 = DIRECTION('',(1.,-0.));
#2407 = ( GEOMETRIC_REPRESENTATION_CONTEXT(2) 
PARAMETRIC_REPRESENTATION_CONTEXT() REPRESENTATION_CONTEXT('2D SPACE',''
  ) );
#2408 = FACE_BOUND('',#2409,.F.);
#2409 = EDGE_LOOP('',(#2410));
#2410 = ORIENTED_EDGE('',*,*,#2411,.T.);
#2411 = EDGE_CURVE('',#2412,#2412,#2414,.T.);
#2412 = VERTEX_POINT('',#2413);
#2413 = CARTESIAN_POINT('',(1.0783E+03,1.183E+03,990.));
#2414 = SURFACE_CURVE('',#2415,(#2420,#2431),.PCURVE_S1.);
#2415 = CIRCLE('',#2416,3.3);
#2416 = AXIS2_PLACEMENT_3D('',#2417,#2418,#2419);
#2417 = CARTESIAN_POINT('',(1.075E+03,1.183E+03,990.));
#2418 = DIRECTION('',(0.,0.,-1.));
#2419 = DIRECTION('',(1.,0.,0.));
#2420 = PCURVE('',#518,#2421);
#2421 = DEFINITIONAL_REPRESENTATION('',(#2422),#2430);
#2422 = ( BOUNDED_CURVE() B_SPLINE_CURVE(2,(#2423,#2424,#2425,#2426,
#2427,#2428,#2429),.UNSPECIFIED.,.T.,.F.) B_SPLINE_CURVE_WITH_KNOTS((1,2
    ,2,2,2,1),(-2.094395102393,0.,2.094395102393,4.188790204786,
6.28318530718,8.377580409573),.UNSPECIFIED.) CURVE() 
GEOMETRIC_REPRESENTATION_ITEM() RATIONAL_B_SPLINE_CURVE((1.,0.5,1.,0.5,
1.,0.5,1.)) REPRESENTATION_ITEM('') );
#2423 = CARTESIAN_POINT('',(74.65,63.));
#2424 = CARTESIAN_POINT('',(74.65,57.284232335023));
#2425 = CARTESIAN_POINT('',(69.7,60.142116167511));
#2426 = CARTESIAN_POINT('',(64.75,63.));
#2427 = CARTESIAN_POINT('',(69.7,65.857883832489));
#2428 = CARTESIAN_POINT('',(74.65,68.715767664977));
#2429 = CARTESIAN_POINT('',(74.65,63.));
#2430 = ( GEOMETRIC_REPRESENTATION_CONTEXT(2) 
PARAMETRIC_REPRESENTATION_CONTEXT() REPRESENTATION_CONTEXT('2D SPACE',''
  ) );
#2431 = PCURVE('',#2432,#2437);
#2432 = CYLINDRICAL_SURFACE('',#2433,3.3);
#2433 = AXIS2_PLACEMENT_3D('',#2434,#2435,#2436);
#2434 = CARTESIAN_POINT('',(1.075E+03,1.183E+03,988.));
#2435 = DIRECTION('',(-0.,-0.,-1.));
#2436 = DIRECTION('',(1.,0.,0.));
#2437 = DEFINITIONAL_REPRESENTATION('',(#2438),#2442);
#2438 = LINE('',#2439,#2440);
#2439 = CARTESIAN_POINT('',(-6.28318530718,-2.));
#2440 = VECTOR('',#2441,1.);
#2441 = DIRECTION('',(1.,-0.));
#2442 = ( GEOMETRIC_REPRESENTATION_CONTEXT(2) 
PARAMETRIC_REPRESENTATION_CONTEXT() REPRESENTATION_CONTEXT('2D SPACE',''
  ) );
#2443 = ADVANCED_FACE('',(#2444),#494,.F.);
#2444 = FACE_BOUND('',#2445,.F.);
#2445 = EDGE_LOOP('',(#2446,#2469,#2490,#2491));
#2446 = ORIENTED_EDGE('',*,*,#2447,.F.);
#2447 = EDGE_CURVE('',#2448,#454,#2450,.T.);
#2448 = VERTEX_POINT('',#2449);
#2449 = CARTESIAN_POINT('',(1.00365E+03,1.12E+03,996.35));
#2450 = SURFACE_CURVE('',#2451,(#2455,#2462),.PCURVE_S1.);
#2451 = LINE('',#2452,#2453);
#2452 = CARTESIAN_POINT('',(1.00365E+03,1.12E+03,996.35));
#2453 = VECTOR('',#2454,1.);
#2454 = DIRECTION('',(0.,1.,0.));
#2455 = PCURVE('',#494,#2456);
#2456 = DEFINITIONAL_REPRESENTATION('',(#2457),#2461);
#2457 = LINE('',#2458,#2459);
#2458 = CARTESIAN_POINT('',(6.35,0.));
#2459 = VECTOR('',#2460,1.);
#2460 = DIRECTION('',(0.,-1.));
#2461 = ( GEOMETRIC_REPRESENTATION_CONTEXT(2) 
PARAMETRIC_REPRESENTATION_CONTEXT() REPRESENTATION_CONTEXT('2D SPACE',''
  ) );
#2462 = PCURVE('',#468,#2463);
#2463 = DEFINITIONAL_REPRESENTATION('',(#2464),#2468);
#2464 = LINE('',#2465,#2466);
#2465 = CARTESIAN_POINT('',(0.,0.));
#2466 = VECTOR('',#2467,1.);
#2467 = DIRECTION('',(0.,1.));
#2468 = ( GEOMETRIC_REPRESENTATION_CONTEXT(2) 
PARAMETRIC_REPRESENTATION_CONTEXT() REPRESENTATION_CONTEXT('2D SPACE',''
  ) );
#2469 = ORIENTED_EDGE('',*,*,#2470,.F.);
#2470 = EDGE_CURVE('',#1975,#2448,#2471,.T.);
#2471 = SURFACE_CURVE('',#2472,(#2476,#2483),.PCURVE_S1.);
#2472 = LINE('',#2473,#2474);
#2473 = CARTESIAN_POINT('',(1.00365E+03,1.12E+03,990.));
#2474 = VECTOR('',#2475,1.);
#2475 = DIRECTION('',(0.,0.,1.));
#2476 = PCURVE('',#494,#2477);
#2477 = DEFINITIONAL_REPRESENTATION('',(#2478),#2482);
#2478 = LINE('',#2479,#2480);
#2479 = CARTESIAN_POINT('',(0.,0.));
#2480 = VECTOR('',#2481,1.);
#2481 = DIRECTION('',(1.,0.));
#2482 = ( GEOMETRIC_REPRESENTATION_CONTEXT(2) 
PARAMETRIC_REPRESENTATION_CONTEXT() REPRESENTATION_CONTEXT('2D SPACE',''
  ) );
#2483 = PCURVE('',#2013,#2484);
#2484 = DEFINITIONAL_REPRESENTATION('',(#2485),#2489);
#2485 = LINE('',#2486,#2487);
#2486 = CARTESIAN_POINT('',(0.,0.));
#2487 = VECTOR('',#2488,1.);
#2488 = DIRECTION('',(1.,0.));
#2489 = ( GEOMETRIC_REPRESENTATION_CONTEXT(2) 
PARAMETRIC_REPRESENTATION_CONTEXT() REPRESENTATION_CONTEXT('2D SPACE',''
  ) );
#2490 = ORIENTED_EDGE('',*,*,#1974,.T.);
#2491 = ORIENTED_EDGE('',*,*,#479,.F.);
#2492 = ADVANCED_FACE('',(#2493,#2649,#2679,#2709,#2739,#2769,#2799,
    #2829,#2859,#2889),#468,.T.);
#2493 = FACE_BOUND('',#2494,.T.);
#2494 = EDGE_LOOP('',(#2495,#2496,#2519,#2542,#2565,#2586,#2587,#2606,
    #2607,#2628,#2629,#2648));
#2495 = ORIENTED_EDGE('',*,*,#2447,.F.);
#2496 = ORIENTED_EDGE('',*,*,#2497,.T.);
#2497 = EDGE_CURVE('',#2448,#2498,#2500,.T.);
#2498 = VERTEX_POINT('',#2499);
#2499 = CARTESIAN_POINT('',(1.087E+03,1.12E+03,996.35));
#2500 = SURFACE_CURVE('',#2501,(#2505,#2512),.PCURVE_S1.);
#2501 = LINE('',#2502,#2503);
#2502 = CARTESIAN_POINT('',(1.00365E+03,1.12E+03,996.35));
#2503 = VECTOR('',#2504,1.);
#2504 = DIRECTION('',(1.,0.,0.));
#2505 = PCURVE('',#468,#2506);
#2506 = DEFINITIONAL_REPRESENTATION('',(#2507),#2511);
#2507 = LINE('',#2508,#2509);
#2508 = CARTESIAN_POINT('',(0.,0.));
#2509 = VECTOR('',#2510,1.);
#2510 = DIRECTION('',(1.,0.));
#2511 = ( GEOMETRIC_REPRESENTATION_CONTEXT(2) 
PARAMETRIC_REPRESENTATION_CONTEXT() REPRESENTATION_CONTEXT('2D SPACE',''
  ) );
#2512 = PCURVE('',#2013,#2513);
#2513 = DEFINITIONAL_REPRESENTATION('',(#2514),#2518);
#2514 = LINE('',#2515,#2516);
#2515 = CARTESIAN_POINT('',(6.35,0.));
#2516 = VECTOR('',#2517,1.);
#2517 = DIRECTION('',(0.,1.));
#2518 = ( GEOMETRIC_REPRESENTATION_CONTEXT(2) 
PARAMETRIC_REPRESENTATION_CONTEXT() REPRESENTATION_CONTEXT('2D SPACE',''
  ) );
#2519 = ORIENTED_EDGE('',*,*,#2520,.T.);
#2520 = EDGE_CURVE('',#2498,#2521,#2523,.T.);
#2521 = VERTEX_POINT('',#2522);
#2522 = CARTESIAN_POINT('',(1.087E+03,1.19E+03,996.35));
#2523 = SURFACE_CURVE('',#2524,(#2528,#2535),.PCURVE_S1.);
#2524 = LINE('',#2525,#2526);
#2525 = CARTESIAN_POINT('',(1.087E+03,1.12E+03,996.35));
#2526 = VECTOR('',#2527,1.);
#2527 = DIRECTION('',(0.,1.,0.));
#2528 = PCURVE('',#468,#2529);
#2529 = DEFINITIONAL_REPRESENTATION('',(#2530),#2534);
#2530 = LINE('',#2531,#2532);
#2531 = CARTESIAN_POINT('',(83.35,0.));
#2532 = VECTOR('',#2533,1.);
#2533 = DIRECTION('',(0.,1.));
#2534 = ( GEOMETRIC_REPRESENTATION_CONTEXT(2) 
PARAMETRIC_REPRESENTATION_CONTEXT() REPRESENTATION_CONTEXT('2D SPACE',''
  ) );
#2535 = PCURVE('',#2041,#2536);
#2536 = DEFINITIONAL_REPRESENTATION('',(#2537),#2541);
#2537 = LINE('',#2538,#2539);
#2538 = CARTESIAN_POINT('',(6.35,0.));
#2539 = VECTOR('',#2540,1.);
#2540 = DIRECTION('',(0.,-1.));
#2541 = ( GEOMETRIC_REPRESENTATION_CONTEXT(2) 
PARAMETRIC_REPRESENTATION_CONTEXT() REPRESENTATION_CONTEXT('2D SPACE',''
  ) );
#2542 = ORIENTED_EDGE('',*,*,#2543,.F.);
#2543 = EDGE_CURVE('',#2544,#2521,#2546,.T.);
#2544 = VERTEX_POINT('',#2545);
#2545 = CARTESIAN_POINT('',(1.00365E+03,1.19E+03,996.35));
#2546 = SURFACE_CURVE('',#2547,(#2551,#2558),.PCURVE_S1.);
#2547 = LINE('',#2548,#2549);
#2548 = CARTESIAN_POINT('',(1.00365E+03,1.19E+03,996.35));
#2549 = VECTOR('',#2550,1.);
#2550 = DIRECTION('',(1.,0.,0.));
#2551 = PCURVE('',#468,#2552);
#2552 = DEFINITIONAL_REPRESENTATION('',(#2553),#2557);
#2553 = LINE('',#2554,#2555);
#2554 = CARTESIAN_POINT('',(0.,70.));
#2555 = VECTOR('',#2556,1.);
#2556 = DIRECTION('',(1.,0.));
#2557 = ( GEOMETRIC_REPRESENTATION_CONTEXT(2) 
PARAMETRIC_REPRESENTATION_CONTEXT() REPRESENTATION_CONTEXT('2D SPACE',''
  ) );
#2558 = PCURVE('',#2069,#2559);
#2559 = DEFINITIONAL_REPRESENTATION('',(#2560),#2564);
#2560 = LINE('',#2561,#2562);
#2561 = CARTESIAN_POINT('',(6.35,0.));
#2562 = VECTOR('',#2563,1.);
#2563 = DIRECTION('',(0.,1.));
#2564 = ( GEOMETRIC_REPRESENTATION_CONTEXT(2) 
PARAMETRIC_REPRESENTATION_CONTEXT() REPRESENTATION_CONTEXT('2D SPACE',''
  ) );
#2565 = ORIENTED_EDGE('',*,*,#2566,.F.);
#2566 = EDGE_CURVE('',#1832,#2544,#2567,.T.);
#2567 = SURFACE_CURVE('',#2568,(#2572,#2579),.PCURVE_S1.);
#2568 = LINE('',#2569,#2570);
#2569 = CARTESIAN_POINT('',(1.00365E+03,1.12E+03,996.35));
#2570 = VECTOR('',#2571,1.);
#2571 = DIRECTION('',(0.,1.,0.));
#2572 = PCURVE('',#468,#2573);
#2573 = DEFINITIONAL_REPRESENTATION('',(#2574),#2578);
#2574 = LINE('',#2575,#2576);
#2575 = CARTESIAN_POINT('',(0.,0.));
#2576 = VECTOR('',#2577,1.);
#2577 = DIRECTION('',(0.,1.));
#2578 = ( GEOMETRIC_REPRESENTATION_CONTEXT(2) 
PARAMETRIC_REPRESENTATION_CONTEXT() REPRESENTATION_CONTEXT('2D SPACE',''
  ) );
#2579 = PCURVE('',#1867,#2580);
#2580 = DEFINITIONAL_REPRESENTATION('',(#2581),#2585);
#2581 = LINE('',#2582,#2583);
#2582 = CARTESIAN_POINT('',(6.35,0.));
#2583 = VECTOR('',#2584,1.);
#2584 = DIRECTION('',(0.,-1.));
#2585 = ( GEOMETRIC_REPRESENTATION_CONTEXT(2) 
PARAMETRIC_REPRESENTATION_CONTEXT() REPRESENTATION_CONTEXT('2D SPACE',''
  ) );
#2586 = ORIENTED_EDGE('',*,*,#1831,.T.);
#2587 = ORIENTED_EDGE('',*,*,#2588,.T.);
#2588 = EDGE_CURVE('',#1809,#1563,#2589,.T.);
#2589 = SURFACE_CURVE('',#2590,(#2594,#2600),.PCURVE_S1.);
#2590 = LINE('',#2591,#2592);
#2591 = CARTESIAN_POINT('',(1.028E+03,1.125E+03,996.35));
#2592 = VECTOR('',#2593,1.);
#2593 = DIRECTION('',(0.,-1.,0.));
#2594 = PCURVE('',#468,#2595);
#2595 = DEFINITIONAL_REPRESENTATION('',(#2596),#2599);
#2596 = B_SPLINE_CURVE_WITH_KNOTS('',1,(#2597,#2598),.UNSPECIFIED.,.F.,
  .F.,(2,2),(-55.8,-5.),.PIECEWISE_BEZIER_KNOTS.);
#2597 = CARTESIAN_POINT('',(24.35,60.8));
#2598 = CARTESIAN_POINT('',(24.35,10.));
#2599 = ( GEOMETRIC_REPRESENTATION_CONTEXT(2) 
PARAMETRIC_REPRESENTATION_CONTEXT() REPRESENTATION_CONTEXT('2D SPACE',''
  ) );
#2600 = PCURVE('',#441,#2601);
#2601 = DEFINITIONAL_REPRESENTATION('',(#2602),#2605);
#2602 = B_SPLINE_CURVE_WITH_KNOTS('',1,(#2603,#2604),.UNSPECIFIED.,.F.,
  .F.,(2,2),(-55.8,-5.),.PIECEWISE_BEZIER_KNOTS.);
#2603 = CARTESIAN_POINT('',(43.35,-50.8));
#2604 = CARTESIAN_POINT('',(43.35,0.));
#2605 = ( GEOMETRIC_REPRESENTATION_CONTEXT(2) 
PARAMETRIC_REPRESENTATION_CONTEXT() REPRESENTATION_CONTEXT('2D SPACE',''
  ) );
#2606 = ORIENTED_EDGE('',*,*,#1585,.F.);
#2607 = ORIENTED_EDGE('',*,*,#2608,.F.);
#2608 = EDGE_CURVE('',#1331,#1586,#2609,.T.);
#2609 = SURFACE_CURVE('',#2610,(#2614,#2621),.PCURVE_S1.);
#2610 = LINE('',#2611,#2612);
#2611 = CARTESIAN_POINT('',(1.00365E+03,1.12E+03,996.35));
#2612 = VECTOR('',#2613,1.);
#2613 = DIRECTION('',(0.,1.,0.));
#2614 = PCURVE('',#468,#2615);
#2615 = DEFINITIONAL_REPRESENTATION('',(#2616),#2620);
#2616 = LINE('',#2617,#2618);
#2617 = CARTESIAN_POINT('',(0.,0.));
#2618 = VECTOR('',#2619,1.);
#2619 = DIRECTION('',(0.,1.));
#2620 = ( GEOMETRIC_REPRESENTATION_CONTEXT(2) 
PARAMETRIC_REPRESENTATION_CONTEXT() REPRESENTATION_CONTEXT('2D SPACE',''
  ) );
#2621 = PCURVE('',#1366,#2622);
#2622 = DEFINITIONAL_REPRESENTATION('',(#2623),#2627);
#2623 = LINE('',#2624,#2625);
#2624 = CARTESIAN_POINT('',(6.35,0.));
#2625 = VECTOR('',#2626,1.);
#2626 = DIRECTION('',(0.,-1.));
#2627 = ( GEOMETRIC_REPRESENTATION_CONTEXT(2) 
PARAMETRIC_REPRESENTATION_CONTEXT() REPRESENTATION_CONTEXT('2D SPACE',''
  ) );
#2628 = ORIENTED_EDGE('',*,*,#1330,.T.);
#2629 = ORIENTED_EDGE('',*,*,#2630,.T.);
#2630 = EDGE_CURVE('',#1308,#426,#2631,.T.);
#2631 = SURFACE_CURVE('',#2632,(#2636,#2642),.PCURVE_S1.);
#2632 = LINE('',#2633,#2634);
#2633 = CARTESIAN_POINT('',(1.028E+03,1.125E+03,996.35));
#2634 = VECTOR('',#2635,1.);
#2635 = DIRECTION('',(0.,-1.,0.));
#2636 = PCURVE('',#468,#2637);
#2637 = DEFINITIONAL_REPRESENTATION('',(#2638),#2641);
#2638 = B_SPLINE_CURVE_WITH_KNOTS('',1,(#2639,#2640),.UNSPECIFIED.,.F.,
  .F.,(2,2),(-55.8,-5.),.PIECEWISE_BEZIER_KNOTS.);
#2639 = CARTESIAN_POINT('',(24.35,60.8));
#2640 = CARTESIAN_POINT('',(24.35,10.));
#2641 = ( GEOMETRIC_REPRESENTATION_CONTEXT(2) 
PARAMETRIC_REPRESENTATION_CONTEXT() REPRESENTATION_CONTEXT('2D SPACE',''
  ) );
#2642 = PCURVE('',#441,#2643);
#2643 = DEFINITIONAL_REPRESENTATION('',(#2644),#2647);
#2644 = B_SPLINE_CURVE_WITH_KNOTS('',1,(#2645,#2646),.UNSPECIFIED.,.F.,
  .F.,(2,2),(-55.8,-5.),.PIECEWISE_BEZIER_KNOTS.);
#2645 = CARTESIAN_POINT('',(43.35,-50.8));
#2646 = CARTESIAN_POINT('',(43.35,0.));
#2647 = ( GEOMETRIC_REPRESENTATION_CONTEXT(2) 
PARAMETRIC_REPRESENTATION_CONTEXT() REPRESENTATION_CONTEXT('2D SPACE',''
  ) );
#2648 = ORIENTED_EDGE('',*,*,#453,.F.);
#2649 = FACE_BOUND('',#2650,.T.);
#2650 = EDGE_LOOP('',(#2651));
#2651 = ORIENTED_EDGE('',*,*,#2652,.T.);
#2652 = EDGE_CURVE('',#2653,#2653,#2655,.T.);
#2653 = VERTEX_POINT('',#2654);
#2654 = CARTESIAN_POINT('',(1.04075E+03,1.1434E+03,996.35));
#2655 = SURFACE_CURVE('',#2656,(#2661,#2672),.PCURVE_S1.);
#2656 = CIRCLE('',#2657,2.75);
#2657 = AXIS2_PLACEMENT_3D('',#2658,#2659,#2660);
#2658 = CARTESIAN_POINT('',(1.038E+03,1.1434E+03,996.35));
#2659 = DIRECTION('',(0.,0.,-1.));
#2660 = DIRECTION('',(1.,0.,0.));
#2661 = PCURVE('',#468,#2662);
#2662 = DEFINITIONAL_REPRESENTATION('',(#2663),#2671);
#2663 = ( BOUNDED_CURVE() B_SPLINE_CURVE(2,(#2664,#2665,#2666,#2667,
#2668,#2669,#2670),.UNSPECIFIED.,.T.,.F.) B_SPLINE_CURVE_WITH_KNOTS((1,2
    ,2,2,2,1),(-2.094395102393,0.,2.094395102393,4.188790204786,
6.28318530718,8.377580409573),.UNSPECIFIED.) CURVE() 
GEOMETRIC_REPRESENTATION_ITEM() RATIONAL_B_SPLINE_CURVE((1.,0.5,1.,0.5,
1.,0.5,1.)) REPRESENTATION_ITEM('') );
#2664 = CARTESIAN_POINT('',(37.1,23.4));
#2665 = CARTESIAN_POINT('',(37.1,18.636860279186));
#2666 = CARTESIAN_POINT('',(32.975,21.018430139593));
#2667 = CARTESIAN_POINT('',(28.85,23.4));
#2668 = CARTESIAN_POINT('',(32.975,25.781569860407));
#2669 = CARTESIAN_POINT('',(37.1,28.163139720815));
#2670 = CARTESIAN_POINT('',(37.1,23.4));
#2671 = ( GEOMETRIC_REPRESENTATION_CONTEXT(2) 
PARAMETRIC_REPRESENTATION_CONTEXT() REPRESENTATION_CONTEXT('2D SPACE',''
  ) );
#2672 = PCURVE('',#2152,#2673);
#2673 = DEFINITIONAL_REPRESENTATION('',(#2674),#2678);
#2674 = LINE('',#2675,#2676);
#2675 = CARTESIAN_POINT('',(-6.28318530718,-8.35));
#2676 = VECTOR('',#2677,1.);
#2677 = DIRECTION('',(1.,-0.));
#2678 = ( GEOMETRIC_REPRESENTATION_CONTEXT(2) 
PARAMETRIC_REPRESENTATION_CONTEXT() REPRESENTATION_CONTEXT('2D SPACE',''
  ) );
#2679 = FACE_BOUND('',#2680,.T.);
#2680 = EDGE_LOOP('',(#2681));
#2681 = ORIENTED_EDGE('',*,*,#2682,.T.);
#2682 = EDGE_CURVE('',#2683,#2683,#2685,.T.);
#2683 = VERTEX_POINT('',#2684);
#2684 = CARTESIAN_POINT('',(1.0783E+03,1.127E+03,996.35));
#2685 = SURFACE_CURVE('',#2686,(#2691,#2702),.PCURVE_S1.);
#2686 = CIRCLE('',#2687,3.3);
#2687 = AXIS2_PLACEMENT_3D('',#2688,#2689,#2690);
#2688 = CARTESIAN_POINT('',(1.075E+03,1.127E+03,996.35));
#2689 = DIRECTION('',(0.,0.,-1.));
#2690 = DIRECTION('',(1.,0.,0.));
#2691 = PCURVE('',#468,#2692);
#2692 = DEFINITIONAL_REPRESENTATION('',(#2693),#2701);
#2693 = ( BOUNDED_CURVE() B_SPLINE_CURVE(2,(#2694,#2695,#2696,#2697,
#2698,#2699,#2700),.UNSPECIFIED.,.T.,.F.) B_SPLINE_CURVE_WITH_KNOTS((1,2
    ,2,2,2,1),(-2.094395102393,0.,2.094395102393,4.188790204786,
6.28318530718,8.377580409573),.UNSPECIFIED.) CURVE() 
GEOMETRIC_REPRESENTATION_ITEM() RATIONAL_B_SPLINE_CURVE((1.,0.5,1.,0.5,
1.,0.5,1.)) REPRESENTATION_ITEM('') );
#2694 = CARTESIAN_POINT('',(74.65,7.));
#2695 = CARTESIAN_POINT('',(74.65,1.284232335023));
#2696 = CARTESIAN_POINT('',(69.7,4.142116167511));
#2697 = CARTESIAN_POINT('',(64.75,7.));
#2698 = CARTESIAN_POINT('',(69.7,9.857883832489));
#2699 = CARTESIAN_POINT('',(74.65,12.715767664977));
#2700 = CARTESIAN_POINT('',(74.65,7.));
#2701 = ( GEOMETRIC_REPRESENTATION_CONTEXT(2) 
PARAMETRIC_REPRESENTATION_CONTEXT() REPRESENTATION_CONTEXT('2D SPACE',''
  ) );
#2702 = PCURVE('',#2187,#2703);
#2703 = DEFINITIONAL_REPRESENTATION('',(#2704),#2708);
#2704 = LINE('',#2705,#2706);
#2705 = CARTESIAN_POINT('',(-6.28318530718,-8.35));
#2706 = VECTOR('',#2707,1.);
#2707 = DIRECTION('',(1.,-0.));
#2708 = ( GEOMETRIC_REPRESENTATION_CONTEXT(2) 
PARAMETRIC_REPRESENTATION_CONTEXT() REPRESENTATION_CONTEXT('2D SPACE',''
  ) );
#2709 = FACE_BOUND('',#2710,.T.);
#2710 = EDGE_LOOP('',(#2711));
#2711 = ORIENTED_EDGE('',*,*,#2712,.T.);
#2712 = EDGE_CURVE('',#2713,#2713,#2715,.T.);
#2713 = VERTEX_POINT('',#2714);
#2714 = CARTESIAN_POINT('',(1.07975E+03,1.1434E+03,996.35));
#2715 = SURFACE_CURVE('',#2716,(#2721,#2732),.PCURVE_S1.);
#2716 = CIRCLE('',#2717,2.75);
#2717 = AXIS2_PLACEMENT_3D('',#2718,#2719,#2720);
#2718 = CARTESIAN_POINT('',(1.077E+03,1.1434E+03,996.35));
#2719 = DIRECTION('',(0.,0.,-1.));
#2720 = DIRECTION('',(1.,0.,0.));
#2721 = PCURVE('',#468,#2722);
#2722 = DEFINITIONAL_REPRESENTATION('',(#2723),#2731);
#2723 = ( BOUNDED_CURVE() B_SPLINE_CURVE(2,(#2724,#2725,#2726,#2727,
#2728,#2729,#2730),.UNSPECIFIED.,.T.,.F.) B_SPLINE_CURVE_WITH_KNOTS((1,2
    ,2,2,2,1),(-2.094395102393,0.,2.094395102393,4.188790204786,
6.28318530718,8.377580409573),.UNSPECIFIED.) CURVE() 
GEOMETRIC_REPRESENTATION_ITEM() RATIONAL_B_SPLINE_CURVE((1.,0.5,1.,0.5,
1.,0.5,1.)) REPRESENTATION_ITEM('') );
#2724 = CARTESIAN_POINT('',(76.1,23.4));
#2725 = CARTESIAN_POINT('',(76.1,18.636860279186));
#2726 = CARTESIAN_POINT('',(71.975,21.018430139593));
#2727 = CARTESIAN_POINT('',(67.85,23.4));
#2728 = CARTESIAN_POINT('',(71.975,25.781569860407));
#2729 = CARTESIAN_POINT('',(76.1,28.163139720815));
#2730 = CARTESIAN_POINT('',(76.1,23.4));
#2731 = ( GEOMETRIC_REPRESENTATION_CONTEXT(2) 
PARAMETRIC_REPRESENTATION_CONTEXT() REPRESENTATION_CONTEXT('2D SPACE',''
  ) );
#2732 = PCURVE('',#2222,#2733);
#2733 = DEFINITIONAL_REPRESENTATION('',(#2734),#2738);
#2734 = LINE('',#2735,#2736);
#2735 = CARTESIAN_POINT('',(-6.28318530718,-8.35));
#2736 = VECTOR('',#2737,1.);
#2737 = DIRECTION('',(1.,-0.));
#2738 = ( GEOMETRIC_REPRESENTATION_CONTEXT(2) 
PARAMETRIC_REPRESENTATION_CONTEXT() REPRESENTATION_CONTEXT('2D SPACE',''
  ) );
#2739 = FACE_BOUND('',#2740,.T.);
#2740 = EDGE_LOOP('',(#2741));
#2741 = ORIENTED_EDGE('',*,*,#2742,.T.);
#2742 = EDGE_CURVE('',#2743,#2743,#2745,.T.);
#2743 = VERTEX_POINT('',#2744);
#2744 = CARTESIAN_POINT('',(1.045E+03,1.1554E+03,996.35));
#2745 = SURFACE_CURVE('',#2746,(#2751,#2762),.PCURVE_S1.);
#2746 = CIRCLE('',#2747,2.);
#2747 = AXIS2_PLACEMENT_3D('',#2748,#2749,#2750);
#2748 = CARTESIAN_POINT('',(1.043E+03,1.1554E+03,996.35));
#2749 = DIRECTION('',(0.,0.,-1.));
#2750 = DIRECTION('',(1.,0.,0.));
#2751 = PCURVE('',#468,#2752);
#2752 = DEFINITIONAL_REPRESENTATION('',(#2753),#2761);
#2753 = ( BOUNDED_CURVE() B_SPLINE_CURVE(2,(#2754,#2755,#2756,#2757,
#2758,#2759,#2760),.UNSPECIFIED.,.T.,.F.) B_SPLINE_CURVE_WITH_KNOTS((1,2
    ,2,2,2,1),(-2.094395102393,0.,2.094395102393,4.188790204786,
6.28318530718,8.377580409573),.UNSPECIFIED.) CURVE() 
GEOMETRIC_REPRESENTATION_ITEM() RATIONAL_B_SPLINE_CURVE((1.,0.5,1.,0.5,
1.,0.5,1.)) REPRESENTATION_ITEM('') );
#2754 = CARTESIAN_POINT('',(41.35,35.4));
#2755 = CARTESIAN_POINT('',(41.35,31.935898384862));
#2756 = CARTESIAN_POINT('',(38.35,33.667949192431));
#2757 = CARTESIAN_POINT('',(35.35,35.4));
#2758 = CARTESIAN_POINT('',(38.35,37.132050807569));
#2759 = CARTESIAN_POINT('',(41.35,38.864101615138));
#2760 = CARTESIAN_POINT('',(41.35,35.4));
#2761 = ( GEOMETRIC_REPRESENTATION_CONTEXT(2) 
PARAMETRIC_REPRESENTATION_CONTEXT() REPRESENTATION_CONTEXT('2D SPACE',''
  ) );
#2762 = PCURVE('',#2257,#2763);
#2763 = DEFINITIONAL_REPRESENTATION('',(#2764),#2768);
#2764 = LINE('',#2765,#2766);
#2765 = CARTESIAN_POINT('',(-6.28318530718,-8.35));
#2766 = VECTOR('',#2767,1.);
#2767 = DIRECTION('',(1.,-0.));
#2768 = ( GEOMETRIC_REPRESENTATION_CONTEXT(2) 
PARAMETRIC_REPRESENTATION_CONTEXT() REPRESENTATION_CONTEXT('2D SPACE',''
  ) );
#2769 = FACE_BOUND('',#2770,.T.);
#2770 = EDGE_LOOP('',(#2771));
#2771 = ORIENTED_EDGE('',*,*,#2772,.T.);
#2772 = EDGE_CURVE('',#2773,#2773,#2775,.T.);
#2773 = VERTEX_POINT('',#2774);
#2774 = CARTESIAN_POINT('',(1.04075E+03,1.1674E+03,996.35));
#2775 = SURFACE_CURVE('',#2776,(#2781,#2792),.PCURVE_S1.);
#2776 = CIRCLE('',#2777,2.75);
#2777 = AXIS2_PLACEMENT_3D('',#2778,#2779,#2780);
#2778 = CARTESIAN_POINT('',(1.038E+03,1.1674E+03,996.35));
#2779 = DIRECTION('',(0.,0.,-1.));
#2780 = DIRECTION('',(1.,0.,0.));
#2781 = PCURVE('',#468,#2782);
#2782 = DEFINITIONAL_REPRESENTATION('',(#2783),#2791);
#2783 = ( BOUNDED_CURVE() B_SPLINE_CURVE(2,(#2784,#2785,#2786,#2787,
#2788,#2789,#2790),.UNSPECIFIED.,.T.,.F.) B_SPLINE_CURVE_WITH_KNOTS((1,2
    ,2,2,2,1),(-2.094395102393,0.,2.094395102393,4.188790204786,
6.28318530718,8.377580409573),.UNSPECIFIED.) CURVE() 
GEOMETRIC_REPRESENTATION_ITEM() RATIONAL_B_SPLINE_CURVE((1.,0.5,1.,0.5,
1.,0.5,1.)) REPRESENTATION_ITEM('') );
#2784 = CARTESIAN_POINT('',(37.1,47.4));
#2785 = CARTESIAN_POINT('',(37.1,42.636860279186));
#2786 = CARTESIAN_POINT('',(32.975,45.018430139593));
#2787 = CARTESIAN_POINT('',(28.85,47.4));
#2788 = CARTESIAN_POINT('',(32.975,49.781569860407));
#2789 = CARTESIAN_POINT('',(37.1,52.163139720815));
#2790 = CARTESIAN_POINT('',(37.1,47.4));
#2791 = ( GEOMETRIC_REPRESENTATION_CONTEXT(2) 
PARAMETRIC_REPRESENTATION_CONTEXT() REPRESENTATION_CONTEXT('2D SPACE',''
  ) );
#2792 = PCURVE('',#2292,#2793);
#2793 = DEFINITIONAL_REPRESENTATION('',(#2794),#2798);
#2794 = LINE('',#2795,#2796);
#2795 = CARTESIAN_POINT('',(-6.28318530718,-8.35));
#2796 = VECTOR('',#2797,1.);
#2797 = DIRECTION('',(1.,-0.));
#2798 = ( GEOMETRIC_REPRESENTATION_CONTEXT(2) 
PARAMETRIC_REPRESENTATION_CONTEXT() REPRESENTATION_CONTEXT('2D SPACE',''
  ) );
#2799 = FACE_BOUND('',#2800,.T.);
#2800 = EDGE_LOOP('',(#2801));
#2801 = ORIENTED_EDGE('',*,*,#2802,.T.);
#2802 = EDGE_CURVE('',#2803,#2803,#2805,.T.);
#2803 = VERTEX_POINT('',#2804);
#2804 = CARTESIAN_POINT('',(1.066E+03,1.1554E+03,996.35));
#2805 = SURFACE_CURVE('',#2806,(#2811,#2822),.PCURVE_S1.);
#2806 = CIRCLE('',#2807,6.);
#2807 = AXIS2_PLACEMENT_3D('',#2808,#2809,#2810);
#2808 = CARTESIAN_POINT('',(1.06E+03,1.1554E+03,996.35));
#2809 = DIRECTION('',(0.,0.,-1.));
#2810 = DIRECTION('',(1.,0.,0.));
#2811 = PCURVE('',#468,#2812);
#2812 = DEFINITIONAL_REPRESENTATION('',(#2813),#2821);
#2813 = ( BOUNDED_CURVE() B_SPLINE_CURVE(2,(#2814,#2815,#2816,#2817,
#2818,#2819,#2820),.UNSPECIFIED.,.T.,.F.) B_SPLINE_CURVE_WITH_KNOTS((1,2
    ,2,2,2,1),(-2.094395102393,0.,2.094395102393,4.188790204786,
6.28318530718,8.377580409573),.UNSPECIFIED.) CURVE() 
GEOMETRIC_REPRESENTATION_ITEM() RATIONAL_B_SPLINE_CURVE((1.,0.5,1.,0.5,
1.,0.5,1.)) REPRESENTATION_ITEM('') );
#2814 = CARTESIAN_POINT('',(62.35,35.4));
#2815 = CARTESIAN_POINT('',(62.35,25.007695154587));
#2816 = CARTESIAN_POINT('',(53.35,30.203847577293));
#2817 = CARTESIAN_POINT('',(44.35,35.4));
#2818 = CARTESIAN_POINT('',(53.35,40.596152422707));
#2819 = CARTESIAN_POINT('',(62.35,45.792304845413));
#2820 = CARTESIAN_POINT('',(62.35,35.4));
#2821 = ( GEOMETRIC_REPRESENTATION_CONTEXT(2) 
PARAMETRIC_REPRESENTATION_CONTEXT() REPRESENTATION_CONTEXT('2D SPACE',''
  ) );
#2822 = PCURVE('',#2327,#2823);
#2823 = DEFINITIONAL_REPRESENTATION('',(#2824),#2828);
#2824 = LINE('',#2825,#2826);
#2825 = CARTESIAN_POINT('',(-6.28318530718,-8.35));
#2826 = VECTOR('',#2827,1.);
#2827 = DIRECTION('',(1.,-0.));
#2828 = ( GEOMETRIC_REPRESENTATION_CONTEXT(2) 
PARAMETRIC_REPRESENTATION_CONTEXT() REPRESENTATION_CONTEXT('2D SPACE',''
  ) );
#2829 = FACE_BOUND('',#2830,.T.);
#2830 = EDGE_LOOP('',(#2831));
#2831 = ORIENTED_EDGE('',*,*,#2832,.T.);
#2832 = EDGE_CURVE('',#2833,#2833,#2835,.T.);
#2833 = VERTEX_POINT('',#2834);
#2834 = CARTESIAN_POINT('',(1.079E+03,1.1554E+03,996.35));
#2835 = SURFACE_CURVE('',#2836,(#2841,#2852),.PCURVE_S1.);
#2836 = CIRCLE('',#2837,2.);
#2837 = AXIS2_PLACEMENT_3D('',#2838,#2839,#2840);
#2838 = CARTESIAN_POINT('',(1.077E+03,1.1554E+03,996.35));
#2839 = DIRECTION('',(0.,0.,-1.));
#2840 = DIRECTION('',(1.,0.,0.));
#2841 = PCURVE('',#468,#2842);
#2842 = DEFINITIONAL_REPRESENTATION('',(#2843),#2851);
#2843 = ( BOUNDED_CURVE() B_SPLINE_CURVE(2,(#2844,#2845,#2846,#2847,
#2848,#2849,#2850),.UNSPECIFIED.,.T.,.F.) B_SPLINE_CURVE_WITH_KNOTS((1,2
    ,2,2,2,1),(-2.094395102393,0.,2.094395102393,4.188790204786,
6.28318530718,8.377580409573),.UNSPECIFIED.) CURVE() 
GEOMETRIC_REPRESENTATION_ITEM() RATIONAL_B_SPLINE_CURVE((1.,0.5,1.,0.5,
1.,0.5,1.)) REPRESENTATION_ITEM('') );
#2844 = CARTESIAN_POINT('',(75.35,35.4));
#2845 = CARTESIAN_POINT('',(75.35,31.935898384862));
#2846 = CARTESIAN_POINT('',(72.35,33.667949192431));
#2847 = CARTESIAN_POINT('',(69.35,35.4));
#2848 = CARTESIAN_POINT('',(72.35,37.132050807569));
#2849 = CARTESIAN_POINT('',(75.35,38.864101615138));
#2850 = CARTESIAN_POINT('',(75.35,35.4));
#2851 = ( GEOMETRIC_REPRESENTATION_CONTEXT(2) 
PARAMETRIC_REPRESENTATION_CONTEXT() REPRESENTATION_CONTEXT('2D SPACE',''
  ) );
#2852 = PCURVE('',#2362,#2853);
#2853 = DEFINITIONAL_REPRESENTATION('',(#2854),#2858);
#2854 = LINE('',#2855,#2856);
#2855 = CARTESIAN_POINT('',(-6.28318530718,-8.35));
#2856 = VECTOR('',#2857,1.);
#2857 = DIRECTION('',(1.,-0.));
#2858 = ( GEOMETRIC_REPRESENTATION_CONTEXT(2) 
PARAMETRIC_REPRESENTATION_CONTEXT() REPRESENTATION_CONTEXT('2D SPACE',''
  ) );
#2859 = FACE_BOUND('',#2860,.T.);
#2860 = EDGE_LOOP('',(#2861));
#2861 = ORIENTED_EDGE('',*,*,#2862,.T.);
#2862 = EDGE_CURVE('',#2863,#2863,#2865,.T.);
#2863 = VERTEX_POINT('',#2864);
#2864 = CARTESIAN_POINT('',(1.07975E+03,1.1674E+03,996.35));
#2865 = SURFACE_CURVE('',#2866,(#2871,#2882),.PCURVE_S1.);
#2866 = CIRCLE('',#2867,2.75);
#2867 = AXIS2_PLACEMENT_3D('',#2868,#2869,#2870);
#2868 = CARTESIAN_POINT('',(1.077E+03,1.1674E+03,996.35));
#2869 = DIRECTION('',(0.,0.,-1.));
#2870 = DIRECTION('',(1.,0.,0.));
#2871 = PCURVE('',#468,#2872);
#2872 = DEFINITIONAL_REPRESENTATION('',(#2873),#2881);
#2873 = ( BOUNDED_CURVE() B_SPLINE_CURVE(2,(#2874,#2875,#2876,#2877,
#2878,#2879,#2880),.UNSPECIFIED.,.T.,.F.) B_SPLINE_CURVE_WITH_KNOTS((1,2
    ,2,2,2,1),(-2.094395102393,0.,2.094395102393,4.188790204786,
6.28318530718,8.377580409573),.UNSPECIFIED.) CURVE() 
GEOMETRIC_REPRESENTATION_ITEM() RATIONAL_B_SPLINE_CURVE((1.,0.5,1.,0.5,
1.,0.5,1.)) REPRESENTATION_ITEM('') );
#2874 = CARTESIAN_POINT('',(76.1,47.4));
#2875 = CARTESIAN_POINT('',(76.1,42.636860279186));
#2876 = CARTESIAN_POINT('',(71.975,45.018430139593));
#2877 = CARTESIAN_POINT('',(67.85,47.4));
#2878 = CARTESIAN_POINT('',(71.975,49.781569860407));
#2879 = CARTESIAN_POINT('',(76.1,52.163139720815));
#2880 = CARTESIAN_POINT('',(76.1,47.4));
#2881 = ( GEOMETRIC_REPRESENTATION_CONTEXT(2) 
PARAMETRIC_REPRESENTATION_CONTEXT() REPRESENTATION_CONTEXT('2D SPACE',''
  ) );
#2882 = PCURVE('',#2397,#2883);
#2883 = DEFINITIONAL_REPRESENTATION('',(#2884),#2888);
#2884 = LINE('',#2885,#2886);
#2885 = CARTESIAN_POINT('',(-6.28318530718,-8.35));
#2886 = VECTOR('',#2887,1.);
#2887 = DIRECTION('',(1.,-0.));
#2888 = ( GEOMETRIC_REPRESENTATION_CONTEXT(2) 
PARAMETRIC_REPRESENTATION_CONTEXT() REPRESENTATION_CONTEXT('2D SPACE',''
  ) );
#2889 = FACE_BOUND('',#2890,.T.);
#2890 = EDGE_LOOP('',(#2891));
#2891 = ORIENTED_EDGE('',*,*,#2892,.T.);
#2892 = EDGE_CURVE('',#2893,#2893,#2895,.T.);
#2893 = VERTEX_POINT('',#2894);
#2894 = CARTESIAN_POINT('',(1.0783E+03,1.183E+03,996.35));
#2895 = SURFACE_CURVE('',#2896,(#2901,#2912),.PCURVE_S1.);
#2896 = CIRCLE('',#2897,3.3);
#2897 = AXIS2_PLACEMENT_3D('',#2898,#2899,#2900);
#2898 = CARTESIAN_POINT('',(1.075E+03,1.183E+03,996.35));
#2899 = DIRECTION('',(0.,0.,-1.));
#2900 = DIRECTION('',(1.,0.,0.));
#2901 = PCURVE('',#468,#2902);
#2902 = DEFINITIONAL_REPRESENTATION('',(#2903),#2911);
#2903 = ( BOUNDED_CURVE() B_SPLINE_CURVE(2,(#2904,#2905,#2906,#2907,
#2908,#2909,#2910),.UNSPECIFIED.,.T.,.F.) B_SPLINE_CURVE_WITH_KNOTS((1,2
    ,2,2,2,1),(-2.094395102393,0.,2.094395102393,4.188790204786,
6.28318530718,8.377580409573),.UNSPECIFIED.) CURVE() 
GEOMETRIC_REPRESENTATION_ITEM() RATIONAL_B_SPLINE_CURVE((1.,0.5,1.,0.5,
1.,0.5,1.)) REPRESENTATION_ITEM('') );
#2904 = CARTESIAN_POINT('',(74.65,63.));
#2905 = CARTESIAN_POINT('',(74.65,57.284232335023));
#2906 = CARTESIAN_POINT('',(69.7,60.142116167511));
#2907 = CARTESIAN_POINT('',(64.75,63.));
#2908 = CARTESIAN_POINT('',(69.7,65.857883832489));
#2909 = CARTESIAN_POINT('',(74.65,68.715767664977));
#2910 = CARTESIAN_POINT('',(74.65,63.));
#2911 = ( GEOMETRIC_REPRESENTATION_CONTEXT(2) 
PARAMETRIC_REPRESENTATION_CONTEXT() REPRESENTATION_CONTEXT('2D SPACE',''
  ) );
#2912 = PCURVE('',#2432,#2913);
#2913 = DEFINITIONAL_REPRESENTATION('',(#2914),#2918);
#2914 = LINE('',#2915,#2916);
#2915 = CARTESIAN_POINT('',(-6.28318530718,-8.35));
#2916 = VECTOR('',#2917,1.);
#2917 = DIRECTION('',(1.,-0.));
#2918 = ( GEOMETRIC_REPRESENTATION_CONTEXT(2) 
PARAMETRIC_REPRESENTATION_CONTEXT() REPRESENTATION_CONTEXT('2D SPACE',''
  ) );
#2919 = ADVANCED_FACE('',(#2920),#332,.T.);
#2920 = FACE_BOUND('',#2921,.T.);
#2921 = EDGE_LOOP('',(#2922,#2945,#2966,#2967));
#2922 = ORIENTED_EDGE('',*,*,#2923,.F.);
#2923 = EDGE_CURVE('',#2924,#318,#2926,.T.);
#2924 = VERTEX_POINT('',#2925);
#2925 = CARTESIAN_POINT('',(146.35,1.12E+03,996.35));
#2926 = SURFACE_CURVE('',#2927,(#2931,#2938),.PCURVE_S1.);
#2927 = LINE('',#2928,#2929);
#2928 = CARTESIAN_POINT('',(146.35,1.12E+03,996.35));
#2929 = VECTOR('',#2930,1.);
#2930 = DIRECTION('',(0.,1.,0.));
#2931 = PCURVE('',#332,#2932);
#2932 = DEFINITIONAL_REPRESENTATION('',(#2933),#2937);
#2933 = LINE('',#2934,#2935);
#2934 = CARTESIAN_POINT('',(6.35,0.));
#2935 = VECTOR('',#2936,1.);
#2936 = DIRECTION('',(0.,-1.));
#2937 = ( GEOMETRIC_REPRESENTATION_CONTEXT(2) 
PARAMETRIC_REPRESENTATION_CONTEXT() REPRESENTATION_CONTEXT('2D SPACE',''
  ) );
#2938 = PCURVE('',#358,#2939);
#2939 = DEFINITIONAL_REPRESENTATION('',(#2940),#2944);
#2940 = LINE('',#2941,#2942);
#2941 = CARTESIAN_POINT('',(83.35,0.));
#2942 = VECTOR('',#2943,1.);
#2943 = DIRECTION('',(0.,1.));
#2944 = ( GEOMETRIC_REPRESENTATION_CONTEXT(2) 
PARAMETRIC_REPRESENTATION_CONTEXT() REPRESENTATION_CONTEXT('2D SPACE',''
  ) );
#2945 = ORIENTED_EDGE('',*,*,#2946,.F.);
#2946 = EDGE_CURVE('',#705,#2924,#2947,.T.);
#2947 = SURFACE_CURVE('',#2948,(#2952,#2959),.PCURVE_S1.);
#2948 = LINE('',#2949,#2950);
#2949 = CARTESIAN_POINT('',(146.35,1.12E+03,990.));
#2950 = VECTOR('',#2951,1.);
#2951 = DIRECTION('',(0.,0.,1.));
#2952 = PCURVE('',#332,#2953);
#2953 = DEFINITIONAL_REPRESENTATION('',(#2954),#2958);
#2954 = LINE('',#2955,#2956);
#2955 = CARTESIAN_POINT('',(0.,0.));
#2956 = VECTOR('',#2957,1.);
#2957 = DIRECTION('',(1.,0.));
#2958 = ( GEOMETRIC_REPRESENTATION_CONTEXT(2) 
PARAMETRIC_REPRESENTATION_CONTEXT() REPRESENTATION_CONTEXT('2D SPACE',''
  ) );
#2959 = PCURVE('',#720,#2960);
#2960 = DEFINITIONAL_REPRESENTATION('',(#2961),#2965);
#2961 = LINE('',#2962,#2963);
#2962 = CARTESIAN_POINT('',(0.,83.35));
#2963 = VECTOR('',#2964,1.);
#2964 = DIRECTION('',(1.,0.));
#2965 = ( GEOMETRIC_REPRESENTATION_CONTEXT(2) 
PARAMETRIC_REPRESENTATION_CONTEXT() REPRESENTATION_CONTEXT('2D SPACE',''
  ) );
#2966 = ORIENTED_EDGE('',*,*,#732,.T.);
#2967 = ORIENTED_EDGE('',*,*,#317,.F.);
#2968 = ADVANCED_FACE('',(#2969),#441,.T.);
#2969 = FACE_BOUND('',#2970,.T.);
#2970 = EDGE_LOOP('',(#2971,#2972,#2973,#2974,#2995,#2996,#2997,#2998));
#2971 = ORIENTED_EDGE('',*,*,#425,.F.);
#2972 = ORIENTED_EDGE('',*,*,#2630,.F.);
#2973 = ORIENTED_EDGE('',*,*,#1307,.T.);
#2974 = ORIENTED_EDGE('',*,*,#2975,.F.);
#2975 = EDGE_CURVE('',#1540,#1280,#2976,.T.);
#2976 = SURFACE_CURVE('',#2977,(#2981,#2988),.PCURVE_S1.);
#2977 = LINE('',#2978,#2979);
#2978 = CARTESIAN_POINT('',(1.028E+03,1.131524E+03,1.000752E+03));
#2979 = VECTOR('',#2980,1.);
#2980 = DIRECTION('',(0.,-1.,0.));
#2981 = PCURVE('',#441,#2982);
#2982 = DEFINITIONAL_REPRESENTATION('',(#2983),#2987);
#2983 = LINE('',#2984,#2985);
#2984 = CARTESIAN_POINT('',(47.752,-1.524));
#2985 = VECTOR('',#2986,1.);
#2986 = DIRECTION('',(0.,1.));
#2987 = ( GEOMETRIC_REPRESENTATION_CONTEXT(2) 
PARAMETRIC_REPRESENTATION_CONTEXT() REPRESENTATION_CONTEXT('2D SPACE',''
  ) );
#2988 = PCURVE('',#1295,#2989);
#2989 = DEFINITIONAL_REPRESENTATION('',(#2990),#2994);
#2990 = LINE('',#2991,#2992);
#2991 = CARTESIAN_POINT('',(907.,-1.524));
#2992 = VECTOR('',#2993,1.);
#2993 = DIRECTION('',(0.,-1.));
#2994 = ( GEOMETRIC_REPRESENTATION_CONTEXT(2) 
PARAMETRIC_REPRESENTATION_CONTEXT() REPRESENTATION_CONTEXT('2D SPACE',''
  ) );
#2995 = ORIENTED_EDGE('',*,*,#1562,.F.);
#2996 = ORIENTED_EDGE('',*,*,#2588,.F.);
#2997 = ORIENTED_EDGE('',*,*,#1808,.T.);
#2998 = ORIENTED_EDGE('',*,*,#2999,.F.);
#2999 = EDGE_CURVE('',#398,#1786,#3000,.T.);
#3000 = SURFACE_CURVE('',#3001,(#3005,#3012),.PCURVE_S1.);
#3001 = LINE('',#3002,#3003);
#3002 = CARTESIAN_POINT('',(1.028E+03,1.13E+03,1.0038E+03));
#3003 = VECTOR('',#3004,1.);
#3004 = DIRECTION('',(0.,1.,0.));
#3005 = PCURVE('',#441,#3006);
#3006 = DEFINITIONAL_REPRESENTATION('',(#3007),#3011);
#3007 = LINE('',#3008,#3009);
#3008 = CARTESIAN_POINT('',(50.8,0.));
#3009 = VECTOR('',#3010,1.);
#3010 = DIRECTION('',(0.,-1.));
#3011 = ( GEOMETRIC_REPRESENTATION_CONTEXT(2) 
PARAMETRIC_REPRESENTATION_CONTEXT() REPRESENTATION_CONTEXT('2D SPACE',''
  ) );
#3012 = PCURVE('',#413,#3013);
#3013 = DEFINITIONAL_REPRESENTATION('',(#3014),#3018);
#3014 = LINE('',#3015,#3016);
#3015 = CARTESIAN_POINT('',(906.,0.));
#3016 = VECTOR('',#3017,1.);
#3017 = DIRECTION('',(0.,1.));
#3018 = ( GEOMETRIC_REPRESENTATION_CONTEXT(2) 
PARAMETRIC_REPRESENTATION_CONTEXT() REPRESENTATION_CONTEXT('2D SPACE',''
  ) );
#3019 = ADVANCED_FACE('',(#3020,#3176,#3206,#3236,#3266,#3296,#3326,
    #3356,#3386,#3416),#358,.T.);
#3020 = FACE_BOUND('',#3021,.T.);
#3021 = EDGE_LOOP('',(#3022,#3047,#3070,#3091,#3092,#3093,#3112,#3113,
    #3134,#3135,#3154,#3155));
#3022 = ORIENTED_EDGE('',*,*,#3023,.F.);
#3023 = EDGE_CURVE('',#3024,#3026,#3028,.T.);
#3024 = VERTEX_POINT('',#3025);
#3025 = CARTESIAN_POINT('',(63.,1.19E+03,996.35));
#3026 = VERTEX_POINT('',#3027);
#3027 = CARTESIAN_POINT('',(146.35,1.19E+03,996.35));
#3028 = SURFACE_CURVE('',#3029,(#3033,#3040),.PCURVE_S1.);
#3029 = LINE('',#3030,#3031);
#3030 = CARTESIAN_POINT('',(63.,1.19E+03,996.35));
#3031 = VECTOR('',#3032,1.);
#3032 = DIRECTION('',(1.,0.,0.));
#3033 = PCURVE('',#358,#3034);
#3034 = DEFINITIONAL_REPRESENTATION('',(#3035),#3039);
#3035 = LINE('',#3036,#3037);
#3036 = CARTESIAN_POINT('',(0.,70.));
#3037 = VECTOR('',#3038,1.);
#3038 = DIRECTION('',(1.,0.));
#3039 = ( GEOMETRIC_REPRESENTATION_CONTEXT(2) 
PARAMETRIC_REPRESENTATION_CONTEXT() REPRESENTATION_CONTEXT('2D SPACE',''
  ) );
#3040 = PCURVE('',#664,#3041);
#3041 = DEFINITIONAL_REPRESENTATION('',(#3042),#3046);
#3042 = LINE('',#3043,#3044);
#3043 = CARTESIAN_POINT('',(6.35,0.));
#3044 = VECTOR('',#3045,1.);
#3045 = DIRECTION('',(0.,1.));
#3046 = ( GEOMETRIC_REPRESENTATION_CONTEXT(2) 
PARAMETRIC_REPRESENTATION_CONTEXT() REPRESENTATION_CONTEXT('2D SPACE',''
  ) );
#3047 = ORIENTED_EDGE('',*,*,#3048,.F.);
#3048 = EDGE_CURVE('',#3049,#3024,#3051,.T.);
#3049 = VERTEX_POINT('',#3050);
#3050 = CARTESIAN_POINT('',(63.,1.12E+03,996.35));
#3051 = SURFACE_CURVE('',#3052,(#3056,#3063),.PCURVE_S1.);
#3052 = LINE('',#3053,#3054);
#3053 = CARTESIAN_POINT('',(63.,1.12E+03,996.35));
#3054 = VECTOR('',#3055,1.);
#3055 = DIRECTION('',(0.,1.,0.));
#3056 = PCURVE('',#358,#3057);
#3057 = DEFINITIONAL_REPRESENTATION('',(#3058),#3062);
#3058 = LINE('',#3059,#3060);
#3059 = CARTESIAN_POINT('',(0.,0.));
#3060 = VECTOR('',#3061,1.);
#3061 = DIRECTION('',(0.,1.));
#3062 = ( GEOMETRIC_REPRESENTATION_CONTEXT(2) 
PARAMETRIC_REPRESENTATION_CONTEXT() REPRESENTATION_CONTEXT('2D SPACE',''
  ) );
#3063 = PCURVE('',#692,#3064);
#3064 = DEFINITIONAL_REPRESENTATION('',(#3065),#3069);
#3065 = LINE('',#3066,#3067);
#3066 = CARTESIAN_POINT('',(6.35,0.));
#3067 = VECTOR('',#3068,1.);
#3068 = DIRECTION('',(0.,-1.));
#3069 = ( GEOMETRIC_REPRESENTATION_CONTEXT(2) 
PARAMETRIC_REPRESENTATION_CONTEXT() REPRESENTATION_CONTEXT('2D SPACE',''
  ) );
#3070 = ORIENTED_EDGE('',*,*,#3071,.T.);
#3071 = EDGE_CURVE('',#3049,#2924,#3072,.T.);
#3072 = SURFACE_CURVE('',#3073,(#3077,#3084),.PCURVE_S1.);
#3073 = LINE('',#3074,#3075);
#3074 = CARTESIAN_POINT('',(63.,1.12E+03,996.35));
#3075 = VECTOR('',#3076,1.);
#3076 = DIRECTION('',(1.,0.,0.));
#3077 = PCURVE('',#358,#3078);
#3078 = DEFINITIONAL_REPRESENTATION('',(#3079),#3083);
#3079 = LINE('',#3080,#3081);
#3080 = CARTESIAN_POINT('',(0.,0.));
#3081 = VECTOR('',#3082,1.);
#3082 = DIRECTION('',(1.,0.));
#3083 = ( GEOMETRIC_REPRESENTATION_CONTEXT(2) 
PARAMETRIC_REPRESENTATION_CONTEXT() REPRESENTATION_CONTEXT('2D SPACE',''
  ) );
#3084 = PCURVE('',#720,#3085);
#3085 = DEFINITIONAL_REPRESENTATION('',(#3086),#3090);
#3086 = LINE('',#3087,#3088);
#3087 = CARTESIAN_POINT('',(6.35,0.));
#3088 = VECTOR('',#3089,1.);
#3089 = DIRECTION('',(0.,1.));
#3090 = ( GEOMETRIC_REPRESENTATION_CONTEXT(2) 
PARAMETRIC_REPRESENTATION_CONTEXT() REPRESENTATION_CONTEXT('2D SPACE',''
  ) );
#3091 = ORIENTED_EDGE('',*,*,#2923,.T.);
#3092 = ORIENTED_EDGE('',*,*,#343,.F.);
#3093 = ORIENTED_EDGE('',*,*,#3094,.F.);
#3094 = EDGE_CURVE('',#1236,#344,#3095,.T.);
#3095 = SURFACE_CURVE('',#3096,(#3100,#3106),.PCURVE_S1.);
#3096 = LINE('',#3097,#3098);
#3097 = CARTESIAN_POINT('',(122.,1.125E+03,996.35));
#3098 = VECTOR('',#3099,1.);
#3099 = DIRECTION('',(0.,-1.,0.));
#3100 = PCURVE('',#358,#3101);
#3101 = DEFINITIONAL_REPRESENTATION('',(#3102),#3105);
#3102 = B_SPLINE_CURVE_WITH_KNOTS('',1,(#3103,#3104),.UNSPECIFIED.,.F.,
  .F.,(2,2),(-55.8,-5.),.PIECEWISE_BEZIER_KNOTS.);
#3103 = CARTESIAN_POINT('',(59.,60.8));
#3104 = CARTESIAN_POINT('',(59.,10.));
#3105 = ( GEOMETRIC_REPRESENTATION_CONTEXT(2) 
PARAMETRIC_REPRESENTATION_CONTEXT() REPRESENTATION_CONTEXT('2D SPACE',''
  ) );
#3106 = PCURVE('',#385,#3107);
#3107 = DEFINITIONAL_REPRESENTATION('',(#3108),#3111);
#3108 = B_SPLINE_CURVE_WITH_KNOTS('',1,(#3109,#3110),.UNSPECIFIED.,.F.,
  .F.,(2,2),(-55.8,-5.),.PIECEWISE_BEZIER_KNOTS.);
#3109 = CARTESIAN_POINT('',(43.35,-50.8));
#3110 = CARTESIAN_POINT('',(43.35,0.));
#3111 = ( GEOMETRIC_REPRESENTATION_CONTEXT(2) 
PARAMETRIC_REPRESENTATION_CONTEXT() REPRESENTATION_CONTEXT('2D SPACE',''
  ) );
#3112 = ORIENTED_EDGE('',*,*,#1235,.T.);
#3113 = ORIENTED_EDGE('',*,*,#3114,.T.);
#3114 = EDGE_CURVE('',#1215,#1475,#3115,.T.);
#3115 = SURFACE_CURVE('',#3116,(#3120,#3127),.PCURVE_S1.);
#3116 = LINE('',#3117,#3118);
#3117 = CARTESIAN_POINT('',(146.35,1.12E+03,996.35));
#3118 = VECTOR('',#3119,1.);
#3119 = DIRECTION('',(0.,1.,0.));
#3120 = PCURVE('',#358,#3121);
#3121 = DEFINITIONAL_REPRESENTATION('',(#3122),#3126);
#3122 = LINE('',#3123,#3124);
#3123 = CARTESIAN_POINT('',(83.35,0.));
#3124 = VECTOR('',#3125,1.);
#3125 = DIRECTION('',(0.,1.));
#3126 = ( GEOMETRIC_REPRESENTATION_CONTEXT(2) 
PARAMETRIC_REPRESENTATION_CONTEXT() REPRESENTATION_CONTEXT('2D SPACE',''
  ) );
#3127 = PCURVE('',#792,#3128);
#3128 = DEFINITIONAL_REPRESENTATION('',(#3129),#3133);
#3129 = LINE('',#3130,#3131);
#3130 = CARTESIAN_POINT('',(6.35,0.));
#3131 = VECTOR('',#3132,1.);
#3132 = DIRECTION('',(0.,-1.));
#3133 = ( GEOMETRIC_REPRESENTATION_CONTEXT(2) 
PARAMETRIC_REPRESENTATION_CONTEXT() REPRESENTATION_CONTEXT('2D SPACE',''
  ) );
#3134 = ORIENTED_EDGE('',*,*,#1495,.F.);
#3135 = ORIENTED_EDGE('',*,*,#3136,.F.);
#3136 = EDGE_CURVE('',#1742,#1496,#3137,.T.);
#3137 = SURFACE_CURVE('',#3138,(#3142,#3148),.PCURVE_S1.);
#3138 = LINE('',#3139,#3140);
#3139 = CARTESIAN_POINT('',(122.,1.125E+03,996.35));
#3140 = VECTOR('',#3141,1.);
#3141 = DIRECTION('',(0.,-1.,0.));
#3142 = PCURVE('',#358,#3143);
#3143 = DEFINITIONAL_REPRESENTATION('',(#3144),#3147);
#3144 = B_SPLINE_CURVE_WITH_KNOTS('',1,(#3145,#3146),.UNSPECIFIED.,.F.,
  .F.,(2,2),(-55.8,-5.),.PIECEWISE_BEZIER_KNOTS.);
#3145 = CARTESIAN_POINT('',(59.,60.8));
#3146 = CARTESIAN_POINT('',(59.,10.));
#3147 = ( GEOMETRIC_REPRESENTATION_CONTEXT(2) 
PARAMETRIC_REPRESENTATION_CONTEXT() REPRESENTATION_CONTEXT('2D SPACE',''
  ) );
#3148 = PCURVE('',#385,#3149);
#3149 = DEFINITIONAL_REPRESENTATION('',(#3150),#3153);
#3150 = B_SPLINE_CURVE_WITH_KNOTS('',1,(#3151,#3152),.UNSPECIFIED.,.F.,
  .F.,(2,2),(-55.8,-5.),.PIECEWISE_BEZIER_KNOTS.);
#3151 = CARTESIAN_POINT('',(43.35,-50.8));
#3152 = CARTESIAN_POINT('',(43.35,0.));
#3153 = ( GEOMETRIC_REPRESENTATION_CONTEXT(2) 
PARAMETRIC_REPRESENTATION_CONTEXT() REPRESENTATION_CONTEXT('2D SPACE',''
  ) );
#3154 = ORIENTED_EDGE('',*,*,#1741,.T.);
#3155 = ORIENTED_EDGE('',*,*,#3156,.T.);
#3156 = EDGE_CURVE('',#1721,#3026,#3157,.T.);
#3157 = SURFACE_CURVE('',#3158,(#3162,#3169),.PCURVE_S1.);
#3158 = LINE('',#3159,#3160);
#3159 = CARTESIAN_POINT('',(146.35,1.12E+03,996.35));
#3160 = VECTOR('',#3161,1.);
#3161 = DIRECTION('',(0.,1.,0.));
#3162 = PCURVE('',#358,#3163);
#3163 = DEFINITIONAL_REPRESENTATION('',(#3164),#3168);
#3164 = LINE('',#3165,#3166);
#3165 = CARTESIAN_POINT('',(83.35,0.));
#3166 = VECTOR('',#3167,1.);
#3167 = DIRECTION('',(0.,1.));
#3168 = ( GEOMETRIC_REPRESENTATION_CONTEXT(2) 
PARAMETRIC_REPRESENTATION_CONTEXT() REPRESENTATION_CONTEXT('2D SPACE',''
  ) );
#3169 = PCURVE('',#859,#3170);
#3170 = DEFINITIONAL_REPRESENTATION('',(#3171),#3175);
#3171 = LINE('',#3172,#3173);
#3172 = CARTESIAN_POINT('',(6.35,0.));
#3173 = VECTOR('',#3174,1.);
#3174 = DIRECTION('',(0.,-1.));
#3175 = ( GEOMETRIC_REPRESENTATION_CONTEXT(2) 
PARAMETRIC_REPRESENTATION_CONTEXT() REPRESENTATION_CONTEXT('2D SPACE',''
  ) );
#3176 = FACE_BOUND('',#3177,.T.);
#3177 = EDGE_LOOP('',(#3178));
#3178 = ORIENTED_EDGE('',*,*,#3179,.T.);
#3179 = EDGE_CURVE('',#3180,#3180,#3182,.T.);
#3180 = VERTEX_POINT('',#3181);
#3181 = CARTESIAN_POINT('',(78.3,1.127E+03,996.35));
#3182 = SURFACE_CURVE('',#3183,(#3188,#3199),.PCURVE_S1.);
#3183 = CIRCLE('',#3184,3.3);
#3184 = AXIS2_PLACEMENT_3D('',#3185,#3186,#3187);
#3185 = CARTESIAN_POINT('',(75.,1.127E+03,996.35));
#3186 = DIRECTION('',(0.,0.,-1.));
#3187 = DIRECTION('',(1.,0.,0.));
#3188 = PCURVE('',#358,#3189);
#3189 = DEFINITIONAL_REPRESENTATION('',(#3190),#3198);
#3190 = ( BOUNDED_CURVE() B_SPLINE_CURVE(2,(#3191,#3192,#3193,#3194,
#3195,#3196,#3197),.UNSPECIFIED.,.T.,.F.) B_SPLINE_CURVE_WITH_KNOTS((1,2
    ,2,2,2,1),(-2.094395102393,0.,2.094395102393,4.188790204786,
6.28318530718,8.377580409573),.UNSPECIFIED.) CURVE() 
GEOMETRIC_REPRESENTATION_ITEM() RATIONAL_B_SPLINE_CURVE((1.,0.5,1.,0.5,
1.,0.5,1.)) REPRESENTATION_ITEM('') );
#3191 = CARTESIAN_POINT('',(15.3,7.));
#3192 = CARTESIAN_POINT('',(15.3,1.284232335023));
#3193 = CARTESIAN_POINT('',(10.35,4.142116167511));
#3194 = CARTESIAN_POINT('',(5.4,7.));
#3195 = CARTESIAN_POINT('',(10.35,9.857883832489));
#3196 = CARTESIAN_POINT('',(15.3,12.715767664977));
#3197 = CARTESIAN_POINT('',(15.3,7.));
#3198 = ( GEOMETRIC_REPRESENTATION_CONTEXT(2) 
PARAMETRIC_REPRESENTATION_CONTEXT() REPRESENTATION_CONTEXT('2D SPACE',''
  ) );
#3199 = PCURVE('',#894,#3200);
#3200 = DEFINITIONAL_REPRESENTATION('',(#3201),#3205);
#3201 = LINE('',#3202,#3203);
#3202 = CARTESIAN_POINT('',(-6.28318530718,-8.35));
#3203 = VECTOR('',#3204,1.);
#3204 = DIRECTION('',(1.,-0.));
#3205 = ( GEOMETRIC_REPRESENTATION_CONTEXT(2) 
PARAMETRIC_REPRESENTATION_CONTEXT() REPRESENTATION_CONTEXT('2D SPACE',''
  ) );
#3206 = FACE_BOUND('',#3207,.T.);
#3207 = EDGE_LOOP('',(#3208));
#3208 = ORIENTED_EDGE('',*,*,#3209,.T.);
#3209 = EDGE_CURVE('',#3210,#3210,#3212,.T.);
#3210 = VERTEX_POINT('',#3211);
#3211 = CARTESIAN_POINT('',(75.75,1.1434E+03,996.35));
#3212 = SURFACE_CURVE('',#3213,(#3218,#3229),.PCURVE_S1.);
#3213 = CIRCLE('',#3214,2.75);
#3214 = AXIS2_PLACEMENT_3D('',#3215,#3216,#3217);
#3215 = CARTESIAN_POINT('',(73.,1.1434E+03,996.35));
#3216 = DIRECTION('',(0.,0.,-1.));
#3217 = DIRECTION('',(1.,0.,0.));
#3218 = PCURVE('',#358,#3219);
#3219 = DEFINITIONAL_REPRESENTATION('',(#3220),#3228);
#3220 = ( BOUNDED_CURVE() B_SPLINE_CURVE(2,(#3221,#3222,#3223,#3224,
#3225,#3226,#3227),.UNSPECIFIED.,.T.,.F.) B_SPLINE_CURVE_WITH_KNOTS((1,2
    ,2,2,2,1),(-2.094395102393,0.,2.094395102393,4.188790204786,
6.28318530718,8.377580409573),.UNSPECIFIED.) CURVE() 
GEOMETRIC_REPRESENTATION_ITEM() RATIONAL_B_SPLINE_CURVE((1.,0.5,1.,0.5,
1.,0.5,1.)) REPRESENTATION_ITEM('') );
#3221 = CARTESIAN_POINT('',(12.75,23.4));
#3222 = CARTESIAN_POINT('',(12.75,18.636860279186));
#3223 = CARTESIAN_POINT('',(8.625,21.018430139593));
#3224 = CARTESIAN_POINT('',(4.5,23.4));
#3225 = CARTESIAN_POINT('',(8.625,25.781569860407));
#3226 = CARTESIAN_POINT('',(12.75,28.163139720815));
#3227 = CARTESIAN_POINT('',(12.75,23.4));
#3228 = ( GEOMETRIC_REPRESENTATION_CONTEXT(2) 
PARAMETRIC_REPRESENTATION_CONTEXT() REPRESENTATION_CONTEXT('2D SPACE',''
  ) );
#3229 = PCURVE('',#929,#3230);
#3230 = DEFINITIONAL_REPRESENTATION('',(#3231),#3235);
#3231 = LINE('',#3232,#3233);
#3232 = CARTESIAN_POINT('',(-6.28318530718,-8.35));
#3233 = VECTOR('',#3234,1.);
#3234 = DIRECTION('',(1.,-0.));
#3235 = ( GEOMETRIC_REPRESENTATION_CONTEXT(2) 
PARAMETRIC_REPRESENTATION_CONTEXT() REPRESENTATION_CONTEXT('2D SPACE',''
  ) );
#3236 = FACE_BOUND('',#3237,.T.);
#3237 = EDGE_LOOP('',(#3238));
#3238 = ORIENTED_EDGE('',*,*,#3239,.T.);
#3239 = EDGE_CURVE('',#3240,#3240,#3242,.T.);
#3240 = VERTEX_POINT('',#3241);
#3241 = CARTESIAN_POINT('',(114.75,1.1434E+03,996.35));
#3242 = SURFACE_CURVE('',#3243,(#3248,#3259),.PCURVE_S1.);
#3243 = CIRCLE('',#3244,2.75);
#3244 = AXIS2_PLACEMENT_3D('',#3245,#3246,#3247);
#3245 = CARTESIAN_POINT('',(112.,1.1434E+03,996.35));
#3246 = DIRECTION('',(0.,0.,-1.));
#3247 = DIRECTION('',(1.,0.,0.));
#3248 = PCURVE('',#358,#3249);
#3249 = DEFINITIONAL_REPRESENTATION('',(#3250),#3258);
#3250 = ( BOUNDED_CURVE() B_SPLINE_CURVE(2,(#3251,#3252,#3253,#3254,
#3255,#3256,#3257),.UNSPECIFIED.,.T.,.F.) B_SPLINE_CURVE_WITH_KNOTS((1,2
    ,2,2,2,1),(-2.094395102393,0.,2.094395102393,4.188790204786,
6.28318530718,8.377580409573),.UNSPECIFIED.) CURVE() 
GEOMETRIC_REPRESENTATION_ITEM() RATIONAL_B_SPLINE_CURVE((1.,0.5,1.,0.5,
1.,0.5,1.)) REPRESENTATION_ITEM('') );
#3251 = CARTESIAN_POINT('',(51.75,23.4));
#3252 = CARTESIAN_POINT('',(51.75,18.636860279186));
#3253 = CARTESIAN_POINT('',(47.625,21.018430139593));
#3254 = CARTESIAN_POINT('',(43.5,23.4));
#3255 = CARTESIAN_POINT('',(47.625,25.781569860407));
#3256 = CARTESIAN_POINT('',(51.75,28.163139720815));
#3257 = CARTESIAN_POINT('',(51.75,23.4));
#3258 = ( GEOMETRIC_REPRESENTATION_CONTEXT(2) 
PARAMETRIC_REPRESENTATION_CONTEXT() REPRESENTATION_CONTEXT('2D SPACE',''
  ) );
#3259 = PCURVE('',#964,#3260);
#3260 = DEFINITIONAL_REPRESENTATION('',(#3261),#3265);
#3261 = LINE('',#3262,#3263);
#3262 = CARTESIAN_POINT('',(-6.28318530718,-8.35));
#3263 = VECTOR('',#3264,1.);
#3264 = DIRECTION('',(1.,-0.));
#3265 = ( GEOMETRIC_REPRESENTATION_CONTEXT(2) 
PARAMETRIC_REPRESENTATION_CONTEXT() REPRESENTATION_CONTEXT('2D SPACE',''
  ) );
#3266 = FACE_BOUND('',#3267,.T.);
#3267 = EDGE_LOOP('',(#3268));
#3268 = ORIENTED_EDGE('',*,*,#3269,.T.);
#3269 = EDGE_CURVE('',#3270,#3270,#3272,.T.);
#3270 = VERTEX_POINT('',#3271);
#3271 = CARTESIAN_POINT('',(75.,1.1554E+03,996.35));
#3272 = SURFACE_CURVE('',#3273,(#3278,#3289),.PCURVE_S1.);
#3273 = CIRCLE('',#3274,2.);
#3274 = AXIS2_PLACEMENT_3D('',#3275,#3276,#3277);
#3275 = CARTESIAN_POINT('',(73.,1.1554E+03,996.35));
#3276 = DIRECTION('',(0.,0.,-1.));
#3277 = DIRECTION('',(1.,0.,0.));
#3278 = PCURVE('',#358,#3279);
#3279 = DEFINITIONAL_REPRESENTATION('',(#3280),#3288);
#3280 = ( BOUNDED_CURVE() B_SPLINE_CURVE(2,(#3281,#3282,#3283,#3284,
#3285,#3286,#3287),.UNSPECIFIED.,.T.,.F.) B_SPLINE_CURVE_WITH_KNOTS((1,2
    ,2,2,2,1),(-2.094395102393,0.,2.094395102393,4.188790204786,
6.28318530718,8.377580409573),.UNSPECIFIED.) CURVE() 
GEOMETRIC_REPRESENTATION_ITEM() RATIONAL_B_SPLINE_CURVE((1.,0.5,1.,0.5,
1.,0.5,1.)) REPRESENTATION_ITEM('') );
#3281 = CARTESIAN_POINT('',(12.,35.4));
#3282 = CARTESIAN_POINT('',(12.,31.935898384862));
#3283 = CARTESIAN_POINT('',(9.,33.667949192431));
#3284 = CARTESIAN_POINT('',(6.,35.4));
#3285 = CARTESIAN_POINT('',(9.,37.132050807569));
#3286 = CARTESIAN_POINT('',(12.,38.864101615138));
#3287 = CARTESIAN_POINT('',(12.,35.4));
#3288 = ( GEOMETRIC_REPRESENTATION_CONTEXT(2) 
PARAMETRIC_REPRESENTATION_CONTEXT() REPRESENTATION_CONTEXT('2D SPACE',''
  ) );
#3289 = PCURVE('',#999,#3290);
#3290 = DEFINITIONAL_REPRESENTATION('',(#3291),#3295);
#3291 = LINE('',#3292,#3293);
#3292 = CARTESIAN_POINT('',(-6.28318530718,-8.35));
#3293 = VECTOR('',#3294,1.);
#3294 = DIRECTION('',(1.,-0.));
#3295 = ( GEOMETRIC_REPRESENTATION_CONTEXT(2) 
PARAMETRIC_REPRESENTATION_CONTEXT() REPRESENTATION_CONTEXT('2D SPACE',''
  ) );
#3296 = FACE_BOUND('',#3297,.T.);
#3297 = EDGE_LOOP('',(#3298));
#3298 = ORIENTED_EDGE('',*,*,#3299,.T.);
#3299 = EDGE_CURVE('',#3300,#3300,#3302,.T.);
#3300 = VERTEX_POINT('',#3301);
#3301 = CARTESIAN_POINT('',(75.75,1.1674E+03,996.35));
#3302 = SURFACE_CURVE('',#3303,(#3308,#3319),.PCURVE_S1.);
#3303 = CIRCLE('',#3304,2.75);
#3304 = AXIS2_PLACEMENT_3D('',#3305,#3306,#3307);
#3305 = CARTESIAN_POINT('',(73.,1.1674E+03,996.35));
#3306 = DIRECTION('',(0.,0.,-1.));
#3307 = DIRECTION('',(1.,0.,0.));
#3308 = PCURVE('',#358,#3309);
#3309 = DEFINITIONAL_REPRESENTATION('',(#3310),#3318);
#3310 = ( BOUNDED_CURVE() B_SPLINE_CURVE(2,(#3311,#3312,#3313,#3314,
#3315,#3316,#3317),.UNSPECIFIED.,.T.,.F.) B_SPLINE_CURVE_WITH_KNOTS((1,2
    ,2,2,2,1),(-2.094395102393,0.,2.094395102393,4.188790204786,
6.28318530718,8.377580409573),.UNSPECIFIED.) CURVE() 
GEOMETRIC_REPRESENTATION_ITEM() RATIONAL_B_SPLINE_CURVE((1.,0.5,1.,0.5,
1.,0.5,1.)) REPRESENTATION_ITEM('') );
#3311 = CARTESIAN_POINT('',(12.75,47.4));
#3312 = CARTESIAN_POINT('',(12.75,42.636860279186));
#3313 = CARTESIAN_POINT('',(8.625,45.018430139593));
#3314 = CARTESIAN_POINT('',(4.5,47.4));
#3315 = CARTESIAN_POINT('',(8.625,49.781569860407));
#3316 = CARTESIAN_POINT('',(12.75,52.163139720815));
#3317 = CARTESIAN_POINT('',(12.75,47.4));
#3318 = ( GEOMETRIC_REPRESENTATION_CONTEXT(2) 
PARAMETRIC_REPRESENTATION_CONTEXT() REPRESENTATION_CONTEXT('2D SPACE',''
  ) );
#3319 = PCURVE('',#1034,#3320);
#3320 = DEFINITIONAL_REPRESENTATION('',(#3321),#3325);
#3321 = LINE('',#3322,#3323);
#3322 = CARTESIAN_POINT('',(-6.28318530718,-8.35));
#3323 = VECTOR('',#3324,1.);
#3324 = DIRECTION('',(1.,-0.));
#3325 = ( GEOMETRIC_REPRESENTATION_CONTEXT(2) 
PARAMETRIC_REPRESENTATION_CONTEXT() REPRESENTATION_CONTEXT('2D SPACE',''
  ) );
#3326 = FACE_BOUND('',#3327,.T.);
#3327 = EDGE_LOOP('',(#3328));
#3328 = ORIENTED_EDGE('',*,*,#3329,.T.);
#3329 = EDGE_CURVE('',#3330,#3330,#3332,.T.);
#3330 = VERTEX_POINT('',#3331);
#3331 = CARTESIAN_POINT('',(96.,1.1554E+03,996.35));
#3332 = SURFACE_CURVE('',#3333,(#3338,#3349),.PCURVE_S1.);
#3333 = CIRCLE('',#3334,6.);
#3334 = AXIS2_PLACEMENT_3D('',#3335,#3336,#3337);
#3335 = CARTESIAN_POINT('',(90.,1.1554E+03,996.35));
#3336 = DIRECTION('',(0.,0.,-1.));
#3337 = DIRECTION('',(1.,0.,0.));
#3338 = PCURVE('',#358,#3339);
#3339 = DEFINITIONAL_REPRESENTATION('',(#3340),#3348);
#3340 = ( BOUNDED_CURVE() B_SPLINE_CURVE(2,(#3341,#3342,#3343,#3344,
#3345,#3346,#3347),.UNSPECIFIED.,.T.,.F.) B_SPLINE_CURVE_WITH_KNOTS((1,2
    ,2,2,2,1),(-2.094395102393,0.,2.094395102393,4.188790204786,
6.28318530718,8.377580409573),.UNSPECIFIED.) CURVE() 
GEOMETRIC_REPRESENTATION_ITEM() RATIONAL_B_SPLINE_CURVE((1.,0.5,1.,0.5,
1.,0.5,1.)) REPRESENTATION_ITEM('') );
#3341 = CARTESIAN_POINT('',(33.,35.4));
#3342 = CARTESIAN_POINT('',(33.,25.007695154587));
#3343 = CARTESIAN_POINT('',(24.,30.203847577293));
#3344 = CARTESIAN_POINT('',(15.,35.4));
#3345 = CARTESIAN_POINT('',(24.,40.596152422707));
#3346 = CARTESIAN_POINT('',(33.,45.792304845413));
#3347 = CARTESIAN_POINT('',(33.,35.4));
#3348 = ( GEOMETRIC_REPRESENTATION_CONTEXT(2) 
PARAMETRIC_REPRESENTATION_CONTEXT() REPRESENTATION_CONTEXT('2D SPACE',''
  ) );
#3349 = PCURVE('',#1069,#3350);
#3350 = DEFINITIONAL_REPRESENTATION('',(#3351),#3355);
#3351 = LINE('',#3352,#3353);
#3352 = CARTESIAN_POINT('',(-6.28318530718,-8.35));
#3353 = VECTOR('',#3354,1.);
#3354 = DIRECTION('',(1.,-0.));
#3355 = ( GEOMETRIC_REPRESENTATION_CONTEXT(2) 
PARAMETRIC_REPRESENTATION_CONTEXT() REPRESENTATION_CONTEXT('2D SPACE',''
  ) );
#3356 = FACE_BOUND('',#3357,.T.);
#3357 = EDGE_LOOP('',(#3358));
#3358 = ORIENTED_EDGE('',*,*,#3359,.T.);
#3359 = EDGE_CURVE('',#3360,#3360,#3362,.T.);
#3360 = VERTEX_POINT('',#3361);
#3361 = CARTESIAN_POINT('',(78.3,1.183E+03,996.35));
#3362 = SURFACE_CURVE('',#3363,(#3368,#3379),.PCURVE_S1.);
#3363 = CIRCLE('',#3364,3.3);
#3364 = AXIS2_PLACEMENT_3D('',#3365,#3366,#3367);
#3365 = CARTESIAN_POINT('',(75.,1.183E+03,996.35));
#3366 = DIRECTION('',(0.,0.,-1.));
#3367 = DIRECTION('',(1.,0.,0.));
#3368 = PCURVE('',#358,#3369);
#3369 = DEFINITIONAL_REPRESENTATION('',(#3370),#3378);
#3370 = ( BOUNDED_CURVE() B_SPLINE_CURVE(2,(#3371,#3372,#3373,#3374,
#3375,#3376,#3377),.UNSPECIFIED.,.T.,.F.) B_SPLINE_CURVE_WITH_KNOTS((1,2
    ,2,2,2,1),(-2.094395102393,0.,2.094395102393,4.188790204786,
6.28318530718,8.377580409573),.UNSPECIFIED.) CURVE() 
GEOMETRIC_REPRESENTATION_ITEM() RATIONAL_B_SPLINE_CURVE((1.,0.5,1.,0.5,
1.,0.5,1.)) REPRESENTATION_ITEM('') );
#3371 = CARTESIAN_POINT('',(15.3,63.));
#3372 = CARTESIAN_POINT('',(15.3,57.284232335023));
#3373 = CARTESIAN_POINT('',(10.35,60.142116167511));
#3374 = CARTESIAN_POINT('',(5.4,63.));
#3375 = CARTESIAN_POINT('',(10.35,65.857883832489));
#3376 = CARTESIAN_POINT('',(15.3,68.715767664977));
#3377 = CARTESIAN_POINT('',(15.3,63.));
#3378 = ( GEOMETRIC_REPRESENTATION_CONTEXT(2) 
PARAMETRIC_REPRESENTATION_CONTEXT() REPRESENTATION_CONTEXT('2D SPACE',''
  ) );
#3379 = PCURVE('',#1104,#3380);
#3380 = DEFINITIONAL_REPRESENTATION('',(#3381),#3385);
#3381 = LINE('',#3382,#3383);
#3382 = CARTESIAN_POINT('',(-6.28318530718,-8.35));
#3383 = VECTOR('',#3384,1.);
#3384 = DIRECTION('',(1.,-0.));
#3385 = ( GEOMETRIC_REPRESENTATION_CONTEXT(2) 
PARAMETRIC_REPRESENTATION_CONTEXT() REPRESENTATION_CONTEXT('2D SPACE',''
  ) );
#3386 = FACE_BOUND('',#3387,.T.);
#3387 = EDGE_LOOP('',(#3388));
#3388 = ORIENTED_EDGE('',*,*,#3389,.T.);
#3389 = EDGE_CURVE('',#3390,#3390,#3392,.T.);
#3390 = VERTEX_POINT('',#3391);
#3391 = CARTESIAN_POINT('',(109.,1.1554E+03,996.35));
#3392 = SURFACE_CURVE('',#3393,(#3398,#3409),.PCURVE_S1.);
#3393 = CIRCLE('',#3394,2.);
#3394 = AXIS2_PLACEMENT_3D('',#3395,#3396,#3397);
#3395 = CARTESIAN_POINT('',(107.,1.1554E+03,996.35));
#3396 = DIRECTION('',(0.,0.,-1.));
#3397 = DIRECTION('',(1.,0.,0.));
#3398 = PCURVE('',#358,#3399);
#3399 = DEFINITIONAL_REPRESENTATION('',(#3400),#3408);
#3400 = ( BOUNDED_CURVE() B_SPLINE_CURVE(2,(#3401,#3402,#3403,#3404,
#3405,#3406,#3407),.UNSPECIFIED.,.T.,.F.) B_SPLINE_CURVE_WITH_KNOTS((1,2
    ,2,2,2,1),(-2.094395102393,0.,2.094395102393,4.188790204786,
6.28318530718,8.377580409573),.UNSPECIFIED.) CURVE() 
GEOMETRIC_REPRESENTATION_ITEM() RATIONAL_B_SPLINE_CURVE((1.,0.5,1.,0.5,
1.,0.5,1.)) REPRESENTATION_ITEM('') );
#3401 = CARTESIAN_POINT('',(46.,35.4));
#3402 = CARTESIAN_POINT('',(46.,31.935898384862));
#3403 = CARTESIAN_POINT('',(43.,33.667949192431));
#3404 = CARTESIAN_POINT('',(40.,35.4));
#3405 = CARTESIAN_POINT('',(43.,37.132050807569));
#3406 = CARTESIAN_POINT('',(46.,38.864101615138));
#3407 = CARTESIAN_POINT('',(46.,35.4));
#3408 = ( GEOMETRIC_REPRESENTATION_CONTEXT(2) 
PARAMETRIC_REPRESENTATION_CONTEXT() REPRESENTATION_CONTEXT('2D SPACE',''
  ) );
#3409 = PCURVE('',#1139,#3410);
#3410 = DEFINITIONAL_REPRESENTATION('',(#3411),#3415);
#3411 = LINE('',#3412,#3413);
#3412 = CARTESIAN_POINT('',(-6.28318530718,-8.35));
#3413 = VECTOR('',#3414,1.);
#3414 = DIRECTION('',(1.,-0.));
#3415 = ( GEOMETRIC_REPRESENTATION_CONTEXT(2) 
PARAMETRIC_REPRESENTATION_CONTEXT() REPRESENTATION_CONTEXT('2D SPACE',''
  ) );
#3416 = FACE_BOUND('',#3417,.T.);
#3417 = EDGE_LOOP('',(#3418));
#3418 = ORIENTED_EDGE('',*,*,#3419,.T.);
#3419 = EDGE_CURVE('',#3420,#3420,#3422,.T.);
#3420 = VERTEX_POINT('',#3421);
#3421 = CARTESIAN_POINT('',(114.75,1.1674E+03,996.35));
#3422 = SURFACE_CURVE('',#3423,(#3428,#3439),.PCURVE_S1.);
#3423 = CIRCLE('',#3424,2.75);
#3424 = AXIS2_PLACEMENT_3D('',#3425,#3426,#3427);
#3425 = CARTESIAN_POINT('',(112.,1.1674E+03,996.35));
#3426 = DIRECTION('',(0.,0.,-1.));
#3427 = DIRECTION('',(1.,0.,0.));
#3428 = PCURVE('',#358,#3429);
#3429 = DEFINITIONAL_REPRESENTATION('',(#3430),#3438);
#3430 = ( BOUNDED_CURVE() B_SPLINE_CURVE(2,(#3431,#3432,#3433,#3434,
#3435,#3436,#3437),.UNSPECIFIED.,.T.,.F.) B_SPLINE_CURVE_WITH_KNOTS((1,2
    ,2,2,2,1),(-2.094395102393,0.,2.094395102393,4.188790204786,
6.28318530718,8.377580409573),.UNSPECIFIED.) CURVE() 
GEOMETRIC_REPRESENTATION_ITEM() RATIONAL_B_SPLINE_CURVE((1.,0.5,1.,0.5,
1.,0.5,1.)) REPRESENTATION_ITEM('') );
#3431 = CARTESIAN_POINT('',(51.75,47.4));
#3432 = CARTESIAN_POINT('',(51.75,42.636860279186));
#3433 = CARTESIAN_POINT('',(47.625,45.018430139593));
#3434 = CARTESIAN_POINT('',(43.5,47.4));
#3435 = CARTESIAN_POINT('',(47.625,49.781569860407));
#3436 = CARTESIAN_POINT('',(51.75,52.163139720815));
#3437 = CARTESIAN_POINT('',(51.75,47.4));
#3438 = ( GEOMETRIC_REPRESENTATION_CONTEXT(2) 
PARAMETRIC_REPRESENTATION_CONTEXT() REPRESENTATION_CONTEXT('2D SPACE',''
  ) );
#3439 = PCURVE('',#1174,#3440);
#3440 = DEFINITIONAL_REPRESENTATION('',(#3441),#3445);
#3441 = LINE('',#3442,#3443);
#3442 = CARTESIAN_POINT('',(-6.28318530718,-8.35));
#3443 = VECTOR('',#3444,1.);
#3444 = DIRECTION('',(1.,-0.));
#3445 = ( GEOMETRIC_REPRESENTATION_CONTEXT(2) 
PARAMETRIC_REPRESENTATION_CONTEXT() REPRESENTATION_CONTEXT('2D SPACE',''
  ) );
#3446 = ADVANCED_FACE('',(#3447),#413,.T.);
#3447 = FACE_BOUND('',#3448,.T.);
#3448 = EDGE_LOOP('',(#3449,#3470,#3471,#3472));
#3449 = ORIENTED_EDGE('',*,*,#3450,.F.);
#3450 = EDGE_CURVE('',#370,#1763,#3451,.T.);
#3451 = SURFACE_CURVE('',#3452,(#3456,#3463),.PCURVE_S1.);
#3452 = LINE('',#3453,#3454);
#3453 = CARTESIAN_POINT('',(122.,1.13E+03,1.0038E+03));
#3454 = VECTOR('',#3455,1.);
#3455 = DIRECTION('',(0.,1.,0.));
#3456 = PCURVE('',#413,#3457);
#3457 = DEFINITIONAL_REPRESENTATION('',(#3458),#3462);
#3458 = LINE('',#3459,#3460);
#3459 = CARTESIAN_POINT('',(0.,0.));
#3460 = VECTOR('',#3461,1.);
#3461 = DIRECTION('',(0.,1.));
#3462 = ( GEOMETRIC_REPRESENTATION_CONTEXT(2) 
PARAMETRIC_REPRESENTATION_CONTEXT() REPRESENTATION_CONTEXT('2D SPACE',''
  ) );
#3463 = PCURVE('',#385,#3464);
#3464 = DEFINITIONAL_REPRESENTATION('',(#3465),#3469);
#3465 = LINE('',#3466,#3467);
#3466 = CARTESIAN_POINT('',(50.8,0.));
#3467 = VECTOR('',#3468,1.);
#3468 = DIRECTION('',(0.,-1.));
#3469 = ( GEOMETRIC_REPRESENTATION_CONTEXT(2) 
PARAMETRIC_REPRESENTATION_CONTEXT() REPRESENTATION_CONTEXT('2D SPACE',''
  ) );
#3470 = ORIENTED_EDGE('',*,*,#397,.T.);
#3471 = ORIENTED_EDGE('',*,*,#2999,.T.);
#3472 = ORIENTED_EDGE('',*,*,#1785,.F.);
#3473 = ADVANCED_FACE('',(#3474),#385,.F.);
#3474 = FACE_BOUND('',#3475,.F.);
#3475 = EDGE_LOOP('',(#3476,#3477,#3478,#3479,#3500,#3501,#3502,#3503));
#3476 = ORIENTED_EDGE('',*,*,#369,.F.);
#3477 = ORIENTED_EDGE('',*,*,#3094,.F.);
#3478 = ORIENTED_EDGE('',*,*,#1256,.T.);
#3479 = ORIENTED_EDGE('',*,*,#3480,.F.);
#3480 = EDGE_CURVE('',#1517,#1257,#3481,.T.);
#3481 = SURFACE_CURVE('',#3482,(#3486,#3493),.PCURVE_S1.);
#3482 = LINE('',#3483,#3484);
#3483 = CARTESIAN_POINT('',(122.,1.131524E+03,1.000752E+03));
#3484 = VECTOR('',#3485,1.);
#3485 = DIRECTION('',(0.,-1.,0.));
#3486 = PCURVE('',#385,#3487);
#3487 = DEFINITIONAL_REPRESENTATION('',(#3488),#3492);
#3488 = LINE('',#3489,#3490);
#3489 = CARTESIAN_POINT('',(47.752,-1.524));
#3490 = VECTOR('',#3491,1.);
#3491 = DIRECTION('',(0.,1.));
#3492 = ( GEOMETRIC_REPRESENTATION_CONTEXT(2) 
PARAMETRIC_REPRESENTATION_CONTEXT() REPRESENTATION_CONTEXT('2D SPACE',''
  ) );
#3493 = PCURVE('',#1295,#3494);
#3494 = DEFINITIONAL_REPRESENTATION('',(#3495),#3499);
#3495 = LINE('',#3496,#3497);
#3496 = CARTESIAN_POINT('',(1.,-1.524));
#3497 = VECTOR('',#3498,1.);
#3498 = DIRECTION('',(0.,-1.));
#3499 = ( GEOMETRIC_REPRESENTATION_CONTEXT(2) 
PARAMETRIC_REPRESENTATION_CONTEXT() REPRESENTATION_CONTEXT('2D SPACE',''
  ) );
#3500 = ORIENTED_EDGE('',*,*,#1516,.F.);
#3501 = ORIENTED_EDGE('',*,*,#3136,.F.);
#3502 = ORIENTED_EDGE('',*,*,#1762,.T.);
#3503 = ORIENTED_EDGE('',*,*,#3450,.F.);
#3504 = ADVANCED_FACE('',(#3505),#549,.T.);
#3505 = FACE_BOUND('',#3506,.T.);
#3506 = EDGE_LOOP('',(#3507,#3530,#3558,#3579));
#3507 = ORIENTED_EDGE('',*,*,#3508,.F.);
#3508 = EDGE_CURVE('',#3509,#532,#3511,.T.);
#3509 = VERTEX_POINT('',#3510);
#3510 = CARTESIAN_POINT('',(295.,950.,966.15));
#3511 = SURFACE_CURVE('',#3512,(#3516,#3523),.PCURVE_S1.);
#3512 = LINE('',#3513,#3514);
#3513 = CARTESIAN_POINT('',(295.,950.,966.15));
#3514 = VECTOR('',#3515,1.);
#3515 = DIRECTION('',(0.,1.,0.));
#3516 = PCURVE('',#549,#3517);
#3517 = DEFINITIONAL_REPRESENTATION('',(#3518),#3522);
#3518 = LINE('',#3519,#3520);
#3519 = CARTESIAN_POINT('',(0.,0.));
#3520 = VECTOR('',#3521,1.);
#3521 = DIRECTION('',(0.,1.));
#3522 = ( GEOMETRIC_REPRESENTATION_CONTEXT(2) 
PARAMETRIC_REPRESENTATION_CONTEXT() REPRESENTATION_CONTEXT('2D SPACE',''
  ) );
#3523 = PCURVE('',#577,#3524);
#3524 = DEFINITIONAL_REPRESENTATION('',(#3525),#3529);
#3525 = LINE('',#3526,#3527);
#3526 = CARTESIAN_POINT('',(6.35,0.));
#3527 = VECTOR('',#3528,1.);
#3528 = DIRECTION('',(0.,-1.));
#3529 = ( GEOMETRIC_REPRESENTATION_CONTEXT(2) 
PARAMETRIC_REPRESENTATION_CONTEXT() REPRESENTATION_CONTEXT('2D SPACE',''
  ) );
#3530 = ORIENTED_EDGE('',*,*,#3531,.T.);
#3531 = EDGE_CURVE('',#3509,#3532,#3534,.T.);
#3532 = VERTEX_POINT('',#3533);
#3533 = CARTESIAN_POINT('',(855.,950.,966.15));
#3534 = SURFACE_CURVE('',#3535,(#3539,#3546),.PCURVE_S1.);
#3535 = LINE('',#3536,#3537);
#3536 = CARTESIAN_POINT('',(295.,950.,966.15));
#3537 = VECTOR('',#3538,1.);
#3538 = DIRECTION('',(1.,0.,0.));
#3539 = PCURVE('',#549,#3540);
#3540 = DEFINITIONAL_REPRESENTATION('',(#3541),#3545);
#3541 = LINE('',#3542,#3543);
#3542 = CARTESIAN_POINT('',(0.,0.));
#3543 = VECTOR('',#3544,1.);
#3544 = DIRECTION('',(1.,0.));
#3545 = ( GEOMETRIC_REPRESENTATION_CONTEXT(2) 
PARAMETRIC_REPRESENTATION_CONTEXT() REPRESENTATION_CONTEXT('2D SPACE',''
  ) );
#3546 = PCURVE('',#3547,#3552);
#3547 = PLANE('',#3548);
#3548 = AXIS2_PLACEMENT_3D('',#3549,#3550,#3551);
#3549 = CARTESIAN_POINT('',(295.,950.,959.8));
#3550 = DIRECTION('',(0.,1.,0.));
#3551 = DIRECTION('',(0.,0.,1.));
#3552 = DEFINITIONAL_REPRESENTATION('',(#3553),#3557);
#3553 = LINE('',#3554,#3555);
#3554 = CARTESIAN_POINT('',(6.35,0.));
#3555 = VECTOR('',#3556,1.);
#3556 = DIRECTION('',(0.,1.));
#3557 = ( GEOMETRIC_REPRESENTATION_CONTEXT(2) 
PARAMETRIC_REPRESENTATION_CONTEXT() REPRESENTATION_CONTEXT('2D SPACE',''
  ) );
#3558 = ORIENTED_EDGE('',*,*,#3559,.T.);
#3559 = EDGE_CURVE('',#3532,#534,#3560,.T.);
#3560 = SURFACE_CURVE('',#3561,(#3565,#3572),.PCURVE_S1.);
#3561 = LINE('',#3562,#3563);
#3562 = CARTESIAN_POINT('',(855.,950.,966.15));
#3563 = VECTOR('',#3564,1.);
#3564 = DIRECTION('',(0.,1.,0.));
#3565 = PCURVE('',#549,#3566);
#3566 = DEFINITIONAL_REPRESENTATION('',(#3567),#3571);
#3567 = LINE('',#3568,#3569);
#3568 = CARTESIAN_POINT('',(560.,0.));
#3569 = VECTOR('',#3570,1.);
#3570 = DIRECTION('',(0.,1.));
#3571 = ( GEOMETRIC_REPRESENTATION_CONTEXT(2) 
PARAMETRIC_REPRESENTATION_CONTEXT() REPRESENTATION_CONTEXT('2D SPACE',''
  ) );
#3572 = PCURVE('',#631,#3573);
#3573 = DEFINITIONAL_REPRESENTATION('',(#3574),#3578);
#3574 = LINE('',#3575,#3576);
#3575 = CARTESIAN_POINT('',(6.35,0.));
#3576 = VECTOR('',#3577,1.);
#3577 = DIRECTION('',(0.,-1.));
#3578 = ( GEOMETRIC_REPRESENTATION_CONTEXT(2) 
PARAMETRIC_REPRESENTATION_CONTEXT() REPRESENTATION_CONTEXT('2D SPACE',''
  ) );
#3579 = ORIENTED_EDGE('',*,*,#531,.F.);
#3580 = ADVANCED_FACE('',(#3581),#631,.T.);
#3581 = FACE_BOUND('',#3582,.T.);
#3582 = EDGE_LOOP('',(#3583,#3606,#3627,#3628));
#3583 = ORIENTED_EDGE('',*,*,#3584,.F.);
#3584 = EDGE_CURVE('',#3585,#3532,#3587,.T.);
#3585 = VERTEX_POINT('',#3586);
#3586 = CARTESIAN_POINT('',(855.,950.,959.8));
#3587 = SURFACE_CURVE('',#3588,(#3592,#3599),.PCURVE_S1.);
#3588 = LINE('',#3589,#3590);
#3589 = CARTESIAN_POINT('',(855.,950.,959.8));
#3590 = VECTOR('',#3591,1.);
#3591 = DIRECTION('',(0.,0.,1.));
#3592 = PCURVE('',#631,#3593);
#3593 = DEFINITIONAL_REPRESENTATION('',(#3594),#3598);
#3594 = LINE('',#3595,#3596);
#3595 = CARTESIAN_POINT('',(0.,0.));
#3596 = VECTOR('',#3597,1.);
#3597 = DIRECTION('',(1.,0.));
#3598 = ( GEOMETRIC_REPRESENTATION_CONTEXT(2) 
PARAMETRIC_REPRESENTATION_CONTEXT() REPRESENTATION_CONTEXT('2D SPACE',''
  ) );
#3599 = PCURVE('',#3547,#3600);
#3600 = DEFINITIONAL_REPRESENTATION('',(#3601),#3605);
#3601 = LINE('',#3602,#3603);
#3602 = CARTESIAN_POINT('',(0.,560.));
#3603 = VECTOR('',#3604,1.);
#3604 = DIRECTION('',(1.,0.));
#3605 = ( GEOMETRIC_REPRESENTATION_CONTEXT(2) 
PARAMETRIC_REPRESENTATION_CONTEXT() REPRESENTATION_CONTEXT('2D SPACE',''
  ) );
#3606 = ORIENTED_EDGE('',*,*,#3607,.T.);
#3607 = EDGE_CURVE('',#3585,#590,#3608,.T.);
#3608 = SURFACE_CURVE('',#3609,(#3613,#3620),.PCURVE_S1.);
#3609 = LINE('',#3610,#3611);
#3610 = CARTESIAN_POINT('',(855.,950.,959.8));
#3611 = VECTOR('',#3612,1.);
#3612 = DIRECTION('',(0.,1.,0.));
#3613 = PCURVE('',#631,#3614);
#3614 = DEFINITIONAL_REPRESENTATION('',(#3615),#3619);
#3615 = LINE('',#3616,#3617);
#3616 = CARTESIAN_POINT('',(0.,0.));
#3617 = VECTOR('',#3618,1.);
#3618 = DIRECTION('',(0.,-1.));
#3619 = ( GEOMETRIC_REPRESENTATION_CONTEXT(2) 
PARAMETRIC_REPRESENTATION_CONTEXT() REPRESENTATION_CONTEXT('2D SPACE',''
  ) );
#3620 = PCURVE('',#605,#3621);
#3621 = DEFINITIONAL_REPRESENTATION('',(#3622),#3626);
#3622 = LINE('',#3623,#3624);
#3623 = CARTESIAN_POINT('',(560.,0.));
#3624 = VECTOR('',#3625,1.);
#3625 = DIRECTION('',(0.,1.));
#3626 = ( GEOMETRIC_REPRESENTATION_CONTEXT(2) 
PARAMETRIC_REPRESENTATION_CONTEXT() REPRESENTATION_CONTEXT('2D SPACE',''
  ) );
#3627 = ORIENTED_EDGE('',*,*,#617,.T.);
#3628 = ORIENTED_EDGE('',*,*,#3559,.F.);
#3629 = ADVANCED_FACE('',(#3630),#605,.F.);
#3630 = FACE_BOUND('',#3631,.F.);
#3631 = EDGE_LOOP('',(#3632,#3655,#3676,#3677));
#3632 = ORIENTED_EDGE('',*,*,#3633,.F.);
#3633 = EDGE_CURVE('',#3634,#562,#3636,.T.);
#3634 = VERTEX_POINT('',#3635);
#3635 = CARTESIAN_POINT('',(295.,950.,959.8));
#3636 = SURFACE_CURVE('',#3637,(#3641,#3648),.PCURVE_S1.);
#3637 = LINE('',#3638,#3639);
#3638 = CARTESIAN_POINT('',(295.,950.,959.8));
#3639 = VECTOR('',#3640,1.);
#3640 = DIRECTION('',(0.,1.,0.));
#3641 = PCURVE('',#605,#3642);
#3642 = DEFINITIONAL_REPRESENTATION('',(#3643),#3647);
#3643 = LINE('',#3644,#3645);
#3644 = CARTESIAN_POINT('',(0.,0.));
#3645 = VECTOR('',#3646,1.);
#3646 = DIRECTION('',(0.,1.));
#3647 = ( GEOMETRIC_REPRESENTATION_CONTEXT(2) 
PARAMETRIC_REPRESENTATION_CONTEXT() REPRESENTATION_CONTEXT('2D SPACE',''
  ) );
#3648 = PCURVE('',#577,#3649);
#3649 = DEFINITIONAL_REPRESENTATION('',(#3650),#3654);
#3650 = LINE('',#3651,#3652);
#3651 = CARTESIAN_POINT('',(0.,0.));
#3652 = VECTOR('',#3653,1.);
#3653 = DIRECTION('',(0.,-1.));
#3654 = ( GEOMETRIC_REPRESENTATION_CONTEXT(2) 
PARAMETRIC_REPRESENTATION_CONTEXT() REPRESENTATION_CONTEXT('2D SPACE',''
  ) );
#3655 = ORIENTED_EDGE('',*,*,#3656,.T.);
#3656 = EDGE_CURVE('',#3634,#3585,#3657,.T.);
#3657 = SURFACE_CURVE('',#3658,(#3662,#3669),.PCURVE_S1.);
#3658 = LINE('',#3659,#3660);
#3659 = CARTESIAN_POINT('',(295.,950.,959.8));
#3660 = VECTOR('',#3661,1.);
#3661 = DIRECTION('',(1.,0.,0.));
#3662 = PCURVE('',#605,#3663);
#3663 = DEFINITIONAL_REPRESENTATION('',(#3664),#3668);
#3664 = LINE('',#3665,#3666);
#3665 = CARTESIAN_POINT('',(0.,0.));
#3666 = VECTOR('',#3667,1.);
#3667 = DIRECTION('',(1.,0.));
#3668 = ( GEOMETRIC_REPRESENTATION_CONTEXT(2) 
PARAMETRIC_REPRESENTATION_CONTEXT() REPRESENTATION_CONTEXT('2D SPACE',''
  ) );
#3669 = PCURVE('',#3547,#3670);
#3670 = DEFINITIONAL_REPRESENTATION('',(#3671),#3675);
#3671 = LINE('',#3672,#3673);
#3672 = CARTESIAN_POINT('',(0.,0.));
#3673 = VECTOR('',#3674,1.);
#3674 = DIRECTION('',(0.,1.));
#3675 = ( GEOMETRIC_REPRESENTATION_CONTEXT(2) 
PARAMETRIC_REPRESENTATION_CONTEXT() REPRESENTATION_CONTEXT('2D SPACE',''
  ) );
#3676 = ORIENTED_EDGE('',*,*,#3607,.T.);
#3677 = ORIENTED_EDGE('',*,*,#589,.F.);
#3678 = ADVANCED_FACE('',(#3679),#577,.F.);
#3679 = FACE_BOUND('',#3680,.F.);
#3680 = EDGE_LOOP('',(#3681,#3702,#3703,#3704));
#3681 = ORIENTED_EDGE('',*,*,#3682,.F.);
#3682 = EDGE_CURVE('',#3634,#3509,#3683,.T.);
#3683 = SURFACE_CURVE('',#3684,(#3688,#3695),.PCURVE_S1.);
#3684 = LINE('',#3685,#3686);
#3685 = CARTESIAN_POINT('',(295.,950.,959.8));
#3686 = VECTOR('',#3687,1.);
#3687 = DIRECTION('',(0.,0.,1.));
#3688 = PCURVE('',#577,#3689);
#3689 = DEFINITIONAL_REPRESENTATION('',(#3690),#3694);
#3690 = LINE('',#3691,#3692);
#3691 = CARTESIAN_POINT('',(0.,0.));
#3692 = VECTOR('',#3693,1.);
#3693 = DIRECTION('',(1.,0.));
#3694 = ( GEOMETRIC_REPRESENTATION_CONTEXT(2) 
PARAMETRIC_REPRESENTATION_CONTEXT() REPRESENTATION_CONTEXT('2D SPACE',''
  ) );
#3695 = PCURVE('',#3547,#3696);
#3696 = DEFINITIONAL_REPRESENTATION('',(#3697),#3701);
#3697 = LINE('',#3698,#3699);
#3698 = CARTESIAN_POINT('',(0.,0.));
#3699 = VECTOR('',#3700,1.);
#3700 = DIRECTION('',(1.,0.));
#3701 = ( GEOMETRIC_REPRESENTATION_CONTEXT(2) 
PARAMETRIC_REPRESENTATION_CONTEXT() REPRESENTATION_CONTEXT('2D SPACE',''
  ) );
#3702 = ORIENTED_EDGE('',*,*,#3633,.T.);
#3703 = ORIENTED_EDGE('',*,*,#561,.T.);
#3704 = ORIENTED_EDGE('',*,*,#3508,.F.);
#3705 = ADVANCED_FACE('',(#3706),#664,.T.);
#3706 = FACE_BOUND('',#3707,.T.);
#3707 = EDGE_LOOP('',(#3708,#3709,#3730,#3731));
#3708 = ORIENTED_EDGE('',*,*,#646,.F.);
#3709 = ORIENTED_EDGE('',*,*,#3710,.T.);
#3710 = EDGE_CURVE('',#647,#3024,#3711,.T.);
#3711 = SURFACE_CURVE('',#3712,(#3716,#3723),.PCURVE_S1.);
#3712 = LINE('',#3713,#3714);
#3713 = CARTESIAN_POINT('',(63.,1.19E+03,990.));
#3714 = VECTOR('',#3715,1.);
#3715 = DIRECTION('',(0.,0.,1.));
#3716 = PCURVE('',#664,#3717);
#3717 = DEFINITIONAL_REPRESENTATION('',(#3718),#3722);
#3718 = LINE('',#3719,#3720);
#3719 = CARTESIAN_POINT('',(0.,0.));
#3720 = VECTOR('',#3721,1.);
#3721 = DIRECTION('',(1.,0.));
#3722 = ( GEOMETRIC_REPRESENTATION_CONTEXT(2) 
PARAMETRIC_REPRESENTATION_CONTEXT() REPRESENTATION_CONTEXT('2D SPACE',''
  ) );
#3723 = PCURVE('',#692,#3724);
#3724 = DEFINITIONAL_REPRESENTATION('',(#3725),#3729);
#3725 = LINE('',#3726,#3727);
#3726 = CARTESIAN_POINT('',(0.,-70.));
#3727 = VECTOR('',#3728,1.);
#3728 = DIRECTION('',(1.,0.));
#3729 = ( GEOMETRIC_REPRESENTATION_CONTEXT(2) 
PARAMETRIC_REPRESENTATION_CONTEXT() REPRESENTATION_CONTEXT('2D SPACE',''
  ) );
#3730 = ORIENTED_EDGE('',*,*,#3023,.T.);
#3731 = ORIENTED_EDGE('',*,*,#3732,.F.);
#3732 = EDGE_CURVE('',#649,#3026,#3733,.T.);
#3733 = SURFACE_CURVE('',#3734,(#3738,#3745),.PCURVE_S1.);
#3734 = LINE('',#3735,#3736);
#3735 = CARTESIAN_POINT('',(146.35,1.19E+03,990.));
#3736 = VECTOR('',#3737,1.);
#3737 = DIRECTION('',(0.,0.,1.));
#3738 = PCURVE('',#664,#3739);
#3739 = DEFINITIONAL_REPRESENTATION('',(#3740),#3744);
#3740 = LINE('',#3741,#3742);
#3741 = CARTESIAN_POINT('',(0.,83.35));
#3742 = VECTOR('',#3743,1.);
#3743 = DIRECTION('',(1.,0.));
#3744 = ( GEOMETRIC_REPRESENTATION_CONTEXT(2) 
PARAMETRIC_REPRESENTATION_CONTEXT() REPRESENTATION_CONTEXT('2D SPACE',''
  ) );
#3745 = PCURVE('',#859,#3746);
#3746 = DEFINITIONAL_REPRESENTATION('',(#3747),#3751);
#3747 = LINE('',#3748,#3749);
#3748 = CARTESIAN_POINT('',(0.,-70.));
#3749 = VECTOR('',#3750,1.);
#3750 = DIRECTION('',(1.,0.));
#3751 = ( GEOMETRIC_REPRESENTATION_CONTEXT(2) 
PARAMETRIC_REPRESENTATION_CONTEXT() REPRESENTATION_CONTEXT('2D SPACE',''
  ) );
#3752 = ADVANCED_FACE('',(#3753),#859,.T.);
#3753 = FACE_BOUND('',#3754,.T.);
#3754 = EDGE_LOOP('',(#3755,#3756,#3757,#3758));
#3755 = ORIENTED_EDGE('',*,*,#3156,.F.);
#3756 = ORIENTED_EDGE('',*,*,#1720,.T.);
#3757 = ORIENTED_EDGE('',*,*,#845,.T.);
#3758 = ORIENTED_EDGE('',*,*,#3732,.T.);
#3759 = ADVANCED_FACE('',(#3760),#692,.F.);
#3760 = FACE_BOUND('',#3761,.F.);
#3761 = EDGE_LOOP('',(#3762,#3783,#3784,#3785));
#3762 = ORIENTED_EDGE('',*,*,#3763,.F.);
#3763 = EDGE_CURVE('',#677,#3049,#3764,.T.);
#3764 = SURFACE_CURVE('',#3765,(#3769,#3776),.PCURVE_S1.);
#3765 = LINE('',#3766,#3767);
#3766 = CARTESIAN_POINT('',(63.,1.12E+03,990.));
#3767 = VECTOR('',#3768,1.);
#3768 = DIRECTION('',(0.,0.,1.));
#3769 = PCURVE('',#692,#3770);
#3770 = DEFINITIONAL_REPRESENTATION('',(#3771),#3775);
#3771 = LINE('',#3772,#3773);
#3772 = CARTESIAN_POINT('',(0.,0.));
#3773 = VECTOR('',#3774,1.);
#3774 = DIRECTION('',(1.,0.));
#3775 = ( GEOMETRIC_REPRESENTATION_CONTEXT(2) 
PARAMETRIC_REPRESENTATION_CONTEXT() REPRESENTATION_CONTEXT('2D SPACE',''
  ) );
#3776 = PCURVE('',#720,#3777);
#3777 = DEFINITIONAL_REPRESENTATION('',(#3778),#3782);
#3778 = LINE('',#3779,#3780);
#3779 = CARTESIAN_POINT('',(0.,0.));
#3780 = VECTOR('',#3781,1.);
#3781 = DIRECTION('',(1.,0.));
#3782 = ( GEOMETRIC_REPRESENTATION_CONTEXT(2) 
PARAMETRIC_REPRESENTATION_CONTEXT() REPRESENTATION_CONTEXT('2D SPACE',''
  ) );
#3783 = ORIENTED_EDGE('',*,*,#676,.T.);
#3784 = ORIENTED_EDGE('',*,*,#3710,.T.);
#3785 = ORIENTED_EDGE('',*,*,#3048,.F.);
#3786 = ADVANCED_FACE('',(#3787),#720,.F.);
#3787 = FACE_BOUND('',#3788,.F.);
#3788 = EDGE_LOOP('',(#3789,#3790,#3791,#3792));
#3789 = ORIENTED_EDGE('',*,*,#704,.F.);
#3790 = ORIENTED_EDGE('',*,*,#3763,.T.);
#3791 = ORIENTED_EDGE('',*,*,#3071,.T.);
#3792 = ORIENTED_EDGE('',*,*,#2946,.F.);
#3793 = ADVANCED_FACE('',(#3794),#792,.T.);
#3794 = FACE_BOUND('',#3795,.T.);
#3795 = EDGE_LOOP('',(#3796,#3797,#3798,#3799));
#3796 = ORIENTED_EDGE('',*,*,#3114,.F.);
#3797 = ORIENTED_EDGE('',*,*,#1214,.T.);
#3798 = ORIENTED_EDGE('',*,*,#776,.T.);
#3799 = ORIENTED_EDGE('',*,*,#1474,.F.);
#3800 = ADVANCED_FACE('',(#3801),#894,.F.);
#3801 = FACE_BOUND('',#3802,.T.);
#3802 = EDGE_LOOP('',(#3803,#3804,#3825,#3826));
#3803 = ORIENTED_EDGE('',*,*,#873,.T.);
#3804 = ORIENTED_EDGE('',*,*,#3805,.T.);
#3805 = EDGE_CURVE('',#874,#3180,#3806,.T.);
#3806 = SEAM_CURVE('',#3807,(#3811,#3818),.PCURVE_S1.);
#3807 = LINE('',#3808,#3809);
#3808 = CARTESIAN_POINT('',(78.3,1.127E+03,988.));
#3809 = VECTOR('',#3810,1.);
#3810 = DIRECTION('',(0.,0.,1.));
#3811 = PCURVE('',#894,#3812);
#3812 = DEFINITIONAL_REPRESENTATION('',(#3813),#3817);
#3813 = LINE('',#3814,#3815);
#3814 = CARTESIAN_POINT('',(-6.28318530718,0.));
#3815 = VECTOR('',#3816,1.);
#3816 = DIRECTION('',(-0.,-1.));
#3817 = ( GEOMETRIC_REPRESENTATION_CONTEXT(2) 
PARAMETRIC_REPRESENTATION_CONTEXT() REPRESENTATION_CONTEXT('2D SPACE',''
  ) );
#3818 = PCURVE('',#894,#3819);
#3819 = DEFINITIONAL_REPRESENTATION('',(#3820),#3824);
#3820 = LINE('',#3821,#3822);
#3821 = CARTESIAN_POINT('',(-0.,0.));
#3822 = VECTOR('',#3823,1.);
#3823 = DIRECTION('',(-0.,-1.));
#3824 = ( GEOMETRIC_REPRESENTATION_CONTEXT(2) 
PARAMETRIC_REPRESENTATION_CONTEXT() REPRESENTATION_CONTEXT('2D SPACE',''
  ) );
#3825 = ORIENTED_EDGE('',*,*,#3179,.F.);
#3826 = ORIENTED_EDGE('',*,*,#3805,.F.);
#3827 = ADVANCED_FACE('',(#3828),#929,.F.);
#3828 = FACE_BOUND('',#3829,.T.);
#3829 = EDGE_LOOP('',(#3830,#3831,#3852,#3853));
#3830 = ORIENTED_EDGE('',*,*,#908,.T.);
#3831 = ORIENTED_EDGE('',*,*,#3832,.T.);
#3832 = EDGE_CURVE('',#909,#3210,#3833,.T.);
#3833 = SEAM_CURVE('',#3834,(#3838,#3845),.PCURVE_S1.);
#3834 = LINE('',#3835,#3836);
#3835 = CARTESIAN_POINT('',(75.75,1.1434E+03,988.));
#3836 = VECTOR('',#3837,1.);
#3837 = DIRECTION('',(0.,0.,1.));
#3838 = PCURVE('',#929,#3839);
#3839 = DEFINITIONAL_REPRESENTATION('',(#3840),#3844);
#3840 = LINE('',#3841,#3842);
#3841 = CARTESIAN_POINT('',(-6.28318530718,0.));
#3842 = VECTOR('',#3843,1.);
#3843 = DIRECTION('',(-0.,-1.));
#3844 = ( GEOMETRIC_REPRESENTATION_CONTEXT(2) 
PARAMETRIC_REPRESENTATION_CONTEXT() REPRESENTATION_CONTEXT('2D SPACE',''
  ) );
#3845 = PCURVE('',#929,#3846);
#3846 = DEFINITIONAL_REPRESENTATION('',(#3847),#3851);
#3847 = LINE('',#3848,#3849);
#3848 = CARTESIAN_POINT('',(-0.,0.));
#3849 = VECTOR('',#3850,1.);
#3850 = DIRECTION('',(-0.,-1.));
#3851 = ( GEOMETRIC_REPRESENTATION_CONTEXT(2) 
PARAMETRIC_REPRESENTATION_CONTEXT() REPRESENTATION_CONTEXT('2D SPACE',''
  ) );
#3852 = ORIENTED_EDGE('',*,*,#3209,.F.);
#3853 = ORIENTED_EDGE('',*,*,#3832,.F.);
#3854 = ADVANCED_FACE('',(#3855),#964,.F.);
#3855 = FACE_BOUND('',#3856,.T.);
#3856 = EDGE_LOOP('',(#3857,#3858,#3879,#3880));
#3857 = ORIENTED_EDGE('',*,*,#943,.T.);
#3858 = ORIENTED_EDGE('',*,*,#3859,.T.);
#3859 = EDGE_CURVE('',#944,#3240,#3860,.T.);
#3860 = SEAM_CURVE('',#3861,(#3865,#3872),.PCURVE_S1.);
#3861 = LINE('',#3862,#3863);
#3862 = CARTESIAN_POINT('',(114.75,1.1434E+03,988.));
#3863 = VECTOR('',#3864,1.);
#3864 = DIRECTION('',(0.,0.,1.));
#3865 = PCURVE('',#964,#3866);
#3866 = DEFINITIONAL_REPRESENTATION('',(#3867),#3871);
#3867 = LINE('',#3868,#3869);
#3868 = CARTESIAN_POINT('',(-6.28318530718,0.));
#3869 = VECTOR('',#3870,1.);
#3870 = DIRECTION('',(-0.,-1.));
#3871 = ( GEOMETRIC_REPRESENTATION_CONTEXT(2) 
PARAMETRIC_REPRESENTATION_CONTEXT() REPRESENTATION_CONTEXT('2D SPACE',''
  ) );
#3872 = PCURVE('',#964,#3873);
#3873 = DEFINITIONAL_REPRESENTATION('',(#3874),#3878);
#3874 = LINE('',#3875,#3876);
#3875 = CARTESIAN_POINT('',(-0.,0.));
#3876 = VECTOR('',#3877,1.);
#3877 = DIRECTION('',(-0.,-1.));
#3878 = ( GEOMETRIC_REPRESENTATION_CONTEXT(2) 
PARAMETRIC_REPRESENTATION_CONTEXT() REPRESENTATION_CONTEXT('2D SPACE',''
  ) );
#3879 = ORIENTED_EDGE('',*,*,#3239,.F.);
#3880 = ORIENTED_EDGE('',*,*,#3859,.F.);
#3881 = ADVANCED_FACE('',(#3882),#999,.F.);
#3882 = FACE_BOUND('',#3883,.T.);
#3883 = EDGE_LOOP('',(#3884,#3885,#3906,#3907));
#3884 = ORIENTED_EDGE('',*,*,#978,.T.);
#3885 = ORIENTED_EDGE('',*,*,#3886,.T.);
#3886 = EDGE_CURVE('',#979,#3270,#3887,.T.);
#3887 = SEAM_CURVE('',#3888,(#3892,#3899),.PCURVE_S1.);
#3888 = LINE('',#3889,#3890);
#3889 = CARTESIAN_POINT('',(75.,1.1554E+03,988.));
#3890 = VECTOR('',#3891,1.);
#3891 = DIRECTION('',(0.,0.,1.));
#3892 = PCURVE('',#999,#3893);
#3893 = DEFINITIONAL_REPRESENTATION('',(#3894),#3898);
#3894 = LINE('',#3895,#3896);
#3895 = CARTESIAN_POINT('',(-6.28318530718,0.));
#3896 = VECTOR('',#3897,1.);
#3897 = DIRECTION('',(-0.,-1.));
#3898 = ( GEOMETRIC_REPRESENTATION_CONTEXT(2) 
PARAMETRIC_REPRESENTATION_CONTEXT() REPRESENTATION_CONTEXT('2D SPACE',''
  ) );
#3899 = PCURVE('',#999,#3900);
#3900 = DEFINITIONAL_REPRESENTATION('',(#3901),#3905);
#3901 = LINE('',#3902,#3903);
#3902 = CARTESIAN_POINT('',(-0.,0.));
#3903 = VECTOR('',#3904,1.);
#3904 = DIRECTION('',(-0.,-1.));
#3905 = ( GEOMETRIC_REPRESENTATION_CONTEXT(2) 
PARAMETRIC_REPRESENTATION_CONTEXT() REPRESENTATION_CONTEXT('2D SPACE',''
  ) );
#3906 = ORIENTED_EDGE('',*,*,#3269,.F.);
#3907 = ORIENTED_EDGE('',*,*,#3886,.F.);
#3908 = ADVANCED_FACE('',(#3909),#1034,.F.);
#3909 = FACE_BOUND('',#3910,.T.);
#3910 = EDGE_LOOP('',(#3911,#3912,#3933,#3934));
#3911 = ORIENTED_EDGE('',*,*,#1013,.T.);
#3912 = ORIENTED_EDGE('',*,*,#3913,.T.);
#3913 = EDGE_CURVE('',#1014,#3300,#3914,.T.);
#3914 = SEAM_CURVE('',#3915,(#3919,#3926),.PCURVE_S1.);
#3915 = LINE('',#3916,#3917);
#3916 = CARTESIAN_POINT('',(75.75,1.1674E+03,988.));
#3917 = VECTOR('',#3918,1.);
#3918 = DIRECTION('',(0.,0.,1.));
#3919 = PCURVE('',#1034,#3920);
#3920 = DEFINITIONAL_REPRESENTATION('',(#3921),#3925);
#3921 = LINE('',#3922,#3923);
#3922 = CARTESIAN_POINT('',(-6.28318530718,0.));
#3923 = VECTOR('',#3924,1.);
#3924 = DIRECTION('',(-0.,-1.));
#3925 = ( GEOMETRIC_REPRESENTATION_CONTEXT(2) 
PARAMETRIC_REPRESENTATION_CONTEXT() REPRESENTATION_CONTEXT('2D SPACE',''
  ) );
#3926 = PCURVE('',#1034,#3927);
#3927 = DEFINITIONAL_REPRESENTATION('',(#3928),#3932);
#3928 = LINE('',#3929,#3930);
#3929 = CARTESIAN_POINT('',(-0.,0.));
#3930 = VECTOR('',#3931,1.);
#3931 = DIRECTION('',(-0.,-1.));
#3932 = ( GEOMETRIC_REPRESENTATION_CONTEXT(2) 
PARAMETRIC_REPRESENTATION_CONTEXT() REPRESENTATION_CONTEXT('2D SPACE',''
  ) );
#3933 = ORIENTED_EDGE('',*,*,#3299,.F.);
#3934 = ORIENTED_EDGE('',*,*,#3913,.F.);
#3935 = ADVANCED_FACE('',(#3936),#1069,.F.);
#3936 = FACE_BOUND('',#3937,.T.);
#3937 = EDGE_LOOP('',(#3938,#3939,#3960,#3961));
#3938 = ORIENTED_EDGE('',*,*,#1048,.T.);
#3939 = ORIENTED_EDGE('',*,*,#3940,.T.);
#3940 = EDGE_CURVE('',#1049,#3330,#3941,.T.);
#3941 = SEAM_CURVE('',#3942,(#3946,#3953),.PCURVE_S1.);
#3942 = LINE('',#3943,#3944);
#3943 = CARTESIAN_POINT('',(96.,1.1554E+03,988.));
#3944 = VECTOR('',#3945,1.);
#3945 = DIRECTION('',(0.,0.,1.));
#3946 = PCURVE('',#1069,#3947);
#3947 = DEFINITIONAL_REPRESENTATION('',(#3948),#3952);
#3948 = LINE('',#3949,#3950);
#3949 = CARTESIAN_POINT('',(-6.28318530718,0.));
#3950 = VECTOR('',#3951,1.);
#3951 = DIRECTION('',(-0.,-1.));
#3952 = ( GEOMETRIC_REPRESENTATION_CONTEXT(2) 
PARAMETRIC_REPRESENTATION_CONTEXT() REPRESENTATION_CONTEXT('2D SPACE',''
  ) );
#3953 = PCURVE('',#1069,#3954);
#3954 = DEFINITIONAL_REPRESENTATION('',(#3955),#3959);
#3955 = LINE('',#3956,#3957);
#3956 = CARTESIAN_POINT('',(-0.,0.));
#3957 = VECTOR('',#3958,1.);
#3958 = DIRECTION('',(-0.,-1.));
#3959 = ( GEOMETRIC_REPRESENTATION_CONTEXT(2) 
PARAMETRIC_REPRESENTATION_CONTEXT() REPRESENTATION_CONTEXT('2D SPACE',''
  ) );
#3960 = ORIENTED_EDGE('',*,*,#3329,.F.);
#3961 = ORIENTED_EDGE('',*,*,#3940,.F.);
#3962 = ADVANCED_FACE('',(#3963),#1104,.F.);
#3963 = FACE_BOUND('',#3964,.T.);
#3964 = EDGE_LOOP('',(#3965,#3966,#3987,#3988));
#3965 = ORIENTED_EDGE('',*,*,#1083,.T.);
#3966 = ORIENTED_EDGE('',*,*,#3967,.T.);
#3967 = EDGE_CURVE('',#1084,#3360,#3968,.T.);
#3968 = SEAM_CURVE('',#3969,(#3973,#3980),.PCURVE_S1.);
#3969 = LINE('',#3970,#3971);
#3970 = CARTESIAN_POINT('',(78.3,1.183E+03,988.));
#3971 = VECTOR('',#3972,1.);
#3972 = DIRECTION('',(0.,0.,1.));
#3973 = PCURVE('',#1104,#3974);
#3974 = DEFINITIONAL_REPRESENTATION('',(#3975),#3979);
#3975 = LINE('',#3976,#3977);
#3976 = CARTESIAN_POINT('',(-6.28318530718,0.));
#3977 = VECTOR('',#3978,1.);
#3978 = DIRECTION('',(-0.,-1.));
#3979 = ( GEOMETRIC_REPRESENTATION_CONTEXT(2) 
PARAMETRIC_REPRESENTATION_CONTEXT() REPRESENTATION_CONTEXT('2D SPACE',''
  ) );
#3980 = PCURVE('',#1104,#3981);
#3981 = DEFINITIONAL_REPRESENTATION('',(#3982),#3986);
#3982 = LINE('',#3983,#3984);
#3983 = CARTESIAN_POINT('',(-0.,0.));
#3984 = VECTOR('',#3985,1.);
#3985 = DIRECTION('',(-0.,-1.));
#3986 = ( GEOMETRIC_REPRESENTATION_CONTEXT(2) 
PARAMETRIC_REPRESENTATION_CONTEXT() REPRESENTATION_CONTEXT('2D SPACE',''
  ) );
#3987 = ORIENTED_EDGE('',*,*,#3359,.F.);
#3988 = ORIENTED_EDGE('',*,*,#3967,.F.);
#3989 = ADVANCED_FACE('',(#3990),#1139,.F.);
#3990 = FACE_BOUND('',#3991,.T.);
#3991 = EDGE_LOOP('',(#3992,#3993,#4014,#4015));
#3992 = ORIENTED_EDGE('',*,*,#1118,.T.);
#3993 = ORIENTED_EDGE('',*,*,#3994,.T.);
#3994 = EDGE_CURVE('',#1119,#3390,#3995,.T.);
#3995 = SEAM_CURVE('',#3996,(#4000,#4007),.PCURVE_S1.);
#3996 = LINE('',#3997,#3998);
#3997 = CARTESIAN_POINT('',(109.,1.1554E+03,988.));
#3998 = VECTOR('',#3999,1.);
#3999 = DIRECTION('',(0.,0.,1.));
#4000 = PCURVE('',#1139,#4001);
#4001 = DEFINITIONAL_REPRESENTATION('',(#4002),#4006);
#4002 = LINE('',#4003,#4004);
#4003 = CARTESIAN_POINT('',(-6.28318530718,0.));
#4004 = VECTOR('',#4005,1.);
#4005 = DIRECTION('',(-0.,-1.));
#4006 = ( GEOMETRIC_REPRESENTATION_CONTEXT(2) 
PARAMETRIC_REPRESENTATION_CONTEXT() REPRESENTATION_CONTEXT('2D SPACE',''
  ) );
#4007 = PCURVE('',#1139,#4008);
#4008 = DEFINITIONAL_REPRESENTATION('',(#4009),#4013);
#4009 = LINE('',#4010,#4011);
#4010 = CARTESIAN_POINT('',(-0.,0.));
#4011 = VECTOR('',#4012,1.);
#4012 = DIRECTION('',(-0.,-1.));
#4013 = ( GEOMETRIC_REPRESENTATION_CONTEXT(2) 
PARAMETRIC_REPRESENTATION_CONTEXT() REPRESENTATION_CONTEXT('2D SPACE',''
  ) );
#4014 = ORIENTED_EDGE('',*,*,#3389,.F.);
#4015 = ORIENTED_EDGE('',*,*,#3994,.F.);
#4016 = ADVANCED_FACE('',(#4017),#1174,.F.);
#4017 = FACE_BOUND('',#4018,.T.);
#4018 = EDGE_LOOP('',(#4019,#4020,#4041,#4042));
#4019 = ORIENTED_EDGE('',*,*,#1153,.T.);
#4020 = ORIENTED_EDGE('',*,*,#4021,.T.);
#4021 = EDGE_CURVE('',#1154,#3420,#4022,.T.);
#4022 = SEAM_CURVE('',#4023,(#4027,#4034),.PCURVE_S1.);
#4023 = LINE('',#4024,#4025);
#4024 = CARTESIAN_POINT('',(114.75,1.1674E+03,988.));
#4025 = VECTOR('',#4026,1.);
#4026 = DIRECTION('',(0.,0.,1.));
#4027 = PCURVE('',#1174,#4028);
#4028 = DEFINITIONAL_REPRESENTATION('',(#4029),#4033);
#4029 = LINE('',#4030,#4031);
#4030 = CARTESIAN_POINT('',(-6.28318530718,0.));
#4031 = VECTOR('',#4032,1.);
#4032 = DIRECTION('',(-0.,-1.));
#4033 = ( GEOMETRIC_REPRESENTATION_CONTEXT(2) 
PARAMETRIC_REPRESENTATION_CONTEXT() REPRESENTATION_CONTEXT('2D SPACE',''
  ) );
#4034 = PCURVE('',#1174,#4035);
#4035 = DEFINITIONAL_REPRESENTATION('',(#4036),#4040);
#4036 = LINE('',#4037,#4038);
#4037 = CARTESIAN_POINT('',(-0.,0.));
#4038 = VECTOR('',#4039,1.);
#4039 = DIRECTION('',(-0.,-1.));
#4040 = ( GEOMETRIC_REPRESENTATION_CONTEXT(2) 
PARAMETRIC_REPRESENTATION_CONTEXT() REPRESENTATION_CONTEXT('2D SPACE',''
  ) );
#4041 = ORIENTED_EDGE('',*,*,#3419,.F.);
#4042 = ORIENTED_EDGE('',*,*,#4021,.F.);
#4043 = ADVANCED_FACE('',(#4044),#1366,.F.);
#4044 = FACE_BOUND('',#4045,.F.);
#4045 = EDGE_LOOP('',(#4046,#4047,#4048,#4049));
#4046 = ORIENTED_EDGE('',*,*,#2608,.F.);
#4047 = ORIENTED_EDGE('',*,*,#1351,.T.);
#4048 = ORIENTED_EDGE('',*,*,#2105,.T.);
#4049 = ORIENTED_EDGE('',*,*,#1606,.F.);
#4050 = ADVANCED_FACE('',(#4051),#1295,.F.);
#4051 = FACE_BOUND('',#4052,.F.);
#4052 = EDGE_LOOP('',(#4053,#4054,#4055,#4056));
#4053 = ORIENTED_EDGE('',*,*,#1539,.F.);
#4054 = ORIENTED_EDGE('',*,*,#3480,.T.);
#4055 = ORIENTED_EDGE('',*,*,#1279,.T.);
#4056 = ORIENTED_EDGE('',*,*,#2975,.F.);
#4057 = ADVANCED_FACE('',(#4058),#1867,.F.);
#4058 = FACE_BOUND('',#4059,.F.);
#4059 = EDGE_LOOP('',(#4060,#4061,#4062,#4063));
#4060 = ORIENTED_EDGE('',*,*,#2566,.F.);
#4061 = ORIENTED_EDGE('',*,*,#1852,.T.);
#4062 = ORIENTED_EDGE('',*,*,#2081,.T.);
#4063 = ORIENTED_EDGE('',*,*,#4064,.T.);
#4064 = EDGE_CURVE('',#2054,#2544,#4065,.T.);
#4065 = SURFACE_CURVE('',#4066,(#4070,#4077),.PCURVE_S1.);
#4066 = LINE('',#4067,#4068);
#4067 = CARTESIAN_POINT('',(1.00365E+03,1.19E+03,990.));
#4068 = VECTOR('',#4069,1.);
#4069 = DIRECTION('',(0.,0.,1.));
#4070 = PCURVE('',#1867,#4071);
#4071 = DEFINITIONAL_REPRESENTATION('',(#4072),#4076);
#4072 = LINE('',#4073,#4074);
#4073 = CARTESIAN_POINT('',(0.,-70.));
#4074 = VECTOR('',#4075,1.);
#4075 = DIRECTION('',(1.,0.));
#4076 = ( GEOMETRIC_REPRESENTATION_CONTEXT(2) 
PARAMETRIC_REPRESENTATION_CONTEXT() REPRESENTATION_CONTEXT('2D SPACE',''
  ) );
#4077 = PCURVE('',#2069,#4078);
#4078 = DEFINITIONAL_REPRESENTATION('',(#4079),#4083);
#4079 = LINE('',#4080,#4081);
#4080 = CARTESIAN_POINT('',(0.,0.));
#4081 = VECTOR('',#4082,1.);
#4082 = DIRECTION('',(1.,0.));
#4083 = ( GEOMETRIC_REPRESENTATION_CONTEXT(2) 
PARAMETRIC_REPRESENTATION_CONTEXT() REPRESENTATION_CONTEXT('2D SPACE',''
  ) );
#4084 = ADVANCED_FACE('',(#4085),#2013,.F.);
#4085 = FACE_BOUND('',#4086,.F.);
#4086 = EDGE_LOOP('',(#4087,#4088,#4089,#4090));
#4087 = ORIENTED_EDGE('',*,*,#1997,.F.);
#4088 = ORIENTED_EDGE('',*,*,#2470,.T.);
#4089 = ORIENTED_EDGE('',*,*,#2497,.T.);
#4090 = ORIENTED_EDGE('',*,*,#4091,.F.);
#4091 = EDGE_CURVE('',#1998,#2498,#4092,.T.);
#4092 = SURFACE_CURVE('',#4093,(#4097,#4104),.PCURVE_S1.);
#4093 = LINE('',#4094,#4095);
#4094 = CARTESIAN_POINT('',(1.087E+03,1.12E+03,990.));
#4095 = VECTOR('',#4096,1.);
#4096 = DIRECTION('',(0.,0.,1.));
#4097 = PCURVE('',#2013,#4098);
#4098 = DEFINITIONAL_REPRESENTATION('',(#4099),#4103);
#4099 = LINE('',#4100,#4101);
#4100 = CARTESIAN_POINT('',(0.,83.35));
#4101 = VECTOR('',#4102,1.);
#4102 = DIRECTION('',(1.,0.));
#4103 = ( GEOMETRIC_REPRESENTATION_CONTEXT(2) 
PARAMETRIC_REPRESENTATION_CONTEXT() REPRESENTATION_CONTEXT('2D SPACE',''
  ) );
#4104 = PCURVE('',#2041,#4105);
#4105 = DEFINITIONAL_REPRESENTATION('',(#4106),#4110);
#4106 = LINE('',#4107,#4108);
#4107 = CARTESIAN_POINT('',(0.,0.));
#4108 = VECTOR('',#4109,1.);
#4109 = DIRECTION('',(1.,0.));
#4110 = ( GEOMETRIC_REPRESENTATION_CONTEXT(2) 
PARAMETRIC_REPRESENTATION_CONTEXT() REPRESENTATION_CONTEXT('2D SPACE',''
  ) );
#4111 = ADVANCED_FACE('',(#4112),#2041,.T.);
#4112 = FACE_BOUND('',#4113,.T.);
#4113 = EDGE_LOOP('',(#4114,#4115,#4116,#4137));
#4114 = ORIENTED_EDGE('',*,*,#4091,.F.);
#4115 = ORIENTED_EDGE('',*,*,#2025,.T.);
#4116 = ORIENTED_EDGE('',*,*,#4117,.T.);
#4117 = EDGE_CURVE('',#2026,#2521,#4118,.T.);
#4118 = SURFACE_CURVE('',#4119,(#4123,#4130),.PCURVE_S1.);
#4119 = LINE('',#4120,#4121);
#4120 = CARTESIAN_POINT('',(1.087E+03,1.19E+03,990.));
#4121 = VECTOR('',#4122,1.);
#4122 = DIRECTION('',(0.,0.,1.));
#4123 = PCURVE('',#2041,#4124);
#4124 = DEFINITIONAL_REPRESENTATION('',(#4125),#4129);
#4125 = LINE('',#4126,#4127);
#4126 = CARTESIAN_POINT('',(0.,-70.));
#4127 = VECTOR('',#4128,1.);
#4128 = DIRECTION('',(1.,0.));
#4129 = ( GEOMETRIC_REPRESENTATION_CONTEXT(2) 
PARAMETRIC_REPRESENTATION_CONTEXT() REPRESENTATION_CONTEXT('2D SPACE',''
  ) );
#4130 = PCURVE('',#2069,#4131);
#4131 = DEFINITIONAL_REPRESENTATION('',(#4132),#4136);
#4132 = LINE('',#4133,#4134);
#4133 = CARTESIAN_POINT('',(0.,83.35));
#4134 = VECTOR('',#4135,1.);
#4135 = DIRECTION('',(1.,0.));
#4136 = ( GEOMETRIC_REPRESENTATION_CONTEXT(2) 
PARAMETRIC_REPRESENTATION_CONTEXT() REPRESENTATION_CONTEXT('2D SPACE',''
  ) );
#4137 = ORIENTED_EDGE('',*,*,#2520,.F.);
#4138 = ADVANCED_FACE('',(#4139),#2069,.T.);
#4139 = FACE_BOUND('',#4140,.T.);
#4140 = EDGE_LOOP('',(#4141,#4142,#4143,#4144));
#4141 = ORIENTED_EDGE('',*,*,#2053,.F.);
#4142 = ORIENTED_EDGE('',*,*,#4064,.T.);
#4143 = ORIENTED_EDGE('',*,*,#2543,.T.);
#4144 = ORIENTED_EDGE('',*,*,#4117,.F.);
#4145 = ADVANCED_FACE('',(#4146),#2152,.F.);
#4146 = FACE_BOUND('',#4147,.T.);
#4147 = EDGE_LOOP('',(#4148,#4149,#4170,#4171));
#4148 = ORIENTED_EDGE('',*,*,#2131,.T.);
#4149 = ORIENTED_EDGE('',*,*,#4150,.T.);
#4150 = EDGE_CURVE('',#2132,#2653,#4151,.T.);
#4151 = SEAM_CURVE('',#4152,(#4156,#4163),.PCURVE_S1.);
#4152 = LINE('',#4153,#4154);
#4153 = CARTESIAN_POINT('',(1.04075E+03,1.1434E+03,988.));
#4154 = VECTOR('',#4155,1.);
#4155 = DIRECTION('',(0.,0.,1.));
#4156 = PCURVE('',#2152,#4157);
#4157 = DEFINITIONAL_REPRESENTATION('',(#4158),#4162);
#4158 = LINE('',#4159,#4160);
#4159 = CARTESIAN_POINT('',(-6.28318530718,0.));
#4160 = VECTOR('',#4161,1.);
#4161 = DIRECTION('',(-0.,-1.));
#4162 = ( GEOMETRIC_REPRESENTATION_CONTEXT(2) 
PARAMETRIC_REPRESENTATION_CONTEXT() REPRESENTATION_CONTEXT('2D SPACE',''
  ) );
#4163 = PCURVE('',#2152,#4164);
#4164 = DEFINITIONAL_REPRESENTATION('',(#4165),#4169);
#4165 = LINE('',#4166,#4167);
#4166 = CARTESIAN_POINT('',(-0.,0.));
#4167 = VECTOR('',#4168,1.);
#4168 = DIRECTION('',(-0.,-1.));
#4169 = ( GEOMETRIC_REPRESENTATION_CONTEXT(2) 
PARAMETRIC_REPRESENTATION_CONTEXT() REPRESENTATION_CONTEXT('2D SPACE',''
  ) );
#4170 = ORIENTED_EDGE('',*,*,#2652,.F.);
#4171 = ORIENTED_EDGE('',*,*,#4150,.F.);
#4172 = ADVANCED_FACE('',(#4173),#2187,.F.);
#4173 = FACE_BOUND('',#4174,.T.);
#4174 = EDGE_LOOP('',(#4175,#4176,#4197,#4198));
#4175 = ORIENTED_EDGE('',*,*,#2166,.T.);
#4176 = ORIENTED_EDGE('',*,*,#4177,.T.);
#4177 = EDGE_CURVE('',#2167,#2683,#4178,.T.);
#4178 = SEAM_CURVE('',#4179,(#4183,#4190),.PCURVE_S1.);
#4179 = LINE('',#4180,#4181);
#4180 = CARTESIAN_POINT('',(1.0783E+03,1.127E+03,988.));
#4181 = VECTOR('',#4182,1.);
#4182 = DIRECTION('',(0.,0.,1.));
#4183 = PCURVE('',#2187,#4184);
#4184 = DEFINITIONAL_REPRESENTATION('',(#4185),#4189);
#4185 = LINE('',#4186,#4187);
#4186 = CARTESIAN_POINT('',(-6.28318530718,0.));
#4187 = VECTOR('',#4188,1.);
#4188 = DIRECTION('',(-0.,-1.));
#4189 = ( GEOMETRIC_REPRESENTATION_CONTEXT(2) 
PARAMETRIC_REPRESENTATION_CONTEXT() REPRESENTATION_CONTEXT('2D SPACE',''
  ) );
#4190 = PCURVE('',#2187,#4191);
#4191 = DEFINITIONAL_REPRESENTATION('',(#4192),#4196);
#4192 = LINE('',#4193,#4194);
#4193 = CARTESIAN_POINT('',(-0.,0.));
#4194 = VECTOR('',#4195,1.);
#4195 = DIRECTION('',(-0.,-1.));
#4196 = ( GEOMETRIC_REPRESENTATION_CONTEXT(2) 
PARAMETRIC_REPRESENTATION_CONTEXT() REPRESENTATION_CONTEXT('2D SPACE',''
  ) );
#4197 = ORIENTED_EDGE('',*,*,#2682,.F.);
#4198 = ORIENTED_EDGE('',*,*,#4177,.F.);
#4199 = ADVANCED_FACE('',(#4200),#2222,.F.);
#4200 = FACE_BOUND('',#4201,.T.);
#4201 = EDGE_LOOP('',(#4202,#4203,#4224,#4225));
#4202 = ORIENTED_EDGE('',*,*,#2201,.T.);
#4203 = ORIENTED_EDGE('',*,*,#4204,.T.);
#4204 = EDGE_CURVE('',#2202,#2713,#4205,.T.);
#4205 = SEAM_CURVE('',#4206,(#4210,#4217),.PCURVE_S1.);
#4206 = LINE('',#4207,#4208);
#4207 = CARTESIAN_POINT('',(1.07975E+03,1.1434E+03,988.));
#4208 = VECTOR('',#4209,1.);
#4209 = DIRECTION('',(0.,0.,1.));
#4210 = PCURVE('',#2222,#4211);
#4211 = DEFINITIONAL_REPRESENTATION('',(#4212),#4216);
#4212 = LINE('',#4213,#4214);
#4213 = CARTESIAN_POINT('',(-6.28318530718,0.));
#4214 = VECTOR('',#4215,1.);
#4215 = DIRECTION('',(-0.,-1.));
#4216 = ( GEOMETRIC_REPRESENTATION_CONTEXT(2) 
PARAMETRIC_REPRESENTATION_CONTEXT() REPRESENTATION_CONTEXT('2D SPACE',''
  ) );
#4217 = PCURVE('',#2222,#4218);
#4218 = DEFINITIONAL_REPRESENTATION('',(#4219),#4223);
#4219 = LINE('',#4220,#4221);
#4220 = CARTESIAN_POINT('',(-0.,0.));
#4221 = VECTOR('',#4222,1.);
#4222 = DIRECTION('',(-0.,-1.));
#4223 = ( GEOMETRIC_REPRESENTATION_CONTEXT(2) 
PARAMETRIC_REPRESENTATION_CONTEXT() REPRESENTATION_CONTEXT('2D SPACE',''
  ) );
#4224 = ORIENTED_EDGE('',*,*,#2712,.F.);
#4225 = ORIENTED_EDGE('',*,*,#4204,.F.);
#4226 = ADVANCED_FACE('',(#4227),#2257,.F.);
#4227 = FACE_BOUND('',#4228,.T.);
#4228 = EDGE_LOOP('',(#4229,#4230,#4251,#4252));
#4229 = ORIENTED_EDGE('',*,*,#2236,.T.);
#4230 = ORIENTED_EDGE('',*,*,#4231,.T.);
#4231 = EDGE_CURVE('',#2237,#2743,#4232,.T.);
#4232 = SEAM_CURVE('',#4233,(#4237,#4244),.PCURVE_S1.);
#4233 = LINE('',#4234,#4235);
#4234 = CARTESIAN_POINT('',(1.045E+03,1.1554E+03,988.));
#4235 = VECTOR('',#4236,1.);
#4236 = DIRECTION('',(0.,0.,1.));
#4237 = PCURVE('',#2257,#4238);
#4238 = DEFINITIONAL_REPRESENTATION('',(#4239),#4243);
#4239 = LINE('',#4240,#4241);
#4240 = CARTESIAN_POINT('',(-6.28318530718,0.));
#4241 = VECTOR('',#4242,1.);
#4242 = DIRECTION('',(-0.,-1.));
#4243 = ( GEOMETRIC_REPRESENTATION_CONTEXT(2) 
PARAMETRIC_REPRESENTATION_CONTEXT() REPRESENTATION_CONTEXT('2D SPACE',''
  ) );
#4244 = PCURVE('',#2257,#4245);
#4245 = DEFINITIONAL_REPRESENTATION('',(#4246),#4250);
#4246 = LINE('',#4247,#4248);
#4247 = CARTESIAN_POINT('',(-0.,0.));
#4248 = VECTOR('',#4249,1.);
#4249 = DIRECTION('',(-0.,-1.));
#4250 = ( GEOMETRIC_REPRESENTATION_CONTEXT(2) 
PARAMETRIC_REPRESENTATION_CONTEXT() REPRESENTATION_CONTEXT('2D SPACE',''
  ) );
#4251 = ORIENTED_EDGE('',*,*,#2742,.F.);
#4252 = ORIENTED_EDGE('',*,*,#4231,.F.);
#4253 = ADVANCED_FACE('',(#4254),#2292,.F.);
#4254 = FACE_BOUND('',#4255,.T.);
#4255 = EDGE_LOOP('',(#4256,#4257,#4278,#4279));
#4256 = ORIENTED_EDGE('',*,*,#2271,.T.);
#4257 = ORIENTED_EDGE('',*,*,#4258,.T.);
#4258 = EDGE_CURVE('',#2272,#2773,#4259,.T.);
#4259 = SEAM_CURVE('',#4260,(#4264,#4271),.PCURVE_S1.);
#4260 = LINE('',#4261,#4262);
#4261 = CARTESIAN_POINT('',(1.04075E+03,1.1674E+03,988.));
#4262 = VECTOR('',#4263,1.);
#4263 = DIRECTION('',(0.,0.,1.));
#4264 = PCURVE('',#2292,#4265);
#4265 = DEFINITIONAL_REPRESENTATION('',(#4266),#4270);
#4266 = LINE('',#4267,#4268);
#4267 = CARTESIAN_POINT('',(-6.28318530718,0.));
#4268 = VECTOR('',#4269,1.);
#4269 = DIRECTION('',(-0.,-1.));
#4270 = ( GEOMETRIC_REPRESENTATION_CONTEXT(2) 
PARAMETRIC_REPRESENTATION_CONTEXT() REPRESENTATION_CONTEXT('2D SPACE',''
  ) );
#4271 = PCURVE('',#2292,#4272);
#4272 = DEFINITIONAL_REPRESENTATION('',(#4273),#4277);
#4273 = LINE('',#4274,#4275);
#4274 = CARTESIAN_POINT('',(-0.,0.));
#4275 = VECTOR('',#4276,1.);
#4276 = DIRECTION('',(-0.,-1.));
#4277 = ( GEOMETRIC_REPRESENTATION_CONTEXT(2) 
PARAMETRIC_REPRESENTATION_CONTEXT() REPRESENTATION_CONTEXT('2D SPACE',''
  ) );
#4278 = ORIENTED_EDGE('',*,*,#2772,.F.);
#4279 = ORIENTED_EDGE('',*,*,#4258,.F.);
#4280 = ADVANCED_FACE('',(#4281),#2327,.F.);
#4281 = FACE_BOUND('',#4282,.T.);
#4282 = EDGE_LOOP('',(#4283,#4284,#4305,#4306));
#4283 = ORIENTED_EDGE('',*,*,#2306,.T.);
#4284 = ORIENTED_EDGE('',*,*,#4285,.T.);
#4285 = EDGE_CURVE('',#2307,#2803,#4286,.T.);
#4286 = SEAM_CURVE('',#4287,(#4291,#4298),.PCURVE_S1.);
#4287 = LINE('',#4288,#4289);
#4288 = CARTESIAN_POINT('',(1.066E+03,1.1554E+03,988.));
#4289 = VECTOR('',#4290,1.);
#4290 = DIRECTION('',(0.,0.,1.));
#4291 = PCURVE('',#2327,#4292);
#4292 = DEFINITIONAL_REPRESENTATION('',(#4293),#4297);
#4293 = LINE('',#4294,#4295);
#4294 = CARTESIAN_POINT('',(-6.28318530718,0.));
#4295 = VECTOR('',#4296,1.);
#4296 = DIRECTION('',(-0.,-1.));
#4297 = ( GEOMETRIC_REPRESENTATION_CONTEXT(2) 
PARAMETRIC_REPRESENTATION_CONTEXT() REPRESENTATION_CONTEXT('2D SPACE',''
  ) );
#4298 = PCURVE('',#2327,#4299);
#4299 = DEFINITIONAL_REPRESENTATION('',(#4300),#4304);
#4300 = LINE('',#4301,#4302);
#4301 = CARTESIAN_POINT('',(-0.,0.));
#4302 = VECTOR('',#4303,1.);
#4303 = DIRECTION('',(-0.,-1.));
#4304 = ( GEOMETRIC_REPRESENTATION_CONTEXT(2) 
PARAMETRIC_REPRESENTATION_CONTEXT() REPRESENTATION_CONTEXT('2D SPACE',''
  ) );
#4305 = ORIENTED_EDGE('',*,*,#2802,.F.);
#4306 = ORIENTED_EDGE('',*,*,#4285,.F.);
#4307 = ADVANCED_FACE('',(#4308),#2362,.F.);
#4308 = FACE_BOUND('',#4309,.T.);
#4309 = EDGE_LOOP('',(#4310,#4311,#4332,#4333));
#4310 = ORIENTED_EDGE('',*,*,#2341,.T.);
#4311 = ORIENTED_EDGE('',*,*,#4312,.T.);
#4312 = EDGE_CURVE('',#2342,#2833,#4313,.T.);
#4313 = SEAM_CURVE('',#4314,(#4318,#4325),.PCURVE_S1.);
#4314 = LINE('',#4315,#4316);
#4315 = CARTESIAN_POINT('',(1.079E+03,1.1554E+03,988.));
#4316 = VECTOR('',#4317,1.);
#4317 = DIRECTION('',(0.,0.,1.));
#4318 = PCURVE('',#2362,#4319);
#4319 = DEFINITIONAL_REPRESENTATION('',(#4320),#4324);
#4320 = LINE('',#4321,#4322);
#4321 = CARTESIAN_POINT('',(-6.28318530718,0.));
#4322 = VECTOR('',#4323,1.);
#4323 = DIRECTION('',(-0.,-1.));
#4324 = ( GEOMETRIC_REPRESENTATION_CONTEXT(2) 
PARAMETRIC_REPRESENTATION_CONTEXT() REPRESENTATION_CONTEXT('2D SPACE',''
  ) );
#4325 = PCURVE('',#2362,#4326);
#4326 = DEFINITIONAL_REPRESENTATION('',(#4327),#4331);
#4327 = LINE('',#4328,#4329);
#4328 = CARTESIAN_POINT('',(-0.,0.));
#4329 = VECTOR('',#4330,1.);
#4330 = DIRECTION('',(-0.,-1.));
#4331 = ( GEOMETRIC_REPRESENTATION_CONTEXT(2) 
PARAMETRIC_REPRESENTATION_CONTEXT() REPRESENTATION_CONTEXT('2D SPACE',''
  ) );
#4332 = ORIENTED_EDGE('',*,*,#2832,.F.);
#4333 = ORIENTED_EDGE('',*,*,#4312,.F.);
#4334 = ADVANCED_FACE('',(#4335),#2397,.F.);
#4335 = FACE_BOUND('',#4336,.T.);
#4336 = EDGE_LOOP('',(#4337,#4338,#4359,#4360));
#4337 = ORIENTED_EDGE('',*,*,#2376,.T.);
#4338 = ORIENTED_EDGE('',*,*,#4339,.T.);
#4339 = EDGE_CURVE('',#2377,#2863,#4340,.T.);
#4340 = SEAM_CURVE('',#4341,(#4345,#4352),.PCURVE_S1.);
#4341 = LINE('',#4342,#4343);
#4342 = CARTESIAN_POINT('',(1.07975E+03,1.1674E+03,988.));
#4343 = VECTOR('',#4344,1.);
#4344 = DIRECTION('',(0.,0.,1.));
#4345 = PCURVE('',#2397,#4346);
#4346 = DEFINITIONAL_REPRESENTATION('',(#4347),#4351);
#4347 = LINE('',#4348,#4349);
#4348 = CARTESIAN_POINT('',(-6.28318530718,0.));
#4349 = VECTOR('',#4350,1.);
#4350 = DIRECTION('',(-0.,-1.));
#4351 = ( GEOMETRIC_REPRESENTATION_CONTEXT(2) 
PARAMETRIC_REPRESENTATION_CONTEXT() REPRESENTATION_CONTEXT('2D SPACE',''
  ) );
#4352 = PCURVE('',#2397,#4353);
#4353 = DEFINITIONAL_REPRESENTATION('',(#4354),#4358);
#4354 = LINE('',#4355,#4356);
#4355 = CARTESIAN_POINT('',(-0.,0.));
#4356 = VECTOR('',#4357,1.);
#4357 = DIRECTION('',(-0.,-1.));
#4358 = ( GEOMETRIC_REPRESENTATION_CONTEXT(2) 
PARAMETRIC_REPRESENTATION_CONTEXT() REPRESENTATION_CONTEXT('2D SPACE',''
  ) );
#4359 = ORIENTED_EDGE('',*,*,#2862,.F.);
#4360 = ORIENTED_EDGE('',*,*,#4339,.F.);
#4361 = ADVANCED_FACE('',(#4362),#2432,.F.);
#4362 = FACE_BOUND('',#4363,.T.);
#4363 = EDGE_LOOP('',(#4364,#4365,#4386,#4387));
#4364 = ORIENTED_EDGE('',*,*,#2411,.T.);
#4365 = ORIENTED_EDGE('',*,*,#4366,.T.);
#4366 = EDGE_CURVE('',#2412,#2893,#4367,.T.);
#4367 = SEAM_CURVE('',#4368,(#4372,#4379),.PCURVE_S1.);
#4368 = LINE('',#4369,#4370);
#4369 = CARTESIAN_POINT('',(1.0783E+03,1.183E+03,988.));
#4370 = VECTOR('',#4371,1.);
#4371 = DIRECTION('',(0.,0.,1.));
#4372 = PCURVE('',#2432,#4373);
#4373 = DEFINITIONAL_REPRESENTATION('',(#4374),#4378);
#4374 = LINE('',#4375,#4376);
#4375 = CARTESIAN_POINT('',(-6.28318530718,0.));
#4376 = VECTOR('',#4377,1.);
#4377 = DIRECTION('',(-0.,-1.));
#4378 = ( GEOMETRIC_REPRESENTATION_CONTEXT(2) 
PARAMETRIC_REPRESENTATION_CONTEXT() REPRESENTATION_CONTEXT('2D SPACE',''
  ) );
#4379 = PCURVE('',#2432,#4380);
#4380 = DEFINITIONAL_REPRESENTATION('',(#4381),#4385);
#4381 = LINE('',#4382,#4383);
#4382 = CARTESIAN_POINT('',(-0.,0.));
#4383 = VECTOR('',#4384,1.);
#4384 = DIRECTION('',(-0.,-1.));
#4385 = ( GEOMETRIC_REPRESENTATION_CONTEXT(2) 
PARAMETRIC_REPRESENTATION_CONTEXT() REPRESENTATION_CONTEXT('2D SPACE',''
  ) );
#4386 = ORIENTED_EDGE('',*,*,#2892,.F.);
#4387 = ORIENTED_EDGE('',*,*,#4366,.F.);
#4388 = ADVANCED_FACE('',(#4389),#3547,.F.);
#4389 = FACE_BOUND('',#4390,.F.);
#4390 = EDGE_LOOP('',(#4391,#4392,#4393,#4394));
#4391 = ORIENTED_EDGE('',*,*,#3656,.F.);
#4392 = ORIENTED_EDGE('',*,*,#3682,.T.);
#4393 = ORIENTED_EDGE('',*,*,#3531,.T.);
#4394 = ORIENTED_EDGE('',*,*,#3584,.F.);
#4395 = ( GEOMETRIC_REPRESENTATION_CONTEXT(3) 
GLOBAL_UNCERTAINTY_ASSIGNED_CONTEXT((#4399)) 
GLOBAL_UNIT_ASSIGNED_CONTEXT((#4396,#4397,#4398)) REPRESENTATION_CONTEXT
('Context #1','3D Context with UNIT and UNCERTAINTY') );
#4396 = ( LENGTH_UNIT() NAMED_UNIT(*) SI_UNIT(.MILLI.,.METRE.) );
#4397 = ( NAMED_UNIT(*) PLANE_ANGLE_UNIT() SI_UNIT($,.RADIAN.) );
#4398 = ( NAMED_UNIT(*) SI_UNIT($,.STERADIAN.) SOLID_ANGLE_UNIT() );
#4399 = UNCERTAINTY_MEASURE_WITH_UNIT(LENGTH_MEASURE(1.E-07),#4396,
  'distance_accuracy_value','confusion accuracy');
#4400 = PRODUCT_RELATED_PRODUCT_CATEGORY('part',$,(#7));
ENDSEC;
END-ISO-10303-21;
