ISO-10303-21;
HEADER;
FILE_DESCRIPTION(('Open CASCADE Model'),'2;1');
FILE_NAME('Open CASCADE Shape Model','2026-09-25T01:45:52',('Author'),(
    'Open CASCADE'),'Open CASCADE STEP processor 7.8','Open CASCADE 7.8'
  ,'Unknown');
FILE_SCHEMA(('AUTOMOTIVE_DESIGN { 1 0 10303 214 1 1 1 1 }'));
ENDSEC;
DATA;
#1 = APPLICATION_PROTOCOL_DEFINITION('international standard',
  'automotive_design',2000,#2);
#2 = APPLICATION_CONTEXT(
  'core data for automotive mechanical design processes');
#3 = SHAPE_DEFINITION_REPRESENTATION(#4,#10);
#4 = PRODUCT_DEFINITION_SHAPE('','',#5);
#5 = PRODUCT_DEFINITION('design','',#6,#9);
#6 = PRODUCT_DEFINITION_FORMATION('','',#7);
#7 = PRODUCT('Open CASCADE STEP translator 7.8 120',
  'Open CASCADE STEP translator 7.8 120','',(#8));
#8 = PRODUCT_CONTEXT('',#2,'mechanical');
#9 = PRODUCT_DEFINITION_CONTEXT('part definition',#2,'design');
#10 = ADVANCED_BREP_SHAPE_REPRESENTATION('',(#11,#15),#12383);
#11 = AXIS2_PLACEMENT_3D('',#12,#13,#14);
#12 = CARTESIAN_POINT('',(0.,0.,0.));
#13 = DIRECTION('',(0.,0.,1.));
#14 = DIRECTION('',(1.,0.,-0.));
#15 = MANIFOLD_SOLID_BREP('',#16);
#16 = CLOSED_SHELL('',(#17,#137,#263,#389,#3063,#5599,#5651,#5703,#5728,
    #5776,#5828,#5853,#5927,#5975,#6087,#6135,#6202,#6229,#6256,#6283,
    #6310,#6337,#6409,#6457,#6524,#6551,#6578,#6605,#6614,#6641,#6696,
    #6751,#6806,#6833,#6888,#6943,#6998,#7025,#7080,#7135,#7190,#7217,
    #7272,#7299,#7354,#7409,#7436,#7491,#7546,#7601,#7656,#7683,#7738,
    #7793,#7820,#7875,#7930,#7957,#8012,#8067,#8122,#8177,#8232,#8287,
    #8314,#8369,#8424,#8451,#8506,#8561,#8616,#8643,#8698,#8753,#8808,
    #8835,#8890,#8945,#9000,#9055,#9110,#9137,#9192,#9247,#9302,#9329,
    #9384,#9439,#9494,#9521,#9553,#9585,#9617,#9671,#9725,#9779,#9833,
    #9887,#9941,#9995,#10049,#10103,#10157,#10211,#10265,#10319,#10373,
    #10427,#10481,#10535,#10589,#10643,#10697,#10751,#10805,#10859,
    #10913,#10967,#11021,#11075,#11129,#11183,#11237,#11291,#11345,
    #11399,#11453,#11507,#11561,#11615,#11669,#11723,#11777,#11831,
    #11885,#11939,#11993,#12047,#12054,#12061,#12068,#12075,#12082,
    #12089,#12096,#12103,#12110,#12117,#12124,#12131,#12138,#12145,
    #12152,#12159,#12166,#12173,#12180,#12187,#12194,#12201,#12208,
    #12215,#12222,#12229,#12236,#12243,#12250,#12257,#12264,#12271,
    #12278,#12285,#12292,#12299,#12306,#12313,#12320,#12327,#12334,
    #12341,#12348,#12355,#12362,#12369,#12376));
#17 = ADVANCED_FACE('',(#18),#32,.F.);
#18 = FACE_BOUND('',#19,.F.);
#19 = EDGE_LOOP('',(#20,#55,#83,#111));
#20 = ORIENTED_EDGE('',*,*,#21,.T.);
#21 = EDGE_CURVE('',#22,#24,#26,.T.);
#22 = VERTEX_POINT('',#23);
#23 = CARTESIAN_POINT('',(0.,0.,0.));
#24 = VERTEX_POINT('',#25);
#25 = CARTESIAN_POINT('',(0.,0.,12.7));
#26 = SURFACE_CURVE('',#27,(#31,#43),.PCURVE_S1.);
#27 = LINE('',#28,#29);
#28 = CARTESIAN_POINT('',(0.,0.,0.));
#29 = VECTOR('',#30,1.);
#30 = DIRECTION('',(0.,0.,1.));
#31 = PCURVE('',#32,#37);
#32 = PLANE('',#33);
#33 = AXIS2_PLACEMENT_3D('',#34,#35,#36);
#34 = CARTESIAN_POINT('',(0.,0.,0.));
#35 = DIRECTION('',(0.,1.,0.));
#36 = DIRECTION('',(1.,0.,0.));
#37 = DEFINITIONAL_REPRESENTATION('',(#38),#42);
#38 = LINE('',#39,#40);
#39 = CARTESIAN_POINT('',(0.,0.));
#40 = VECTOR('',#41,1.);
#41 = DIRECTION('',(0.,-1.));
#42 = ( GEOMETRIC_REPRESENTATION_CONTEXT(2) 
PARAMETRIC_REPRESENTATION_CONTEXT() REPRESENTATION_CONTEXT('2D SPACE',''
  ) );
#43 = PCURVE('',#44,#49);
#44 = PLANE('',#45);
#45 = AXIS2_PLACEMENT_3D('',#46,#47,#48);
#46 = CARTESIAN_POINT('',(0.,1.197E+03,0.));
#47 = DIRECTION('',(1.,0.,-0.));
#48 = DIRECTION('',(0.,-1.,0.));
#49 = DEFINITIONAL_REPRESENTATION('',(#50),#54);
#50 = LINE('',#51,#52);
#51 = CARTESIAN_POINT('',(1.197E+03,0.));
#52 = VECTOR('',#53,1.);
#53 = DIRECTION('',(0.,-1.));
#54 = ( GEOMETRIC_REPRESENTATION_CONTEXT(2) 
PARAMETRIC_REPRESENTATION_CONTEXT() REPRESENTATION_CONTEXT('2D SPACE',''
  ) );
#55 = ORIENTED_EDGE('',*,*,#56,.T.);
#56 = EDGE_CURVE('',#24,#57,#59,.T.);
#57 = VERTEX_POINT('',#58);
#58 = CARTESIAN_POINT('',(938.4,0.,12.7));
#59 = SURFACE_CURVE('',#60,(#64,#71),.PCURVE_S1.);
#60 = LINE('',#61,#62);
#61 = CARTESIAN_POINT('',(0.,0.,12.7));
#62 = VECTOR('',#63,1.);
#63 = DIRECTION('',(1.,0.,0.));
#64 = PCURVE('',#32,#65);
#65 = DEFINITIONAL_REPRESENTATION('',(#66),#70);
#66 = LINE('',#67,#68);
#67 = CARTESIAN_POINT('',(0.,-12.7));
#68 = VECTOR('',#69,1.);
#69 = DIRECTION('',(1.,0.));
#70 = ( GEOMETRIC_REPRESENTATION_CONTEXT(2) 
PARAMETRIC_REPRESENTATION_CONTEXT() REPRESENTATION_CONTEXT('2D SPACE',''
  ) );
#71 = PCURVE('',#72,#77);
#72 = PLANE('',#73);
#73 = AXIS2_PLACEMENT_3D('',#74,#75,#76);
#74 = CARTESIAN_POINT('',(480.56177834348,605.92131102827,12.7));
#75 = DIRECTION('',(0.,0.,1.));
#76 = DIRECTION('',(1.,0.,-0.));
#77 = DEFINITIONAL_REPRESENTATION('',(#78),#82);
#78 = LINE('',#79,#80);
#79 = CARTESIAN_POINT('',(-480.5617783434,-605.9213110282));
#80 = VECTOR('',#81,1.);
#81 = DIRECTION('',(1.,0.));
#82 = ( GEOMETRIC_REPRESENTATION_CONTEXT(2) 
PARAMETRIC_REPRESENTATION_CONTEXT() REPRESENTATION_CONTEXT('2D SPACE',''
  ) );
#83 = ORIENTED_EDGE('',*,*,#84,.F.);
#84 = EDGE_CURVE('',#85,#57,#87,.T.);
#85 = VERTEX_POINT('',#86);
#86 = CARTESIAN_POINT('',(938.4,0.,0.));
#87 = SURFACE_CURVE('',#88,(#92,#99),.PCURVE_S1.);
#88 = LINE('',#89,#90);
#89 = CARTESIAN_POINT('',(938.4,0.,0.));
#90 = VECTOR('',#91,1.);
#91 = DIRECTION('',(0.,0.,1.));
#92 = PCURVE('',#32,#93);
#93 = DEFINITIONAL_REPRESENTATION('',(#94),#98);
#94 = LINE('',#95,#96);
#95 = CARTESIAN_POINT('',(938.4,0.));
#96 = VECTOR('',#97,1.);
#97 = DIRECTION('',(0.,-1.));
#98 = ( GEOMETRIC_REPRESENTATION_CONTEXT(2) 
PARAMETRIC_REPRESENTATION_CONTEXT() REPRESENTATION_CONTEXT('2D SPACE',''
  ) );
#99 = PCURVE('',#100,#105);
#100 = PLANE('',#101);
#101 = AXIS2_PLACEMENT_3D('',#102,#103,#104);
#102 = CARTESIAN_POINT('',(938.4,0.,0.));
#103 = DIRECTION('',(-1.,0.,0.));
#104 = DIRECTION('',(0.,1.,0.));
#105 = DEFINITIONAL_REPRESENTATION('',(#106),#110);
#106 = LINE('',#107,#108);
#107 = CARTESIAN_POINT('',(0.,0.));
#108 = VECTOR('',#109,1.);
#109 = DIRECTION('',(0.,-1.));
#110 = ( GEOMETRIC_REPRESENTATION_CONTEXT(2) 
PARAMETRIC_REPRESENTATION_CONTEXT() REPRESENTATION_CONTEXT('2D SPACE',''
  ) );
#111 = ORIENTED_EDGE('',*,*,#112,.F.);
#112 = EDGE_CURVE('',#22,#85,#113,.T.);
#113 = SURFACE_CURVE('',#114,(#118,#125),.PCURVE_S1.);
#114 = LINE('',#115,#116);
#115 = CARTESIAN_POINT('',(0.,0.,0.));
#116 = VECTOR('',#117,1.);
#117 = DIRECTION('',(1.,0.,0.));
#118 = PCURVE('',#32,#119);
#119 = DEFINITIONAL_REPRESENTATION('',(#120),#124);
#120 = LINE('',#121,#122);
#121 = CARTESIAN_POINT('',(0.,0.));
#122 = VECTOR('',#123,1.);
#123 = DIRECTION('',(1.,0.));
#124 = ( GEOMETRIC_REPRESENTATION_CONTEXT(2) 
PARAMETRIC_REPRESENTATION_CONTEXT() REPRESENTATION_CONTEXT('2D SPACE',''
  ) );
#125 = PCURVE('',#126,#131);
#126 = PLANE('',#127);
#127 = AXIS2_PLACEMENT_3D('',#128,#129,#130);
#128 = CARTESIAN_POINT('',(480.56177834348,605.92131102827,0.));
#129 = DIRECTION('',(0.,0.,1.));
#130 = DIRECTION('',(1.,0.,-0.));
#131 = DEFINITIONAL_REPRESENTATION('',(#132),#136);
#132 = LINE('',#133,#134);
#133 = CARTESIAN_POINT('',(-480.5617783434,-605.9213110282));
#134 = VECTOR('',#135,1.);
#135 = DIRECTION('',(1.,0.));
#136 = ( GEOMETRIC_REPRESENTATION_CONTEXT(2) 
PARAMETRIC_REPRESENTATION_CONTEXT() REPRESENTATION_CONTEXT('2D SPACE',''
  ) );
#137 = ADVANCED_FACE('',(#138),#44,.F.);
#138 = FACE_BOUND('',#139,.F.);
#139 = EDGE_LOOP('',(#140,#163,#189,#215,#241,#262));
#140 = ORIENTED_EDGE('',*,*,#141,.F.);
#141 = EDGE_CURVE('',#142,#22,#144,.T.);
#142 = VERTEX_POINT('',#143);
#143 = CARTESIAN_POINT('',(0.,92.337754898206,0.));
#144 = SURFACE_CURVE('',#145,(#149,#156),.PCURVE_S1.);
#145 = LINE('',#146,#147);
#146 = CARTESIAN_POINT('',(0.,1.197E+03,0.));
#147 = VECTOR('',#148,1.);
#148 = DIRECTION('',(0.,-1.,0.));
#149 = PCURVE('',#44,#150);
#150 = DEFINITIONAL_REPRESENTATION('',(#151),#155);
#151 = LINE('',#152,#153);
#152 = CARTESIAN_POINT('',(0.,0.));
#153 = VECTOR('',#154,1.);
#154 = DIRECTION('',(1.,0.));
#155 = ( GEOMETRIC_REPRESENTATION_CONTEXT(2) 
PARAMETRIC_REPRESENTATION_CONTEXT() REPRESENTATION_CONTEXT('2D SPACE',''
  ) );
#156 = PCURVE('',#126,#157);
#157 = DEFINITIONAL_REPRESENTATION('',(#158),#162);
#158 = LINE('',#159,#160);
#159 = CARTESIAN_POINT('',(-480.5617783434,591.07868897172));
#160 = VECTOR('',#161,1.);
#161 = DIRECTION('',(0.,-1.));
#162 = ( GEOMETRIC_REPRESENTATION_CONTEXT(2) 
PARAMETRIC_REPRESENTATION_CONTEXT() REPRESENTATION_CONTEXT('2D SPACE',''
  ) );
#163 = ORIENTED_EDGE('',*,*,#164,.F.);
#164 = EDGE_CURVE('',#165,#142,#167,.T.);
#165 = VERTEX_POINT('',#166);
#166 = CARTESIAN_POINT('',(2.22044604925E-15,92.337754898204,6.));
#167 = SURFACE_CURVE('',#168,(#172,#178),.PCURVE_S1.);
#168 = LINE('',#169,#170);
#169 = CARTESIAN_POINT('',(0.,92.337754898204,-1.E-03));
#170 = VECTOR('',#171,1.);
#171 = DIRECTION('',(-0.,-0.,-1.));
#172 = PCURVE('',#44,#173);
#173 = DEFINITIONAL_REPRESENTATION('',(#174),#177);
#174 = B_SPLINE_CURVE_WITH_KNOTS('',1,(#175,#176),.UNSPECIFIED.,.F.,.F.,
  (2,2),(-6.0010006,5.999999999999E-07),.PIECEWISE_BEZIER_KNOTS.);
#175 = CARTESIAN_POINT('',(1.104662245102E+03,-6.0000006));
#176 = CARTESIAN_POINT('',(1.104662245102E+03,1.0006E-03));
#177 = ( GEOMETRIC_REPRESENTATION_CONTEXT(2) 
PARAMETRIC_REPRESENTATION_CONTEXT() REPRESENTATION_CONTEXT('2D SPACE',''
  ) );
#178 = PCURVE('',#179,#184);
#179 = CYLINDRICAL_SURFACE('',#180,8.);
#180 = AXIS2_PLACEMENT_3D('',#181,#182,#183);
#181 = CARTESIAN_POINT('',(-2.3,100.,-1.E-03));
#182 = DIRECTION('',(-0.,-0.,-1.));
#183 = DIRECTION('',(1.,0.,0.));
#184 = DEFINITIONAL_REPRESENTATION('',(#185),#188);
#185 = B_SPLINE_CURVE_WITH_KNOTS('',1,(#186,#187),.UNSPECIFIED.,.F.,.F.,
  (2,2),(-6.001,-1.E-03),.PIECEWISE_BEZIER_KNOTS.);
#186 = CARTESIAN_POINT('',(-5.004004590778,-6.001));
#187 = CARTESIAN_POINT('',(-5.004004590778,-1.E-03));
#188 = ( GEOMETRIC_REPRESENTATION_CONTEXT(2) 
PARAMETRIC_REPRESENTATION_CONTEXT() REPRESENTATION_CONTEXT('2D SPACE',''
  ) );
#189 = ORIENTED_EDGE('',*,*,#190,.F.);
#190 = EDGE_CURVE('',#191,#165,#193,.T.);
#191 = VERTEX_POINT('',#192);
#192 = CARTESIAN_POINT('',(0.,98.492518656832,6.));
#193 = SURFACE_CURVE('',#194,(#198,#204),.PCURVE_S1.);
#194 = LINE('',#195,#196);
#195 = CARTESIAN_POINT('',(0.,648.5,6.));
#196 = VECTOR('',#197,1.);
#197 = DIRECTION('',(0.,-1.,0.));
#198 = PCURVE('',#44,#199);
#199 = DEFINITIONAL_REPRESENTATION('',(#200),#203);
#200 = B_SPLINE_CURVE_WITH_KNOTS('',1,(#201,#202),.UNSPECIFIED.,.F.,.F.,
  (2,2),(550.00748134315,556.5),.PIECEWISE_BEZIER_KNOTS.);
#201 = CARTESIAN_POINT('',(1.098507481343E+03,-6.));
#202 = CARTESIAN_POINT('',(1.105E+03,-6.));
#203 = ( GEOMETRIC_REPRESENTATION_CONTEXT(2) 
PARAMETRIC_REPRESENTATION_CONTEXT() REPRESENTATION_CONTEXT('2D SPACE',''
  ) );
#204 = PCURVE('',#205,#210);
#205 = PLANE('',#206);
#206 = AXIS2_PLACEMENT_3D('',#207,#208,#209);
#207 = CARTESIAN_POINT('',(-2.3,100.,6.));
#208 = DIRECTION('',(0.,0.,1.));
#209 = DIRECTION('',(1.,0.,-0.));
#210 = DEFINITIONAL_REPRESENTATION('',(#211),#214);
#211 = B_SPLINE_CURVE_WITH_KNOTS('',1,(#212,#213),.UNSPECIFIED.,.F.,.F.,
  (2,2),(550.00748134315,556.5),.PIECEWISE_BEZIER_KNOTS.);
#212 = CARTESIAN_POINT('',(2.3,-1.507481343156));
#213 = CARTESIAN_POINT('',(2.3,-8.));
#214 = ( GEOMETRIC_REPRESENTATION_CONTEXT(2) 
PARAMETRIC_REPRESENTATION_CONTEXT() REPRESENTATION_CONTEXT('2D SPACE',''
  ) );
#215 = ORIENTED_EDGE('',*,*,#216,.F.);
#216 = EDGE_CURVE('',#217,#191,#219,.T.);
#217 = VERTEX_POINT('',#218);
#218 = CARTESIAN_POINT('',(0.,98.492518656844,12.7));
#219 = SURFACE_CURVE('',#220,(#224,#230),.PCURVE_S1.);
#220 = LINE('',#221,#222);
#221 = CARTESIAN_POINT('',(0.,98.492518656832,-1.));
#222 = VECTOR('',#223,1.);
#223 = DIRECTION('',(-0.,-0.,-1.));
#224 = PCURVE('',#44,#225);
#225 = DEFINITIONAL_REPRESENTATION('',(#226),#229);
#226 = B_SPLINE_CURVE_WITH_KNOTS('',1,(#227,#228),.UNSPECIFIED.,.F.,.F.,
  (2,2),(-14.7000006,5.999999999062E-07),.PIECEWISE_BEZIER_KNOTS.);
#227 = CARTESIAN_POINT('',(1.098507481343E+03,-13.7000006));
#228 = CARTESIAN_POINT('',(1.098507481343E+03,1.0000006));
#229 = ( GEOMETRIC_REPRESENTATION_CONTEXT(2) 
PARAMETRIC_REPRESENTATION_CONTEXT() REPRESENTATION_CONTEXT('2D SPACE',''
  ) );
#230 = PCURVE('',#231,#236);
#231 = CYLINDRICAL_SURFACE('',#232,2.75);
#232 = AXIS2_PLACEMENT_3D('',#233,#234,#235);
#233 = CARTESIAN_POINT('',(-2.3,100.,-1.));
#234 = DIRECTION('',(-0.,-0.,-1.));
#235 = DIRECTION('',(1.,0.,0.));
#236 = DEFINITIONAL_REPRESENTATION('',(#237),#240);
#237 = B_SPLINE_CURVE_WITH_KNOTS('',1,(#238,#239),.UNSPECIFIED.,.F.,.F.,
  (2,2),(-13.7,-1.),.PIECEWISE_BEZIER_KNOTS.);
#238 = CARTESIAN_POINT('',(-5.703004658312,-13.7));
#239 = CARTESIAN_POINT('',(-5.703004658312,-1.));
#240 = ( GEOMETRIC_REPRESENTATION_CONTEXT(2) 
PARAMETRIC_REPRESENTATION_CONTEXT() REPRESENTATION_CONTEXT('2D SPACE',''
  ) );
#241 = ORIENTED_EDGE('',*,*,#242,.T.);
#242 = EDGE_CURVE('',#217,#24,#243,.T.);
#243 = SURFACE_CURVE('',#244,(#248,#255),.PCURVE_S1.);
#244 = LINE('',#245,#246);
#245 = CARTESIAN_POINT('',(0.,1.197E+03,12.7));
#246 = VECTOR('',#247,1.);
#247 = DIRECTION('',(0.,-1.,0.));
#248 = PCURVE('',#44,#249);
#249 = DEFINITIONAL_REPRESENTATION('',(#250),#254);
#250 = LINE('',#251,#252);
#251 = CARTESIAN_POINT('',(0.,-12.7));
#252 = VECTOR('',#253,1.);
#253 = DIRECTION('',(1.,0.));
#254 = ( GEOMETRIC_REPRESENTATION_CONTEXT(2) 
PARAMETRIC_REPRESENTATION_CONTEXT() REPRESENTATION_CONTEXT('2D SPACE',''
  ) );
#255 = PCURVE('',#72,#256);
#256 = DEFINITIONAL_REPRESENTATION('',(#257),#261);
#257 = LINE('',#258,#259);
#258 = CARTESIAN_POINT('',(-480.5617783434,591.07868897172));
#259 = VECTOR('',#260,1.);
#260 = DIRECTION('',(0.,-1.));
#261 = ( GEOMETRIC_REPRESENTATION_CONTEXT(2) 
PARAMETRIC_REPRESENTATION_CONTEXT() REPRESENTATION_CONTEXT('2D SPACE',''
  ) );
#262 = ORIENTED_EDGE('',*,*,#21,.F.);
#263 = ADVANCED_FACE('',(#264),#100,.F.);
#264 = FACE_BOUND('',#265,.F.);
#265 = EDGE_LOOP('',(#266,#289,#290,#313,#339,#365));
#266 = ORIENTED_EDGE('',*,*,#267,.F.);
#267 = EDGE_CURVE('',#85,#268,#270,.T.);
#268 = VERTEX_POINT('',#269);
#269 = CARTESIAN_POINT('',(938.4,342.03068384364,0.));
#270 = SURFACE_CURVE('',#271,(#275,#282),.PCURVE_S1.);
#271 = LINE('',#272,#273);
#272 = CARTESIAN_POINT('',(938.4,0.,0.));
#273 = VECTOR('',#274,1.);
#274 = DIRECTION('',(0.,1.,0.));
#275 = PCURVE('',#100,#276);
#276 = DEFINITIONAL_REPRESENTATION('',(#277),#281);
#277 = LINE('',#278,#279);
#278 = CARTESIAN_POINT('',(0.,0.));
#279 = VECTOR('',#280,1.);
#280 = DIRECTION('',(1.,0.));
#281 = ( GEOMETRIC_REPRESENTATION_CONTEXT(2) 
PARAMETRIC_REPRESENTATION_CONTEXT() REPRESENTATION_CONTEXT('2D SPACE',''
  ) );
#282 = PCURVE('',#126,#283);
#283 = DEFINITIONAL_REPRESENTATION('',(#284),#288);
#284 = LINE('',#285,#286);
#285 = CARTESIAN_POINT('',(457.83822165651,-605.9213110282));
#286 = VECTOR('',#287,1.);
#287 = DIRECTION('',(0.,1.));
#288 = ( GEOMETRIC_REPRESENTATION_CONTEXT(2) 
PARAMETRIC_REPRESENTATION_CONTEXT() REPRESENTATION_CONTEXT('2D SPACE',''
  ) );
#289 = ORIENTED_EDGE('',*,*,#84,.T.);
#290 = ORIENTED_EDGE('',*,*,#291,.T.);
#291 = EDGE_CURVE('',#57,#292,#294,.T.);
#292 = VERTEX_POINT('',#293);
#293 = CARTESIAN_POINT('',(938.4,347.3405827706,12.7));
#294 = SURFACE_CURVE('',#295,(#299,#306),.PCURVE_S1.);
#295 = LINE('',#296,#297);
#296 = CARTESIAN_POINT('',(938.4,0.,12.7));
#297 = VECTOR('',#298,1.);
#298 = DIRECTION('',(0.,1.,0.));
#299 = PCURVE('',#100,#300);
#300 = DEFINITIONAL_REPRESENTATION('',(#301),#305);
#301 = LINE('',#302,#303);
#302 = CARTESIAN_POINT('',(0.,-12.7));
#303 = VECTOR('',#304,1.);
#304 = DIRECTION('',(1.,0.));
#305 = ( GEOMETRIC_REPRESENTATION_CONTEXT(2) 
PARAMETRIC_REPRESENTATION_CONTEXT() REPRESENTATION_CONTEXT('2D SPACE',''
  ) );
#306 = PCURVE('',#72,#307);
#307 = DEFINITIONAL_REPRESENTATION('',(#308),#312);
#308 = LINE('',#309,#310);
#309 = CARTESIAN_POINT('',(457.83822165651,-605.9213110282));
#310 = VECTOR('',#311,1.);
#311 = DIRECTION('',(0.,1.));
#312 = ( GEOMETRIC_REPRESENTATION_CONTEXT(2) 
PARAMETRIC_REPRESENTATION_CONTEXT() REPRESENTATION_CONTEXT('2D SPACE',''
  ) );
#313 = ORIENTED_EDGE('',*,*,#314,.T.);
#314 = EDGE_CURVE('',#292,#315,#317,.T.);
#315 = VERTEX_POINT('',#316);
#316 = CARTESIAN_POINT('',(938.4,347.3405827706,6.));
#317 = SURFACE_CURVE('',#318,(#322,#328),.PCURVE_S1.);
#318 = LINE('',#319,#320);
#319 = CARTESIAN_POINT('',(938.4,347.3405827706,-1.));
#320 = VECTOR('',#321,1.);
#321 = DIRECTION('',(-0.,-0.,-1.));
#322 = PCURVE('',#100,#323);
#323 = DEFINITIONAL_REPRESENTATION('',(#324),#327);
#324 = B_SPLINE_CURVE_WITH_KNOTS('',1,(#325,#326),.UNSPECIFIED.,.F.,.F.,
  (2,2),(-14.7000006,5.999999999062E-07),.PIECEWISE_BEZIER_KNOTS.);
#325 = CARTESIAN_POINT('',(347.3405827706,-13.7000006));
#326 = CARTESIAN_POINT('',(347.3405827706,1.0000006));
#327 = ( GEOMETRIC_REPRESENTATION_CONTEXT(2) 
PARAMETRIC_REPRESENTATION_CONTEXT() REPRESENTATION_CONTEXT('2D SPACE',''
  ) );
#328 = PCURVE('',#329,#334);
#329 = CYLINDRICAL_SURFACE('',#330,2.75);
#330 = AXIS2_PLACEMENT_3D('',#331,#332,#333);
#331 = CARTESIAN_POINT('',(937.7,350.,-1.));
#332 = DIRECTION('',(-0.,-0.,-1.));
#333 = DIRECTION('',(1.,0.,0.));
#334 = DEFINITIONAL_REPRESENTATION('',(#335),#338);
#335 = B_SPLINE_CURVE_WITH_KNOTS('',1,(#336,#337),.UNSPECIFIED.,.F.,.F.,
  (2,2),(-14.7000006,5.999999999062E-07),.PIECEWISE_BEZIER_KNOTS.);
#336 = CARTESIAN_POINT('',(-4.969766626706,-14.7000006));
#337 = CARTESIAN_POINT('',(-4.969766626706,5.999999999062E-07));
#338 = ( GEOMETRIC_REPRESENTATION_CONTEXT(2) 
PARAMETRIC_REPRESENTATION_CONTEXT() REPRESENTATION_CONTEXT('2D SPACE',''
  ) );
#339 = ORIENTED_EDGE('',*,*,#340,.F.);
#340 = EDGE_CURVE('',#341,#315,#343,.T.);
#341 = VERTEX_POINT('',#342);
#342 = CARTESIAN_POINT('',(938.4,342.03068384364,6.));
#343 = SURFACE_CURVE('',#344,(#348,#354),.PCURVE_S1.);
#344 = LINE('',#345,#346);
#345 = CARTESIAN_POINT('',(938.4,175.,6.));
#346 = VECTOR('',#347,1.);
#347 = DIRECTION('',(0.,1.,-0.));
#348 = PCURVE('',#100,#349);
#349 = DEFINITIONAL_REPRESENTATION('',(#350),#353);
#350 = B_SPLINE_CURVE_WITH_KNOTS('',1,(#351,#352),.UNSPECIFIED.,.F.,.F.,
  (2,2),(167.,172.3405827706),.PIECEWISE_BEZIER_KNOTS.);
#351 = CARTESIAN_POINT('',(342.,-6.));
#352 = CARTESIAN_POINT('',(347.3405827706,-6.));
#353 = ( GEOMETRIC_REPRESENTATION_CONTEXT(2) 
PARAMETRIC_REPRESENTATION_CONTEXT() REPRESENTATION_CONTEXT('2D SPACE',''
  ) );
#354 = PCURVE('',#355,#360);
#355 = PLANE('',#356);
#356 = AXIS2_PLACEMENT_3D('',#357,#358,#359);
#357 = CARTESIAN_POINT('',(937.7,350.,6.));
#358 = DIRECTION('',(0.,0.,1.));
#359 = DIRECTION('',(1.,0.,-0.));
#360 = DEFINITIONAL_REPRESENTATION('',(#361),#364);
#361 = B_SPLINE_CURVE_WITH_KNOTS('',1,(#362,#363),.UNSPECIFIED.,.F.,.F.,
  (2,2),(167.,172.3405827706),.PIECEWISE_BEZIER_KNOTS.);
#362 = CARTESIAN_POINT('',(0.7,-8.));
#363 = CARTESIAN_POINT('',(0.7,-2.659417229394));
#364 = ( GEOMETRIC_REPRESENTATION_CONTEXT(2) 
PARAMETRIC_REPRESENTATION_CONTEXT() REPRESENTATION_CONTEXT('2D SPACE',''
  ) );
#365 = ORIENTED_EDGE('',*,*,#366,.T.);
#366 = EDGE_CURVE('',#341,#268,#367,.T.);
#367 = SURFACE_CURVE('',#368,(#372,#378),.PCURVE_S1.);
#368 = LINE('',#369,#370);
#369 = CARTESIAN_POINT('',(938.4,342.03068384364,-1.E-03));
#370 = VECTOR('',#371,1.);
#371 = DIRECTION('',(-0.,-0.,-1.));
#372 = PCURVE('',#100,#373);
#373 = DEFINITIONAL_REPRESENTATION('',(#374),#377);
#374 = B_SPLINE_CURVE_WITH_KNOTS('',1,(#375,#376),.UNSPECIFIED.,.F.,.F.,
  (2,2),(-6.0010006,5.999999999999E-07),.PIECEWISE_BEZIER_KNOTS.);
#375 = CARTESIAN_POINT('',(342.03068384364,-6.0000006));
#376 = CARTESIAN_POINT('',(342.03068384364,1.0006E-03));
#377 = ( GEOMETRIC_REPRESENTATION_CONTEXT(2) 
PARAMETRIC_REPRESENTATION_CONTEXT() REPRESENTATION_CONTEXT('2D SPACE',''
  ) );
#378 = PCURVE('',#379,#384);
#379 = CYLINDRICAL_SURFACE('',#380,8.);
#380 = AXIS2_PLACEMENT_3D('',#381,#382,#383);
#381 = CARTESIAN_POINT('',(937.7,350.,-1.E-03));
#382 = DIRECTION('',(-0.,-0.,-1.));
#383 = DIRECTION('',(1.,0.,0.));
#384 = DEFINITIONAL_REPRESENTATION('',(#385),#388);
#385 = B_SPLINE_CURVE_WITH_KNOTS('',1,(#386,#387),.UNSPECIFIED.,.F.,.F.,
  (2,2),(-6.0010006,5.999999999999E-07),.PIECEWISE_BEZIER_KNOTS.);
#386 = CARTESIAN_POINT('',(-4.800001020475,-6.0010006));
#387 = CARTESIAN_POINT('',(-4.800001020475,5.999999999999E-07));
#388 = ( GEOMETRIC_REPRESENTATION_CONTEXT(2) 
PARAMETRIC_REPRESENTATION_CONTEXT() REPRESENTATION_CONTEXT('2D SPACE',''
  ) );
#389 = ADVANCED_FACE('',(#390,#928,#963,#998,#1033,#1068,#1103,#1138,
    #1173,#1208,#1243,#1278,#1313,#1348,#1383,#1418,#1453,#1488,#1523,
    #1558,#1593,#1628,#1663,#1698,#1733,#1768,#1803,#1838,#1873,#1908,
    #1943,#1978,#2013,#2048,#2083,#2118,#2153,#2188,#2223,#2258,#2293,
    #2328,#2363,#2398,#2433,#2468,#2503,#2538,#2573,#2608,#2643,#2678,
    #2713,#2748,#2783,#2818,#2853,#2888,#2923,#2958,#2993,#3028),#126,
  .F.);
#390 = FACE_BOUND('',#391,.F.);
#391 = EDGE_LOOP('',(#392,#416,#417,#418,#419,#447,#475,#503,#531,#559,
    #587,#620,#648,#676,#704,#732,#760,#788,#816,#845,#873,#902));
#392 = ORIENTED_EDGE('',*,*,#393,.F.);
#393 = EDGE_CURVE('',#142,#394,#396,.T.);
#394 = VERTEX_POINT('',#395);
#395 = CARTESIAN_POINT('',(0.,107.66224510179,0.));
#396 = SURFACE_CURVE('',#397,(#402,#409),.PCURVE_S1.);
#397 = CIRCLE('',#398,8.);
#398 = AXIS2_PLACEMENT_3D('',#399,#400,#401);
#399 = CARTESIAN_POINT('',(-2.3,100.,0.));
#400 = DIRECTION('',(-0.,0.,1.));
#401 = DIRECTION('',(0.2875,-0.957780637725,0.));
#402 = PCURVE('',#126,#403);
#403 = DEFINITIONAL_REPRESENTATION('',(#404),#408);
#404 = CIRCLE('',#405,8.);
#405 = AXIS2_PLACEMENT_2D('',#406,#407);
#406 = CARTESIAN_POINT('',(-482.8617783434,-505.9213110282));
#407 = DIRECTION('',(0.2875,-0.957780637725));
#408 = ( GEOMETRIC_REPRESENTATION_CONTEXT(2) 
PARAMETRIC_REPRESENTATION_CONTEXT() REPRESENTATION_CONTEXT('2D SPACE',''
  ) );
#409 = PCURVE('',#179,#410);
#410 = DEFINITIONAL_REPRESENTATION('',(#411),#415);
#411 = LINE('',#412,#413);
#412 = CARTESIAN_POINT('',(-5.004004590778,-1.E-03));
#413 = VECTOR('',#414,1.);
#414 = DIRECTION('',(-1.,-0.));
#415 = ( GEOMETRIC_REPRESENTATION_CONTEXT(2) 
PARAMETRIC_REPRESENTATION_CONTEXT() REPRESENTATION_CONTEXT('2D SPACE',''
  ) );
#416 = ORIENTED_EDGE('',*,*,#141,.T.);
#417 = ORIENTED_EDGE('',*,*,#112,.T.);
#418 = ORIENTED_EDGE('',*,*,#267,.T.);
#419 = ORIENTED_EDGE('',*,*,#420,.T.);
#420 = EDGE_CURVE('',#268,#421,#423,.T.);
#421 = VERTEX_POINT('',#422);
#422 = CARTESIAN_POINT('',(938.4,357.96931615635,0.));
#423 = SURFACE_CURVE('',#424,(#429,#440),.PCURVE_S1.);
#424 = CIRCLE('',#425,8.);
#425 = AXIS2_PLACEMENT_3D('',#426,#427,#428);
#426 = CARTESIAN_POINT('',(937.7,350.,0.));
#427 = DIRECTION('',(0.,0.,-1.));
#428 = DIRECTION('',(1.,0.,0.));
#429 = PCURVE('',#126,#430);
#430 = DEFINITIONAL_REPRESENTATION('',(#431),#439);
#431 = ( BOUNDED_CURVE() B_SPLINE_CURVE(2,(#432,#433,#434,#435,#436,#437
,#438),.UNSPECIFIED.,.T.,.F.) B_SPLINE_CURVE_WITH_KNOTS((1,2,2,2,2,1),(
    -2.094395102393,0.,2.094395102393,4.188790204786,6.28318530718,
8.377580409573),.UNSPECIFIED.) CURVE() GEOMETRIC_REPRESENTATION_ITEM() 
RATIONAL_B_SPLINE_CURVE((1.,0.5,1.,0.5,1.,0.5,1.)) REPRESENTATION_ITEM(
  '') );
#432 = CARTESIAN_POINT('',(465.13822165651,-255.9213110282));
#433 = CARTESIAN_POINT('',(465.13822165651,-269.7777174888));
#434 = CARTESIAN_POINT('',(453.13822165651,-262.8495142585));
#435 = CARTESIAN_POINT('',(441.13822165651,-255.9213110282));
#436 = CARTESIAN_POINT('',(453.13822165651,-248.993107798));
#437 = CARTESIAN_POINT('',(465.13822165651,-242.0649045677));
#438 = CARTESIAN_POINT('',(465.13822165651,-255.9213110282));
#439 = ( GEOMETRIC_REPRESENTATION_CONTEXT(2) 
PARAMETRIC_REPRESENTATION_CONTEXT() REPRESENTATION_CONTEXT('2D SPACE',''
  ) );
#440 = PCURVE('',#379,#441);
#441 = DEFINITIONAL_REPRESENTATION('',(#442),#446);
#442 = LINE('',#443,#444);
#443 = CARTESIAN_POINT('',(-6.28318530718,-1.E-03));
#444 = VECTOR('',#445,1.);
#445 = DIRECTION('',(1.,-0.));
#446 = ( GEOMETRIC_REPRESENTATION_CONTEXT(2) 
PARAMETRIC_REPRESENTATION_CONTEXT() REPRESENTATION_CONTEXT('2D SPACE',''
  ) );
#447 = ORIENTED_EDGE('',*,*,#448,.T.);
#448 = EDGE_CURVE('',#421,#449,#451,.T.);
#449 = VERTEX_POINT('',#450);
#450 = CARTESIAN_POINT('',(938.4,488.5,0.));
#451 = SURFACE_CURVE('',#452,(#456,#463),.PCURVE_S1.);
#452 = LINE('',#453,#454);
#453 = CARTESIAN_POINT('',(938.4,0.,0.));
#454 = VECTOR('',#455,1.);
#455 = DIRECTION('',(0.,1.,0.));
#456 = PCURVE('',#126,#457);
#457 = DEFINITIONAL_REPRESENTATION('',(#458),#462);
#458 = LINE('',#459,#460);
#459 = CARTESIAN_POINT('',(457.83822165651,-605.9213110282));
#460 = VECTOR('',#461,1.);
#461 = DIRECTION('',(0.,1.));
#462 = ( GEOMETRIC_REPRESENTATION_CONTEXT(2) 
PARAMETRIC_REPRESENTATION_CONTEXT() REPRESENTATION_CONTEXT('2D SPACE',''
  ) );
#463 = PCURVE('',#464,#469);
#464 = PLANE('',#465);
#465 = AXIS2_PLACEMENT_3D('',#466,#467,#468);
#466 = CARTESIAN_POINT('',(938.4,0.,0.));
#467 = DIRECTION('',(-1.,0.,0.));
#468 = DIRECTION('',(0.,1.,0.));
#469 = DEFINITIONAL_REPRESENTATION('',(#470),#474);
#470 = LINE('',#471,#472);
#471 = CARTESIAN_POINT('',(0.,0.));
#472 = VECTOR('',#473,1.);
#473 = DIRECTION('',(1.,0.));
#474 = ( GEOMETRIC_REPRESENTATION_CONTEXT(2) 
PARAMETRIC_REPRESENTATION_CONTEXT() REPRESENTATION_CONTEXT('2D SPACE',''
  ) );
#475 = ORIENTED_EDGE('',*,*,#476,.T.);
#476 = EDGE_CURVE('',#449,#477,#479,.T.);
#477 = VERTEX_POINT('',#478);
#478 = CARTESIAN_POINT('',(906.2,488.5,0.));
#479 = SURFACE_CURVE('',#480,(#484,#491),.PCURVE_S1.);
#480 = LINE('',#481,#482);
#481 = CARTESIAN_POINT('',(938.4,488.5,0.));
#482 = VECTOR('',#483,1.);
#483 = DIRECTION('',(-1.,0.,0.));
#484 = PCURVE('',#126,#485);
#485 = DEFINITIONAL_REPRESENTATION('',(#486),#490);
#486 = LINE('',#487,#488);
#487 = CARTESIAN_POINT('',(457.83822165651,-117.4213110282));
#488 = VECTOR('',#489,1.);
#489 = DIRECTION('',(-1.,0.));
#490 = ( GEOMETRIC_REPRESENTATION_CONTEXT(2) 
PARAMETRIC_REPRESENTATION_CONTEXT() REPRESENTATION_CONTEXT('2D SPACE',''
  ) );
#491 = PCURVE('',#492,#497);
#492 = PLANE('',#493);
#493 = AXIS2_PLACEMENT_3D('',#494,#495,#496);
#494 = CARTESIAN_POINT('',(938.4,488.5,0.));
#495 = DIRECTION('',(0.,-1.,0.));
#496 = DIRECTION('',(-1.,0.,0.));
#497 = DEFINITIONAL_REPRESENTATION('',(#498),#502);
#498 = LINE('',#499,#500);
#499 = CARTESIAN_POINT('',(0.,-0.));
#500 = VECTOR('',#501,1.);
#501 = DIRECTION('',(1.,0.));
#502 = ( GEOMETRIC_REPRESENTATION_CONTEXT(2) 
PARAMETRIC_REPRESENTATION_CONTEXT() REPRESENTATION_CONTEXT('2D SPACE',''
  ) );
#503 = ORIENTED_EDGE('',*,*,#504,.T.);
#504 = EDGE_CURVE('',#477,#505,#507,.T.);
#505 = VERTEX_POINT('',#506);
#506 = CARTESIAN_POINT('',(906.2,678.5,0.));
#507 = SURFACE_CURVE('',#508,(#512,#519),.PCURVE_S1.);
#508 = LINE('',#509,#510);
#509 = CARTESIAN_POINT('',(906.2,488.5,0.));
#510 = VECTOR('',#511,1.);
#511 = DIRECTION('',(0.,1.,0.));
#512 = PCURVE('',#126,#513);
#513 = DEFINITIONAL_REPRESENTATION('',(#514),#518);
#514 = LINE('',#515,#516);
#515 = CARTESIAN_POINT('',(425.63822165651,-117.4213110282));
#516 = VECTOR('',#517,1.);
#517 = DIRECTION('',(0.,1.));
#518 = ( GEOMETRIC_REPRESENTATION_CONTEXT(2) 
PARAMETRIC_REPRESENTATION_CONTEXT() REPRESENTATION_CONTEXT('2D SPACE',''
  ) );
#519 = PCURVE('',#520,#525);
#520 = PLANE('',#521);
#521 = AXIS2_PLACEMENT_3D('',#522,#523,#524);
#522 = CARTESIAN_POINT('',(906.2,488.5,0.));
#523 = DIRECTION('',(-1.,0.,0.));
#524 = DIRECTION('',(0.,1.,0.));
#525 = DEFINITIONAL_REPRESENTATION('',(#526),#530);
#526 = LINE('',#527,#528);
#527 = CARTESIAN_POINT('',(0.,0.));
#528 = VECTOR('',#529,1.);
#529 = DIRECTION('',(1.,0.));
#530 = ( GEOMETRIC_REPRESENTATION_CONTEXT(2) 
PARAMETRIC_REPRESENTATION_CONTEXT() REPRESENTATION_CONTEXT('2D SPACE',''
  ) );
#531 = ORIENTED_EDGE('',*,*,#532,.T.);
#532 = EDGE_CURVE('',#505,#533,#535,.T.);
#533 = VERTEX_POINT('',#534);
#534 = CARTESIAN_POINT('',(938.4,678.5,0.));
#535 = SURFACE_CURVE('',#536,(#540,#547),.PCURVE_S1.);
#536 = LINE('',#537,#538);
#537 = CARTESIAN_POINT('',(906.2,678.5,0.));
#538 = VECTOR('',#539,1.);
#539 = DIRECTION('',(1.,0.,0.));
#540 = PCURVE('',#126,#541);
#541 = DEFINITIONAL_REPRESENTATION('',(#542),#546);
#542 = LINE('',#543,#544);
#543 = CARTESIAN_POINT('',(425.63822165651,72.578688971725));
#544 = VECTOR('',#545,1.);
#545 = DIRECTION('',(1.,0.));
#546 = ( GEOMETRIC_REPRESENTATION_CONTEXT(2) 
PARAMETRIC_REPRESENTATION_CONTEXT() REPRESENTATION_CONTEXT('2D SPACE',''
  ) );
#547 = PCURVE('',#548,#553);
#548 = PLANE('',#549);
#549 = AXIS2_PLACEMENT_3D('',#550,#551,#552);
#550 = CARTESIAN_POINT('',(906.2,678.5,0.));
#551 = DIRECTION('',(0.,1.,0.));
#552 = DIRECTION('',(1.,0.,0.));
#553 = DEFINITIONAL_REPRESENTATION('',(#554),#558);
#554 = LINE('',#555,#556);
#555 = CARTESIAN_POINT('',(0.,0.));
#556 = VECTOR('',#557,1.);
#557 = DIRECTION('',(1.,0.));
#558 = ( GEOMETRIC_REPRESENTATION_CONTEXT(2) 
PARAMETRIC_REPRESENTATION_CONTEXT() REPRESENTATION_CONTEXT('2D SPACE',''
  ) );
#559 = ORIENTED_EDGE('',*,*,#560,.T.);
#560 = EDGE_CURVE('',#533,#561,#563,.T.);
#561 = VERTEX_POINT('',#562);
#562 = CARTESIAN_POINT('',(938.4,842.03068384362,0.));
#563 = SURFACE_CURVE('',#564,(#568,#575),.PCURVE_S1.);
#564 = LINE('',#565,#566);
#565 = CARTESIAN_POINT('',(938.4,678.5,0.));
#566 = VECTOR('',#567,1.);
#567 = DIRECTION('',(0.,1.,0.));
#568 = PCURVE('',#126,#569);
#569 = DEFINITIONAL_REPRESENTATION('',(#570),#574);
#570 = LINE('',#571,#572);
#571 = CARTESIAN_POINT('',(457.83822165651,72.578688971725));
#572 = VECTOR('',#573,1.);
#573 = DIRECTION('',(0.,1.));
#574 = ( GEOMETRIC_REPRESENTATION_CONTEXT(2) 
PARAMETRIC_REPRESENTATION_CONTEXT() REPRESENTATION_CONTEXT('2D SPACE',''
  ) );
#575 = PCURVE('',#576,#581);
#576 = PLANE('',#577);
#577 = AXIS2_PLACEMENT_3D('',#578,#579,#580);
#578 = CARTESIAN_POINT('',(938.4,678.5,0.));
#579 = DIRECTION('',(-1.,0.,0.));
#580 = DIRECTION('',(0.,1.,0.));
#581 = DEFINITIONAL_REPRESENTATION('',(#582),#586);
#582 = LINE('',#583,#584);
#583 = CARTESIAN_POINT('',(0.,0.));
#584 = VECTOR('',#585,1.);
#585 = DIRECTION('',(1.,0.));
#586 = ( GEOMETRIC_REPRESENTATION_CONTEXT(2) 
PARAMETRIC_REPRESENTATION_CONTEXT() REPRESENTATION_CONTEXT('2D SPACE',''
  ) );
#587 = ORIENTED_EDGE('',*,*,#588,.T.);
#588 = EDGE_CURVE('',#561,#589,#591,.T.);
#589 = VERTEX_POINT('',#590);
#590 = CARTESIAN_POINT('',(938.4,857.96931615637,0.));
#591 = SURFACE_CURVE('',#592,(#597,#608),.PCURVE_S1.);
#592 = CIRCLE('',#593,8.);
#593 = AXIS2_PLACEMENT_3D('',#594,#595,#596);
#594 = CARTESIAN_POINT('',(937.7,850.,0.));
#595 = DIRECTION('',(0.,0.,-1.));
#596 = DIRECTION('',(1.,0.,0.));
#597 = PCURVE('',#126,#598);
#598 = DEFINITIONAL_REPRESENTATION('',(#599),#607);
#599 = ( BOUNDED_CURVE() B_SPLINE_CURVE(2,(#600,#601,#602,#603,#604,#605
,#606),.UNSPECIFIED.,.T.,.F.) B_SPLINE_CURVE_WITH_KNOTS((1,2,2,2,2,1),(
    -2.094395102393,0.,2.094395102393,4.188790204786,6.28318530718,
8.377580409573),.UNSPECIFIED.) CURVE() GEOMETRIC_REPRESENTATION_ITEM() 
RATIONAL_B_SPLINE_CURVE((1.,0.5,1.,0.5,1.,0.5,1.)) REPRESENTATION_ITEM(
  '') );
#600 = CARTESIAN_POINT('',(465.13822165651,244.07868897172));
#601 = CARTESIAN_POINT('',(465.13822165651,230.22228251117));
#602 = CARTESIAN_POINT('',(453.13822165651,237.15048574144));
#603 = CARTESIAN_POINT('',(441.13822165651,244.07868897172));
#604 = CARTESIAN_POINT('',(453.13822165651,251.006892202));
#605 = CARTESIAN_POINT('',(465.13822165651,257.93509543227));
#606 = CARTESIAN_POINT('',(465.13822165651,244.07868897172));
#607 = ( GEOMETRIC_REPRESENTATION_CONTEXT(2) 
PARAMETRIC_REPRESENTATION_CONTEXT() REPRESENTATION_CONTEXT('2D SPACE',''
  ) );
#608 = PCURVE('',#609,#614);
#609 = CYLINDRICAL_SURFACE('',#610,8.);
#610 = AXIS2_PLACEMENT_3D('',#611,#612,#613);
#611 = CARTESIAN_POINT('',(937.7,850.,-1.E-03));
#612 = DIRECTION('',(-0.,-0.,-1.));
#613 = DIRECTION('',(1.,0.,0.));
#614 = DEFINITIONAL_REPRESENTATION('',(#615),#619);
#615 = LINE('',#616,#617);
#616 = CARTESIAN_POINT('',(-6.28318530718,-1.E-03));
#617 = VECTOR('',#618,1.);
#618 = DIRECTION('',(1.,-0.));
#619 = ( GEOMETRIC_REPRESENTATION_CONTEXT(2) 
PARAMETRIC_REPRESENTATION_CONTEXT() REPRESENTATION_CONTEXT('2D SPACE',''
  ) );
#620 = ORIENTED_EDGE('',*,*,#621,.T.);
#621 = EDGE_CURVE('',#589,#622,#624,.T.);
#622 = VERTEX_POINT('',#623);
#623 = CARTESIAN_POINT('',(938.4,1.0855E+03,0.));
#624 = SURFACE_CURVE('',#625,(#629,#636),.PCURVE_S1.);
#625 = LINE('',#626,#627);
#626 = CARTESIAN_POINT('',(938.4,678.5,0.));
#627 = VECTOR('',#628,1.);
#628 = DIRECTION('',(0.,1.,0.));
#629 = PCURVE('',#126,#630);
#630 = DEFINITIONAL_REPRESENTATION('',(#631),#635);
#631 = LINE('',#632,#633);
#632 = CARTESIAN_POINT('',(457.83822165651,72.578688971725));
#633 = VECTOR('',#634,1.);
#634 = DIRECTION('',(0.,1.));
#635 = ( GEOMETRIC_REPRESENTATION_CONTEXT(2) 
PARAMETRIC_REPRESENTATION_CONTEXT() REPRESENTATION_CONTEXT('2D SPACE',''
  ) );
#636 = PCURVE('',#637,#642);
#637 = PLANE('',#638);
#638 = AXIS2_PLACEMENT_3D('',#639,#640,#641);
#639 = CARTESIAN_POINT('',(938.4,678.5,0.));
#640 = DIRECTION('',(-1.,0.,0.));
#641 = DIRECTION('',(0.,1.,0.));
#642 = DEFINITIONAL_REPRESENTATION('',(#643),#647);
#643 = LINE('',#644,#645);
#644 = CARTESIAN_POINT('',(0.,0.));
#645 = VECTOR('',#646,1.);
#646 = DIRECTION('',(1.,0.));
#647 = ( GEOMETRIC_REPRESENTATION_CONTEXT(2) 
PARAMETRIC_REPRESENTATION_CONTEXT() REPRESENTATION_CONTEXT('2D SPACE',''
  ) );
#648 = ORIENTED_EDGE('',*,*,#649,.T.);
#649 = EDGE_CURVE('',#622,#650,#652,.T.);
#650 = VERTEX_POINT('',#651);
#651 = CARTESIAN_POINT('',(906.2,1.0855E+03,0.));
#652 = SURFACE_CURVE('',#653,(#657,#664),.PCURVE_S1.);
#653 = LINE('',#654,#655);
#654 = CARTESIAN_POINT('',(938.4,1.0855E+03,0.));
#655 = VECTOR('',#656,1.);
#656 = DIRECTION('',(-1.,0.,0.));
#657 = PCURVE('',#126,#658);
#658 = DEFINITIONAL_REPRESENTATION('',(#659),#663);
#659 = LINE('',#660,#661);
#660 = CARTESIAN_POINT('',(457.83822165651,479.57868897172));
#661 = VECTOR('',#662,1.);
#662 = DIRECTION('',(-1.,0.));
#663 = ( GEOMETRIC_REPRESENTATION_CONTEXT(2) 
PARAMETRIC_REPRESENTATION_CONTEXT() REPRESENTATION_CONTEXT('2D SPACE',''
  ) );
#664 = PCURVE('',#665,#670);
#665 = PLANE('',#666);
#666 = AXIS2_PLACEMENT_3D('',#667,#668,#669);
#667 = CARTESIAN_POINT('',(938.4,1.0855E+03,0.));
#668 = DIRECTION('',(0.,-1.,0.));
#669 = DIRECTION('',(-1.,0.,0.));
#670 = DEFINITIONAL_REPRESENTATION('',(#671),#675);
#671 = LINE('',#672,#673);
#672 = CARTESIAN_POINT('',(0.,-0.));
#673 = VECTOR('',#674,1.);
#674 = DIRECTION('',(1.,0.));
#675 = ( GEOMETRIC_REPRESENTATION_CONTEXT(2) 
PARAMETRIC_REPRESENTATION_CONTEXT() REPRESENTATION_CONTEXT('2D SPACE',''
  ) );
#676 = ORIENTED_EDGE('',*,*,#677,.T.);
#677 = EDGE_CURVE('',#650,#678,#680,.T.);
#678 = VERTEX_POINT('',#679);
#679 = CARTESIAN_POINT('',(906.2,1.1555E+03,0.));
#680 = SURFACE_CURVE('',#681,(#685,#692),.PCURVE_S1.);
#681 = LINE('',#682,#683);
#682 = CARTESIAN_POINT('',(906.2,1.0855E+03,0.));
#683 = VECTOR('',#684,1.);
#684 = DIRECTION('',(0.,1.,0.));
#685 = PCURVE('',#126,#686);
#686 = DEFINITIONAL_REPRESENTATION('',(#687),#691);
#687 = LINE('',#688,#689);
#688 = CARTESIAN_POINT('',(425.63822165651,479.57868897172));
#689 = VECTOR('',#690,1.);
#690 = DIRECTION('',(0.,1.));
#691 = ( GEOMETRIC_REPRESENTATION_CONTEXT(2) 
PARAMETRIC_REPRESENTATION_CONTEXT() REPRESENTATION_CONTEXT('2D SPACE',''
  ) );
#692 = PCURVE('',#693,#698);
#693 = PLANE('',#694);
#694 = AXIS2_PLACEMENT_3D('',#695,#696,#697);
#695 = CARTESIAN_POINT('',(906.2,1.0855E+03,0.));
#696 = DIRECTION('',(-1.,0.,0.));
#697 = DIRECTION('',(0.,1.,0.));
#698 = DEFINITIONAL_REPRESENTATION('',(#699),#703);
#699 = LINE('',#700,#701);
#700 = CARTESIAN_POINT('',(0.,0.));
#701 = VECTOR('',#702,1.);
#702 = DIRECTION('',(1.,0.));
#703 = ( GEOMETRIC_REPRESENTATION_CONTEXT(2) 
PARAMETRIC_REPRESENTATION_CONTEXT() REPRESENTATION_CONTEXT('2D SPACE',''
  ) );
#704 = ORIENTED_EDGE('',*,*,#705,.T.);
#705 = EDGE_CURVE('',#678,#706,#708,.T.);
#706 = VERTEX_POINT('',#707);
#707 = CARTESIAN_POINT('',(938.4,1.1555E+03,0.));
#708 = SURFACE_CURVE('',#709,(#713,#720),.PCURVE_S1.);
#709 = LINE('',#710,#711);
#710 = CARTESIAN_POINT('',(906.2,1.1555E+03,0.));
#711 = VECTOR('',#712,1.);
#712 = DIRECTION('',(1.,0.,0.));
#713 = PCURVE('',#126,#714);
#714 = DEFINITIONAL_REPRESENTATION('',(#715),#719);
#715 = LINE('',#716,#717);
#716 = CARTESIAN_POINT('',(425.63822165651,549.57868897172));
#717 = VECTOR('',#718,1.);
#718 = DIRECTION('',(1.,0.));
#719 = ( GEOMETRIC_REPRESENTATION_CONTEXT(2) 
PARAMETRIC_REPRESENTATION_CONTEXT() REPRESENTATION_CONTEXT('2D SPACE',''
  ) );
#720 = PCURVE('',#721,#726);
#721 = PLANE('',#722);
#722 = AXIS2_PLACEMENT_3D('',#723,#724,#725);
#723 = CARTESIAN_POINT('',(906.2,1.1555E+03,0.));
#724 = DIRECTION('',(0.,1.,0.));
#725 = DIRECTION('',(1.,0.,0.));
#726 = DEFINITIONAL_REPRESENTATION('',(#727),#731);
#727 = LINE('',#728,#729);
#728 = CARTESIAN_POINT('',(0.,0.));
#729 = VECTOR('',#730,1.);
#730 = DIRECTION('',(1.,0.));
#731 = ( GEOMETRIC_REPRESENTATION_CONTEXT(2) 
PARAMETRIC_REPRESENTATION_CONTEXT() REPRESENTATION_CONTEXT('2D SPACE',''
  ) );
#732 = ORIENTED_EDGE('',*,*,#733,.T.);
#733 = EDGE_CURVE('',#706,#734,#736,.T.);
#734 = VERTEX_POINT('',#735);
#735 = CARTESIAN_POINT('',(938.4,1.197E+03,0.));
#736 = SURFACE_CURVE('',#737,(#741,#748),.PCURVE_S1.);
#737 = LINE('',#738,#739);
#738 = CARTESIAN_POINT('',(938.4,1.1555E+03,0.));
#739 = VECTOR('',#740,1.);
#740 = DIRECTION('',(0.,1.,0.));
#741 = PCURVE('',#126,#742);
#742 = DEFINITIONAL_REPRESENTATION('',(#743),#747);
#743 = LINE('',#744,#745);
#744 = CARTESIAN_POINT('',(457.83822165651,549.57868897172));
#745 = VECTOR('',#746,1.);
#746 = DIRECTION('',(0.,1.));
#747 = ( GEOMETRIC_REPRESENTATION_CONTEXT(2) 
PARAMETRIC_REPRESENTATION_CONTEXT() REPRESENTATION_CONTEXT('2D SPACE',''
  ) );
#748 = PCURVE('',#749,#754);
#749 = PLANE('',#750);
#750 = AXIS2_PLACEMENT_3D('',#751,#752,#753);
#751 = CARTESIAN_POINT('',(938.4,1.1555E+03,0.));
#752 = DIRECTION('',(-1.,0.,0.));
#753 = DIRECTION('',(0.,1.,0.));
#754 = DEFINITIONAL_REPRESENTATION('',(#755),#759);
#755 = LINE('',#756,#757);
#756 = CARTESIAN_POINT('',(0.,0.));
#757 = VECTOR('',#758,1.);
#758 = DIRECTION('',(1.,0.));
#759 = ( GEOMETRIC_REPRESENTATION_CONTEXT(2) 
PARAMETRIC_REPRESENTATION_CONTEXT() REPRESENTATION_CONTEXT('2D SPACE',''
  ) );
#760 = ORIENTED_EDGE('',*,*,#761,.T.);
#761 = EDGE_CURVE('',#734,#762,#764,.T.);
#762 = VERTEX_POINT('',#763);
#763 = CARTESIAN_POINT('',(0.,1.197E+03,0.));
#764 = SURFACE_CURVE('',#765,(#769,#776),.PCURVE_S1.);
#765 = LINE('',#766,#767);
#766 = CARTESIAN_POINT('',(938.4,1.197E+03,0.));
#767 = VECTOR('',#768,1.);
#768 = DIRECTION('',(-1.,0.,0.));
#769 = PCURVE('',#126,#770);
#770 = DEFINITIONAL_REPRESENTATION('',(#771),#775);
#771 = LINE('',#772,#773);
#772 = CARTESIAN_POINT('',(457.83822165651,591.07868897172));
#773 = VECTOR('',#774,1.);
#774 = DIRECTION('',(-1.,0.));
#775 = ( GEOMETRIC_REPRESENTATION_CONTEXT(2) 
PARAMETRIC_REPRESENTATION_CONTEXT() REPRESENTATION_CONTEXT('2D SPACE',''
  ) );
#776 = PCURVE('',#777,#782);
#777 = PLANE('',#778);
#778 = AXIS2_PLACEMENT_3D('',#779,#780,#781);
#779 = CARTESIAN_POINT('',(938.4,1.197E+03,0.));
#780 = DIRECTION('',(0.,-1.,0.));
#781 = DIRECTION('',(-1.,0.,0.));
#782 = DEFINITIONAL_REPRESENTATION('',(#783),#787);
#783 = LINE('',#784,#785);
#784 = CARTESIAN_POINT('',(0.,-0.));
#785 = VECTOR('',#786,1.);
#786 = DIRECTION('',(1.,0.));
#787 = ( GEOMETRIC_REPRESENTATION_CONTEXT(2) 
PARAMETRIC_REPRESENTATION_CONTEXT() REPRESENTATION_CONTEXT('2D SPACE',''
  ) );
#788 = ORIENTED_EDGE('',*,*,#789,.T.);
#789 = EDGE_CURVE('',#762,#790,#792,.T.);
#790 = VERTEX_POINT('',#791);
#791 = CARTESIAN_POINT('',(0.,1.107662245102E+03,0.));
#792 = SURFACE_CURVE('',#793,(#797,#804),.PCURVE_S1.);
#793 = LINE('',#794,#795);
#794 = CARTESIAN_POINT('',(0.,1.197E+03,0.));
#795 = VECTOR('',#796,1.);
#796 = DIRECTION('',(0.,-1.,0.));
#797 = PCURVE('',#126,#798);
#798 = DEFINITIONAL_REPRESENTATION('',(#799),#803);
#799 = LINE('',#800,#801);
#800 = CARTESIAN_POINT('',(-480.5617783434,591.07868897172));
#801 = VECTOR('',#802,1.);
#802 = DIRECTION('',(0.,-1.));
#803 = ( GEOMETRIC_REPRESENTATION_CONTEXT(2) 
PARAMETRIC_REPRESENTATION_CONTEXT() REPRESENTATION_CONTEXT('2D SPACE',''
  ) );
#804 = PCURVE('',#805,#810);
#805 = PLANE('',#806);
#806 = AXIS2_PLACEMENT_3D('',#807,#808,#809);
#807 = CARTESIAN_POINT('',(0.,1.197E+03,0.));
#808 = DIRECTION('',(1.,0.,-0.));
#809 = DIRECTION('',(0.,-1.,0.));
#810 = DEFINITIONAL_REPRESENTATION('',(#811),#815);
#811 = LINE('',#812,#813);
#812 = CARTESIAN_POINT('',(0.,0.));
#813 = VECTOR('',#814,1.);
#814 = DIRECTION('',(1.,0.));
#815 = ( GEOMETRIC_REPRESENTATION_CONTEXT(2) 
PARAMETRIC_REPRESENTATION_CONTEXT() REPRESENTATION_CONTEXT('2D SPACE',''
  ) );
#816 = ORIENTED_EDGE('',*,*,#817,.F.);
#817 = EDGE_CURVE('',#818,#790,#820,.T.);
#818 = VERTEX_POINT('',#819);
#819 = CARTESIAN_POINT('',(0.,1.092337754898E+03,0.));
#820 = SURFACE_CURVE('',#821,(#826,#833),.PCURVE_S1.);
#821 = CIRCLE('',#822,8.);
#822 = AXIS2_PLACEMENT_3D('',#823,#824,#825);
#823 = CARTESIAN_POINT('',(-2.3,1.1E+03,0.));
#824 = DIRECTION('',(-0.,0.,1.));
#825 = DIRECTION('',(0.2875,-0.957780637725,0.));
#826 = PCURVE('',#126,#827);
#827 = DEFINITIONAL_REPRESENTATION('',(#828),#832);
#828 = CIRCLE('',#829,8.);
#829 = AXIS2_PLACEMENT_2D('',#830,#831);
#830 = CARTESIAN_POINT('',(-482.8617783434,494.07868897172));
#831 = DIRECTION('',(0.2875,-0.957780637725));
#832 = ( GEOMETRIC_REPRESENTATION_CONTEXT(2) 
PARAMETRIC_REPRESENTATION_CONTEXT() REPRESENTATION_CONTEXT('2D SPACE',''
  ) );
#833 = PCURVE('',#834,#839);
#834 = CYLINDRICAL_SURFACE('',#835,8.);
#835 = AXIS2_PLACEMENT_3D('',#836,#837,#838);
#836 = CARTESIAN_POINT('',(-2.3,1.1E+03,-1.E-03));
#837 = DIRECTION('',(-0.,-0.,-1.));
#838 = DIRECTION('',(1.,0.,0.));
#839 = DEFINITIONAL_REPRESENTATION('',(#840),#844);
#840 = LINE('',#841,#842);
#841 = CARTESIAN_POINT('',(-5.004004590778,-1.E-03));
#842 = VECTOR('',#843,1.);
#843 = DIRECTION('',(-1.,-0.));
#844 = ( GEOMETRIC_REPRESENTATION_CONTEXT(2) 
PARAMETRIC_REPRESENTATION_CONTEXT() REPRESENTATION_CONTEXT('2D SPACE',''
  ) );
#845 = ORIENTED_EDGE('',*,*,#846,.T.);
#846 = EDGE_CURVE('',#818,#847,#849,.T.);
#847 = VERTEX_POINT('',#848);
#848 = CARTESIAN_POINT('',(0.,607.66224510179,0.));
#849 = SURFACE_CURVE('',#850,(#854,#861),.PCURVE_S1.);
#850 = LINE('',#851,#852);
#851 = CARTESIAN_POINT('',(0.,1.197E+03,0.));
#852 = VECTOR('',#853,1.);
#853 = DIRECTION('',(0.,-1.,0.));
#854 = PCURVE('',#126,#855);
#855 = DEFINITIONAL_REPRESENTATION('',(#856),#860);
#856 = LINE('',#857,#858);
#857 = CARTESIAN_POINT('',(-480.5617783434,591.07868897172));
#858 = VECTOR('',#859,1.);
#859 = DIRECTION('',(0.,-1.));
#860 = ( GEOMETRIC_REPRESENTATION_CONTEXT(2) 
PARAMETRIC_REPRESENTATION_CONTEXT() REPRESENTATION_CONTEXT('2D SPACE',''
  ) );
#861 = PCURVE('',#862,#867);
#862 = PLANE('',#863);
#863 = AXIS2_PLACEMENT_3D('',#864,#865,#866);
#864 = CARTESIAN_POINT('',(0.,1.197E+03,0.));
#865 = DIRECTION('',(1.,0.,-0.));
#866 = DIRECTION('',(0.,-1.,0.));
#867 = DEFINITIONAL_REPRESENTATION('',(#868),#872);
#868 = LINE('',#869,#870);
#869 = CARTESIAN_POINT('',(0.,0.));
#870 = VECTOR('',#871,1.);
#871 = DIRECTION('',(1.,0.));
#872 = ( GEOMETRIC_REPRESENTATION_CONTEXT(2) 
PARAMETRIC_REPRESENTATION_CONTEXT() REPRESENTATION_CONTEXT('2D SPACE',''
  ) );
#873 = ORIENTED_EDGE('',*,*,#874,.F.);
#874 = EDGE_CURVE('',#875,#847,#877,.T.);
#875 = VERTEX_POINT('',#876);
#876 = CARTESIAN_POINT('',(0.,592.3377548982,0.));
#877 = SURFACE_CURVE('',#878,(#883,#890),.PCURVE_S1.);
#878 = CIRCLE('',#879,8.);
#879 = AXIS2_PLACEMENT_3D('',#880,#881,#882);
#880 = CARTESIAN_POINT('',(-2.3,600.,0.));
#881 = DIRECTION('',(-0.,0.,1.));
#882 = DIRECTION('',(0.2875,-0.957780637725,0.));
#883 = PCURVE('',#126,#884);
#884 = DEFINITIONAL_REPRESENTATION('',(#885),#889);
#885 = CIRCLE('',#886,8.);
#886 = AXIS2_PLACEMENT_2D('',#887,#888);
#887 = CARTESIAN_POINT('',(-482.8617783434,-5.921311028275));
#888 = DIRECTION('',(0.2875,-0.957780637725));
#889 = ( GEOMETRIC_REPRESENTATION_CONTEXT(2) 
PARAMETRIC_REPRESENTATION_CONTEXT() REPRESENTATION_CONTEXT('2D SPACE',''
  ) );
#890 = PCURVE('',#891,#896);
#891 = CYLINDRICAL_SURFACE('',#892,8.);
#892 = AXIS2_PLACEMENT_3D('',#893,#894,#895);
#893 = CARTESIAN_POINT('',(-2.3,600.,-1.E-03));
#894 = DIRECTION('',(-0.,-0.,-1.));
#895 = DIRECTION('',(1.,0.,0.));
#896 = DEFINITIONAL_REPRESENTATION('',(#897),#901);
#897 = LINE('',#898,#899);
#898 = CARTESIAN_POINT('',(-5.004004590778,-1.E-03));
#899 = VECTOR('',#900,1.);
#900 = DIRECTION('',(-1.,-0.));
#901 = ( GEOMETRIC_REPRESENTATION_CONTEXT(2) 
PARAMETRIC_REPRESENTATION_CONTEXT() REPRESENTATION_CONTEXT('2D SPACE',''
  ) );
#902 = ORIENTED_EDGE('',*,*,#903,.T.);
#903 = EDGE_CURVE('',#875,#394,#904,.T.);
#904 = SURFACE_CURVE('',#905,(#909,#916),.PCURVE_S1.);
#905 = LINE('',#906,#907);
#906 = CARTESIAN_POINT('',(0.,1.197E+03,0.));
#907 = VECTOR('',#908,1.);
#908 = DIRECTION('',(0.,-1.,0.));
#909 = PCURVE('',#126,#910);
#910 = DEFINITIONAL_REPRESENTATION('',(#911),#915);
#911 = LINE('',#912,#913);
#912 = CARTESIAN_POINT('',(-480.5617783434,591.07868897172));
#913 = VECTOR('',#914,1.);
#914 = DIRECTION('',(0.,-1.));
#915 = ( GEOMETRIC_REPRESENTATION_CONTEXT(2) 
PARAMETRIC_REPRESENTATION_CONTEXT() REPRESENTATION_CONTEXT('2D SPACE',''
  ) );
#916 = PCURVE('',#917,#922);
#917 = PLANE('',#918);
#918 = AXIS2_PLACEMENT_3D('',#919,#920,#921);
#919 = CARTESIAN_POINT('',(0.,1.197E+03,0.));
#920 = DIRECTION('',(1.,0.,-0.));
#921 = DIRECTION('',(0.,-1.,0.));
#922 = DEFINITIONAL_REPRESENTATION('',(#923),#927);
#923 = LINE('',#924,#925);
#924 = CARTESIAN_POINT('',(0.,0.));
#925 = VECTOR('',#926,1.);
#926 = DIRECTION('',(1.,0.));
#927 = ( GEOMETRIC_REPRESENTATION_CONTEXT(2) 
PARAMETRIC_REPRESENTATION_CONTEXT() REPRESENTATION_CONTEXT('2D SPACE',''
  ) );
#928 = FACE_BOUND('',#929,.F.);
#929 = EDGE_LOOP('',(#930));
#930 = ORIENTED_EDGE('',*,*,#931,.T.);
#931 = EDGE_CURVE('',#932,#932,#934,.T.);
#932 = VERTEX_POINT('',#933);
#933 = CARTESIAN_POINT('',(117.05,9.5,0.));
#934 = SURFACE_CURVE('',#935,(#940,#951),.PCURVE_S1.);
#935 = CIRCLE('',#936,2.85);
#936 = AXIS2_PLACEMENT_3D('',#937,#938,#939);
#937 = CARTESIAN_POINT('',(114.2,9.5,0.));
#938 = DIRECTION('',(0.,0.,-1.));
#939 = DIRECTION('',(1.,0.,0.));
#940 = PCURVE('',#126,#941);
#941 = DEFINITIONAL_REPRESENTATION('',(#942),#950);
#942 = ( BOUNDED_CURVE() B_SPLINE_CURVE(2,(#943,#944,#945,#946,#947,#948
,#949),.UNSPECIFIED.,.T.,.F.) B_SPLINE_CURVE_WITH_KNOTS((1,2,2,2,2,1),(
    -2.094395102393,0.,2.094395102393,4.188790204786,6.28318530718,
8.377580409573),.UNSPECIFIED.) CURVE() GEOMETRIC_REPRESENTATION_ITEM() 
RATIONAL_B_SPLINE_CURVE((1.,0.5,1.,0.5,1.,0.5,1.)) REPRESENTATION_ITEM(
  '') );
#943 = CARTESIAN_POINT('',(-363.5117783434,-596.4213110282));
#944 = CARTESIAN_POINT('',(-363.5117783434,-601.3576558298));
#945 = CARTESIAN_POINT('',(-367.7867783434,-598.889483429));
#946 = CARTESIAN_POINT('',(-372.0617783434,-596.4213110282));
#947 = CARTESIAN_POINT('',(-367.7867783434,-593.9531386274));
#948 = CARTESIAN_POINT('',(-363.5117783434,-591.4849662267));
#949 = CARTESIAN_POINT('',(-363.5117783434,-596.4213110282));
#950 = ( GEOMETRIC_REPRESENTATION_CONTEXT(2) 
PARAMETRIC_REPRESENTATION_CONTEXT() REPRESENTATION_CONTEXT('2D SPACE',''
  ) );
#951 = PCURVE('',#952,#957);
#952 = CYLINDRICAL_SURFACE('',#953,2.85);
#953 = AXIS2_PLACEMENT_3D('',#954,#955,#956);
#954 = CARTESIAN_POINT('',(114.2,9.5,-1.));
#955 = DIRECTION('',(-0.,-0.,-1.));
#956 = DIRECTION('',(1.,0.,0.));
#957 = DEFINITIONAL_REPRESENTATION('',(#958),#962);
#958 = LINE('',#959,#960);
#959 = CARTESIAN_POINT('',(-6.28318530718,-1.));
#960 = VECTOR('',#961,1.);
#961 = DIRECTION('',(1.,-0.));
#962 = ( GEOMETRIC_REPRESENTATION_CONTEXT(2) 
PARAMETRIC_REPRESENTATION_CONTEXT() REPRESENTATION_CONTEXT('2D SPACE',''
  ) );
#963 = FACE_BOUND('',#964,.F.);
#964 = EDGE_LOOP('',(#965));
#965 = ORIENTED_EDGE('',*,*,#966,.T.);
#966 = EDGE_CURVE('',#967,#967,#969,.T.);
#967 = VERTEX_POINT('',#968);
#968 = CARTESIAN_POINT('',(105.7,100.,0.));
#969 = SURFACE_CURVE('',#970,(#975,#986),.PCURVE_S1.);
#970 = CIRCLE('',#971,8.);
#971 = AXIS2_PLACEMENT_3D('',#972,#973,#974);
#972 = CARTESIAN_POINT('',(97.7,100.,0.));
#973 = DIRECTION('',(0.,0.,-1.));
#974 = DIRECTION('',(1.,0.,0.));
#975 = PCURVE('',#126,#976);
#976 = DEFINITIONAL_REPRESENTATION('',(#977),#985);
#977 = ( BOUNDED_CURVE() B_SPLINE_CURVE(2,(#978,#979,#980,#981,#982,#983
,#984),.UNSPECIFIED.,.T.,.F.) B_SPLINE_CURVE_WITH_KNOTS((1,2,2,2,2,1),(
    -2.094395102393,0.,2.094395102393,4.188790204786,6.28318530718,
8.377580409573),.UNSPECIFIED.) CURVE() GEOMETRIC_REPRESENTATION_ITEM() 
RATIONAL_B_SPLINE_CURVE((1.,0.5,1.,0.5,1.,0.5,1.)) REPRESENTATION_ITEM(
  '') );
#978 = CARTESIAN_POINT('',(-374.8617783434,-505.9213110282));
#979 = CARTESIAN_POINT('',(-374.8617783434,-519.7777174888));
#980 = CARTESIAN_POINT('',(-386.8617783434,-512.8495142585));
#981 = CARTESIAN_POINT('',(-398.8617783434,-505.9213110282));
#982 = CARTESIAN_POINT('',(-386.8617783434,-498.993107798));
#983 = CARTESIAN_POINT('',(-374.8617783434,-492.0649045677));
#984 = CARTESIAN_POINT('',(-374.8617783434,-505.9213110282));
#985 = ( GEOMETRIC_REPRESENTATION_CONTEXT(2) 
PARAMETRIC_REPRESENTATION_CONTEXT() REPRESENTATION_CONTEXT('2D SPACE',''
  ) );
#986 = PCURVE('',#987,#992);
#987 = CYLINDRICAL_SURFACE('',#988,8.);
#988 = AXIS2_PLACEMENT_3D('',#989,#990,#991);
#989 = CARTESIAN_POINT('',(97.7,100.,-1.E-03));
#990 = DIRECTION('',(-0.,-0.,-1.));
#991 = DIRECTION('',(1.,0.,0.));
#992 = DEFINITIONAL_REPRESENTATION('',(#993),#997);
#993 = LINE('',#994,#995);
#994 = CARTESIAN_POINT('',(-6.28318530718,-1.E-03));
#995 = VECTOR('',#996,1.);
#996 = DIRECTION('',(1.,-0.));
#997 = ( GEOMETRIC_REPRESENTATION_CONTEXT(2) 
PARAMETRIC_REPRESENTATION_CONTEXT() REPRESENTATION_CONTEXT('2D SPACE',''
  ) );
#998 = FACE_BOUND('',#999,.F.);
#999 = EDGE_LOOP('',(#1000));
#1000 = ORIENTED_EDGE('',*,*,#1001,.T.);
#1001 = EDGE_CURVE('',#1002,#1002,#1004,.T.);
#1002 = VERTEX_POINT('',#1003);
#1003 = CARTESIAN_POINT('',(205.7,100.,0.));
#1004 = SURFACE_CURVE('',#1005,(#1010,#1021),.PCURVE_S1.);
#1005 = CIRCLE('',#1006,8.);
#1006 = AXIS2_PLACEMENT_3D('',#1007,#1008,#1009);
#1007 = CARTESIAN_POINT('',(197.7,100.,0.));
#1008 = DIRECTION('',(0.,0.,-1.));
#1009 = DIRECTION('',(1.,0.,0.));
#1010 = PCURVE('',#126,#1011);
#1011 = DEFINITIONAL_REPRESENTATION('',(#1012),#1020);
#1012 = ( BOUNDED_CURVE() B_SPLINE_CURVE(2,(#1013,#1014,#1015,#1016,
#1017,#1018,#1019),.UNSPECIFIED.,.T.,.F.) B_SPLINE_CURVE_WITH_KNOTS((1,2
    ,2,2,2,1),(-2.094395102393,0.,2.094395102393,4.188790204786,
6.28318530718,8.377580409573),.UNSPECIFIED.) CURVE() 
GEOMETRIC_REPRESENTATION_ITEM() RATIONAL_B_SPLINE_CURVE((1.,0.5,1.,0.5,
1.,0.5,1.)) REPRESENTATION_ITEM('') );
#1013 = CARTESIAN_POINT('',(-274.8617783434,-505.9213110282));
#1014 = CARTESIAN_POINT('',(-274.8617783434,-519.7777174888));
#1015 = CARTESIAN_POINT('',(-286.8617783434,-512.8495142585));
#1016 = CARTESIAN_POINT('',(-298.8617783434,-505.9213110282));
#1017 = CARTESIAN_POINT('',(-286.8617783434,-498.993107798));
#1018 = CARTESIAN_POINT('',(-274.8617783434,-492.0649045677));
#1019 = CARTESIAN_POINT('',(-274.8617783434,-505.9213110282));
#1020 = ( GEOMETRIC_REPRESENTATION_CONTEXT(2) 
PARAMETRIC_REPRESENTATION_CONTEXT() REPRESENTATION_CONTEXT('2D SPACE',''
  ) );
#1021 = PCURVE('',#1022,#1027);
#1022 = CYLINDRICAL_SURFACE('',#1023,8.);
#1023 = AXIS2_PLACEMENT_3D('',#1024,#1025,#1026);
#1024 = CARTESIAN_POINT('',(197.7,100.,-1.E-03));
#1025 = DIRECTION('',(-0.,-0.,-1.));
#1026 = DIRECTION('',(1.,0.,0.));
#1027 = DEFINITIONAL_REPRESENTATION('',(#1028),#1032);
#1028 = LINE('',#1029,#1030);
#1029 = CARTESIAN_POINT('',(-6.28318530718,-1.E-03));
#1030 = VECTOR('',#1031,1.);
#1031 = DIRECTION('',(1.,-0.));
#1032 = ( GEOMETRIC_REPRESENTATION_CONTEXT(2) 
PARAMETRIC_REPRESENTATION_CONTEXT() REPRESENTATION_CONTEXT('2D SPACE',''
  ) );
#1033 = FACE_BOUND('',#1034,.F.);
#1034 = EDGE_LOOP('',(#1035));
#1035 = ORIENTED_EDGE('',*,*,#1036,.T.);
#1036 = EDGE_CURVE('',#1037,#1037,#1039,.T.);
#1037 = VERTEX_POINT('',#1038);
#1038 = CARTESIAN_POINT('',(305.7,100.,0.));
#1039 = SURFACE_CURVE('',#1040,(#1045,#1056),.PCURVE_S1.);
#1040 = CIRCLE('',#1041,8.);
#1041 = AXIS2_PLACEMENT_3D('',#1042,#1043,#1044);
#1042 = CARTESIAN_POINT('',(297.7,100.,0.));
#1043 = DIRECTION('',(0.,0.,-1.));
#1044 = DIRECTION('',(1.,0.,0.));
#1045 = PCURVE('',#126,#1046);
#1046 = DEFINITIONAL_REPRESENTATION('',(#1047),#1055);
#1047 = ( BOUNDED_CURVE() B_SPLINE_CURVE(2,(#1048,#1049,#1050,#1051,
#1052,#1053,#1054),.UNSPECIFIED.,.T.,.F.) B_SPLINE_CURVE_WITH_KNOTS((1,2
    ,2,2,2,1),(-2.094395102393,0.,2.094395102393,4.188790204786,
6.28318530718,8.377580409573),.UNSPECIFIED.) CURVE() 
GEOMETRIC_REPRESENTATION_ITEM() RATIONAL_B_SPLINE_CURVE((1.,0.5,1.,0.5,
1.,0.5,1.)) REPRESENTATION_ITEM('') );
#1048 = CARTESIAN_POINT('',(-174.8617783434,-505.9213110282));
#1049 = CARTESIAN_POINT('',(-174.8617783434,-519.7777174888));
#1050 = CARTESIAN_POINT('',(-186.8617783434,-512.8495142585));
#1051 = CARTESIAN_POINT('',(-198.8617783434,-505.9213110282));
#1052 = CARTESIAN_POINT('',(-186.8617783434,-498.993107798));
#1053 = CARTESIAN_POINT('',(-174.8617783434,-492.0649045677));
#1054 = CARTESIAN_POINT('',(-174.8617783434,-505.9213110282));
#1055 = ( GEOMETRIC_REPRESENTATION_CONTEXT(2) 
PARAMETRIC_REPRESENTATION_CONTEXT() REPRESENTATION_CONTEXT('2D SPACE',''
  ) );
#1056 = PCURVE('',#1057,#1062);
#1057 = CYLINDRICAL_SURFACE('',#1058,8.);
#1058 = AXIS2_PLACEMENT_3D('',#1059,#1060,#1061);
#1059 = CARTESIAN_POINT('',(297.7,100.,-1.E-03));
#1060 = DIRECTION('',(-0.,-0.,-1.));
#1061 = DIRECTION('',(1.,0.,0.));
#1062 = DEFINITIONAL_REPRESENTATION('',(#1063),#1067);
#1063 = LINE('',#1064,#1065);
#1064 = CARTESIAN_POINT('',(-6.28318530718,-1.E-03));
#1065 = VECTOR('',#1066,1.);
#1066 = DIRECTION('',(1.,-0.));
#1067 = ( GEOMETRIC_REPRESENTATION_CONTEXT(2) 
PARAMETRIC_REPRESENTATION_CONTEXT() REPRESENTATION_CONTEXT('2D SPACE',''
  ) );
#1068 = FACE_BOUND('',#1069,.F.);
#1069 = EDGE_LOOP('',(#1070));
#1070 = ORIENTED_EDGE('',*,*,#1071,.T.);
#1071 = EDGE_CURVE('',#1072,#1072,#1074,.T.);
#1072 = VERTEX_POINT('',#1073);
#1073 = CARTESIAN_POINT('',(377.05,9.5,0.));
#1074 = SURFACE_CURVE('',#1075,(#1080,#1091),.PCURVE_S1.);
#1075 = CIRCLE('',#1076,2.85);
#1076 = AXIS2_PLACEMENT_3D('',#1077,#1078,#1079);
#1077 = CARTESIAN_POINT('',(374.2,9.5,0.));
#1078 = DIRECTION('',(0.,0.,-1.));
#1079 = DIRECTION('',(1.,0.,0.));
#1080 = PCURVE('',#126,#1081);
#1081 = DEFINITIONAL_REPRESENTATION('',(#1082),#1090);
#1082 = ( BOUNDED_CURVE() B_SPLINE_CURVE(2,(#1083,#1084,#1085,#1086,
#1087,#1088,#1089),.UNSPECIFIED.,.T.,.F.) B_SPLINE_CURVE_WITH_KNOTS((1,2
    ,2,2,2,1),(-2.094395102393,0.,2.094395102393,4.188790204786,
6.28318530718,8.377580409573),.UNSPECIFIED.) CURVE() 
GEOMETRIC_REPRESENTATION_ITEM() RATIONAL_B_SPLINE_CURVE((1.,0.5,1.,0.5,
1.,0.5,1.)) REPRESENTATION_ITEM('') );
#1083 = CARTESIAN_POINT('',(-103.5117783434,-596.4213110282));
#1084 = CARTESIAN_POINT('',(-103.5117783434,-601.3576558298));
#1085 = CARTESIAN_POINT('',(-107.7867783434,-598.889483429));
#1086 = CARTESIAN_POINT('',(-112.0617783434,-596.4213110282));
#1087 = CARTESIAN_POINT('',(-107.7867783434,-593.9531386274));
#1088 = CARTESIAN_POINT('',(-103.5117783434,-591.4849662267));
#1089 = CARTESIAN_POINT('',(-103.5117783434,-596.4213110282));
#1090 = ( GEOMETRIC_REPRESENTATION_CONTEXT(2) 
PARAMETRIC_REPRESENTATION_CONTEXT() REPRESENTATION_CONTEXT('2D SPACE',''
  ) );
#1091 = PCURVE('',#1092,#1097);
#1092 = CYLINDRICAL_SURFACE('',#1093,2.85);
#1093 = AXIS2_PLACEMENT_3D('',#1094,#1095,#1096);
#1094 = CARTESIAN_POINT('',(374.2,9.5,-1.));
#1095 = DIRECTION('',(-0.,-0.,-1.));
#1096 = DIRECTION('',(1.,0.,0.));
#1097 = DEFINITIONAL_REPRESENTATION('',(#1098),#1102);
#1098 = LINE('',#1099,#1100);
#1099 = CARTESIAN_POINT('',(-6.28318530718,-1.));
#1100 = VECTOR('',#1101,1.);
#1101 = DIRECTION('',(1.,-0.));
#1102 = ( GEOMETRIC_REPRESENTATION_CONTEXT(2) 
PARAMETRIC_REPRESENTATION_CONTEXT() REPRESENTATION_CONTEXT('2D SPACE',''
  ) );
#1103 = FACE_BOUND('',#1104,.F.);
#1104 = EDGE_LOOP('',(#1105));
#1105 = ORIENTED_EDGE('',*,*,#1106,.T.);
#1106 = EDGE_CURVE('',#1107,#1107,#1109,.T.);
#1107 = VERTEX_POINT('',#1108);
#1108 = CARTESIAN_POINT('',(405.7,100.,0.));
#1109 = SURFACE_CURVE('',#1110,(#1115,#1126),.PCURVE_S1.);
#1110 = CIRCLE('',#1111,8.);
#1111 = AXIS2_PLACEMENT_3D('',#1112,#1113,#1114);
#1112 = CARTESIAN_POINT('',(397.7,100.,0.));
#1113 = DIRECTION('',(0.,0.,-1.));
#1114 = DIRECTION('',(1.,0.,0.));
#1115 = PCURVE('',#126,#1116);
#1116 = DEFINITIONAL_REPRESENTATION('',(#1117),#1125);
#1117 = ( BOUNDED_CURVE() B_SPLINE_CURVE(2,(#1118,#1119,#1120,#1121,
#1122,#1123,#1124),.UNSPECIFIED.,.T.,.F.) B_SPLINE_CURVE_WITH_KNOTS((1,2
    ,2,2,2,1),(-2.094395102393,0.,2.094395102393,4.188790204786,
6.28318530718,8.377580409573),.UNSPECIFIED.) CURVE() 
GEOMETRIC_REPRESENTATION_ITEM() RATIONAL_B_SPLINE_CURVE((1.,0.5,1.,0.5,
1.,0.5,1.)) REPRESENTATION_ITEM('') );
#1118 = CARTESIAN_POINT('',(-74.86177834348,-505.9213110282));
#1119 = CARTESIAN_POINT('',(-74.86177834348,-519.7777174888));
#1120 = CARTESIAN_POINT('',(-86.86177834348,-512.8495142585));
#1121 = CARTESIAN_POINT('',(-98.86177834348,-505.9213110282));
#1122 = CARTESIAN_POINT('',(-86.86177834348,-498.993107798));
#1123 = CARTESIAN_POINT('',(-74.86177834348,-492.0649045677));
#1124 = CARTESIAN_POINT('',(-74.86177834348,-505.9213110282));
#1125 = ( GEOMETRIC_REPRESENTATION_CONTEXT(2) 
PARAMETRIC_REPRESENTATION_CONTEXT() REPRESENTATION_CONTEXT('2D SPACE',''
  ) );
#1126 = PCURVE('',#1127,#1132);
#1127 = CYLINDRICAL_SURFACE('',#1128,8.);
#1128 = AXIS2_PLACEMENT_3D('',#1129,#1130,#1131);
#1129 = CARTESIAN_POINT('',(397.7,100.,-1.E-03));
#1130 = DIRECTION('',(-0.,-0.,-1.));
#1131 = DIRECTION('',(1.,0.,0.));
#1132 = DEFINITIONAL_REPRESENTATION('',(#1133),#1137);
#1133 = LINE('',#1134,#1135);
#1134 = CARTESIAN_POINT('',(-6.28318530718,-1.E-03));
#1135 = VECTOR('',#1136,1.);
#1136 = DIRECTION('',(1.,-0.));
#1137 = ( GEOMETRIC_REPRESENTATION_CONTEXT(2) 
PARAMETRIC_REPRESENTATION_CONTEXT() REPRESENTATION_CONTEXT('2D SPACE',''
  ) );
#1138 = FACE_BOUND('',#1139,.F.);
#1139 = EDGE_LOOP('',(#1140));
#1140 = ORIENTED_EDGE('',*,*,#1141,.T.);
#1141 = EDGE_CURVE('',#1142,#1142,#1144,.T.);
#1142 = VERTEX_POINT('',#1143);
#1143 = CARTESIAN_POINT('',(45.7,350.,0.));
#1144 = SURFACE_CURVE('',#1145,(#1150,#1161),.PCURVE_S1.);
#1145 = CIRCLE('',#1146,8.);
#1146 = AXIS2_PLACEMENT_3D('',#1147,#1148,#1149);
#1147 = CARTESIAN_POINT('',(37.7,350.,0.));
#1148 = DIRECTION('',(0.,0.,-1.));
#1149 = DIRECTION('',(1.,0.,0.));
#1150 = PCURVE('',#126,#1151);
#1151 = DEFINITIONAL_REPRESENTATION('',(#1152),#1160);
#1152 = ( BOUNDED_CURVE() B_SPLINE_CURVE(2,(#1153,#1154,#1155,#1156,
#1157,#1158,#1159),.UNSPECIFIED.,.T.,.F.) B_SPLINE_CURVE_WITH_KNOTS((1,2
    ,2,2,2,1),(-2.094395102393,0.,2.094395102393,4.188790204786,
6.28318530718,8.377580409573),.UNSPECIFIED.) CURVE() 
GEOMETRIC_REPRESENTATION_ITEM() RATIONAL_B_SPLINE_CURVE((1.,0.5,1.,0.5,
1.,0.5,1.)) REPRESENTATION_ITEM('') );
#1153 = CARTESIAN_POINT('',(-434.8617783434,-255.9213110282));
#1154 = CARTESIAN_POINT('',(-434.8617783434,-269.7777174888));
#1155 = CARTESIAN_POINT('',(-446.8617783434,-262.8495142585));
#1156 = CARTESIAN_POINT('',(-458.8617783434,-255.9213110282));
#1157 = CARTESIAN_POINT('',(-446.8617783434,-248.993107798));
#1158 = CARTESIAN_POINT('',(-434.8617783434,-242.0649045677));
#1159 = CARTESIAN_POINT('',(-434.8617783434,-255.9213110282));
#1160 = ( GEOMETRIC_REPRESENTATION_CONTEXT(2) 
PARAMETRIC_REPRESENTATION_CONTEXT() REPRESENTATION_CONTEXT('2D SPACE',''
  ) );
#1161 = PCURVE('',#1162,#1167);
#1162 = CYLINDRICAL_SURFACE('',#1163,8.);
#1163 = AXIS2_PLACEMENT_3D('',#1164,#1165,#1166);
#1164 = CARTESIAN_POINT('',(37.7,350.,-1.E-03));
#1165 = DIRECTION('',(-0.,-0.,-1.));
#1166 = DIRECTION('',(1.,0.,0.));
#1167 = DEFINITIONAL_REPRESENTATION('',(#1168),#1172);
#1168 = LINE('',#1169,#1170);
#1169 = CARTESIAN_POINT('',(-6.28318530718,-1.E-03));
#1170 = VECTOR('',#1171,1.);
#1171 = DIRECTION('',(1.,-0.));
#1172 = ( GEOMETRIC_REPRESENTATION_CONTEXT(2) 
PARAMETRIC_REPRESENTATION_CONTEXT() REPRESENTATION_CONTEXT('2D SPACE',''
  ) );
#1173 = FACE_BOUND('',#1174,.F.);
#1174 = EDGE_LOOP('',(#1175));
#1175 = ORIENTED_EDGE('',*,*,#1176,.T.);
#1176 = EDGE_CURVE('',#1177,#1177,#1179,.T.);
#1177 = VERTEX_POINT('',#1178);
#1178 = CARTESIAN_POINT('',(145.7,350.,0.));
#1179 = SURFACE_CURVE('',#1180,(#1185,#1196),.PCURVE_S1.);
#1180 = CIRCLE('',#1181,8.);
#1181 = AXIS2_PLACEMENT_3D('',#1182,#1183,#1184);
#1182 = CARTESIAN_POINT('',(137.7,350.,0.));
#1183 = DIRECTION('',(0.,0.,-1.));
#1184 = DIRECTION('',(1.,0.,0.));
#1185 = PCURVE('',#126,#1186);
#1186 = DEFINITIONAL_REPRESENTATION('',(#1187),#1195);
#1187 = ( BOUNDED_CURVE() B_SPLINE_CURVE(2,(#1188,#1189,#1190,#1191,
#1192,#1193,#1194),.UNSPECIFIED.,.T.,.F.) B_SPLINE_CURVE_WITH_KNOTS((1,2
    ,2,2,2,1),(-2.094395102393,0.,2.094395102393,4.188790204786,
6.28318530718,8.377580409573),.UNSPECIFIED.) CURVE() 
GEOMETRIC_REPRESENTATION_ITEM() RATIONAL_B_SPLINE_CURVE((1.,0.5,1.,0.5,
1.,0.5,1.)) REPRESENTATION_ITEM('') );
#1188 = CARTESIAN_POINT('',(-334.8617783434,-255.9213110282));
#1189 = CARTESIAN_POINT('',(-334.8617783434,-269.7777174888));
#1190 = CARTESIAN_POINT('',(-346.8617783434,-262.8495142585));
#1191 = CARTESIAN_POINT('',(-358.8617783434,-255.9213110282));
#1192 = CARTESIAN_POINT('',(-346.8617783434,-248.993107798));
#1193 = CARTESIAN_POINT('',(-334.8617783434,-242.0649045677));
#1194 = CARTESIAN_POINT('',(-334.8617783434,-255.9213110282));
#1195 = ( GEOMETRIC_REPRESENTATION_CONTEXT(2) 
PARAMETRIC_REPRESENTATION_CONTEXT() REPRESENTATION_CONTEXT('2D SPACE',''
  ) );
#1196 = PCURVE('',#1197,#1202);
#1197 = CYLINDRICAL_SURFACE('',#1198,8.);
#1198 = AXIS2_PLACEMENT_3D('',#1199,#1200,#1201);
#1199 = CARTESIAN_POINT('',(137.7,350.,-1.E-03));
#1200 = DIRECTION('',(-0.,-0.,-1.));
#1201 = DIRECTION('',(1.,0.,0.));
#1202 = DEFINITIONAL_REPRESENTATION('',(#1203),#1207);
#1203 = LINE('',#1204,#1205);
#1204 = CARTESIAN_POINT('',(-6.28318530718,-1.E-03));
#1205 = VECTOR('',#1206,1.);
#1206 = DIRECTION('',(1.,-0.));
#1207 = ( GEOMETRIC_REPRESENTATION_CONTEXT(2) 
PARAMETRIC_REPRESENTATION_CONTEXT() REPRESENTATION_CONTEXT('2D SPACE',''
  ) );
#1208 = FACE_BOUND('',#1209,.F.);
#1209 = EDGE_LOOP('',(#1210));
#1210 = ORIENTED_EDGE('',*,*,#1211,.T.);
#1211 = EDGE_CURVE('',#1212,#1212,#1214,.T.);
#1212 = VERTEX_POINT('',#1213);
#1213 = CARTESIAN_POINT('',(117.05,398.5,0.));
#1214 = SURFACE_CURVE('',#1215,(#1220,#1231),.PCURVE_S1.);
#1215 = CIRCLE('',#1216,2.85);
#1216 = AXIS2_PLACEMENT_3D('',#1217,#1218,#1219);
#1217 = CARTESIAN_POINT('',(114.2,398.5,0.));
#1218 = DIRECTION('',(0.,0.,-1.));
#1219 = DIRECTION('',(1.,0.,0.));
#1220 = PCURVE('',#126,#1221);
#1221 = DEFINITIONAL_REPRESENTATION('',(#1222),#1230);
#1222 = ( BOUNDED_CURVE() B_SPLINE_CURVE(2,(#1223,#1224,#1225,#1226,
#1227,#1228,#1229),.UNSPECIFIED.,.T.,.F.) B_SPLINE_CURVE_WITH_KNOTS((1,2
    ,2,2,2,1),(-2.094395102393,0.,2.094395102393,4.188790204786,
6.28318530718,8.377580409573),.UNSPECIFIED.) CURVE() 
GEOMETRIC_REPRESENTATION_ITEM() RATIONAL_B_SPLINE_CURVE((1.,0.5,1.,0.5,
1.,0.5,1.)) REPRESENTATION_ITEM('') );
#1223 = CARTESIAN_POINT('',(-363.5117783434,-207.4213110282));
#1224 = CARTESIAN_POINT('',(-363.5117783434,-212.3576558298));
#1225 = CARTESIAN_POINT('',(-367.7867783434,-209.889483429));
#1226 = CARTESIAN_POINT('',(-372.0617783434,-207.4213110282));
#1227 = CARTESIAN_POINT('',(-367.7867783434,-204.9531386274));
#1228 = CARTESIAN_POINT('',(-363.5117783434,-202.4849662267));
#1229 = CARTESIAN_POINT('',(-363.5117783434,-207.4213110282));
#1230 = ( GEOMETRIC_REPRESENTATION_CONTEXT(2) 
PARAMETRIC_REPRESENTATION_CONTEXT() REPRESENTATION_CONTEXT('2D SPACE',''
  ) );
#1231 = PCURVE('',#1232,#1237);
#1232 = CYLINDRICAL_SURFACE('',#1233,2.85);
#1233 = AXIS2_PLACEMENT_3D('',#1234,#1235,#1236);
#1234 = CARTESIAN_POINT('',(114.2,398.5,-1.));
#1235 = DIRECTION('',(-0.,-0.,-1.));
#1236 = DIRECTION('',(1.,0.,0.));
#1237 = DEFINITIONAL_REPRESENTATION('',(#1238),#1242);
#1238 = LINE('',#1239,#1240);
#1239 = CARTESIAN_POINT('',(-6.28318530718,-1.));
#1240 = VECTOR('',#1241,1.);
#1241 = DIRECTION('',(1.,-0.));
#1242 = ( GEOMETRIC_REPRESENTATION_CONTEXT(2) 
PARAMETRIC_REPRESENTATION_CONTEXT() REPRESENTATION_CONTEXT('2D SPACE',''
  ) );
#1243 = FACE_BOUND('',#1244,.F.);
#1244 = EDGE_LOOP('',(#1245));
#1245 = ORIENTED_EDGE('',*,*,#1246,.T.);
#1246 = EDGE_CURVE('',#1247,#1247,#1249,.T.);
#1247 = VERTEX_POINT('',#1248);
#1248 = CARTESIAN_POINT('',(245.7,350.,0.));
#1249 = SURFACE_CURVE('',#1250,(#1255,#1266),.PCURVE_S1.);
#1250 = CIRCLE('',#1251,8.);
#1251 = AXIS2_PLACEMENT_3D('',#1252,#1253,#1254);
#1252 = CARTESIAN_POINT('',(237.7,350.,0.));
#1253 = DIRECTION('',(0.,0.,-1.));
#1254 = DIRECTION('',(1.,0.,0.));
#1255 = PCURVE('',#126,#1256);
#1256 = DEFINITIONAL_REPRESENTATION('',(#1257),#1265);
#1257 = ( BOUNDED_CURVE() B_SPLINE_CURVE(2,(#1258,#1259,#1260,#1261,
#1262,#1263,#1264),.UNSPECIFIED.,.T.,.F.) B_SPLINE_CURVE_WITH_KNOTS((1,2
    ,2,2,2,1),(-2.094395102393,0.,2.094395102393,4.188790204786,
6.28318530718,8.377580409573),.UNSPECIFIED.) CURVE() 
GEOMETRIC_REPRESENTATION_ITEM() RATIONAL_B_SPLINE_CURVE((1.,0.5,1.,0.5,
1.,0.5,1.)) REPRESENTATION_ITEM('') );
#1258 = CARTESIAN_POINT('',(-234.8617783434,-255.9213110282));
#1259 = CARTESIAN_POINT('',(-234.8617783434,-269.7777174888));
#1260 = CARTESIAN_POINT('',(-246.8617783434,-262.8495142585));
#1261 = CARTESIAN_POINT('',(-258.8617783434,-255.9213110282));
#1262 = CARTESIAN_POINT('',(-246.8617783434,-248.993107798));
#1263 = CARTESIAN_POINT('',(-234.8617783434,-242.0649045677));
#1264 = CARTESIAN_POINT('',(-234.8617783434,-255.9213110282));
#1265 = ( GEOMETRIC_REPRESENTATION_CONTEXT(2) 
PARAMETRIC_REPRESENTATION_CONTEXT() REPRESENTATION_CONTEXT('2D SPACE',''
  ) );
#1266 = PCURVE('',#1267,#1272);
#1267 = CYLINDRICAL_SURFACE('',#1268,8.);
#1268 = AXIS2_PLACEMENT_3D('',#1269,#1270,#1271);
#1269 = CARTESIAN_POINT('',(237.7,350.,-1.E-03));
#1270 = DIRECTION('',(-0.,-0.,-1.));
#1271 = DIRECTION('',(1.,0.,0.));
#1272 = DEFINITIONAL_REPRESENTATION('',(#1273),#1277);
#1273 = LINE('',#1274,#1275);
#1274 = CARTESIAN_POINT('',(-6.28318530718,-1.E-03));
#1275 = VECTOR('',#1276,1.);
#1276 = DIRECTION('',(1.,-0.));
#1277 = ( GEOMETRIC_REPRESENTATION_CONTEXT(2) 
PARAMETRIC_REPRESENTATION_CONTEXT() REPRESENTATION_CONTEXT('2D SPACE',''
  ) );
#1278 = FACE_BOUND('',#1279,.F.);
#1279 = EDGE_LOOP('',(#1280));
#1280 = ORIENTED_EDGE('',*,*,#1281,.T.);
#1281 = EDGE_CURVE('',#1282,#1282,#1284,.T.);
#1282 = VERTEX_POINT('',#1283);
#1283 = CARTESIAN_POINT('',(345.7,350.,0.));
#1284 = SURFACE_CURVE('',#1285,(#1290,#1301),.PCURVE_S1.);
#1285 = CIRCLE('',#1286,8.);
#1286 = AXIS2_PLACEMENT_3D('',#1287,#1288,#1289);
#1287 = CARTESIAN_POINT('',(337.7,350.,0.));
#1288 = DIRECTION('',(0.,0.,-1.));
#1289 = DIRECTION('',(1.,0.,0.));
#1290 = PCURVE('',#126,#1291);
#1291 = DEFINITIONAL_REPRESENTATION('',(#1292),#1300);
#1292 = ( BOUNDED_CURVE() B_SPLINE_CURVE(2,(#1293,#1294,#1295,#1296,
#1297,#1298,#1299),.UNSPECIFIED.,.T.,.F.) B_SPLINE_CURVE_WITH_KNOTS((1,2
    ,2,2,2,1),(-2.094395102393,0.,2.094395102393,4.188790204786,
6.28318530718,8.377580409573),.UNSPECIFIED.) CURVE() 
GEOMETRIC_REPRESENTATION_ITEM() RATIONAL_B_SPLINE_CURVE((1.,0.5,1.,0.5,
1.,0.5,1.)) REPRESENTATION_ITEM('') );
#1293 = CARTESIAN_POINT('',(-134.8617783434,-255.9213110282));
#1294 = CARTESIAN_POINT('',(-134.8617783434,-269.7777174888));
#1295 = CARTESIAN_POINT('',(-146.8617783434,-262.8495142585));
#1296 = CARTESIAN_POINT('',(-158.8617783434,-255.9213110282));
#1297 = CARTESIAN_POINT('',(-146.8617783434,-248.993107798));
#1298 = CARTESIAN_POINT('',(-134.8617783434,-242.0649045677));
#1299 = CARTESIAN_POINT('',(-134.8617783434,-255.9213110282));
#1300 = ( GEOMETRIC_REPRESENTATION_CONTEXT(2) 
PARAMETRIC_REPRESENTATION_CONTEXT() REPRESENTATION_CONTEXT('2D SPACE',''
  ) );
#1301 = PCURVE('',#1302,#1307);
#1302 = CYLINDRICAL_SURFACE('',#1303,8.);
#1303 = AXIS2_PLACEMENT_3D('',#1304,#1305,#1306);
#1304 = CARTESIAN_POINT('',(337.7,350.,-1.E-03));
#1305 = DIRECTION('',(-0.,-0.,-1.));
#1306 = DIRECTION('',(1.,0.,0.));
#1307 = DEFINITIONAL_REPRESENTATION('',(#1308),#1312);
#1308 = LINE('',#1309,#1310);
#1309 = CARTESIAN_POINT('',(-6.28318530718,-1.E-03));
#1310 = VECTOR('',#1311,1.);
#1311 = DIRECTION('',(1.,-0.));
#1312 = ( GEOMETRIC_REPRESENTATION_CONTEXT(2) 
PARAMETRIC_REPRESENTATION_CONTEXT() REPRESENTATION_CONTEXT('2D SPACE',''
  ) );
#1313 = FACE_BOUND('',#1314,.F.);
#1314 = EDGE_LOOP('',(#1315));
#1315 = ORIENTED_EDGE('',*,*,#1316,.T.);
#1316 = EDGE_CURVE('',#1317,#1317,#1319,.T.);
#1317 = VERTEX_POINT('',#1318);
#1318 = CARTESIAN_POINT('',(445.7,350.,0.));
#1319 = SURFACE_CURVE('',#1320,(#1325,#1336),.PCURVE_S1.);
#1320 = CIRCLE('',#1321,8.);
#1321 = AXIS2_PLACEMENT_3D('',#1322,#1323,#1324);
#1322 = CARTESIAN_POINT('',(437.7,350.,0.));
#1323 = DIRECTION('',(0.,0.,-1.));
#1324 = DIRECTION('',(1.,0.,0.));
#1325 = PCURVE('',#126,#1326);
#1326 = DEFINITIONAL_REPRESENTATION('',(#1327),#1335);
#1327 = ( BOUNDED_CURVE() B_SPLINE_CURVE(2,(#1328,#1329,#1330,#1331,
#1332,#1333,#1334),.UNSPECIFIED.,.T.,.F.) B_SPLINE_CURVE_WITH_KNOTS((1,2
    ,2,2,2,1),(-2.094395102393,0.,2.094395102393,4.188790204786,
6.28318530718,8.377580409573),.UNSPECIFIED.) CURVE() 
GEOMETRIC_REPRESENTATION_ITEM() RATIONAL_B_SPLINE_CURVE((1.,0.5,1.,0.5,
1.,0.5,1.)) REPRESENTATION_ITEM('') );
#1328 = CARTESIAN_POINT('',(-34.86177834348,-255.9213110282));
#1329 = CARTESIAN_POINT('',(-34.86177834348,-269.7777174888));
#1330 = CARTESIAN_POINT('',(-46.86177834348,-262.8495142585));
#1331 = CARTESIAN_POINT('',(-58.86177834348,-255.9213110282));
#1332 = CARTESIAN_POINT('',(-46.86177834348,-248.993107798));
#1333 = CARTESIAN_POINT('',(-34.86177834348,-242.0649045677));
#1334 = CARTESIAN_POINT('',(-34.86177834348,-255.9213110282));
#1335 = ( GEOMETRIC_REPRESENTATION_CONTEXT(2) 
PARAMETRIC_REPRESENTATION_CONTEXT() REPRESENTATION_CONTEXT('2D SPACE',''
  ) );
#1336 = PCURVE('',#1337,#1342);
#1337 = CYLINDRICAL_SURFACE('',#1338,8.);
#1338 = AXIS2_PLACEMENT_3D('',#1339,#1340,#1341);
#1339 = CARTESIAN_POINT('',(437.7,350.,-1.E-03));
#1340 = DIRECTION('',(-0.,-0.,-1.));
#1341 = DIRECTION('',(1.,0.,0.));
#1342 = DEFINITIONAL_REPRESENTATION('',(#1343),#1347);
#1343 = LINE('',#1344,#1345);
#1344 = CARTESIAN_POINT('',(-6.28318530718,-1.E-03));
#1345 = VECTOR('',#1346,1.);
#1346 = DIRECTION('',(1.,-0.));
#1347 = ( GEOMETRIC_REPRESENTATION_CONTEXT(2) 
PARAMETRIC_REPRESENTATION_CONTEXT() REPRESENTATION_CONTEXT('2D SPACE',''
  ) );
#1348 = FACE_BOUND('',#1349,.F.);
#1349 = EDGE_LOOP('',(#1350));
#1350 = ORIENTED_EDGE('',*,*,#1351,.T.);
#1351 = EDGE_CURVE('',#1352,#1352,#1354,.T.);
#1352 = VERTEX_POINT('',#1353);
#1353 = CARTESIAN_POINT('',(377.05,398.5,0.));
#1354 = SURFACE_CURVE('',#1355,(#1360,#1371),.PCURVE_S1.);
#1355 = CIRCLE('',#1356,2.85);
#1356 = AXIS2_PLACEMENT_3D('',#1357,#1358,#1359);
#1357 = CARTESIAN_POINT('',(374.2,398.5,0.));
#1358 = DIRECTION('',(0.,0.,-1.));
#1359 = DIRECTION('',(1.,0.,0.));
#1360 = PCURVE('',#126,#1361);
#1361 = DEFINITIONAL_REPRESENTATION('',(#1362),#1370);
#1362 = ( BOUNDED_CURVE() B_SPLINE_CURVE(2,(#1363,#1364,#1365,#1366,
#1367,#1368,#1369),.UNSPECIFIED.,.T.,.F.) B_SPLINE_CURVE_WITH_KNOTS((1,2
    ,2,2,2,1),(-2.094395102393,0.,2.094395102393,4.188790204786,
6.28318530718,8.377580409573),.UNSPECIFIED.) CURVE() 
GEOMETRIC_REPRESENTATION_ITEM() RATIONAL_B_SPLINE_CURVE((1.,0.5,1.,0.5,
1.,0.5,1.)) REPRESENTATION_ITEM('') );
#1363 = CARTESIAN_POINT('',(-103.5117783434,-207.4213110282));
#1364 = CARTESIAN_POINT('',(-103.5117783434,-212.3576558298));
#1365 = CARTESIAN_POINT('',(-107.7867783434,-209.889483429));
#1366 = CARTESIAN_POINT('',(-112.0617783434,-207.4213110282));
#1367 = CARTESIAN_POINT('',(-107.7867783434,-204.9531386274));
#1368 = CARTESIAN_POINT('',(-103.5117783434,-202.4849662267));
#1369 = CARTESIAN_POINT('',(-103.5117783434,-207.4213110282));
#1370 = ( GEOMETRIC_REPRESENTATION_CONTEXT(2) 
PARAMETRIC_REPRESENTATION_CONTEXT() REPRESENTATION_CONTEXT('2D SPACE',''
  ) );
#1371 = PCURVE('',#1372,#1377);
#1372 = CYLINDRICAL_SURFACE('',#1373,2.85);
#1373 = AXIS2_PLACEMENT_3D('',#1374,#1375,#1376);
#1374 = CARTESIAN_POINT('',(374.2,398.5,-1.));
#1375 = DIRECTION('',(-0.,-0.,-1.));
#1376 = DIRECTION('',(1.,0.,0.));
#1377 = DEFINITIONAL_REPRESENTATION('',(#1378),#1382);
#1378 = LINE('',#1379,#1380);
#1379 = CARTESIAN_POINT('',(-6.28318530718,-1.));
#1380 = VECTOR('',#1381,1.);
#1381 = DIRECTION('',(1.,-0.));
#1382 = ( GEOMETRIC_REPRESENTATION_CONTEXT(2) 
PARAMETRIC_REPRESENTATION_CONTEXT() REPRESENTATION_CONTEXT('2D SPACE',''
  ) );
#1383 = FACE_BOUND('',#1384,.F.);
#1384 = EDGE_LOOP('',(#1385));
#1385 = ORIENTED_EDGE('',*,*,#1386,.T.);
#1386 = EDGE_CURVE('',#1387,#1387,#1389,.T.);
#1387 = VERTEX_POINT('',#1388);
#1388 = CARTESIAN_POINT('',(505.7,100.,0.));
#1389 = SURFACE_CURVE('',#1390,(#1395,#1406),.PCURVE_S1.);
#1390 = CIRCLE('',#1391,8.);
#1391 = AXIS2_PLACEMENT_3D('',#1392,#1393,#1394);
#1392 = CARTESIAN_POINT('',(497.7,100.,0.));
#1393 = DIRECTION('',(0.,0.,-1.));
#1394 = DIRECTION('',(1.,0.,0.));
#1395 = PCURVE('',#126,#1396);
#1396 = DEFINITIONAL_REPRESENTATION('',(#1397),#1405);
#1397 = ( BOUNDED_CURVE() B_SPLINE_CURVE(2,(#1398,#1399,#1400,#1401,
#1402,#1403,#1404),.UNSPECIFIED.,.T.,.F.) B_SPLINE_CURVE_WITH_KNOTS((1,2
    ,2,2,2,1),(-2.094395102393,0.,2.094395102393,4.188790204786,
6.28318530718,8.377580409573),.UNSPECIFIED.) CURVE() 
GEOMETRIC_REPRESENTATION_ITEM() RATIONAL_B_SPLINE_CURVE((1.,0.5,1.,0.5,
1.,0.5,1.)) REPRESENTATION_ITEM('') );
#1398 = CARTESIAN_POINT('',(25.138221656514,-505.9213110282));
#1399 = CARTESIAN_POINT('',(25.138221656514,-519.7777174888));
#1400 = CARTESIAN_POINT('',(13.138221656514,-512.8495142585));
#1401 = CARTESIAN_POINT('',(1.138221656514,-505.9213110282));
#1402 = CARTESIAN_POINT('',(13.138221656514,-498.993107798));
#1403 = CARTESIAN_POINT('',(25.138221656514,-492.0649045677));
#1404 = CARTESIAN_POINT('',(25.138221656514,-505.9213110282));
#1405 = ( GEOMETRIC_REPRESENTATION_CONTEXT(2) 
PARAMETRIC_REPRESENTATION_CONTEXT() REPRESENTATION_CONTEXT('2D SPACE',''
  ) );
#1406 = PCURVE('',#1407,#1412);
#1407 = CYLINDRICAL_SURFACE('',#1408,8.);
#1408 = AXIS2_PLACEMENT_3D('',#1409,#1410,#1411);
#1409 = CARTESIAN_POINT('',(497.7,100.,-1.E-03));
#1410 = DIRECTION('',(-0.,-0.,-1.));
#1411 = DIRECTION('',(1.,0.,0.));
#1412 = DEFINITIONAL_REPRESENTATION('',(#1413),#1417);
#1413 = LINE('',#1414,#1415);
#1414 = CARTESIAN_POINT('',(-6.28318530718,-1.E-03));
#1415 = VECTOR('',#1416,1.);
#1416 = DIRECTION('',(1.,-0.));
#1417 = ( GEOMETRIC_REPRESENTATION_CONTEXT(2) 
PARAMETRIC_REPRESENTATION_CONTEXT() REPRESENTATION_CONTEXT('2D SPACE',''
  ) );
#1418 = FACE_BOUND('',#1419,.F.);
#1419 = EDGE_LOOP('',(#1420));
#1420 = ORIENTED_EDGE('',*,*,#1421,.T.);
#1421 = EDGE_CURVE('',#1422,#1422,#1424,.T.);
#1422 = VERTEX_POINT('',#1423);
#1423 = CARTESIAN_POINT('',(597.05,9.5,0.));
#1424 = SURFACE_CURVE('',#1425,(#1430,#1441),.PCURVE_S1.);
#1425 = CIRCLE('',#1426,2.85);
#1426 = AXIS2_PLACEMENT_3D('',#1427,#1428,#1429);
#1427 = CARTESIAN_POINT('',(594.2,9.5,0.));
#1428 = DIRECTION('',(0.,0.,-1.));
#1429 = DIRECTION('',(1.,0.,0.));
#1430 = PCURVE('',#126,#1431);
#1431 = DEFINITIONAL_REPRESENTATION('',(#1432),#1440);
#1432 = ( BOUNDED_CURVE() B_SPLINE_CURVE(2,(#1433,#1434,#1435,#1436,
#1437,#1438,#1439),.UNSPECIFIED.,.T.,.F.) B_SPLINE_CURVE_WITH_KNOTS((1,2
    ,2,2,2,1),(-2.094395102393,0.,2.094395102393,4.188790204786,
6.28318530718,8.377580409573),.UNSPECIFIED.) CURVE() 
GEOMETRIC_REPRESENTATION_ITEM() RATIONAL_B_SPLINE_CURVE((1.,0.5,1.,0.5,
1.,0.5,1.)) REPRESENTATION_ITEM('') );
#1433 = CARTESIAN_POINT('',(116.48822165651,-596.4213110282));
#1434 = CARTESIAN_POINT('',(116.48822165651,-601.3576558298));
#1435 = CARTESIAN_POINT('',(112.21322165651,-598.889483429));
#1436 = CARTESIAN_POINT('',(107.93822165651,-596.4213110282));
#1437 = CARTESIAN_POINT('',(112.21322165651,-593.9531386274));
#1438 = CARTESIAN_POINT('',(116.48822165651,-591.4849662267));
#1439 = CARTESIAN_POINT('',(116.48822165651,-596.4213110282));
#1440 = ( GEOMETRIC_REPRESENTATION_CONTEXT(2) 
PARAMETRIC_REPRESENTATION_CONTEXT() REPRESENTATION_CONTEXT('2D SPACE',''
  ) );
#1441 = PCURVE('',#1442,#1447);
#1442 = CYLINDRICAL_SURFACE('',#1443,2.85);
#1443 = AXIS2_PLACEMENT_3D('',#1444,#1445,#1446);
#1444 = CARTESIAN_POINT('',(594.2,9.5,-1.));
#1445 = DIRECTION('',(-0.,-0.,-1.));
#1446 = DIRECTION('',(1.,0.,0.));
#1447 = DEFINITIONAL_REPRESENTATION('',(#1448),#1452);
#1448 = LINE('',#1449,#1450);
#1449 = CARTESIAN_POINT('',(-6.28318530718,-1.));
#1450 = VECTOR('',#1451,1.);
#1451 = DIRECTION('',(1.,-0.));
#1452 = ( GEOMETRIC_REPRESENTATION_CONTEXT(2) 
PARAMETRIC_REPRESENTATION_CONTEXT() REPRESENTATION_CONTEXT('2D SPACE',''
  ) );
#1453 = FACE_BOUND('',#1454,.F.);
#1454 = EDGE_LOOP('',(#1455));
#1455 = ORIENTED_EDGE('',*,*,#1456,.T.);
#1456 = EDGE_CURVE('',#1457,#1457,#1459,.T.);
#1457 = VERTEX_POINT('',#1458);
#1458 = CARTESIAN_POINT('',(605.7,100.,0.));
#1459 = SURFACE_CURVE('',#1460,(#1465,#1476),.PCURVE_S1.);
#1460 = CIRCLE('',#1461,8.);
#1461 = AXIS2_PLACEMENT_3D('',#1462,#1463,#1464);
#1462 = CARTESIAN_POINT('',(597.7,100.,0.));
#1463 = DIRECTION('',(0.,0.,-1.));
#1464 = DIRECTION('',(1.,0.,0.));
#1465 = PCURVE('',#126,#1466);
#1466 = DEFINITIONAL_REPRESENTATION('',(#1467),#1475);
#1467 = ( BOUNDED_CURVE() B_SPLINE_CURVE(2,(#1468,#1469,#1470,#1471,
#1472,#1473,#1474),.UNSPECIFIED.,.T.,.F.) B_SPLINE_CURVE_WITH_KNOTS((1,2
    ,2,2,2,1),(-2.094395102393,0.,2.094395102393,4.188790204786,
6.28318530718,8.377580409573),.UNSPECIFIED.) CURVE() 
GEOMETRIC_REPRESENTATION_ITEM() RATIONAL_B_SPLINE_CURVE((1.,0.5,1.,0.5,
1.,0.5,1.)) REPRESENTATION_ITEM('') );
#1468 = CARTESIAN_POINT('',(125.13822165651,-505.9213110282));
#1469 = CARTESIAN_POINT('',(125.13822165651,-519.7777174888));
#1470 = CARTESIAN_POINT('',(113.13822165651,-512.8495142585));
#1471 = CARTESIAN_POINT('',(101.13822165651,-505.9213110282));
#1472 = CARTESIAN_POINT('',(113.13822165651,-498.993107798));
#1473 = CARTESIAN_POINT('',(125.13822165651,-492.0649045677));
#1474 = CARTESIAN_POINT('',(125.13822165651,-505.9213110282));
#1475 = ( GEOMETRIC_REPRESENTATION_CONTEXT(2) 
PARAMETRIC_REPRESENTATION_CONTEXT() REPRESENTATION_CONTEXT('2D SPACE',''
  ) );
#1476 = PCURVE('',#1477,#1482);
#1477 = CYLINDRICAL_SURFACE('',#1478,8.);
#1478 = AXIS2_PLACEMENT_3D('',#1479,#1480,#1481);
#1479 = CARTESIAN_POINT('',(597.7,100.,-1.E-03));
#1480 = DIRECTION('',(-0.,-0.,-1.));
#1481 = DIRECTION('',(1.,0.,0.));
#1482 = DEFINITIONAL_REPRESENTATION('',(#1483),#1487);
#1483 = LINE('',#1484,#1485);
#1484 = CARTESIAN_POINT('',(-6.28318530718,-1.E-03));
#1485 = VECTOR('',#1486,1.);
#1486 = DIRECTION('',(1.,-0.));
#1487 = ( GEOMETRIC_REPRESENTATION_CONTEXT(2) 
PARAMETRIC_REPRESENTATION_CONTEXT() REPRESENTATION_CONTEXT('2D SPACE',''
  ) );
#1488 = FACE_BOUND('',#1489,.F.);
#1489 = EDGE_LOOP('',(#1490));
#1490 = ORIENTED_EDGE('',*,*,#1491,.T.);
#1491 = EDGE_CURVE('',#1492,#1492,#1494,.T.);
#1492 = VERTEX_POINT('',#1493);
#1493 = CARTESIAN_POINT('',(705.7,100.,0.));
#1494 = SURFACE_CURVE('',#1495,(#1500,#1511),.PCURVE_S1.);
#1495 = CIRCLE('',#1496,8.);
#1496 = AXIS2_PLACEMENT_3D('',#1497,#1498,#1499);
#1497 = CARTESIAN_POINT('',(697.7,100.,0.));
#1498 = DIRECTION('',(0.,0.,-1.));
#1499 = DIRECTION('',(1.,0.,0.));
#1500 = PCURVE('',#126,#1501);
#1501 = DEFINITIONAL_REPRESENTATION('',(#1502),#1510);
#1502 = ( BOUNDED_CURVE() B_SPLINE_CURVE(2,(#1503,#1504,#1505,#1506,
#1507,#1508,#1509),.UNSPECIFIED.,.T.,.F.) B_SPLINE_CURVE_WITH_KNOTS((1,2
    ,2,2,2,1),(-2.094395102393,0.,2.094395102393,4.188790204786,
6.28318530718,8.377580409573),.UNSPECIFIED.) CURVE() 
GEOMETRIC_REPRESENTATION_ITEM() RATIONAL_B_SPLINE_CURVE((1.,0.5,1.,0.5,
1.,0.5,1.)) REPRESENTATION_ITEM('') );
#1503 = CARTESIAN_POINT('',(225.13822165651,-505.9213110282));
#1504 = CARTESIAN_POINT('',(225.13822165651,-519.7777174888));
#1505 = CARTESIAN_POINT('',(213.13822165651,-512.8495142585));
#1506 = CARTESIAN_POINT('',(201.13822165651,-505.9213110282));
#1507 = CARTESIAN_POINT('',(213.13822165651,-498.993107798));
#1508 = CARTESIAN_POINT('',(225.13822165651,-492.0649045677));
#1509 = CARTESIAN_POINT('',(225.13822165651,-505.9213110282));
#1510 = ( GEOMETRIC_REPRESENTATION_CONTEXT(2) 
PARAMETRIC_REPRESENTATION_CONTEXT() REPRESENTATION_CONTEXT('2D SPACE',''
  ) );
#1511 = PCURVE('',#1512,#1517);
#1512 = CYLINDRICAL_SURFACE('',#1513,8.);
#1513 = AXIS2_PLACEMENT_3D('',#1514,#1515,#1516);
#1514 = CARTESIAN_POINT('',(697.7,100.,-1.E-03));
#1515 = DIRECTION('',(-0.,-0.,-1.));
#1516 = DIRECTION('',(1.,0.,0.));
#1517 = DEFINITIONAL_REPRESENTATION('',(#1518),#1522);
#1518 = LINE('',#1519,#1520);
#1519 = CARTESIAN_POINT('',(-6.28318530718,-1.E-03));
#1520 = VECTOR('',#1521,1.);
#1521 = DIRECTION('',(1.,-0.));
#1522 = ( GEOMETRIC_REPRESENTATION_CONTEXT(2) 
PARAMETRIC_REPRESENTATION_CONTEXT() REPRESENTATION_CONTEXT('2D SPACE',''
  ) );
#1523 = FACE_BOUND('',#1524,.F.);
#1524 = EDGE_LOOP('',(#1525));
#1525 = ORIENTED_EDGE('',*,*,#1526,.T.);
#1526 = EDGE_CURVE('',#1527,#1527,#1529,.T.);
#1527 = VERTEX_POINT('',#1528);
#1528 = CARTESIAN_POINT('',(857.05,9.5,0.));
#1529 = SURFACE_CURVE('',#1530,(#1535,#1546),.PCURVE_S1.);
#1530 = CIRCLE('',#1531,2.85);
#1531 = AXIS2_PLACEMENT_3D('',#1532,#1533,#1534);
#1532 = CARTESIAN_POINT('',(854.2,9.5,0.));
#1533 = DIRECTION('',(0.,0.,-1.));
#1534 = DIRECTION('',(1.,0.,0.));
#1535 = PCURVE('',#126,#1536);
#1536 = DEFINITIONAL_REPRESENTATION('',(#1537),#1545);
#1537 = ( BOUNDED_CURVE() B_SPLINE_CURVE(2,(#1538,#1539,#1540,#1541,
#1542,#1543,#1544),.UNSPECIFIED.,.T.,.F.) B_SPLINE_CURVE_WITH_KNOTS((1,2
    ,2,2,2,1),(-2.094395102393,0.,2.094395102393,4.188790204786,
6.28318530718,8.377580409573),.UNSPECIFIED.) CURVE() 
GEOMETRIC_REPRESENTATION_ITEM() RATIONAL_B_SPLINE_CURVE((1.,0.5,1.,0.5,
1.,0.5,1.)) REPRESENTATION_ITEM('') );
#1538 = CARTESIAN_POINT('',(376.48822165651,-596.4213110282));
#1539 = CARTESIAN_POINT('',(376.48822165651,-601.3576558298));
#1540 = CARTESIAN_POINT('',(372.21322165651,-598.889483429));
#1541 = CARTESIAN_POINT('',(367.93822165651,-596.4213110282));
#1542 = CARTESIAN_POINT('',(372.21322165651,-593.9531386274));
#1543 = CARTESIAN_POINT('',(376.48822165651,-591.4849662267));
#1544 = CARTESIAN_POINT('',(376.48822165651,-596.4213110282));
#1545 = ( GEOMETRIC_REPRESENTATION_CONTEXT(2) 
PARAMETRIC_REPRESENTATION_CONTEXT() REPRESENTATION_CONTEXT('2D SPACE',''
  ) );
#1546 = PCURVE('',#1547,#1552);
#1547 = CYLINDRICAL_SURFACE('',#1548,2.85);
#1548 = AXIS2_PLACEMENT_3D('',#1549,#1550,#1551);
#1549 = CARTESIAN_POINT('',(854.2,9.5,-1.));
#1550 = DIRECTION('',(-0.,-0.,-1.));
#1551 = DIRECTION('',(1.,0.,0.));
#1552 = DEFINITIONAL_REPRESENTATION('',(#1553),#1557);
#1553 = LINE('',#1554,#1555);
#1554 = CARTESIAN_POINT('',(-6.28318530718,-1.));
#1555 = VECTOR('',#1556,1.);
#1556 = DIRECTION('',(1.,-0.));
#1557 = ( GEOMETRIC_REPRESENTATION_CONTEXT(2) 
PARAMETRIC_REPRESENTATION_CONTEXT() REPRESENTATION_CONTEXT('2D SPACE',''
  ) );
#1558 = FACE_BOUND('',#1559,.F.);
#1559 = EDGE_LOOP('',(#1560));
#1560 = ORIENTED_EDGE('',*,*,#1561,.T.);
#1561 = EDGE_CURVE('',#1562,#1562,#1564,.T.);
#1562 = VERTEX_POINT('',#1563);
#1563 = CARTESIAN_POINT('',(805.7,100.,0.));
#1564 = SURFACE_CURVE('',#1565,(#1570,#1581),.PCURVE_S1.);
#1565 = CIRCLE('',#1566,8.);
#1566 = AXIS2_PLACEMENT_3D('',#1567,#1568,#1569);
#1567 = CARTESIAN_POINT('',(797.7,100.,0.));
#1568 = DIRECTION('',(0.,0.,-1.));
#1569 = DIRECTION('',(1.,0.,0.));
#1570 = PCURVE('',#126,#1571);
#1571 = DEFINITIONAL_REPRESENTATION('',(#1572),#1580);
#1572 = ( BOUNDED_CURVE() B_SPLINE_CURVE(2,(#1573,#1574,#1575,#1576,
#1577,#1578,#1579),.UNSPECIFIED.,.T.,.F.) B_SPLINE_CURVE_WITH_KNOTS((1,2
    ,2,2,2,1),(-2.094395102393,0.,2.094395102393,4.188790204786,
6.28318530718,8.377580409573),.UNSPECIFIED.) CURVE() 
GEOMETRIC_REPRESENTATION_ITEM() RATIONAL_B_SPLINE_CURVE((1.,0.5,1.,0.5,
1.,0.5,1.)) REPRESENTATION_ITEM('') );
#1573 = CARTESIAN_POINT('',(325.13822165651,-505.9213110282));
#1574 = CARTESIAN_POINT('',(325.13822165651,-519.7777174888));
#1575 = CARTESIAN_POINT('',(313.13822165651,-512.8495142585));
#1576 = CARTESIAN_POINT('',(301.13822165651,-505.9213110282));
#1577 = CARTESIAN_POINT('',(313.13822165651,-498.993107798));
#1578 = CARTESIAN_POINT('',(325.13822165651,-492.0649045677));
#1579 = CARTESIAN_POINT('',(325.13822165651,-505.9213110282));
#1580 = ( GEOMETRIC_REPRESENTATION_CONTEXT(2) 
PARAMETRIC_REPRESENTATION_CONTEXT() REPRESENTATION_CONTEXT('2D SPACE',''
  ) );
#1581 = PCURVE('',#1582,#1587);
#1582 = CYLINDRICAL_SURFACE('',#1583,8.);
#1583 = AXIS2_PLACEMENT_3D('',#1584,#1585,#1586);
#1584 = CARTESIAN_POINT('',(797.7,100.,-1.E-03));
#1585 = DIRECTION('',(-0.,-0.,-1.));
#1586 = DIRECTION('',(1.,0.,0.));
#1587 = DEFINITIONAL_REPRESENTATION('',(#1588),#1592);
#1588 = LINE('',#1589,#1590);
#1589 = CARTESIAN_POINT('',(-6.28318530718,-1.E-03));
#1590 = VECTOR('',#1591,1.);
#1591 = DIRECTION('',(1.,-0.));
#1592 = ( GEOMETRIC_REPRESENTATION_CONTEXT(2) 
PARAMETRIC_REPRESENTATION_CONTEXT() REPRESENTATION_CONTEXT('2D SPACE',''
  ) );
#1593 = FACE_BOUND('',#1594,.F.);
#1594 = EDGE_LOOP('',(#1595));
#1595 = ORIENTED_EDGE('',*,*,#1596,.T.);
#1596 = EDGE_CURVE('',#1597,#1597,#1599,.T.);
#1597 = VERTEX_POINT('',#1598);
#1598 = CARTESIAN_POINT('',(905.7,100.,0.));
#1599 = SURFACE_CURVE('',#1600,(#1605,#1616),.PCURVE_S1.);
#1600 = CIRCLE('',#1601,8.);
#1601 = AXIS2_PLACEMENT_3D('',#1602,#1603,#1604);
#1602 = CARTESIAN_POINT('',(897.7,100.,0.));
#1603 = DIRECTION('',(0.,0.,-1.));
#1604 = DIRECTION('',(1.,0.,0.));
#1605 = PCURVE('',#126,#1606);
#1606 = DEFINITIONAL_REPRESENTATION('',(#1607),#1615);
#1607 = ( BOUNDED_CURVE() B_SPLINE_CURVE(2,(#1608,#1609,#1610,#1611,
#1612,#1613,#1614),.UNSPECIFIED.,.T.,.F.) B_SPLINE_CURVE_WITH_KNOTS((1,2
    ,2,2,2,1),(-2.094395102393,0.,2.094395102393,4.188790204786,
6.28318530718,8.377580409573),.UNSPECIFIED.) CURVE() 
GEOMETRIC_REPRESENTATION_ITEM() RATIONAL_B_SPLINE_CURVE((1.,0.5,1.,0.5,
1.,0.5,1.)) REPRESENTATION_ITEM('') );
#1608 = CARTESIAN_POINT('',(425.13822165651,-505.9213110282));
#1609 = CARTESIAN_POINT('',(425.13822165651,-519.7777174888));
#1610 = CARTESIAN_POINT('',(413.13822165651,-512.8495142585));
#1611 = CARTESIAN_POINT('',(401.13822165651,-505.9213110282));
#1612 = CARTESIAN_POINT('',(413.13822165651,-498.993107798));
#1613 = CARTESIAN_POINT('',(425.13822165651,-492.0649045677));
#1614 = CARTESIAN_POINT('',(425.13822165651,-505.9213110282));
#1615 = ( GEOMETRIC_REPRESENTATION_CONTEXT(2) 
PARAMETRIC_REPRESENTATION_CONTEXT() REPRESENTATION_CONTEXT('2D SPACE',''
  ) );
#1616 = PCURVE('',#1617,#1622);
#1617 = CYLINDRICAL_SURFACE('',#1618,8.);
#1618 = AXIS2_PLACEMENT_3D('',#1619,#1620,#1621);
#1619 = CARTESIAN_POINT('',(897.7,100.,-1.E-03));
#1620 = DIRECTION('',(-0.,-0.,-1.));
#1621 = DIRECTION('',(1.,0.,0.));
#1622 = DEFINITIONAL_REPRESENTATION('',(#1623),#1627);
#1623 = LINE('',#1624,#1625);
#1624 = CARTESIAN_POINT('',(-6.28318530718,-1.E-03));
#1625 = VECTOR('',#1626,1.);
#1626 = DIRECTION('',(1.,-0.));
#1627 = ( GEOMETRIC_REPRESENTATION_CONTEXT(2) 
PARAMETRIC_REPRESENTATION_CONTEXT() REPRESENTATION_CONTEXT('2D SPACE',''
  ) );
#1628 = FACE_BOUND('',#1629,.F.);
#1629 = EDGE_LOOP('',(#1630));
#1630 = ORIENTED_EDGE('',*,*,#1631,.T.);
#1631 = EDGE_CURVE('',#1632,#1632,#1634,.T.);
#1632 = VERTEX_POINT('',#1633);
#1633 = CARTESIAN_POINT('',(545.7,350.,0.));
#1634 = SURFACE_CURVE('',#1635,(#1640,#1651),.PCURVE_S1.);
#1635 = CIRCLE('',#1636,8.);
#1636 = AXIS2_PLACEMENT_3D('',#1637,#1638,#1639);
#1637 = CARTESIAN_POINT('',(537.7,350.,0.));
#1638 = DIRECTION('',(0.,0.,-1.));
#1639 = DIRECTION('',(1.,0.,0.));
#1640 = PCURVE('',#126,#1641);
#1641 = DEFINITIONAL_REPRESENTATION('',(#1642),#1650);
#1642 = ( BOUNDED_CURVE() B_SPLINE_CURVE(2,(#1643,#1644,#1645,#1646,
#1647,#1648,#1649),.UNSPECIFIED.,.T.,.F.) B_SPLINE_CURVE_WITH_KNOTS((1,2
    ,2,2,2,1),(-2.094395102393,0.,2.094395102393,4.188790204786,
6.28318530718,8.377580409573),.UNSPECIFIED.) CURVE() 
GEOMETRIC_REPRESENTATION_ITEM() RATIONAL_B_SPLINE_CURVE((1.,0.5,1.,0.5,
1.,0.5,1.)) REPRESENTATION_ITEM('') );
#1643 = CARTESIAN_POINT('',(65.138221656514,-255.9213110282));
#1644 = CARTESIAN_POINT('',(65.138221656514,-269.7777174888));
#1645 = CARTESIAN_POINT('',(53.138221656514,-262.8495142585));
#1646 = CARTESIAN_POINT('',(41.138221656514,-255.9213110282));
#1647 = CARTESIAN_POINT('',(53.138221656514,-248.993107798));
#1648 = CARTESIAN_POINT('',(65.138221656514,-242.0649045677));
#1649 = CARTESIAN_POINT('',(65.138221656514,-255.9213110282));
#1650 = ( GEOMETRIC_REPRESENTATION_CONTEXT(2) 
PARAMETRIC_REPRESENTATION_CONTEXT() REPRESENTATION_CONTEXT('2D SPACE',''
  ) );
#1651 = PCURVE('',#1652,#1657);
#1652 = CYLINDRICAL_SURFACE('',#1653,8.);
#1653 = AXIS2_PLACEMENT_3D('',#1654,#1655,#1656);
#1654 = CARTESIAN_POINT('',(537.7,350.,-1.E-03));
#1655 = DIRECTION('',(-0.,-0.,-1.));
#1656 = DIRECTION('',(1.,0.,0.));
#1657 = DEFINITIONAL_REPRESENTATION('',(#1658),#1662);
#1658 = LINE('',#1659,#1660);
#1659 = CARTESIAN_POINT('',(-6.28318530718,-1.E-03));
#1660 = VECTOR('',#1661,1.);
#1661 = DIRECTION('',(1.,-0.));
#1662 = ( GEOMETRIC_REPRESENTATION_CONTEXT(2) 
PARAMETRIC_REPRESENTATION_CONTEXT() REPRESENTATION_CONTEXT('2D SPACE',''
  ) );
#1663 = FACE_BOUND('',#1664,.F.);
#1664 = EDGE_LOOP('',(#1665));
#1665 = ORIENTED_EDGE('',*,*,#1666,.T.);
#1666 = EDGE_CURVE('',#1667,#1667,#1669,.T.);
#1667 = VERTEX_POINT('',#1668);
#1668 = CARTESIAN_POINT('',(645.7,350.,0.));
#1669 = SURFACE_CURVE('',#1670,(#1675,#1686),.PCURVE_S1.);
#1670 = CIRCLE('',#1671,8.);
#1671 = AXIS2_PLACEMENT_3D('',#1672,#1673,#1674);
#1672 = CARTESIAN_POINT('',(637.7,350.,0.));
#1673 = DIRECTION('',(0.,0.,-1.));
#1674 = DIRECTION('',(1.,0.,0.));
#1675 = PCURVE('',#126,#1676);
#1676 = DEFINITIONAL_REPRESENTATION('',(#1677),#1685);
#1677 = ( BOUNDED_CURVE() B_SPLINE_CURVE(2,(#1678,#1679,#1680,#1681,
#1682,#1683,#1684),.UNSPECIFIED.,.T.,.F.) B_SPLINE_CURVE_WITH_KNOTS((1,2
    ,2,2,2,1),(-2.094395102393,0.,2.094395102393,4.188790204786,
6.28318530718,8.377580409573),.UNSPECIFIED.) CURVE() 
GEOMETRIC_REPRESENTATION_ITEM() RATIONAL_B_SPLINE_CURVE((1.,0.5,1.,0.5,
1.,0.5,1.)) REPRESENTATION_ITEM('') );
#1678 = CARTESIAN_POINT('',(165.13822165651,-255.9213110282));
#1679 = CARTESIAN_POINT('',(165.13822165651,-269.7777174888));
#1680 = CARTESIAN_POINT('',(153.13822165651,-262.8495142585));
#1681 = CARTESIAN_POINT('',(141.13822165651,-255.9213110282));
#1682 = CARTESIAN_POINT('',(153.13822165651,-248.993107798));
#1683 = CARTESIAN_POINT('',(165.13822165651,-242.0649045677));
#1684 = CARTESIAN_POINT('',(165.13822165651,-255.9213110282));
#1685 = ( GEOMETRIC_REPRESENTATION_CONTEXT(2) 
PARAMETRIC_REPRESENTATION_CONTEXT() REPRESENTATION_CONTEXT('2D SPACE',''
  ) );
#1686 = PCURVE('',#1687,#1692);
#1687 = CYLINDRICAL_SURFACE('',#1688,8.);
#1688 = AXIS2_PLACEMENT_3D('',#1689,#1690,#1691);
#1689 = CARTESIAN_POINT('',(637.7,350.,-1.E-03));
#1690 = DIRECTION('',(-0.,-0.,-1.));
#1691 = DIRECTION('',(1.,0.,0.));
#1692 = DEFINITIONAL_REPRESENTATION('',(#1693),#1697);
#1693 = LINE('',#1694,#1695);
#1694 = CARTESIAN_POINT('',(-6.28318530718,-1.E-03));
#1695 = VECTOR('',#1696,1.);
#1696 = DIRECTION('',(1.,-0.));
#1697 = ( GEOMETRIC_REPRESENTATION_CONTEXT(2) 
PARAMETRIC_REPRESENTATION_CONTEXT() REPRESENTATION_CONTEXT('2D SPACE',''
  ) );
#1698 = FACE_BOUND('',#1699,.F.);
#1699 = EDGE_LOOP('',(#1700));
#1700 = ORIENTED_EDGE('',*,*,#1701,.T.);
#1701 = EDGE_CURVE('',#1702,#1702,#1704,.T.);
#1702 = VERTEX_POINT('',#1703);
#1703 = CARTESIAN_POINT('',(597.05,398.5,0.));
#1704 = SURFACE_CURVE('',#1705,(#1710,#1721),.PCURVE_S1.);
#1705 = CIRCLE('',#1706,2.85);
#1706 = AXIS2_PLACEMENT_3D('',#1707,#1708,#1709);
#1707 = CARTESIAN_POINT('',(594.2,398.5,0.));
#1708 = DIRECTION('',(0.,0.,-1.));
#1709 = DIRECTION('',(1.,0.,0.));
#1710 = PCURVE('',#126,#1711);
#1711 = DEFINITIONAL_REPRESENTATION('',(#1712),#1720);
#1712 = ( BOUNDED_CURVE() B_SPLINE_CURVE(2,(#1713,#1714,#1715,#1716,
#1717,#1718,#1719),.UNSPECIFIED.,.T.,.F.) B_SPLINE_CURVE_WITH_KNOTS((1,2
    ,2,2,2,1),(-2.094395102393,0.,2.094395102393,4.188790204786,
6.28318530718,8.377580409573),.UNSPECIFIED.) CURVE() 
GEOMETRIC_REPRESENTATION_ITEM() RATIONAL_B_SPLINE_CURVE((1.,0.5,1.,0.5,
1.,0.5,1.)) REPRESENTATION_ITEM('') );
#1713 = CARTESIAN_POINT('',(116.48822165651,-207.4213110282));
#1714 = CARTESIAN_POINT('',(116.48822165651,-212.3576558298));
#1715 = CARTESIAN_POINT('',(112.21322165651,-209.889483429));
#1716 = CARTESIAN_POINT('',(107.93822165651,-207.4213110282));
#1717 = CARTESIAN_POINT('',(112.21322165651,-204.9531386274));
#1718 = CARTESIAN_POINT('',(116.48822165651,-202.4849662267));
#1719 = CARTESIAN_POINT('',(116.48822165651,-207.4213110282));
#1720 = ( GEOMETRIC_REPRESENTATION_CONTEXT(2) 
PARAMETRIC_REPRESENTATION_CONTEXT() REPRESENTATION_CONTEXT('2D SPACE',''
  ) );
#1721 = PCURVE('',#1722,#1727);
#1722 = CYLINDRICAL_SURFACE('',#1723,2.85);
#1723 = AXIS2_PLACEMENT_3D('',#1724,#1725,#1726);
#1724 = CARTESIAN_POINT('',(594.2,398.5,-1.));
#1725 = DIRECTION('',(-0.,-0.,-1.));
#1726 = DIRECTION('',(1.,0.,0.));
#1727 = DEFINITIONAL_REPRESENTATION('',(#1728),#1732);
#1728 = LINE('',#1729,#1730);
#1729 = CARTESIAN_POINT('',(-6.28318530718,-1.));
#1730 = VECTOR('',#1731,1.);
#1731 = DIRECTION('',(1.,-0.));
#1732 = ( GEOMETRIC_REPRESENTATION_CONTEXT(2) 
PARAMETRIC_REPRESENTATION_CONTEXT() REPRESENTATION_CONTEXT('2D SPACE',''
  ) );
#1733 = FACE_BOUND('',#1734,.F.);
#1734 = EDGE_LOOP('',(#1735));
#1735 = ORIENTED_EDGE('',*,*,#1736,.T.);
#1736 = EDGE_CURVE('',#1737,#1737,#1739,.T.);
#1737 = VERTEX_POINT('',#1738);
#1738 = CARTESIAN_POINT('',(745.7,350.,0.));
#1739 = SURFACE_CURVE('',#1740,(#1745,#1756),.PCURVE_S1.);
#1740 = CIRCLE('',#1741,8.);
#1741 = AXIS2_PLACEMENT_3D('',#1742,#1743,#1744);
#1742 = CARTESIAN_POINT('',(737.7,350.,0.));
#1743 = DIRECTION('',(0.,0.,-1.));
#1744 = DIRECTION('',(1.,0.,0.));
#1745 = PCURVE('',#126,#1746);
#1746 = DEFINITIONAL_REPRESENTATION('',(#1747),#1755);
#1747 = ( BOUNDED_CURVE() B_SPLINE_CURVE(2,(#1748,#1749,#1750,#1751,
#1752,#1753,#1754),.UNSPECIFIED.,.T.,.F.) B_SPLINE_CURVE_WITH_KNOTS((1,2
    ,2,2,2,1),(-2.094395102393,0.,2.094395102393,4.188790204786,
6.28318530718,8.377580409573),.UNSPECIFIED.) CURVE() 
GEOMETRIC_REPRESENTATION_ITEM() RATIONAL_B_SPLINE_CURVE((1.,0.5,1.,0.5,
1.,0.5,1.)) REPRESENTATION_ITEM('') );
#1748 = CARTESIAN_POINT('',(265.13822165651,-255.9213110282));
#1749 = CARTESIAN_POINT('',(265.13822165651,-269.7777174888));
#1750 = CARTESIAN_POINT('',(253.13822165651,-262.8495142585));
#1751 = CARTESIAN_POINT('',(241.13822165651,-255.9213110282));
#1752 = CARTESIAN_POINT('',(253.13822165651,-248.993107798));
#1753 = CARTESIAN_POINT('',(265.13822165651,-242.0649045677));
#1754 = CARTESIAN_POINT('',(265.13822165651,-255.9213110282));
#1755 = ( GEOMETRIC_REPRESENTATION_CONTEXT(2) 
PARAMETRIC_REPRESENTATION_CONTEXT() REPRESENTATION_CONTEXT('2D SPACE',''
  ) );
#1756 = PCURVE('',#1757,#1762);
#1757 = CYLINDRICAL_SURFACE('',#1758,8.);
#1758 = AXIS2_PLACEMENT_3D('',#1759,#1760,#1761);
#1759 = CARTESIAN_POINT('',(737.7,350.,-1.E-03));
#1760 = DIRECTION('',(-0.,-0.,-1.));
#1761 = DIRECTION('',(1.,0.,0.));
#1762 = DEFINITIONAL_REPRESENTATION('',(#1763),#1767);
#1763 = LINE('',#1764,#1765);
#1764 = CARTESIAN_POINT('',(-6.28318530718,-1.E-03));
#1765 = VECTOR('',#1766,1.);
#1766 = DIRECTION('',(1.,-0.));
#1767 = ( GEOMETRIC_REPRESENTATION_CONTEXT(2) 
PARAMETRIC_REPRESENTATION_CONTEXT() REPRESENTATION_CONTEXT('2D SPACE',''
  ) );
#1768 = FACE_BOUND('',#1769,.F.);
#1769 = EDGE_LOOP('',(#1770));
#1770 = ORIENTED_EDGE('',*,*,#1771,.T.);
#1771 = EDGE_CURVE('',#1772,#1772,#1774,.T.);
#1772 = VERTEX_POINT('',#1773);
#1773 = CARTESIAN_POINT('',(845.7,350.,0.));
#1774 = SURFACE_CURVE('',#1775,(#1780,#1791),.PCURVE_S1.);
#1775 = CIRCLE('',#1776,8.);
#1776 = AXIS2_PLACEMENT_3D('',#1777,#1778,#1779);
#1777 = CARTESIAN_POINT('',(837.7,350.,0.));
#1778 = DIRECTION('',(0.,0.,-1.));
#1779 = DIRECTION('',(1.,0.,0.));
#1780 = PCURVE('',#126,#1781);
#1781 = DEFINITIONAL_REPRESENTATION('',(#1782),#1790);
#1782 = ( BOUNDED_CURVE() B_SPLINE_CURVE(2,(#1783,#1784,#1785,#1786,
#1787,#1788,#1789),.UNSPECIFIED.,.T.,.F.) B_SPLINE_CURVE_WITH_KNOTS((1,2
    ,2,2,2,1),(-2.094395102393,0.,2.094395102393,4.188790204786,
6.28318530718,8.377580409573),.UNSPECIFIED.) CURVE() 
GEOMETRIC_REPRESENTATION_ITEM() RATIONAL_B_SPLINE_CURVE((1.,0.5,1.,0.5,
1.,0.5,1.)) REPRESENTATION_ITEM('') );
#1783 = CARTESIAN_POINT('',(365.13822165651,-255.9213110282));
#1784 = CARTESIAN_POINT('',(365.13822165651,-269.7777174888));
#1785 = CARTESIAN_POINT('',(353.13822165651,-262.8495142585));
#1786 = CARTESIAN_POINT('',(341.13822165651,-255.9213110282));
#1787 = CARTESIAN_POINT('',(353.13822165651,-248.993107798));
#1788 = CARTESIAN_POINT('',(365.13822165651,-242.0649045677));
#1789 = CARTESIAN_POINT('',(365.13822165651,-255.9213110282));
#1790 = ( GEOMETRIC_REPRESENTATION_CONTEXT(2) 
PARAMETRIC_REPRESENTATION_CONTEXT() REPRESENTATION_CONTEXT('2D SPACE',''
  ) );
#1791 = PCURVE('',#1792,#1797);
#1792 = CYLINDRICAL_SURFACE('',#1793,8.);
#1793 = AXIS2_PLACEMENT_3D('',#1794,#1795,#1796);
#1794 = CARTESIAN_POINT('',(837.7,350.,-1.E-03));
#1795 = DIRECTION('',(-0.,-0.,-1.));
#1796 = DIRECTION('',(1.,0.,0.));
#1797 = DEFINITIONAL_REPRESENTATION('',(#1798),#1802);
#1798 = LINE('',#1799,#1800);
#1799 = CARTESIAN_POINT('',(-6.28318530718,-1.E-03));
#1800 = VECTOR('',#1801,1.);
#1801 = DIRECTION('',(1.,-0.));
#1802 = ( GEOMETRIC_REPRESENTATION_CONTEXT(2) 
PARAMETRIC_REPRESENTATION_CONTEXT() REPRESENTATION_CONTEXT('2D SPACE',''
  ) );
#1803 = FACE_BOUND('',#1804,.F.);
#1804 = EDGE_LOOP('',(#1805));
#1805 = ORIENTED_EDGE('',*,*,#1806,.T.);
#1806 = EDGE_CURVE('',#1807,#1807,#1809,.T.);
#1807 = VERTEX_POINT('',#1808);
#1808 = CARTESIAN_POINT('',(857.05,398.5,0.));
#1809 = SURFACE_CURVE('',#1810,(#1815,#1826),.PCURVE_S1.);
#1810 = CIRCLE('',#1811,2.85);
#1811 = AXIS2_PLACEMENT_3D('',#1812,#1813,#1814);
#1812 = CARTESIAN_POINT('',(854.2,398.5,0.));
#1813 = DIRECTION('',(0.,0.,-1.));
#1814 = DIRECTION('',(1.,0.,0.));
#1815 = PCURVE('',#126,#1816);
#1816 = DEFINITIONAL_REPRESENTATION('',(#1817),#1825);
#1817 = ( BOUNDED_CURVE() B_SPLINE_CURVE(2,(#1818,#1819,#1820,#1821,
#1822,#1823,#1824),.UNSPECIFIED.,.T.,.F.) B_SPLINE_CURVE_WITH_KNOTS((1,2
    ,2,2,2,1),(-2.094395102393,0.,2.094395102393,4.188790204786,
6.28318530718,8.377580409573),.UNSPECIFIED.) CURVE() 
GEOMETRIC_REPRESENTATION_ITEM() RATIONAL_B_SPLINE_CURVE((1.,0.5,1.,0.5,
1.,0.5,1.)) REPRESENTATION_ITEM('') );
#1818 = CARTESIAN_POINT('',(376.48822165651,-207.4213110282));
#1819 = CARTESIAN_POINT('',(376.48822165651,-212.3576558298));
#1820 = CARTESIAN_POINT('',(372.21322165651,-209.889483429));
#1821 = CARTESIAN_POINT('',(367.93822165651,-207.4213110282));
#1822 = CARTESIAN_POINT('',(372.21322165651,-204.9531386274));
#1823 = CARTESIAN_POINT('',(376.48822165651,-202.4849662267));
#1824 = CARTESIAN_POINT('',(376.48822165651,-207.4213110282));
#1825 = ( GEOMETRIC_REPRESENTATION_CONTEXT(2) 
PARAMETRIC_REPRESENTATION_CONTEXT() REPRESENTATION_CONTEXT('2D SPACE',''
  ) );
#1826 = PCURVE('',#1827,#1832);
#1827 = CYLINDRICAL_SURFACE('',#1828,2.85);
#1828 = AXIS2_PLACEMENT_3D('',#1829,#1830,#1831);
#1829 = CARTESIAN_POINT('',(854.2,398.5,-1.));
#1830 = DIRECTION('',(-0.,-0.,-1.));
#1831 = DIRECTION('',(1.,0.,0.));
#1832 = DEFINITIONAL_REPRESENTATION('',(#1833),#1837);
#1833 = LINE('',#1834,#1835);
#1834 = CARTESIAN_POINT('',(-6.28318530718,-1.));
#1835 = VECTOR('',#1836,1.);
#1836 = DIRECTION('',(1.,-0.));
#1837 = ( GEOMETRIC_REPRESENTATION_CONTEXT(2) 
PARAMETRIC_REPRESENTATION_CONTEXT() REPRESENTATION_CONTEXT('2D SPACE',''
  ) );
#1838 = FACE_BOUND('',#1839,.F.);
#1839 = EDGE_LOOP('',(#1840));
#1840 = ORIENTED_EDGE('',*,*,#1841,.T.);
#1841 = EDGE_CURVE('',#1842,#1842,#1844,.T.);
#1842 = VERTEX_POINT('',#1843);
#1843 = CARTESIAN_POINT('',(105.7,600.,0.));
#1844 = SURFACE_CURVE('',#1845,(#1850,#1861),.PCURVE_S1.);
#1845 = CIRCLE('',#1846,8.);
#1846 = AXIS2_PLACEMENT_3D('',#1847,#1848,#1849);
#1847 = CARTESIAN_POINT('',(97.7,600.,0.));
#1848 = DIRECTION('',(0.,0.,-1.));
#1849 = DIRECTION('',(1.,0.,0.));
#1850 = PCURVE('',#126,#1851);
#1851 = DEFINITIONAL_REPRESENTATION('',(#1852),#1860);
#1852 = ( BOUNDED_CURVE() B_SPLINE_CURVE(2,(#1853,#1854,#1855,#1856,
#1857,#1858,#1859),.UNSPECIFIED.,.T.,.F.) B_SPLINE_CURVE_WITH_KNOTS((1,2
    ,2,2,2,1),(-2.094395102393,0.,2.094395102393,4.188790204786,
6.28318530718,8.377580409573),.UNSPECIFIED.) CURVE() 
GEOMETRIC_REPRESENTATION_ITEM() RATIONAL_B_SPLINE_CURVE((1.,0.5,1.,0.5,
1.,0.5,1.)) REPRESENTATION_ITEM('') );
#1853 = CARTESIAN_POINT('',(-374.8617783434,-5.921311028275));
#1854 = CARTESIAN_POINT('',(-374.8617783434,-19.77771748882));
#1855 = CARTESIAN_POINT('',(-386.8617783434,-12.84951425855));
#1856 = CARTESIAN_POINT('',(-398.8617783434,-5.921311028275));
#1857 = CARTESIAN_POINT('',(-386.8617783434,1.006892202));
#1858 = CARTESIAN_POINT('',(-374.8617783434,7.935095432276));
#1859 = CARTESIAN_POINT('',(-374.8617783434,-5.921311028275));
#1860 = ( GEOMETRIC_REPRESENTATION_CONTEXT(2) 
PARAMETRIC_REPRESENTATION_CONTEXT() REPRESENTATION_CONTEXT('2D SPACE',''
  ) );
#1861 = PCURVE('',#1862,#1867);
#1862 = CYLINDRICAL_SURFACE('',#1863,8.);
#1863 = AXIS2_PLACEMENT_3D('',#1864,#1865,#1866);
#1864 = CARTESIAN_POINT('',(97.7,600.,-1.E-03));
#1865 = DIRECTION('',(-0.,-0.,-1.));
#1866 = DIRECTION('',(1.,0.,0.));
#1867 = DEFINITIONAL_REPRESENTATION('',(#1868),#1872);
#1868 = LINE('',#1869,#1870);
#1869 = CARTESIAN_POINT('',(-6.28318530718,-1.E-03));
#1870 = VECTOR('',#1871,1.);
#1871 = DIRECTION('',(1.,-0.));
#1872 = ( GEOMETRIC_REPRESENTATION_CONTEXT(2) 
PARAMETRIC_REPRESENTATION_CONTEXT() REPRESENTATION_CONTEXT('2D SPACE',''
  ) );
#1873 = FACE_BOUND('',#1874,.F.);
#1874 = EDGE_LOOP('',(#1875));
#1875 = ORIENTED_EDGE('',*,*,#1876,.T.);
#1876 = EDGE_CURVE('',#1877,#1877,#1879,.T.);
#1877 = VERTEX_POINT('',#1878);
#1878 = CARTESIAN_POINT('',(205.7,600.,0.));
#1879 = SURFACE_CURVE('',#1880,(#1885,#1896),.PCURVE_S1.);
#1880 = CIRCLE('',#1881,8.);
#1881 = AXIS2_PLACEMENT_3D('',#1882,#1883,#1884);
#1882 = CARTESIAN_POINT('',(197.7,600.,0.));
#1883 = DIRECTION('',(0.,0.,-1.));
#1884 = DIRECTION('',(1.,0.,0.));
#1885 = PCURVE('',#126,#1886);
#1886 = DEFINITIONAL_REPRESENTATION('',(#1887),#1895);
#1887 = ( BOUNDED_CURVE() B_SPLINE_CURVE(2,(#1888,#1889,#1890,#1891,
#1892,#1893,#1894),.UNSPECIFIED.,.T.,.F.) B_SPLINE_CURVE_WITH_KNOTS((1,2
    ,2,2,2,1),(-2.094395102393,0.,2.094395102393,4.188790204786,
6.28318530718,8.377580409573),.UNSPECIFIED.) CURVE() 
GEOMETRIC_REPRESENTATION_ITEM() RATIONAL_B_SPLINE_CURVE((1.,0.5,1.,0.5,
1.,0.5,1.)) REPRESENTATION_ITEM('') );
#1888 = CARTESIAN_POINT('',(-274.8617783434,-5.921311028275));
#1889 = CARTESIAN_POINT('',(-274.8617783434,-19.77771748882));
#1890 = CARTESIAN_POINT('',(-286.8617783434,-12.84951425855));
#1891 = CARTESIAN_POINT('',(-298.8617783434,-5.921311028275));
#1892 = CARTESIAN_POINT('',(-286.8617783434,1.006892202));
#1893 = CARTESIAN_POINT('',(-274.8617783434,7.935095432276));
#1894 = CARTESIAN_POINT('',(-274.8617783434,-5.921311028275));
#1895 = ( GEOMETRIC_REPRESENTATION_CONTEXT(2) 
PARAMETRIC_REPRESENTATION_CONTEXT() REPRESENTATION_CONTEXT('2D SPACE',''
  ) );
#1896 = PCURVE('',#1897,#1902);
#1897 = CYLINDRICAL_SURFACE('',#1898,8.);
#1898 = AXIS2_PLACEMENT_3D('',#1899,#1900,#1901);
#1899 = CARTESIAN_POINT('',(197.7,600.,-1.E-03));
#1900 = DIRECTION('',(-0.,-0.,-1.));
#1901 = DIRECTION('',(1.,0.,0.));
#1902 = DEFINITIONAL_REPRESENTATION('',(#1903),#1907);
#1903 = LINE('',#1904,#1905);
#1904 = CARTESIAN_POINT('',(-6.28318530718,-1.E-03));
#1905 = VECTOR('',#1906,1.);
#1906 = DIRECTION('',(1.,-0.));
#1907 = ( GEOMETRIC_REPRESENTATION_CONTEXT(2) 
PARAMETRIC_REPRESENTATION_CONTEXT() REPRESENTATION_CONTEXT('2D SPACE',''
  ) );
#1908 = FACE_BOUND('',#1909,.F.);
#1909 = EDGE_LOOP('',(#1910));
#1910 = ORIENTED_EDGE('',*,*,#1911,.T.);
#1911 = EDGE_CURVE('',#1912,#1912,#1914,.T.);
#1912 = VERTEX_POINT('',#1913);
#1913 = CARTESIAN_POINT('',(117.05,798.5,0.));
#1914 = SURFACE_CURVE('',#1915,(#1920,#1931),.PCURVE_S1.);
#1915 = CIRCLE('',#1916,2.85);
#1916 = AXIS2_PLACEMENT_3D('',#1917,#1918,#1919);
#1917 = CARTESIAN_POINT('',(114.2,798.5,0.));
#1918 = DIRECTION('',(0.,0.,-1.));
#1919 = DIRECTION('',(1.,0.,0.));
#1920 = PCURVE('',#126,#1921);
#1921 = DEFINITIONAL_REPRESENTATION('',(#1922),#1930);
#1922 = ( BOUNDED_CURVE() B_SPLINE_CURVE(2,(#1923,#1924,#1925,#1926,
#1927,#1928,#1929),.UNSPECIFIED.,.T.,.F.) B_SPLINE_CURVE_WITH_KNOTS((1,2
    ,2,2,2,1),(-2.094395102393,0.,2.094395102393,4.188790204786,
6.28318530718,8.377580409573),.UNSPECIFIED.) CURVE() 
GEOMETRIC_REPRESENTATION_ITEM() RATIONAL_B_SPLINE_CURVE((1.,0.5,1.,0.5,
1.,0.5,1.)) REPRESENTATION_ITEM('') );
#1923 = CARTESIAN_POINT('',(-363.5117783434,192.57868897172));
#1924 = CARTESIAN_POINT('',(-363.5117783434,187.64234417015));
#1925 = CARTESIAN_POINT('',(-367.7867783434,190.11051657093));
#1926 = CARTESIAN_POINT('',(-372.0617783434,192.57868897172));
#1927 = CARTESIAN_POINT('',(-367.7867783434,195.04686137251));
#1928 = CARTESIAN_POINT('',(-363.5117783434,197.51503377329));
#1929 = CARTESIAN_POINT('',(-363.5117783434,192.57868897172));
#1930 = ( GEOMETRIC_REPRESENTATION_CONTEXT(2) 
PARAMETRIC_REPRESENTATION_CONTEXT() REPRESENTATION_CONTEXT('2D SPACE',''
  ) );
#1931 = PCURVE('',#1932,#1937);
#1932 = CYLINDRICAL_SURFACE('',#1933,2.85);
#1933 = AXIS2_PLACEMENT_3D('',#1934,#1935,#1936);
#1934 = CARTESIAN_POINT('',(114.2,798.5,-1.));
#1935 = DIRECTION('',(-0.,-0.,-1.));
#1936 = DIRECTION('',(1.,0.,0.));
#1937 = DEFINITIONAL_REPRESENTATION('',(#1938),#1942);
#1938 = LINE('',#1939,#1940);
#1939 = CARTESIAN_POINT('',(-6.28318530718,-1.));
#1940 = VECTOR('',#1941,1.);
#1941 = DIRECTION('',(1.,-0.));
#1942 = ( GEOMETRIC_REPRESENTATION_CONTEXT(2) 
PARAMETRIC_REPRESENTATION_CONTEXT() REPRESENTATION_CONTEXT('2D SPACE',''
  ) );
#1943 = FACE_BOUND('',#1944,.F.);
#1944 = EDGE_LOOP('',(#1945));
#1945 = ORIENTED_EDGE('',*,*,#1946,.T.);
#1946 = EDGE_CURVE('',#1947,#1947,#1949,.T.);
#1947 = VERTEX_POINT('',#1948);
#1948 = CARTESIAN_POINT('',(45.7,850.,0.));
#1949 = SURFACE_CURVE('',#1950,(#1955,#1966),.PCURVE_S1.);
#1950 = CIRCLE('',#1951,8.);
#1951 = AXIS2_PLACEMENT_3D('',#1952,#1953,#1954);
#1952 = CARTESIAN_POINT('',(37.7,850.,0.));
#1953 = DIRECTION('',(0.,0.,-1.));
#1954 = DIRECTION('',(1.,0.,0.));
#1955 = PCURVE('',#126,#1956);
#1956 = DEFINITIONAL_REPRESENTATION('',(#1957),#1965);
#1957 = ( BOUNDED_CURVE() B_SPLINE_CURVE(2,(#1958,#1959,#1960,#1961,
#1962,#1963,#1964),.UNSPECIFIED.,.T.,.F.) B_SPLINE_CURVE_WITH_KNOTS((1,2
    ,2,2,2,1),(-2.094395102393,0.,2.094395102393,4.188790204786,
6.28318530718,8.377580409573),.UNSPECIFIED.) CURVE() 
GEOMETRIC_REPRESENTATION_ITEM() RATIONAL_B_SPLINE_CURVE((1.,0.5,1.,0.5,
1.,0.5,1.)) REPRESENTATION_ITEM('') );
#1958 = CARTESIAN_POINT('',(-434.8617783434,244.07868897172));
#1959 = CARTESIAN_POINT('',(-434.8617783434,230.22228251117));
#1960 = CARTESIAN_POINT('',(-446.8617783434,237.15048574144));
#1961 = CARTESIAN_POINT('',(-458.8617783434,244.07868897172));
#1962 = CARTESIAN_POINT('',(-446.8617783434,251.006892202));
#1963 = CARTESIAN_POINT('',(-434.8617783434,257.93509543227));
#1964 = CARTESIAN_POINT('',(-434.8617783434,244.07868897172));
#1965 = ( GEOMETRIC_REPRESENTATION_CONTEXT(2) 
PARAMETRIC_REPRESENTATION_CONTEXT() REPRESENTATION_CONTEXT('2D SPACE',''
  ) );
#1966 = PCURVE('',#1967,#1972);
#1967 = CYLINDRICAL_SURFACE('',#1968,8.);
#1968 = AXIS2_PLACEMENT_3D('',#1969,#1970,#1971);
#1969 = CARTESIAN_POINT('',(37.7,850.,-1.E-03));
#1970 = DIRECTION('',(-0.,-0.,-1.));
#1971 = DIRECTION('',(1.,0.,0.));
#1972 = DEFINITIONAL_REPRESENTATION('',(#1973),#1977);
#1973 = LINE('',#1974,#1975);
#1974 = CARTESIAN_POINT('',(-6.28318530718,-1.E-03));
#1975 = VECTOR('',#1976,1.);
#1976 = DIRECTION('',(1.,-0.));
#1977 = ( GEOMETRIC_REPRESENTATION_CONTEXT(2) 
PARAMETRIC_REPRESENTATION_CONTEXT() REPRESENTATION_CONTEXT('2D SPACE',''
  ) );
#1978 = FACE_BOUND('',#1979,.F.);
#1979 = EDGE_LOOP('',(#1980));
#1980 = ORIENTED_EDGE('',*,*,#1981,.T.);
#1981 = EDGE_CURVE('',#1982,#1982,#1984,.T.);
#1982 = VERTEX_POINT('',#1983);
#1983 = CARTESIAN_POINT('',(145.7,850.,0.));
#1984 = SURFACE_CURVE('',#1985,(#1990,#2001),.PCURVE_S1.);
#1985 = CIRCLE('',#1986,8.);
#1986 = AXIS2_PLACEMENT_3D('',#1987,#1988,#1989);
#1987 = CARTESIAN_POINT('',(137.7,850.,0.));
#1988 = DIRECTION('',(0.,0.,-1.));
#1989 = DIRECTION('',(1.,0.,0.));
#1990 = PCURVE('',#126,#1991);
#1991 = DEFINITIONAL_REPRESENTATION('',(#1992),#2000);
#1992 = ( BOUNDED_CURVE() B_SPLINE_CURVE(2,(#1993,#1994,#1995,#1996,
#1997,#1998,#1999),.UNSPECIFIED.,.T.,.F.) B_SPLINE_CURVE_WITH_KNOTS((1,2
    ,2,2,2,1),(-2.094395102393,0.,2.094395102393,4.188790204786,
6.28318530718,8.377580409573),.UNSPECIFIED.) CURVE() 
GEOMETRIC_REPRESENTATION_ITEM() RATIONAL_B_SPLINE_CURVE((1.,0.5,1.,0.5,
1.,0.5,1.)) REPRESENTATION_ITEM('') );
#1993 = CARTESIAN_POINT('',(-334.8617783434,244.07868897172));
#1994 = CARTESIAN_POINT('',(-334.8617783434,230.22228251117));
#1995 = CARTESIAN_POINT('',(-346.8617783434,237.15048574144));
#1996 = CARTESIAN_POINT('',(-358.8617783434,244.07868897172));
#1997 = CARTESIAN_POINT('',(-346.8617783434,251.006892202));
#1998 = CARTESIAN_POINT('',(-334.8617783434,257.93509543227));
#1999 = CARTESIAN_POINT('',(-334.8617783434,244.07868897172));
#2000 = ( GEOMETRIC_REPRESENTATION_CONTEXT(2) 
PARAMETRIC_REPRESENTATION_CONTEXT() REPRESENTATION_CONTEXT('2D SPACE',''
  ) );
#2001 = PCURVE('',#2002,#2007);
#2002 = CYLINDRICAL_SURFACE('',#2003,8.);
#2003 = AXIS2_PLACEMENT_3D('',#2004,#2005,#2006);
#2004 = CARTESIAN_POINT('',(137.7,850.,-1.E-03));
#2005 = DIRECTION('',(-0.,-0.,-1.));
#2006 = DIRECTION('',(1.,0.,0.));
#2007 = DEFINITIONAL_REPRESENTATION('',(#2008),#2012);
#2008 = LINE('',#2009,#2010);
#2009 = CARTESIAN_POINT('',(-6.28318530718,-1.E-03));
#2010 = VECTOR('',#2011,1.);
#2011 = DIRECTION('',(1.,-0.));
#2012 = ( GEOMETRIC_REPRESENTATION_CONTEXT(2) 
PARAMETRIC_REPRESENTATION_CONTEXT() REPRESENTATION_CONTEXT('2D SPACE',''
  ) );
#2013 = FACE_BOUND('',#2014,.F.);
#2014 = EDGE_LOOP('',(#2015));
#2015 = ORIENTED_EDGE('',*,*,#2016,.T.);
#2016 = EDGE_CURVE('',#2017,#2017,#2019,.T.);
#2017 = VERTEX_POINT('',#2018);
#2018 = CARTESIAN_POINT('',(245.7,850.,0.));
#2019 = SURFACE_CURVE('',#2020,(#2025,#2036),.PCURVE_S1.);
#2020 = CIRCLE('',#2021,8.);
#2021 = AXIS2_PLACEMENT_3D('',#2022,#2023,#2024);
#2022 = CARTESIAN_POINT('',(237.7,850.,0.));
#2023 = DIRECTION('',(0.,0.,-1.));
#2024 = DIRECTION('',(1.,0.,0.));
#2025 = PCURVE('',#126,#2026);
#2026 = DEFINITIONAL_REPRESENTATION('',(#2027),#2035);
#2027 = ( BOUNDED_CURVE() B_SPLINE_CURVE(2,(#2028,#2029,#2030,#2031,
#2032,#2033,#2034),.UNSPECIFIED.,.T.,.F.) B_SPLINE_CURVE_WITH_KNOTS((1,2
    ,2,2,2,1),(-2.094395102393,0.,2.094395102393,4.188790204786,
6.28318530718,8.377580409573),.UNSPECIFIED.) CURVE() 
GEOMETRIC_REPRESENTATION_ITEM() RATIONAL_B_SPLINE_CURVE((1.,0.5,1.,0.5,
1.,0.5,1.)) REPRESENTATION_ITEM('') );
#2028 = CARTESIAN_POINT('',(-234.8617783434,244.07868897172));
#2029 = CARTESIAN_POINT('',(-234.8617783434,230.22228251117));
#2030 = CARTESIAN_POINT('',(-246.8617783434,237.15048574144));
#2031 = CARTESIAN_POINT('',(-258.8617783434,244.07868897172));
#2032 = CARTESIAN_POINT('',(-246.8617783434,251.006892202));
#2033 = CARTESIAN_POINT('',(-234.8617783434,257.93509543227));
#2034 = CARTESIAN_POINT('',(-234.8617783434,244.07868897172));
#2035 = ( GEOMETRIC_REPRESENTATION_CONTEXT(2) 
PARAMETRIC_REPRESENTATION_CONTEXT() REPRESENTATION_CONTEXT('2D SPACE',''
  ) );
#2036 = PCURVE('',#2037,#2042);
#2037 = CYLINDRICAL_SURFACE('',#2038,8.);
#2038 = AXIS2_PLACEMENT_3D('',#2039,#2040,#2041);
#2039 = CARTESIAN_POINT('',(237.7,850.,-1.E-03));
#2040 = DIRECTION('',(-0.,-0.,-1.));
#2041 = DIRECTION('',(1.,0.,0.));
#2042 = DEFINITIONAL_REPRESENTATION('',(#2043),#2047);
#2043 = LINE('',#2044,#2045);
#2044 = CARTESIAN_POINT('',(-6.28318530718,-1.E-03));
#2045 = VECTOR('',#2046,1.);
#2046 = DIRECTION('',(1.,-0.));
#2047 = ( GEOMETRIC_REPRESENTATION_CONTEXT(2) 
PARAMETRIC_REPRESENTATION_CONTEXT() REPRESENTATION_CONTEXT('2D SPACE',''
  ) );
#2048 = FACE_BOUND('',#2049,.F.);
#2049 = EDGE_LOOP('',(#2050));
#2050 = ORIENTED_EDGE('',*,*,#2051,.T.);
#2051 = EDGE_CURVE('',#2052,#2052,#2054,.T.);
#2052 = VERTEX_POINT('',#2053);
#2053 = CARTESIAN_POINT('',(305.7,600.,0.));
#2054 = SURFACE_CURVE('',#2055,(#2060,#2071),.PCURVE_S1.);
#2055 = CIRCLE('',#2056,8.);
#2056 = AXIS2_PLACEMENT_3D('',#2057,#2058,#2059);
#2057 = CARTESIAN_POINT('',(297.7,600.,0.));
#2058 = DIRECTION('',(0.,0.,-1.));
#2059 = DIRECTION('',(1.,0.,0.));
#2060 = PCURVE('',#126,#2061);
#2061 = DEFINITIONAL_REPRESENTATION('',(#2062),#2070);
#2062 = ( BOUNDED_CURVE() B_SPLINE_CURVE(2,(#2063,#2064,#2065,#2066,
#2067,#2068,#2069),.UNSPECIFIED.,.T.,.F.) B_SPLINE_CURVE_WITH_KNOTS((1,2
    ,2,2,2,1),(-2.094395102393,0.,2.094395102393,4.188790204786,
6.28318530718,8.377580409573),.UNSPECIFIED.) CURVE() 
GEOMETRIC_REPRESENTATION_ITEM() RATIONAL_B_SPLINE_CURVE((1.,0.5,1.,0.5,
1.,0.5,1.)) REPRESENTATION_ITEM('') );
#2063 = CARTESIAN_POINT('',(-174.8617783434,-5.921311028275));
#2064 = CARTESIAN_POINT('',(-174.8617783434,-19.77771748882));
#2065 = CARTESIAN_POINT('',(-186.8617783434,-12.84951425855));
#2066 = CARTESIAN_POINT('',(-198.8617783434,-5.921311028275));
#2067 = CARTESIAN_POINT('',(-186.8617783434,1.006892202));
#2068 = CARTESIAN_POINT('',(-174.8617783434,7.935095432276));
#2069 = CARTESIAN_POINT('',(-174.8617783434,-5.921311028275));
#2070 = ( GEOMETRIC_REPRESENTATION_CONTEXT(2) 
PARAMETRIC_REPRESENTATION_CONTEXT() REPRESENTATION_CONTEXT('2D SPACE',''
  ) );
#2071 = PCURVE('',#2072,#2077);
#2072 = CYLINDRICAL_SURFACE('',#2073,8.);
#2073 = AXIS2_PLACEMENT_3D('',#2074,#2075,#2076);
#2074 = CARTESIAN_POINT('',(297.7,600.,-1.E-03));
#2075 = DIRECTION('',(-0.,-0.,-1.));
#2076 = DIRECTION('',(1.,0.,0.));
#2077 = DEFINITIONAL_REPRESENTATION('',(#2078),#2082);
#2078 = LINE('',#2079,#2080);
#2079 = CARTESIAN_POINT('',(-6.28318530718,-1.E-03));
#2080 = VECTOR('',#2081,1.);
#2081 = DIRECTION('',(1.,-0.));
#2082 = ( GEOMETRIC_REPRESENTATION_CONTEXT(2) 
PARAMETRIC_REPRESENTATION_CONTEXT() REPRESENTATION_CONTEXT('2D SPACE',''
  ) );
#2083 = FACE_BOUND('',#2084,.F.);
#2084 = EDGE_LOOP('',(#2085));
#2085 = ORIENTED_EDGE('',*,*,#2086,.T.);
#2086 = EDGE_CURVE('',#2087,#2087,#2089,.T.);
#2087 = VERTEX_POINT('',#2088);
#2088 = CARTESIAN_POINT('',(405.7,600.,0.));
#2089 = SURFACE_CURVE('',#2090,(#2095,#2106),.PCURVE_S1.);
#2090 = CIRCLE('',#2091,8.);
#2091 = AXIS2_PLACEMENT_3D('',#2092,#2093,#2094);
#2092 = CARTESIAN_POINT('',(397.7,600.,0.));
#2093 = DIRECTION('',(0.,0.,-1.));
#2094 = DIRECTION('',(1.,0.,0.));
#2095 = PCURVE('',#126,#2096);
#2096 = DEFINITIONAL_REPRESENTATION('',(#2097),#2105);
#2097 = ( BOUNDED_CURVE() B_SPLINE_CURVE(2,(#2098,#2099,#2100,#2101,
#2102,#2103,#2104),.UNSPECIFIED.,.T.,.F.) B_SPLINE_CURVE_WITH_KNOTS((1,2
    ,2,2,2,1),(-2.094395102393,0.,2.094395102393,4.188790204786,
6.28318530718,8.377580409573),.UNSPECIFIED.) CURVE() 
GEOMETRIC_REPRESENTATION_ITEM() RATIONAL_B_SPLINE_CURVE((1.,0.5,1.,0.5,
1.,0.5,1.)) REPRESENTATION_ITEM('') );
#2098 = CARTESIAN_POINT('',(-74.86177834348,-5.921311028275));
#2099 = CARTESIAN_POINT('',(-74.86177834348,-19.77771748882));
#2100 = CARTESIAN_POINT('',(-86.86177834348,-12.84951425855));
#2101 = CARTESIAN_POINT('',(-98.86177834348,-5.921311028275));
#2102 = CARTESIAN_POINT('',(-86.86177834348,1.006892202));
#2103 = CARTESIAN_POINT('',(-74.86177834348,7.935095432276));
#2104 = CARTESIAN_POINT('',(-74.86177834348,-5.921311028275));
#2105 = ( GEOMETRIC_REPRESENTATION_CONTEXT(2) 
PARAMETRIC_REPRESENTATION_CONTEXT() REPRESENTATION_CONTEXT('2D SPACE',''
  ) );
#2106 = PCURVE('',#2107,#2112);
#2107 = CYLINDRICAL_SURFACE('',#2108,8.);
#2108 = AXIS2_PLACEMENT_3D('',#2109,#2110,#2111);
#2109 = CARTESIAN_POINT('',(397.7,600.,-1.E-03));
#2110 = DIRECTION('',(-0.,-0.,-1.));
#2111 = DIRECTION('',(1.,0.,0.));
#2112 = DEFINITIONAL_REPRESENTATION('',(#2113),#2117);
#2113 = LINE('',#2114,#2115);
#2114 = CARTESIAN_POINT('',(-6.28318530718,-1.E-03));
#2115 = VECTOR('',#2116,1.);
#2116 = DIRECTION('',(1.,-0.));
#2117 = ( GEOMETRIC_REPRESENTATION_CONTEXT(2) 
PARAMETRIC_REPRESENTATION_CONTEXT() REPRESENTATION_CONTEXT('2D SPACE',''
  ) );
#2118 = FACE_BOUND('',#2119,.F.);
#2119 = EDGE_LOOP('',(#2120));
#2120 = ORIENTED_EDGE('',*,*,#2121,.T.);
#2121 = EDGE_CURVE('',#2122,#2122,#2124,.T.);
#2122 = VERTEX_POINT('',#2123);
#2123 = CARTESIAN_POINT('',(345.7,850.,0.));
#2124 = SURFACE_CURVE('',#2125,(#2130,#2141),.PCURVE_S1.);
#2125 = CIRCLE('',#2126,8.);
#2126 = AXIS2_PLACEMENT_3D('',#2127,#2128,#2129);
#2127 = CARTESIAN_POINT('',(337.7,850.,0.));
#2128 = DIRECTION('',(0.,0.,-1.));
#2129 = DIRECTION('',(1.,0.,0.));
#2130 = PCURVE('',#126,#2131);
#2131 = DEFINITIONAL_REPRESENTATION('',(#2132),#2140);
#2132 = ( BOUNDED_CURVE() B_SPLINE_CURVE(2,(#2133,#2134,#2135,#2136,
#2137,#2138,#2139),.UNSPECIFIED.,.T.,.F.) B_SPLINE_CURVE_WITH_KNOTS((1,2
    ,2,2,2,1),(-2.094395102393,0.,2.094395102393,4.188790204786,
6.28318530718,8.377580409573),.UNSPECIFIED.) CURVE() 
GEOMETRIC_REPRESENTATION_ITEM() RATIONAL_B_SPLINE_CURVE((1.,0.5,1.,0.5,
1.,0.5,1.)) REPRESENTATION_ITEM('') );
#2133 = CARTESIAN_POINT('',(-134.8617783434,244.07868897172));
#2134 = CARTESIAN_POINT('',(-134.8617783434,230.22228251117));
#2135 = CARTESIAN_POINT('',(-146.8617783434,237.15048574144));
#2136 = CARTESIAN_POINT('',(-158.8617783434,244.07868897172));
#2137 = CARTESIAN_POINT('',(-146.8617783434,251.006892202));
#2138 = CARTESIAN_POINT('',(-134.8617783434,257.93509543227));
#2139 = CARTESIAN_POINT('',(-134.8617783434,244.07868897172));
#2140 = ( GEOMETRIC_REPRESENTATION_CONTEXT(2) 
PARAMETRIC_REPRESENTATION_CONTEXT() REPRESENTATION_CONTEXT('2D SPACE',''
  ) );
#2141 = PCURVE('',#2142,#2147);
#2142 = CYLINDRICAL_SURFACE('',#2143,8.);
#2143 = AXIS2_PLACEMENT_3D('',#2144,#2145,#2146);
#2144 = CARTESIAN_POINT('',(337.7,850.,-1.E-03));
#2145 = DIRECTION('',(-0.,-0.,-1.));
#2146 = DIRECTION('',(1.,0.,0.));
#2147 = DEFINITIONAL_REPRESENTATION('',(#2148),#2152);
#2148 = LINE('',#2149,#2150);
#2149 = CARTESIAN_POINT('',(-6.28318530718,-1.E-03));
#2150 = VECTOR('',#2151,1.);
#2151 = DIRECTION('',(1.,-0.));
#2152 = ( GEOMETRIC_REPRESENTATION_CONTEXT(2) 
PARAMETRIC_REPRESENTATION_CONTEXT() REPRESENTATION_CONTEXT('2D SPACE',''
  ) );
#2153 = FACE_BOUND('',#2154,.F.);
#2154 = EDGE_LOOP('',(#2155));
#2155 = ORIENTED_EDGE('',*,*,#2156,.T.);
#2156 = EDGE_CURVE('',#2157,#2157,#2159,.T.);
#2157 = VERTEX_POINT('',#2158);
#2158 = CARTESIAN_POINT('',(377.05,798.5,0.));
#2159 = SURFACE_CURVE('',#2160,(#2165,#2176),.PCURVE_S1.);
#2160 = CIRCLE('',#2161,2.85);
#2161 = AXIS2_PLACEMENT_3D('',#2162,#2163,#2164);
#2162 = CARTESIAN_POINT('',(374.2,798.5,0.));
#2163 = DIRECTION('',(0.,0.,-1.));
#2164 = DIRECTION('',(1.,0.,0.));
#2165 = PCURVE('',#126,#2166);
#2166 = DEFINITIONAL_REPRESENTATION('',(#2167),#2175);
#2167 = ( BOUNDED_CURVE() B_SPLINE_CURVE(2,(#2168,#2169,#2170,#2171,
#2172,#2173,#2174),.UNSPECIFIED.,.T.,.F.) B_SPLINE_CURVE_WITH_KNOTS((1,2
    ,2,2,2,1),(-2.094395102393,0.,2.094395102393,4.188790204786,
6.28318530718,8.377580409573),.UNSPECIFIED.) CURVE() 
GEOMETRIC_REPRESENTATION_ITEM() RATIONAL_B_SPLINE_CURVE((1.,0.5,1.,0.5,
1.,0.5,1.)) REPRESENTATION_ITEM('') );
#2168 = CARTESIAN_POINT('',(-103.5117783434,192.57868897172));
#2169 = CARTESIAN_POINT('',(-103.5117783434,187.64234417015));
#2170 = CARTESIAN_POINT('',(-107.7867783434,190.11051657093));
#2171 = CARTESIAN_POINT('',(-112.0617783434,192.57868897172));
#2172 = CARTESIAN_POINT('',(-107.7867783434,195.04686137251));
#2173 = CARTESIAN_POINT('',(-103.5117783434,197.51503377329));
#2174 = CARTESIAN_POINT('',(-103.5117783434,192.57868897172));
#2175 = ( GEOMETRIC_REPRESENTATION_CONTEXT(2) 
PARAMETRIC_REPRESENTATION_CONTEXT() REPRESENTATION_CONTEXT('2D SPACE',''
  ) );
#2176 = PCURVE('',#2177,#2182);
#2177 = CYLINDRICAL_SURFACE('',#2178,2.85);
#2178 = AXIS2_PLACEMENT_3D('',#2179,#2180,#2181);
#2179 = CARTESIAN_POINT('',(374.2,798.5,-1.));
#2180 = DIRECTION('',(-0.,-0.,-1.));
#2181 = DIRECTION('',(1.,0.,0.));
#2182 = DEFINITIONAL_REPRESENTATION('',(#2183),#2187);
#2183 = LINE('',#2184,#2185);
#2184 = CARTESIAN_POINT('',(-6.28318530718,-1.));
#2185 = VECTOR('',#2186,1.);
#2186 = DIRECTION('',(1.,-0.));
#2187 = ( GEOMETRIC_REPRESENTATION_CONTEXT(2) 
PARAMETRIC_REPRESENTATION_CONTEXT() REPRESENTATION_CONTEXT('2D SPACE',''
  ) );
#2188 = FACE_BOUND('',#2189,.F.);
#2189 = EDGE_LOOP('',(#2190));
#2190 = ORIENTED_EDGE('',*,*,#2191,.T.);
#2191 = EDGE_CURVE('',#2192,#2192,#2194,.T.);
#2192 = VERTEX_POINT('',#2193);
#2193 = CARTESIAN_POINT('',(445.7,850.,0.));
#2194 = SURFACE_CURVE('',#2195,(#2200,#2211),.PCURVE_S1.);
#2195 = CIRCLE('',#2196,8.);
#2196 = AXIS2_PLACEMENT_3D('',#2197,#2198,#2199);
#2197 = CARTESIAN_POINT('',(437.7,850.,0.));
#2198 = DIRECTION('',(0.,0.,-1.));
#2199 = DIRECTION('',(1.,0.,0.));
#2200 = PCURVE('',#126,#2201);
#2201 = DEFINITIONAL_REPRESENTATION('',(#2202),#2210);
#2202 = ( BOUNDED_CURVE() B_SPLINE_CURVE(2,(#2203,#2204,#2205,#2206,
#2207,#2208,#2209),.UNSPECIFIED.,.T.,.F.) B_SPLINE_CURVE_WITH_KNOTS((1,2
    ,2,2,2,1),(-2.094395102393,0.,2.094395102393,4.188790204786,
6.28318530718,8.377580409573),.UNSPECIFIED.) CURVE() 
GEOMETRIC_REPRESENTATION_ITEM() RATIONAL_B_SPLINE_CURVE((1.,0.5,1.,0.5,
1.,0.5,1.)) REPRESENTATION_ITEM('') );
#2203 = CARTESIAN_POINT('',(-34.86177834348,244.07868897172));
#2204 = CARTESIAN_POINT('',(-34.86177834348,230.22228251117));
#2205 = CARTESIAN_POINT('',(-46.86177834348,237.15048574144));
#2206 = CARTESIAN_POINT('',(-58.86177834348,244.07868897172));
#2207 = CARTESIAN_POINT('',(-46.86177834348,251.006892202));
#2208 = CARTESIAN_POINT('',(-34.86177834348,257.93509543227));
#2209 = CARTESIAN_POINT('',(-34.86177834348,244.07868897172));
#2210 = ( GEOMETRIC_REPRESENTATION_CONTEXT(2) 
PARAMETRIC_REPRESENTATION_CONTEXT() REPRESENTATION_CONTEXT('2D SPACE',''
  ) );
#2211 = PCURVE('',#2212,#2217);
#2212 = CYLINDRICAL_SURFACE('',#2213,8.);
#2213 = AXIS2_PLACEMENT_3D('',#2214,#2215,#2216);
#2214 = CARTESIAN_POINT('',(437.7,850.,-1.E-03));
#2215 = DIRECTION('',(-0.,-0.,-1.));
#2216 = DIRECTION('',(1.,0.,0.));
#2217 = DEFINITIONAL_REPRESENTATION('',(#2218),#2222);
#2218 = LINE('',#2219,#2220);
#2219 = CARTESIAN_POINT('',(-6.28318530718,-1.E-03));
#2220 = VECTOR('',#2221,1.);
#2221 = DIRECTION('',(1.,-0.));
#2222 = ( GEOMETRIC_REPRESENTATION_CONTEXT(2) 
PARAMETRIC_REPRESENTATION_CONTEXT() REPRESENTATION_CONTEXT('2D SPACE',''
  ) );
#2223 = FACE_BOUND('',#2224,.F.);
#2224 = EDGE_LOOP('',(#2225));
#2225 = ORIENTED_EDGE('',*,*,#2226,.T.);
#2226 = EDGE_CURVE('',#2227,#2227,#2229,.T.);
#2227 = VERTEX_POINT('',#2228);
#2228 = CARTESIAN_POINT('',(105.7,1.1E+03,0.));
#2229 = SURFACE_CURVE('',#2230,(#2235,#2246),.PCURVE_S1.);
#2230 = CIRCLE('',#2231,8.);
#2231 = AXIS2_PLACEMENT_3D('',#2232,#2233,#2234);
#2232 = CARTESIAN_POINT('',(97.7,1.1E+03,0.));
#2233 = DIRECTION('',(0.,0.,-1.));
#2234 = DIRECTION('',(1.,0.,0.));
#2235 = PCURVE('',#126,#2236);
#2236 = DEFINITIONAL_REPRESENTATION('',(#2237),#2245);
#2237 = ( BOUNDED_CURVE() B_SPLINE_CURVE(2,(#2238,#2239,#2240,#2241,
#2242,#2243,#2244),.UNSPECIFIED.,.T.,.F.) B_SPLINE_CURVE_WITH_KNOTS((1,2
    ,2,2,2,1),(-2.094395102393,0.,2.094395102393,4.188790204786,
6.28318530718,8.377580409573),.UNSPECIFIED.) CURVE() 
GEOMETRIC_REPRESENTATION_ITEM() RATIONAL_B_SPLINE_CURVE((1.,0.5,1.,0.5,
1.,0.5,1.)) REPRESENTATION_ITEM('') );
#2238 = CARTESIAN_POINT('',(-374.8617783434,494.07868897172));
#2239 = CARTESIAN_POINT('',(-374.8617783434,480.22228251117));
#2240 = CARTESIAN_POINT('',(-386.8617783434,487.15048574144));
#2241 = CARTESIAN_POINT('',(-398.8617783434,494.07868897172));
#2242 = CARTESIAN_POINT('',(-386.8617783434,501.006892202));
#2243 = CARTESIAN_POINT('',(-374.8617783434,507.93509543227));
#2244 = CARTESIAN_POINT('',(-374.8617783434,494.07868897172));
#2245 = ( GEOMETRIC_REPRESENTATION_CONTEXT(2) 
PARAMETRIC_REPRESENTATION_CONTEXT() REPRESENTATION_CONTEXT('2D SPACE',''
  ) );
#2246 = PCURVE('',#2247,#2252);
#2247 = CYLINDRICAL_SURFACE('',#2248,8.);
#2248 = AXIS2_PLACEMENT_3D('',#2249,#2250,#2251);
#2249 = CARTESIAN_POINT('',(97.7,1.1E+03,-1.E-03));
#2250 = DIRECTION('',(-0.,-0.,-1.));
#2251 = DIRECTION('',(1.,0.,0.));
#2252 = DEFINITIONAL_REPRESENTATION('',(#2253),#2257);
#2253 = LINE('',#2254,#2255);
#2254 = CARTESIAN_POINT('',(-6.28318530718,-1.E-03));
#2255 = VECTOR('',#2256,1.);
#2256 = DIRECTION('',(1.,-0.));
#2257 = ( GEOMETRIC_REPRESENTATION_CONTEXT(2) 
PARAMETRIC_REPRESENTATION_CONTEXT() REPRESENTATION_CONTEXT('2D SPACE',''
  ) );
#2258 = FACE_BOUND('',#2259,.F.);
#2259 = EDGE_LOOP('',(#2260));
#2260 = ORIENTED_EDGE('',*,*,#2261,.T.);
#2261 = EDGE_CURVE('',#2262,#2262,#2264,.T.);
#2262 = VERTEX_POINT('',#2263);
#2263 = CARTESIAN_POINT('',(117.05,1.1875E+03,0.));
#2264 = SURFACE_CURVE('',#2265,(#2270,#2281),.PCURVE_S1.);
#2265 = CIRCLE('',#2266,2.85);
#2266 = AXIS2_PLACEMENT_3D('',#2267,#2268,#2269);
#2267 = CARTESIAN_POINT('',(114.2,1.1875E+03,0.));
#2268 = DIRECTION('',(0.,0.,-1.));
#2269 = DIRECTION('',(1.,0.,0.));
#2270 = PCURVE('',#126,#2271);
#2271 = DEFINITIONAL_REPRESENTATION('',(#2272),#2280);
#2272 = ( BOUNDED_CURVE() B_SPLINE_CURVE(2,(#2273,#2274,#2275,#2276,
#2277,#2278,#2279),.UNSPECIFIED.,.T.,.F.) B_SPLINE_CURVE_WITH_KNOTS((1,2
    ,2,2,2,1),(-2.094395102393,0.,2.094395102393,4.188790204786,
6.28318530718,8.377580409573),.UNSPECIFIED.) CURVE() 
GEOMETRIC_REPRESENTATION_ITEM() RATIONAL_B_SPLINE_CURVE((1.,0.5,1.,0.5,
1.,0.5,1.)) REPRESENTATION_ITEM('') );
#2273 = CARTESIAN_POINT('',(-363.5117783434,581.57868897172));
#2274 = CARTESIAN_POINT('',(-363.5117783434,576.64234417015));
#2275 = CARTESIAN_POINT('',(-367.7867783434,579.11051657093));
#2276 = CARTESIAN_POINT('',(-372.0617783434,581.57868897172));
#2277 = CARTESIAN_POINT('',(-367.7867783434,584.04686137251));
#2278 = CARTESIAN_POINT('',(-363.5117783434,586.51503377329));
#2279 = CARTESIAN_POINT('',(-363.5117783434,581.57868897172));
#2280 = ( GEOMETRIC_REPRESENTATION_CONTEXT(2) 
PARAMETRIC_REPRESENTATION_CONTEXT() REPRESENTATION_CONTEXT('2D SPACE',''
  ) );
#2281 = PCURVE('',#2282,#2287);
#2282 = CYLINDRICAL_SURFACE('',#2283,2.85);
#2283 = AXIS2_PLACEMENT_3D('',#2284,#2285,#2286);
#2284 = CARTESIAN_POINT('',(114.2,1.1875E+03,-1.));
#2285 = DIRECTION('',(-0.,-0.,-1.));
#2286 = DIRECTION('',(1.,0.,0.));
#2287 = DEFINITIONAL_REPRESENTATION('',(#2288),#2292);
#2288 = LINE('',#2289,#2290);
#2289 = CARTESIAN_POINT('',(-6.28318530718,-1.));
#2290 = VECTOR('',#2291,1.);
#2291 = DIRECTION('',(1.,-0.));
#2292 = ( GEOMETRIC_REPRESENTATION_CONTEXT(2) 
PARAMETRIC_REPRESENTATION_CONTEXT() REPRESENTATION_CONTEXT('2D SPACE',''
  ) );
#2293 = FACE_BOUND('',#2294,.F.);
#2294 = EDGE_LOOP('',(#2295));
#2295 = ORIENTED_EDGE('',*,*,#2296,.T.);
#2296 = EDGE_CURVE('',#2297,#2297,#2299,.T.);
#2297 = VERTEX_POINT('',#2298);
#2298 = CARTESIAN_POINT('',(205.7,1.1E+03,0.));
#2299 = SURFACE_CURVE('',#2300,(#2305,#2316),.PCURVE_S1.);
#2300 = CIRCLE('',#2301,8.);
#2301 = AXIS2_PLACEMENT_3D('',#2302,#2303,#2304);
#2302 = CARTESIAN_POINT('',(197.7,1.1E+03,0.));
#2303 = DIRECTION('',(0.,0.,-1.));
#2304 = DIRECTION('',(1.,0.,0.));
#2305 = PCURVE('',#126,#2306);
#2306 = DEFINITIONAL_REPRESENTATION('',(#2307),#2315);
#2307 = ( BOUNDED_CURVE() B_SPLINE_CURVE(2,(#2308,#2309,#2310,#2311,
#2312,#2313,#2314),.UNSPECIFIED.,.T.,.F.) B_SPLINE_CURVE_WITH_KNOTS((1,2
    ,2,2,2,1),(-2.094395102393,0.,2.094395102393,4.188790204786,
6.28318530718,8.377580409573),.UNSPECIFIED.) CURVE() 
GEOMETRIC_REPRESENTATION_ITEM() RATIONAL_B_SPLINE_CURVE((1.,0.5,1.,0.5,
1.,0.5,1.)) REPRESENTATION_ITEM('') );
#2308 = CARTESIAN_POINT('',(-274.8617783434,494.07868897172));
#2309 = CARTESIAN_POINT('',(-274.8617783434,480.22228251117));
#2310 = CARTESIAN_POINT('',(-286.8617783434,487.15048574144));
#2311 = CARTESIAN_POINT('',(-298.8617783434,494.07868897172));
#2312 = CARTESIAN_POINT('',(-286.8617783434,501.006892202));
#2313 = CARTESIAN_POINT('',(-274.8617783434,507.93509543227));
#2314 = CARTESIAN_POINT('',(-274.8617783434,494.07868897172));
#2315 = ( GEOMETRIC_REPRESENTATION_CONTEXT(2) 
PARAMETRIC_REPRESENTATION_CONTEXT() REPRESENTATION_CONTEXT('2D SPACE',''
  ) );
#2316 = PCURVE('',#2317,#2322);
#2317 = CYLINDRICAL_SURFACE('',#2318,8.);
#2318 = AXIS2_PLACEMENT_3D('',#2319,#2320,#2321);
#2319 = CARTESIAN_POINT('',(197.7,1.1E+03,-1.E-03));
#2320 = DIRECTION('',(-0.,-0.,-1.));
#2321 = DIRECTION('',(1.,0.,0.));
#2322 = DEFINITIONAL_REPRESENTATION('',(#2323),#2327);
#2323 = LINE('',#2324,#2325);
#2324 = CARTESIAN_POINT('',(-6.28318530718,-1.E-03));
#2325 = VECTOR('',#2326,1.);
#2326 = DIRECTION('',(1.,-0.));
#2327 = ( GEOMETRIC_REPRESENTATION_CONTEXT(2) 
PARAMETRIC_REPRESENTATION_CONTEXT() REPRESENTATION_CONTEXT('2D SPACE',''
  ) );
#2328 = FACE_BOUND('',#2329,.F.);
#2329 = EDGE_LOOP('',(#2330));
#2330 = ORIENTED_EDGE('',*,*,#2331,.T.);
#2331 = EDGE_CURVE('',#2332,#2332,#2334,.T.);
#2332 = VERTEX_POINT('',#2333);
#2333 = CARTESIAN_POINT('',(305.7,1.1E+03,0.));
#2334 = SURFACE_CURVE('',#2335,(#2340,#2351),.PCURVE_S1.);
#2335 = CIRCLE('',#2336,8.);
#2336 = AXIS2_PLACEMENT_3D('',#2337,#2338,#2339);
#2337 = CARTESIAN_POINT('',(297.7,1.1E+03,0.));
#2338 = DIRECTION('',(0.,0.,-1.));
#2339 = DIRECTION('',(1.,0.,0.));
#2340 = PCURVE('',#126,#2341);
#2341 = DEFINITIONAL_REPRESENTATION('',(#2342),#2350);
#2342 = ( BOUNDED_CURVE() B_SPLINE_CURVE(2,(#2343,#2344,#2345,#2346,
#2347,#2348,#2349),.UNSPECIFIED.,.T.,.F.) B_SPLINE_CURVE_WITH_KNOTS((1,2
    ,2,2,2,1),(-2.094395102393,0.,2.094395102393,4.188790204786,
6.28318530718,8.377580409573),.UNSPECIFIED.) CURVE() 
GEOMETRIC_REPRESENTATION_ITEM() RATIONAL_B_SPLINE_CURVE((1.,0.5,1.,0.5,
1.,0.5,1.)) REPRESENTATION_ITEM('') );
#2343 = CARTESIAN_POINT('',(-174.8617783434,494.07868897172));
#2344 = CARTESIAN_POINT('',(-174.8617783434,480.22228251117));
#2345 = CARTESIAN_POINT('',(-186.8617783434,487.15048574144));
#2346 = CARTESIAN_POINT('',(-198.8617783434,494.07868897172));
#2347 = CARTESIAN_POINT('',(-186.8617783434,501.006892202));
#2348 = CARTESIAN_POINT('',(-174.8617783434,507.93509543227));
#2349 = CARTESIAN_POINT('',(-174.8617783434,494.07868897172));
#2350 = ( GEOMETRIC_REPRESENTATION_CONTEXT(2) 
PARAMETRIC_REPRESENTATION_CONTEXT() REPRESENTATION_CONTEXT('2D SPACE',''
  ) );
#2351 = PCURVE('',#2352,#2357);
#2352 = CYLINDRICAL_SURFACE('',#2353,8.);
#2353 = AXIS2_PLACEMENT_3D('',#2354,#2355,#2356);
#2354 = CARTESIAN_POINT('',(297.7,1.1E+03,-1.E-03));
#2355 = DIRECTION('',(-0.,-0.,-1.));
#2356 = DIRECTION('',(1.,0.,0.));
#2357 = DEFINITIONAL_REPRESENTATION('',(#2358),#2362);
#2358 = LINE('',#2359,#2360);
#2359 = CARTESIAN_POINT('',(-6.28318530718,-1.E-03));
#2360 = VECTOR('',#2361,1.);
#2361 = DIRECTION('',(1.,-0.));
#2362 = ( GEOMETRIC_REPRESENTATION_CONTEXT(2) 
PARAMETRIC_REPRESENTATION_CONTEXT() REPRESENTATION_CONTEXT('2D SPACE',''
  ) );
#2363 = FACE_BOUND('',#2364,.F.);
#2364 = EDGE_LOOP('',(#2365));
#2365 = ORIENTED_EDGE('',*,*,#2366,.T.);
#2366 = EDGE_CURVE('',#2367,#2367,#2369,.T.);
#2367 = VERTEX_POINT('',#2368);
#2368 = CARTESIAN_POINT('',(405.7,1.1E+03,0.));
#2369 = SURFACE_CURVE('',#2370,(#2375,#2386),.PCURVE_S1.);
#2370 = CIRCLE('',#2371,8.);
#2371 = AXIS2_PLACEMENT_3D('',#2372,#2373,#2374);
#2372 = CARTESIAN_POINT('',(397.7,1.1E+03,0.));
#2373 = DIRECTION('',(0.,0.,-1.));
#2374 = DIRECTION('',(1.,0.,0.));
#2375 = PCURVE('',#126,#2376);
#2376 = DEFINITIONAL_REPRESENTATION('',(#2377),#2385);
#2377 = ( BOUNDED_CURVE() B_SPLINE_CURVE(2,(#2378,#2379,#2380,#2381,
#2382,#2383,#2384),.UNSPECIFIED.,.T.,.F.) B_SPLINE_CURVE_WITH_KNOTS((1,2
    ,2,2,2,1),(-2.094395102393,0.,2.094395102393,4.188790204786,
6.28318530718,8.377580409573),.UNSPECIFIED.) CURVE() 
GEOMETRIC_REPRESENTATION_ITEM() RATIONAL_B_SPLINE_CURVE((1.,0.5,1.,0.5,
1.,0.5,1.)) REPRESENTATION_ITEM('') );
#2378 = CARTESIAN_POINT('',(-74.86177834348,494.07868897172));
#2379 = CARTESIAN_POINT('',(-74.86177834348,480.22228251117));
#2380 = CARTESIAN_POINT('',(-86.86177834348,487.15048574144));
#2381 = CARTESIAN_POINT('',(-98.86177834348,494.07868897172));
#2382 = CARTESIAN_POINT('',(-86.86177834348,501.006892202));
#2383 = CARTESIAN_POINT('',(-74.86177834348,507.93509543227));
#2384 = CARTESIAN_POINT('',(-74.86177834348,494.07868897172));
#2385 = ( GEOMETRIC_REPRESENTATION_CONTEXT(2) 
PARAMETRIC_REPRESENTATION_CONTEXT() REPRESENTATION_CONTEXT('2D SPACE',''
  ) );
#2386 = PCURVE('',#2387,#2392);
#2387 = CYLINDRICAL_SURFACE('',#2388,8.);
#2388 = AXIS2_PLACEMENT_3D('',#2389,#2390,#2391);
#2389 = CARTESIAN_POINT('',(397.7,1.1E+03,-1.E-03));
#2390 = DIRECTION('',(-0.,-0.,-1.));
#2391 = DIRECTION('',(1.,0.,0.));
#2392 = DEFINITIONAL_REPRESENTATION('',(#2393),#2397);
#2393 = LINE('',#2394,#2395);
#2394 = CARTESIAN_POINT('',(-6.28318530718,-1.E-03));
#2395 = VECTOR('',#2396,1.);
#2396 = DIRECTION('',(1.,-0.));
#2397 = ( GEOMETRIC_REPRESENTATION_CONTEXT(2) 
PARAMETRIC_REPRESENTATION_CONTEXT() REPRESENTATION_CONTEXT('2D SPACE',''
  ) );
#2398 = FACE_BOUND('',#2399,.F.);
#2399 = EDGE_LOOP('',(#2400));
#2400 = ORIENTED_EDGE('',*,*,#2401,.T.);
#2401 = EDGE_CURVE('',#2402,#2402,#2404,.T.);
#2402 = VERTEX_POINT('',#2403);
#2403 = CARTESIAN_POINT('',(377.05,1.1875E+03,0.));
#2404 = SURFACE_CURVE('',#2405,(#2410,#2421),.PCURVE_S1.);
#2405 = CIRCLE('',#2406,2.85);
#2406 = AXIS2_PLACEMENT_3D('',#2407,#2408,#2409);
#2407 = CARTESIAN_POINT('',(374.2,1.1875E+03,0.));
#2408 = DIRECTION('',(0.,0.,-1.));
#2409 = DIRECTION('',(1.,0.,0.));
#2410 = PCURVE('',#126,#2411);
#2411 = DEFINITIONAL_REPRESENTATION('',(#2412),#2420);
#2412 = ( BOUNDED_CURVE() B_SPLINE_CURVE(2,(#2413,#2414,#2415,#2416,
#2417,#2418,#2419),.UNSPECIFIED.,.T.,.F.) B_SPLINE_CURVE_WITH_KNOTS((1,2
    ,2,2,2,1),(-2.094395102393,0.,2.094395102393,4.188790204786,
6.28318530718,8.377580409573),.UNSPECIFIED.) CURVE() 
GEOMETRIC_REPRESENTATION_ITEM() RATIONAL_B_SPLINE_CURVE((1.,0.5,1.,0.5,
1.,0.5,1.)) REPRESENTATION_ITEM('') );
#2413 = CARTESIAN_POINT('',(-103.5117783434,581.57868897172));
#2414 = CARTESIAN_POINT('',(-103.5117783434,576.64234417015));
#2415 = CARTESIAN_POINT('',(-107.7867783434,579.11051657093));
#2416 = CARTESIAN_POINT('',(-112.0617783434,581.57868897172));
#2417 = CARTESIAN_POINT('',(-107.7867783434,584.04686137251));
#2418 = CARTESIAN_POINT('',(-103.5117783434,586.51503377329));
#2419 = CARTESIAN_POINT('',(-103.5117783434,581.57868897172));
#2420 = ( GEOMETRIC_REPRESENTATION_CONTEXT(2) 
PARAMETRIC_REPRESENTATION_CONTEXT() REPRESENTATION_CONTEXT('2D SPACE',''
  ) );
#2421 = PCURVE('',#2422,#2427);
#2422 = CYLINDRICAL_SURFACE('',#2423,2.85);
#2423 = AXIS2_PLACEMENT_3D('',#2424,#2425,#2426);
#2424 = CARTESIAN_POINT('',(374.2,1.1875E+03,-1.));
#2425 = DIRECTION('',(-0.,-0.,-1.));
#2426 = DIRECTION('',(1.,0.,0.));
#2427 = DEFINITIONAL_REPRESENTATION('',(#2428),#2432);
#2428 = LINE('',#2429,#2430);
#2429 = CARTESIAN_POINT('',(-6.28318530718,-1.));
#2430 = VECTOR('',#2431,1.);
#2431 = DIRECTION('',(1.,-0.));
#2432 = ( GEOMETRIC_REPRESENTATION_CONTEXT(2) 
PARAMETRIC_REPRESENTATION_CONTEXT() REPRESENTATION_CONTEXT('2D SPACE',''
  ) );
#2433 = FACE_BOUND('',#2434,.F.);
#2434 = EDGE_LOOP('',(#2435));
#2435 = ORIENTED_EDGE('',*,*,#2436,.T.);
#2436 = EDGE_CURVE('',#2437,#2437,#2439,.T.);
#2437 = VERTEX_POINT('',#2438);
#2438 = CARTESIAN_POINT('',(505.7,600.,0.));
#2439 = SURFACE_CURVE('',#2440,(#2445,#2456),.PCURVE_S1.);
#2440 = CIRCLE('',#2441,8.);
#2441 = AXIS2_PLACEMENT_3D('',#2442,#2443,#2444);
#2442 = CARTESIAN_POINT('',(497.7,600.,0.));
#2443 = DIRECTION('',(0.,0.,-1.));
#2444 = DIRECTION('',(1.,0.,0.));
#2445 = PCURVE('',#126,#2446);
#2446 = DEFINITIONAL_REPRESENTATION('',(#2447),#2455);
#2447 = ( BOUNDED_CURVE() B_SPLINE_CURVE(2,(#2448,#2449,#2450,#2451,
#2452,#2453,#2454),.UNSPECIFIED.,.T.,.F.) B_SPLINE_CURVE_WITH_KNOTS((1,2
    ,2,2,2,1),(-2.094395102393,0.,2.094395102393,4.188790204786,
6.28318530718,8.377580409573),.UNSPECIFIED.) CURVE() 
GEOMETRIC_REPRESENTATION_ITEM() RATIONAL_B_SPLINE_CURVE((1.,0.5,1.,0.5,
1.,0.5,1.)) REPRESENTATION_ITEM('') );
#2448 = CARTESIAN_POINT('',(25.138221656514,-5.921311028275));
#2449 = CARTESIAN_POINT('',(25.138221656514,-19.77771748882));
#2450 = CARTESIAN_POINT('',(13.138221656514,-12.84951425855));
#2451 = CARTESIAN_POINT('',(1.138221656514,-5.921311028275));
#2452 = CARTESIAN_POINT('',(13.138221656514,1.006892202));
#2453 = CARTESIAN_POINT('',(25.138221656514,7.935095432276));
#2454 = CARTESIAN_POINT('',(25.138221656514,-5.921311028275));
#2455 = ( GEOMETRIC_REPRESENTATION_CONTEXT(2) 
PARAMETRIC_REPRESENTATION_CONTEXT() REPRESENTATION_CONTEXT('2D SPACE',''
  ) );
#2456 = PCURVE('',#2457,#2462);
#2457 = CYLINDRICAL_SURFACE('',#2458,8.);
#2458 = AXIS2_PLACEMENT_3D('',#2459,#2460,#2461);
#2459 = CARTESIAN_POINT('',(497.7,600.,-1.E-03));
#2460 = DIRECTION('',(-0.,-0.,-1.));
#2461 = DIRECTION('',(1.,0.,0.));
#2462 = DEFINITIONAL_REPRESENTATION('',(#2463),#2467);
#2463 = LINE('',#2464,#2465);
#2464 = CARTESIAN_POINT('',(-6.28318530718,-1.E-03));
#2465 = VECTOR('',#2466,1.);
#2466 = DIRECTION('',(1.,-0.));
#2467 = ( GEOMETRIC_REPRESENTATION_CONTEXT(2) 
PARAMETRIC_REPRESENTATION_CONTEXT() REPRESENTATION_CONTEXT('2D SPACE',''
  ) );
#2468 = FACE_BOUND('',#2469,.F.);
#2469 = EDGE_LOOP('',(#2470));
#2470 = ORIENTED_EDGE('',*,*,#2471,.T.);
#2471 = EDGE_CURVE('',#2472,#2472,#2474,.T.);
#2472 = VERTEX_POINT('',#2473);
#2473 = CARTESIAN_POINT('',(605.7,600.,0.));
#2474 = SURFACE_CURVE('',#2475,(#2480,#2491),.PCURVE_S1.);
#2475 = CIRCLE('',#2476,8.);
#2476 = AXIS2_PLACEMENT_3D('',#2477,#2478,#2479);
#2477 = CARTESIAN_POINT('',(597.7,600.,0.));
#2478 = DIRECTION('',(0.,0.,-1.));
#2479 = DIRECTION('',(1.,0.,0.));
#2480 = PCURVE('',#126,#2481);
#2481 = DEFINITIONAL_REPRESENTATION('',(#2482),#2490);
#2482 = ( BOUNDED_CURVE() B_SPLINE_CURVE(2,(#2483,#2484,#2485,#2486,
#2487,#2488,#2489),.UNSPECIFIED.,.T.,.F.) B_SPLINE_CURVE_WITH_KNOTS((1,2
    ,2,2,2,1),(-2.094395102393,0.,2.094395102393,4.188790204786,
6.28318530718,8.377580409573),.UNSPECIFIED.) CURVE() 
GEOMETRIC_REPRESENTATION_ITEM() RATIONAL_B_SPLINE_CURVE((1.,0.5,1.,0.5,
1.,0.5,1.)) REPRESENTATION_ITEM('') );
#2483 = CARTESIAN_POINT('',(125.13822165651,-5.921311028275));
#2484 = CARTESIAN_POINT('',(125.13822165651,-19.77771748882));
#2485 = CARTESIAN_POINT('',(113.13822165651,-12.84951425855));
#2486 = CARTESIAN_POINT('',(101.13822165651,-5.921311028275));
#2487 = CARTESIAN_POINT('',(113.13822165651,1.006892202));
#2488 = CARTESIAN_POINT('',(125.13822165651,7.935095432276));
#2489 = CARTESIAN_POINT('',(125.13822165651,-5.921311028275));
#2490 = ( GEOMETRIC_REPRESENTATION_CONTEXT(2) 
PARAMETRIC_REPRESENTATION_CONTEXT() REPRESENTATION_CONTEXT('2D SPACE',''
  ) );
#2491 = PCURVE('',#2492,#2497);
#2492 = CYLINDRICAL_SURFACE('',#2493,8.);
#2493 = AXIS2_PLACEMENT_3D('',#2494,#2495,#2496);
#2494 = CARTESIAN_POINT('',(597.7,600.,-1.E-03));
#2495 = DIRECTION('',(-0.,-0.,-1.));
#2496 = DIRECTION('',(1.,0.,0.));
#2497 = DEFINITIONAL_REPRESENTATION('',(#2498),#2502);
#2498 = LINE('',#2499,#2500);
#2499 = CARTESIAN_POINT('',(-6.28318530718,-1.E-03));
#2500 = VECTOR('',#2501,1.);
#2501 = DIRECTION('',(1.,-0.));
#2502 = ( GEOMETRIC_REPRESENTATION_CONTEXT(2) 
PARAMETRIC_REPRESENTATION_CONTEXT() REPRESENTATION_CONTEXT('2D SPACE',''
  ) );
#2503 = FACE_BOUND('',#2504,.F.);
#2504 = EDGE_LOOP('',(#2505));
#2505 = ORIENTED_EDGE('',*,*,#2506,.T.);
#2506 = EDGE_CURVE('',#2507,#2507,#2509,.T.);
#2507 = VERTEX_POINT('',#2508);
#2508 = CARTESIAN_POINT('',(545.7,850.,0.));
#2509 = SURFACE_CURVE('',#2510,(#2515,#2526),.PCURVE_S1.);
#2510 = CIRCLE('',#2511,8.);
#2511 = AXIS2_PLACEMENT_3D('',#2512,#2513,#2514);
#2512 = CARTESIAN_POINT('',(537.7,850.,0.));
#2513 = DIRECTION('',(0.,0.,-1.));
#2514 = DIRECTION('',(1.,0.,0.));
#2515 = PCURVE('',#126,#2516);
#2516 = DEFINITIONAL_REPRESENTATION('',(#2517),#2525);
#2517 = ( BOUNDED_CURVE() B_SPLINE_CURVE(2,(#2518,#2519,#2520,#2521,
#2522,#2523,#2524),.UNSPECIFIED.,.T.,.F.) B_SPLINE_CURVE_WITH_KNOTS((1,2
    ,2,2,2,1),(-2.094395102393,0.,2.094395102393,4.188790204786,
6.28318530718,8.377580409573),.UNSPECIFIED.) CURVE() 
GEOMETRIC_REPRESENTATION_ITEM() RATIONAL_B_SPLINE_CURVE((1.,0.5,1.,0.5,
1.,0.5,1.)) REPRESENTATION_ITEM('') );
#2518 = CARTESIAN_POINT('',(65.138221656514,244.07868897172));
#2519 = CARTESIAN_POINT('',(65.138221656514,230.22228251117));
#2520 = CARTESIAN_POINT('',(53.138221656514,237.15048574144));
#2521 = CARTESIAN_POINT('',(41.138221656514,244.07868897172));
#2522 = CARTESIAN_POINT('',(53.138221656514,251.006892202));
#2523 = CARTESIAN_POINT('',(65.138221656514,257.93509543227));
#2524 = CARTESIAN_POINT('',(65.138221656514,244.07868897172));
#2525 = ( GEOMETRIC_REPRESENTATION_CONTEXT(2) 
PARAMETRIC_REPRESENTATION_CONTEXT() REPRESENTATION_CONTEXT('2D SPACE',''
  ) );
#2526 = PCURVE('',#2527,#2532);
#2527 = CYLINDRICAL_SURFACE('',#2528,8.);
#2528 = AXIS2_PLACEMENT_3D('',#2529,#2530,#2531);
#2529 = CARTESIAN_POINT('',(537.7,850.,-1.E-03));
#2530 = DIRECTION('',(-0.,-0.,-1.));
#2531 = DIRECTION('',(1.,0.,0.));
#2532 = DEFINITIONAL_REPRESENTATION('',(#2533),#2537);
#2533 = LINE('',#2534,#2535);
#2534 = CARTESIAN_POINT('',(-6.28318530718,-1.E-03));
#2535 = VECTOR('',#2536,1.);
#2536 = DIRECTION('',(1.,-0.));
#2537 = ( GEOMETRIC_REPRESENTATION_CONTEXT(2) 
PARAMETRIC_REPRESENTATION_CONTEXT() REPRESENTATION_CONTEXT('2D SPACE',''
  ) );
#2538 = FACE_BOUND('',#2539,.F.);
#2539 = EDGE_LOOP('',(#2540));
#2540 = ORIENTED_EDGE('',*,*,#2541,.T.);
#2541 = EDGE_CURVE('',#2542,#2542,#2544,.T.);
#2542 = VERTEX_POINT('',#2543);
#2543 = CARTESIAN_POINT('',(597.05,798.5,0.));
#2544 = SURFACE_CURVE('',#2545,(#2550,#2561),.PCURVE_S1.);
#2545 = CIRCLE('',#2546,2.85);
#2546 = AXIS2_PLACEMENT_3D('',#2547,#2548,#2549);
#2547 = CARTESIAN_POINT('',(594.2,798.5,0.));
#2548 = DIRECTION('',(0.,0.,-1.));
#2549 = DIRECTION('',(1.,0.,0.));
#2550 = PCURVE('',#126,#2551);
#2551 = DEFINITIONAL_REPRESENTATION('',(#2552),#2560);
#2552 = ( BOUNDED_CURVE() B_SPLINE_CURVE(2,(#2553,#2554,#2555,#2556,
#2557,#2558,#2559),.UNSPECIFIED.,.T.,.F.) B_SPLINE_CURVE_WITH_KNOTS((1,2
    ,2,2,2,1),(-2.094395102393,0.,2.094395102393,4.188790204786,
6.28318530718,8.377580409573),.UNSPECIFIED.) CURVE() 
GEOMETRIC_REPRESENTATION_ITEM() RATIONAL_B_SPLINE_CURVE((1.,0.5,1.,0.5,
1.,0.5,1.)) REPRESENTATION_ITEM('') );
#2553 = CARTESIAN_POINT('',(116.48822165651,192.57868897172));
#2554 = CARTESIAN_POINT('',(116.48822165651,187.64234417015));
#2555 = CARTESIAN_POINT('',(112.21322165651,190.11051657093));
#2556 = CARTESIAN_POINT('',(107.93822165651,192.57868897172));
#2557 = CARTESIAN_POINT('',(112.21322165651,195.04686137251));
#2558 = CARTESIAN_POINT('',(116.48822165651,197.51503377329));
#2559 = CARTESIAN_POINT('',(116.48822165651,192.57868897172));
#2560 = ( GEOMETRIC_REPRESENTATION_CONTEXT(2) 
PARAMETRIC_REPRESENTATION_CONTEXT() REPRESENTATION_CONTEXT('2D SPACE',''
  ) );
#2561 = PCURVE('',#2562,#2567);
#2562 = CYLINDRICAL_SURFACE('',#2563,2.85);
#2563 = AXIS2_PLACEMENT_3D('',#2564,#2565,#2566);
#2564 = CARTESIAN_POINT('',(594.2,798.5,-1.));
#2565 = DIRECTION('',(-0.,-0.,-1.));
#2566 = DIRECTION('',(1.,0.,0.));
#2567 = DEFINITIONAL_REPRESENTATION('',(#2568),#2572);
#2568 = LINE('',#2569,#2570);
#2569 = CARTESIAN_POINT('',(-6.28318530718,-1.));
#2570 = VECTOR('',#2571,1.);
#2571 = DIRECTION('',(1.,-0.));
#2572 = ( GEOMETRIC_REPRESENTATION_CONTEXT(2) 
PARAMETRIC_REPRESENTATION_CONTEXT() REPRESENTATION_CONTEXT('2D SPACE',''
  ) );
#2573 = FACE_BOUND('',#2574,.F.);
#2574 = EDGE_LOOP('',(#2575));
#2575 = ORIENTED_EDGE('',*,*,#2576,.T.);
#2576 = EDGE_CURVE('',#2577,#2577,#2579,.T.);
#2577 = VERTEX_POINT('',#2578);
#2578 = CARTESIAN_POINT('',(645.7,850.,0.));
#2579 = SURFACE_CURVE('',#2580,(#2585,#2596),.PCURVE_S1.);
#2580 = CIRCLE('',#2581,8.);
#2581 = AXIS2_PLACEMENT_3D('',#2582,#2583,#2584);
#2582 = CARTESIAN_POINT('',(637.7,850.,0.));
#2583 = DIRECTION('',(0.,0.,-1.));
#2584 = DIRECTION('',(1.,0.,0.));
#2585 = PCURVE('',#126,#2586);
#2586 = DEFINITIONAL_REPRESENTATION('',(#2587),#2595);
#2587 = ( BOUNDED_CURVE() B_SPLINE_CURVE(2,(#2588,#2589,#2590,#2591,
#2592,#2593,#2594),.UNSPECIFIED.,.T.,.F.) B_SPLINE_CURVE_WITH_KNOTS((1,2
    ,2,2,2,1),(-2.094395102393,0.,2.094395102393,4.188790204786,
6.28318530718,8.377580409573),.UNSPECIFIED.) CURVE() 
GEOMETRIC_REPRESENTATION_ITEM() RATIONAL_B_SPLINE_CURVE((1.,0.5,1.,0.5,
1.,0.5,1.)) REPRESENTATION_ITEM('') );
#2588 = CARTESIAN_POINT('',(165.13822165651,244.07868897172));
#2589 = CARTESIAN_POINT('',(165.13822165651,230.22228251117));
#2590 = CARTESIAN_POINT('',(153.13822165651,237.15048574144));
#2591 = CARTESIAN_POINT('',(141.13822165651,244.07868897172));
#2592 = CARTESIAN_POINT('',(153.13822165651,251.006892202));
#2593 = CARTESIAN_POINT('',(165.13822165651,257.93509543227));
#2594 = CARTESIAN_POINT('',(165.13822165651,244.07868897172));
#2595 = ( GEOMETRIC_REPRESENTATION_CONTEXT(2) 
PARAMETRIC_REPRESENTATION_CONTEXT() REPRESENTATION_CONTEXT('2D SPACE',''
  ) );
#2596 = PCURVE('',#2597,#2602);
#2597 = CYLINDRICAL_SURFACE('',#2598,8.);
#2598 = AXIS2_PLACEMENT_3D('',#2599,#2600,#2601);
#2599 = CARTESIAN_POINT('',(637.7,850.,-1.E-03));
#2600 = DIRECTION('',(-0.,-0.,-1.));
#2601 = DIRECTION('',(1.,0.,0.));
#2602 = DEFINITIONAL_REPRESENTATION('',(#2603),#2607);
#2603 = LINE('',#2604,#2605);
#2604 = CARTESIAN_POINT('',(-6.28318530718,-1.E-03));
#2605 = VECTOR('',#2606,1.);
#2606 = DIRECTION('',(1.,-0.));
#2607 = ( GEOMETRIC_REPRESENTATION_CONTEXT(2) 
PARAMETRIC_REPRESENTATION_CONTEXT() REPRESENTATION_CONTEXT('2D SPACE',''
  ) );
#2608 = FACE_BOUND('',#2609,.F.);
#2609 = EDGE_LOOP('',(#2610));
#2610 = ORIENTED_EDGE('',*,*,#2611,.T.);
#2611 = EDGE_CURVE('',#2612,#2612,#2614,.T.);
#2612 = VERTEX_POINT('',#2613);
#2613 = CARTESIAN_POINT('',(705.7,600.,0.));
#2614 = SURFACE_CURVE('',#2615,(#2620,#2631),.PCURVE_S1.);
#2615 = CIRCLE('',#2616,8.);
#2616 = AXIS2_PLACEMENT_3D('',#2617,#2618,#2619);
#2617 = CARTESIAN_POINT('',(697.7,600.,0.));
#2618 = DIRECTION('',(0.,0.,-1.));
#2619 = DIRECTION('',(1.,0.,0.));
#2620 = PCURVE('',#126,#2621);
#2621 = DEFINITIONAL_REPRESENTATION('',(#2622),#2630);
#2622 = ( BOUNDED_CURVE() B_SPLINE_CURVE(2,(#2623,#2624,#2625,#2626,
#2627,#2628,#2629),.UNSPECIFIED.,.T.,.F.) B_SPLINE_CURVE_WITH_KNOTS((1,2
    ,2,2,2,1),(-2.094395102393,0.,2.094395102393,4.188790204786,
6.28318530718,8.377580409573),.UNSPECIFIED.) CURVE() 
GEOMETRIC_REPRESENTATION_ITEM() RATIONAL_B_SPLINE_CURVE((1.,0.5,1.,0.5,
1.,0.5,1.)) REPRESENTATION_ITEM('') );
#2623 = CARTESIAN_POINT('',(225.13822165651,-5.921311028275));
#2624 = CARTESIAN_POINT('',(225.13822165651,-19.77771748882));
#2625 = CARTESIAN_POINT('',(213.13822165651,-12.84951425855));
#2626 = CARTESIAN_POINT('',(201.13822165651,-5.921311028275));
#2627 = CARTESIAN_POINT('',(213.13822165651,1.006892202));
#2628 = CARTESIAN_POINT('',(225.13822165651,7.935095432276));
#2629 = CARTESIAN_POINT('',(225.13822165651,-5.921311028275));
#2630 = ( GEOMETRIC_REPRESENTATION_CONTEXT(2) 
PARAMETRIC_REPRESENTATION_CONTEXT() REPRESENTATION_CONTEXT('2D SPACE',''
  ) );
#2631 = PCURVE('',#2632,#2637);
#2632 = CYLINDRICAL_SURFACE('',#2633,8.);
#2633 = AXIS2_PLACEMENT_3D('',#2634,#2635,#2636);
#2634 = CARTESIAN_POINT('',(697.7,600.,-1.E-03));
#2635 = DIRECTION('',(-0.,-0.,-1.));
#2636 = DIRECTION('',(1.,0.,0.));
#2637 = DEFINITIONAL_REPRESENTATION('',(#2638),#2642);
#2638 = LINE('',#2639,#2640);
#2639 = CARTESIAN_POINT('',(-6.28318530718,-1.E-03));
#2640 = VECTOR('',#2641,1.);
#2641 = DIRECTION('',(1.,-0.));
#2642 = ( GEOMETRIC_REPRESENTATION_CONTEXT(2) 
PARAMETRIC_REPRESENTATION_CONTEXT() REPRESENTATION_CONTEXT('2D SPACE',''
  ) );
#2643 = FACE_BOUND('',#2644,.F.);
#2644 = EDGE_LOOP('',(#2645));
#2645 = ORIENTED_EDGE('',*,*,#2646,.T.);
#2646 = EDGE_CURVE('',#2647,#2647,#2649,.T.);
#2647 = VERTEX_POINT('',#2648);
#2648 = CARTESIAN_POINT('',(805.7,600.,0.));
#2649 = SURFACE_CURVE('',#2650,(#2655,#2666),.PCURVE_S1.);
#2650 = CIRCLE('',#2651,8.);
#2651 = AXIS2_PLACEMENT_3D('',#2652,#2653,#2654);
#2652 = CARTESIAN_POINT('',(797.7,600.,0.));
#2653 = DIRECTION('',(0.,0.,-1.));
#2654 = DIRECTION('',(1.,0.,0.));
#2655 = PCURVE('',#126,#2656);
#2656 = DEFINITIONAL_REPRESENTATION('',(#2657),#2665);
#2657 = ( BOUNDED_CURVE() B_SPLINE_CURVE(2,(#2658,#2659,#2660,#2661,
#2662,#2663,#2664),.UNSPECIFIED.,.T.,.F.) B_SPLINE_CURVE_WITH_KNOTS((1,2
    ,2,2,2,1),(-2.094395102393,0.,2.094395102393,4.188790204786,
6.28318530718,8.377580409573),.UNSPECIFIED.) CURVE() 
GEOMETRIC_REPRESENTATION_ITEM() RATIONAL_B_SPLINE_CURVE((1.,0.5,1.,0.5,
1.,0.5,1.)) REPRESENTATION_ITEM('') );
#2658 = CARTESIAN_POINT('',(325.13822165651,-5.921311028275));
#2659 = CARTESIAN_POINT('',(325.13822165651,-19.77771748882));
#2660 = CARTESIAN_POINT('',(313.13822165651,-12.84951425855));
#2661 = CARTESIAN_POINT('',(301.13822165651,-5.921311028275));
#2662 = CARTESIAN_POINT('',(313.13822165651,1.006892202));
#2663 = CARTESIAN_POINT('',(325.13822165651,7.935095432276));
#2664 = CARTESIAN_POINT('',(325.13822165651,-5.921311028275));
#2665 = ( GEOMETRIC_REPRESENTATION_CONTEXT(2) 
PARAMETRIC_REPRESENTATION_CONTEXT() REPRESENTATION_CONTEXT('2D SPACE',''
  ) );
#2666 = PCURVE('',#2667,#2672);
#2667 = CYLINDRICAL_SURFACE('',#2668,8.);
#2668 = AXIS2_PLACEMENT_3D('',#2669,#2670,#2671);
#2669 = CARTESIAN_POINT('',(797.7,600.,-1.E-03));
#2670 = DIRECTION('',(-0.,-0.,-1.));
#2671 = DIRECTION('',(1.,0.,0.));
#2672 = DEFINITIONAL_REPRESENTATION('',(#2673),#2677);
#2673 = LINE('',#2674,#2675);
#2674 = CARTESIAN_POINT('',(-6.28318530718,-1.E-03));
#2675 = VECTOR('',#2676,1.);
#2676 = DIRECTION('',(1.,-0.));
#2677 = ( GEOMETRIC_REPRESENTATION_CONTEXT(2) 
PARAMETRIC_REPRESENTATION_CONTEXT() REPRESENTATION_CONTEXT('2D SPACE',''
  ) );
#2678 = FACE_BOUND('',#2679,.F.);
#2679 = EDGE_LOOP('',(#2680));
#2680 = ORIENTED_EDGE('',*,*,#2681,.T.);
#2681 = EDGE_CURVE('',#2682,#2682,#2684,.T.);
#2682 = VERTEX_POINT('',#2683);
#2683 = CARTESIAN_POINT('',(905.7,600.,0.));
#2684 = SURFACE_CURVE('',#2685,(#2690,#2701),.PCURVE_S1.);
#2685 = CIRCLE('',#2686,8.);
#2686 = AXIS2_PLACEMENT_3D('',#2687,#2688,#2689);
#2687 = CARTESIAN_POINT('',(897.7,600.,0.));
#2688 = DIRECTION('',(0.,0.,-1.));
#2689 = DIRECTION('',(1.,0.,0.));
#2690 = PCURVE('',#126,#2691);
#2691 = DEFINITIONAL_REPRESENTATION('',(#2692),#2700);
#2692 = ( BOUNDED_CURVE() B_SPLINE_CURVE(2,(#2693,#2694,#2695,#2696,
#2697,#2698,#2699),.UNSPECIFIED.,.T.,.F.) B_SPLINE_CURVE_WITH_KNOTS((1,2
    ,2,2,2,1),(-2.094395102393,0.,2.094395102393,4.188790204786,
6.28318530718,8.377580409573),.UNSPECIFIED.) CURVE() 
GEOMETRIC_REPRESENTATION_ITEM() RATIONAL_B_SPLINE_CURVE((1.,0.5,1.,0.5,
1.,0.5,1.)) REPRESENTATION_ITEM('') );
#2693 = CARTESIAN_POINT('',(425.13822165651,-5.921311028275));
#2694 = CARTESIAN_POINT('',(425.13822165651,-19.77771748882));
#2695 = CARTESIAN_POINT('',(413.13822165651,-12.84951425855));
#2696 = CARTESIAN_POINT('',(401.13822165651,-5.921311028275));
#2697 = CARTESIAN_POINT('',(413.13822165651,1.006892202));
#2698 = CARTESIAN_POINT('',(425.13822165651,7.935095432276));
#2699 = CARTESIAN_POINT('',(425.13822165651,-5.921311028275));
#2700 = ( GEOMETRIC_REPRESENTATION_CONTEXT(2) 
PARAMETRIC_REPRESENTATION_CONTEXT() REPRESENTATION_CONTEXT('2D SPACE',''
  ) );
#2701 = PCURVE('',#2702,#2707);
#2702 = CYLINDRICAL_SURFACE('',#2703,8.);
#2703 = AXIS2_PLACEMENT_3D('',#2704,#2705,#2706);
#2704 = CARTESIAN_POINT('',(897.7,600.,-1.E-03));
#2705 = DIRECTION('',(-0.,-0.,-1.));
#2706 = DIRECTION('',(1.,0.,0.));
#2707 = DEFINITIONAL_REPRESENTATION('',(#2708),#2712);
#2708 = LINE('',#2709,#2710);
#2709 = CARTESIAN_POINT('',(-6.28318530718,-1.E-03));
#2710 = VECTOR('',#2711,1.);
#2711 = DIRECTION('',(1.,-0.));
#2712 = ( GEOMETRIC_REPRESENTATION_CONTEXT(2) 
PARAMETRIC_REPRESENTATION_CONTEXT() REPRESENTATION_CONTEXT('2D SPACE',''
  ) );
#2713 = FACE_BOUND('',#2714,.F.);
#2714 = EDGE_LOOP('',(#2715));
#2715 = ORIENTED_EDGE('',*,*,#2716,.T.);
#2716 = EDGE_CURVE('',#2717,#2717,#2719,.T.);
#2717 = VERTEX_POINT('',#2718);
#2718 = CARTESIAN_POINT('',(745.7,850.,0.));
#2719 = SURFACE_CURVE('',#2720,(#2725,#2736),.PCURVE_S1.);
#2720 = CIRCLE('',#2721,8.);
#2721 = AXIS2_PLACEMENT_3D('',#2722,#2723,#2724);
#2722 = CARTESIAN_POINT('',(737.7,850.,0.));
#2723 = DIRECTION('',(0.,0.,-1.));
#2724 = DIRECTION('',(1.,0.,0.));
#2725 = PCURVE('',#126,#2726);
#2726 = DEFINITIONAL_REPRESENTATION('',(#2727),#2735);
#2727 = ( BOUNDED_CURVE() B_SPLINE_CURVE(2,(#2728,#2729,#2730,#2731,
#2732,#2733,#2734),.UNSPECIFIED.,.T.,.F.) B_SPLINE_CURVE_WITH_KNOTS((1,2
    ,2,2,2,1),(-2.094395102393,0.,2.094395102393,4.188790204786,
6.28318530718,8.377580409573),.UNSPECIFIED.) CURVE() 
GEOMETRIC_REPRESENTATION_ITEM() RATIONAL_B_SPLINE_CURVE((1.,0.5,1.,0.5,
1.,0.5,1.)) REPRESENTATION_ITEM('') );
#2728 = CARTESIAN_POINT('',(265.13822165651,244.07868897172));
#2729 = CARTESIAN_POINT('',(265.13822165651,230.22228251117));
#2730 = CARTESIAN_POINT('',(253.13822165651,237.15048574144));
#2731 = CARTESIAN_POINT('',(241.13822165651,244.07868897172));
#2732 = CARTESIAN_POINT('',(253.13822165651,251.006892202));
#2733 = CARTESIAN_POINT('',(265.13822165651,257.93509543227));
#2734 = CARTESIAN_POINT('',(265.13822165651,244.07868897172));
#2735 = ( GEOMETRIC_REPRESENTATION_CONTEXT(2) 
PARAMETRIC_REPRESENTATION_CONTEXT() REPRESENTATION_CONTEXT('2D SPACE',''
  ) );
#2736 = PCURVE('',#2737,#2742);
#2737 = CYLINDRICAL_SURFACE('',#2738,8.);
#2738 = AXIS2_PLACEMENT_3D('',#2739,#2740,#2741);
#2739 = CARTESIAN_POINT('',(737.7,850.,-1.E-03));
#2740 = DIRECTION('',(-0.,-0.,-1.));
#2741 = DIRECTION('',(1.,0.,0.));
#2742 = DEFINITIONAL_REPRESENTATION('',(#2743),#2747);
#2743 = LINE('',#2744,#2745);
#2744 = CARTESIAN_POINT('',(-6.28318530718,-1.E-03));
#2745 = VECTOR('',#2746,1.);
#2746 = DIRECTION('',(1.,-0.));
#2747 = ( GEOMETRIC_REPRESENTATION_CONTEXT(2) 
PARAMETRIC_REPRESENTATION_CONTEXT() REPRESENTATION_CONTEXT('2D SPACE',''
  ) );
#2748 = FACE_BOUND('',#2749,.F.);
#2749 = EDGE_LOOP('',(#2750));
#2750 = ORIENTED_EDGE('',*,*,#2751,.T.);
#2751 = EDGE_CURVE('',#2752,#2752,#2754,.T.);
#2752 = VERTEX_POINT('',#2753);
#2753 = CARTESIAN_POINT('',(857.05,798.5,0.));
#2754 = SURFACE_CURVE('',#2755,(#2760,#2771),.PCURVE_S1.);
#2755 = CIRCLE('',#2756,2.85);
#2756 = AXIS2_PLACEMENT_3D('',#2757,#2758,#2759);
#2757 = CARTESIAN_POINT('',(854.2,798.5,0.));
#2758 = DIRECTION('',(0.,0.,-1.));
#2759 = DIRECTION('',(1.,0.,0.));
#2760 = PCURVE('',#126,#2761);
#2761 = DEFINITIONAL_REPRESENTATION('',(#2762),#2770);
#2762 = ( BOUNDED_CURVE() B_SPLINE_CURVE(2,(#2763,#2764,#2765,#2766,
#2767,#2768,#2769),.UNSPECIFIED.,.T.,.F.) B_SPLINE_CURVE_WITH_KNOTS((1,2
    ,2,2,2,1),(-2.094395102393,0.,2.094395102393,4.188790204786,
6.28318530718,8.377580409573),.UNSPECIFIED.) CURVE() 
GEOMETRIC_REPRESENTATION_ITEM() RATIONAL_B_SPLINE_CURVE((1.,0.5,1.,0.5,
1.,0.5,1.)) REPRESENTATION_ITEM('') );
#2763 = CARTESIAN_POINT('',(376.48822165651,192.57868897172));
#2764 = CARTESIAN_POINT('',(376.48822165651,187.64234417015));
#2765 = CARTESIAN_POINT('',(372.21322165651,190.11051657093));
#2766 = CARTESIAN_POINT('',(367.93822165651,192.57868897172));
#2767 = CARTESIAN_POINT('',(372.21322165651,195.04686137251));
#2768 = CARTESIAN_POINT('',(376.48822165651,197.51503377329));
#2769 = CARTESIAN_POINT('',(376.48822165651,192.57868897172));
#2770 = ( GEOMETRIC_REPRESENTATION_CONTEXT(2) 
PARAMETRIC_REPRESENTATION_CONTEXT() REPRESENTATION_CONTEXT('2D SPACE',''
  ) );
#2771 = PCURVE('',#2772,#2777);
#2772 = CYLINDRICAL_SURFACE('',#2773,2.85);
#2773 = AXIS2_PLACEMENT_3D('',#2774,#2775,#2776);
#2774 = CARTESIAN_POINT('',(854.2,798.5,-1.));
#2775 = DIRECTION('',(-0.,-0.,-1.));
#2776 = DIRECTION('',(1.,0.,0.));
#2777 = DEFINITIONAL_REPRESENTATION('',(#2778),#2782);
#2778 = LINE('',#2779,#2780);
#2779 = CARTESIAN_POINT('',(-6.28318530718,-1.));
#2780 = VECTOR('',#2781,1.);
#2781 = DIRECTION('',(1.,-0.));
#2782 = ( GEOMETRIC_REPRESENTATION_CONTEXT(2) 
PARAMETRIC_REPRESENTATION_CONTEXT() REPRESENTATION_CONTEXT('2D SPACE',''
  ) );
#2783 = FACE_BOUND('',#2784,.F.);
#2784 = EDGE_LOOP('',(#2785));
#2785 = ORIENTED_EDGE('',*,*,#2786,.T.);
#2786 = EDGE_CURVE('',#2787,#2787,#2789,.T.);
#2787 = VERTEX_POINT('',#2788);
#2788 = CARTESIAN_POINT('',(845.7,850.,0.));
#2789 = SURFACE_CURVE('',#2790,(#2795,#2806),.PCURVE_S1.);
#2790 = CIRCLE('',#2791,8.);
#2791 = AXIS2_PLACEMENT_3D('',#2792,#2793,#2794);
#2792 = CARTESIAN_POINT('',(837.7,850.,0.));
#2793 = DIRECTION('',(0.,0.,-1.));
#2794 = DIRECTION('',(1.,0.,0.));
#2795 = PCURVE('',#126,#2796);
#2796 = DEFINITIONAL_REPRESENTATION('',(#2797),#2805);
#2797 = ( BOUNDED_CURVE() B_SPLINE_CURVE(2,(#2798,#2799,#2800,#2801,
#2802,#2803,#2804),.UNSPECIFIED.,.T.,.F.) B_SPLINE_CURVE_WITH_KNOTS((1,2
    ,2,2,2,1),(-2.094395102393,0.,2.094395102393,4.188790204786,
6.28318530718,8.377580409573),.UNSPECIFIED.) CURVE() 
GEOMETRIC_REPRESENTATION_ITEM() RATIONAL_B_SPLINE_CURVE((1.,0.5,1.,0.5,
1.,0.5,1.)) REPRESENTATION_ITEM('') );
#2798 = CARTESIAN_POINT('',(365.13822165651,244.07868897172));
#2799 = CARTESIAN_POINT('',(365.13822165651,230.22228251117));
#2800 = CARTESIAN_POINT('',(353.13822165651,237.15048574144));
#2801 = CARTESIAN_POINT('',(341.13822165651,244.07868897172));
#2802 = CARTESIAN_POINT('',(353.13822165651,251.006892202));
#2803 = CARTESIAN_POINT('',(365.13822165651,257.93509543227));
#2804 = CARTESIAN_POINT('',(365.13822165651,244.07868897172));
#2805 = ( GEOMETRIC_REPRESENTATION_CONTEXT(2) 
PARAMETRIC_REPRESENTATION_CONTEXT() REPRESENTATION_CONTEXT('2D SPACE',''
  ) );
#2806 = PCURVE('',#2807,#2812);
#2807 = CYLINDRICAL_SURFACE('',#2808,8.);
#2808 = AXIS2_PLACEMENT_3D('',#2809,#2810,#2811);
#2809 = CARTESIAN_POINT('',(837.7,850.,-1.E-03));
#2810 = DIRECTION('',(-0.,-0.,-1.));
#2811 = DIRECTION('',(1.,0.,0.));
#2812 = DEFINITIONAL_REPRESENTATION('',(#2813),#2817);
#2813 = LINE('',#2814,#2815);
#2814 = CARTESIAN_POINT('',(-6.28318530718,-1.E-03));
#2815 = VECTOR('',#2816,1.);
#2816 = DIRECTION('',(1.,-0.));
#2817 = ( GEOMETRIC_REPRESENTATION_CONTEXT(2) 
PARAMETRIC_REPRESENTATION_CONTEXT() REPRESENTATION_CONTEXT('2D SPACE',''
  ) );
#2818 = FACE_BOUND('',#2819,.F.);
#2819 = EDGE_LOOP('',(#2820));
#2820 = ORIENTED_EDGE('',*,*,#2821,.T.);
#2821 = EDGE_CURVE('',#2822,#2822,#2824,.T.);
#2822 = VERTEX_POINT('',#2823);
#2823 = CARTESIAN_POINT('',(505.7,1.1E+03,0.));
#2824 = SURFACE_CURVE('',#2825,(#2830,#2841),.PCURVE_S1.);
#2825 = CIRCLE('',#2826,8.);
#2826 = AXIS2_PLACEMENT_3D('',#2827,#2828,#2829);
#2827 = CARTESIAN_POINT('',(497.7,1.1E+03,0.));
#2828 = DIRECTION('',(0.,0.,-1.));
#2829 = DIRECTION('',(1.,0.,0.));
#2830 = PCURVE('',#126,#2831);
#2831 = DEFINITIONAL_REPRESENTATION('',(#2832),#2840);
#2832 = ( BOUNDED_CURVE() B_SPLINE_CURVE(2,(#2833,#2834,#2835,#2836,
#2837,#2838,#2839),.UNSPECIFIED.,.T.,.F.) B_SPLINE_CURVE_WITH_KNOTS((1,2
    ,2,2,2,1),(-2.094395102393,0.,2.094395102393,4.188790204786,
6.28318530718,8.377580409573),.UNSPECIFIED.) CURVE() 
GEOMETRIC_REPRESENTATION_ITEM() RATIONAL_B_SPLINE_CURVE((1.,0.5,1.,0.5,
1.,0.5,1.)) REPRESENTATION_ITEM('') );
#2833 = CARTESIAN_POINT('',(25.138221656514,494.07868897172));
#2834 = CARTESIAN_POINT('',(25.138221656514,480.22228251117));
#2835 = CARTESIAN_POINT('',(13.138221656514,487.15048574144));
#2836 = CARTESIAN_POINT('',(1.138221656514,494.07868897172));
#2837 = CARTESIAN_POINT('',(13.138221656514,501.006892202));
#2838 = CARTESIAN_POINT('',(25.138221656514,507.93509543227));
#2839 = CARTESIAN_POINT('',(25.138221656514,494.07868897172));
#2840 = ( GEOMETRIC_REPRESENTATION_CONTEXT(2) 
PARAMETRIC_REPRESENTATION_CONTEXT() REPRESENTATION_CONTEXT('2D SPACE',''
  ) );
#2841 = PCURVE('',#2842,#2847);
#2842 = CYLINDRICAL_SURFACE('',#2843,8.);
#2843 = AXIS2_PLACEMENT_3D('',#2844,#2845,#2846);
#2844 = CARTESIAN_POINT('',(497.7,1.1E+03,-1.E-03));
#2845 = DIRECTION('',(-0.,-0.,-1.));
#2846 = DIRECTION('',(1.,0.,0.));
#2847 = DEFINITIONAL_REPRESENTATION('',(#2848),#2852);
#2848 = LINE('',#2849,#2850);
#2849 = CARTESIAN_POINT('',(-6.28318530718,-1.E-03));
#2850 = VECTOR('',#2851,1.);
#2851 = DIRECTION('',(1.,-0.));
#2852 = ( GEOMETRIC_REPRESENTATION_CONTEXT(2) 
PARAMETRIC_REPRESENTATION_CONTEXT() REPRESENTATION_CONTEXT('2D SPACE',''
  ) );
#2853 = FACE_BOUND('',#2854,.F.);
#2854 = EDGE_LOOP('',(#2855));
#2855 = ORIENTED_EDGE('',*,*,#2856,.T.);
#2856 = EDGE_CURVE('',#2857,#2857,#2859,.T.);
#2857 = VERTEX_POINT('',#2858);
#2858 = CARTESIAN_POINT('',(605.7,1.1E+03,0.));
#2859 = SURFACE_CURVE('',#2860,(#2865,#2876),.PCURVE_S1.);
#2860 = CIRCLE('',#2861,8.);
#2861 = AXIS2_PLACEMENT_3D('',#2862,#2863,#2864);
#2862 = CARTESIAN_POINT('',(597.7,1.1E+03,0.));
#2863 = DIRECTION('',(0.,0.,-1.));
#2864 = DIRECTION('',(1.,0.,0.));
#2865 = PCURVE('',#126,#2866);
#2866 = DEFINITIONAL_REPRESENTATION('',(#2867),#2875);
#2867 = ( BOUNDED_CURVE() B_SPLINE_CURVE(2,(#2868,#2869,#2870,#2871,
#2872,#2873,#2874),.UNSPECIFIED.,.T.,.F.) B_SPLINE_CURVE_WITH_KNOTS((1,2
    ,2,2,2,1),(-2.094395102393,0.,2.094395102393,4.188790204786,
6.28318530718,8.377580409573),.UNSPECIFIED.) CURVE() 
GEOMETRIC_REPRESENTATION_ITEM() RATIONAL_B_SPLINE_CURVE((1.,0.5,1.,0.5,
1.,0.5,1.)) REPRESENTATION_ITEM('') );
#2868 = CARTESIAN_POINT('',(125.13822165651,494.07868897172));
#2869 = CARTESIAN_POINT('',(125.13822165651,480.22228251117));
#2870 = CARTESIAN_POINT('',(113.13822165651,487.15048574144));
#2871 = CARTESIAN_POINT('',(101.13822165651,494.07868897172));
#2872 = CARTESIAN_POINT('',(113.13822165651,501.006892202));
#2873 = CARTESIAN_POINT('',(125.13822165651,507.93509543227));
#2874 = CARTESIAN_POINT('',(125.13822165651,494.07868897172));
#2875 = ( GEOMETRIC_REPRESENTATION_CONTEXT(2) 
PARAMETRIC_REPRESENTATION_CONTEXT() REPRESENTATION_CONTEXT('2D SPACE',''
  ) );
#2876 = PCURVE('',#2877,#2882);
#2877 = CYLINDRICAL_SURFACE('',#2878,8.);
#2878 = AXIS2_PLACEMENT_3D('',#2879,#2880,#2881);
#2879 = CARTESIAN_POINT('',(597.7,1.1E+03,-1.E-03));
#2880 = DIRECTION('',(-0.,-0.,-1.));
#2881 = DIRECTION('',(1.,0.,0.));
#2882 = DEFINITIONAL_REPRESENTATION('',(#2883),#2887);
#2883 = LINE('',#2884,#2885);
#2884 = CARTESIAN_POINT('',(-6.28318530718,-1.E-03));
#2885 = VECTOR('',#2886,1.);
#2886 = DIRECTION('',(1.,-0.));
#2887 = ( GEOMETRIC_REPRESENTATION_CONTEXT(2) 
PARAMETRIC_REPRESENTATION_CONTEXT() REPRESENTATION_CONTEXT('2D SPACE',''
  ) );
#2888 = FACE_BOUND('',#2889,.F.);
#2889 = EDGE_LOOP('',(#2890));
#2890 = ORIENTED_EDGE('',*,*,#2891,.T.);
#2891 = EDGE_CURVE('',#2892,#2892,#2894,.T.);
#2892 = VERTEX_POINT('',#2893);
#2893 = CARTESIAN_POINT('',(597.05,1.1875E+03,0.));
#2894 = SURFACE_CURVE('',#2895,(#2900,#2911),.PCURVE_S1.);
#2895 = CIRCLE('',#2896,2.85);
#2896 = AXIS2_PLACEMENT_3D('',#2897,#2898,#2899);
#2897 = CARTESIAN_POINT('',(594.2,1.1875E+03,0.));
#2898 = DIRECTION('',(0.,0.,-1.));
#2899 = DIRECTION('',(1.,0.,0.));
#2900 = PCURVE('',#126,#2901);
#2901 = DEFINITIONAL_REPRESENTATION('',(#2902),#2910);
#2902 = ( BOUNDED_CURVE() B_SPLINE_CURVE(2,(#2903,#2904,#2905,#2906,
#2907,#2908,#2909),.UNSPECIFIED.,.T.,.F.) B_SPLINE_CURVE_WITH_KNOTS((1,2
    ,2,2,2,1),(-2.094395102393,0.,2.094395102393,4.188790204786,
6.28318530718,8.377580409573),.UNSPECIFIED.) CURVE() 
GEOMETRIC_REPRESENTATION_ITEM() RATIONAL_B_SPLINE_CURVE((1.,0.5,1.,0.5,
1.,0.5,1.)) REPRESENTATION_ITEM('') );
#2903 = CARTESIAN_POINT('',(116.48822165651,581.57868897172));
#2904 = CARTESIAN_POINT('',(116.48822165651,576.64234417015));
#2905 = CARTESIAN_POINT('',(112.21322165651,579.11051657093));
#2906 = CARTESIAN_POINT('',(107.93822165651,581.57868897172));
#2907 = CARTESIAN_POINT('',(112.21322165651,584.04686137251));
#2908 = CARTESIAN_POINT('',(116.48822165651,586.51503377329));
#2909 = CARTESIAN_POINT('',(116.48822165651,581.57868897172));
#2910 = ( GEOMETRIC_REPRESENTATION_CONTEXT(2) 
PARAMETRIC_REPRESENTATION_CONTEXT() REPRESENTATION_CONTEXT('2D SPACE',''
  ) );
#2911 = PCURVE('',#2912,#2917);
#2912 = CYLINDRICAL_SURFACE('',#2913,2.85);
#2913 = AXIS2_PLACEMENT_3D('',#2914,#2915,#2916);
#2914 = CARTESIAN_POINT('',(594.2,1.1875E+03,-1.));
#2915 = DIRECTION('',(-0.,-0.,-1.));
#2916 = DIRECTION('',(1.,0.,0.));
#2917 = DEFINITIONAL_REPRESENTATION('',(#2918),#2922);
#2918 = LINE('',#2919,#2920);
#2919 = CARTESIAN_POINT('',(-6.28318530718,-1.));
#2920 = VECTOR('',#2921,1.);
#2921 = DIRECTION('',(1.,-0.));
#2922 = ( GEOMETRIC_REPRESENTATION_CONTEXT(2) 
PARAMETRIC_REPRESENTATION_CONTEXT() REPRESENTATION_CONTEXT('2D SPACE',''
  ) );
#2923 = FACE_BOUND('',#2924,.F.);
#2924 = EDGE_LOOP('',(#2925));
#2925 = ORIENTED_EDGE('',*,*,#2926,.T.);
#2926 = EDGE_CURVE('',#2927,#2927,#2929,.T.);
#2927 = VERTEX_POINT('',#2928);
#2928 = CARTESIAN_POINT('',(705.7,1.1E+03,0.));
#2929 = SURFACE_CURVE('',#2930,(#2935,#2946),.PCURVE_S1.);
#2930 = CIRCLE('',#2931,8.);
#2931 = AXIS2_PLACEMENT_3D('',#2932,#2933,#2934);
#2932 = CARTESIAN_POINT('',(697.7,1.1E+03,0.));
#2933 = DIRECTION('',(0.,0.,-1.));
#2934 = DIRECTION('',(1.,0.,0.));
#2935 = PCURVE('',#126,#2936);
#2936 = DEFINITIONAL_REPRESENTATION('',(#2937),#2945);
#2937 = ( BOUNDED_CURVE() B_SPLINE_CURVE(2,(#2938,#2939,#2940,#2941,
#2942,#2943,#2944),.UNSPECIFIED.,.T.,.F.) B_SPLINE_CURVE_WITH_KNOTS((1,2
    ,2,2,2,1),(-2.094395102393,0.,2.094395102393,4.188790204786,
6.28318530718,8.377580409573),.UNSPECIFIED.) CURVE() 
GEOMETRIC_REPRESENTATION_ITEM() RATIONAL_B_SPLINE_CURVE((1.,0.5,1.,0.5,
1.,0.5,1.)) REPRESENTATION_ITEM('') );
#2938 = CARTESIAN_POINT('',(225.13822165651,494.07868897172));
#2939 = CARTESIAN_POINT('',(225.13822165651,480.22228251117));
#2940 = CARTESIAN_POINT('',(213.13822165651,487.15048574144));
#2941 = CARTESIAN_POINT('',(201.13822165651,494.07868897172));
#2942 = CARTESIAN_POINT('',(213.13822165651,501.006892202));
#2943 = CARTESIAN_POINT('',(225.13822165651,507.93509543227));
#2944 = CARTESIAN_POINT('',(225.13822165651,494.07868897172));
#2945 = ( GEOMETRIC_REPRESENTATION_CONTEXT(2) 
PARAMETRIC_REPRESENTATION_CONTEXT() REPRESENTATION_CONTEXT('2D SPACE',''
  ) );
#2946 = PCURVE('',#2947,#2952);
#2947 = CYLINDRICAL_SURFACE('',#2948,8.);
#2948 = AXIS2_PLACEMENT_3D('',#2949,#2950,#2951);
#2949 = CARTESIAN_POINT('',(697.7,1.1E+03,-1.E-03));
#2950 = DIRECTION('',(-0.,-0.,-1.));
#2951 = DIRECTION('',(1.,0.,0.));
#2952 = DEFINITIONAL_REPRESENTATION('',(#2953),#2957);
#2953 = LINE('',#2954,#2955);
#2954 = CARTESIAN_POINT('',(-6.28318530718,-1.E-03));
#2955 = VECTOR('',#2956,1.);
#2956 = DIRECTION('',(1.,-0.));
#2957 = ( GEOMETRIC_REPRESENTATION_CONTEXT(2) 
PARAMETRIC_REPRESENTATION_CONTEXT() REPRESENTATION_CONTEXT('2D SPACE',''
  ) );
#2958 = FACE_BOUND('',#2959,.F.);
#2959 = EDGE_LOOP('',(#2960));
#2960 = ORIENTED_EDGE('',*,*,#2961,.T.);
#2961 = EDGE_CURVE('',#2962,#2962,#2964,.T.);
#2962 = VERTEX_POINT('',#2963);
#2963 = CARTESIAN_POINT('',(805.7,1.1E+03,0.));
#2964 = SURFACE_CURVE('',#2965,(#2970,#2981),.PCURVE_S1.);
#2965 = CIRCLE('',#2966,8.);
#2966 = AXIS2_PLACEMENT_3D('',#2967,#2968,#2969);
#2967 = CARTESIAN_POINT('',(797.7,1.1E+03,0.));
#2968 = DIRECTION('',(0.,0.,-1.));
#2969 = DIRECTION('',(1.,0.,0.));
#2970 = PCURVE('',#126,#2971);
#2971 = DEFINITIONAL_REPRESENTATION('',(#2972),#2980);
#2972 = ( BOUNDED_CURVE() B_SPLINE_CURVE(2,(#2973,#2974,#2975,#2976,
#2977,#2978,#2979),.UNSPECIFIED.,.T.,.F.) B_SPLINE_CURVE_WITH_KNOTS((1,2
    ,2,2,2,1),(-2.094395102393,0.,2.094395102393,4.188790204786,
6.28318530718,8.377580409573),.UNSPECIFIED.) CURVE() 
GEOMETRIC_REPRESENTATION_ITEM() RATIONAL_B_SPLINE_CURVE((1.,0.5,1.,0.5,
1.,0.5,1.)) REPRESENTATION_ITEM('') );
#2973 = CARTESIAN_POINT('',(325.13822165651,494.07868897172));
#2974 = CARTESIAN_POINT('',(325.13822165651,480.22228251117));
#2975 = CARTESIAN_POINT('',(313.13822165651,487.15048574144));
#2976 = CARTESIAN_POINT('',(301.13822165651,494.07868897172));
#2977 = CARTESIAN_POINT('',(313.13822165651,501.006892202));
#2978 = CARTESIAN_POINT('',(325.13822165651,507.93509543227));
#2979 = CARTESIAN_POINT('',(325.13822165651,494.07868897172));
#2980 = ( GEOMETRIC_REPRESENTATION_CONTEXT(2) 
PARAMETRIC_REPRESENTATION_CONTEXT() REPRESENTATION_CONTEXT('2D SPACE',''
  ) );
#2981 = PCURVE('',#2982,#2987);
#2982 = CYLINDRICAL_SURFACE('',#2983,8.);
#2983 = AXIS2_PLACEMENT_3D('',#2984,#2985,#2986);
#2984 = CARTESIAN_POINT('',(797.7,1.1E+03,-1.E-03));
#2985 = DIRECTION('',(-0.,-0.,-1.));
#2986 = DIRECTION('',(1.,0.,0.));
#2987 = DEFINITIONAL_REPRESENTATION('',(#2988),#2992);
#2988 = LINE('',#2989,#2990);
#2989 = CARTESIAN_POINT('',(-6.28318530718,-1.E-03));
#2990 = VECTOR('',#2991,1.);
#2991 = DIRECTION('',(1.,-0.));
#2992 = ( GEOMETRIC_REPRESENTATION_CONTEXT(2) 
PARAMETRIC_REPRESENTATION_CONTEXT() REPRESENTATION_CONTEXT('2D SPACE',''
  ) );
#2993 = FACE_BOUND('',#2994,.F.);
#2994 = EDGE_LOOP('',(#2995));
#2995 = ORIENTED_EDGE('',*,*,#2996,.T.);
#2996 = EDGE_CURVE('',#2997,#2997,#2999,.T.);
#2997 = VERTEX_POINT('',#2998);
#2998 = CARTESIAN_POINT('',(905.7,1.1E+03,0.));
#2999 = SURFACE_CURVE('',#3000,(#3005,#3016),.PCURVE_S1.);
#3000 = CIRCLE('',#3001,8.);
#3001 = AXIS2_PLACEMENT_3D('',#3002,#3003,#3004);
#3002 = CARTESIAN_POINT('',(897.7,1.1E+03,0.));
#3003 = DIRECTION('',(0.,0.,-1.));
#3004 = DIRECTION('',(1.,0.,0.));
#3005 = PCURVE('',#126,#3006);
#3006 = DEFINITIONAL_REPRESENTATION('',(#3007),#3015);
#3007 = ( BOUNDED_CURVE() B_SPLINE_CURVE(2,(#3008,#3009,#3010,#3011,
#3012,#3013,#3014),.UNSPECIFIED.,.T.,.F.) B_SPLINE_CURVE_WITH_KNOTS((1,2
    ,2,2,2,1),(-2.094395102393,0.,2.094395102393,4.188790204786,
6.28318530718,8.377580409573),.UNSPECIFIED.) CURVE() 
GEOMETRIC_REPRESENTATION_ITEM() RATIONAL_B_SPLINE_CURVE((1.,0.5,1.,0.5,
1.,0.5,1.)) REPRESENTATION_ITEM('') );
#3008 = CARTESIAN_POINT('',(425.13822165651,494.07868897172));
#3009 = CARTESIAN_POINT('',(425.13822165651,480.22228251117));
#3010 = CARTESIAN_POINT('',(413.13822165651,487.15048574144));
#3011 = CARTESIAN_POINT('',(401.13822165651,494.07868897172));
#3012 = CARTESIAN_POINT('',(413.13822165651,501.006892202));
#3013 = CARTESIAN_POINT('',(425.13822165651,507.93509543227));
#3014 = CARTESIAN_POINT('',(425.13822165651,494.07868897172));
#3015 = ( GEOMETRIC_REPRESENTATION_CONTEXT(2) 
PARAMETRIC_REPRESENTATION_CONTEXT() REPRESENTATION_CONTEXT('2D SPACE',''
  ) );
#3016 = PCURVE('',#3017,#3022);
#3017 = CYLINDRICAL_SURFACE('',#3018,8.);
#3018 = AXIS2_PLACEMENT_3D('',#3019,#3020,#3021);
#3019 = CARTESIAN_POINT('',(897.7,1.1E+03,-1.E-03));
#3020 = DIRECTION('',(-0.,-0.,-1.));
#3021 = DIRECTION('',(1.,0.,0.));
#3022 = DEFINITIONAL_REPRESENTATION('',(#3023),#3027);
#3023 = LINE('',#3024,#3025);
#3024 = CARTESIAN_POINT('',(-6.28318530718,-1.E-03));
#3025 = VECTOR('',#3026,1.);
#3026 = DIRECTION('',(1.,-0.));
#3027 = ( GEOMETRIC_REPRESENTATION_CONTEXT(2) 
PARAMETRIC_REPRESENTATION_CONTEXT() REPRESENTATION_CONTEXT('2D SPACE',''
  ) );
#3028 = FACE_BOUND('',#3029,.F.);
#3029 = EDGE_LOOP('',(#3030));
#3030 = ORIENTED_EDGE('',*,*,#3031,.T.);
#3031 = EDGE_CURVE('',#3032,#3032,#3034,.T.);
#3032 = VERTEX_POINT('',#3033);
#3033 = CARTESIAN_POINT('',(857.05,1.1875E+03,0.));
#3034 = SURFACE_CURVE('',#3035,(#3040,#3051),.PCURVE_S1.);
#3035 = CIRCLE('',#3036,2.85);
#3036 = AXIS2_PLACEMENT_3D('',#3037,#3038,#3039);
#3037 = CARTESIAN_POINT('',(854.2,1.1875E+03,0.));
#3038 = DIRECTION('',(0.,0.,-1.));
#3039 = DIRECTION('',(1.,0.,0.));
#3040 = PCURVE('',#126,#3041);
#3041 = DEFINITIONAL_REPRESENTATION('',(#3042),#3050);
#3042 = ( BOUNDED_CURVE() B_SPLINE_CURVE(2,(#3043,#3044,#3045,#3046,
#3047,#3048,#3049),.UNSPECIFIED.,.T.,.F.) B_SPLINE_CURVE_WITH_KNOTS((1,2
    ,2,2,2,1),(-2.094395102393,0.,2.094395102393,4.188790204786,
6.28318530718,8.377580409573),.UNSPECIFIED.) CURVE() 
GEOMETRIC_REPRESENTATION_ITEM() RATIONAL_B_SPLINE_CURVE((1.,0.5,1.,0.5,
1.,0.5,1.)) REPRESENTATION_ITEM('') );
#3043 = CARTESIAN_POINT('',(376.48822165651,581.57868897172));
#3044 = CARTESIAN_POINT('',(376.48822165651,576.64234417015));
#3045 = CARTESIAN_POINT('',(372.21322165651,579.11051657093));
#3046 = CARTESIAN_POINT('',(367.93822165651,581.57868897172));
#3047 = CARTESIAN_POINT('',(372.21322165651,584.04686137251));
#3048 = CARTESIAN_POINT('',(376.48822165651,586.51503377329));
#3049 = CARTESIAN_POINT('',(376.48822165651,581.57868897172));
#3050 = ( GEOMETRIC_REPRESENTATION_CONTEXT(2) 
PARAMETRIC_REPRESENTATION_CONTEXT() REPRESENTATION_CONTEXT('2D SPACE',''
  ) );
#3051 = PCURVE('',#3052,#3057);
#3052 = CYLINDRICAL_SURFACE('',#3053,2.85);
#3053 = AXIS2_PLACEMENT_3D('',#3054,#3055,#3056);
#3054 = CARTESIAN_POINT('',(854.2,1.1875E+03,-1.));
#3055 = DIRECTION('',(-0.,-0.,-1.));
#3056 = DIRECTION('',(1.,0.,0.));
#3057 = DEFINITIONAL_REPRESENTATION('',(#3058),#3062);
#3058 = LINE('',#3059,#3060);
#3059 = CARTESIAN_POINT('',(-6.28318530718,-1.));
#3060 = VECTOR('',#3061,1.);
#3061 = DIRECTION('',(1.,-0.));
#3062 = ( GEOMETRIC_REPRESENTATION_CONTEXT(2) 
PARAMETRIC_REPRESENTATION_CONTEXT() REPRESENTATION_CONTEXT('2D SPACE',''
  ) );
#3063 = ADVANCED_FACE('',(#3064,#3544,#3574,#3609,#3644,#3679,#3709,
    #3744,#3779,#3814,#3844,#3879,#3914,#3949,#3979,#4014,#4044,#4079,
    #4114,#4144,#4179,#4214,#4249,#4284,#4314,#4349,#4384,#4414,#4449,
    #4484,#4514,#4549,#4584,#4619,#4654,#4689,#4724,#4754,#4789,#4824,
    #4854,#4889,#4924,#4959,#4989,#5024,#5059,#5094,#5124,#5159,#5194,
    #5229,#5264,#5299,#5329,#5364,#5399,#5434,#5464,#5499,#5534,#5569),
  #72,.T.);
#3064 = FACE_BOUND('',#3065,.T.);
#3065 = EDGE_LOOP('',(#3066,#3067,#3068,#3069,#3097,#3120,#3143,#3166,
    #3189,#3212,#3245,#3268,#3291,#3314,#3337,#3360,#3383,#3406,#3439,
    #3462,#3495,#3518));
#3066 = ORIENTED_EDGE('',*,*,#242,.T.);
#3067 = ORIENTED_EDGE('',*,*,#56,.T.);
#3068 = ORIENTED_EDGE('',*,*,#291,.T.);
#3069 = ORIENTED_EDGE('',*,*,#3070,.T.);
#3070 = EDGE_CURVE('',#292,#3071,#3073,.T.);
#3071 = VERTEX_POINT('',#3072);
#3072 = CARTESIAN_POINT('',(938.4,352.65941722939,12.7));
#3073 = SURFACE_CURVE('',#3074,(#3079,#3090),.PCURVE_S1.);
#3074 = CIRCLE('',#3075,2.75);
#3075 = AXIS2_PLACEMENT_3D('',#3076,#3077,#3078);
#3076 = CARTESIAN_POINT('',(937.7,350.,12.7));
#3077 = DIRECTION('',(0.,0.,-1.));
#3078 = DIRECTION('',(1.,0.,0.));
#3079 = PCURVE('',#72,#3080);
#3080 = DEFINITIONAL_REPRESENTATION('',(#3081),#3089);
#3081 = ( BOUNDED_CURVE() B_SPLINE_CURVE(2,(#3082,#3083,#3084,#3085,
#3086,#3087,#3088),.UNSPECIFIED.,.T.,.F.) B_SPLINE_CURVE_WITH_KNOTS((1,2
    ,2,2,2,1),(-2.094395102393,0.,2.094395102393,4.188790204786,
6.28318530718,8.377580409573),.UNSPECIFIED.) CURVE() 
GEOMETRIC_REPRESENTATION_ITEM() RATIONAL_B_SPLINE_CURVE((1.,0.5,1.,0.5,
1.,0.5,1.)) REPRESENTATION_ITEM('') );
#3082 = CARTESIAN_POINT('',(459.88822165651,-255.9213110282));
#3083 = CARTESIAN_POINT('',(459.88822165651,-260.684450749));
#3084 = CARTESIAN_POINT('',(455.76322165651,-258.3028808886));
#3085 = CARTESIAN_POINT('',(451.63822165651,-255.9213110282));
#3086 = CARTESIAN_POINT('',(455.76322165651,-253.5397411678));
#3087 = CARTESIAN_POINT('',(459.88822165651,-251.1581713074));
#3088 = CARTESIAN_POINT('',(459.88822165651,-255.9213110282));
#3089 = ( GEOMETRIC_REPRESENTATION_CONTEXT(2) 
PARAMETRIC_REPRESENTATION_CONTEXT() REPRESENTATION_CONTEXT('2D SPACE',''
  ) );
#3090 = PCURVE('',#329,#3091);
#3091 = DEFINITIONAL_REPRESENTATION('',(#3092),#3096);
#3092 = LINE('',#3093,#3094);
#3093 = CARTESIAN_POINT('',(-6.28318530718,-13.7));
#3094 = VECTOR('',#3095,1.);
#3095 = DIRECTION('',(1.,-0.));
#3096 = ( GEOMETRIC_REPRESENTATION_CONTEXT(2) 
PARAMETRIC_REPRESENTATION_CONTEXT() REPRESENTATION_CONTEXT('2D SPACE',''
  ) );
#3097 = ORIENTED_EDGE('',*,*,#3098,.T.);
#3098 = EDGE_CURVE('',#3071,#3099,#3101,.T.);
#3099 = VERTEX_POINT('',#3100);
#3100 = CARTESIAN_POINT('',(938.4,488.5,12.7));
#3101 = SURFACE_CURVE('',#3102,(#3106,#3113),.PCURVE_S1.);
#3102 = LINE('',#3103,#3104);
#3103 = CARTESIAN_POINT('',(938.4,0.,12.7));
#3104 = VECTOR('',#3105,1.);
#3105 = DIRECTION('',(0.,1.,0.));
#3106 = PCURVE('',#72,#3107);
#3107 = DEFINITIONAL_REPRESENTATION('',(#3108),#3112);
#3108 = LINE('',#3109,#3110);
#3109 = CARTESIAN_POINT('',(457.83822165651,-605.9213110282));
#3110 = VECTOR('',#3111,1.);
#3111 = DIRECTION('',(0.,1.));
#3112 = ( GEOMETRIC_REPRESENTATION_CONTEXT(2) 
PARAMETRIC_REPRESENTATION_CONTEXT() REPRESENTATION_CONTEXT('2D SPACE',''
  ) );
#3113 = PCURVE('',#464,#3114);
#3114 = DEFINITIONAL_REPRESENTATION('',(#3115),#3119);
#3115 = LINE('',#3116,#3117);
#3116 = CARTESIAN_POINT('',(0.,-12.7));
#3117 = VECTOR('',#3118,1.);
#3118 = DIRECTION('',(1.,0.));
#3119 = ( GEOMETRIC_REPRESENTATION_CONTEXT(2) 
PARAMETRIC_REPRESENTATION_CONTEXT() REPRESENTATION_CONTEXT('2D SPACE',''
  ) );
#3120 = ORIENTED_EDGE('',*,*,#3121,.T.);
#3121 = EDGE_CURVE('',#3099,#3122,#3124,.T.);
#3122 = VERTEX_POINT('',#3123);
#3123 = CARTESIAN_POINT('',(906.2,488.5,12.7));
#3124 = SURFACE_CURVE('',#3125,(#3129,#3136),.PCURVE_S1.);
#3125 = LINE('',#3126,#3127);
#3126 = CARTESIAN_POINT('',(938.4,488.5,12.7));
#3127 = VECTOR('',#3128,1.);
#3128 = DIRECTION('',(-1.,0.,0.));
#3129 = PCURVE('',#72,#3130);
#3130 = DEFINITIONAL_REPRESENTATION('',(#3131),#3135);
#3131 = LINE('',#3132,#3133);
#3132 = CARTESIAN_POINT('',(457.83822165651,-117.4213110282));
#3133 = VECTOR('',#3134,1.);
#3134 = DIRECTION('',(-1.,0.));
#3135 = ( GEOMETRIC_REPRESENTATION_CONTEXT(2) 
PARAMETRIC_REPRESENTATION_CONTEXT() REPRESENTATION_CONTEXT('2D SPACE',''
  ) );
#3136 = PCURVE('',#492,#3137);
#3137 = DEFINITIONAL_REPRESENTATION('',(#3138),#3142);
#3138 = LINE('',#3139,#3140);
#3139 = CARTESIAN_POINT('',(0.,-12.7));
#3140 = VECTOR('',#3141,1.);
#3141 = DIRECTION('',(1.,0.));
#3142 = ( GEOMETRIC_REPRESENTATION_CONTEXT(2) 
PARAMETRIC_REPRESENTATION_CONTEXT() REPRESENTATION_CONTEXT('2D SPACE',''
  ) );
#3143 = ORIENTED_EDGE('',*,*,#3144,.T.);
#3144 = EDGE_CURVE('',#3122,#3145,#3147,.T.);
#3145 = VERTEX_POINT('',#3146);
#3146 = CARTESIAN_POINT('',(906.2,678.5,12.7));
#3147 = SURFACE_CURVE('',#3148,(#3152,#3159),.PCURVE_S1.);
#3148 = LINE('',#3149,#3150);
#3149 = CARTESIAN_POINT('',(906.2,488.5,12.7));
#3150 = VECTOR('',#3151,1.);
#3151 = DIRECTION('',(0.,1.,0.));
#3152 = PCURVE('',#72,#3153);
#3153 = DEFINITIONAL_REPRESENTATION('',(#3154),#3158);
#3154 = LINE('',#3155,#3156);
#3155 = CARTESIAN_POINT('',(425.63822165651,-117.4213110282));
#3156 = VECTOR('',#3157,1.);
#3157 = DIRECTION('',(0.,1.));
#3158 = ( GEOMETRIC_REPRESENTATION_CONTEXT(2) 
PARAMETRIC_REPRESENTATION_CONTEXT() REPRESENTATION_CONTEXT('2D SPACE',''
  ) );
#3159 = PCURVE('',#520,#3160);
#3160 = DEFINITIONAL_REPRESENTATION('',(#3161),#3165);
#3161 = LINE('',#3162,#3163);
#3162 = CARTESIAN_POINT('',(0.,-12.7));
#3163 = VECTOR('',#3164,1.);
#3164 = DIRECTION('',(1.,0.));
#3165 = ( GEOMETRIC_REPRESENTATION_CONTEXT(2) 
PARAMETRIC_REPRESENTATION_CONTEXT() REPRESENTATION_CONTEXT('2D SPACE',''
  ) );
#3166 = ORIENTED_EDGE('',*,*,#3167,.T.);
#3167 = EDGE_CURVE('',#3145,#3168,#3170,.T.);
#3168 = VERTEX_POINT('',#3169);
#3169 = CARTESIAN_POINT('',(938.4,678.5,12.7));
#3170 = SURFACE_CURVE('',#3171,(#3175,#3182),.PCURVE_S1.);
#3171 = LINE('',#3172,#3173);
#3172 = CARTESIAN_POINT('',(906.2,678.5,12.7));
#3173 = VECTOR('',#3174,1.);
#3174 = DIRECTION('',(1.,0.,0.));
#3175 = PCURVE('',#72,#3176);
#3176 = DEFINITIONAL_REPRESENTATION('',(#3177),#3181);
#3177 = LINE('',#3178,#3179);
#3178 = CARTESIAN_POINT('',(425.63822165651,72.578688971725));
#3179 = VECTOR('',#3180,1.);
#3180 = DIRECTION('',(1.,0.));
#3181 = ( GEOMETRIC_REPRESENTATION_CONTEXT(2) 
PARAMETRIC_REPRESENTATION_CONTEXT() REPRESENTATION_CONTEXT('2D SPACE',''
  ) );
#3182 = PCURVE('',#548,#3183);
#3183 = DEFINITIONAL_REPRESENTATION('',(#3184),#3188);
#3184 = LINE('',#3185,#3186);
#3185 = CARTESIAN_POINT('',(0.,-12.7));
#3186 = VECTOR('',#3187,1.);
#3187 = DIRECTION('',(1.,0.));
#3188 = ( GEOMETRIC_REPRESENTATION_CONTEXT(2) 
PARAMETRIC_REPRESENTATION_CONTEXT() REPRESENTATION_CONTEXT('2D SPACE',''
  ) );
#3189 = ORIENTED_EDGE('',*,*,#3190,.T.);
#3190 = EDGE_CURVE('',#3168,#3191,#3193,.T.);
#3191 = VERTEX_POINT('',#3192);
#3192 = CARTESIAN_POINT('',(938.4,847.34058277056,12.7));
#3193 = SURFACE_CURVE('',#3194,(#3198,#3205),.PCURVE_S1.);
#3194 = LINE('',#3195,#3196);
#3195 = CARTESIAN_POINT('',(938.4,678.5,12.7));
#3196 = VECTOR('',#3197,1.);
#3197 = DIRECTION('',(0.,1.,0.));
#3198 = PCURVE('',#72,#3199);
#3199 = DEFINITIONAL_REPRESENTATION('',(#3200),#3204);
#3200 = LINE('',#3201,#3202);
#3201 = CARTESIAN_POINT('',(457.83822165651,72.578688971725));
#3202 = VECTOR('',#3203,1.);
#3203 = DIRECTION('',(0.,1.));
#3204 = ( GEOMETRIC_REPRESENTATION_CONTEXT(2) 
PARAMETRIC_REPRESENTATION_CONTEXT() REPRESENTATION_CONTEXT('2D SPACE',''
  ) );
#3205 = PCURVE('',#576,#3206);
#3206 = DEFINITIONAL_REPRESENTATION('',(#3207),#3211);
#3207 = LINE('',#3208,#3209);
#3208 = CARTESIAN_POINT('',(0.,-12.7));
#3209 = VECTOR('',#3210,1.);
#3210 = DIRECTION('',(1.,0.));
#3211 = ( GEOMETRIC_REPRESENTATION_CONTEXT(2) 
PARAMETRIC_REPRESENTATION_CONTEXT() REPRESENTATION_CONTEXT('2D SPACE',''
  ) );
#3212 = ORIENTED_EDGE('',*,*,#3213,.T.);
#3213 = EDGE_CURVE('',#3191,#3214,#3216,.T.);
#3214 = VERTEX_POINT('',#3215);
#3215 = CARTESIAN_POINT('',(938.4,852.65941722944,12.7));
#3216 = SURFACE_CURVE('',#3217,(#3222,#3233),.PCURVE_S1.);
#3217 = CIRCLE('',#3218,2.75);
#3218 = AXIS2_PLACEMENT_3D('',#3219,#3220,#3221);
#3219 = CARTESIAN_POINT('',(937.7,850.,12.7));
#3220 = DIRECTION('',(0.,0.,-1.));
#3221 = DIRECTION('',(1.,0.,0.));
#3222 = PCURVE('',#72,#3223);
#3223 = DEFINITIONAL_REPRESENTATION('',(#3224),#3232);
#3224 = ( BOUNDED_CURVE() B_SPLINE_CURVE(2,(#3225,#3226,#3227,#3228,
#3229,#3230,#3231),.UNSPECIFIED.,.T.,.F.) B_SPLINE_CURVE_WITH_KNOTS((1,2
    ,2,2,2,1),(-2.094395102393,0.,2.094395102393,4.188790204786,
6.28318530718,8.377580409573),.UNSPECIFIED.) CURVE() 
GEOMETRIC_REPRESENTATION_ITEM() RATIONAL_B_SPLINE_CURVE((1.,0.5,1.,0.5,
1.,0.5,1.)) REPRESENTATION_ITEM('') );
#3225 = CARTESIAN_POINT('',(459.88822165651,244.07868897172));
#3226 = CARTESIAN_POINT('',(459.88822165651,239.31554925091));
#3227 = CARTESIAN_POINT('',(455.76322165651,241.69711911131));
#3228 = CARTESIAN_POINT('',(451.63822165651,244.07868897172));
#3229 = CARTESIAN_POINT('',(455.76322165651,246.46025883213));
#3230 = CARTESIAN_POINT('',(459.88822165651,248.84182869253));
#3231 = CARTESIAN_POINT('',(459.88822165651,244.07868897172));
#3232 = ( GEOMETRIC_REPRESENTATION_CONTEXT(2) 
PARAMETRIC_REPRESENTATION_CONTEXT() REPRESENTATION_CONTEXT('2D SPACE',''
  ) );
#3233 = PCURVE('',#3234,#3239);
#3234 = CYLINDRICAL_SURFACE('',#3235,2.75);
#3235 = AXIS2_PLACEMENT_3D('',#3236,#3237,#3238);
#3236 = CARTESIAN_POINT('',(937.7,850.,-1.));
#3237 = DIRECTION('',(-0.,-0.,-1.));
#3238 = DIRECTION('',(1.,0.,0.));
#3239 = DEFINITIONAL_REPRESENTATION('',(#3240),#3244);
#3240 = LINE('',#3241,#3242);
#3241 = CARTESIAN_POINT('',(-6.28318530718,-13.7));
#3242 = VECTOR('',#3243,1.);
#3243 = DIRECTION('',(1.,-0.));
#3244 = ( GEOMETRIC_REPRESENTATION_CONTEXT(2) 
PARAMETRIC_REPRESENTATION_CONTEXT() REPRESENTATION_CONTEXT('2D SPACE',''
  ) );
#3245 = ORIENTED_EDGE('',*,*,#3246,.T.);
#3246 = EDGE_CURVE('',#3214,#3247,#3249,.T.);
#3247 = VERTEX_POINT('',#3248);
#3248 = CARTESIAN_POINT('',(938.4,1.0855E+03,12.7));
#3249 = SURFACE_CURVE('',#3250,(#3254,#3261),.PCURVE_S1.);
#3250 = LINE('',#3251,#3252);
#3251 = CARTESIAN_POINT('',(938.4,678.5,12.7));
#3252 = VECTOR('',#3253,1.);
#3253 = DIRECTION('',(0.,1.,0.));
#3254 = PCURVE('',#72,#3255);
#3255 = DEFINITIONAL_REPRESENTATION('',(#3256),#3260);
#3256 = LINE('',#3257,#3258);
#3257 = CARTESIAN_POINT('',(457.83822165651,72.578688971725));
#3258 = VECTOR('',#3259,1.);
#3259 = DIRECTION('',(0.,1.));
#3260 = ( GEOMETRIC_REPRESENTATION_CONTEXT(2) 
PARAMETRIC_REPRESENTATION_CONTEXT() REPRESENTATION_CONTEXT('2D SPACE',''
  ) );
#3261 = PCURVE('',#637,#3262);
#3262 = DEFINITIONAL_REPRESENTATION('',(#3263),#3267);
#3263 = LINE('',#3264,#3265);
#3264 = CARTESIAN_POINT('',(0.,-12.7));
#3265 = VECTOR('',#3266,1.);
#3266 = DIRECTION('',(1.,0.));
#3267 = ( GEOMETRIC_REPRESENTATION_CONTEXT(2) 
PARAMETRIC_REPRESENTATION_CONTEXT() REPRESENTATION_CONTEXT('2D SPACE',''
  ) );
#3268 = ORIENTED_EDGE('',*,*,#3269,.T.);
#3269 = EDGE_CURVE('',#3247,#3270,#3272,.T.);
#3270 = VERTEX_POINT('',#3271);
#3271 = CARTESIAN_POINT('',(906.2,1.0855E+03,12.7));
#3272 = SURFACE_CURVE('',#3273,(#3277,#3284),.PCURVE_S1.);
#3273 = LINE('',#3274,#3275);
#3274 = CARTESIAN_POINT('',(938.4,1.0855E+03,12.7));
#3275 = VECTOR('',#3276,1.);
#3276 = DIRECTION('',(-1.,0.,0.));
#3277 = PCURVE('',#72,#3278);
#3278 = DEFINITIONAL_REPRESENTATION('',(#3279),#3283);
#3279 = LINE('',#3280,#3281);
#3280 = CARTESIAN_POINT('',(457.83822165651,479.57868897172));
#3281 = VECTOR('',#3282,1.);
#3282 = DIRECTION('',(-1.,0.));
#3283 = ( GEOMETRIC_REPRESENTATION_CONTEXT(2) 
PARAMETRIC_REPRESENTATION_CONTEXT() REPRESENTATION_CONTEXT('2D SPACE',''
  ) );
#3284 = PCURVE('',#665,#3285);
#3285 = DEFINITIONAL_REPRESENTATION('',(#3286),#3290);
#3286 = LINE('',#3287,#3288);
#3287 = CARTESIAN_POINT('',(0.,-12.7));
#3288 = VECTOR('',#3289,1.);
#3289 = DIRECTION('',(1.,0.));
#3290 = ( GEOMETRIC_REPRESENTATION_CONTEXT(2) 
PARAMETRIC_REPRESENTATION_CONTEXT() REPRESENTATION_CONTEXT('2D SPACE',''
  ) );
#3291 = ORIENTED_EDGE('',*,*,#3292,.T.);
#3292 = EDGE_CURVE('',#3270,#3293,#3295,.T.);
#3293 = VERTEX_POINT('',#3294);
#3294 = CARTESIAN_POINT('',(906.2,1.1555E+03,12.7));
#3295 = SURFACE_CURVE('',#3296,(#3300,#3307),.PCURVE_S1.);
#3296 = LINE('',#3297,#3298);
#3297 = CARTESIAN_POINT('',(906.2,1.0855E+03,12.7));
#3298 = VECTOR('',#3299,1.);
#3299 = DIRECTION('',(0.,1.,0.));
#3300 = PCURVE('',#72,#3301);
#3301 = DEFINITIONAL_REPRESENTATION('',(#3302),#3306);
#3302 = LINE('',#3303,#3304);
#3303 = CARTESIAN_POINT('',(425.63822165651,479.57868897172));
#3304 = VECTOR('',#3305,1.);
#3305 = DIRECTION('',(0.,1.));
#3306 = ( GEOMETRIC_REPRESENTATION_CONTEXT(2) 
PARAMETRIC_REPRESENTATION_CONTEXT() REPRESENTATION_CONTEXT('2D SPACE',''
  ) );
#3307 = PCURVE('',#693,#3308);
#3308 = DEFINITIONAL_REPRESENTATION('',(#3309),#3313);
#3309 = LINE('',#3310,#3311);
#3310 = CARTESIAN_POINT('',(0.,-12.7));
#3311 = VECTOR('',#3312,1.);
#3312 = DIRECTION('',(1.,0.));
#3313 = ( GEOMETRIC_REPRESENTATION_CONTEXT(2) 
PARAMETRIC_REPRESENTATION_CONTEXT() REPRESENTATION_CONTEXT('2D SPACE',''
  ) );
#3314 = ORIENTED_EDGE('',*,*,#3315,.T.);
#3315 = EDGE_CURVE('',#3293,#3316,#3318,.T.);
#3316 = VERTEX_POINT('',#3317);
#3317 = CARTESIAN_POINT('',(938.4,1.1555E+03,12.7));
#3318 = SURFACE_CURVE('',#3319,(#3323,#3330),.PCURVE_S1.);
#3319 = LINE('',#3320,#3321);
#3320 = CARTESIAN_POINT('',(906.2,1.1555E+03,12.7));
#3321 = VECTOR('',#3322,1.);
#3322 = DIRECTION('',(1.,0.,0.));
#3323 = PCURVE('',#72,#3324);
#3324 = DEFINITIONAL_REPRESENTATION('',(#3325),#3329);
#3325 = LINE('',#3326,#3327);
#3326 = CARTESIAN_POINT('',(425.63822165651,549.57868897172));
#3327 = VECTOR('',#3328,1.);
#3328 = DIRECTION('',(1.,0.));
#3329 = ( GEOMETRIC_REPRESENTATION_CONTEXT(2) 
PARAMETRIC_REPRESENTATION_CONTEXT() REPRESENTATION_CONTEXT('2D SPACE',''
  ) );
#3330 = PCURVE('',#721,#3331);
#3331 = DEFINITIONAL_REPRESENTATION('',(#3332),#3336);
#3332 = LINE('',#3333,#3334);
#3333 = CARTESIAN_POINT('',(0.,-12.7));
#3334 = VECTOR('',#3335,1.);
#3335 = DIRECTION('',(1.,0.));
#3336 = ( GEOMETRIC_REPRESENTATION_CONTEXT(2) 
PARAMETRIC_REPRESENTATION_CONTEXT() REPRESENTATION_CONTEXT('2D SPACE',''
  ) );
#3337 = ORIENTED_EDGE('',*,*,#3338,.T.);
#3338 = EDGE_CURVE('',#3316,#3339,#3341,.T.);
#3339 = VERTEX_POINT('',#3340);
#3340 = CARTESIAN_POINT('',(938.4,1.197E+03,12.7));
#3341 = SURFACE_CURVE('',#3342,(#3346,#3353),.PCURVE_S1.);
#3342 = LINE('',#3343,#3344);
#3343 = CARTESIAN_POINT('',(938.4,1.1555E+03,12.7));
#3344 = VECTOR('',#3345,1.);
#3345 = DIRECTION('',(0.,1.,0.));
#3346 = PCURVE('',#72,#3347);
#3347 = DEFINITIONAL_REPRESENTATION('',(#3348),#3352);
#3348 = LINE('',#3349,#3350);
#3349 = CARTESIAN_POINT('',(457.83822165651,549.57868897172));
#3350 = VECTOR('',#3351,1.);
#3351 = DIRECTION('',(0.,1.));
#3352 = ( GEOMETRIC_REPRESENTATION_CONTEXT(2) 
PARAMETRIC_REPRESENTATION_CONTEXT() REPRESENTATION_CONTEXT('2D SPACE',''
  ) );
#3353 = PCURVE('',#749,#3354);
#3354 = DEFINITIONAL_REPRESENTATION('',(#3355),#3359);
#3355 = LINE('',#3356,#3357);
#3356 = CARTESIAN_POINT('',(0.,-12.7));
#3357 = VECTOR('',#3358,1.);
#3358 = DIRECTION('',(1.,0.));
#3359 = ( GEOMETRIC_REPRESENTATION_CONTEXT(2) 
PARAMETRIC_REPRESENTATION_CONTEXT() REPRESENTATION_CONTEXT('2D SPACE',''
  ) );
#3360 = ORIENTED_EDGE('',*,*,#3361,.T.);
#3361 = EDGE_CURVE('',#3339,#3362,#3364,.T.);
#3362 = VERTEX_POINT('',#3363);
#3363 = CARTESIAN_POINT('',(0.,1.197E+03,12.7));
#3364 = SURFACE_CURVE('',#3365,(#3369,#3376),.PCURVE_S1.);
#3365 = LINE('',#3366,#3367);
#3366 = CARTESIAN_POINT('',(938.4,1.197E+03,12.7));
#3367 = VECTOR('',#3368,1.);
#3368 = DIRECTION('',(-1.,0.,0.));
#3369 = PCURVE('',#72,#3370);
#3370 = DEFINITIONAL_REPRESENTATION('',(#3371),#3375);
#3371 = LINE('',#3372,#3373);
#3372 = CARTESIAN_POINT('',(457.83822165651,591.07868897172));
#3373 = VECTOR('',#3374,1.);
#3374 = DIRECTION('',(-1.,0.));
#3375 = ( GEOMETRIC_REPRESENTATION_CONTEXT(2) 
PARAMETRIC_REPRESENTATION_CONTEXT() REPRESENTATION_CONTEXT('2D SPACE',''
  ) );
#3376 = PCURVE('',#777,#3377);
#3377 = DEFINITIONAL_REPRESENTATION('',(#3378),#3382);
#3378 = LINE('',#3379,#3380);
#3379 = CARTESIAN_POINT('',(0.,-12.7));
#3380 = VECTOR('',#3381,1.);
#3381 = DIRECTION('',(1.,0.));
#3382 = ( GEOMETRIC_REPRESENTATION_CONTEXT(2) 
PARAMETRIC_REPRESENTATION_CONTEXT() REPRESENTATION_CONTEXT('2D SPACE',''
  ) );
#3383 = ORIENTED_EDGE('',*,*,#3384,.T.);
#3384 = EDGE_CURVE('',#3362,#3385,#3387,.T.);
#3385 = VERTEX_POINT('',#3386);
#3386 = CARTESIAN_POINT('',(0.,1.101507481343E+03,12.7));
#3387 = SURFACE_CURVE('',#3388,(#3392,#3399),.PCURVE_S1.);
#3388 = LINE('',#3389,#3390);
#3389 = CARTESIAN_POINT('',(0.,1.197E+03,12.7));
#3390 = VECTOR('',#3391,1.);
#3391 = DIRECTION('',(0.,-1.,0.));
#3392 = PCURVE('',#72,#3393);
#3393 = DEFINITIONAL_REPRESENTATION('',(#3394),#3398);
#3394 = LINE('',#3395,#3396);
#3395 = CARTESIAN_POINT('',(-480.5617783434,591.07868897172));
#3396 = VECTOR('',#3397,1.);
#3397 = DIRECTION('',(0.,-1.));
#3398 = ( GEOMETRIC_REPRESENTATION_CONTEXT(2) 
PARAMETRIC_REPRESENTATION_CONTEXT() REPRESENTATION_CONTEXT('2D SPACE',''
  ) );
#3399 = PCURVE('',#805,#3400);
#3400 = DEFINITIONAL_REPRESENTATION('',(#3401),#3405);
#3401 = LINE('',#3402,#3403);
#3402 = CARTESIAN_POINT('',(0.,-12.7));
#3403 = VECTOR('',#3404,1.);
#3404 = DIRECTION('',(1.,0.));
#3405 = ( GEOMETRIC_REPRESENTATION_CONTEXT(2) 
PARAMETRIC_REPRESENTATION_CONTEXT() REPRESENTATION_CONTEXT('2D SPACE',''
  ) );
#3406 = ORIENTED_EDGE('',*,*,#3407,.T.);
#3407 = EDGE_CURVE('',#3385,#3408,#3410,.T.);
#3408 = VERTEX_POINT('',#3409);
#3409 = CARTESIAN_POINT('',(0.,1.098492518657E+03,12.7));
#3410 = SURFACE_CURVE('',#3411,(#3416,#3427),.PCURVE_S1.);
#3411 = CIRCLE('',#3412,2.75);
#3412 = AXIS2_PLACEMENT_3D('',#3413,#3414,#3415);
#3413 = CARTESIAN_POINT('',(-2.3,1.1E+03,12.7));
#3414 = DIRECTION('',(0.,0.,-1.));
#3415 = DIRECTION('',(0.836363636366,0.548175033876,0.));
#3416 = PCURVE('',#72,#3417);
#3417 = DEFINITIONAL_REPRESENTATION('',(#3418),#3426);
#3418 = ( BOUNDED_CURVE() B_SPLINE_CURVE(2,(#3419,#3420,#3421,#3422,
#3423,#3424,#3425),.UNSPECIFIED.,.T.,.F.) B_SPLINE_CURVE_WITH_KNOTS((1,2
    ,2,2,2,1),(-2.094395102393,0.,2.094395102393,4.188790204786,
6.28318530718,8.377580409573),.UNSPECIFIED.) CURVE() 
GEOMETRIC_REPRESENTATION_ITEM() RATIONAL_B_SPLINE_CURVE((1.,0.5,1.,0.5,
1.,0.5,1.)) REPRESENTATION_ITEM('') );
#3419 = CARTESIAN_POINT('',(-480.5617783434,495.58617031488));
#3420 = CARTESIAN_POINT('',(-477.9507440656,491.60245345746));
#3421 = CARTESIAN_POINT('',(-482.7062612045,491.33308987143));
#3422 = CARTESIAN_POINT('',(-487.4617783434,491.0637262854));
#3423 = CARTESIAN_POINT('',(-485.3172954823,495.31680672885));
#3424 = CARTESIAN_POINT('',(-483.1728126212,499.5698871723));
#3425 = CARTESIAN_POINT('',(-480.5617783434,495.58617031488));
#3426 = ( GEOMETRIC_REPRESENTATION_CONTEXT(2) 
PARAMETRIC_REPRESENTATION_CONTEXT() REPRESENTATION_CONTEXT('2D SPACE',''
  ) );
#3427 = PCURVE('',#3428,#3433);
#3428 = CYLINDRICAL_SURFACE('',#3429,2.75);
#3429 = AXIS2_PLACEMENT_3D('',#3430,#3431,#3432);
#3430 = CARTESIAN_POINT('',(-2.3,1.1E+03,-1.));
#3431 = DIRECTION('',(-0.,-0.,-1.));
#3432 = DIRECTION('',(1.,0.,0.));
#3433 = DEFINITIONAL_REPRESENTATION('',(#3434),#3438);
#3434 = LINE('',#3435,#3436);
#3435 = CARTESIAN_POINT('',(-6.863365956043,-13.7));
#3436 = VECTOR('',#3437,1.);
#3437 = DIRECTION('',(1.,-0.));
#3438 = ( GEOMETRIC_REPRESENTATION_CONTEXT(2) 
PARAMETRIC_REPRESENTATION_CONTEXT() REPRESENTATION_CONTEXT('2D SPACE',''
  ) );
#3439 = ORIENTED_EDGE('',*,*,#3440,.T.);
#3440 = EDGE_CURVE('',#3408,#3441,#3443,.T.);
#3441 = VERTEX_POINT('',#3442);
#3442 = CARTESIAN_POINT('',(0.,601.50748134315,12.7));
#3443 = SURFACE_CURVE('',#3444,(#3448,#3455),.PCURVE_S1.);
#3444 = LINE('',#3445,#3446);
#3445 = CARTESIAN_POINT('',(0.,1.197E+03,12.7));
#3446 = VECTOR('',#3447,1.);
#3447 = DIRECTION('',(0.,-1.,0.));
#3448 = PCURVE('',#72,#3449);
#3449 = DEFINITIONAL_REPRESENTATION('',(#3450),#3454);
#3450 = LINE('',#3451,#3452);
#3451 = CARTESIAN_POINT('',(-480.5617783434,591.07868897172));
#3452 = VECTOR('',#3453,1.);
#3453 = DIRECTION('',(0.,-1.));
#3454 = ( GEOMETRIC_REPRESENTATION_CONTEXT(2) 
PARAMETRIC_REPRESENTATION_CONTEXT() REPRESENTATION_CONTEXT('2D SPACE',''
  ) );
#3455 = PCURVE('',#862,#3456);
#3456 = DEFINITIONAL_REPRESENTATION('',(#3457),#3461);
#3457 = LINE('',#3458,#3459);
#3458 = CARTESIAN_POINT('',(0.,-12.7));
#3459 = VECTOR('',#3460,1.);
#3460 = DIRECTION('',(1.,0.));
#3461 = ( GEOMETRIC_REPRESENTATION_CONTEXT(2) 
PARAMETRIC_REPRESENTATION_CONTEXT() REPRESENTATION_CONTEXT('2D SPACE',''
  ) );
#3462 = ORIENTED_EDGE('',*,*,#3463,.T.);
#3463 = EDGE_CURVE('',#3441,#3464,#3466,.T.);
#3464 = VERTEX_POINT('',#3465);
#3465 = CARTESIAN_POINT('',(0.,598.49251865684,12.7));
#3466 = SURFACE_CURVE('',#3467,(#3472,#3483),.PCURVE_S1.);
#3467 = CIRCLE('',#3468,2.75);
#3468 = AXIS2_PLACEMENT_3D('',#3469,#3470,#3471);
#3469 = CARTESIAN_POINT('',(-2.3,600.,12.7));
#3470 = DIRECTION('',(0.,0.,-1.));
#3471 = DIRECTION('',(0.836363636366,0.548175033876,0.));
#3472 = PCURVE('',#72,#3473);
#3473 = DEFINITIONAL_REPRESENTATION('',(#3474),#3482);
#3474 = ( BOUNDED_CURVE() B_SPLINE_CURVE(2,(#3475,#3476,#3477,#3478,
#3479,#3480,#3481),.UNSPECIFIED.,.T.,.F.) B_SPLINE_CURVE_WITH_KNOTS((1,2
    ,2,2,2,1),(-2.094395102393,0.,2.094395102393,4.188790204786,
6.28318530718,8.377580409573),.UNSPECIFIED.) CURVE() 
GEOMETRIC_REPRESENTATION_ITEM() RATIONAL_B_SPLINE_CURVE((1.,0.5,1.,0.5,
1.,0.5,1.)) REPRESENTATION_ITEM('') );
#3475 = CARTESIAN_POINT('',(-480.5617783434,-4.413829685116));
#3476 = CARTESIAN_POINT('',(-477.9507440656,-8.397546542534));
#3477 = CARTESIAN_POINT('',(-482.7062612045,-8.666910128564));
#3478 = CARTESIAN_POINT('',(-487.4617783434,-8.936273714594));
#3479 = CARTESIAN_POINT('',(-485.3172954823,-4.683193271146));
#3480 = CARTESIAN_POINT('',(-483.1728126212,-0.430112827698));
#3481 = CARTESIAN_POINT('',(-480.5617783434,-4.413829685116));
#3482 = ( GEOMETRIC_REPRESENTATION_CONTEXT(2) 
PARAMETRIC_REPRESENTATION_CONTEXT() REPRESENTATION_CONTEXT('2D SPACE',''
  ) );
#3483 = PCURVE('',#3484,#3489);
#3484 = CYLINDRICAL_SURFACE('',#3485,2.75);
#3485 = AXIS2_PLACEMENT_3D('',#3486,#3487,#3488);
#3486 = CARTESIAN_POINT('',(-2.3,600.,-1.));
#3487 = DIRECTION('',(-0.,-0.,-1.));
#3488 = DIRECTION('',(1.,0.,0.));
#3489 = DEFINITIONAL_REPRESENTATION('',(#3490),#3494);
#3490 = LINE('',#3491,#3492);
#3491 = CARTESIAN_POINT('',(-6.863365956043,-13.7));
#3492 = VECTOR('',#3493,1.);
#3493 = DIRECTION('',(1.,-0.));
#3494 = ( GEOMETRIC_REPRESENTATION_CONTEXT(2) 
PARAMETRIC_REPRESENTATION_CONTEXT() REPRESENTATION_CONTEXT('2D SPACE',''
  ) );
#3495 = ORIENTED_EDGE('',*,*,#3496,.T.);
#3496 = EDGE_CURVE('',#3464,#3497,#3499,.T.);
#3497 = VERTEX_POINT('',#3498);
#3498 = CARTESIAN_POINT('',(0.,101.50748134315,12.7));
#3499 = SURFACE_CURVE('',#3500,(#3504,#3511),.PCURVE_S1.);
#3500 = LINE('',#3501,#3502);
#3501 = CARTESIAN_POINT('',(0.,1.197E+03,12.7));
#3502 = VECTOR('',#3503,1.);
#3503 = DIRECTION('',(0.,-1.,0.));
#3504 = PCURVE('',#72,#3505);
#3505 = DEFINITIONAL_REPRESENTATION('',(#3506),#3510);
#3506 = LINE('',#3507,#3508);
#3507 = CARTESIAN_POINT('',(-480.5617783434,591.07868897172));
#3508 = VECTOR('',#3509,1.);
#3509 = DIRECTION('',(0.,-1.));
#3510 = ( GEOMETRIC_REPRESENTATION_CONTEXT(2) 
PARAMETRIC_REPRESENTATION_CONTEXT() REPRESENTATION_CONTEXT('2D SPACE',''
  ) );
#3511 = PCURVE('',#917,#3512);
#3512 = DEFINITIONAL_REPRESENTATION('',(#3513),#3517);
#3513 = LINE('',#3514,#3515);
#3514 = CARTESIAN_POINT('',(0.,-12.7));
#3515 = VECTOR('',#3516,1.);
#3516 = DIRECTION('',(1.,0.));
#3517 = ( GEOMETRIC_REPRESENTATION_CONTEXT(2) 
PARAMETRIC_REPRESENTATION_CONTEXT() REPRESENTATION_CONTEXT('2D SPACE',''
  ) );
#3518 = ORIENTED_EDGE('',*,*,#3519,.T.);
#3519 = EDGE_CURVE('',#3497,#217,#3520,.T.);
#3520 = SURFACE_CURVE('',#3521,(#3526,#3537),.PCURVE_S1.);
#3521 = CIRCLE('',#3522,2.75);
#3522 = AXIS2_PLACEMENT_3D('',#3523,#3524,#3525);
#3523 = CARTESIAN_POINT('',(-2.3,100.,12.7));
#3524 = DIRECTION('',(0.,0.,-1.));
#3525 = DIRECTION('',(0.836363636366,0.548175033876,0.));
#3526 = PCURVE('',#72,#3527);
#3527 = DEFINITIONAL_REPRESENTATION('',(#3528),#3536);
#3528 = ( BOUNDED_CURVE() B_SPLINE_CURVE(2,(#3529,#3530,#3531,#3532,
#3533,#3534,#3535),.UNSPECIFIED.,.T.,.F.) B_SPLINE_CURVE_WITH_KNOTS((1,2
    ,2,2,2,1),(-2.094395102393,0.,2.094395102393,4.188790204786,
6.28318530718,8.377580409573),.UNSPECIFIED.) CURVE() 
GEOMETRIC_REPRESENTATION_ITEM() RATIONAL_B_SPLINE_CURVE((1.,0.5,1.,0.5,
1.,0.5,1.)) REPRESENTATION_ITEM('') );
#3529 = CARTESIAN_POINT('',(-480.5617783434,-504.4138296851));
#3530 = CARTESIAN_POINT('',(-477.9507440656,-508.3975465425));
#3531 = CARTESIAN_POINT('',(-482.7062612045,-508.6669101285));
#3532 = CARTESIAN_POINT('',(-487.4617783434,-508.9362737145));
#3533 = CARTESIAN_POINT('',(-485.3172954823,-504.6831932711));
#3534 = CARTESIAN_POINT('',(-483.1728126212,-500.4301128276));
#3535 = CARTESIAN_POINT('',(-480.5617783434,-504.4138296851));
#3536 = ( GEOMETRIC_REPRESENTATION_CONTEXT(2) 
PARAMETRIC_REPRESENTATION_CONTEXT() REPRESENTATION_CONTEXT('2D SPACE',''
  ) );
#3537 = PCURVE('',#231,#3538);
#3538 = DEFINITIONAL_REPRESENTATION('',(#3539),#3543);
#3539 = LINE('',#3540,#3541);
#3540 = CARTESIAN_POINT('',(-6.863365956043,-13.7));
#3541 = VECTOR('',#3542,1.);
#3542 = DIRECTION('',(1.,-0.));
#3543 = ( GEOMETRIC_REPRESENTATION_CONTEXT(2) 
PARAMETRIC_REPRESENTATION_CONTEXT() REPRESENTATION_CONTEXT('2D SPACE',''
  ) );
#3544 = FACE_BOUND('',#3545,.T.);
#3545 = EDGE_LOOP('',(#3546));
#3546 = ORIENTED_EDGE('',*,*,#3547,.T.);
#3547 = EDGE_CURVE('',#3548,#3548,#3550,.T.);
#3548 = VERTEX_POINT('',#3549);
#3549 = CARTESIAN_POINT('',(117.05,9.5,12.7));
#3550 = SURFACE_CURVE('',#3551,(#3556,#3567),.PCURVE_S1.);
#3551 = CIRCLE('',#3552,2.85);
#3552 = AXIS2_PLACEMENT_3D('',#3553,#3554,#3555);
#3553 = CARTESIAN_POINT('',(114.2,9.5,12.7));
#3554 = DIRECTION('',(0.,0.,-1.));
#3555 = DIRECTION('',(1.,0.,0.));
#3556 = PCURVE('',#72,#3557);
#3557 = DEFINITIONAL_REPRESENTATION('',(#3558),#3566);
#3558 = ( BOUNDED_CURVE() B_SPLINE_CURVE(2,(#3559,#3560,#3561,#3562,
#3563,#3564,#3565),.UNSPECIFIED.,.T.,.F.) B_SPLINE_CURVE_WITH_KNOTS((1,2
    ,2,2,2,1),(-2.094395102393,0.,2.094395102393,4.188790204786,
6.28318530718,8.377580409573),.UNSPECIFIED.) CURVE() 
GEOMETRIC_REPRESENTATION_ITEM() RATIONAL_B_SPLINE_CURVE((1.,0.5,1.,0.5,
1.,0.5,1.)) REPRESENTATION_ITEM('') );
#3559 = CARTESIAN_POINT('',(-363.5117783434,-596.4213110282));
#3560 = CARTESIAN_POINT('',(-363.5117783434,-601.3576558298));
#3561 = CARTESIAN_POINT('',(-367.7867783434,-598.889483429));
#3562 = CARTESIAN_POINT('',(-372.0617783434,-596.4213110282));
#3563 = CARTESIAN_POINT('',(-367.7867783434,-593.9531386274));
#3564 = CARTESIAN_POINT('',(-363.5117783434,-591.4849662267));
#3565 = CARTESIAN_POINT('',(-363.5117783434,-596.4213110282));
#3566 = ( GEOMETRIC_REPRESENTATION_CONTEXT(2) 
PARAMETRIC_REPRESENTATION_CONTEXT() REPRESENTATION_CONTEXT('2D SPACE',''
  ) );
#3567 = PCURVE('',#952,#3568);
#3568 = DEFINITIONAL_REPRESENTATION('',(#3569),#3573);
#3569 = LINE('',#3570,#3571);
#3570 = CARTESIAN_POINT('',(-6.28318530718,-13.7));
#3571 = VECTOR('',#3572,1.);
#3572 = DIRECTION('',(1.,-0.));
#3573 = ( GEOMETRIC_REPRESENTATION_CONTEXT(2) 
PARAMETRIC_REPRESENTATION_CONTEXT() REPRESENTATION_CONTEXT('2D SPACE',''
  ) );
#3574 = FACE_BOUND('',#3575,.T.);
#3575 = EDGE_LOOP('',(#3576));
#3576 = ORIENTED_EDGE('',*,*,#3577,.T.);
#3577 = EDGE_CURVE('',#3578,#3578,#3580,.T.);
#3578 = VERTEX_POINT('',#3579);
#3579 = CARTESIAN_POINT('',(100.45,100.,12.7));
#3580 = SURFACE_CURVE('',#3581,(#3586,#3597),.PCURVE_S1.);
#3581 = CIRCLE('',#3582,2.75);
#3582 = AXIS2_PLACEMENT_3D('',#3583,#3584,#3585);
#3583 = CARTESIAN_POINT('',(97.7,100.,12.7));
#3584 = DIRECTION('',(0.,0.,-1.));
#3585 = DIRECTION('',(1.,0.,0.));
#3586 = PCURVE('',#72,#3587);
#3587 = DEFINITIONAL_REPRESENTATION('',(#3588),#3596);
#3588 = ( BOUNDED_CURVE() B_SPLINE_CURVE(2,(#3589,#3590,#3591,#3592,
#3593,#3594,#3595),.UNSPECIFIED.,.T.,.F.) B_SPLINE_CURVE_WITH_KNOTS((1,2
    ,2,2,2,1),(-2.094395102393,0.,2.094395102393,4.188790204786,
6.28318530718,8.377580409573),.UNSPECIFIED.) CURVE() 
GEOMETRIC_REPRESENTATION_ITEM() RATIONAL_B_SPLINE_CURVE((1.,0.5,1.,0.5,
1.,0.5,1.)) REPRESENTATION_ITEM('') );
#3589 = CARTESIAN_POINT('',(-380.1117783434,-505.9213110282));
#3590 = CARTESIAN_POINT('',(-380.1117783434,-510.684450749));
#3591 = CARTESIAN_POINT('',(-384.2367783434,-508.3028808886));
#3592 = CARTESIAN_POINT('',(-388.3617783434,-505.9213110282));
#3593 = CARTESIAN_POINT('',(-384.2367783434,-503.5397411678));
#3594 = CARTESIAN_POINT('',(-380.1117783434,-501.1581713074));
#3595 = CARTESIAN_POINT('',(-380.1117783434,-505.9213110282));
#3596 = ( GEOMETRIC_REPRESENTATION_CONTEXT(2) 
PARAMETRIC_REPRESENTATION_CONTEXT() REPRESENTATION_CONTEXT('2D SPACE',''
  ) );
#3597 = PCURVE('',#3598,#3603);
#3598 = CYLINDRICAL_SURFACE('',#3599,2.75);
#3599 = AXIS2_PLACEMENT_3D('',#3600,#3601,#3602);
#3600 = CARTESIAN_POINT('',(97.7,100.,-1.));
#3601 = DIRECTION('',(-0.,-0.,-1.));
#3602 = DIRECTION('',(1.,0.,0.));
#3603 = DEFINITIONAL_REPRESENTATION('',(#3604),#3608);
#3604 = LINE('',#3605,#3606);
#3605 = CARTESIAN_POINT('',(-6.28318530718,-13.7));
#3606 = VECTOR('',#3607,1.);
#3607 = DIRECTION('',(1.,-0.));
#3608 = ( GEOMETRIC_REPRESENTATION_CONTEXT(2) 
PARAMETRIC_REPRESENTATION_CONTEXT() REPRESENTATION_CONTEXT('2D SPACE',''
  ) );
#3609 = FACE_BOUND('',#3610,.T.);
#3610 = EDGE_LOOP('',(#3611));
#3611 = ORIENTED_EDGE('',*,*,#3612,.T.);
#3612 = EDGE_CURVE('',#3613,#3613,#3615,.T.);
#3613 = VERTEX_POINT('',#3614);
#3614 = CARTESIAN_POINT('',(200.45,100.,12.7));
#3615 = SURFACE_CURVE('',#3616,(#3621,#3632),.PCURVE_S1.);
#3616 = CIRCLE('',#3617,2.75);
#3617 = AXIS2_PLACEMENT_3D('',#3618,#3619,#3620);
#3618 = CARTESIAN_POINT('',(197.7,100.,12.7));
#3619 = DIRECTION('',(0.,0.,-1.));
#3620 = DIRECTION('',(1.,0.,0.));
#3621 = PCURVE('',#72,#3622);
#3622 = DEFINITIONAL_REPRESENTATION('',(#3623),#3631);
#3623 = ( BOUNDED_CURVE() B_SPLINE_CURVE(2,(#3624,#3625,#3626,#3627,
#3628,#3629,#3630),.UNSPECIFIED.,.T.,.F.) B_SPLINE_CURVE_WITH_KNOTS((1,2
    ,2,2,2,1),(-2.094395102393,0.,2.094395102393,4.188790204786,
6.28318530718,8.377580409573),.UNSPECIFIED.) CURVE() 
GEOMETRIC_REPRESENTATION_ITEM() RATIONAL_B_SPLINE_CURVE((1.,0.5,1.,0.5,
1.,0.5,1.)) REPRESENTATION_ITEM('') );
#3624 = CARTESIAN_POINT('',(-280.1117783434,-505.9213110282));
#3625 = CARTESIAN_POINT('',(-280.1117783434,-510.684450749));
#3626 = CARTESIAN_POINT('',(-284.2367783434,-508.3028808886));
#3627 = CARTESIAN_POINT('',(-288.3617783434,-505.9213110282));
#3628 = CARTESIAN_POINT('',(-284.2367783434,-503.5397411678));
#3629 = CARTESIAN_POINT('',(-280.1117783434,-501.1581713074));
#3630 = CARTESIAN_POINT('',(-280.1117783434,-505.9213110282));
#3631 = ( GEOMETRIC_REPRESENTATION_CONTEXT(2) 
PARAMETRIC_REPRESENTATION_CONTEXT() REPRESENTATION_CONTEXT('2D SPACE',''
  ) );
#3632 = PCURVE('',#3633,#3638);
#3633 = CYLINDRICAL_SURFACE('',#3634,2.75);
#3634 = AXIS2_PLACEMENT_3D('',#3635,#3636,#3637);
#3635 = CARTESIAN_POINT('',(197.7,100.,-1.));
#3636 = DIRECTION('',(-0.,-0.,-1.));
#3637 = DIRECTION('',(1.,0.,0.));
#3638 = DEFINITIONAL_REPRESENTATION('',(#3639),#3643);
#3639 = LINE('',#3640,#3641);
#3640 = CARTESIAN_POINT('',(-6.28318530718,-13.7));
#3641 = VECTOR('',#3642,1.);
#3642 = DIRECTION('',(1.,-0.));
#3643 = ( GEOMETRIC_REPRESENTATION_CONTEXT(2) 
PARAMETRIC_REPRESENTATION_CONTEXT() REPRESENTATION_CONTEXT('2D SPACE',''
  ) );
#3644 = FACE_BOUND('',#3645,.T.);
#3645 = EDGE_LOOP('',(#3646));
#3646 = ORIENTED_EDGE('',*,*,#3647,.T.);
#3647 = EDGE_CURVE('',#3648,#3648,#3650,.T.);
#3648 = VERTEX_POINT('',#3649);
#3649 = CARTESIAN_POINT('',(300.45,100.,12.7));
#3650 = SURFACE_CURVE('',#3651,(#3656,#3667),.PCURVE_S1.);
#3651 = CIRCLE('',#3652,2.75);
#3652 = AXIS2_PLACEMENT_3D('',#3653,#3654,#3655);
#3653 = CARTESIAN_POINT('',(297.7,100.,12.7));
#3654 = DIRECTION('',(0.,0.,-1.));
#3655 = DIRECTION('',(1.,0.,0.));
#3656 = PCURVE('',#72,#3657);
#3657 = DEFINITIONAL_REPRESENTATION('',(#3658),#3666);
#3658 = ( BOUNDED_CURVE() B_SPLINE_CURVE(2,(#3659,#3660,#3661,#3662,
#3663,#3664,#3665),.UNSPECIFIED.,.T.,.F.) B_SPLINE_CURVE_WITH_KNOTS((1,2
    ,2,2,2,1),(-2.094395102393,0.,2.094395102393,4.188790204786,
6.28318530718,8.377580409573),.UNSPECIFIED.) CURVE() 
GEOMETRIC_REPRESENTATION_ITEM() RATIONAL_B_SPLINE_CURVE((1.,0.5,1.,0.5,
1.,0.5,1.)) REPRESENTATION_ITEM('') );
#3659 = CARTESIAN_POINT('',(-180.1117783434,-505.9213110282));
#3660 = CARTESIAN_POINT('',(-180.1117783434,-510.684450749));
#3661 = CARTESIAN_POINT('',(-184.2367783434,-508.3028808886));
#3662 = CARTESIAN_POINT('',(-188.3617783434,-505.9213110282));
#3663 = CARTESIAN_POINT('',(-184.2367783434,-503.5397411678));
#3664 = CARTESIAN_POINT('',(-180.1117783434,-501.1581713074));
#3665 = CARTESIAN_POINT('',(-180.1117783434,-505.9213110282));
#3666 = ( GEOMETRIC_REPRESENTATION_CONTEXT(2) 
PARAMETRIC_REPRESENTATION_CONTEXT() REPRESENTATION_CONTEXT('2D SPACE',''
  ) );
#3667 = PCURVE('',#3668,#3673);
#3668 = CYLINDRICAL_SURFACE('',#3669,2.75);
#3669 = AXIS2_PLACEMENT_3D('',#3670,#3671,#3672);
#3670 = CARTESIAN_POINT('',(297.7,100.,-1.));
#3671 = DIRECTION('',(-0.,-0.,-1.));
#3672 = DIRECTION('',(1.,0.,0.));
#3673 = DEFINITIONAL_REPRESENTATION('',(#3674),#3678);
#3674 = LINE('',#3675,#3676);
#3675 = CARTESIAN_POINT('',(-6.28318530718,-13.7));
#3676 = VECTOR('',#3677,1.);
#3677 = DIRECTION('',(1.,-0.));
#3678 = ( GEOMETRIC_REPRESENTATION_CONTEXT(2) 
PARAMETRIC_REPRESENTATION_CONTEXT() REPRESENTATION_CONTEXT('2D SPACE',''
  ) );
#3679 = FACE_BOUND('',#3680,.T.);
#3680 = EDGE_LOOP('',(#3681));
#3681 = ORIENTED_EDGE('',*,*,#3682,.T.);
#3682 = EDGE_CURVE('',#3683,#3683,#3685,.T.);
#3683 = VERTEX_POINT('',#3684);
#3684 = CARTESIAN_POINT('',(377.05,9.5,12.7));
#3685 = SURFACE_CURVE('',#3686,(#3691,#3702),.PCURVE_S1.);
#3686 = CIRCLE('',#3687,2.85);
#3687 = AXIS2_PLACEMENT_3D('',#3688,#3689,#3690);
#3688 = CARTESIAN_POINT('',(374.2,9.5,12.7));
#3689 = DIRECTION('',(0.,0.,-1.));
#3690 = DIRECTION('',(1.,0.,0.));
#3691 = PCURVE('',#72,#3692);
#3692 = DEFINITIONAL_REPRESENTATION('',(#3693),#3701);
#3693 = ( BOUNDED_CURVE() B_SPLINE_CURVE(2,(#3694,#3695,#3696,#3697,
#3698,#3699,#3700),.UNSPECIFIED.,.T.,.F.) B_SPLINE_CURVE_WITH_KNOTS((1,2
    ,2,2,2,1),(-2.094395102393,0.,2.094395102393,4.188790204786,
6.28318530718,8.377580409573),.UNSPECIFIED.) CURVE() 
GEOMETRIC_REPRESENTATION_ITEM() RATIONAL_B_SPLINE_CURVE((1.,0.5,1.,0.5,
1.,0.5,1.)) REPRESENTATION_ITEM('') );
#3694 = CARTESIAN_POINT('',(-103.5117783434,-596.4213110282));
#3695 = CARTESIAN_POINT('',(-103.5117783434,-601.3576558298));
#3696 = CARTESIAN_POINT('',(-107.7867783434,-598.889483429));
#3697 = CARTESIAN_POINT('',(-112.0617783434,-596.4213110282));
#3698 = CARTESIAN_POINT('',(-107.7867783434,-593.9531386274));
#3699 = CARTESIAN_POINT('',(-103.5117783434,-591.4849662267));
#3700 = CARTESIAN_POINT('',(-103.5117783434,-596.4213110282));
#3701 = ( GEOMETRIC_REPRESENTATION_CONTEXT(2) 
PARAMETRIC_REPRESENTATION_CONTEXT() REPRESENTATION_CONTEXT('2D SPACE',''
  ) );
#3702 = PCURVE('',#1092,#3703);
#3703 = DEFINITIONAL_REPRESENTATION('',(#3704),#3708);
#3704 = LINE('',#3705,#3706);
#3705 = CARTESIAN_POINT('',(-6.28318530718,-13.7));
#3706 = VECTOR('',#3707,1.);
#3707 = DIRECTION('',(1.,-0.));
#3708 = ( GEOMETRIC_REPRESENTATION_CONTEXT(2) 
PARAMETRIC_REPRESENTATION_CONTEXT() REPRESENTATION_CONTEXT('2D SPACE',''
  ) );
#3709 = FACE_BOUND('',#3710,.T.);
#3710 = EDGE_LOOP('',(#3711));
#3711 = ORIENTED_EDGE('',*,*,#3712,.T.);
#3712 = EDGE_CURVE('',#3713,#3713,#3715,.T.);
#3713 = VERTEX_POINT('',#3714);
#3714 = CARTESIAN_POINT('',(400.45,100.,12.7));
#3715 = SURFACE_CURVE('',#3716,(#3721,#3732),.PCURVE_S1.);
#3716 = CIRCLE('',#3717,2.75);
#3717 = AXIS2_PLACEMENT_3D('',#3718,#3719,#3720);
#3718 = CARTESIAN_POINT('',(397.7,100.,12.7));
#3719 = DIRECTION('',(0.,0.,-1.));
#3720 = DIRECTION('',(1.,0.,0.));
#3721 = PCURVE('',#72,#3722);
#3722 = DEFINITIONAL_REPRESENTATION('',(#3723),#3731);
#3723 = ( BOUNDED_CURVE() B_SPLINE_CURVE(2,(#3724,#3725,#3726,#3727,
#3728,#3729,#3730),.UNSPECIFIED.,.T.,.F.) B_SPLINE_CURVE_WITH_KNOTS((1,2
    ,2,2,2,1),(-2.094395102393,0.,2.094395102393,4.188790204786,
6.28318530718,8.377580409573),.UNSPECIFIED.) CURVE() 
GEOMETRIC_REPRESENTATION_ITEM() RATIONAL_B_SPLINE_CURVE((1.,0.5,1.,0.5,
1.,0.5,1.)) REPRESENTATION_ITEM('') );
#3724 = CARTESIAN_POINT('',(-80.11177834348,-505.9213110282));
#3725 = CARTESIAN_POINT('',(-80.11177834348,-510.684450749));
#3726 = CARTESIAN_POINT('',(-84.23677834348,-508.3028808886));
#3727 = CARTESIAN_POINT('',(-88.36177834348,-505.9213110282));
#3728 = CARTESIAN_POINT('',(-84.23677834348,-503.5397411678));
#3729 = CARTESIAN_POINT('',(-80.11177834348,-501.1581713074));
#3730 = CARTESIAN_POINT('',(-80.11177834348,-505.9213110282));
#3731 = ( GEOMETRIC_REPRESENTATION_CONTEXT(2) 
PARAMETRIC_REPRESENTATION_CONTEXT() REPRESENTATION_CONTEXT('2D SPACE',''
  ) );
#3732 = PCURVE('',#3733,#3738);
#3733 = CYLINDRICAL_SURFACE('',#3734,2.75);
#3734 = AXIS2_PLACEMENT_3D('',#3735,#3736,#3737);
#3735 = CARTESIAN_POINT('',(397.7,100.,-1.));
#3736 = DIRECTION('',(-0.,-0.,-1.));
#3737 = DIRECTION('',(1.,0.,0.));
#3738 = DEFINITIONAL_REPRESENTATION('',(#3739),#3743);
#3739 = LINE('',#3740,#3741);
#3740 = CARTESIAN_POINT('',(-6.28318530718,-13.7));
#3741 = VECTOR('',#3742,1.);
#3742 = DIRECTION('',(1.,-0.));
#3743 = ( GEOMETRIC_REPRESENTATION_CONTEXT(2) 
PARAMETRIC_REPRESENTATION_CONTEXT() REPRESENTATION_CONTEXT('2D SPACE',''
  ) );
#3744 = FACE_BOUND('',#3745,.T.);
#3745 = EDGE_LOOP('',(#3746));
#3746 = ORIENTED_EDGE('',*,*,#3747,.T.);
#3747 = EDGE_CURVE('',#3748,#3748,#3750,.T.);
#3748 = VERTEX_POINT('',#3749);
#3749 = CARTESIAN_POINT('',(40.45,350.,12.7));
#3750 = SURFACE_CURVE('',#3751,(#3756,#3767),.PCURVE_S1.);
#3751 = CIRCLE('',#3752,2.75);
#3752 = AXIS2_PLACEMENT_3D('',#3753,#3754,#3755);
#3753 = CARTESIAN_POINT('',(37.7,350.,12.7));
#3754 = DIRECTION('',(0.,0.,-1.));
#3755 = DIRECTION('',(1.,0.,0.));
#3756 = PCURVE('',#72,#3757);
#3757 = DEFINITIONAL_REPRESENTATION('',(#3758),#3766);
#3758 = ( BOUNDED_CURVE() B_SPLINE_CURVE(2,(#3759,#3760,#3761,#3762,
#3763,#3764,#3765),.UNSPECIFIED.,.T.,.F.) B_SPLINE_CURVE_WITH_KNOTS((1,2
    ,2,2,2,1),(-2.094395102393,0.,2.094395102393,4.188790204786,
6.28318530718,8.377580409573),.UNSPECIFIED.) CURVE() 
GEOMETRIC_REPRESENTATION_ITEM() RATIONAL_B_SPLINE_CURVE((1.,0.5,1.,0.5,
1.,0.5,1.)) REPRESENTATION_ITEM('') );
#3759 = CARTESIAN_POINT('',(-440.1117783434,-255.9213110282));
#3760 = CARTESIAN_POINT('',(-440.1117783434,-260.684450749));
#3761 = CARTESIAN_POINT('',(-444.2367783434,-258.3028808886));
#3762 = CARTESIAN_POINT('',(-448.3617783434,-255.9213110282));
#3763 = CARTESIAN_POINT('',(-444.2367783434,-253.5397411678));
#3764 = CARTESIAN_POINT('',(-440.1117783434,-251.1581713074));
#3765 = CARTESIAN_POINT('',(-440.1117783434,-255.9213110282));
#3766 = ( GEOMETRIC_REPRESENTATION_CONTEXT(2) 
PARAMETRIC_REPRESENTATION_CONTEXT() REPRESENTATION_CONTEXT('2D SPACE',''
  ) );
#3767 = PCURVE('',#3768,#3773);
#3768 = CYLINDRICAL_SURFACE('',#3769,2.75);
#3769 = AXIS2_PLACEMENT_3D('',#3770,#3771,#3772);
#3770 = CARTESIAN_POINT('',(37.7,350.,-1.));
#3771 = DIRECTION('',(-0.,-0.,-1.));
#3772 = DIRECTION('',(1.,0.,0.));
#3773 = DEFINITIONAL_REPRESENTATION('',(#3774),#3778);
#3774 = LINE('',#3775,#3776);
#3775 = CARTESIAN_POINT('',(-6.28318530718,-13.7));
#3776 = VECTOR('',#3777,1.);
#3777 = DIRECTION('',(1.,-0.));
#3778 = ( GEOMETRIC_REPRESENTATION_CONTEXT(2) 
PARAMETRIC_REPRESENTATION_CONTEXT() REPRESENTATION_CONTEXT('2D SPACE',''
  ) );
#3779 = FACE_BOUND('',#3780,.T.);
#3780 = EDGE_LOOP('',(#3781));
#3781 = ORIENTED_EDGE('',*,*,#3782,.T.);
#3782 = EDGE_CURVE('',#3783,#3783,#3785,.T.);
#3783 = VERTEX_POINT('',#3784);
#3784 = CARTESIAN_POINT('',(140.45,350.,12.7));
#3785 = SURFACE_CURVE('',#3786,(#3791,#3802),.PCURVE_S1.);
#3786 = CIRCLE('',#3787,2.75);
#3787 = AXIS2_PLACEMENT_3D('',#3788,#3789,#3790);
#3788 = CARTESIAN_POINT('',(137.7,350.,12.7));
#3789 = DIRECTION('',(0.,0.,-1.));
#3790 = DIRECTION('',(1.,0.,0.));
#3791 = PCURVE('',#72,#3792);
#3792 = DEFINITIONAL_REPRESENTATION('',(#3793),#3801);
#3793 = ( BOUNDED_CURVE() B_SPLINE_CURVE(2,(#3794,#3795,#3796,#3797,
#3798,#3799,#3800),.UNSPECIFIED.,.T.,.F.) B_SPLINE_CURVE_WITH_KNOTS((1,2
    ,2,2,2,1),(-2.094395102393,0.,2.094395102393,4.188790204786,
6.28318530718,8.377580409573),.UNSPECIFIED.) CURVE() 
GEOMETRIC_REPRESENTATION_ITEM() RATIONAL_B_SPLINE_CURVE((1.,0.5,1.,0.5,
1.,0.5,1.)) REPRESENTATION_ITEM('') );
#3794 = CARTESIAN_POINT('',(-340.1117783434,-255.9213110282));
#3795 = CARTESIAN_POINT('',(-340.1117783434,-260.684450749));
#3796 = CARTESIAN_POINT('',(-344.2367783434,-258.3028808886));
#3797 = CARTESIAN_POINT('',(-348.3617783434,-255.9213110282));
#3798 = CARTESIAN_POINT('',(-344.2367783434,-253.5397411678));
#3799 = CARTESIAN_POINT('',(-340.1117783434,-251.1581713074));
#3800 = CARTESIAN_POINT('',(-340.1117783434,-255.9213110282));
#3801 = ( GEOMETRIC_REPRESENTATION_CONTEXT(2) 
PARAMETRIC_REPRESENTATION_CONTEXT() REPRESENTATION_CONTEXT('2D SPACE',''
  ) );
#3802 = PCURVE('',#3803,#3808);
#3803 = CYLINDRICAL_SURFACE('',#3804,2.75);
#3804 = AXIS2_PLACEMENT_3D('',#3805,#3806,#3807);
#3805 = CARTESIAN_POINT('',(137.7,350.,-1.));
#3806 = DIRECTION('',(-0.,-0.,-1.));
#3807 = DIRECTION('',(1.,0.,0.));
#3808 = DEFINITIONAL_REPRESENTATION('',(#3809),#3813);
#3809 = LINE('',#3810,#3811);
#3810 = CARTESIAN_POINT('',(-6.28318530718,-13.7));
#3811 = VECTOR('',#3812,1.);
#3812 = DIRECTION('',(1.,-0.));
#3813 = ( GEOMETRIC_REPRESENTATION_CONTEXT(2) 
PARAMETRIC_REPRESENTATION_CONTEXT() REPRESENTATION_CONTEXT('2D SPACE',''
  ) );
#3814 = FACE_BOUND('',#3815,.T.);
#3815 = EDGE_LOOP('',(#3816));
#3816 = ORIENTED_EDGE('',*,*,#3817,.T.);
#3817 = EDGE_CURVE('',#3818,#3818,#3820,.T.);
#3818 = VERTEX_POINT('',#3819);
#3819 = CARTESIAN_POINT('',(117.05,398.5,12.7));
#3820 = SURFACE_CURVE('',#3821,(#3826,#3837),.PCURVE_S1.);
#3821 = CIRCLE('',#3822,2.85);
#3822 = AXIS2_PLACEMENT_3D('',#3823,#3824,#3825);
#3823 = CARTESIAN_POINT('',(114.2,398.5,12.7));
#3824 = DIRECTION('',(0.,0.,-1.));
#3825 = DIRECTION('',(1.,0.,0.));
#3826 = PCURVE('',#72,#3827);
#3827 = DEFINITIONAL_REPRESENTATION('',(#3828),#3836);
#3828 = ( BOUNDED_CURVE() B_SPLINE_CURVE(2,(#3829,#3830,#3831,#3832,
#3833,#3834,#3835),.UNSPECIFIED.,.T.,.F.) B_SPLINE_CURVE_WITH_KNOTS((1,2
    ,2,2,2,1),(-2.094395102393,0.,2.094395102393,4.188790204786,
6.28318530718,8.377580409573),.UNSPECIFIED.) CURVE() 
GEOMETRIC_REPRESENTATION_ITEM() RATIONAL_B_SPLINE_CURVE((1.,0.5,1.,0.5,
1.,0.5,1.)) REPRESENTATION_ITEM('') );
#3829 = CARTESIAN_POINT('',(-363.5117783434,-207.4213110282));
#3830 = CARTESIAN_POINT('',(-363.5117783434,-212.3576558298));
#3831 = CARTESIAN_POINT('',(-367.7867783434,-209.889483429));
#3832 = CARTESIAN_POINT('',(-372.0617783434,-207.4213110282));
#3833 = CARTESIAN_POINT('',(-367.7867783434,-204.9531386274));
#3834 = CARTESIAN_POINT('',(-363.5117783434,-202.4849662267));
#3835 = CARTESIAN_POINT('',(-363.5117783434,-207.4213110282));
#3836 = ( GEOMETRIC_REPRESENTATION_CONTEXT(2) 
PARAMETRIC_REPRESENTATION_CONTEXT() REPRESENTATION_CONTEXT('2D SPACE',''
  ) );
#3837 = PCURVE('',#1232,#3838);
#3838 = DEFINITIONAL_REPRESENTATION('',(#3839),#3843);
#3839 = LINE('',#3840,#3841);
#3840 = CARTESIAN_POINT('',(-6.28318530718,-13.7));
#3841 = VECTOR('',#3842,1.);
#3842 = DIRECTION('',(1.,-0.));
#3843 = ( GEOMETRIC_REPRESENTATION_CONTEXT(2) 
PARAMETRIC_REPRESENTATION_CONTEXT() REPRESENTATION_CONTEXT('2D SPACE',''
  ) );
#3844 = FACE_BOUND('',#3845,.T.);
#3845 = EDGE_LOOP('',(#3846));
#3846 = ORIENTED_EDGE('',*,*,#3847,.T.);
#3847 = EDGE_CURVE('',#3848,#3848,#3850,.T.);
#3848 = VERTEX_POINT('',#3849);
#3849 = CARTESIAN_POINT('',(240.45,350.,12.7));
#3850 = SURFACE_CURVE('',#3851,(#3856,#3867),.PCURVE_S1.);
#3851 = CIRCLE('',#3852,2.75);
#3852 = AXIS2_PLACEMENT_3D('',#3853,#3854,#3855);
#3853 = CARTESIAN_POINT('',(237.7,350.,12.7));
#3854 = DIRECTION('',(0.,0.,-1.));
#3855 = DIRECTION('',(1.,0.,0.));
#3856 = PCURVE('',#72,#3857);
#3857 = DEFINITIONAL_REPRESENTATION('',(#3858),#3866);
#3858 = ( BOUNDED_CURVE() B_SPLINE_CURVE(2,(#3859,#3860,#3861,#3862,
#3863,#3864,#3865),.UNSPECIFIED.,.T.,.F.) B_SPLINE_CURVE_WITH_KNOTS((1,2
    ,2,2,2,1),(-2.094395102393,0.,2.094395102393,4.188790204786,
6.28318530718,8.377580409573),.UNSPECIFIED.) CURVE() 
GEOMETRIC_REPRESENTATION_ITEM() RATIONAL_B_SPLINE_CURVE((1.,0.5,1.,0.5,
1.,0.5,1.)) REPRESENTATION_ITEM('') );
#3859 = CARTESIAN_POINT('',(-240.1117783434,-255.9213110282));
#3860 = CARTESIAN_POINT('',(-240.1117783434,-260.684450749));
#3861 = CARTESIAN_POINT('',(-244.2367783434,-258.3028808886));
#3862 = CARTESIAN_POINT('',(-248.3617783434,-255.9213110282));
#3863 = CARTESIAN_POINT('',(-244.2367783434,-253.5397411678));
#3864 = CARTESIAN_POINT('',(-240.1117783434,-251.1581713074));
#3865 = CARTESIAN_POINT('',(-240.1117783434,-255.9213110282));
#3866 = ( GEOMETRIC_REPRESENTATION_CONTEXT(2) 
PARAMETRIC_REPRESENTATION_CONTEXT() REPRESENTATION_CONTEXT('2D SPACE',''
  ) );
#3867 = PCURVE('',#3868,#3873);
#3868 = CYLINDRICAL_SURFACE('',#3869,2.75);
#3869 = AXIS2_PLACEMENT_3D('',#3870,#3871,#3872);
#3870 = CARTESIAN_POINT('',(237.7,350.,-1.));
#3871 = DIRECTION('',(-0.,-0.,-1.));
#3872 = DIRECTION('',(1.,0.,0.));
#3873 = DEFINITIONAL_REPRESENTATION('',(#3874),#3878);
#3874 = LINE('',#3875,#3876);
#3875 = CARTESIAN_POINT('',(-6.28318530718,-13.7));
#3876 = VECTOR('',#3877,1.);
#3877 = DIRECTION('',(1.,-0.));
#3878 = ( GEOMETRIC_REPRESENTATION_CONTEXT(2) 
PARAMETRIC_REPRESENTATION_CONTEXT() REPRESENTATION_CONTEXT('2D SPACE',''
  ) );
#3879 = FACE_BOUND('',#3880,.T.);
#3880 = EDGE_LOOP('',(#3881));
#3881 = ORIENTED_EDGE('',*,*,#3882,.T.);
#3882 = EDGE_CURVE('',#3883,#3883,#3885,.T.);
#3883 = VERTEX_POINT('',#3884);
#3884 = CARTESIAN_POINT('',(340.45,350.,12.7));
#3885 = SURFACE_CURVE('',#3886,(#3891,#3902),.PCURVE_S1.);
#3886 = CIRCLE('',#3887,2.75);
#3887 = AXIS2_PLACEMENT_3D('',#3888,#3889,#3890);
#3888 = CARTESIAN_POINT('',(337.7,350.,12.7));
#3889 = DIRECTION('',(0.,0.,-1.));
#3890 = DIRECTION('',(1.,0.,0.));
#3891 = PCURVE('',#72,#3892);
#3892 = DEFINITIONAL_REPRESENTATION('',(#3893),#3901);
#3893 = ( BOUNDED_CURVE() B_SPLINE_CURVE(2,(#3894,#3895,#3896,#3897,
#3898,#3899,#3900),.UNSPECIFIED.,.T.,.F.) B_SPLINE_CURVE_WITH_KNOTS((1,2
    ,2,2,2,1),(-2.094395102393,0.,2.094395102393,4.188790204786,
6.28318530718,8.377580409573),.UNSPECIFIED.) CURVE() 
GEOMETRIC_REPRESENTATION_ITEM() RATIONAL_B_SPLINE_CURVE((1.,0.5,1.,0.5,
1.,0.5,1.)) REPRESENTATION_ITEM('') );
#3894 = CARTESIAN_POINT('',(-140.1117783434,-255.9213110282));
#3895 = CARTESIAN_POINT('',(-140.1117783434,-260.684450749));
#3896 = CARTESIAN_POINT('',(-144.2367783434,-258.3028808886));
#3897 = CARTESIAN_POINT('',(-148.3617783434,-255.9213110282));
#3898 = CARTESIAN_POINT('',(-144.2367783434,-253.5397411678));
#3899 = CARTESIAN_POINT('',(-140.1117783434,-251.1581713074));
#3900 = CARTESIAN_POINT('',(-140.1117783434,-255.9213110282));
#3901 = ( GEOMETRIC_REPRESENTATION_CONTEXT(2) 
PARAMETRIC_REPRESENTATION_CONTEXT() REPRESENTATION_CONTEXT('2D SPACE',''
  ) );
#3902 = PCURVE('',#3903,#3908);
#3903 = CYLINDRICAL_SURFACE('',#3904,2.75);
#3904 = AXIS2_PLACEMENT_3D('',#3905,#3906,#3907);
#3905 = CARTESIAN_POINT('',(337.7,350.,-1.));
#3906 = DIRECTION('',(-0.,-0.,-1.));
#3907 = DIRECTION('',(1.,0.,0.));
#3908 = DEFINITIONAL_REPRESENTATION('',(#3909),#3913);
#3909 = LINE('',#3910,#3911);
#3910 = CARTESIAN_POINT('',(-6.28318530718,-13.7));
#3911 = VECTOR('',#3912,1.);
#3912 = DIRECTION('',(1.,-0.));
#3913 = ( GEOMETRIC_REPRESENTATION_CONTEXT(2) 
PARAMETRIC_REPRESENTATION_CONTEXT() REPRESENTATION_CONTEXT('2D SPACE',''
  ) );
#3914 = FACE_BOUND('',#3915,.T.);
#3915 = EDGE_LOOP('',(#3916));
#3916 = ORIENTED_EDGE('',*,*,#3917,.T.);
#3917 = EDGE_CURVE('',#3918,#3918,#3920,.T.);
#3918 = VERTEX_POINT('',#3919);
#3919 = CARTESIAN_POINT('',(440.45,350.,12.7));
#3920 = SURFACE_CURVE('',#3921,(#3926,#3937),.PCURVE_S1.);
#3921 = CIRCLE('',#3922,2.75);
#3922 = AXIS2_PLACEMENT_3D('',#3923,#3924,#3925);
#3923 = CARTESIAN_POINT('',(437.7,350.,12.7));
#3924 = DIRECTION('',(0.,0.,-1.));
#3925 = DIRECTION('',(1.,0.,0.));
#3926 = PCURVE('',#72,#3927);
#3927 = DEFINITIONAL_REPRESENTATION('',(#3928),#3936);
#3928 = ( BOUNDED_CURVE() B_SPLINE_CURVE(2,(#3929,#3930,#3931,#3932,
#3933,#3934,#3935),.UNSPECIFIED.,.T.,.F.) B_SPLINE_CURVE_WITH_KNOTS((1,2
    ,2,2,2,1),(-2.094395102393,0.,2.094395102393,4.188790204786,
6.28318530718,8.377580409573),.UNSPECIFIED.) CURVE() 
GEOMETRIC_REPRESENTATION_ITEM() RATIONAL_B_SPLINE_CURVE((1.,0.5,1.,0.5,
1.,0.5,1.)) REPRESENTATION_ITEM('') );
#3929 = CARTESIAN_POINT('',(-40.11177834348,-255.9213110282));
#3930 = CARTESIAN_POINT('',(-40.11177834348,-260.684450749));
#3931 = CARTESIAN_POINT('',(-44.23677834348,-258.3028808886));
#3932 = CARTESIAN_POINT('',(-48.36177834348,-255.9213110282));
#3933 = CARTESIAN_POINT('',(-44.23677834348,-253.5397411678));
#3934 = CARTESIAN_POINT('',(-40.11177834348,-251.1581713074));
#3935 = CARTESIAN_POINT('',(-40.11177834348,-255.9213110282));
#3936 = ( GEOMETRIC_REPRESENTATION_CONTEXT(2) 
PARAMETRIC_REPRESENTATION_CONTEXT() REPRESENTATION_CONTEXT('2D SPACE',''
  ) );
#3937 = PCURVE('',#3938,#3943);
#3938 = CYLINDRICAL_SURFACE('',#3939,2.75);
#3939 = AXIS2_PLACEMENT_3D('',#3940,#3941,#3942);
#3940 = CARTESIAN_POINT('',(437.7,350.,-1.));
#3941 = DIRECTION('',(-0.,-0.,-1.));
#3942 = DIRECTION('',(1.,0.,0.));
#3943 = DEFINITIONAL_REPRESENTATION('',(#3944),#3948);
#3944 = LINE('',#3945,#3946);
#3945 = CARTESIAN_POINT('',(-6.28318530718,-13.7));
#3946 = VECTOR('',#3947,1.);
#3947 = DIRECTION('',(1.,-0.));
#3948 = ( GEOMETRIC_REPRESENTATION_CONTEXT(2) 
PARAMETRIC_REPRESENTATION_CONTEXT() REPRESENTATION_CONTEXT('2D SPACE',''
  ) );
#3949 = FACE_BOUND('',#3950,.T.);
#3950 = EDGE_LOOP('',(#3951));
#3951 = ORIENTED_EDGE('',*,*,#3952,.T.);
#3952 = EDGE_CURVE('',#3953,#3953,#3955,.T.);
#3953 = VERTEX_POINT('',#3954);
#3954 = CARTESIAN_POINT('',(377.05,398.5,12.7));
#3955 = SURFACE_CURVE('',#3956,(#3961,#3972),.PCURVE_S1.);
#3956 = CIRCLE('',#3957,2.85);
#3957 = AXIS2_PLACEMENT_3D('',#3958,#3959,#3960);
#3958 = CARTESIAN_POINT('',(374.2,398.5,12.7));
#3959 = DIRECTION('',(0.,0.,-1.));
#3960 = DIRECTION('',(1.,0.,0.));
#3961 = PCURVE('',#72,#3962);
#3962 = DEFINITIONAL_REPRESENTATION('',(#3963),#3971);
#3963 = ( BOUNDED_CURVE() B_SPLINE_CURVE(2,(#3964,#3965,#3966,#3967,
#3968,#3969,#3970),.UNSPECIFIED.,.T.,.F.) B_SPLINE_CURVE_WITH_KNOTS((1,2
    ,2,2,2,1),(-2.094395102393,0.,2.094395102393,4.188790204786,
6.28318530718,8.377580409573),.UNSPECIFIED.) CURVE() 
GEOMETRIC_REPRESENTATION_ITEM() RATIONAL_B_SPLINE_CURVE((1.,0.5,1.,0.5,
1.,0.5,1.)) REPRESENTATION_ITEM('') );
#3964 = CARTESIAN_POINT('',(-103.5117783434,-207.4213110282));
#3965 = CARTESIAN_POINT('',(-103.5117783434,-212.3576558298));
#3966 = CARTESIAN_POINT('',(-107.7867783434,-209.889483429));
#3967 = CARTESIAN_POINT('',(-112.0617783434,-207.4213110282));
#3968 = CARTESIAN_POINT('',(-107.7867783434,-204.9531386274));
#3969 = CARTESIAN_POINT('',(-103.5117783434,-202.4849662267));
#3970 = CARTESIAN_POINT('',(-103.5117783434,-207.4213110282));
#3971 = ( GEOMETRIC_REPRESENTATION_CONTEXT(2) 
PARAMETRIC_REPRESENTATION_CONTEXT() REPRESENTATION_CONTEXT('2D SPACE',''
  ) );
#3972 = PCURVE('',#1372,#3973);
#3973 = DEFINITIONAL_REPRESENTATION('',(#3974),#3978);
#3974 = LINE('',#3975,#3976);
#3975 = CARTESIAN_POINT('',(-6.28318530718,-13.7));
#3976 = VECTOR('',#3977,1.);
#3977 = DIRECTION('',(1.,-0.));
#3978 = ( GEOMETRIC_REPRESENTATION_CONTEXT(2) 
PARAMETRIC_REPRESENTATION_CONTEXT() REPRESENTATION_CONTEXT('2D SPACE',''
  ) );
#3979 = FACE_BOUND('',#3980,.T.);
#3980 = EDGE_LOOP('',(#3981));
#3981 = ORIENTED_EDGE('',*,*,#3982,.T.);
#3982 = EDGE_CURVE('',#3983,#3983,#3985,.T.);
#3983 = VERTEX_POINT('',#3984);
#3984 = CARTESIAN_POINT('',(500.45,100.,12.7));
#3985 = SURFACE_CURVE('',#3986,(#3991,#4002),.PCURVE_S1.);
#3986 = CIRCLE('',#3987,2.75);
#3987 = AXIS2_PLACEMENT_3D('',#3988,#3989,#3990);
#3988 = CARTESIAN_POINT('',(497.7,100.,12.7));
#3989 = DIRECTION('',(0.,0.,-1.));
#3990 = DIRECTION('',(1.,0.,0.));
#3991 = PCURVE('',#72,#3992);
#3992 = DEFINITIONAL_REPRESENTATION('',(#3993),#4001);
#3993 = ( BOUNDED_CURVE() B_SPLINE_CURVE(2,(#3994,#3995,#3996,#3997,
#3998,#3999,#4000),.UNSPECIFIED.,.T.,.F.) B_SPLINE_CURVE_WITH_KNOTS((1,2
    ,2,2,2,1),(-2.094395102393,0.,2.094395102393,4.188790204786,
6.28318530718,8.377580409573),.UNSPECIFIED.) CURVE() 
GEOMETRIC_REPRESENTATION_ITEM() RATIONAL_B_SPLINE_CURVE((1.,0.5,1.,0.5,
1.,0.5,1.)) REPRESENTATION_ITEM('') );
#3994 = CARTESIAN_POINT('',(19.888221656514,-505.9213110282));
#3995 = CARTESIAN_POINT('',(19.888221656514,-510.684450749));
#3996 = CARTESIAN_POINT('',(15.763221656514,-508.3028808886));
#3997 = CARTESIAN_POINT('',(11.638221656514,-505.9213110282));
#3998 = CARTESIAN_POINT('',(15.763221656514,-503.5397411678));
#3999 = CARTESIAN_POINT('',(19.888221656514,-501.1581713074));
#4000 = CARTESIAN_POINT('',(19.888221656514,-505.9213110282));
#4001 = ( GEOMETRIC_REPRESENTATION_CONTEXT(2) 
PARAMETRIC_REPRESENTATION_CONTEXT() REPRESENTATION_CONTEXT('2D SPACE',''
  ) );
#4002 = PCURVE('',#4003,#4008);
#4003 = CYLINDRICAL_SURFACE('',#4004,2.75);
#4004 = AXIS2_PLACEMENT_3D('',#4005,#4006,#4007);
#4005 = CARTESIAN_POINT('',(497.7,100.,-1.));
#4006 = DIRECTION('',(-0.,-0.,-1.));
#4007 = DIRECTION('',(1.,0.,0.));
#4008 = DEFINITIONAL_REPRESENTATION('',(#4009),#4013);
#4009 = LINE('',#4010,#4011);
#4010 = CARTESIAN_POINT('',(-6.28318530718,-13.7));
#4011 = VECTOR('',#4012,1.);
#4012 = DIRECTION('',(1.,-0.));
#4013 = ( GEOMETRIC_REPRESENTATION_CONTEXT(2) 
PARAMETRIC_REPRESENTATION_CONTEXT() REPRESENTATION_CONTEXT('2D SPACE',''
  ) );
#4014 = FACE_BOUND('',#4015,.T.);
#4015 = EDGE_LOOP('',(#4016));
#4016 = ORIENTED_EDGE('',*,*,#4017,.T.);
#4017 = EDGE_CURVE('',#4018,#4018,#4020,.T.);
#4018 = VERTEX_POINT('',#4019);
#4019 = CARTESIAN_POINT('',(597.05,9.5,12.7));
#4020 = SURFACE_CURVE('',#4021,(#4026,#4037),.PCURVE_S1.);
#4021 = CIRCLE('',#4022,2.85);
#4022 = AXIS2_PLACEMENT_3D('',#4023,#4024,#4025);
#4023 = CARTESIAN_POINT('',(594.2,9.5,12.7));
#4024 = DIRECTION('',(0.,0.,-1.));
#4025 = DIRECTION('',(1.,0.,0.));
#4026 = PCURVE('',#72,#4027);
#4027 = DEFINITIONAL_REPRESENTATION('',(#4028),#4036);
#4028 = ( BOUNDED_CURVE() B_SPLINE_CURVE(2,(#4029,#4030,#4031,#4032,
#4033,#4034,#4035),.UNSPECIFIED.,.T.,.F.) B_SPLINE_CURVE_WITH_KNOTS((1,2
    ,2,2,2,1),(-2.094395102393,0.,2.094395102393,4.188790204786,
6.28318530718,8.377580409573),.UNSPECIFIED.) CURVE() 
GEOMETRIC_REPRESENTATION_ITEM() RATIONAL_B_SPLINE_CURVE((1.,0.5,1.,0.5,
1.,0.5,1.)) REPRESENTATION_ITEM('') );
#4029 = CARTESIAN_POINT('',(116.48822165651,-596.4213110282));
#4030 = CARTESIAN_POINT('',(116.48822165651,-601.3576558298));
#4031 = CARTESIAN_POINT('',(112.21322165651,-598.889483429));
#4032 = CARTESIAN_POINT('',(107.93822165651,-596.4213110282));
#4033 = CARTESIAN_POINT('',(112.21322165651,-593.9531386274));
#4034 = CARTESIAN_POINT('',(116.48822165651,-591.4849662267));
#4035 = CARTESIAN_POINT('',(116.48822165651,-596.4213110282));
#4036 = ( GEOMETRIC_REPRESENTATION_CONTEXT(2) 
PARAMETRIC_REPRESENTATION_CONTEXT() REPRESENTATION_CONTEXT('2D SPACE',''
  ) );
#4037 = PCURVE('',#1442,#4038);
#4038 = DEFINITIONAL_REPRESENTATION('',(#4039),#4043);
#4039 = LINE('',#4040,#4041);
#4040 = CARTESIAN_POINT('',(-6.28318530718,-13.7));
#4041 = VECTOR('',#4042,1.);
#4042 = DIRECTION('',(1.,-0.));
#4043 = ( GEOMETRIC_REPRESENTATION_CONTEXT(2) 
PARAMETRIC_REPRESENTATION_CONTEXT() REPRESENTATION_CONTEXT('2D SPACE',''
  ) );
#4044 = FACE_BOUND('',#4045,.T.);
#4045 = EDGE_LOOP('',(#4046));
#4046 = ORIENTED_EDGE('',*,*,#4047,.T.);
#4047 = EDGE_CURVE('',#4048,#4048,#4050,.T.);
#4048 = VERTEX_POINT('',#4049);
#4049 = CARTESIAN_POINT('',(600.45,100.,12.7));
#4050 = SURFACE_CURVE('',#4051,(#4056,#4067),.PCURVE_S1.);
#4051 = CIRCLE('',#4052,2.75);
#4052 = AXIS2_PLACEMENT_3D('',#4053,#4054,#4055);
#4053 = CARTESIAN_POINT('',(597.7,100.,12.7));
#4054 = DIRECTION('',(0.,0.,-1.));
#4055 = DIRECTION('',(1.,0.,0.));
#4056 = PCURVE('',#72,#4057);
#4057 = DEFINITIONAL_REPRESENTATION('',(#4058),#4066);
#4058 = ( BOUNDED_CURVE() B_SPLINE_CURVE(2,(#4059,#4060,#4061,#4062,
#4063,#4064,#4065),.UNSPECIFIED.,.T.,.F.) B_SPLINE_CURVE_WITH_KNOTS((1,2
    ,2,2,2,1),(-2.094395102393,0.,2.094395102393,4.188790204786,
6.28318530718,8.377580409573),.UNSPECIFIED.) CURVE() 
GEOMETRIC_REPRESENTATION_ITEM() RATIONAL_B_SPLINE_CURVE((1.,0.5,1.,0.5,
1.,0.5,1.)) REPRESENTATION_ITEM('') );
#4059 = CARTESIAN_POINT('',(119.88822165651,-505.9213110282));
#4060 = CARTESIAN_POINT('',(119.88822165651,-510.684450749));
#4061 = CARTESIAN_POINT('',(115.76322165651,-508.3028808886));
#4062 = CARTESIAN_POINT('',(111.63822165651,-505.9213110282));
#4063 = CARTESIAN_POINT('',(115.76322165651,-503.5397411678));
#4064 = CARTESIAN_POINT('',(119.88822165651,-501.1581713074));
#4065 = CARTESIAN_POINT('',(119.88822165651,-505.9213110282));
#4066 = ( GEOMETRIC_REPRESENTATION_CONTEXT(2) 
PARAMETRIC_REPRESENTATION_CONTEXT() REPRESENTATION_CONTEXT('2D SPACE',''
  ) );
#4067 = PCURVE('',#4068,#4073);
#4068 = CYLINDRICAL_SURFACE('',#4069,2.75);
#4069 = AXIS2_PLACEMENT_3D('',#4070,#4071,#4072);
#4070 = CARTESIAN_POINT('',(597.7,100.,-1.));
#4071 = DIRECTION('',(-0.,-0.,-1.));
#4072 = DIRECTION('',(1.,0.,0.));
#4073 = DEFINITIONAL_REPRESENTATION('',(#4074),#4078);
#4074 = LINE('',#4075,#4076);
#4075 = CARTESIAN_POINT('',(-6.28318530718,-13.7));
#4076 = VECTOR('',#4077,1.);
#4077 = DIRECTION('',(1.,-0.));
#4078 = ( GEOMETRIC_REPRESENTATION_CONTEXT(2) 
PARAMETRIC_REPRESENTATION_CONTEXT() REPRESENTATION_CONTEXT('2D SPACE',''
  ) );
#4079 = FACE_BOUND('',#4080,.T.);
#4080 = EDGE_LOOP('',(#4081));
#4081 = ORIENTED_EDGE('',*,*,#4082,.T.);
#4082 = EDGE_CURVE('',#4083,#4083,#4085,.T.);
#4083 = VERTEX_POINT('',#4084);
#4084 = CARTESIAN_POINT('',(700.45,100.,12.7));
#4085 = SURFACE_CURVE('',#4086,(#4091,#4102),.PCURVE_S1.);
#4086 = CIRCLE('',#4087,2.75);
#4087 = AXIS2_PLACEMENT_3D('',#4088,#4089,#4090);
#4088 = CARTESIAN_POINT('',(697.7,100.,12.7));
#4089 = DIRECTION('',(0.,0.,-1.));
#4090 = DIRECTION('',(1.,0.,0.));
#4091 = PCURVE('',#72,#4092);
#4092 = DEFINITIONAL_REPRESENTATION('',(#4093),#4101);
#4093 = ( BOUNDED_CURVE() B_SPLINE_CURVE(2,(#4094,#4095,#4096,#4097,
#4098,#4099,#4100),.UNSPECIFIED.,.T.,.F.) B_SPLINE_CURVE_WITH_KNOTS((1,2
    ,2,2,2,1),(-2.094395102393,0.,2.094395102393,4.188790204786,
6.28318530718,8.377580409573),.UNSPECIFIED.) CURVE() 
GEOMETRIC_REPRESENTATION_ITEM() RATIONAL_B_SPLINE_CURVE((1.,0.5,1.,0.5,
1.,0.5,1.)) REPRESENTATION_ITEM('') );
#4094 = CARTESIAN_POINT('',(219.88822165651,-505.9213110282));
#4095 = CARTESIAN_POINT('',(219.88822165651,-510.684450749));
#4096 = CARTESIAN_POINT('',(215.76322165651,-508.3028808886));
#4097 = CARTESIAN_POINT('',(211.63822165651,-505.9213110282));
#4098 = CARTESIAN_POINT('',(215.76322165651,-503.5397411678));
#4099 = CARTESIAN_POINT('',(219.88822165651,-501.1581713074));
#4100 = CARTESIAN_POINT('',(219.88822165651,-505.9213110282));
#4101 = ( GEOMETRIC_REPRESENTATION_CONTEXT(2) 
PARAMETRIC_REPRESENTATION_CONTEXT() REPRESENTATION_CONTEXT('2D SPACE',''
  ) );
#4102 = PCURVE('',#4103,#4108);
#4103 = CYLINDRICAL_SURFACE('',#4104,2.75);
#4104 = AXIS2_PLACEMENT_3D('',#4105,#4106,#4107);
#4105 = CARTESIAN_POINT('',(697.7,100.,-1.));
#4106 = DIRECTION('',(-0.,-0.,-1.));
#4107 = DIRECTION('',(1.,0.,0.));
#4108 = DEFINITIONAL_REPRESENTATION('',(#4109),#4113);
#4109 = LINE('',#4110,#4111);
#4110 = CARTESIAN_POINT('',(-6.28318530718,-13.7));
#4111 = VECTOR('',#4112,1.);
#4112 = DIRECTION('',(1.,-0.));
#4113 = ( GEOMETRIC_REPRESENTATION_CONTEXT(2) 
PARAMETRIC_REPRESENTATION_CONTEXT() REPRESENTATION_CONTEXT('2D SPACE',''
  ) );
#4114 = FACE_BOUND('',#4115,.T.);
#4115 = EDGE_LOOP('',(#4116));
#4116 = ORIENTED_EDGE('',*,*,#4117,.T.);
#4117 = EDGE_CURVE('',#4118,#4118,#4120,.T.);
#4118 = VERTEX_POINT('',#4119);
#4119 = CARTESIAN_POINT('',(857.05,9.5,12.7));
#4120 = SURFACE_CURVE('',#4121,(#4126,#4137),.PCURVE_S1.);
#4121 = CIRCLE('',#4122,2.85);
#4122 = AXIS2_PLACEMENT_3D('',#4123,#4124,#4125);
#4123 = CARTESIAN_POINT('',(854.2,9.5,12.7));
#4124 = DIRECTION('',(0.,0.,-1.));
#4125 = DIRECTION('',(1.,0.,0.));
#4126 = PCURVE('',#72,#4127);
#4127 = DEFINITIONAL_REPRESENTATION('',(#4128),#4136);
#4128 = ( BOUNDED_CURVE() B_SPLINE_CURVE(2,(#4129,#4130,#4131,#4132,
#4133,#4134,#4135),.UNSPECIFIED.,.T.,.F.) B_SPLINE_CURVE_WITH_KNOTS((1,2
    ,2,2,2,1),(-2.094395102393,0.,2.094395102393,4.188790204786,
6.28318530718,8.377580409573),.UNSPECIFIED.) CURVE() 
GEOMETRIC_REPRESENTATION_ITEM() RATIONAL_B_SPLINE_CURVE((1.,0.5,1.,0.5,
1.,0.5,1.)) REPRESENTATION_ITEM('') );
#4129 = CARTESIAN_POINT('',(376.48822165651,-596.4213110282));
#4130 = CARTESIAN_POINT('',(376.48822165651,-601.3576558298));
#4131 = CARTESIAN_POINT('',(372.21322165651,-598.889483429));
#4132 = CARTESIAN_POINT('',(367.93822165651,-596.4213110282));
#4133 = CARTESIAN_POINT('',(372.21322165651,-593.9531386274));
#4134 = CARTESIAN_POINT('',(376.48822165651,-591.4849662267));
#4135 = CARTESIAN_POINT('',(376.48822165651,-596.4213110282));
#4136 = ( GEOMETRIC_REPRESENTATION_CONTEXT(2) 
PARAMETRIC_REPRESENTATION_CONTEXT() REPRESENTATION_CONTEXT('2D SPACE',''
  ) );
#4137 = PCURVE('',#1547,#4138);
#4138 = DEFINITIONAL_REPRESENTATION('',(#4139),#4143);
#4139 = LINE('',#4140,#4141);
#4140 = CARTESIAN_POINT('',(-6.28318530718,-13.7));
#4141 = VECTOR('',#4142,1.);
#4142 = DIRECTION('',(1.,-0.));
#4143 = ( GEOMETRIC_REPRESENTATION_CONTEXT(2) 
PARAMETRIC_REPRESENTATION_CONTEXT() REPRESENTATION_CONTEXT('2D SPACE',''
  ) );
#4144 = FACE_BOUND('',#4145,.T.);
#4145 = EDGE_LOOP('',(#4146));
#4146 = ORIENTED_EDGE('',*,*,#4147,.T.);
#4147 = EDGE_CURVE('',#4148,#4148,#4150,.T.);
#4148 = VERTEX_POINT('',#4149);
#4149 = CARTESIAN_POINT('',(800.45,100.,12.7));
#4150 = SURFACE_CURVE('',#4151,(#4156,#4167),.PCURVE_S1.);
#4151 = CIRCLE('',#4152,2.75);
#4152 = AXIS2_PLACEMENT_3D('',#4153,#4154,#4155);
#4153 = CARTESIAN_POINT('',(797.7,100.,12.7));
#4154 = DIRECTION('',(0.,0.,-1.));
#4155 = DIRECTION('',(1.,0.,0.));
#4156 = PCURVE('',#72,#4157);
#4157 = DEFINITIONAL_REPRESENTATION('',(#4158),#4166);
#4158 = ( BOUNDED_CURVE() B_SPLINE_CURVE(2,(#4159,#4160,#4161,#4162,
#4163,#4164,#4165),.UNSPECIFIED.,.T.,.F.) B_SPLINE_CURVE_WITH_KNOTS((1,2
    ,2,2,2,1),(-2.094395102393,0.,2.094395102393,4.188790204786,
6.28318530718,8.377580409573),.UNSPECIFIED.) CURVE() 
GEOMETRIC_REPRESENTATION_ITEM() RATIONAL_B_SPLINE_CURVE((1.,0.5,1.,0.5,
1.,0.5,1.)) REPRESENTATION_ITEM('') );
#4159 = CARTESIAN_POINT('',(319.88822165651,-505.9213110282));
#4160 = CARTESIAN_POINT('',(319.88822165651,-510.684450749));
#4161 = CARTESIAN_POINT('',(315.76322165651,-508.3028808886));
#4162 = CARTESIAN_POINT('',(311.63822165651,-505.9213110282));
#4163 = CARTESIAN_POINT('',(315.76322165651,-503.5397411678));
#4164 = CARTESIAN_POINT('',(319.88822165651,-501.1581713074));
#4165 = CARTESIAN_POINT('',(319.88822165651,-505.9213110282));
#4166 = ( GEOMETRIC_REPRESENTATION_CONTEXT(2) 
PARAMETRIC_REPRESENTATION_CONTEXT() REPRESENTATION_CONTEXT('2D SPACE',''
  ) );
#4167 = PCURVE('',#4168,#4173);
#4168 = CYLINDRICAL_SURFACE('',#4169,2.75);
#4169 = AXIS2_PLACEMENT_3D('',#4170,#4171,#4172);
#4170 = CARTESIAN_POINT('',(797.7,100.,-1.));
#4171 = DIRECTION('',(-0.,-0.,-1.));
#4172 = DIRECTION('',(1.,0.,0.));
#4173 = DEFINITIONAL_REPRESENTATION('',(#4174),#4178);
#4174 = LINE('',#4175,#4176);
#4175 = CARTESIAN_POINT('',(-6.28318530718,-13.7));
#4176 = VECTOR('',#4177,1.);
#4177 = DIRECTION('',(1.,-0.));
#4178 = ( GEOMETRIC_REPRESENTATION_CONTEXT(2) 
PARAMETRIC_REPRESENTATION_CONTEXT() REPRESENTATION_CONTEXT('2D SPACE',''
  ) );
#4179 = FACE_BOUND('',#4180,.T.);
#4180 = EDGE_LOOP('',(#4181));
#4181 = ORIENTED_EDGE('',*,*,#4182,.T.);
#4182 = EDGE_CURVE('',#4183,#4183,#4185,.T.);
#4183 = VERTEX_POINT('',#4184);
#4184 = CARTESIAN_POINT('',(900.45,100.,12.7));
#4185 = SURFACE_CURVE('',#4186,(#4191,#4202),.PCURVE_S1.);
#4186 = CIRCLE('',#4187,2.75);
#4187 = AXIS2_PLACEMENT_3D('',#4188,#4189,#4190);
#4188 = CARTESIAN_POINT('',(897.7,100.,12.7));
#4189 = DIRECTION('',(0.,0.,-1.));
#4190 = DIRECTION('',(1.,0.,0.));
#4191 = PCURVE('',#72,#4192);
#4192 = DEFINITIONAL_REPRESENTATION('',(#4193),#4201);
#4193 = ( BOUNDED_CURVE() B_SPLINE_CURVE(2,(#4194,#4195,#4196,#4197,
#4198,#4199,#4200),.UNSPECIFIED.,.T.,.F.) B_SPLINE_CURVE_WITH_KNOTS((1,2
    ,2,2,2,1),(-2.094395102393,0.,2.094395102393,4.188790204786,
6.28318530718,8.377580409573),.UNSPECIFIED.) CURVE() 
GEOMETRIC_REPRESENTATION_ITEM() RATIONAL_B_SPLINE_CURVE((1.,0.5,1.,0.5,
1.,0.5,1.)) REPRESENTATION_ITEM('') );
#4194 = CARTESIAN_POINT('',(419.88822165651,-505.9213110282));
#4195 = CARTESIAN_POINT('',(419.88822165651,-510.684450749));
#4196 = CARTESIAN_POINT('',(415.76322165651,-508.3028808886));
#4197 = CARTESIAN_POINT('',(411.63822165651,-505.9213110282));
#4198 = CARTESIAN_POINT('',(415.76322165651,-503.5397411678));
#4199 = CARTESIAN_POINT('',(419.88822165651,-501.1581713074));
#4200 = CARTESIAN_POINT('',(419.88822165651,-505.9213110282));
#4201 = ( GEOMETRIC_REPRESENTATION_CONTEXT(2) 
PARAMETRIC_REPRESENTATION_CONTEXT() REPRESENTATION_CONTEXT('2D SPACE',''
  ) );
#4202 = PCURVE('',#4203,#4208);
#4203 = CYLINDRICAL_SURFACE('',#4204,2.75);
#4204 = AXIS2_PLACEMENT_3D('',#4205,#4206,#4207);
#4205 = CARTESIAN_POINT('',(897.7,100.,-1.));
#4206 = DIRECTION('',(-0.,-0.,-1.));
#4207 = DIRECTION('',(1.,0.,0.));
#4208 = DEFINITIONAL_REPRESENTATION('',(#4209),#4213);
#4209 = LINE('',#4210,#4211);
#4210 = CARTESIAN_POINT('',(-6.28318530718,-13.7));
#4211 = VECTOR('',#4212,1.);
#4212 = DIRECTION('',(1.,-0.));
#4213 = ( GEOMETRIC_REPRESENTATION_CONTEXT(2) 
PARAMETRIC_REPRESENTATION_CONTEXT() REPRESENTATION_CONTEXT('2D SPACE',''
  ) );
#4214 = FACE_BOUND('',#4215,.T.);
#4215 = EDGE_LOOP('',(#4216));
#4216 = ORIENTED_EDGE('',*,*,#4217,.T.);
#4217 = EDGE_CURVE('',#4218,#4218,#4220,.T.);
#4218 = VERTEX_POINT('',#4219);
#4219 = CARTESIAN_POINT('',(540.45,350.,12.7));
#4220 = SURFACE_CURVE('',#4221,(#4226,#4237),.PCURVE_S1.);
#4221 = CIRCLE('',#4222,2.75);
#4222 = AXIS2_PLACEMENT_3D('',#4223,#4224,#4225);
#4223 = CARTESIAN_POINT('',(537.7,350.,12.7));
#4224 = DIRECTION('',(0.,0.,-1.));
#4225 = DIRECTION('',(1.,0.,0.));
#4226 = PCURVE('',#72,#4227);
#4227 = DEFINITIONAL_REPRESENTATION('',(#4228),#4236);
#4228 = ( BOUNDED_CURVE() B_SPLINE_CURVE(2,(#4229,#4230,#4231,#4232,
#4233,#4234,#4235),.UNSPECIFIED.,.T.,.F.) B_SPLINE_CURVE_WITH_KNOTS((1,2
    ,2,2,2,1),(-2.094395102393,0.,2.094395102393,4.188790204786,
6.28318530718,8.377580409573),.UNSPECIFIED.) CURVE() 
GEOMETRIC_REPRESENTATION_ITEM() RATIONAL_B_SPLINE_CURVE((1.,0.5,1.,0.5,
1.,0.5,1.)) REPRESENTATION_ITEM('') );
#4229 = CARTESIAN_POINT('',(59.888221656514,-255.9213110282));
#4230 = CARTESIAN_POINT('',(59.888221656514,-260.684450749));
#4231 = CARTESIAN_POINT('',(55.763221656514,-258.3028808886));
#4232 = CARTESIAN_POINT('',(51.638221656514,-255.9213110282));
#4233 = CARTESIAN_POINT('',(55.763221656514,-253.5397411678));
#4234 = CARTESIAN_POINT('',(59.888221656514,-251.1581713074));
#4235 = CARTESIAN_POINT('',(59.888221656514,-255.9213110282));
#4236 = ( GEOMETRIC_REPRESENTATION_CONTEXT(2) 
PARAMETRIC_REPRESENTATION_CONTEXT() REPRESENTATION_CONTEXT('2D SPACE',''
  ) );
#4237 = PCURVE('',#4238,#4243);
#4238 = CYLINDRICAL_SURFACE('',#4239,2.75);
#4239 = AXIS2_PLACEMENT_3D('',#4240,#4241,#4242);
#4240 = CARTESIAN_POINT('',(537.7,350.,-1.));
#4241 = DIRECTION('',(-0.,-0.,-1.));
#4242 = DIRECTION('',(1.,0.,0.));
#4243 = DEFINITIONAL_REPRESENTATION('',(#4244),#4248);
#4244 = LINE('',#4245,#4246);
#4245 = CARTESIAN_POINT('',(-6.28318530718,-13.7));
#4246 = VECTOR('',#4247,1.);
#4247 = DIRECTION('',(1.,-0.));
#4248 = ( GEOMETRIC_REPRESENTATION_CONTEXT(2) 
PARAMETRIC_REPRESENTATION_CONTEXT() REPRESENTATION_CONTEXT('2D SPACE',''
  ) );
#4249 = FACE_BOUND('',#4250,.T.);
#4250 = EDGE_LOOP('',(#4251));
#4251 = ORIENTED_EDGE('',*,*,#4252,.T.);
#4252 = EDGE_CURVE('',#4253,#4253,#4255,.T.);
#4253 = VERTEX_POINT('',#4254);
#4254 = CARTESIAN_POINT('',(640.45,350.,12.7));
#4255 = SURFACE_CURVE('',#4256,(#4261,#4272),.PCURVE_S1.);
#4256 = CIRCLE('',#4257,2.75);
#4257 = AXIS2_PLACEMENT_3D('',#4258,#4259,#4260);
#4258 = CARTESIAN_POINT('',(637.7,350.,12.7));
#4259 = DIRECTION('',(0.,0.,-1.));
#4260 = DIRECTION('',(1.,0.,0.));
#4261 = PCURVE('',#72,#4262);
#4262 = DEFINITIONAL_REPRESENTATION('',(#4263),#4271);
#4263 = ( BOUNDED_CURVE() B_SPLINE_CURVE(2,(#4264,#4265,#4266,#4267,
#4268,#4269,#4270),.UNSPECIFIED.,.T.,.F.) B_SPLINE_CURVE_WITH_KNOTS((1,2
    ,2,2,2,1),(-2.094395102393,0.,2.094395102393,4.188790204786,
6.28318530718,8.377580409573),.UNSPECIFIED.) CURVE() 
GEOMETRIC_REPRESENTATION_ITEM() RATIONAL_B_SPLINE_CURVE((1.,0.5,1.,0.5,
1.,0.5,1.)) REPRESENTATION_ITEM('') );
#4264 = CARTESIAN_POINT('',(159.88822165651,-255.9213110282));
#4265 = CARTESIAN_POINT('',(159.88822165651,-260.684450749));
#4266 = CARTESIAN_POINT('',(155.76322165651,-258.3028808886));
#4267 = CARTESIAN_POINT('',(151.63822165651,-255.9213110282));
#4268 = CARTESIAN_POINT('',(155.76322165651,-253.5397411678));
#4269 = CARTESIAN_POINT('',(159.88822165651,-251.1581713074));
#4270 = CARTESIAN_POINT('',(159.88822165651,-255.9213110282));
#4271 = ( GEOMETRIC_REPRESENTATION_CONTEXT(2) 
PARAMETRIC_REPRESENTATION_CONTEXT() REPRESENTATION_CONTEXT('2D SPACE',''
  ) );
#4272 = PCURVE('',#4273,#4278);
#4273 = CYLINDRICAL_SURFACE('',#4274,2.75);
#4274 = AXIS2_PLACEMENT_3D('',#4275,#4276,#4277);
#4275 = CARTESIAN_POINT('',(637.7,350.,-1.));
#4276 = DIRECTION('',(-0.,-0.,-1.));
#4277 = DIRECTION('',(1.,0.,0.));
#4278 = DEFINITIONAL_REPRESENTATION('',(#4279),#4283);
#4279 = LINE('',#4280,#4281);
#4280 = CARTESIAN_POINT('',(-6.28318530718,-13.7));
#4281 = VECTOR('',#4282,1.);
#4282 = DIRECTION('',(1.,-0.));
#4283 = ( GEOMETRIC_REPRESENTATION_CONTEXT(2) 
PARAMETRIC_REPRESENTATION_CONTEXT() REPRESENTATION_CONTEXT('2D SPACE',''
  ) );
#4284 = FACE_BOUND('',#4285,.T.);
#4285 = EDGE_LOOP('',(#4286));
#4286 = ORIENTED_EDGE('',*,*,#4287,.T.);
#4287 = EDGE_CURVE('',#4288,#4288,#4290,.T.);
#4288 = VERTEX_POINT('',#4289);
#4289 = CARTESIAN_POINT('',(597.05,398.5,12.7));
#4290 = SURFACE_CURVE('',#4291,(#4296,#4307),.PCURVE_S1.);
#4291 = CIRCLE('',#4292,2.85);
#4292 = AXIS2_PLACEMENT_3D('',#4293,#4294,#4295);
#4293 = CARTESIAN_POINT('',(594.2,398.5,12.7));
#4294 = DIRECTION('',(0.,0.,-1.));
#4295 = DIRECTION('',(1.,0.,0.));
#4296 = PCURVE('',#72,#4297);
#4297 = DEFINITIONAL_REPRESENTATION('',(#4298),#4306);
#4298 = ( BOUNDED_CURVE() B_SPLINE_CURVE(2,(#4299,#4300,#4301,#4302,
#4303,#4304,#4305),.UNSPECIFIED.,.T.,.F.) B_SPLINE_CURVE_WITH_KNOTS((1,2
    ,2,2,2,1),(-2.094395102393,0.,2.094395102393,4.188790204786,
6.28318530718,8.377580409573),.UNSPECIFIED.) CURVE() 
GEOMETRIC_REPRESENTATION_ITEM() RATIONAL_B_SPLINE_CURVE((1.,0.5,1.,0.5,
1.,0.5,1.)) REPRESENTATION_ITEM('') );
#4299 = CARTESIAN_POINT('',(116.48822165651,-207.4213110282));
#4300 = CARTESIAN_POINT('',(116.48822165651,-212.3576558298));
#4301 = CARTESIAN_POINT('',(112.21322165651,-209.889483429));
#4302 = CARTESIAN_POINT('',(107.93822165651,-207.4213110282));
#4303 = CARTESIAN_POINT('',(112.21322165651,-204.9531386274));
#4304 = CARTESIAN_POINT('',(116.48822165651,-202.4849662267));
#4305 = CARTESIAN_POINT('',(116.48822165651,-207.4213110282));
#4306 = ( GEOMETRIC_REPRESENTATION_CONTEXT(2) 
PARAMETRIC_REPRESENTATION_CONTEXT() REPRESENTATION_CONTEXT('2D SPACE',''
  ) );
#4307 = PCURVE('',#1722,#4308);
#4308 = DEFINITIONAL_REPRESENTATION('',(#4309),#4313);
#4309 = LINE('',#4310,#4311);
#4310 = CARTESIAN_POINT('',(-6.28318530718,-13.7));
#4311 = VECTOR('',#4312,1.);
#4312 = DIRECTION('',(1.,-0.));
#4313 = ( GEOMETRIC_REPRESENTATION_CONTEXT(2) 
PARAMETRIC_REPRESENTATION_CONTEXT() REPRESENTATION_CONTEXT('2D SPACE',''
  ) );
#4314 = FACE_BOUND('',#4315,.T.);
#4315 = EDGE_LOOP('',(#4316));
#4316 = ORIENTED_EDGE('',*,*,#4317,.T.);
#4317 = EDGE_CURVE('',#4318,#4318,#4320,.T.);
#4318 = VERTEX_POINT('',#4319);
#4319 = CARTESIAN_POINT('',(740.45,350.,12.7));
#4320 = SURFACE_CURVE('',#4321,(#4326,#4337),.PCURVE_S1.);
#4321 = CIRCLE('',#4322,2.75);
#4322 = AXIS2_PLACEMENT_3D('',#4323,#4324,#4325);
#4323 = CARTESIAN_POINT('',(737.7,350.,12.7));
#4324 = DIRECTION('',(0.,0.,-1.));
#4325 = DIRECTION('',(1.,0.,0.));
#4326 = PCURVE('',#72,#4327);
#4327 = DEFINITIONAL_REPRESENTATION('',(#4328),#4336);
#4328 = ( BOUNDED_CURVE() B_SPLINE_CURVE(2,(#4329,#4330,#4331,#4332,
#4333,#4334,#4335),.UNSPECIFIED.,.T.,.F.) B_SPLINE_CURVE_WITH_KNOTS((1,2
    ,2,2,2,1),(-2.094395102393,0.,2.094395102393,4.188790204786,
6.28318530718,8.377580409573),.UNSPECIFIED.) CURVE() 
GEOMETRIC_REPRESENTATION_ITEM() RATIONAL_B_SPLINE_CURVE((1.,0.5,1.,0.5,
1.,0.5,1.)) REPRESENTATION_ITEM('') );
#4329 = CARTESIAN_POINT('',(259.88822165651,-255.9213110282));
#4330 = CARTESIAN_POINT('',(259.88822165651,-260.684450749));
#4331 = CARTESIAN_POINT('',(255.76322165651,-258.3028808886));
#4332 = CARTESIAN_POINT('',(251.63822165651,-255.9213110282));
#4333 = CARTESIAN_POINT('',(255.76322165651,-253.5397411678));
#4334 = CARTESIAN_POINT('',(259.88822165651,-251.1581713074));
#4335 = CARTESIAN_POINT('',(259.88822165651,-255.9213110282));
#4336 = ( GEOMETRIC_REPRESENTATION_CONTEXT(2) 
PARAMETRIC_REPRESENTATION_CONTEXT() REPRESENTATION_CONTEXT('2D SPACE',''
  ) );
#4337 = PCURVE('',#4338,#4343);
#4338 = CYLINDRICAL_SURFACE('',#4339,2.75);
#4339 = AXIS2_PLACEMENT_3D('',#4340,#4341,#4342);
#4340 = CARTESIAN_POINT('',(737.7,350.,-1.));
#4341 = DIRECTION('',(-0.,-0.,-1.));
#4342 = DIRECTION('',(1.,0.,0.));
#4343 = DEFINITIONAL_REPRESENTATION('',(#4344),#4348);
#4344 = LINE('',#4345,#4346);
#4345 = CARTESIAN_POINT('',(-6.28318530718,-13.7));
#4346 = VECTOR('',#4347,1.);
#4347 = DIRECTION('',(1.,-0.));
#4348 = ( GEOMETRIC_REPRESENTATION_CONTEXT(2) 
PARAMETRIC_REPRESENTATION_CONTEXT() REPRESENTATION_CONTEXT('2D SPACE',''
  ) );
#4349 = FACE_BOUND('',#4350,.T.);
#4350 = EDGE_LOOP('',(#4351));
#4351 = ORIENTED_EDGE('',*,*,#4352,.T.);
#4352 = EDGE_CURVE('',#4353,#4353,#4355,.T.);
#4353 = VERTEX_POINT('',#4354);
#4354 = CARTESIAN_POINT('',(840.45,350.,12.7));
#4355 = SURFACE_CURVE('',#4356,(#4361,#4372),.PCURVE_S1.);
#4356 = CIRCLE('',#4357,2.75);
#4357 = AXIS2_PLACEMENT_3D('',#4358,#4359,#4360);
#4358 = CARTESIAN_POINT('',(837.7,350.,12.7));
#4359 = DIRECTION('',(0.,0.,-1.));
#4360 = DIRECTION('',(1.,0.,0.));
#4361 = PCURVE('',#72,#4362);
#4362 = DEFINITIONAL_REPRESENTATION('',(#4363),#4371);
#4363 = ( BOUNDED_CURVE() B_SPLINE_CURVE(2,(#4364,#4365,#4366,#4367,
#4368,#4369,#4370),.UNSPECIFIED.,.T.,.F.) B_SPLINE_CURVE_WITH_KNOTS((1,2
    ,2,2,2,1),(-2.094395102393,0.,2.094395102393,4.188790204786,
6.28318530718,8.377580409573),.UNSPECIFIED.) CURVE() 
GEOMETRIC_REPRESENTATION_ITEM() RATIONAL_B_SPLINE_CURVE((1.,0.5,1.,0.5,
1.,0.5,1.)) REPRESENTATION_ITEM('') );
#4364 = CARTESIAN_POINT('',(359.88822165651,-255.9213110282));
#4365 = CARTESIAN_POINT('',(359.88822165651,-260.684450749));
#4366 = CARTESIAN_POINT('',(355.76322165651,-258.3028808886));
#4367 = CARTESIAN_POINT('',(351.63822165651,-255.9213110282));
#4368 = CARTESIAN_POINT('',(355.76322165651,-253.5397411678));
#4369 = CARTESIAN_POINT('',(359.88822165651,-251.1581713074));
#4370 = CARTESIAN_POINT('',(359.88822165651,-255.9213110282));
#4371 = ( GEOMETRIC_REPRESENTATION_CONTEXT(2) 
PARAMETRIC_REPRESENTATION_CONTEXT() REPRESENTATION_CONTEXT('2D SPACE',''
  ) );
#4372 = PCURVE('',#4373,#4378);
#4373 = CYLINDRICAL_SURFACE('',#4374,2.75);
#4374 = AXIS2_PLACEMENT_3D('',#4375,#4376,#4377);
#4375 = CARTESIAN_POINT('',(837.7,350.,-1.));
#4376 = DIRECTION('',(-0.,-0.,-1.));
#4377 = DIRECTION('',(1.,0.,0.));
#4378 = DEFINITIONAL_REPRESENTATION('',(#4379),#4383);
#4379 = LINE('',#4380,#4381);
#4380 = CARTESIAN_POINT('',(-6.28318530718,-13.7));
#4381 = VECTOR('',#4382,1.);
#4382 = DIRECTION('',(1.,-0.));
#4383 = ( GEOMETRIC_REPRESENTATION_CONTEXT(2) 
PARAMETRIC_REPRESENTATION_CONTEXT() REPRESENTATION_CONTEXT('2D SPACE',''
  ) );
#4384 = FACE_BOUND('',#4385,.T.);
#4385 = EDGE_LOOP('',(#4386));
#4386 = ORIENTED_EDGE('',*,*,#4387,.T.);
#4387 = EDGE_CURVE('',#4388,#4388,#4390,.T.);
#4388 = VERTEX_POINT('',#4389);
#4389 = CARTESIAN_POINT('',(857.05,398.5,12.7));
#4390 = SURFACE_CURVE('',#4391,(#4396,#4407),.PCURVE_S1.);
#4391 = CIRCLE('',#4392,2.85);
#4392 = AXIS2_PLACEMENT_3D('',#4393,#4394,#4395);
#4393 = CARTESIAN_POINT('',(854.2,398.5,12.7));
#4394 = DIRECTION('',(0.,0.,-1.));
#4395 = DIRECTION('',(1.,0.,0.));
#4396 = PCURVE('',#72,#4397);
#4397 = DEFINITIONAL_REPRESENTATION('',(#4398),#4406);
#4398 = ( BOUNDED_CURVE() B_SPLINE_CURVE(2,(#4399,#4400,#4401,#4402,
#4403,#4404,#4405),.UNSPECIFIED.,.T.,.F.) B_SPLINE_CURVE_WITH_KNOTS((1,2
    ,2,2,2,1),(-2.094395102393,0.,2.094395102393,4.188790204786,
6.28318530718,8.377580409573),.UNSPECIFIED.) CURVE() 
GEOMETRIC_REPRESENTATION_ITEM() RATIONAL_B_SPLINE_CURVE((1.,0.5,1.,0.5,
1.,0.5,1.)) REPRESENTATION_ITEM('') );
#4399 = CARTESIAN_POINT('',(376.48822165651,-207.4213110282));
#4400 = CARTESIAN_POINT('',(376.48822165651,-212.3576558298));
#4401 = CARTESIAN_POINT('',(372.21322165651,-209.889483429));
#4402 = CARTESIAN_POINT('',(367.93822165651,-207.4213110282));
#4403 = CARTESIAN_POINT('',(372.21322165651,-204.9531386274));
#4404 = CARTESIAN_POINT('',(376.48822165651,-202.4849662267));
#4405 = CARTESIAN_POINT('',(376.48822165651,-207.4213110282));
#4406 = ( GEOMETRIC_REPRESENTATION_CONTEXT(2) 
PARAMETRIC_REPRESENTATION_CONTEXT() REPRESENTATION_CONTEXT('2D SPACE',''
  ) );
#4407 = PCURVE('',#1827,#4408);
#4408 = DEFINITIONAL_REPRESENTATION('',(#4409),#4413);
#4409 = LINE('',#4410,#4411);
#4410 = CARTESIAN_POINT('',(-6.28318530718,-13.7));
#4411 = VECTOR('',#4412,1.);
#4412 = DIRECTION('',(1.,-0.));
#4413 = ( GEOMETRIC_REPRESENTATION_CONTEXT(2) 
PARAMETRIC_REPRESENTATION_CONTEXT() REPRESENTATION_CONTEXT('2D SPACE',''
  ) );
#4414 = FACE_BOUND('',#4415,.T.);
#4415 = EDGE_LOOP('',(#4416));
#4416 = ORIENTED_EDGE('',*,*,#4417,.T.);
#4417 = EDGE_CURVE('',#4418,#4418,#4420,.T.);
#4418 = VERTEX_POINT('',#4419);
#4419 = CARTESIAN_POINT('',(100.45,600.,12.7));
#4420 = SURFACE_CURVE('',#4421,(#4426,#4437),.PCURVE_S1.);
#4421 = CIRCLE('',#4422,2.75);
#4422 = AXIS2_PLACEMENT_3D('',#4423,#4424,#4425);
#4423 = CARTESIAN_POINT('',(97.7,600.,12.7));
#4424 = DIRECTION('',(0.,0.,-1.));
#4425 = DIRECTION('',(1.,0.,0.));
#4426 = PCURVE('',#72,#4427);
#4427 = DEFINITIONAL_REPRESENTATION('',(#4428),#4436);
#4428 = ( BOUNDED_CURVE() B_SPLINE_CURVE(2,(#4429,#4430,#4431,#4432,
#4433,#4434,#4435),.UNSPECIFIED.,.T.,.F.) B_SPLINE_CURVE_WITH_KNOTS((1,2
    ,2,2,2,1),(-2.094395102393,0.,2.094395102393,4.188790204786,
6.28318530718,8.377580409573),.UNSPECIFIED.) CURVE() 
GEOMETRIC_REPRESENTATION_ITEM() RATIONAL_B_SPLINE_CURVE((1.,0.5,1.,0.5,
1.,0.5,1.)) REPRESENTATION_ITEM('') );
#4429 = CARTESIAN_POINT('',(-380.1117783434,-5.921311028275));
#4430 = CARTESIAN_POINT('',(-380.1117783434,-10.68445074909));
#4431 = CARTESIAN_POINT('',(-384.2367783434,-8.302880888683));
#4432 = CARTESIAN_POINT('',(-388.3617783434,-5.921311028275));
#4433 = CARTESIAN_POINT('',(-384.2367783434,-3.539741167868));
#4434 = CARTESIAN_POINT('',(-380.1117783434,-1.158171307461));
#4435 = CARTESIAN_POINT('',(-380.1117783434,-5.921311028275));
#4436 = ( GEOMETRIC_REPRESENTATION_CONTEXT(2) 
PARAMETRIC_REPRESENTATION_CONTEXT() REPRESENTATION_CONTEXT('2D SPACE',''
  ) );
#4437 = PCURVE('',#4438,#4443);
#4438 = CYLINDRICAL_SURFACE('',#4439,2.75);
#4439 = AXIS2_PLACEMENT_3D('',#4440,#4441,#4442);
#4440 = CARTESIAN_POINT('',(97.7,600.,-1.));
#4441 = DIRECTION('',(-0.,-0.,-1.));
#4442 = DIRECTION('',(1.,0.,0.));
#4443 = DEFINITIONAL_REPRESENTATION('',(#4444),#4448);
#4444 = LINE('',#4445,#4446);
#4445 = CARTESIAN_POINT('',(-6.28318530718,-13.7));
#4446 = VECTOR('',#4447,1.);
#4447 = DIRECTION('',(1.,-0.));
#4448 = ( GEOMETRIC_REPRESENTATION_CONTEXT(2) 
PARAMETRIC_REPRESENTATION_CONTEXT() REPRESENTATION_CONTEXT('2D SPACE',''
  ) );
#4449 = FACE_BOUND('',#4450,.T.);
#4450 = EDGE_LOOP('',(#4451));
#4451 = ORIENTED_EDGE('',*,*,#4452,.T.);
#4452 = EDGE_CURVE('',#4453,#4453,#4455,.T.);
#4453 = VERTEX_POINT('',#4454);
#4454 = CARTESIAN_POINT('',(200.45,600.,12.7));
#4455 = SURFACE_CURVE('',#4456,(#4461,#4472),.PCURVE_S1.);
#4456 = CIRCLE('',#4457,2.75);
#4457 = AXIS2_PLACEMENT_3D('',#4458,#4459,#4460);
#4458 = CARTESIAN_POINT('',(197.7,600.,12.7));
#4459 = DIRECTION('',(0.,0.,-1.));
#4460 = DIRECTION('',(1.,0.,0.));
#4461 = PCURVE('',#72,#4462);
#4462 = DEFINITIONAL_REPRESENTATION('',(#4463),#4471);
#4463 = ( BOUNDED_CURVE() B_SPLINE_CURVE(2,(#4464,#4465,#4466,#4467,
#4468,#4469,#4470),.UNSPECIFIED.,.T.,.F.) B_SPLINE_CURVE_WITH_KNOTS((1,2
    ,2,2,2,1),(-2.094395102393,0.,2.094395102393,4.188790204786,
6.28318530718,8.377580409573),.UNSPECIFIED.) CURVE() 
GEOMETRIC_REPRESENTATION_ITEM() RATIONAL_B_SPLINE_CURVE((1.,0.5,1.,0.5,
1.,0.5,1.)) REPRESENTATION_ITEM('') );
#4464 = CARTESIAN_POINT('',(-280.1117783434,-5.921311028275));
#4465 = CARTESIAN_POINT('',(-280.1117783434,-10.68445074909));
#4466 = CARTESIAN_POINT('',(-284.2367783434,-8.302880888683));
#4467 = CARTESIAN_POINT('',(-288.3617783434,-5.921311028275));
#4468 = CARTESIAN_POINT('',(-284.2367783434,-3.539741167868));
#4469 = CARTESIAN_POINT('',(-280.1117783434,-1.158171307461));
#4470 = CARTESIAN_POINT('',(-280.1117783434,-5.921311028275));
#4471 = ( GEOMETRIC_REPRESENTATION_CONTEXT(2) 
PARAMETRIC_REPRESENTATION_CONTEXT() REPRESENTATION_CONTEXT('2D SPACE',''
  ) );
#4472 = PCURVE('',#4473,#4478);
#4473 = CYLINDRICAL_SURFACE('',#4474,2.75);
#4474 = AXIS2_PLACEMENT_3D('',#4475,#4476,#4477);
#4475 = CARTESIAN_POINT('',(197.7,600.,-1.));
#4476 = DIRECTION('',(-0.,-0.,-1.));
#4477 = DIRECTION('',(1.,0.,0.));
#4478 = DEFINITIONAL_REPRESENTATION('',(#4479),#4483);
#4479 = LINE('',#4480,#4481);
#4480 = CARTESIAN_POINT('',(-6.28318530718,-13.7));
#4481 = VECTOR('',#4482,1.);
#4482 = DIRECTION('',(1.,-0.));
#4483 = ( GEOMETRIC_REPRESENTATION_CONTEXT(2) 
PARAMETRIC_REPRESENTATION_CONTEXT() REPRESENTATION_CONTEXT('2D SPACE',''
  ) );
#4484 = FACE_BOUND('',#4485,.T.);
#4485 = EDGE_LOOP('',(#4486));
#4486 = ORIENTED_EDGE('',*,*,#4487,.T.);
#4487 = EDGE_CURVE('',#4488,#4488,#4490,.T.);
#4488 = VERTEX_POINT('',#4489);
#4489 = CARTESIAN_POINT('',(117.05,798.5,12.7));
#4490 = SURFACE_CURVE('',#4491,(#4496,#4507),.PCURVE_S1.);
#4491 = CIRCLE('',#4492,2.85);
#4492 = AXIS2_PLACEMENT_3D('',#4493,#4494,#4495);
#4493 = CARTESIAN_POINT('',(114.2,798.5,12.7));
#4494 = DIRECTION('',(0.,0.,-1.));
#4495 = DIRECTION('',(1.,0.,0.));
#4496 = PCURVE('',#72,#4497);
#4497 = DEFINITIONAL_REPRESENTATION('',(#4498),#4506);
#4498 = ( BOUNDED_CURVE() B_SPLINE_CURVE(2,(#4499,#4500,#4501,#4502,
#4503,#4504,#4505),.UNSPECIFIED.,.T.,.F.) B_SPLINE_CURVE_WITH_KNOTS((1,2
    ,2,2,2,1),(-2.094395102393,0.,2.094395102393,4.188790204786,
6.28318530718,8.377580409573),.UNSPECIFIED.) CURVE() 
GEOMETRIC_REPRESENTATION_ITEM() RATIONAL_B_SPLINE_CURVE((1.,0.5,1.,0.5,
1.,0.5,1.)) REPRESENTATION_ITEM('') );
#4499 = CARTESIAN_POINT('',(-363.5117783434,192.57868897172));
#4500 = CARTESIAN_POINT('',(-363.5117783434,187.64234417015));
#4501 = CARTESIAN_POINT('',(-367.7867783434,190.11051657093));
#4502 = CARTESIAN_POINT('',(-372.0617783434,192.57868897172));
#4503 = CARTESIAN_POINT('',(-367.7867783434,195.04686137251));
#4504 = CARTESIAN_POINT('',(-363.5117783434,197.51503377329));
#4505 = CARTESIAN_POINT('',(-363.5117783434,192.57868897172));
#4506 = ( GEOMETRIC_REPRESENTATION_CONTEXT(2) 
PARAMETRIC_REPRESENTATION_CONTEXT() REPRESENTATION_CONTEXT('2D SPACE',''
  ) );
#4507 = PCURVE('',#1932,#4508);
#4508 = DEFINITIONAL_REPRESENTATION('',(#4509),#4513);
#4509 = LINE('',#4510,#4511);
#4510 = CARTESIAN_POINT('',(-6.28318530718,-13.7));
#4511 = VECTOR('',#4512,1.);
#4512 = DIRECTION('',(1.,-0.));
#4513 = ( GEOMETRIC_REPRESENTATION_CONTEXT(2) 
PARAMETRIC_REPRESENTATION_CONTEXT() REPRESENTATION_CONTEXT('2D SPACE',''
  ) );
#4514 = FACE_BOUND('',#4515,.T.);
#4515 = EDGE_LOOP('',(#4516));
#4516 = ORIENTED_EDGE('',*,*,#4517,.T.);
#4517 = EDGE_CURVE('',#4518,#4518,#4520,.T.);
#4518 = VERTEX_POINT('',#4519);
#4519 = CARTESIAN_POINT('',(40.45,850.,12.7));
#4520 = SURFACE_CURVE('',#4521,(#4526,#4537),.PCURVE_S1.);
#4521 = CIRCLE('',#4522,2.75);
#4522 = AXIS2_PLACEMENT_3D('',#4523,#4524,#4525);
#4523 = CARTESIAN_POINT('',(37.7,850.,12.7));
#4524 = DIRECTION('',(0.,0.,-1.));
#4525 = DIRECTION('',(1.,0.,0.));
#4526 = PCURVE('',#72,#4527);
#4527 = DEFINITIONAL_REPRESENTATION('',(#4528),#4536);
#4528 = ( BOUNDED_CURVE() B_SPLINE_CURVE(2,(#4529,#4530,#4531,#4532,
#4533,#4534,#4535),.UNSPECIFIED.,.T.,.F.) B_SPLINE_CURVE_WITH_KNOTS((1,2
    ,2,2,2,1),(-2.094395102393,0.,2.094395102393,4.188790204786,
6.28318530718,8.377580409573),.UNSPECIFIED.) CURVE() 
GEOMETRIC_REPRESENTATION_ITEM() RATIONAL_B_SPLINE_CURVE((1.,0.5,1.,0.5,
1.,0.5,1.)) REPRESENTATION_ITEM('') );
#4529 = CARTESIAN_POINT('',(-440.1117783434,244.07868897172));
#4530 = CARTESIAN_POINT('',(-440.1117783434,239.31554925091));
#4531 = CARTESIAN_POINT('',(-444.2367783434,241.69711911131));
#4532 = CARTESIAN_POINT('',(-448.3617783434,244.07868897172));
#4533 = CARTESIAN_POINT('',(-444.2367783434,246.46025883213));
#4534 = CARTESIAN_POINT('',(-440.1117783434,248.84182869253));
#4535 = CARTESIAN_POINT('',(-440.1117783434,244.07868897172));
#4536 = ( GEOMETRIC_REPRESENTATION_CONTEXT(2) 
PARAMETRIC_REPRESENTATION_CONTEXT() REPRESENTATION_CONTEXT('2D SPACE',''
  ) );
#4537 = PCURVE('',#4538,#4543);
#4538 = CYLINDRICAL_SURFACE('',#4539,2.75);
#4539 = AXIS2_PLACEMENT_3D('',#4540,#4541,#4542);
#4540 = CARTESIAN_POINT('',(37.7,850.,-1.));
#4541 = DIRECTION('',(-0.,-0.,-1.));
#4542 = DIRECTION('',(1.,0.,0.));
#4543 = DEFINITIONAL_REPRESENTATION('',(#4544),#4548);
#4544 = LINE('',#4545,#4546);
#4545 = CARTESIAN_POINT('',(-6.28318530718,-13.7));
#4546 = VECTOR('',#4547,1.);
#4547 = DIRECTION('',(1.,-0.));
#4548 = ( GEOMETRIC_REPRESENTATION_CONTEXT(2) 
PARAMETRIC_REPRESENTATION_CONTEXT() REPRESENTATION_CONTEXT('2D SPACE',''
  ) );
#4549 = FACE_BOUND('',#4550,.T.);
#4550 = EDGE_LOOP('',(#4551));
#4551 = ORIENTED_EDGE('',*,*,#4552,.T.);
#4552 = EDGE_CURVE('',#4553,#4553,#4555,.T.);
#4553 = VERTEX_POINT('',#4554);
#4554 = CARTESIAN_POINT('',(140.45,850.,12.7));
#4555 = SURFACE_CURVE('',#4556,(#4561,#4572),.PCURVE_S1.);
#4556 = CIRCLE('',#4557,2.75);
#4557 = AXIS2_PLACEMENT_3D('',#4558,#4559,#4560);
#4558 = CARTESIAN_POINT('',(137.7,850.,12.7));
#4559 = DIRECTION('',(0.,0.,-1.));
#4560 = DIRECTION('',(1.,0.,0.));
#4561 = PCURVE('',#72,#4562);
#4562 = DEFINITIONAL_REPRESENTATION('',(#4563),#4571);
#4563 = ( BOUNDED_CURVE() B_SPLINE_CURVE(2,(#4564,#4565,#4566,#4567,
#4568,#4569,#4570),.UNSPECIFIED.,.T.,.F.) B_SPLINE_CURVE_WITH_KNOTS((1,2
    ,2,2,2,1),(-2.094395102393,0.,2.094395102393,4.188790204786,
6.28318530718,8.377580409573),.UNSPECIFIED.) CURVE() 
GEOMETRIC_REPRESENTATION_ITEM() RATIONAL_B_SPLINE_CURVE((1.,0.5,1.,0.5,
1.,0.5,1.)) REPRESENTATION_ITEM('') );
#4564 = CARTESIAN_POINT('',(-340.1117783434,244.07868897172));
#4565 = CARTESIAN_POINT('',(-340.1117783434,239.31554925091));
#4566 = CARTESIAN_POINT('',(-344.2367783434,241.69711911131));
#4567 = CARTESIAN_POINT('',(-348.3617783434,244.07868897172));
#4568 = CARTESIAN_POINT('',(-344.2367783434,246.46025883213));
#4569 = CARTESIAN_POINT('',(-340.1117783434,248.84182869253));
#4570 = CARTESIAN_POINT('',(-340.1117783434,244.07868897172));
#4571 = ( GEOMETRIC_REPRESENTATION_CONTEXT(2) 
PARAMETRIC_REPRESENTATION_CONTEXT() REPRESENTATION_CONTEXT('2D SPACE',''
  ) );
#4572 = PCURVE('',#4573,#4578);
#4573 = CYLINDRICAL_SURFACE('',#4574,2.75);
#4574 = AXIS2_PLACEMENT_3D('',#4575,#4576,#4577);
#4575 = CARTESIAN_POINT('',(137.7,850.,-1.));
#4576 = DIRECTION('',(-0.,-0.,-1.));
#4577 = DIRECTION('',(1.,0.,0.));
#4578 = DEFINITIONAL_REPRESENTATION('',(#4579),#4583);
#4579 = LINE('',#4580,#4581);
#4580 = CARTESIAN_POINT('',(-6.28318530718,-13.7));
#4581 = VECTOR('',#4582,1.);
#4582 = DIRECTION('',(1.,-0.));
#4583 = ( GEOMETRIC_REPRESENTATION_CONTEXT(2) 
PARAMETRIC_REPRESENTATION_CONTEXT() REPRESENTATION_CONTEXT('2D SPACE',''
  ) );
#4584 = FACE_BOUND('',#4585,.T.);
#4585 = EDGE_LOOP('',(#4586));
#4586 = ORIENTED_EDGE('',*,*,#4587,.T.);
#4587 = EDGE_CURVE('',#4588,#4588,#4590,.T.);
#4588 = VERTEX_POINT('',#4589);
#4589 = CARTESIAN_POINT('',(240.45,850.,12.7));
#4590 = SURFACE_CURVE('',#4591,(#4596,#4607),.PCURVE_S1.);
#4591 = CIRCLE('',#4592,2.75);
#4592 = AXIS2_PLACEMENT_3D('',#4593,#4594,#4595);
#4593 = CARTESIAN_POINT('',(237.7,850.,12.7));
#4594 = DIRECTION('',(0.,0.,-1.));
#4595 = DIRECTION('',(1.,0.,0.));
#4596 = PCURVE('',#72,#4597);
#4597 = DEFINITIONAL_REPRESENTATION('',(#4598),#4606);
#4598 = ( BOUNDED_CURVE() B_SPLINE_CURVE(2,(#4599,#4600,#4601,#4602,
#4603,#4604,#4605),.UNSPECIFIED.,.T.,.F.) B_SPLINE_CURVE_WITH_KNOTS((1,2
    ,2,2,2,1),(-2.094395102393,0.,2.094395102393,4.188790204786,
6.28318530718,8.377580409573),.UNSPECIFIED.) CURVE() 
GEOMETRIC_REPRESENTATION_ITEM() RATIONAL_B_SPLINE_CURVE((1.,0.5,1.,0.5,
1.,0.5,1.)) REPRESENTATION_ITEM('') );
#4599 = CARTESIAN_POINT('',(-240.1117783434,244.07868897172));
#4600 = CARTESIAN_POINT('',(-240.1117783434,239.31554925091));
#4601 = CARTESIAN_POINT('',(-244.2367783434,241.69711911131));
#4602 = CARTESIAN_POINT('',(-248.3617783434,244.07868897172));
#4603 = CARTESIAN_POINT('',(-244.2367783434,246.46025883213));
#4604 = CARTESIAN_POINT('',(-240.1117783434,248.84182869253));
#4605 = CARTESIAN_POINT('',(-240.1117783434,244.07868897172));
#4606 = ( GEOMETRIC_REPRESENTATION_CONTEXT(2) 
PARAMETRIC_REPRESENTATION_CONTEXT() REPRESENTATION_CONTEXT('2D SPACE',''
  ) );
#4607 = PCURVE('',#4608,#4613);
#4608 = CYLINDRICAL_SURFACE('',#4609,2.75);
#4609 = AXIS2_PLACEMENT_3D('',#4610,#4611,#4612);
#4610 = CARTESIAN_POINT('',(237.7,850.,-1.));
#4611 = DIRECTION('',(-0.,-0.,-1.));
#4612 = DIRECTION('',(1.,0.,0.));
#4613 = DEFINITIONAL_REPRESENTATION('',(#4614),#4618);
#4614 = LINE('',#4615,#4616);
#4615 = CARTESIAN_POINT('',(-6.28318530718,-13.7));
#4616 = VECTOR('',#4617,1.);
#4617 = DIRECTION('',(1.,-0.));
#4618 = ( GEOMETRIC_REPRESENTATION_CONTEXT(2) 
PARAMETRIC_REPRESENTATION_CONTEXT() REPRESENTATION_CONTEXT('2D SPACE',''
  ) );
#4619 = FACE_BOUND('',#4620,.T.);
#4620 = EDGE_LOOP('',(#4621));
#4621 = ORIENTED_EDGE('',*,*,#4622,.T.);
#4622 = EDGE_CURVE('',#4623,#4623,#4625,.T.);
#4623 = VERTEX_POINT('',#4624);
#4624 = CARTESIAN_POINT('',(300.45,600.,12.7));
#4625 = SURFACE_CURVE('',#4626,(#4631,#4642),.PCURVE_S1.);
#4626 = CIRCLE('',#4627,2.75);
#4627 = AXIS2_PLACEMENT_3D('',#4628,#4629,#4630);
#4628 = CARTESIAN_POINT('',(297.7,600.,12.7));
#4629 = DIRECTION('',(0.,0.,-1.));
#4630 = DIRECTION('',(1.,0.,0.));
#4631 = PCURVE('',#72,#4632);
#4632 = DEFINITIONAL_REPRESENTATION('',(#4633),#4641);
#4633 = ( BOUNDED_CURVE() B_SPLINE_CURVE(2,(#4634,#4635,#4636,#4637,
#4638,#4639,#4640),.UNSPECIFIED.,.T.,.F.) B_SPLINE_CURVE_WITH_KNOTS((1,2
    ,2,2,2,1),(-2.094395102393,0.,2.094395102393,4.188790204786,
6.28318530718,8.377580409573),.UNSPECIFIED.) CURVE() 
GEOMETRIC_REPRESENTATION_ITEM() RATIONAL_B_SPLINE_CURVE((1.,0.5,1.,0.5,
1.,0.5,1.)) REPRESENTATION_ITEM('') );
#4634 = CARTESIAN_POINT('',(-180.1117783434,-5.921311028275));
#4635 = CARTESIAN_POINT('',(-180.1117783434,-10.68445074909));
#4636 = CARTESIAN_POINT('',(-184.2367783434,-8.302880888683));
#4637 = CARTESIAN_POINT('',(-188.3617783434,-5.921311028275));
#4638 = CARTESIAN_POINT('',(-184.2367783434,-3.539741167868));
#4639 = CARTESIAN_POINT('',(-180.1117783434,-1.158171307461));
#4640 = CARTESIAN_POINT('',(-180.1117783434,-5.921311028275));
#4641 = ( GEOMETRIC_REPRESENTATION_CONTEXT(2) 
PARAMETRIC_REPRESENTATION_CONTEXT() REPRESENTATION_CONTEXT('2D SPACE',''
  ) );
#4642 = PCURVE('',#4643,#4648);
#4643 = CYLINDRICAL_SURFACE('',#4644,2.75);
#4644 = AXIS2_PLACEMENT_3D('',#4645,#4646,#4647);
#4645 = CARTESIAN_POINT('',(297.7,600.,-1.));
#4646 = DIRECTION('',(-0.,-0.,-1.));
#4647 = DIRECTION('',(1.,0.,0.));
#4648 = DEFINITIONAL_REPRESENTATION('',(#4649),#4653);
#4649 = LINE('',#4650,#4651);
#4650 = CARTESIAN_POINT('',(-6.28318530718,-13.7));
#4651 = VECTOR('',#4652,1.);
#4652 = DIRECTION('',(1.,-0.));
#4653 = ( GEOMETRIC_REPRESENTATION_CONTEXT(2) 
PARAMETRIC_REPRESENTATION_CONTEXT() REPRESENTATION_CONTEXT('2D SPACE',''
  ) );
#4654 = FACE_BOUND('',#4655,.T.);
#4655 = EDGE_LOOP('',(#4656));
#4656 = ORIENTED_EDGE('',*,*,#4657,.T.);
#4657 = EDGE_CURVE('',#4658,#4658,#4660,.T.);
#4658 = VERTEX_POINT('',#4659);
#4659 = CARTESIAN_POINT('',(400.45,600.,12.7));
#4660 = SURFACE_CURVE('',#4661,(#4666,#4677),.PCURVE_S1.);
#4661 = CIRCLE('',#4662,2.75);
#4662 = AXIS2_PLACEMENT_3D('',#4663,#4664,#4665);
#4663 = CARTESIAN_POINT('',(397.7,600.,12.7));
#4664 = DIRECTION('',(0.,0.,-1.));
#4665 = DIRECTION('',(1.,0.,0.));
#4666 = PCURVE('',#72,#4667);
#4667 = DEFINITIONAL_REPRESENTATION('',(#4668),#4676);
#4668 = ( BOUNDED_CURVE() B_SPLINE_CURVE(2,(#4669,#4670,#4671,#4672,
#4673,#4674,#4675),.UNSPECIFIED.,.T.,.F.) B_SPLINE_CURVE_WITH_KNOTS((1,2
    ,2,2,2,1),(-2.094395102393,0.,2.094395102393,4.188790204786,
6.28318530718,8.377580409573),.UNSPECIFIED.) CURVE() 
GEOMETRIC_REPRESENTATION_ITEM() RATIONAL_B_SPLINE_CURVE((1.,0.5,1.,0.5,
1.,0.5,1.)) REPRESENTATION_ITEM('') );
#4669 = CARTESIAN_POINT('',(-80.11177834348,-5.921311028275));
#4670 = CARTESIAN_POINT('',(-80.11177834348,-10.68445074909));
#4671 = CARTESIAN_POINT('',(-84.23677834348,-8.302880888683));
#4672 = CARTESIAN_POINT('',(-88.36177834348,-5.921311028275));
#4673 = CARTESIAN_POINT('',(-84.23677834348,-3.539741167868));
#4674 = CARTESIAN_POINT('',(-80.11177834348,-1.158171307461));
#4675 = CARTESIAN_POINT('',(-80.11177834348,-5.921311028275));
#4676 = ( GEOMETRIC_REPRESENTATION_CONTEXT(2) 
PARAMETRIC_REPRESENTATION_CONTEXT() REPRESENTATION_CONTEXT('2D SPACE',''
  ) );
#4677 = PCURVE('',#4678,#4683);
#4678 = CYLINDRICAL_SURFACE('',#4679,2.75);
#4679 = AXIS2_PLACEMENT_3D('',#4680,#4681,#4682);
#4680 = CARTESIAN_POINT('',(397.7,600.,-1.));
#4681 = DIRECTION('',(-0.,-0.,-1.));
#4682 = DIRECTION('',(1.,0.,0.));
#4683 = DEFINITIONAL_REPRESENTATION('',(#4684),#4688);
#4684 = LINE('',#4685,#4686);
#4685 = CARTESIAN_POINT('',(-6.28318530718,-13.7));
#4686 = VECTOR('',#4687,1.);
#4687 = DIRECTION('',(1.,-0.));
#4688 = ( GEOMETRIC_REPRESENTATION_CONTEXT(2) 
PARAMETRIC_REPRESENTATION_CONTEXT() REPRESENTATION_CONTEXT('2D SPACE',''
  ) );
#4689 = FACE_BOUND('',#4690,.T.);
#4690 = EDGE_LOOP('',(#4691));
#4691 = ORIENTED_EDGE('',*,*,#4692,.T.);
#4692 = EDGE_CURVE('',#4693,#4693,#4695,.T.);
#4693 = VERTEX_POINT('',#4694);
#4694 = CARTESIAN_POINT('',(340.45,850.,12.7));
#4695 = SURFACE_CURVE('',#4696,(#4701,#4712),.PCURVE_S1.);
#4696 = CIRCLE('',#4697,2.75);
#4697 = AXIS2_PLACEMENT_3D('',#4698,#4699,#4700);
#4698 = CARTESIAN_POINT('',(337.7,850.,12.7));
#4699 = DIRECTION('',(0.,0.,-1.));
#4700 = DIRECTION('',(1.,0.,0.));
#4701 = PCURVE('',#72,#4702);
#4702 = DEFINITIONAL_REPRESENTATION('',(#4703),#4711);
#4703 = ( BOUNDED_CURVE() B_SPLINE_CURVE(2,(#4704,#4705,#4706,#4707,
#4708,#4709,#4710),.UNSPECIFIED.,.T.,.F.) B_SPLINE_CURVE_WITH_KNOTS((1,2
    ,2,2,2,1),(-2.094395102393,0.,2.094395102393,4.188790204786,
6.28318530718,8.377580409573),.UNSPECIFIED.) CURVE() 
GEOMETRIC_REPRESENTATION_ITEM() RATIONAL_B_SPLINE_CURVE((1.,0.5,1.,0.5,
1.,0.5,1.)) REPRESENTATION_ITEM('') );
#4704 = CARTESIAN_POINT('',(-140.1117783434,244.07868897172));
#4705 = CARTESIAN_POINT('',(-140.1117783434,239.31554925091));
#4706 = CARTESIAN_POINT('',(-144.2367783434,241.69711911131));
#4707 = CARTESIAN_POINT('',(-148.3617783434,244.07868897172));
#4708 = CARTESIAN_POINT('',(-144.2367783434,246.46025883213));
#4709 = CARTESIAN_POINT('',(-140.1117783434,248.84182869253));
#4710 = CARTESIAN_POINT('',(-140.1117783434,244.07868897172));
#4711 = ( GEOMETRIC_REPRESENTATION_CONTEXT(2) 
PARAMETRIC_REPRESENTATION_CONTEXT() REPRESENTATION_CONTEXT('2D SPACE',''
  ) );
#4712 = PCURVE('',#4713,#4718);
#4713 = CYLINDRICAL_SURFACE('',#4714,2.75);
#4714 = AXIS2_PLACEMENT_3D('',#4715,#4716,#4717);
#4715 = CARTESIAN_POINT('',(337.7,850.,-1.));
#4716 = DIRECTION('',(-0.,-0.,-1.));
#4717 = DIRECTION('',(1.,0.,0.));
#4718 = DEFINITIONAL_REPRESENTATION('',(#4719),#4723);
#4719 = LINE('',#4720,#4721);
#4720 = CARTESIAN_POINT('',(-6.28318530718,-13.7));
#4721 = VECTOR('',#4722,1.);
#4722 = DIRECTION('',(1.,-0.));
#4723 = ( GEOMETRIC_REPRESENTATION_CONTEXT(2) 
PARAMETRIC_REPRESENTATION_CONTEXT() REPRESENTATION_CONTEXT('2D SPACE',''
  ) );
#4724 = FACE_BOUND('',#4725,.T.);
#4725 = EDGE_LOOP('',(#4726));
#4726 = ORIENTED_EDGE('',*,*,#4727,.T.);
#4727 = EDGE_CURVE('',#4728,#4728,#4730,.T.);
#4728 = VERTEX_POINT('',#4729);
#4729 = CARTESIAN_POINT('',(377.05,798.5,12.7));
#4730 = SURFACE_CURVE('',#4731,(#4736,#4747),.PCURVE_S1.);
#4731 = CIRCLE('',#4732,2.85);
#4732 = AXIS2_PLACEMENT_3D('',#4733,#4734,#4735);
#4733 = CARTESIAN_POINT('',(374.2,798.5,12.7));
#4734 = DIRECTION('',(0.,0.,-1.));
#4735 = DIRECTION('',(1.,0.,0.));
#4736 = PCURVE('',#72,#4737);
#4737 = DEFINITIONAL_REPRESENTATION('',(#4738),#4746);
#4738 = ( BOUNDED_CURVE() B_SPLINE_CURVE(2,(#4739,#4740,#4741,#4742,
#4743,#4744,#4745),.UNSPECIFIED.,.T.,.F.) B_SPLINE_CURVE_WITH_KNOTS((1,2
    ,2,2,2,1),(-2.094395102393,0.,2.094395102393,4.188790204786,
6.28318530718,8.377580409573),.UNSPECIFIED.) CURVE() 
GEOMETRIC_REPRESENTATION_ITEM() RATIONAL_B_SPLINE_CURVE((1.,0.5,1.,0.5,
1.,0.5,1.)) REPRESENTATION_ITEM('') );
#4739 = CARTESIAN_POINT('',(-103.5117783434,192.57868897172));
#4740 = CARTESIAN_POINT('',(-103.5117783434,187.64234417015));
#4741 = CARTESIAN_POINT('',(-107.7867783434,190.11051657093));
#4742 = CARTESIAN_POINT('',(-112.0617783434,192.57868897172));
#4743 = CARTESIAN_POINT('',(-107.7867783434,195.04686137251));
#4744 = CARTESIAN_POINT('',(-103.5117783434,197.51503377329));
#4745 = CARTESIAN_POINT('',(-103.5117783434,192.57868897172));
#4746 = ( GEOMETRIC_REPRESENTATION_CONTEXT(2) 
PARAMETRIC_REPRESENTATION_CONTEXT() REPRESENTATION_CONTEXT('2D SPACE',''
  ) );
#4747 = PCURVE('',#2177,#4748);
#4748 = DEFINITIONAL_REPRESENTATION('',(#4749),#4753);
#4749 = LINE('',#4750,#4751);
#4750 = CARTESIAN_POINT('',(-6.28318530718,-13.7));
#4751 = VECTOR('',#4752,1.);
#4752 = DIRECTION('',(1.,-0.));
#4753 = ( GEOMETRIC_REPRESENTATION_CONTEXT(2) 
PARAMETRIC_REPRESENTATION_CONTEXT() REPRESENTATION_CONTEXT('2D SPACE',''
  ) );
#4754 = FACE_BOUND('',#4755,.T.);
#4755 = EDGE_LOOP('',(#4756));
#4756 = ORIENTED_EDGE('',*,*,#4757,.T.);
#4757 = EDGE_CURVE('',#4758,#4758,#4760,.T.);
#4758 = VERTEX_POINT('',#4759);
#4759 = CARTESIAN_POINT('',(440.45,850.,12.7));
#4760 = SURFACE_CURVE('',#4761,(#4766,#4777),.PCURVE_S1.);
#4761 = CIRCLE('',#4762,2.75);
#4762 = AXIS2_PLACEMENT_3D('',#4763,#4764,#4765);
#4763 = CARTESIAN_POINT('',(437.7,850.,12.7));
#4764 = DIRECTION('',(0.,0.,-1.));
#4765 = DIRECTION('',(1.,0.,0.));
#4766 = PCURVE('',#72,#4767);
#4767 = DEFINITIONAL_REPRESENTATION('',(#4768),#4776);
#4768 = ( BOUNDED_CURVE() B_SPLINE_CURVE(2,(#4769,#4770,#4771,#4772,
#4773,#4774,#4775),.UNSPECIFIED.,.T.,.F.) B_SPLINE_CURVE_WITH_KNOTS((1,2
    ,2,2,2,1),(-2.094395102393,0.,2.094395102393,4.188790204786,
6.28318530718,8.377580409573),.UNSPECIFIED.) CURVE() 
GEOMETRIC_REPRESENTATION_ITEM() RATIONAL_B_SPLINE_CURVE((1.,0.5,1.,0.5,
1.,0.5,1.)) REPRESENTATION_ITEM('') );
#4769 = CARTESIAN_POINT('',(-40.11177834348,244.07868897172));
#4770 = CARTESIAN_POINT('',(-40.11177834348,239.31554925091));
#4771 = CARTESIAN_POINT('',(-44.23677834348,241.69711911131));
#4772 = CARTESIAN_POINT('',(-48.36177834348,244.07868897172));
#4773 = CARTESIAN_POINT('',(-44.23677834348,246.46025883213));
#4774 = CARTESIAN_POINT('',(-40.11177834348,248.84182869253));
#4775 = CARTESIAN_POINT('',(-40.11177834348,244.07868897172));
#4776 = ( GEOMETRIC_REPRESENTATION_CONTEXT(2) 
PARAMETRIC_REPRESENTATION_CONTEXT() REPRESENTATION_CONTEXT('2D SPACE',''
  ) );
#4777 = PCURVE('',#4778,#4783);
#4778 = CYLINDRICAL_SURFACE('',#4779,2.75);
#4779 = AXIS2_PLACEMENT_3D('',#4780,#4781,#4782);
#4780 = CARTESIAN_POINT('',(437.7,850.,-1.));
#4781 = DIRECTION('',(-0.,-0.,-1.));
#4782 = DIRECTION('',(1.,0.,0.));
#4783 = DEFINITIONAL_REPRESENTATION('',(#4784),#4788);
#4784 = LINE('',#4785,#4786);
#4785 = CARTESIAN_POINT('',(-6.28318530718,-13.7));
#4786 = VECTOR('',#4787,1.);
#4787 = DIRECTION('',(1.,-0.));
#4788 = ( GEOMETRIC_REPRESENTATION_CONTEXT(2) 
PARAMETRIC_REPRESENTATION_CONTEXT() REPRESENTATION_CONTEXT('2D SPACE',''
  ) );
#4789 = FACE_BOUND('',#4790,.T.);
#4790 = EDGE_LOOP('',(#4791));
#4791 = ORIENTED_EDGE('',*,*,#4792,.T.);
#4792 = EDGE_CURVE('',#4793,#4793,#4795,.T.);
#4793 = VERTEX_POINT('',#4794);
#4794 = CARTESIAN_POINT('',(100.45,1.1E+03,12.7));
#4795 = SURFACE_CURVE('',#4796,(#4801,#4812),.PCURVE_S1.);
#4796 = CIRCLE('',#4797,2.75);
#4797 = AXIS2_PLACEMENT_3D('',#4798,#4799,#4800);
#4798 = CARTESIAN_POINT('',(97.7,1.1E+03,12.7));
#4799 = DIRECTION('',(0.,0.,-1.));
#4800 = DIRECTION('',(1.,0.,0.));
#4801 = PCURVE('',#72,#4802);
#4802 = DEFINITIONAL_REPRESENTATION('',(#4803),#4811);
#4803 = ( BOUNDED_CURVE() B_SPLINE_CURVE(2,(#4804,#4805,#4806,#4807,
#4808,#4809,#4810),.UNSPECIFIED.,.T.,.F.) B_SPLINE_CURVE_WITH_KNOTS((1,2
    ,2,2,2,1),(-2.094395102393,0.,2.094395102393,4.188790204786,
6.28318530718,8.377580409573),.UNSPECIFIED.) CURVE() 
GEOMETRIC_REPRESENTATION_ITEM() RATIONAL_B_SPLINE_CURVE((1.,0.5,1.,0.5,
1.,0.5,1.)) REPRESENTATION_ITEM('') );
#4804 = CARTESIAN_POINT('',(-380.1117783434,494.07868897172));
#4805 = CARTESIAN_POINT('',(-380.1117783434,489.31554925091));
#4806 = CARTESIAN_POINT('',(-384.2367783434,491.69711911131));
#4807 = CARTESIAN_POINT('',(-388.3617783434,494.07868897172));
#4808 = CARTESIAN_POINT('',(-384.2367783434,496.46025883213));
#4809 = CARTESIAN_POINT('',(-380.1117783434,498.84182869253));
#4810 = CARTESIAN_POINT('',(-380.1117783434,494.07868897172));
#4811 = ( GEOMETRIC_REPRESENTATION_CONTEXT(2) 
PARAMETRIC_REPRESENTATION_CONTEXT() REPRESENTATION_CONTEXT('2D SPACE',''
  ) );
#4812 = PCURVE('',#4813,#4818);
#4813 = CYLINDRICAL_SURFACE('',#4814,2.75);
#4814 = AXIS2_PLACEMENT_3D('',#4815,#4816,#4817);
#4815 = CARTESIAN_POINT('',(97.7,1.1E+03,-1.));
#4816 = DIRECTION('',(-0.,-0.,-1.));
#4817 = DIRECTION('',(1.,0.,0.));
#4818 = DEFINITIONAL_REPRESENTATION('',(#4819),#4823);
#4819 = LINE('',#4820,#4821);
#4820 = CARTESIAN_POINT('',(-6.28318530718,-13.7));
#4821 = VECTOR('',#4822,1.);
#4822 = DIRECTION('',(1.,-0.));
#4823 = ( GEOMETRIC_REPRESENTATION_CONTEXT(2) 
PARAMETRIC_REPRESENTATION_CONTEXT() REPRESENTATION_CONTEXT('2D SPACE',''
  ) );
#4824 = FACE_BOUND('',#4825,.T.);
#4825 = EDGE_LOOP('',(#4826));
#4826 = ORIENTED_EDGE('',*,*,#4827,.T.);
#4827 = EDGE_CURVE('',#4828,#4828,#4830,.T.);
#4828 = VERTEX_POINT('',#4829);
#4829 = CARTESIAN_POINT('',(117.05,1.1875E+03,12.7));
#4830 = SURFACE_CURVE('',#4831,(#4836,#4847),.PCURVE_S1.);
#4831 = CIRCLE('',#4832,2.85);
#4832 = AXIS2_PLACEMENT_3D('',#4833,#4834,#4835);
#4833 = CARTESIAN_POINT('',(114.2,1.1875E+03,12.7));
#4834 = DIRECTION('',(0.,0.,-1.));
#4835 = DIRECTION('',(1.,0.,0.));
#4836 = PCURVE('',#72,#4837);
#4837 = DEFINITIONAL_REPRESENTATION('',(#4838),#4846);
#4838 = ( BOUNDED_CURVE() B_SPLINE_CURVE(2,(#4839,#4840,#4841,#4842,
#4843,#4844,#4845),.UNSPECIFIED.,.T.,.F.) B_SPLINE_CURVE_WITH_KNOTS((1,2
    ,2,2,2,1),(-2.094395102393,0.,2.094395102393,4.188790204786,
6.28318530718,8.377580409573),.UNSPECIFIED.) CURVE() 
GEOMETRIC_REPRESENTATION_ITEM() RATIONAL_B_SPLINE_CURVE((1.,0.5,1.,0.5,
1.,0.5,1.)) REPRESENTATION_ITEM('') );
#4839 = CARTESIAN_POINT('',(-363.5117783434,581.57868897172));
#4840 = CARTESIAN_POINT('',(-363.5117783434,576.64234417015));
#4841 = CARTESIAN_POINT('',(-367.7867783434,579.11051657093));
#4842 = CARTESIAN_POINT('',(-372.0617783434,581.57868897172));
#4843 = CARTESIAN_POINT('',(-367.7867783434,584.04686137251));
#4844 = CARTESIAN_POINT('',(-363.5117783434,586.51503377329));
#4845 = CARTESIAN_POINT('',(-363.5117783434,581.57868897172));
#4846 = ( GEOMETRIC_REPRESENTATION_CONTEXT(2) 
PARAMETRIC_REPRESENTATION_CONTEXT() REPRESENTATION_CONTEXT('2D SPACE',''
  ) );
#4847 = PCURVE('',#2282,#4848);
#4848 = DEFINITIONAL_REPRESENTATION('',(#4849),#4853);
#4849 = LINE('',#4850,#4851);
#4850 = CARTESIAN_POINT('',(-6.28318530718,-13.7));
#4851 = VECTOR('',#4852,1.);
#4852 = DIRECTION('',(1.,-0.));
#4853 = ( GEOMETRIC_REPRESENTATION_CONTEXT(2) 
PARAMETRIC_REPRESENTATION_CONTEXT() REPRESENTATION_CONTEXT('2D SPACE',''
  ) );
#4854 = FACE_BOUND('',#4855,.T.);
#4855 = EDGE_LOOP('',(#4856));
#4856 = ORIENTED_EDGE('',*,*,#4857,.T.);
#4857 = EDGE_CURVE('',#4858,#4858,#4860,.T.);
#4858 = VERTEX_POINT('',#4859);
#4859 = CARTESIAN_POINT('',(200.45,1.1E+03,12.7));
#4860 = SURFACE_CURVE('',#4861,(#4866,#4877),.PCURVE_S1.);
#4861 = CIRCLE('',#4862,2.75);
#4862 = AXIS2_PLACEMENT_3D('',#4863,#4864,#4865);
#4863 = CARTESIAN_POINT('',(197.7,1.1E+03,12.7));
#4864 = DIRECTION('',(0.,0.,-1.));
#4865 = DIRECTION('',(1.,0.,0.));
#4866 = PCURVE('',#72,#4867);
#4867 = DEFINITIONAL_REPRESENTATION('',(#4868),#4876);
#4868 = ( BOUNDED_CURVE() B_SPLINE_CURVE(2,(#4869,#4870,#4871,#4872,
#4873,#4874,#4875),.UNSPECIFIED.,.T.,.F.) B_SPLINE_CURVE_WITH_KNOTS((1,2
    ,2,2,2,1),(-2.094395102393,0.,2.094395102393,4.188790204786,
6.28318530718,8.377580409573),.UNSPECIFIED.) CURVE() 
GEOMETRIC_REPRESENTATION_ITEM() RATIONAL_B_SPLINE_CURVE((1.,0.5,1.,0.5,
1.,0.5,1.)) REPRESENTATION_ITEM('') );
#4869 = CARTESIAN_POINT('',(-280.1117783434,494.07868897172));
#4870 = CARTESIAN_POINT('',(-280.1117783434,489.31554925091));
#4871 = CARTESIAN_POINT('',(-284.2367783434,491.69711911131));
#4872 = CARTESIAN_POINT('',(-288.3617783434,494.07868897172));
#4873 = CARTESIAN_POINT('',(-284.2367783434,496.46025883213));
#4874 = CARTESIAN_POINT('',(-280.1117783434,498.84182869253));
#4875 = CARTESIAN_POINT('',(-280.1117783434,494.07868897172));
#4876 = ( GEOMETRIC_REPRESENTATION_CONTEXT(2) 
PARAMETRIC_REPRESENTATION_CONTEXT() REPRESENTATION_CONTEXT('2D SPACE',''
  ) );
#4877 = PCURVE('',#4878,#4883);
#4878 = CYLINDRICAL_SURFACE('',#4879,2.75);
#4879 = AXIS2_PLACEMENT_3D('',#4880,#4881,#4882);
#4880 = CARTESIAN_POINT('',(197.7,1.1E+03,-1.));
#4881 = DIRECTION('',(-0.,-0.,-1.));
#4882 = DIRECTION('',(1.,0.,0.));
#4883 = DEFINITIONAL_REPRESENTATION('',(#4884),#4888);
#4884 = LINE('',#4885,#4886);
#4885 = CARTESIAN_POINT('',(-6.28318530718,-13.7));
#4886 = VECTOR('',#4887,1.);
#4887 = DIRECTION('',(1.,-0.));
#4888 = ( GEOMETRIC_REPRESENTATION_CONTEXT(2) 
PARAMETRIC_REPRESENTATION_CONTEXT() REPRESENTATION_CONTEXT('2D SPACE',''
  ) );
#4889 = FACE_BOUND('',#4890,.T.);
#4890 = EDGE_LOOP('',(#4891));
#4891 = ORIENTED_EDGE('',*,*,#4892,.T.);
#4892 = EDGE_CURVE('',#4893,#4893,#4895,.T.);
#4893 = VERTEX_POINT('',#4894);
#4894 = CARTESIAN_POINT('',(300.45,1.1E+03,12.7));
#4895 = SURFACE_CURVE('',#4896,(#4901,#4912),.PCURVE_S1.);
#4896 = CIRCLE('',#4897,2.75);
#4897 = AXIS2_PLACEMENT_3D('',#4898,#4899,#4900);
#4898 = CARTESIAN_POINT('',(297.7,1.1E+03,12.7));
#4899 = DIRECTION('',(0.,0.,-1.));
#4900 = DIRECTION('',(1.,0.,0.));
#4901 = PCURVE('',#72,#4902);
#4902 = DEFINITIONAL_REPRESENTATION('',(#4903),#4911);
#4903 = ( BOUNDED_CURVE() B_SPLINE_CURVE(2,(#4904,#4905,#4906,#4907,
#4908,#4909,#4910),.UNSPECIFIED.,.T.,.F.) B_SPLINE_CURVE_WITH_KNOTS((1,2
    ,2,2,2,1),(-2.094395102393,0.,2.094395102393,4.188790204786,
6.28318530718,8.377580409573),.UNSPECIFIED.) CURVE() 
GEOMETRIC_REPRESENTATION_ITEM() RATIONAL_B_SPLINE_CURVE((1.,0.5,1.,0.5,
1.,0.5,1.)) REPRESENTATION_ITEM('') );
#4904 = CARTESIAN_POINT('',(-180.1117783434,494.07868897172));
#4905 = CARTESIAN_POINT('',(-180.1117783434,489.31554925091));
#4906 = CARTESIAN_POINT('',(-184.2367783434,491.69711911131));
#4907 = CARTESIAN_POINT('',(-188.3617783434,494.07868897172));
#4908 = CARTESIAN_POINT('',(-184.2367783434,496.46025883213));
#4909 = CARTESIAN_POINT('',(-180.1117783434,498.84182869253));
#4910 = CARTESIAN_POINT('',(-180.1117783434,494.07868897172));
#4911 = ( GEOMETRIC_REPRESENTATION_CONTEXT(2) 
PARAMETRIC_REPRESENTATION_CONTEXT() REPRESENTATION_CONTEXT('2D SPACE',''
  ) );
#4912 = PCURVE('',#4913,#4918);
#4913 = CYLINDRICAL_SURFACE('',#4914,2.75);
#4914 = AXIS2_PLACEMENT_3D('',#4915,#4916,#4917);
#4915 = CARTESIAN_POINT('',(297.7,1.1E+03,-1.));
#4916 = DIRECTION('',(-0.,-0.,-1.));
#4917 = DIRECTION('',(1.,0.,0.));
#4918 = DEFINITIONAL_REPRESENTATION('',(#4919),#4923);
#4919 = LINE('',#4920,#4921);
#4920 = CARTESIAN_POINT('',(-6.28318530718,-13.7));
#4921 = VECTOR('',#4922,1.);
#4922 = DIRECTION('',(1.,-0.));
#4923 = ( GEOMETRIC_REPRESENTATION_CONTEXT(2) 
PARAMETRIC_REPRESENTATION_CONTEXT() REPRESENTATION_CONTEXT('2D SPACE',''
  ) );
#4924 = FACE_BOUND('',#4925,.T.);
#4925 = EDGE_LOOP('',(#4926));
#4926 = ORIENTED_EDGE('',*,*,#4927,.T.);
#4927 = EDGE_CURVE('',#4928,#4928,#4930,.T.);
#4928 = VERTEX_POINT('',#4929);
#4929 = CARTESIAN_POINT('',(400.45,1.1E+03,12.7));
#4930 = SURFACE_CURVE('',#4931,(#4936,#4947),.PCURVE_S1.);
#4931 = CIRCLE('',#4932,2.75);
#4932 = AXIS2_PLACEMENT_3D('',#4933,#4934,#4935);
#4933 = CARTESIAN_POINT('',(397.7,1.1E+03,12.7));
#4934 = DIRECTION('',(0.,0.,-1.));
#4935 = DIRECTION('',(1.,0.,0.));
#4936 = PCURVE('',#72,#4937);
#4937 = DEFINITIONAL_REPRESENTATION('',(#4938),#4946);
#4938 = ( BOUNDED_CURVE() B_SPLINE_CURVE(2,(#4939,#4940,#4941,#4942,
#4943,#4944,#4945),.UNSPECIFIED.,.T.,.F.) B_SPLINE_CURVE_WITH_KNOTS((1,2
    ,2,2,2,1),(-2.094395102393,0.,2.094395102393,4.188790204786,
6.28318530718,8.377580409573),.UNSPECIFIED.) CURVE() 
GEOMETRIC_REPRESENTATION_ITEM() RATIONAL_B_SPLINE_CURVE((1.,0.5,1.,0.5,
1.,0.5,1.)) REPRESENTATION_ITEM('') );
#4939 = CARTESIAN_POINT('',(-80.11177834348,494.07868897172));
#4940 = CARTESIAN_POINT('',(-80.11177834348,489.31554925091));
#4941 = CARTESIAN_POINT('',(-84.23677834348,491.69711911131));
#4942 = CARTESIAN_POINT('',(-88.36177834348,494.07868897172));
#4943 = CARTESIAN_POINT('',(-84.23677834348,496.46025883213));
#4944 = CARTESIAN_POINT('',(-80.11177834348,498.84182869253));
#4945 = CARTESIAN_POINT('',(-80.11177834348,494.07868897172));
#4946 = ( GEOMETRIC_REPRESENTATION_CONTEXT(2) 
PARAMETRIC_REPRESENTATION_CONTEXT() REPRESENTATION_CONTEXT('2D SPACE',''
  ) );
#4947 = PCURVE('',#4948,#4953);
#4948 = CYLINDRICAL_SURFACE('',#4949,2.75);
#4949 = AXIS2_PLACEMENT_3D('',#4950,#4951,#4952);
#4950 = CARTESIAN_POINT('',(397.7,1.1E+03,-1.));
#4951 = DIRECTION('',(-0.,-0.,-1.));
#4952 = DIRECTION('',(1.,0.,0.));
#4953 = DEFINITIONAL_REPRESENTATION('',(#4954),#4958);
#4954 = LINE('',#4955,#4956);
#4955 = CARTESIAN_POINT('',(-6.28318530718,-13.7));
#4956 = VECTOR('',#4957,1.);
#4957 = DIRECTION('',(1.,-0.));
#4958 = ( GEOMETRIC_REPRESENTATION_CONTEXT(2) 
PARAMETRIC_REPRESENTATION_CONTEXT() REPRESENTATION_CONTEXT('2D SPACE',''
  ) );
#4959 = FACE_BOUND('',#4960,.T.);
#4960 = EDGE_LOOP('',(#4961));
#4961 = ORIENTED_EDGE('',*,*,#4962,.T.);
#4962 = EDGE_CURVE('',#4963,#4963,#4965,.T.);
#4963 = VERTEX_POINT('',#4964);
#4964 = CARTESIAN_POINT('',(377.05,1.1875E+03,12.7));
#4965 = SURFACE_CURVE('',#4966,(#4971,#4982),.PCURVE_S1.);
#4966 = CIRCLE('',#4967,2.85);
#4967 = AXIS2_PLACEMENT_3D('',#4968,#4969,#4970);
#4968 = CARTESIAN_POINT('',(374.2,1.1875E+03,12.7));
#4969 = DIRECTION('',(0.,0.,-1.));
#4970 = DIRECTION('',(1.,0.,0.));
#4971 = PCURVE('',#72,#4972);
#4972 = DEFINITIONAL_REPRESENTATION('',(#4973),#4981);
#4973 = ( BOUNDED_CURVE() B_SPLINE_CURVE(2,(#4974,#4975,#4976,#4977,
#4978,#4979,#4980),.UNSPECIFIED.,.T.,.F.) B_SPLINE_CURVE_WITH_KNOTS((1,2
    ,2,2,2,1),(-2.094395102393,0.,2.094395102393,4.188790204786,
6.28318530718,8.377580409573),.UNSPECIFIED.) CURVE() 
GEOMETRIC_REPRESENTATION_ITEM() RATIONAL_B_SPLINE_CURVE((1.,0.5,1.,0.5,
1.,0.5,1.)) REPRESENTATION_ITEM('') );
#4974 = CARTESIAN_POINT('',(-103.5117783434,581.57868897172));
#4975 = CARTESIAN_POINT('',(-103.5117783434,576.64234417015));
#4976 = CARTESIAN_POINT('',(-107.7867783434,579.11051657093));
#4977 = CARTESIAN_POINT('',(-112.0617783434,581.57868897172));
#4978 = CARTESIAN_POINT('',(-107.7867783434,584.04686137251));
#4979 = CARTESIAN_POINT('',(-103.5117783434,586.51503377329));
#4980 = CARTESIAN_POINT('',(-103.5117783434,581.57868897172));
#4981 = ( GEOMETRIC_REPRESENTATION_CONTEXT(2) 
PARAMETRIC_REPRESENTATION_CONTEXT() REPRESENTATION_CONTEXT('2D SPACE',''
  ) );
#4982 = PCURVE('',#2422,#4983);
#4983 = DEFINITIONAL_REPRESENTATION('',(#4984),#4988);
#4984 = LINE('',#4985,#4986);
#4985 = CARTESIAN_POINT('',(-6.28318530718,-13.7));
#4986 = VECTOR('',#4987,1.);
#4987 = DIRECTION('',(1.,-0.));
#4988 = ( GEOMETRIC_REPRESENTATION_CONTEXT(2) 
PARAMETRIC_REPRESENTATION_CONTEXT() REPRESENTATION_CONTEXT('2D SPACE',''
  ) );
#4989 = FACE_BOUND('',#4990,.T.);
#4990 = EDGE_LOOP('',(#4991));
#4991 = ORIENTED_EDGE('',*,*,#4992,.T.);
#4992 = EDGE_CURVE('',#4993,#4993,#4995,.T.);
#4993 = VERTEX_POINT('',#4994);
#4994 = CARTESIAN_POINT('',(500.45,600.,12.7));
#4995 = SURFACE_CURVE('',#4996,(#5001,#5012),.PCURVE_S1.);
#4996 = CIRCLE('',#4997,2.75);
#4997 = AXIS2_PLACEMENT_3D('',#4998,#4999,#5000);
#4998 = CARTESIAN_POINT('',(497.7,600.,12.7));
#4999 = DIRECTION('',(0.,0.,-1.));
#5000 = DIRECTION('',(1.,0.,0.));
#5001 = PCURVE('',#72,#5002);
#5002 = DEFINITIONAL_REPRESENTATION('',(#5003),#5011);
#5003 = ( BOUNDED_CURVE() B_SPLINE_CURVE(2,(#5004,#5005,#5006,#5007,
#5008,#5009,#5010),.UNSPECIFIED.,.T.,.F.) B_SPLINE_CURVE_WITH_KNOTS((1,2
    ,2,2,2,1),(-2.094395102393,0.,2.094395102393,4.188790204786,
6.28318530718,8.377580409573),.UNSPECIFIED.) CURVE() 
GEOMETRIC_REPRESENTATION_ITEM() RATIONAL_B_SPLINE_CURVE((1.,0.5,1.,0.5,
1.,0.5,1.)) REPRESENTATION_ITEM('') );
#5004 = CARTESIAN_POINT('',(19.888221656514,-5.921311028275));
#5005 = CARTESIAN_POINT('',(19.888221656514,-10.68445074909));
#5006 = CARTESIAN_POINT('',(15.763221656514,-8.302880888683));
#5007 = CARTESIAN_POINT('',(11.638221656514,-5.921311028275));
#5008 = CARTESIAN_POINT('',(15.763221656514,-3.539741167868));
#5009 = CARTESIAN_POINT('',(19.888221656514,-1.158171307461));
#5010 = CARTESIAN_POINT('',(19.888221656514,-5.921311028275));
#5011 = ( GEOMETRIC_REPRESENTATION_CONTEXT(2) 
PARAMETRIC_REPRESENTATION_CONTEXT() REPRESENTATION_CONTEXT('2D SPACE',''
  ) );
#5012 = PCURVE('',#5013,#5018);
#5013 = CYLINDRICAL_SURFACE('',#5014,2.75);
#5014 = AXIS2_PLACEMENT_3D('',#5015,#5016,#5017);
#5015 = CARTESIAN_POINT('',(497.7,600.,-1.));
#5016 = DIRECTION('',(-0.,-0.,-1.));
#5017 = DIRECTION('',(1.,0.,0.));
#5018 = DEFINITIONAL_REPRESENTATION('',(#5019),#5023);
#5019 = LINE('',#5020,#5021);
#5020 = CARTESIAN_POINT('',(-6.28318530718,-13.7));
#5021 = VECTOR('',#5022,1.);
#5022 = DIRECTION('',(1.,-0.));
#5023 = ( GEOMETRIC_REPRESENTATION_CONTEXT(2) 
PARAMETRIC_REPRESENTATION_CONTEXT() REPRESENTATION_CONTEXT('2D SPACE',''
  ) );
#5024 = FACE_BOUND('',#5025,.T.);
#5025 = EDGE_LOOP('',(#5026));
#5026 = ORIENTED_EDGE('',*,*,#5027,.T.);
#5027 = EDGE_CURVE('',#5028,#5028,#5030,.T.);
#5028 = VERTEX_POINT('',#5029);
#5029 = CARTESIAN_POINT('',(600.45,600.,12.7));
#5030 = SURFACE_CURVE('',#5031,(#5036,#5047),.PCURVE_S1.);
#5031 = CIRCLE('',#5032,2.75);
#5032 = AXIS2_PLACEMENT_3D('',#5033,#5034,#5035);
#5033 = CARTESIAN_POINT('',(597.7,600.,12.7));
#5034 = DIRECTION('',(0.,0.,-1.));
#5035 = DIRECTION('',(1.,0.,0.));
#5036 = PCURVE('',#72,#5037);
#5037 = DEFINITIONAL_REPRESENTATION('',(#5038),#5046);
#5038 = ( BOUNDED_CURVE() B_SPLINE_CURVE(2,(#5039,#5040,#5041,#5042,
#5043,#5044,#5045),.UNSPECIFIED.,.T.,.F.) B_SPLINE_CURVE_WITH_KNOTS((1,2
    ,2,2,2,1),(-2.094395102393,0.,2.094395102393,4.188790204786,
6.28318530718,8.377580409573),.UNSPECIFIED.) CURVE() 
GEOMETRIC_REPRESENTATION_ITEM() RATIONAL_B_SPLINE_CURVE((1.,0.5,1.,0.5,
1.,0.5,1.)) REPRESENTATION_ITEM('') );
#5039 = CARTESIAN_POINT('',(119.88822165651,-5.921311028275));
#5040 = CARTESIAN_POINT('',(119.88822165651,-10.68445074909));
#5041 = CARTESIAN_POINT('',(115.76322165651,-8.302880888683));
#5042 = CARTESIAN_POINT('',(111.63822165651,-5.921311028275));
#5043 = CARTESIAN_POINT('',(115.76322165651,-3.539741167868));
#5044 = CARTESIAN_POINT('',(119.88822165651,-1.158171307461));
#5045 = CARTESIAN_POINT('',(119.88822165651,-5.921311028275));
#5046 = ( GEOMETRIC_REPRESENTATION_CONTEXT(2) 
PARAMETRIC_REPRESENTATION_CONTEXT() REPRESENTATION_CONTEXT('2D SPACE',''
  ) );
#5047 = PCURVE('',#5048,#5053);
#5048 = CYLINDRICAL_SURFACE('',#5049,2.75);
#5049 = AXIS2_PLACEMENT_3D('',#5050,#5051,#5052);
#5050 = CARTESIAN_POINT('',(597.7,600.,-1.));
#5051 = DIRECTION('',(-0.,-0.,-1.));
#5052 = DIRECTION('',(1.,0.,0.));
#5053 = DEFINITIONAL_REPRESENTATION('',(#5054),#5058);
#5054 = LINE('',#5055,#5056);
#5055 = CARTESIAN_POINT('',(-6.28318530718,-13.7));
#5056 = VECTOR('',#5057,1.);
#5057 = DIRECTION('',(1.,-0.));
#5058 = ( GEOMETRIC_REPRESENTATION_CONTEXT(2) 
PARAMETRIC_REPRESENTATION_CONTEXT() REPRESENTATION_CONTEXT('2D SPACE',''
  ) );
#5059 = FACE_BOUND('',#5060,.T.);
#5060 = EDGE_LOOP('',(#5061));
#5061 = ORIENTED_EDGE('',*,*,#5062,.T.);
#5062 = EDGE_CURVE('',#5063,#5063,#5065,.T.);
#5063 = VERTEX_POINT('',#5064);
#5064 = CARTESIAN_POINT('',(540.45,850.,12.7));
#5065 = SURFACE_CURVE('',#5066,(#5071,#5082),.PCURVE_S1.);
#5066 = CIRCLE('',#5067,2.75);
#5067 = AXIS2_PLACEMENT_3D('',#5068,#5069,#5070);
#5068 = CARTESIAN_POINT('',(537.7,850.,12.7));
#5069 = DIRECTION('',(0.,0.,-1.));
#5070 = DIRECTION('',(1.,0.,0.));
#5071 = PCURVE('',#72,#5072);
#5072 = DEFINITIONAL_REPRESENTATION('',(#5073),#5081);
#5073 = ( BOUNDED_CURVE() B_SPLINE_CURVE(2,(#5074,#5075,#5076,#5077,
#5078,#5079,#5080),.UNSPECIFIED.,.T.,.F.) B_SPLINE_CURVE_WITH_KNOTS((1,2
    ,2,2,2,1),(-2.094395102393,0.,2.094395102393,4.188790204786,
6.28318530718,8.377580409573),.UNSPECIFIED.) CURVE() 
GEOMETRIC_REPRESENTATION_ITEM() RATIONAL_B_SPLINE_CURVE((1.,0.5,1.,0.5,
1.,0.5,1.)) REPRESENTATION_ITEM('') );
#5074 = CARTESIAN_POINT('',(59.888221656514,244.07868897172));
#5075 = CARTESIAN_POINT('',(59.888221656514,239.31554925091));
#5076 = CARTESIAN_POINT('',(55.763221656514,241.69711911131));
#5077 = CARTESIAN_POINT('',(51.638221656514,244.07868897172));
#5078 = CARTESIAN_POINT('',(55.763221656514,246.46025883213));
#5079 = CARTESIAN_POINT('',(59.888221656514,248.84182869253));
#5080 = CARTESIAN_POINT('',(59.888221656514,244.07868897172));
#5081 = ( GEOMETRIC_REPRESENTATION_CONTEXT(2) 
PARAMETRIC_REPRESENTATION_CONTEXT() REPRESENTATION_CONTEXT('2D SPACE',''
  ) );
#5082 = PCURVE('',#5083,#5088);
#5083 = CYLINDRICAL_SURFACE('',#5084,2.75);
#5084 = AXIS2_PLACEMENT_3D('',#5085,#5086,#5087);
#5085 = CARTESIAN_POINT('',(537.7,850.,-1.));
#5086 = DIRECTION('',(-0.,-0.,-1.));
#5087 = DIRECTION('',(1.,0.,0.));
#5088 = DEFINITIONAL_REPRESENTATION('',(#5089),#5093);
#5089 = LINE('',#5090,#5091);
#5090 = CARTESIAN_POINT('',(-6.28318530718,-13.7));
#5091 = VECTOR('',#5092,1.);
#5092 = DIRECTION('',(1.,-0.));
#5093 = ( GEOMETRIC_REPRESENTATION_CONTEXT(2) 
PARAMETRIC_REPRESENTATION_CONTEXT() REPRESENTATION_CONTEXT('2D SPACE',''
  ) );
#5094 = FACE_BOUND('',#5095,.T.);
#5095 = EDGE_LOOP('',(#5096));
#5096 = ORIENTED_EDGE('',*,*,#5097,.T.);
#5097 = EDGE_CURVE('',#5098,#5098,#5100,.T.);
#5098 = VERTEX_POINT('',#5099);
#5099 = CARTESIAN_POINT('',(597.05,798.5,12.7));
#5100 = SURFACE_CURVE('',#5101,(#5106,#5117),.PCURVE_S1.);
#5101 = CIRCLE('',#5102,2.85);
#5102 = AXIS2_PLACEMENT_3D('',#5103,#5104,#5105);
#5103 = CARTESIAN_POINT('',(594.2,798.5,12.7));
#5104 = DIRECTION('',(0.,0.,-1.));
#5105 = DIRECTION('',(1.,0.,0.));
#5106 = PCURVE('',#72,#5107);
#5107 = DEFINITIONAL_REPRESENTATION('',(#5108),#5116);
#5108 = ( BOUNDED_CURVE() B_SPLINE_CURVE(2,(#5109,#5110,#5111,#5112,
#5113,#5114,#5115),.UNSPECIFIED.,.T.,.F.) B_SPLINE_CURVE_WITH_KNOTS((1,2
    ,2,2,2,1),(-2.094395102393,0.,2.094395102393,4.188790204786,
6.28318530718,8.377580409573),.UNSPECIFIED.) CURVE() 
GEOMETRIC_REPRESENTATION_ITEM() RATIONAL_B_SPLINE_CURVE((1.,0.5,1.,0.5,
1.,0.5,1.)) REPRESENTATION_ITEM('') );
#5109 = CARTESIAN_POINT('',(116.48822165651,192.57868897172));
#5110 = CARTESIAN_POINT('',(116.48822165651,187.64234417015));
#5111 = CARTESIAN_POINT('',(112.21322165651,190.11051657093));
#5112 = CARTESIAN_POINT('',(107.93822165651,192.57868897172));
#5113 = CARTESIAN_POINT('',(112.21322165651,195.04686137251));
#5114 = CARTESIAN_POINT('',(116.48822165651,197.51503377329));
#5115 = CARTESIAN_POINT('',(116.48822165651,192.57868897172));
#5116 = ( GEOMETRIC_REPRESENTATION_CONTEXT(2) 
PARAMETRIC_REPRESENTATION_CONTEXT() REPRESENTATION_CONTEXT('2D SPACE',''
  ) );
#5117 = PCURVE('',#2562,#5118);
#5118 = DEFINITIONAL_REPRESENTATION('',(#5119),#5123);
#5119 = LINE('',#5120,#5121);
#5120 = CARTESIAN_POINT('',(-6.28318530718,-13.7));
#5121 = VECTOR('',#5122,1.);
#5122 = DIRECTION('',(1.,-0.));
#5123 = ( GEOMETRIC_REPRESENTATION_CONTEXT(2) 
PARAMETRIC_REPRESENTATION_CONTEXT() REPRESENTATION_CONTEXT('2D SPACE',''
  ) );
#5124 = FACE_BOUND('',#5125,.T.);
#5125 = EDGE_LOOP('',(#5126));
#5126 = ORIENTED_EDGE('',*,*,#5127,.T.);
#5127 = EDGE_CURVE('',#5128,#5128,#5130,.T.);
#5128 = VERTEX_POINT('',#5129);
#5129 = CARTESIAN_POINT('',(640.45,850.,12.7));
#5130 = SURFACE_CURVE('',#5131,(#5136,#5147),.PCURVE_S1.);
#5131 = CIRCLE('',#5132,2.75);
#5132 = AXIS2_PLACEMENT_3D('',#5133,#5134,#5135);
#5133 = CARTESIAN_POINT('',(637.7,850.,12.7));
#5134 = DIRECTION('',(0.,0.,-1.));
#5135 = DIRECTION('',(1.,0.,0.));
#5136 = PCURVE('',#72,#5137);
#5137 = DEFINITIONAL_REPRESENTATION('',(#5138),#5146);
#5138 = ( BOUNDED_CURVE() B_SPLINE_CURVE(2,(#5139,#5140,#5141,#5142,
#5143,#5144,#5145),.UNSPECIFIED.,.T.,.F.) B_SPLINE_CURVE_WITH_KNOTS((1,2
    ,2,2,2,1),(-2.094395102393,0.,2.094395102393,4.188790204786,
6.28318530718,8.377580409573),.UNSPECIFIED.) CURVE() 
GEOMETRIC_REPRESENTATION_ITEM() RATIONAL_B_SPLINE_CURVE((1.,0.5,1.,0.5,
1.,0.5,1.)) REPRESENTATION_ITEM('') );
#5139 = CARTESIAN_POINT('',(159.88822165651,244.07868897172));
#5140 = CARTESIAN_POINT('',(159.88822165651,239.31554925091));
#5141 = CARTESIAN_POINT('',(155.76322165651,241.69711911131));
#5142 = CARTESIAN_POINT('',(151.63822165651,244.07868897172));
#5143 = CARTESIAN_POINT('',(155.76322165651,246.46025883213));
#5144 = CARTESIAN_POINT('',(159.88822165651,248.84182869253));
#5145 = CARTESIAN_POINT('',(159.88822165651,244.07868897172));
#5146 = ( GEOMETRIC_REPRESENTATION_CONTEXT(2) 
PARAMETRIC_REPRESENTATION_CONTEXT() REPRESENTATION_CONTEXT('2D SPACE',''
  ) );
#5147 = PCURVE('',#5148,#5153);
#5148 = CYLINDRICAL_SURFACE('',#5149,2.75);
#5149 = AXIS2_PLACEMENT_3D('',#5150,#5151,#5152);
#5150 = CARTESIAN_POINT('',(637.7,850.,-1.));
#5151 = DIRECTION('',(-0.,-0.,-1.));
#5152 = DIRECTION('',(1.,0.,0.));
#5153 = DEFINITIONAL_REPRESENTATION('',(#5154),#5158);
#5154 = LINE('',#5155,#5156);
#5155 = CARTESIAN_POINT('',(-6.28318530718,-13.7));
#5156 = VECTOR('',#5157,1.);
#5157 = DIRECTION('',(1.,-0.));
#5158 = ( GEOMETRIC_REPRESENTATION_CONTEXT(2) 
PARAMETRIC_REPRESENTATION_CONTEXT() REPRESENTATION_CONTEXT('2D SPACE',''
  ) );
#5159 = FACE_BOUND('',#5160,.T.);
#5160 = EDGE_LOOP('',(#5161));
#5161 = ORIENTED_EDGE('',*,*,#5162,.T.);
#5162 = EDGE_CURVE('',#5163,#5163,#5165,.T.);
#5163 = VERTEX_POINT('',#5164);
#5164 = CARTESIAN_POINT('',(700.45,600.,12.7));
#5165 = SURFACE_CURVE('',#5166,(#5171,#5182),.PCURVE_S1.);
#5166 = CIRCLE('',#5167,2.75);
#5167 = AXIS2_PLACEMENT_3D('',#5168,#5169,#5170);
#5168 = CARTESIAN_POINT('',(697.7,600.,12.7));
#5169 = DIRECTION('',(0.,0.,-1.));
#5170 = DIRECTION('',(1.,0.,0.));
#5171 = PCURVE('',#72,#5172);
#5172 = DEFINITIONAL_REPRESENTATION('',(#5173),#5181);
#5173 = ( BOUNDED_CURVE() B_SPLINE_CURVE(2,(#5174,#5175,#5176,#5177,
#5178,#5179,#5180),.UNSPECIFIED.,.T.,.F.) B_SPLINE_CURVE_WITH_KNOTS((1,2
    ,2,2,2,1),(-2.094395102393,0.,2.094395102393,4.188790204786,
6.28318530718,8.377580409573),.UNSPECIFIED.) CURVE() 
GEOMETRIC_REPRESENTATION_ITEM() RATIONAL_B_SPLINE_CURVE((1.,0.5,1.,0.5,
1.,0.5,1.)) REPRESENTATION_ITEM('') );
#5174 = CARTESIAN_POINT('',(219.88822165651,-5.921311028275));
#5175 = CARTESIAN_POINT('',(219.88822165651,-10.68445074909));
#5176 = CARTESIAN_POINT('',(215.76322165651,-8.302880888683));
#5177 = CARTESIAN_POINT('',(211.63822165651,-5.921311028275));
#5178 = CARTESIAN_POINT('',(215.76322165651,-3.539741167868));
#5179 = CARTESIAN_POINT('',(219.88822165651,-1.158171307461));
#5180 = CARTESIAN_POINT('',(219.88822165651,-5.921311028275));
#5181 = ( GEOMETRIC_REPRESENTATION_CONTEXT(2) 
PARAMETRIC_REPRESENTATION_CONTEXT() REPRESENTATION_CONTEXT('2D SPACE',''
  ) );
#5182 = PCURVE('',#5183,#5188);
#5183 = CYLINDRICAL_SURFACE('',#5184,2.75);
#5184 = AXIS2_PLACEMENT_3D('',#5185,#5186,#5187);
#5185 = CARTESIAN_POINT('',(697.7,600.,-1.));
#5186 = DIRECTION('',(-0.,-0.,-1.));
#5187 = DIRECTION('',(1.,0.,0.));
#5188 = DEFINITIONAL_REPRESENTATION('',(#5189),#5193);
#5189 = LINE('',#5190,#5191);
#5190 = CARTESIAN_POINT('',(-6.28318530718,-13.7));
#5191 = VECTOR('',#5192,1.);
#5192 = DIRECTION('',(1.,-0.));
#5193 = ( GEOMETRIC_REPRESENTATION_CONTEXT(2) 
PARAMETRIC_REPRESENTATION_CONTEXT() REPRESENTATION_CONTEXT('2D SPACE',''
  ) );
#5194 = FACE_BOUND('',#5195,.T.);
#5195 = EDGE_LOOP('',(#5196));
#5196 = ORIENTED_EDGE('',*,*,#5197,.T.);
#5197 = EDGE_CURVE('',#5198,#5198,#5200,.T.);
#5198 = VERTEX_POINT('',#5199);
#5199 = CARTESIAN_POINT('',(800.45,600.,12.7));
#5200 = SURFACE_CURVE('',#5201,(#5206,#5217),.PCURVE_S1.);
#5201 = CIRCLE('',#5202,2.75);
#5202 = AXIS2_PLACEMENT_3D('',#5203,#5204,#5205);
#5203 = CARTESIAN_POINT('',(797.7,600.,12.7));
#5204 = DIRECTION('',(0.,0.,-1.));
#5205 = DIRECTION('',(1.,0.,0.));
#5206 = PCURVE('',#72,#5207);
#5207 = DEFINITIONAL_REPRESENTATION('',(#5208),#5216);
#5208 = ( BOUNDED_CURVE() B_SPLINE_CURVE(2,(#5209,#5210,#5211,#5212,
#5213,#5214,#5215),.UNSPECIFIED.,.T.,.F.) B_SPLINE_CURVE_WITH_KNOTS((1,2
    ,2,2,2,1),(-2.094395102393,0.,2.094395102393,4.188790204786,
6.28318530718,8.377580409573),.UNSPECIFIED.) CURVE() 
GEOMETRIC_REPRESENTATION_ITEM() RATIONAL_B_SPLINE_CURVE((1.,0.5,1.,0.5,
1.,0.5,1.)) REPRESENTATION_ITEM('') );
#5209 = CARTESIAN_POINT('',(319.88822165651,-5.921311028275));
#5210 = CARTESIAN_POINT('',(319.88822165651,-10.68445074909));
#5211 = CARTESIAN_POINT('',(315.76322165651,-8.302880888683));
#5212 = CARTESIAN_POINT('',(311.63822165651,-5.921311028275));
#5213 = CARTESIAN_POINT('',(315.76322165651,-3.539741167868));
#5214 = CARTESIAN_POINT('',(319.88822165651,-1.158171307461));
#5215 = CARTESIAN_POINT('',(319.88822165651,-5.921311028275));
#5216 = ( GEOMETRIC_REPRESENTATION_CONTEXT(2) 
PARAMETRIC_REPRESENTATION_CONTEXT() REPRESENTATION_CONTEXT('2D SPACE',''
  ) );
#5217 = PCURVE('',#5218,#5223);
#5218 = CYLINDRICAL_SURFACE('',#5219,2.75);
#5219 = AXIS2_PLACEMENT_3D('',#5220,#5221,#5222);
#5220 = CARTESIAN_POINT('',(797.7,600.,-1.));
#5221 = DIRECTION('',(-0.,-0.,-1.));
#5222 = DIRECTION('',(1.,0.,0.));
#5223 = DEFINITIONAL_REPRESENTATION('',(#5224),#5228);
#5224 = LINE('',#5225,#5226);
#5225 = CARTESIAN_POINT('',(-6.28318530718,-13.7));
#5226 = VECTOR('',#5227,1.);
#5227 = DIRECTION('',(1.,-0.));
#5228 = ( GEOMETRIC_REPRESENTATION_CONTEXT(2) 
PARAMETRIC_REPRESENTATION_CONTEXT() REPRESENTATION_CONTEXT('2D SPACE',''
  ) );
#5229 = FACE_BOUND('',#5230,.T.);
#5230 = EDGE_LOOP('',(#5231));
#5231 = ORIENTED_EDGE('',*,*,#5232,.T.);
#5232 = EDGE_CURVE('',#5233,#5233,#5235,.T.);
#5233 = VERTEX_POINT('',#5234);
#5234 = CARTESIAN_POINT('',(900.45,600.,12.7));
#5235 = SURFACE_CURVE('',#5236,(#5241,#5252),.PCURVE_S1.);
#5236 = CIRCLE('',#5237,2.75);
#5237 = AXIS2_PLACEMENT_3D('',#5238,#5239,#5240);
#5238 = CARTESIAN_POINT('',(897.7,600.,12.7));
#5239 = DIRECTION('',(0.,0.,-1.));
#5240 = DIRECTION('',(1.,0.,0.));
#5241 = PCURVE('',#72,#5242);
#5242 = DEFINITIONAL_REPRESENTATION('',(#5243),#5251);
#5243 = ( BOUNDED_CURVE() B_SPLINE_CURVE(2,(#5244,#5245,#5246,#5247,
#5248,#5249,#5250),.UNSPECIFIED.,.T.,.F.) B_SPLINE_CURVE_WITH_KNOTS((1,2
    ,2,2,2,1),(-2.094395102393,0.,2.094395102393,4.188790204786,
6.28318530718,8.377580409573),.UNSPECIFIED.) CURVE() 
GEOMETRIC_REPRESENTATION_ITEM() RATIONAL_B_SPLINE_CURVE((1.,0.5,1.,0.5,
1.,0.5,1.)) REPRESENTATION_ITEM('') );
#5244 = CARTESIAN_POINT('',(419.88822165651,-5.921311028275));
#5245 = CARTESIAN_POINT('',(419.88822165651,-10.68445074909));
#5246 = CARTESIAN_POINT('',(415.76322165651,-8.302880888683));
#5247 = CARTESIAN_POINT('',(411.63822165651,-5.921311028275));
#5248 = CARTESIAN_POINT('',(415.76322165651,-3.539741167868));
#5249 = CARTESIAN_POINT('',(419.88822165651,-1.158171307461));
#5250 = CARTESIAN_POINT('',(419.88822165651,-5.921311028275));
#5251 = ( GEOMETRIC_REPRESENTATION_CONTEXT(2) 
PARAMETRIC_REPRESENTATION_CONTEXT() REPRESENTATION_CONTEXT('2D SPACE',''
  ) );
#5252 = PCURVE('',#5253,#5258);
#5253 = CYLINDRICAL_SURFACE('',#5254,2.75);
#5254 = AXIS2_PLACEMENT_3D('',#5255,#5256,#5257);
#5255 = CARTESIAN_POINT('',(897.7,600.,-1.));
#5256 = DIRECTION('',(-0.,-0.,-1.));
#5257 = DIRECTION('',(1.,0.,0.));
#5258 = DEFINITIONAL_REPRESENTATION('',(#5259),#5263);
#5259 = LINE('',#5260,#5261);
#5260 = CARTESIAN_POINT('',(-6.28318530718,-13.7));
#5261 = VECTOR('',#5262,1.);
#5262 = DIRECTION('',(1.,-0.));
#5263 = ( GEOMETRIC_REPRESENTATION_CONTEXT(2) 
PARAMETRIC_REPRESENTATION_CONTEXT() REPRESENTATION_CONTEXT('2D SPACE',''
  ) );
#5264 = FACE_BOUND('',#5265,.T.);
#5265 = EDGE_LOOP('',(#5266));
#5266 = ORIENTED_EDGE('',*,*,#5267,.T.);
#5267 = EDGE_CURVE('',#5268,#5268,#5270,.T.);
#5268 = VERTEX_POINT('',#5269);
#5269 = CARTESIAN_POINT('',(740.45,850.,12.7));
#5270 = SURFACE_CURVE('',#5271,(#5276,#5287),.PCURVE_S1.);
#5271 = CIRCLE('',#5272,2.75);
#5272 = AXIS2_PLACEMENT_3D('',#5273,#5274,#5275);
#5273 = CARTESIAN_POINT('',(737.7,850.,12.7));
#5274 = DIRECTION('',(0.,0.,-1.));
#5275 = DIRECTION('',(1.,0.,0.));
#5276 = PCURVE('',#72,#5277);
#5277 = DEFINITIONAL_REPRESENTATION('',(#5278),#5286);
#5278 = ( BOUNDED_CURVE() B_SPLINE_CURVE(2,(#5279,#5280,#5281,#5282,
#5283,#5284,#5285),.UNSPECIFIED.,.T.,.F.) B_SPLINE_CURVE_WITH_KNOTS((1,2
    ,2,2,2,1),(-2.094395102393,0.,2.094395102393,4.188790204786,
6.28318530718,8.377580409573),.UNSPECIFIED.) CURVE() 
GEOMETRIC_REPRESENTATION_ITEM() RATIONAL_B_SPLINE_CURVE((1.,0.5,1.,0.5,
1.,0.5,1.)) REPRESENTATION_ITEM('') );
#5279 = CARTESIAN_POINT('',(259.88822165651,244.07868897172));
#5280 = CARTESIAN_POINT('',(259.88822165651,239.31554925091));
#5281 = CARTESIAN_POINT('',(255.76322165651,241.69711911131));
#5282 = CARTESIAN_POINT('',(251.63822165651,244.07868897172));
#5283 = CARTESIAN_POINT('',(255.76322165651,246.46025883213));
#5284 = CARTESIAN_POINT('',(259.88822165651,248.84182869253));
#5285 = CARTESIAN_POINT('',(259.88822165651,244.07868897172));
#5286 = ( GEOMETRIC_REPRESENTATION_CONTEXT(2) 
PARAMETRIC_REPRESENTATION_CONTEXT() REPRESENTATION_CONTEXT('2D SPACE',''
  ) );
#5287 = PCURVE('',#5288,#5293);
#5288 = CYLINDRICAL_SURFACE('',#5289,2.75);
#5289 = AXIS2_PLACEMENT_3D('',#5290,#5291,#5292);
#5290 = CARTESIAN_POINT('',(737.7,850.,-1.));
#5291 = DIRECTION('',(-0.,-0.,-1.));
#5292 = DIRECTION('',(1.,0.,0.));
#5293 = DEFINITIONAL_REPRESENTATION('',(#5294),#5298);
#5294 = LINE('',#5295,#5296);
#5295 = CARTESIAN_POINT('',(-6.28318530718,-13.7));
#5296 = VECTOR('',#5297,1.);
#5297 = DIRECTION('',(1.,-0.));
#5298 = ( GEOMETRIC_REPRESENTATION_CONTEXT(2) 
PARAMETRIC_REPRESENTATION_CONTEXT() REPRESENTATION_CONTEXT('2D SPACE',''
  ) );
#5299 = FACE_BOUND('',#5300,.T.);
#5300 = EDGE_LOOP('',(#5301));
#5301 = ORIENTED_EDGE('',*,*,#5302,.T.);
#5302 = EDGE_CURVE('',#5303,#5303,#5305,.T.);
#5303 = VERTEX_POINT('',#5304);
#5304 = CARTESIAN_POINT('',(857.05,798.5,12.7));
#5305 = SURFACE_CURVE('',#5306,(#5311,#5322),.PCURVE_S1.);
#5306 = CIRCLE('',#5307,2.85);
#5307 = AXIS2_PLACEMENT_3D('',#5308,#5309,#5310);
#5308 = CARTESIAN_POINT('',(854.2,798.5,12.7));
#5309 = DIRECTION('',(0.,0.,-1.));
#5310 = DIRECTION('',(1.,0.,0.));
#5311 = PCURVE('',#72,#5312);
#5312 = DEFINITIONAL_REPRESENTATION('',(#5313),#5321);
#5313 = ( BOUNDED_CURVE() B_SPLINE_CURVE(2,(#5314,#5315,#5316,#5317,
#5318,#5319,#5320),.UNSPECIFIED.,.T.,.F.) B_SPLINE_CURVE_WITH_KNOTS((1,2
    ,2,2,2,1),(-2.094395102393,0.,2.094395102393,4.188790204786,
6.28318530718,8.377580409573),.UNSPECIFIED.) CURVE() 
GEOMETRIC_REPRESENTATION_ITEM() RATIONAL_B_SPLINE_CURVE((1.,0.5,1.,0.5,
1.,0.5,1.)) REPRESENTATION_ITEM('') );
#5314 = CARTESIAN_POINT('',(376.48822165651,192.57868897172));
#5315 = CARTESIAN_POINT('',(376.48822165651,187.64234417015));
#5316 = CARTESIAN_POINT('',(372.21322165651,190.11051657093));
#5317 = CARTESIAN_POINT('',(367.93822165651,192.57868897172));
#5318 = CARTESIAN_POINT('',(372.21322165651,195.04686137251));
#5319 = CARTESIAN_POINT('',(376.48822165651,197.51503377329));
#5320 = CARTESIAN_POINT('',(376.48822165651,192.57868897172));
#5321 = ( GEOMETRIC_REPRESENTATION_CONTEXT(2) 
PARAMETRIC_REPRESENTATION_CONTEXT() REPRESENTATION_CONTEXT('2D SPACE',''
  ) );
#5322 = PCURVE('',#2772,#5323);
#5323 = DEFINITIONAL_REPRESENTATION('',(#5324),#5328);
#5324 = LINE('',#5325,#5326);
#5325 = CARTESIAN_POINT('',(-6.28318530718,-13.7));
#5326 = VECTOR('',#5327,1.);
#5327 = DIRECTION('',(1.,-0.));
#5328 = ( GEOMETRIC_REPRESENTATION_CONTEXT(2) 
PARAMETRIC_REPRESENTATION_CONTEXT() REPRESENTATION_CONTEXT('2D SPACE',''
  ) );
#5329 = FACE_BOUND('',#5330,.T.);
#5330 = EDGE_LOOP('',(#5331));
#5331 = ORIENTED_EDGE('',*,*,#5332,.T.);
#5332 = EDGE_CURVE('',#5333,#5333,#5335,.T.);
#5333 = VERTEX_POINT('',#5334);
#5334 = CARTESIAN_POINT('',(840.45,850.,12.7));
#5335 = SURFACE_CURVE('',#5336,(#5341,#5352),.PCURVE_S1.);
#5336 = CIRCLE('',#5337,2.75);
#5337 = AXIS2_PLACEMENT_3D('',#5338,#5339,#5340);
#5338 = CARTESIAN_POINT('',(837.7,850.,12.7));
#5339 = DIRECTION('',(0.,0.,-1.));
#5340 = DIRECTION('',(1.,0.,0.));
#5341 = PCURVE('',#72,#5342);
#5342 = DEFINITIONAL_REPRESENTATION('',(#5343),#5351);
#5343 = ( BOUNDED_CURVE() B_SPLINE_CURVE(2,(#5344,#5345,#5346,#5347,
#5348,#5349,#5350),.UNSPECIFIED.,.T.,.F.) B_SPLINE_CURVE_WITH_KNOTS((1,2
    ,2,2,2,1),(-2.094395102393,0.,2.094395102393,4.188790204786,
6.28318530718,8.377580409573),.UNSPECIFIED.) CURVE() 
GEOMETRIC_REPRESENTATION_ITEM() RATIONAL_B_SPLINE_CURVE((1.,0.5,1.,0.5,
1.,0.5,1.)) REPRESENTATION_ITEM('') );
#5344 = CARTESIAN_POINT('',(359.88822165651,244.07868897172));
#5345 = CARTESIAN_POINT('',(359.88822165651,239.31554925091));
#5346 = CARTESIAN_POINT('',(355.76322165651,241.69711911131));
#5347 = CARTESIAN_POINT('',(351.63822165651,244.07868897172));
#5348 = CARTESIAN_POINT('',(355.76322165651,246.46025883213));
#5349 = CARTESIAN_POINT('',(359.88822165651,248.84182869253));
#5350 = CARTESIAN_POINT('',(359.88822165651,244.07868897172));
#5351 = ( GEOMETRIC_REPRESENTATION_CONTEXT(2) 
PARAMETRIC_REPRESENTATION_CONTEXT() REPRESENTATION_CONTEXT('2D SPACE',''
  ) );
#5352 = PCURVE('',#5353,#5358);
#5353 = CYLINDRICAL_SURFACE('',#5354,2.75);
#5354 = AXIS2_PLACEMENT_3D('',#5355,#5356,#5357);
#5355 = CARTESIAN_POINT('',(837.7,850.,-1.));
#5356 = DIRECTION('',(-0.,-0.,-1.));
#5357 = DIRECTION('',(1.,0.,0.));
#5358 = DEFINITIONAL_REPRESENTATION('',(#5359),#5363);
#5359 = LINE('',#5360,#5361);
#5360 = CARTESIAN_POINT('',(-6.28318530718,-13.7));
#5361 = VECTOR('',#5362,1.);
#5362 = DIRECTION('',(1.,-0.));
#5363 = ( GEOMETRIC_REPRESENTATION_CONTEXT(2) 
PARAMETRIC_REPRESENTATION_CONTEXT() REPRESENTATION_CONTEXT('2D SPACE',''
  ) );
#5364 = FACE_BOUND('',#5365,.T.);
#5365 = EDGE_LOOP('',(#5366));
#5366 = ORIENTED_EDGE('',*,*,#5367,.T.);
#5367 = EDGE_CURVE('',#5368,#5368,#5370,.T.);
#5368 = VERTEX_POINT('',#5369);
#5369 = CARTESIAN_POINT('',(500.45,1.1E+03,12.7));
#5370 = SURFACE_CURVE('',#5371,(#5376,#5387),.PCURVE_S1.);
#5371 = CIRCLE('',#5372,2.75);
#5372 = AXIS2_PLACEMENT_3D('',#5373,#5374,#5375);
#5373 = CARTESIAN_POINT('',(497.7,1.1E+03,12.7));
#5374 = DIRECTION('',(0.,0.,-1.));
#5375 = DIRECTION('',(1.,0.,0.));
#5376 = PCURVE('',#72,#5377);
#5377 = DEFINITIONAL_REPRESENTATION('',(#5378),#5386);
#5378 = ( BOUNDED_CURVE() B_SPLINE_CURVE(2,(#5379,#5380,#5381,#5382,
#5383,#5384,#5385),.UNSPECIFIED.,.T.,.F.) B_SPLINE_CURVE_WITH_KNOTS((1,2
    ,2,2,2,1),(-2.094395102393,0.,2.094395102393,4.188790204786,
6.28318530718,8.377580409573),.UNSPECIFIED.) CURVE() 
GEOMETRIC_REPRESENTATION_ITEM() RATIONAL_B_SPLINE_CURVE((1.,0.5,1.,0.5,
1.,0.5,1.)) REPRESENTATION_ITEM('') );
#5379 = CARTESIAN_POINT('',(19.888221656514,494.07868897172));
#5380 = CARTESIAN_POINT('',(19.888221656514,489.31554925091));
#5381 = CARTESIAN_POINT('',(15.763221656514,491.69711911131));
#5382 = CARTESIAN_POINT('',(11.638221656514,494.07868897172));
#5383 = CARTESIAN_POINT('',(15.763221656514,496.46025883213));
#5384 = CARTESIAN_POINT('',(19.888221656514,498.84182869253));
#5385 = CARTESIAN_POINT('',(19.888221656514,494.07868897172));
#5386 = ( GEOMETRIC_REPRESENTATION_CONTEXT(2) 
PARAMETRIC_REPRESENTATION_CONTEXT() REPRESENTATION_CONTEXT('2D SPACE',''
  ) );
#5387 = PCURVE('',#5388,#5393);
#5388 = CYLINDRICAL_SURFACE('',#5389,2.75);
#5389 = AXIS2_PLACEMENT_3D('',#5390,#5391,#5392);
#5390 = CARTESIAN_POINT('',(497.7,1.1E+03,-1.));
#5391 = DIRECTION('',(-0.,-0.,-1.));
#5392 = DIRECTION('',(1.,0.,0.));
#5393 = DEFINITIONAL_REPRESENTATION('',(#5394),#5398);
#5394 = LINE('',#5395,#5396);
#5395 = CARTESIAN_POINT('',(-6.28318530718,-13.7));
#5396 = VECTOR('',#5397,1.);
#5397 = DIRECTION('',(1.,-0.));
#5398 = ( GEOMETRIC_REPRESENTATION_CONTEXT(2) 
PARAMETRIC_REPRESENTATION_CONTEXT() REPRESENTATION_CONTEXT('2D SPACE',''
  ) );
#5399 = FACE_BOUND('',#5400,.T.);
#5400 = EDGE_LOOP('',(#5401));
#5401 = ORIENTED_EDGE('',*,*,#5402,.T.);
#5402 = EDGE_CURVE('',#5403,#5403,#5405,.T.);
#5403 = VERTEX_POINT('',#5404);
#5404 = CARTESIAN_POINT('',(600.45,1.1E+03,12.7));
#5405 = SURFACE_CURVE('',#5406,(#5411,#5422),.PCURVE_S1.);
#5406 = CIRCLE('',#5407,2.75);
#5407 = AXIS2_PLACEMENT_3D('',#5408,#5409,#5410);
#5408 = CARTESIAN_POINT('',(597.7,1.1E+03,12.7));
#5409 = DIRECTION('',(0.,0.,-1.));
#5410 = DIRECTION('',(1.,0.,0.));
#5411 = PCURVE('',#72,#5412);
#5412 = DEFINITIONAL_REPRESENTATION('',(#5413),#5421);
#5413 = ( BOUNDED_CURVE() B_SPLINE_CURVE(2,(#5414,#5415,#5416,#5417,
#5418,#5419,#5420),.UNSPECIFIED.,.T.,.F.) B_SPLINE_CURVE_WITH_KNOTS((1,2
    ,2,2,2,1),(-2.094395102393,0.,2.094395102393,4.188790204786,
6.28318530718,8.377580409573),.UNSPECIFIED.) CURVE() 
GEOMETRIC_REPRESENTATION_ITEM() RATIONAL_B_SPLINE_CURVE((1.,0.5,1.,0.5,
1.,0.5,1.)) REPRESENTATION_ITEM('') );
#5414 = CARTESIAN_POINT('',(119.88822165651,494.07868897172));
#5415 = CARTESIAN_POINT('',(119.88822165651,489.31554925091));
#5416 = CARTESIAN_POINT('',(115.76322165651,491.69711911131));
#5417 = CARTESIAN_POINT('',(111.63822165651,494.07868897172));
#5418 = CARTESIAN_POINT('',(115.76322165651,496.46025883213));
#5419 = CARTESIAN_POINT('',(119.88822165651,498.84182869253));
#5420 = CARTESIAN_POINT('',(119.88822165651,494.07868897172));
#5421 = ( GEOMETRIC_REPRESENTATION_CONTEXT(2) 
PARAMETRIC_REPRESENTATION_CONTEXT() REPRESENTATION_CONTEXT('2D SPACE',''
  ) );
#5422 = PCURVE('',#5423,#5428);
#5423 = CYLINDRICAL_SURFACE('',#5424,2.75);
#5424 = AXIS2_PLACEMENT_3D('',#5425,#5426,#5427);
#5425 = CARTESIAN_POINT('',(597.7,1.1E+03,-1.));
#5426 = DIRECTION('',(-0.,-0.,-1.));
#5427 = DIRECTION('',(1.,0.,0.));
#5428 = DEFINITIONAL_REPRESENTATION('',(#5429),#5433);
#5429 = LINE('',#5430,#5431);
#5430 = CARTESIAN_POINT('',(-6.28318530718,-13.7));
#5431 = VECTOR('',#5432,1.);
#5432 = DIRECTION('',(1.,-0.));
#5433 = ( GEOMETRIC_REPRESENTATION_CONTEXT(2) 
PARAMETRIC_REPRESENTATION_CONTEXT() REPRESENTATION_CONTEXT('2D SPACE',''
  ) );
#5434 = FACE_BOUND('',#5435,.T.);
#5435 = EDGE_LOOP('',(#5436));
#5436 = ORIENTED_EDGE('',*,*,#5437,.T.);
#5437 = EDGE_CURVE('',#5438,#5438,#5440,.T.);
#5438 = VERTEX_POINT('',#5439);
#5439 = CARTESIAN_POINT('',(597.05,1.1875E+03,12.7));
#5440 = SURFACE_CURVE('',#5441,(#5446,#5457),.PCURVE_S1.);
#5441 = CIRCLE('',#5442,2.85);
#5442 = AXIS2_PLACEMENT_3D('',#5443,#5444,#5445);
#5443 = CARTESIAN_POINT('',(594.2,1.1875E+03,12.7));
#5444 = DIRECTION('',(0.,0.,-1.));
#5445 = DIRECTION('',(1.,0.,0.));
#5446 = PCURVE('',#72,#5447);
#5447 = DEFINITIONAL_REPRESENTATION('',(#5448),#5456);
#5448 = ( BOUNDED_CURVE() B_SPLINE_CURVE(2,(#5449,#5450,#5451,#5452,
#5453,#5454,#5455),.UNSPECIFIED.,.T.,.F.) B_SPLINE_CURVE_WITH_KNOTS((1,2
    ,2,2,2,1),(-2.094395102393,0.,2.094395102393,4.188790204786,
6.28318530718,8.377580409573),.UNSPECIFIED.) CURVE() 
GEOMETRIC_REPRESENTATION_ITEM() RATIONAL_B_SPLINE_CURVE((1.,0.5,1.,0.5,
1.,0.5,1.)) REPRESENTATION_ITEM('') );
#5449 = CARTESIAN_POINT('',(116.48822165651,581.57868897172));
#5450 = CARTESIAN_POINT('',(116.48822165651,576.64234417015));
#5451 = CARTESIAN_POINT('',(112.21322165651,579.11051657093));
#5452 = CARTESIAN_POINT('',(107.93822165651,581.57868897172));
#5453 = CARTESIAN_POINT('',(112.21322165651,584.04686137251));
#5454 = CARTESIAN_POINT('',(116.48822165651,586.51503377329));
#5455 = CARTESIAN_POINT('',(116.48822165651,581.57868897172));
#5456 = ( GEOMETRIC_REPRESENTATION_CONTEXT(2) 
PARAMETRIC_REPRESENTATION_CONTEXT() REPRESENTATION_CONTEXT('2D SPACE',''
  ) );
#5457 = PCURVE('',#2912,#5458);
#5458 = DEFINITIONAL_REPRESENTATION('',(#5459),#5463);
#5459 = LINE('',#5460,#5461);
#5460 = CARTESIAN_POINT('',(-6.28318530718,-13.7));
#5461 = VECTOR('',#5462,1.);
#5462 = DIRECTION('',(1.,-0.));
#5463 = ( GEOMETRIC_REPRESENTATION_CONTEXT(2) 
PARAMETRIC_REPRESENTATION_CONTEXT() REPRESENTATION_CONTEXT('2D SPACE',''
  ) );
#5464 = FACE_BOUND('',#5465,.T.);
#5465 = EDGE_LOOP('',(#5466));
#5466 = ORIENTED_EDGE('',*,*,#5467,.T.);
#5467 = EDGE_CURVE('',#5468,#5468,#5470,.T.);
#5468 = VERTEX_POINT('',#5469);
#5469 = CARTESIAN_POINT('',(700.45,1.1E+03,12.7));
#5470 = SURFACE_CURVE('',#5471,(#5476,#5487),.PCURVE_S1.);
#5471 = CIRCLE('',#5472,2.75);
#5472 = AXIS2_PLACEMENT_3D('',#5473,#5474,#5475);
#5473 = CARTESIAN_POINT('',(697.7,1.1E+03,12.7));
#5474 = DIRECTION('',(0.,0.,-1.));
#5475 = DIRECTION('',(1.,0.,0.));
#5476 = PCURVE('',#72,#5477);
#5477 = DEFINITIONAL_REPRESENTATION('',(#5478),#5486);
#5478 = ( BOUNDED_CURVE() B_SPLINE_CURVE(2,(#5479,#5480,#5481,#5482,
#5483,#5484,#5485),.UNSPECIFIED.,.T.,.F.) B_SPLINE_CURVE_WITH_KNOTS((1,2
    ,2,2,2,1),(-2.094395102393,0.,2.094395102393,4.188790204786,
6.28318530718,8.377580409573),.UNSPECIFIED.) CURVE() 
GEOMETRIC_REPRESENTATION_ITEM() RATIONAL_B_SPLINE_CURVE((1.,0.5,1.,0.5,
1.,0.5,1.)) REPRESENTATION_ITEM('') );
#5479 = CARTESIAN_POINT('',(219.88822165651,494.07868897172));
#5480 = CARTESIAN_POINT('',(219.88822165651,489.31554925091));
#5481 = CARTESIAN_POINT('',(215.76322165651,491.69711911131));
#5482 = CARTESIAN_POINT('',(211.63822165651,494.07868897172));
#5483 = CARTESIAN_POINT('',(215.76322165651,496.46025883213));
#5484 = CARTESIAN_POINT('',(219.88822165651,498.84182869253));
#5485 = CARTESIAN_POINT('',(219.88822165651,494.07868897172));
#5486 = ( GEOMETRIC_REPRESENTATION_CONTEXT(2) 
PARAMETRIC_REPRESENTATION_CONTEXT() REPRESENTATION_CONTEXT('2D SPACE',''
  ) );
#5487 = PCURVE('',#5488,#5493);
#5488 = CYLINDRICAL_SURFACE('',#5489,2.75);
#5489 = AXIS2_PLACEMENT_3D('',#5490,#5491,#5492);
#5490 = CARTESIAN_POINT('',(697.7,1.1E+03,-1.));
#5491 = DIRECTION('',(-0.,-0.,-1.));
#5492 = DIRECTION('',(1.,0.,0.));
#5493 = DEFINITIONAL_REPRESENTATION('',(#5494),#5498);
#5494 = LINE('',#5495,#5496);
#5495 = CARTESIAN_POINT('',(-6.28318530718,-13.7));
#5496 = VECTOR('',#5497,1.);
#5497 = DIRECTION('',(1.,-0.));
#5498 = ( GEOMETRIC_REPRESENTATION_CONTEXT(2) 
PARAMETRIC_REPRESENTATION_CONTEXT() REPRESENTATION_CONTEXT('2D SPACE',''
  ) );
#5499 = FACE_BOUND('',#5500,.T.);
#5500 = EDGE_LOOP('',(#5501));
#5501 = ORIENTED_EDGE('',*,*,#5502,.T.);
#5502 = EDGE_CURVE('',#5503,#5503,#5505,.T.);
#5503 = VERTEX_POINT('',#5504);
#5504 = CARTESIAN_POINT('',(800.45,1.1E+03,12.7));
#5505 = SURFACE_CURVE('',#5506,(#5511,#5522),.PCURVE_S1.);
#5506 = CIRCLE('',#5507,2.75);
#5507 = AXIS2_PLACEMENT_3D('',#5508,#5509,#5510);
#5508 = CARTESIAN_POINT('',(797.7,1.1E+03,12.7));
#5509 = DIRECTION('',(0.,0.,-1.));
#5510 = DIRECTION('',(1.,0.,0.));
#5511 = PCURVE('',#72,#5512);
#5512 = DEFINITIONAL_REPRESENTATION('',(#5513),#5521);
#5513 = ( BOUNDED_CURVE() B_SPLINE_CURVE(2,(#5514,#5515,#5516,#5517,
#5518,#5519,#5520),.UNSPECIFIED.,.T.,.F.) B_SPLINE_CURVE_WITH_KNOTS((1,2
    ,2,2,2,1),(-2.094395102393,0.,2.094395102393,4.188790204786,
6.28318530718,8.377580409573),.UNSPECIFIED.) CURVE() 
GEOMETRIC_REPRESENTATION_ITEM() RATIONAL_B_SPLINE_CURVE((1.,0.5,1.,0.5,
1.,0.5,1.)) REPRESENTATION_ITEM('') );
#5514 = CARTESIAN_POINT('',(319.88822165651,494.07868897172));
#5515 = CARTESIAN_POINT('',(319.88822165651,489.31554925091));
#5516 = CARTESIAN_POINT('',(315.76322165651,491.69711911131));
#5517 = CARTESIAN_POINT('',(311.63822165651,494.07868897172));
#5518 = CARTESIAN_POINT('',(315.76322165651,496.46025883213));
#5519 = CARTESIAN_POINT('',(319.88822165651,498.84182869253));
#5520 = CARTESIAN_POINT('',(319.88822165651,494.07868897172));
#5521 = ( GEOMETRIC_REPRESENTATION_CONTEXT(2) 
PARAMETRIC_REPRESENTATION_CONTEXT() REPRESENTATION_CONTEXT('2D SPACE',''
  ) );
#5522 = PCURVE('',#5523,#5528);
#5523 = CYLINDRICAL_SURFACE('',#5524,2.75);
#5524 = AXIS2_PLACEMENT_3D('',#5525,#5526,#5527);
#5525 = CARTESIAN_POINT('',(797.7,1.1E+03,-1.));
#5526 = DIRECTION('',(-0.,-0.,-1.));
#5527 = DIRECTION('',(1.,0.,0.));
#5528 = DEFINITIONAL_REPRESENTATION('',(#5529),#5533);
#5529 = LINE('',#5530,#5531);
#5530 = CARTESIAN_POINT('',(-6.28318530718,-13.7));
#5531 = VECTOR('',#5532,1.);
#5532 = DIRECTION('',(1.,-0.));
#5533 = ( GEOMETRIC_REPRESENTATION_CONTEXT(2) 
PARAMETRIC_REPRESENTATION_CONTEXT() REPRESENTATION_CONTEXT('2D SPACE',''
  ) );
#5534 = FACE_BOUND('',#5535,.T.);
#5535 = EDGE_LOOP('',(#5536));
#5536 = ORIENTED_EDGE('',*,*,#5537,.T.);
#5537 = EDGE_CURVE('',#5538,#5538,#5540,.T.);
#5538 = VERTEX_POINT('',#5539);
#5539 = CARTESIAN_POINT('',(900.45,1.1E+03,12.7));
#5540 = SURFACE_CURVE('',#5541,(#5546,#5557),.PCURVE_S1.);
#5541 = CIRCLE('',#5542,2.75);
#5542 = AXIS2_PLACEMENT_3D('',#5543,#5544,#5545);
#5543 = CARTESIAN_POINT('',(897.7,1.1E+03,12.7));
#5544 = DIRECTION('',(0.,0.,-1.));
#5545 = DIRECTION('',(1.,0.,0.));
#5546 = PCURVE('',#72,#5547);
#5547 = DEFINITIONAL_REPRESENTATION('',(#5548),#5556);
#5548 = ( BOUNDED_CURVE() B_SPLINE_CURVE(2,(#5549,#5550,#5551,#5552,
#5553,#5554,#5555),.UNSPECIFIED.,.T.,.F.) B_SPLINE_CURVE_WITH_KNOTS((1,2
    ,2,2,2,1),(-2.094395102393,0.,2.094395102393,4.188790204786,
6.28318530718,8.377580409573),.UNSPECIFIED.) CURVE() 
GEOMETRIC_REPRESENTATION_ITEM() RATIONAL_B_SPLINE_CURVE((1.,0.5,1.,0.5,
1.,0.5,1.)) REPRESENTATION_ITEM('') );
#5549 = CARTESIAN_POINT('',(419.88822165651,494.07868897172));
#5550 = CARTESIAN_POINT('',(419.88822165651,489.31554925091));
#5551 = CARTESIAN_POINT('',(415.76322165651,491.69711911131));
#5552 = CARTESIAN_POINT('',(411.63822165651,494.07868897172));
#5553 = CARTESIAN_POINT('',(415.76322165651,496.46025883213));
#5554 = CARTESIAN_POINT('',(419.88822165651,498.84182869253));
#5555 = CARTESIAN_POINT('',(419.88822165651,494.07868897172));
#5556 = ( GEOMETRIC_REPRESENTATION_CONTEXT(2) 
PARAMETRIC_REPRESENTATION_CONTEXT() REPRESENTATION_CONTEXT('2D SPACE',''
  ) );
#5557 = PCURVE('',#5558,#5563);
#5558 = CYLINDRICAL_SURFACE('',#5559,2.75);
#5559 = AXIS2_PLACEMENT_3D('',#5560,#5561,#5562);
#5560 = CARTESIAN_POINT('',(897.7,1.1E+03,-1.));
#5561 = DIRECTION('',(-0.,-0.,-1.));
#5562 = DIRECTION('',(1.,0.,0.));
#5563 = DEFINITIONAL_REPRESENTATION('',(#5564),#5568);
#5564 = LINE('',#5565,#5566);
#5565 = CARTESIAN_POINT('',(-6.28318530718,-13.7));
#5566 = VECTOR('',#5567,1.);
#5567 = DIRECTION('',(1.,-0.));
#5568 = ( GEOMETRIC_REPRESENTATION_CONTEXT(2) 
PARAMETRIC_REPRESENTATION_CONTEXT() REPRESENTATION_CONTEXT('2D SPACE',''
  ) );
#5569 = FACE_BOUND('',#5570,.T.);
#5570 = EDGE_LOOP('',(#5571));
#5571 = ORIENTED_EDGE('',*,*,#5572,.T.);
#5572 = EDGE_CURVE('',#5573,#5573,#5575,.T.);
#5573 = VERTEX_POINT('',#5574);
#5574 = CARTESIAN_POINT('',(857.05,1.1875E+03,12.7));
#5575 = SURFACE_CURVE('',#5576,(#5581,#5592),.PCURVE_S1.);
#5576 = CIRCLE('',#5577,2.85);
#5577 = AXIS2_PLACEMENT_3D('',#5578,#5579,#5580);
#5578 = CARTESIAN_POINT('',(854.2,1.1875E+03,12.7));
#5579 = DIRECTION('',(0.,0.,-1.));
#5580 = DIRECTION('',(1.,0.,0.));
#5581 = PCURVE('',#72,#5582);
#5582 = DEFINITIONAL_REPRESENTATION('',(#5583),#5591);
#5583 = ( BOUNDED_CURVE() B_SPLINE_CURVE(2,(#5584,#5585,#5586,#5587,
#5588,#5589,#5590),.UNSPECIFIED.,.T.,.F.) B_SPLINE_CURVE_WITH_KNOTS((1,2
    ,2,2,2,1),(-2.094395102393,0.,2.094395102393,4.188790204786,
6.28318530718,8.377580409573),.UNSPECIFIED.) CURVE() 
GEOMETRIC_REPRESENTATION_ITEM() RATIONAL_B_SPLINE_CURVE((1.,0.5,1.,0.5,
1.,0.5,1.)) REPRESENTATION_ITEM('') );
#5584 = CARTESIAN_POINT('',(376.48822165651,581.57868897172));
#5585 = CARTESIAN_POINT('',(376.48822165651,576.64234417015));
#5586 = CARTESIAN_POINT('',(372.21322165651,579.11051657093));
#5587 = CARTESIAN_POINT('',(367.93822165651,581.57868897172));
#5588 = CARTESIAN_POINT('',(372.21322165651,584.04686137251));
#5589 = CARTESIAN_POINT('',(376.48822165651,586.51503377329));
#5590 = CARTESIAN_POINT('',(376.48822165651,581.57868897172));
#5591 = ( GEOMETRIC_REPRESENTATION_CONTEXT(2) 
PARAMETRIC_REPRESENTATION_CONTEXT() REPRESENTATION_CONTEXT('2D SPACE',''
  ) );
#5592 = PCURVE('',#3052,#5593);
#5593 = DEFINITIONAL_REPRESENTATION('',(#5594),#5598);
#5594 = LINE('',#5595,#5596);
#5595 = CARTESIAN_POINT('',(-6.28318530718,-13.7));
#5596 = VECTOR('',#5597,1.);
#5597 = DIRECTION('',(1.,-0.));
#5598 = ( GEOMETRIC_REPRESENTATION_CONTEXT(2) 
PARAMETRIC_REPRESENTATION_CONTEXT() REPRESENTATION_CONTEXT('2D SPACE',''
  ) );
#5599 = ADVANCED_FACE('',(#5600),#231,.F.);
#5600 = FACE_BOUND('',#5601,.T.);
#5601 = EDGE_LOOP('',(#5602,#5603,#5624,#5650));
#5602 = ORIENTED_EDGE('',*,*,#3519,.F.);
#5603 = ORIENTED_EDGE('',*,*,#5604,.T.);
#5604 = EDGE_CURVE('',#3497,#5605,#5607,.T.);
#5605 = VERTEX_POINT('',#5606);
#5606 = CARTESIAN_POINT('',(0.,101.50748134316,6.));
#5607 = SURFACE_CURVE('',#5608,(#5612,#5618),.PCURVE_S1.);
#5608 = LINE('',#5609,#5610);
#5609 = CARTESIAN_POINT('',(0.,101.50748134316,-1.));
#5610 = VECTOR('',#5611,1.);
#5611 = DIRECTION('',(-0.,-0.,-1.));
#5612 = PCURVE('',#231,#5613);
#5613 = DEFINITIONAL_REPRESENTATION('',(#5614),#5617);
#5614 = B_SPLINE_CURVE_WITH_KNOTS('',1,(#5615,#5616),.UNSPECIFIED.,.F.,
  .F.,(2,2),(-13.7,-1.),.PIECEWISE_BEZIER_KNOTS.);
#5615 = CARTESIAN_POINT('',(-6.863365956047,-13.7));
#5616 = CARTESIAN_POINT('',(-6.863365956047,-1.));
#5617 = ( GEOMETRIC_REPRESENTATION_CONTEXT(2) 
PARAMETRIC_REPRESENTATION_CONTEXT() REPRESENTATION_CONTEXT('2D SPACE',''
  ) );
#5618 = PCURVE('',#917,#5619);
#5619 = DEFINITIONAL_REPRESENTATION('',(#5620),#5623);
#5620 = B_SPLINE_CURVE_WITH_KNOTS('',1,(#5621,#5622),.UNSPECIFIED.,.F.,
  .F.,(2,2),(-14.7000006,5.999999999062E-07),.PIECEWISE_BEZIER_KNOTS.);
#5621 = CARTESIAN_POINT('',(1.095492518657E+03,-13.7000006));
#5622 = CARTESIAN_POINT('',(1.095492518657E+03,1.0000006));
#5623 = ( GEOMETRIC_REPRESENTATION_CONTEXT(2) 
PARAMETRIC_REPRESENTATION_CONTEXT() REPRESENTATION_CONTEXT('2D SPACE',''
  ) );
#5624 = ORIENTED_EDGE('',*,*,#5625,.T.);
#5625 = EDGE_CURVE('',#5605,#191,#5626,.T.);
#5626 = SURFACE_CURVE('',#5627,(#5632,#5639),.PCURVE_S1.);
#5627 = CIRCLE('',#5628,2.75);
#5628 = AXIS2_PLACEMENT_3D('',#5629,#5630,#5631);
#5629 = CARTESIAN_POINT('',(-2.3,100.,6.));
#5630 = DIRECTION('',(0.,0.,-1.));
#5631 = DIRECTION('',(1.,0.,0.));
#5632 = PCURVE('',#231,#5633);
#5633 = DEFINITIONAL_REPRESENTATION('',(#5634),#5638);
#5634 = LINE('',#5635,#5636);
#5635 = CARTESIAN_POINT('',(-12.56637061435,-7.));
#5636 = VECTOR('',#5637,1.);
#5637 = DIRECTION('',(1.,-0.));
#5638 = ( GEOMETRIC_REPRESENTATION_CONTEXT(2) 
PARAMETRIC_REPRESENTATION_CONTEXT() REPRESENTATION_CONTEXT('2D SPACE',''
  ) );
#5639 = PCURVE('',#205,#5640);
#5640 = DEFINITIONAL_REPRESENTATION('',(#5641),#5649);
#5641 = ( BOUNDED_CURVE() B_SPLINE_CURVE(2,(#5642,#5643,#5644,#5645,
#5646,#5647,#5648),.UNSPECIFIED.,.T.,.F.) B_SPLINE_CURVE_WITH_KNOTS((1,2
    ,2,2,2,1),(-2.094395102393,0.,2.094395102393,4.188790204786,
6.28318530718,8.377580409573),.UNSPECIFIED.) CURVE() 
GEOMETRIC_REPRESENTATION_ITEM() RATIONAL_B_SPLINE_CURVE((1.,0.5,1.,0.5,
1.,0.5,1.)) REPRESENTATION_ITEM('') );
#5642 = CARTESIAN_POINT('',(2.75,0.));
#5643 = CARTESIAN_POINT('',(2.75,-4.763139720814));
#5644 = CARTESIAN_POINT('',(-1.375,-2.381569860407));
#5645 = CARTESIAN_POINT('',(-5.5,-6.73555739531E-16));
#5646 = CARTESIAN_POINT('',(-1.375,2.381569860407));
#5647 = CARTESIAN_POINT('',(2.75,4.763139720814));
#5648 = CARTESIAN_POINT('',(2.75,0.));
#5649 = ( GEOMETRIC_REPRESENTATION_CONTEXT(2) 
PARAMETRIC_REPRESENTATION_CONTEXT() REPRESENTATION_CONTEXT('2D SPACE',''
  ) );
#5650 = ORIENTED_EDGE('',*,*,#216,.F.);
#5651 = ADVANCED_FACE('',(#5652),#205,.F.);
#5652 = FACE_BOUND('',#5653,.F.);
#5653 = EDGE_LOOP('',(#5654,#5655,#5683,#5702));
#5654 = ORIENTED_EDGE('',*,*,#190,.T.);
#5655 = ORIENTED_EDGE('',*,*,#5656,.F.);
#5656 = EDGE_CURVE('',#5657,#165,#5659,.T.);
#5657 = VERTEX_POINT('',#5658);
#5658 = CARTESIAN_POINT('',(8.881784197001E-16,107.66224510179,6.));
#5659 = SURFACE_CURVE('',#5660,(#5665,#5676),.PCURVE_S1.);
#5660 = CIRCLE('',#5661,8.);
#5661 = AXIS2_PLACEMENT_3D('',#5662,#5663,#5664);
#5662 = CARTESIAN_POINT('',(-2.3,100.,6.));
#5663 = DIRECTION('',(0.,0.,-1.));
#5664 = DIRECTION('',(0.2875,0.957780637725,0.));
#5665 = PCURVE('',#205,#5666);
#5666 = DEFINITIONAL_REPRESENTATION('',(#5667),#5675);
#5667 = ( BOUNDED_CURVE() B_SPLINE_CURVE(2,(#5668,#5669,#5670,#5671,
#5672,#5673,#5674),.UNSPECIFIED.,.T.,.F.) B_SPLINE_CURVE_WITH_KNOTS((1,2
    ,2,2,2,1),(-2.094395102393,0.,2.094395102393,4.188790204786,
6.28318530718,8.377580409573),.UNSPECIFIED.) CURVE() 
GEOMETRIC_REPRESENTATION_ITEM() RATIONAL_B_SPLINE_CURVE((1.,0.5,1.,0.5,
1.,0.5,1.)) REPRESENTATION_ITEM('') );
#5668 = CARTESIAN_POINT('',(2.3,7.662245101796));
#5669 = CARTESIAN_POINT('',(15.571397816357,3.678528244388));
#5670 = CARTESIAN_POINT('',(5.485698908178,-5.822980979602));
#5671 = CARTESIAN_POINT('',(-4.6,-15.32449020359));
#5672 = CARTESIAN_POINT('',(-7.785698908178,-1.839264122194));
#5673 = CARTESIAN_POINT('',(-10.97139781635,11.645961959205));
#5674 = CARTESIAN_POINT('',(2.3,7.662245101796));
#5675 = ( GEOMETRIC_REPRESENTATION_CONTEXT(2) 
PARAMETRIC_REPRESENTATION_CONTEXT() REPRESENTATION_CONTEXT('2D SPACE',''
  ) );
#5676 = PCURVE('',#179,#5677);
#5677 = DEFINITIONAL_REPRESENTATION('',(#5678),#5682);
#5678 = LINE('',#5679,#5680);
#5679 = CARTESIAN_POINT('',(-7.562366023581,-6.001));
#5680 = VECTOR('',#5681,1.);
#5681 = DIRECTION('',(1.,-0.));
#5682 = ( GEOMETRIC_REPRESENTATION_CONTEXT(2) 
PARAMETRIC_REPRESENTATION_CONTEXT() REPRESENTATION_CONTEXT('2D SPACE',''
  ) );
#5683 = ORIENTED_EDGE('',*,*,#5684,.T.);
#5684 = EDGE_CURVE('',#5657,#5605,#5685,.T.);
#5685 = SURFACE_CURVE('',#5686,(#5690,#5696),.PCURVE_S1.);
#5686 = LINE('',#5687,#5688);
#5687 = CARTESIAN_POINT('',(0.,648.5,6.));
#5688 = VECTOR('',#5689,1.);
#5689 = DIRECTION('',(0.,-1.,0.));
#5690 = PCURVE('',#205,#5691);
#5691 = DEFINITIONAL_REPRESENTATION('',(#5692),#5695);
#5692 = B_SPLINE_CURVE_WITH_KNOTS('',1,(#5693,#5694),.UNSPECIFIED.,.F.,
  .F.,(2,2),(540.5,546.99251865684),.PIECEWISE_BEZIER_KNOTS.);
#5693 = CARTESIAN_POINT('',(2.3,8.));
#5694 = CARTESIAN_POINT('',(2.3,1.507481343156));
#5695 = ( GEOMETRIC_REPRESENTATION_CONTEXT(2) 
PARAMETRIC_REPRESENTATION_CONTEXT() REPRESENTATION_CONTEXT('2D SPACE',''
  ) );
#5696 = PCURVE('',#917,#5697);
#5697 = DEFINITIONAL_REPRESENTATION('',(#5698),#5701);
#5698 = B_SPLINE_CURVE_WITH_KNOTS('',1,(#5699,#5700),.UNSPECIFIED.,.F.,
  .F.,(2,2),(540.5,546.99251865684),.PIECEWISE_BEZIER_KNOTS.);
#5699 = CARTESIAN_POINT('',(1.089E+03,-6.));
#5700 = CARTESIAN_POINT('',(1.095492518657E+03,-6.));
#5701 = ( GEOMETRIC_REPRESENTATION_CONTEXT(2) 
PARAMETRIC_REPRESENTATION_CONTEXT() REPRESENTATION_CONTEXT('2D SPACE',''
  ) );
#5702 = ORIENTED_EDGE('',*,*,#5625,.T.);
#5703 = ADVANCED_FACE('',(#5704),#179,.F.);
#5704 = FACE_BOUND('',#5705,.T.);
#5705 = EDGE_LOOP('',(#5706,#5707,#5726,#5727));
#5706 = ORIENTED_EDGE('',*,*,#5656,.F.);
#5707 = ORIENTED_EDGE('',*,*,#5708,.T.);
#5708 = EDGE_CURVE('',#5657,#394,#5709,.T.);
#5709 = SURFACE_CURVE('',#5710,(#5714,#5720),.PCURVE_S1.);
#5710 = LINE('',#5711,#5712);
#5711 = CARTESIAN_POINT('',(0.,107.66224510179,-1.E-03));
#5712 = VECTOR('',#5713,1.);
#5713 = DIRECTION('',(-0.,-0.,-1.));
#5714 = PCURVE('',#179,#5715);
#5715 = DEFINITIONAL_REPRESENTATION('',(#5716),#5719);
#5716 = B_SPLINE_CURVE_WITH_KNOTS('',1,(#5717,#5718),.UNSPECIFIED.,.F.,
  .F.,(2,2),(-6.001,-1.E-03),.PIECEWISE_BEZIER_KNOTS.);
#5717 = CARTESIAN_POINT('',(-7.562366023581,-6.001));
#5718 = CARTESIAN_POINT('',(-7.562366023581,-1.E-03));
#5719 = ( GEOMETRIC_REPRESENTATION_CONTEXT(2) 
PARAMETRIC_REPRESENTATION_CONTEXT() REPRESENTATION_CONTEXT('2D SPACE',''
  ) );
#5720 = PCURVE('',#917,#5721);
#5721 = DEFINITIONAL_REPRESENTATION('',(#5722),#5725);
#5722 = B_SPLINE_CURVE_WITH_KNOTS('',1,(#5723,#5724),.UNSPECIFIED.,.F.,
  .F.,(2,2),(-6.0010006,5.999999999999E-07),.PIECEWISE_BEZIER_KNOTS.);
#5723 = CARTESIAN_POINT('',(1.089337754898E+03,-6.0000006));
#5724 = CARTESIAN_POINT('',(1.089337754898E+03,1.0006E-03));
#5725 = ( GEOMETRIC_REPRESENTATION_CONTEXT(2) 
PARAMETRIC_REPRESENTATION_CONTEXT() REPRESENTATION_CONTEXT('2D SPACE',''
  ) );
#5726 = ORIENTED_EDGE('',*,*,#393,.F.);
#5727 = ORIENTED_EDGE('',*,*,#164,.F.);
#5728 = ADVANCED_FACE('',(#5729),#379,.F.);
#5729 = FACE_BOUND('',#5730,.T.);
#5730 = EDGE_LOOP('',(#5731,#5752,#5774,#5775));
#5731 = ORIENTED_EDGE('',*,*,#5732,.F.);
#5732 = EDGE_CURVE('',#5733,#421,#5735,.T.);
#5733 = VERTEX_POINT('',#5734);
#5734 = CARTESIAN_POINT('',(938.4,357.96931615635,6.));
#5735 = SURFACE_CURVE('',#5736,(#5740,#5746),.PCURVE_S1.);
#5736 = LINE('',#5737,#5738);
#5737 = CARTESIAN_POINT('',(938.4,357.96931615635,-1.E-03));
#5738 = VECTOR('',#5739,1.);
#5739 = DIRECTION('',(-0.,-0.,-1.));
#5740 = PCURVE('',#379,#5741);
#5741 = DEFINITIONAL_REPRESENTATION('',(#5742),#5745);
#5742 = B_SPLINE_CURVE_WITH_KNOTS('',1,(#5743,#5744),.UNSPECIFIED.,.F.,
  .F.,(2,2),(-6.0010006,5.999999999999E-07),.PIECEWISE_BEZIER_KNOTS.);
#5743 = CARTESIAN_POINT('',(-1.483184286705,-6.0010006));
#5744 = CARTESIAN_POINT('',(-1.483184286705,5.999999999999E-07));
#5745 = ( GEOMETRIC_REPRESENTATION_CONTEXT(2) 
PARAMETRIC_REPRESENTATION_CONTEXT() REPRESENTATION_CONTEXT('2D SPACE',''
  ) );
#5746 = PCURVE('',#464,#5747);
#5747 = DEFINITIONAL_REPRESENTATION('',(#5748),#5751);
#5748 = B_SPLINE_CURVE_WITH_KNOTS('',1,(#5749,#5750),.UNSPECIFIED.,.F.,
  .F.,(2,2),(-6.0010006,5.999999999999E-07),.PIECEWISE_BEZIER_KNOTS.);
#5749 = CARTESIAN_POINT('',(357.96931615635,-6.0000006));
#5750 = CARTESIAN_POINT('',(357.96931615635,1.0006E-03));
#5751 = ( GEOMETRIC_REPRESENTATION_CONTEXT(2) 
PARAMETRIC_REPRESENTATION_CONTEXT() REPRESENTATION_CONTEXT('2D SPACE',''
  ) );
#5752 = ORIENTED_EDGE('',*,*,#5753,.T.);
#5753 = EDGE_CURVE('',#5733,#341,#5754,.T.);
#5754 = SURFACE_CURVE('',#5755,(#5760,#5767),.PCURVE_S1.);
#5755 = CIRCLE('',#5756,8.);
#5756 = AXIS2_PLACEMENT_3D('',#5757,#5758,#5759);
#5757 = CARTESIAN_POINT('',(937.7,350.,6.));
#5758 = DIRECTION('',(0.,0.,1.));
#5759 = DIRECTION('',(1.,0.,0.));
#5760 = PCURVE('',#379,#5761);
#5761 = DEFINITIONAL_REPRESENTATION('',(#5762),#5766);
#5762 = LINE('',#5763,#5764);
#5763 = CARTESIAN_POINT('',(-0.,-6.001));
#5764 = VECTOR('',#5765,1.);
#5765 = DIRECTION('',(-1.,0.));
#5766 = ( GEOMETRIC_REPRESENTATION_CONTEXT(2) 
PARAMETRIC_REPRESENTATION_CONTEXT() REPRESENTATION_CONTEXT('2D SPACE',''
  ) );
#5767 = PCURVE('',#355,#5768);
#5768 = DEFINITIONAL_REPRESENTATION('',(#5769),#5773);
#5769 = CIRCLE('',#5770,8.);
#5770 = AXIS2_PLACEMENT_2D('',#5771,#5772);
#5771 = CARTESIAN_POINT('',(0.,0.));
#5772 = DIRECTION('',(1.,0.));
#5773 = ( GEOMETRIC_REPRESENTATION_CONTEXT(2) 
PARAMETRIC_REPRESENTATION_CONTEXT() REPRESENTATION_CONTEXT('2D SPACE',''
  ) );
#5774 = ORIENTED_EDGE('',*,*,#366,.T.);
#5775 = ORIENTED_EDGE('',*,*,#420,.T.);
#5776 = ADVANCED_FACE('',(#5777),#355,.F.);
#5777 = FACE_BOUND('',#5778,.F.);
#5778 = EDGE_LOOP('',(#5779,#5800,#5801,#5802));
#5779 = ORIENTED_EDGE('',*,*,#5780,.T.);
#5780 = EDGE_CURVE('',#5781,#5733,#5783,.T.);
#5781 = VERTEX_POINT('',#5782);
#5782 = CARTESIAN_POINT('',(938.4,352.65941722939,6.));
#5783 = SURFACE_CURVE('',#5784,(#5788,#5794),.PCURVE_S1.);
#5784 = LINE('',#5785,#5786);
#5785 = CARTESIAN_POINT('',(938.4,175.,6.));
#5786 = VECTOR('',#5787,1.);
#5787 = DIRECTION('',(0.,1.,-0.));
#5788 = PCURVE('',#355,#5789);
#5789 = DEFINITIONAL_REPRESENTATION('',(#5790),#5793);
#5790 = B_SPLINE_CURVE_WITH_KNOTS('',1,(#5791,#5792),.UNSPECIFIED.,.F.,
  .F.,(2,2),(177.65941722939,183.),.PIECEWISE_BEZIER_KNOTS.);
#5791 = CARTESIAN_POINT('',(0.7,2.659417229394));
#5792 = CARTESIAN_POINT('',(0.7,8.));
#5793 = ( GEOMETRIC_REPRESENTATION_CONTEXT(2) 
PARAMETRIC_REPRESENTATION_CONTEXT() REPRESENTATION_CONTEXT('2D SPACE',''
  ) );
#5794 = PCURVE('',#464,#5795);
#5795 = DEFINITIONAL_REPRESENTATION('',(#5796),#5799);
#5796 = B_SPLINE_CURVE_WITH_KNOTS('',1,(#5797,#5798),.UNSPECIFIED.,.F.,
  .F.,(2,2),(177.65941722939,183.),.PIECEWISE_BEZIER_KNOTS.);
#5797 = CARTESIAN_POINT('',(352.65941722939,-6.));
#5798 = CARTESIAN_POINT('',(358.,-6.));
#5799 = ( GEOMETRIC_REPRESENTATION_CONTEXT(2) 
PARAMETRIC_REPRESENTATION_CONTEXT() REPRESENTATION_CONTEXT('2D SPACE',''
  ) );
#5800 = ORIENTED_EDGE('',*,*,#5753,.T.);
#5801 = ORIENTED_EDGE('',*,*,#340,.T.);
#5802 = ORIENTED_EDGE('',*,*,#5803,.T.);
#5803 = EDGE_CURVE('',#315,#5781,#5804,.T.);
#5804 = SURFACE_CURVE('',#5805,(#5810,#5821),.PCURVE_S1.);
#5805 = CIRCLE('',#5806,2.75);
#5806 = AXIS2_PLACEMENT_3D('',#5807,#5808,#5809);
#5807 = CARTESIAN_POINT('',(937.7,350.,6.));
#5808 = DIRECTION('',(0.,0.,-1.));
#5809 = DIRECTION('',(1.,0.,0.));
#5810 = PCURVE('',#355,#5811);
#5811 = DEFINITIONAL_REPRESENTATION('',(#5812),#5820);
#5812 = ( BOUNDED_CURVE() B_SPLINE_CURVE(2,(#5813,#5814,#5815,#5816,
#5817,#5818,#5819),.UNSPECIFIED.,.T.,.F.) B_SPLINE_CURVE_WITH_KNOTS((1,2
    ,2,2,2,1),(-2.094395102393,0.,2.094395102393,4.188790204786,
6.28318530718,8.377580409573),.UNSPECIFIED.) CURVE() 
GEOMETRIC_REPRESENTATION_ITEM() RATIONAL_B_SPLINE_CURVE((1.,0.5,1.,0.5,
1.,0.5,1.)) REPRESENTATION_ITEM('') );
#5813 = CARTESIAN_POINT('',(2.75,0.));
#5814 = CARTESIAN_POINT('',(2.75,-4.763139720814));
#5815 = CARTESIAN_POINT('',(-1.375,-2.381569860407));
#5816 = CARTESIAN_POINT('',(-5.5,-6.73555739531E-16));
#5817 = CARTESIAN_POINT('',(-1.375,2.381569860407));
#5818 = CARTESIAN_POINT('',(2.75,4.763139720814));
#5819 = CARTESIAN_POINT('',(2.75,0.));
#5820 = ( GEOMETRIC_REPRESENTATION_CONTEXT(2) 
PARAMETRIC_REPRESENTATION_CONTEXT() REPRESENTATION_CONTEXT('2D SPACE',''
  ) );
#5821 = PCURVE('',#329,#5822);
#5822 = DEFINITIONAL_REPRESENTATION('',(#5823),#5827);
#5823 = LINE('',#5824,#5825);
#5824 = CARTESIAN_POINT('',(-6.28318530718,-7.));
#5825 = VECTOR('',#5826,1.);
#5826 = DIRECTION('',(1.,-0.));
#5827 = ( GEOMETRIC_REPRESENTATION_CONTEXT(2) 
PARAMETRIC_REPRESENTATION_CONTEXT() REPRESENTATION_CONTEXT('2D SPACE',''
  ) );
#5828 = ADVANCED_FACE('',(#5829),#329,.F.);
#5829 = FACE_BOUND('',#5830,.T.);
#5830 = EDGE_LOOP('',(#5831,#5832,#5833,#5834));
#5831 = ORIENTED_EDGE('',*,*,#3070,.F.);
#5832 = ORIENTED_EDGE('',*,*,#314,.T.);
#5833 = ORIENTED_EDGE('',*,*,#5803,.T.);
#5834 = ORIENTED_EDGE('',*,*,#5835,.F.);
#5835 = EDGE_CURVE('',#3071,#5781,#5836,.T.);
#5836 = SURFACE_CURVE('',#5837,(#5841,#5847),.PCURVE_S1.);
#5837 = LINE('',#5838,#5839);
#5838 = CARTESIAN_POINT('',(938.4,352.65941722939,-1.));
#5839 = VECTOR('',#5840,1.);
#5840 = DIRECTION('',(-0.,-0.,-1.));
#5841 = PCURVE('',#329,#5842);
#5842 = DEFINITIONAL_REPRESENTATION('',(#5843),#5846);
#5843 = B_SPLINE_CURVE_WITH_KNOTS('',1,(#5844,#5845),.UNSPECIFIED.,.F.,
  .F.,(2,2),(-14.7000006,5.999999999062E-07),.PIECEWISE_BEZIER_KNOTS.);
#5844 = CARTESIAN_POINT('',(-1.313418680473,-14.7000006));
#5845 = CARTESIAN_POINT('',(-1.313418680473,5.999999999062E-07));
#5846 = ( GEOMETRIC_REPRESENTATION_CONTEXT(2) 
PARAMETRIC_REPRESENTATION_CONTEXT() REPRESENTATION_CONTEXT('2D SPACE',''
  ) );
#5847 = PCURVE('',#464,#5848);
#5848 = DEFINITIONAL_REPRESENTATION('',(#5849),#5852);
#5849 = B_SPLINE_CURVE_WITH_KNOTS('',1,(#5850,#5851),.UNSPECIFIED.,.F.,
  .F.,(2,2),(-14.7000006,5.999999999062E-07),.PIECEWISE_BEZIER_KNOTS.);
#5850 = CARTESIAN_POINT('',(352.65941722939,-13.7000006));
#5851 = CARTESIAN_POINT('',(352.65941722939,1.0000006));
#5852 = ( GEOMETRIC_REPRESENTATION_CONTEXT(2) 
PARAMETRIC_REPRESENTATION_CONTEXT() REPRESENTATION_CONTEXT('2D SPACE',''
  ) );
#5853 = ADVANCED_FACE('',(#5854),#917,.F.);
#5854 = FACE_BOUND('',#5855,.F.);
#5855 = EDGE_LOOP('',(#5856,#5857,#5878,#5904,#5923,#5924,#5925,#5926));
#5856 = ORIENTED_EDGE('',*,*,#903,.F.);
#5857 = ORIENTED_EDGE('',*,*,#5858,.F.);
#5858 = EDGE_CURVE('',#5859,#875,#5861,.T.);
#5859 = VERTEX_POINT('',#5860);
#5860 = CARTESIAN_POINT('',(2.22044604925E-15,592.3377548982,6.));
#5861 = SURFACE_CURVE('',#5862,(#5866,#5872),.PCURVE_S1.);
#5862 = LINE('',#5863,#5864);
#5863 = CARTESIAN_POINT('',(0.,592.3377548982,-1.E-03));
#5864 = VECTOR('',#5865,1.);
#5865 = DIRECTION('',(-0.,-0.,-1.));
#5866 = PCURVE('',#917,#5867);
#5867 = DEFINITIONAL_REPRESENTATION('',(#5868),#5871);
#5868 = B_SPLINE_CURVE_WITH_KNOTS('',1,(#5869,#5870),.UNSPECIFIED.,.F.,
  .F.,(2,2),(-6.0010006,5.999999999999E-07),.PIECEWISE_BEZIER_KNOTS.);
#5869 = CARTESIAN_POINT('',(604.66224510179,-6.0000006));
#5870 = CARTESIAN_POINT('',(604.66224510179,1.0006E-03));
#5871 = ( GEOMETRIC_REPRESENTATION_CONTEXT(2) 
PARAMETRIC_REPRESENTATION_CONTEXT() REPRESENTATION_CONTEXT('2D SPACE',''
  ) );
#5872 = PCURVE('',#891,#5873);
#5873 = DEFINITIONAL_REPRESENTATION('',(#5874),#5877);
#5874 = B_SPLINE_CURVE_WITH_KNOTS('',1,(#5875,#5876),.UNSPECIFIED.,.F.,
  .F.,(2,2),(-6.001,-1.E-03),.PIECEWISE_BEZIER_KNOTS.);
#5875 = CARTESIAN_POINT('',(-5.004004590778,-6.001));
#5876 = CARTESIAN_POINT('',(-5.004004590778,-1.E-03));
#5877 = ( GEOMETRIC_REPRESENTATION_CONTEXT(2) 
PARAMETRIC_REPRESENTATION_CONTEXT() REPRESENTATION_CONTEXT('2D SPACE',''
  ) );
#5878 = ORIENTED_EDGE('',*,*,#5879,.F.);
#5879 = EDGE_CURVE('',#5880,#5859,#5882,.T.);
#5880 = VERTEX_POINT('',#5881);
#5881 = CARTESIAN_POINT('',(0.,598.49251865683,6.));
#5882 = SURFACE_CURVE('',#5883,(#5887,#5893),.PCURVE_S1.);
#5883 = LINE('',#5884,#5885);
#5884 = CARTESIAN_POINT('',(0.,898.5,6.));
#5885 = VECTOR('',#5886,1.);
#5886 = DIRECTION('',(0.,-1.,0.));
#5887 = PCURVE('',#917,#5888);
#5888 = DEFINITIONAL_REPRESENTATION('',(#5889),#5892);
#5889 = B_SPLINE_CURVE_WITH_KNOTS('',1,(#5890,#5891),.UNSPECIFIED.,.F.,
  .F.,(2,2),(300.00748134315,306.5),.PIECEWISE_BEZIER_KNOTS.);
#5890 = CARTESIAN_POINT('',(598.50748134315,-6.));
#5891 = CARTESIAN_POINT('',(605.,-6.));
#5892 = ( GEOMETRIC_REPRESENTATION_CONTEXT(2) 
PARAMETRIC_REPRESENTATION_CONTEXT() REPRESENTATION_CONTEXT('2D SPACE',''
  ) );
#5893 = PCURVE('',#5894,#5899);
#5894 = PLANE('',#5895);
#5895 = AXIS2_PLACEMENT_3D('',#5896,#5897,#5898);
#5896 = CARTESIAN_POINT('',(-2.3,600.,6.));
#5897 = DIRECTION('',(0.,0.,1.));
#5898 = DIRECTION('',(1.,0.,-0.));
#5899 = DEFINITIONAL_REPRESENTATION('',(#5900),#5903);
#5900 = B_SPLINE_CURVE_WITH_KNOTS('',1,(#5901,#5902),.UNSPECIFIED.,.F.,
  .F.,(2,2),(300.00748134315,306.5),.PIECEWISE_BEZIER_KNOTS.);
#5901 = CARTESIAN_POINT('',(2.3,-1.507481343156));
#5902 = CARTESIAN_POINT('',(2.3,-8.));
#5903 = ( GEOMETRIC_REPRESENTATION_CONTEXT(2) 
PARAMETRIC_REPRESENTATION_CONTEXT() REPRESENTATION_CONTEXT('2D SPACE',''
  ) );
#5904 = ORIENTED_EDGE('',*,*,#5905,.F.);
#5905 = EDGE_CURVE('',#3464,#5880,#5906,.T.);
#5906 = SURFACE_CURVE('',#5907,(#5911,#5917),.PCURVE_S1.);
#5907 = LINE('',#5908,#5909);
#5908 = CARTESIAN_POINT('',(0.,598.49251865683,-1.));
#5909 = VECTOR('',#5910,1.);
#5910 = DIRECTION('',(-0.,-0.,-1.));
#5911 = PCURVE('',#917,#5912);
#5912 = DEFINITIONAL_REPRESENTATION('',(#5913),#5916);
#5913 = B_SPLINE_CURVE_WITH_KNOTS('',1,(#5914,#5915),.UNSPECIFIED.,.F.,
  .F.,(2,2),(-14.7000006,5.999999999062E-07),.PIECEWISE_BEZIER_KNOTS.);
#5914 = CARTESIAN_POINT('',(598.50748134316,-13.7000006));
#5915 = CARTESIAN_POINT('',(598.50748134316,1.0000006));
#5916 = ( GEOMETRIC_REPRESENTATION_CONTEXT(2) 
PARAMETRIC_REPRESENTATION_CONTEXT() REPRESENTATION_CONTEXT('2D SPACE',''
  ) );
#5917 = PCURVE('',#3484,#5918);
#5918 = DEFINITIONAL_REPRESENTATION('',(#5919),#5922);
#5919 = B_SPLINE_CURVE_WITH_KNOTS('',1,(#5920,#5921),.UNSPECIFIED.,.F.,
  .F.,(2,2),(-13.7,-1.),.PIECEWISE_BEZIER_KNOTS.);
#5920 = CARTESIAN_POINT('',(-5.703004658312,-13.7));
#5921 = CARTESIAN_POINT('',(-5.703004658312,-1.));
#5922 = ( GEOMETRIC_REPRESENTATION_CONTEXT(2) 
PARAMETRIC_REPRESENTATION_CONTEXT() REPRESENTATION_CONTEXT('2D SPACE',''
  ) );
#5923 = ORIENTED_EDGE('',*,*,#3496,.T.);
#5924 = ORIENTED_EDGE('',*,*,#5604,.T.);
#5925 = ORIENTED_EDGE('',*,*,#5684,.F.);
#5926 = ORIENTED_EDGE('',*,*,#5708,.T.);
#5927 = ADVANCED_FACE('',(#5928),#891,.F.);
#5928 = FACE_BOUND('',#5929,.T.);
#5929 = EDGE_LOOP('',(#5930,#5954,#5973,#5974));
#5930 = ORIENTED_EDGE('',*,*,#5931,.T.);
#5931 = EDGE_CURVE('',#5859,#5932,#5934,.T.);
#5932 = VERTEX_POINT('',#5933);
#5933 = CARTESIAN_POINT('',(8.881784197001E-16,607.66224510179,6.));
#5934 = SURFACE_CURVE('',#5935,(#5940,#5947),.PCURVE_S1.);
#5935 = CIRCLE('',#5936,8.);
#5936 = AXIS2_PLACEMENT_3D('',#5937,#5938,#5939);
#5937 = CARTESIAN_POINT('',(-2.3,600.,6.));
#5938 = DIRECTION('',(-0.,0.,1.));
#5939 = DIRECTION('',(0.2875,-0.957780637725,0.));
#5940 = PCURVE('',#891,#5941);
#5941 = DEFINITIONAL_REPRESENTATION('',(#5942),#5946);
#5942 = LINE('',#5943,#5944);
#5943 = CARTESIAN_POINT('',(-5.004004590778,-6.001));
#5944 = VECTOR('',#5945,1.);
#5945 = DIRECTION('',(-1.,0.));
#5946 = ( GEOMETRIC_REPRESENTATION_CONTEXT(2) 
PARAMETRIC_REPRESENTATION_CONTEXT() REPRESENTATION_CONTEXT('2D SPACE',''
  ) );
#5947 = PCURVE('',#5894,#5948);
#5948 = DEFINITIONAL_REPRESENTATION('',(#5949),#5953);
#5949 = CIRCLE('',#5950,8.);
#5950 = AXIS2_PLACEMENT_2D('',#5951,#5952);
#5951 = CARTESIAN_POINT('',(4.440892098501E-16,0.));
#5952 = DIRECTION('',(0.2875,-0.957780637725));
#5953 = ( GEOMETRIC_REPRESENTATION_CONTEXT(2) 
PARAMETRIC_REPRESENTATION_CONTEXT() REPRESENTATION_CONTEXT('2D SPACE',''
  ) );
#5954 = ORIENTED_EDGE('',*,*,#5955,.T.);
#5955 = EDGE_CURVE('',#5932,#847,#5956,.T.);
#5956 = SURFACE_CURVE('',#5957,(#5961,#5967),.PCURVE_S1.);
#5957 = LINE('',#5958,#5959);
#5958 = CARTESIAN_POINT('',(0.,607.66224510179,-1.E-03));
#5959 = VECTOR('',#5960,1.);
#5960 = DIRECTION('',(-0.,-0.,-1.));
#5961 = PCURVE('',#891,#5962);
#5962 = DEFINITIONAL_REPRESENTATION('',(#5963),#5966);
#5963 = B_SPLINE_CURVE_WITH_KNOTS('',1,(#5964,#5965),.UNSPECIFIED.,.F.,
  .F.,(2,2),(-6.001,-1.E-03),.PIECEWISE_BEZIER_KNOTS.);
#5964 = CARTESIAN_POINT('',(-7.562366023581,-6.001));
#5965 = CARTESIAN_POINT('',(-7.562366023581,-1.E-03));
#5966 = ( GEOMETRIC_REPRESENTATION_CONTEXT(2) 
PARAMETRIC_REPRESENTATION_CONTEXT() REPRESENTATION_CONTEXT('2D SPACE',''
  ) );
#5967 = PCURVE('',#862,#5968);
#5968 = DEFINITIONAL_REPRESENTATION('',(#5969),#5972);
#5969 = B_SPLINE_CURVE_WITH_KNOTS('',1,(#5970,#5971),.UNSPECIFIED.,.F.,
  .F.,(2,2),(-6.0010006,5.999999999999E-07),.PIECEWISE_BEZIER_KNOTS.);
#5970 = CARTESIAN_POINT('',(589.3377548982,-6.0000006));
#5971 = CARTESIAN_POINT('',(589.3377548982,1.0006E-03));
#5972 = ( GEOMETRIC_REPRESENTATION_CONTEXT(2) 
PARAMETRIC_REPRESENTATION_CONTEXT() REPRESENTATION_CONTEXT('2D SPACE',''
  ) );
#5973 = ORIENTED_EDGE('',*,*,#874,.F.);
#5974 = ORIENTED_EDGE('',*,*,#5858,.F.);
#5975 = ADVANCED_FACE('',(#5976),#862,.F.);
#5976 = FACE_BOUND('',#5977,.F.);
#5977 = EDGE_LOOP('',(#5978,#5979,#6000,#6026,#6045,#6046,#6067,#6086));
#5978 = ORIENTED_EDGE('',*,*,#846,.F.);
#5979 = ORIENTED_EDGE('',*,*,#5980,.F.);
#5980 = EDGE_CURVE('',#5981,#818,#5983,.T.);
#5981 = VERTEX_POINT('',#5982);
#5982 = CARTESIAN_POINT('',(2.22044604925E-15,1.092337754898E+03,6.));
#5983 = SURFACE_CURVE('',#5984,(#5988,#5994),.PCURVE_S1.);
#5984 = LINE('',#5985,#5986);
#5985 = CARTESIAN_POINT('',(0.,1.092337754898E+03,-1.E-03));
#5986 = VECTOR('',#5987,1.);
#5987 = DIRECTION('',(-0.,-0.,-1.));
#5988 = PCURVE('',#862,#5989);
#5989 = DEFINITIONAL_REPRESENTATION('',(#5990),#5993);
#5990 = B_SPLINE_CURVE_WITH_KNOTS('',1,(#5991,#5992),.UNSPECIFIED.,.F.,
  .F.,(2,2),(-6.0010006,5.999999999999E-07),.PIECEWISE_BEZIER_KNOTS.);
#5991 = CARTESIAN_POINT('',(104.66224510179,-6.0000006));
#5992 = CARTESIAN_POINT('',(104.66224510179,1.0006E-03));
#5993 = ( GEOMETRIC_REPRESENTATION_CONTEXT(2) 
PARAMETRIC_REPRESENTATION_CONTEXT() REPRESENTATION_CONTEXT('2D SPACE',''
  ) );
#5994 = PCURVE('',#834,#5995);
#5995 = DEFINITIONAL_REPRESENTATION('',(#5996),#5999);
#5996 = B_SPLINE_CURVE_WITH_KNOTS('',1,(#5997,#5998),.UNSPECIFIED.,.F.,
  .F.,(2,2),(-6.001,-1.E-03),.PIECEWISE_BEZIER_KNOTS.);
#5997 = CARTESIAN_POINT('',(-5.004004590778,-6.001));
#5998 = CARTESIAN_POINT('',(-5.004004590778,-1.E-03));
#5999 = ( GEOMETRIC_REPRESENTATION_CONTEXT(2) 
PARAMETRIC_REPRESENTATION_CONTEXT() REPRESENTATION_CONTEXT('2D SPACE',''
  ) );
#6000 = ORIENTED_EDGE('',*,*,#6001,.F.);
#6001 = EDGE_CURVE('',#6002,#5981,#6004,.T.);
#6002 = VERTEX_POINT('',#6003);
#6003 = CARTESIAN_POINT('',(0.,1.098492518657E+03,6.));
#6004 = SURFACE_CURVE('',#6005,(#6009,#6015),.PCURVE_S1.);
#6005 = LINE('',#6006,#6007);
#6006 = CARTESIAN_POINT('',(0.,1.1485E+03,6.));
#6007 = VECTOR('',#6008,1.);
#6008 = DIRECTION('',(0.,-1.,0.));
#6009 = PCURVE('',#862,#6010);
#6010 = DEFINITIONAL_REPRESENTATION('',(#6011),#6014);
#6011 = B_SPLINE_CURVE_WITH_KNOTS('',1,(#6012,#6013),.UNSPECIFIED.,.F.,
  .F.,(2,2),(50.007481343156,56.5),.PIECEWISE_BEZIER_KNOTS.);
#6012 = CARTESIAN_POINT('',(98.507481343156,-6.));
#6013 = CARTESIAN_POINT('',(105.,-6.));
#6014 = ( GEOMETRIC_REPRESENTATION_CONTEXT(2) 
PARAMETRIC_REPRESENTATION_CONTEXT() REPRESENTATION_CONTEXT('2D SPACE',''
  ) );
#6015 = PCURVE('',#6016,#6021);
#6016 = PLANE('',#6017);
#6017 = AXIS2_PLACEMENT_3D('',#6018,#6019,#6020);
#6018 = CARTESIAN_POINT('',(-2.3,1.1E+03,6.));
#6019 = DIRECTION('',(0.,0.,1.));
#6020 = DIRECTION('',(1.,0.,-0.));
#6021 = DEFINITIONAL_REPRESENTATION('',(#6022),#6025);
#6022 = B_SPLINE_CURVE_WITH_KNOTS('',1,(#6023,#6024),.UNSPECIFIED.,.F.,
  .F.,(2,2),(50.007481343156,56.5),.PIECEWISE_BEZIER_KNOTS.);
#6023 = CARTESIAN_POINT('',(2.3,-1.507481343156));
#6024 = CARTESIAN_POINT('',(2.3,-8.));
#6025 = ( GEOMETRIC_REPRESENTATION_CONTEXT(2) 
PARAMETRIC_REPRESENTATION_CONTEXT() REPRESENTATION_CONTEXT('2D SPACE',''
  ) );
#6026 = ORIENTED_EDGE('',*,*,#6027,.F.);
#6027 = EDGE_CURVE('',#3408,#6002,#6028,.T.);
#6028 = SURFACE_CURVE('',#6029,(#6033,#6039),.PCURVE_S1.);
#6029 = LINE('',#6030,#6031);
#6030 = CARTESIAN_POINT('',(0.,1.098492518657E+03,-1.));
#6031 = VECTOR('',#6032,1.);
#6032 = DIRECTION('',(-0.,-0.,-1.));
#6033 = PCURVE('',#862,#6034);
#6034 = DEFINITIONAL_REPRESENTATION('',(#6035),#6038);
#6035 = B_SPLINE_CURVE_WITH_KNOTS('',1,(#6036,#6037),.UNSPECIFIED.,.F.,
  .F.,(2,2),(-14.7000006,5.999999999062E-07),.PIECEWISE_BEZIER_KNOTS.);
#6036 = CARTESIAN_POINT('',(98.507481343168,-13.7000006));
#6037 = CARTESIAN_POINT('',(98.507481343168,1.0000006));
#6038 = ( GEOMETRIC_REPRESENTATION_CONTEXT(2) 
PARAMETRIC_REPRESENTATION_CONTEXT() REPRESENTATION_CONTEXT('2D SPACE',''
  ) );
#6039 = PCURVE('',#3428,#6040);
#6040 = DEFINITIONAL_REPRESENTATION('',(#6041),#6044);
#6041 = B_SPLINE_CURVE_WITH_KNOTS('',1,(#6042,#6043),.UNSPECIFIED.,.F.,
  .F.,(2,2),(-13.7,-1.),.PIECEWISE_BEZIER_KNOTS.);
#6042 = CARTESIAN_POINT('',(-5.703004658312,-13.7));
#6043 = CARTESIAN_POINT('',(-5.703004658312,-1.));
#6044 = ( GEOMETRIC_REPRESENTATION_CONTEXT(2) 
PARAMETRIC_REPRESENTATION_CONTEXT() REPRESENTATION_CONTEXT('2D SPACE',''
  ) );
#6045 = ORIENTED_EDGE('',*,*,#3440,.T.);
#6046 = ORIENTED_EDGE('',*,*,#6047,.T.);
#6047 = EDGE_CURVE('',#3441,#6048,#6050,.T.);
#6048 = VERTEX_POINT('',#6049);
#6049 = CARTESIAN_POINT('',(0.,601.50748134316,6.));
#6050 = SURFACE_CURVE('',#6051,(#6055,#6061),.PCURVE_S1.);
#6051 = LINE('',#6052,#6053);
#6052 = CARTESIAN_POINT('',(0.,601.50748134316,-1.));
#6053 = VECTOR('',#6054,1.);
#6054 = DIRECTION('',(-0.,-0.,-1.));
#6055 = PCURVE('',#862,#6056);
#6056 = DEFINITIONAL_REPRESENTATION('',(#6057),#6060);
#6057 = B_SPLINE_CURVE_WITH_KNOTS('',1,(#6058,#6059),.UNSPECIFIED.,.F.,
  .F.,(2,2),(-14.7000006,5.999999999062E-07),.PIECEWISE_BEZIER_KNOTS.);
#6058 = CARTESIAN_POINT('',(595.49251865683,-13.7000006));
#6059 = CARTESIAN_POINT('',(595.49251865683,1.0000006));
#6060 = ( GEOMETRIC_REPRESENTATION_CONTEXT(2) 
PARAMETRIC_REPRESENTATION_CONTEXT() REPRESENTATION_CONTEXT('2D SPACE',''
  ) );
#6061 = PCURVE('',#3484,#6062);
#6062 = DEFINITIONAL_REPRESENTATION('',(#6063),#6066);
#6063 = B_SPLINE_CURVE_WITH_KNOTS('',1,(#6064,#6065),.UNSPECIFIED.,.F.,
  .F.,(2,2),(-13.7,-1.),.PIECEWISE_BEZIER_KNOTS.);
#6064 = CARTESIAN_POINT('',(-6.863365956047,-13.7));
#6065 = CARTESIAN_POINT('',(-6.863365956047,-1.));
#6066 = ( GEOMETRIC_REPRESENTATION_CONTEXT(2) 
PARAMETRIC_REPRESENTATION_CONTEXT() REPRESENTATION_CONTEXT('2D SPACE',''
  ) );
#6067 = ORIENTED_EDGE('',*,*,#6068,.F.);
#6068 = EDGE_CURVE('',#5932,#6048,#6069,.T.);
#6069 = SURFACE_CURVE('',#6070,(#6074,#6080),.PCURVE_S1.);
#6070 = LINE('',#6071,#6072);
#6071 = CARTESIAN_POINT('',(0.,898.5,6.));
#6072 = VECTOR('',#6073,1.);
#6073 = DIRECTION('',(0.,-1.,0.));
#6074 = PCURVE('',#862,#6075);
#6075 = DEFINITIONAL_REPRESENTATION('',(#6076),#6079);
#6076 = B_SPLINE_CURVE_WITH_KNOTS('',1,(#6077,#6078),.UNSPECIFIED.,.F.,
  .F.,(2,2),(290.5,296.99251865684),.PIECEWISE_BEZIER_KNOTS.);
#6077 = CARTESIAN_POINT('',(589.,-6.));
#6078 = CARTESIAN_POINT('',(595.49251865684,-6.));
#6079 = ( GEOMETRIC_REPRESENTATION_CONTEXT(2) 
PARAMETRIC_REPRESENTATION_CONTEXT() REPRESENTATION_CONTEXT('2D SPACE',''
  ) );
#6080 = PCURVE('',#5894,#6081);
#6081 = DEFINITIONAL_REPRESENTATION('',(#6082),#6085);
#6082 = B_SPLINE_CURVE_WITH_KNOTS('',1,(#6083,#6084),.UNSPECIFIED.,.F.,
  .F.,(2,2),(290.5,296.99251865684),.PIECEWISE_BEZIER_KNOTS.);
#6083 = CARTESIAN_POINT('',(2.3,8.));
#6084 = CARTESIAN_POINT('',(2.3,1.507481343156));
#6085 = ( GEOMETRIC_REPRESENTATION_CONTEXT(2) 
PARAMETRIC_REPRESENTATION_CONTEXT() REPRESENTATION_CONTEXT('2D SPACE',''
  ) );
#6086 = ORIENTED_EDGE('',*,*,#5955,.T.);
#6087 = ADVANCED_FACE('',(#6088),#834,.F.);
#6088 = FACE_BOUND('',#6089,.T.);
#6089 = EDGE_LOOP('',(#6090,#6114,#6133,#6134));
#6090 = ORIENTED_EDGE('',*,*,#6091,.T.);
#6091 = EDGE_CURVE('',#5981,#6092,#6094,.T.);
#6092 = VERTEX_POINT('',#6093);
#6093 = CARTESIAN_POINT('',(8.881784197001E-16,1.107662245102E+03,6.));
#6094 = SURFACE_CURVE('',#6095,(#6100,#6107),.PCURVE_S1.);
#6095 = CIRCLE('',#6096,8.);
#6096 = AXIS2_PLACEMENT_3D('',#6097,#6098,#6099);
#6097 = CARTESIAN_POINT('',(-2.3,1.1E+03,6.));
#6098 = DIRECTION('',(-0.,0.,1.));
#6099 = DIRECTION('',(0.2875,-0.957780637725,0.));
#6100 = PCURVE('',#834,#6101);
#6101 = DEFINITIONAL_REPRESENTATION('',(#6102),#6106);
#6102 = LINE('',#6103,#6104);
#6103 = CARTESIAN_POINT('',(-5.004004590778,-6.001));
#6104 = VECTOR('',#6105,1.);
#6105 = DIRECTION('',(-1.,0.));
#6106 = ( GEOMETRIC_REPRESENTATION_CONTEXT(2) 
PARAMETRIC_REPRESENTATION_CONTEXT() REPRESENTATION_CONTEXT('2D SPACE',''
  ) );
#6107 = PCURVE('',#6016,#6108);
#6108 = DEFINITIONAL_REPRESENTATION('',(#6109),#6113);
#6109 = CIRCLE('',#6110,8.);
#6110 = AXIS2_PLACEMENT_2D('',#6111,#6112);
#6111 = CARTESIAN_POINT('',(4.440892098501E-16,0.));
#6112 = DIRECTION('',(0.2875,-0.957780637725));
#6113 = ( GEOMETRIC_REPRESENTATION_CONTEXT(2) 
PARAMETRIC_REPRESENTATION_CONTEXT() REPRESENTATION_CONTEXT('2D SPACE',''
  ) );
#6114 = ORIENTED_EDGE('',*,*,#6115,.T.);
#6115 = EDGE_CURVE('',#6092,#790,#6116,.T.);
#6116 = SURFACE_CURVE('',#6117,(#6121,#6127),.PCURVE_S1.);
#6117 = LINE('',#6118,#6119);
#6118 = CARTESIAN_POINT('',(0.,1.107662245102E+03,-1.E-03));
#6119 = VECTOR('',#6120,1.);
#6120 = DIRECTION('',(-0.,-0.,-1.));
#6121 = PCURVE('',#834,#6122);
#6122 = DEFINITIONAL_REPRESENTATION('',(#6123),#6126);
#6123 = B_SPLINE_CURVE_WITH_KNOTS('',1,(#6124,#6125),.UNSPECIFIED.,.F.,
  .F.,(2,2),(-6.001,-1.E-03),.PIECEWISE_BEZIER_KNOTS.);
#6124 = CARTESIAN_POINT('',(-7.562366023581,-6.001));
#6125 = CARTESIAN_POINT('',(-7.562366023581,-1.E-03));
#6126 = ( GEOMETRIC_REPRESENTATION_CONTEXT(2) 
PARAMETRIC_REPRESENTATION_CONTEXT() REPRESENTATION_CONTEXT('2D SPACE',''
  ) );
#6127 = PCURVE('',#805,#6128);
#6128 = DEFINITIONAL_REPRESENTATION('',(#6129),#6132);
#6129 = B_SPLINE_CURVE_WITH_KNOTS('',1,(#6130,#6131),.UNSPECIFIED.,.F.,
  .F.,(2,2),(-6.0010006,5.999999999999E-07),.PIECEWISE_BEZIER_KNOTS.);
#6130 = CARTESIAN_POINT('',(89.337754898204,-6.0000006));
#6131 = CARTESIAN_POINT('',(89.337754898204,1.0006E-03));
#6132 = ( GEOMETRIC_REPRESENTATION_CONTEXT(2) 
PARAMETRIC_REPRESENTATION_CONTEXT() REPRESENTATION_CONTEXT('2D SPACE',''
  ) );
#6133 = ORIENTED_EDGE('',*,*,#817,.F.);
#6134 = ORIENTED_EDGE('',*,*,#5980,.F.);
#6135 = ADVANCED_FACE('',(#6136),#805,.F.);
#6136 = FACE_BOUND('',#6137,.F.);
#6137 = EDGE_LOOP('',(#6138,#6139,#6160,#6161,#6182,#6201));
#6138 = ORIENTED_EDGE('',*,*,#789,.F.);
#6139 = ORIENTED_EDGE('',*,*,#6140,.T.);
#6140 = EDGE_CURVE('',#762,#3362,#6141,.T.);
#6141 = SURFACE_CURVE('',#6142,(#6146,#6153),.PCURVE_S1.);
#6142 = LINE('',#6143,#6144);
#6143 = CARTESIAN_POINT('',(0.,1.197E+03,0.));
#6144 = VECTOR('',#6145,1.);
#6145 = DIRECTION('',(0.,0.,1.));
#6146 = PCURVE('',#805,#6147);
#6147 = DEFINITIONAL_REPRESENTATION('',(#6148),#6152);
#6148 = LINE('',#6149,#6150);
#6149 = CARTESIAN_POINT('',(0.,0.));
#6150 = VECTOR('',#6151,1.);
#6151 = DIRECTION('',(0.,-1.));
#6152 = ( GEOMETRIC_REPRESENTATION_CONTEXT(2) 
PARAMETRIC_REPRESENTATION_CONTEXT() REPRESENTATION_CONTEXT('2D SPACE',''
  ) );
#6153 = PCURVE('',#777,#6154);
#6154 = DEFINITIONAL_REPRESENTATION('',(#6155),#6159);
#6155 = LINE('',#6156,#6157);
#6156 = CARTESIAN_POINT('',(938.4,0.));
#6157 = VECTOR('',#6158,1.);
#6158 = DIRECTION('',(0.,-1.));
#6159 = ( GEOMETRIC_REPRESENTATION_CONTEXT(2) 
PARAMETRIC_REPRESENTATION_CONTEXT() REPRESENTATION_CONTEXT('2D SPACE',''
  ) );
#6160 = ORIENTED_EDGE('',*,*,#3384,.T.);
#6161 = ORIENTED_EDGE('',*,*,#6162,.T.);
#6162 = EDGE_CURVE('',#3385,#6163,#6165,.T.);
#6163 = VERTEX_POINT('',#6164);
#6164 = CARTESIAN_POINT('',(0.,1.101507481343E+03,6.));
#6165 = SURFACE_CURVE('',#6166,(#6170,#6176),.PCURVE_S1.);
#6166 = LINE('',#6167,#6168);
#6167 = CARTESIAN_POINT('',(0.,1.101507481343E+03,-1.));
#6168 = VECTOR('',#6169,1.);
#6169 = DIRECTION('',(-0.,-0.,-1.));
#6170 = PCURVE('',#805,#6171);
#6171 = DEFINITIONAL_REPRESENTATION('',(#6172),#6175);
#6172 = B_SPLINE_CURVE_WITH_KNOTS('',1,(#6173,#6174),.UNSPECIFIED.,.F.,
  .F.,(2,2),(-14.7000006,5.999999999062E-07),.PIECEWISE_BEZIER_KNOTS.);
#6173 = CARTESIAN_POINT('',(95.492518656832,-13.7000006));
#6174 = CARTESIAN_POINT('',(95.492518656832,1.0000006));
#6175 = ( GEOMETRIC_REPRESENTATION_CONTEXT(2) 
PARAMETRIC_REPRESENTATION_CONTEXT() REPRESENTATION_CONTEXT('2D SPACE',''
  ) );
#6176 = PCURVE('',#3428,#6177);
#6177 = DEFINITIONAL_REPRESENTATION('',(#6178),#6181);
#6178 = B_SPLINE_CURVE_WITH_KNOTS('',1,(#6179,#6180),.UNSPECIFIED.,.F.,
  .F.,(2,2),(-13.7,-1.),.PIECEWISE_BEZIER_KNOTS.);
#6179 = CARTESIAN_POINT('',(-6.863365956047,-13.7));
#6180 = CARTESIAN_POINT('',(-6.863365956047,-1.));
#6181 = ( GEOMETRIC_REPRESENTATION_CONTEXT(2) 
PARAMETRIC_REPRESENTATION_CONTEXT() REPRESENTATION_CONTEXT('2D SPACE',''
  ) );
#6182 = ORIENTED_EDGE('',*,*,#6183,.F.);
#6183 = EDGE_CURVE('',#6092,#6163,#6184,.T.);
#6184 = SURFACE_CURVE('',#6185,(#6189,#6195),.PCURVE_S1.);
#6185 = LINE('',#6186,#6187);
#6186 = CARTESIAN_POINT('',(0.,1.1485E+03,6.));
#6187 = VECTOR('',#6188,1.);
#6188 = DIRECTION('',(0.,-1.,0.));
#6189 = PCURVE('',#805,#6190);
#6190 = DEFINITIONAL_REPRESENTATION('',(#6191),#6194);
#6191 = B_SPLINE_CURVE_WITH_KNOTS('',1,(#6192,#6193),.UNSPECIFIED.,.F.,
  .F.,(2,2),(40.5,46.992518656844),.PIECEWISE_BEZIER_KNOTS.);
#6192 = CARTESIAN_POINT('',(89.,-6.));
#6193 = CARTESIAN_POINT('',(95.492518656844,-6.));
#6194 = ( GEOMETRIC_REPRESENTATION_CONTEXT(2) 
PARAMETRIC_REPRESENTATION_CONTEXT() REPRESENTATION_CONTEXT('2D SPACE',''
  ) );
#6195 = PCURVE('',#6016,#6196);
#6196 = DEFINITIONAL_REPRESENTATION('',(#6197),#6200);
#6197 = B_SPLINE_CURVE_WITH_KNOTS('',1,(#6198,#6199),.UNSPECIFIED.,.F.,
  .F.,(2,2),(40.5,46.992518656844),.PIECEWISE_BEZIER_KNOTS.);
#6198 = CARTESIAN_POINT('',(2.3,8.));
#6199 = CARTESIAN_POINT('',(2.3,1.507481343156));
#6200 = ( GEOMETRIC_REPRESENTATION_CONTEXT(2) 
PARAMETRIC_REPRESENTATION_CONTEXT() REPRESENTATION_CONTEXT('2D SPACE',''
  ) );
#6201 = ORIENTED_EDGE('',*,*,#6115,.T.);
#6202 = ADVANCED_FACE('',(#6203),#777,.F.);
#6203 = FACE_BOUND('',#6204,.F.);
#6204 = EDGE_LOOP('',(#6205,#6226,#6227,#6228));
#6205 = ORIENTED_EDGE('',*,*,#6206,.T.);
#6206 = EDGE_CURVE('',#734,#3339,#6207,.T.);
#6207 = SURFACE_CURVE('',#6208,(#6212,#6219),.PCURVE_S1.);
#6208 = LINE('',#6209,#6210);
#6209 = CARTESIAN_POINT('',(938.4,1.197E+03,0.));
#6210 = VECTOR('',#6211,1.);
#6211 = DIRECTION('',(0.,0.,1.));
#6212 = PCURVE('',#777,#6213);
#6213 = DEFINITIONAL_REPRESENTATION('',(#6214),#6218);
#6214 = LINE('',#6215,#6216);
#6215 = CARTESIAN_POINT('',(0.,-0.));
#6216 = VECTOR('',#6217,1.);
#6217 = DIRECTION('',(0.,-1.));
#6218 = ( GEOMETRIC_REPRESENTATION_CONTEXT(2) 
PARAMETRIC_REPRESENTATION_CONTEXT() REPRESENTATION_CONTEXT('2D SPACE',''
  ) );
#6219 = PCURVE('',#749,#6220);
#6220 = DEFINITIONAL_REPRESENTATION('',(#6221),#6225);
#6221 = LINE('',#6222,#6223);
#6222 = CARTESIAN_POINT('',(41.5,0.));
#6223 = VECTOR('',#6224,1.);
#6224 = DIRECTION('',(0.,-1.));
#6225 = ( GEOMETRIC_REPRESENTATION_CONTEXT(2) 
PARAMETRIC_REPRESENTATION_CONTEXT() REPRESENTATION_CONTEXT('2D SPACE',''
  ) );
#6226 = ORIENTED_EDGE('',*,*,#3361,.T.);
#6227 = ORIENTED_EDGE('',*,*,#6140,.F.);
#6228 = ORIENTED_EDGE('',*,*,#761,.F.);
#6229 = ADVANCED_FACE('',(#6230),#749,.F.);
#6230 = FACE_BOUND('',#6231,.F.);
#6231 = EDGE_LOOP('',(#6232,#6253,#6254,#6255));
#6232 = ORIENTED_EDGE('',*,*,#6233,.T.);
#6233 = EDGE_CURVE('',#706,#3316,#6234,.T.);
#6234 = SURFACE_CURVE('',#6235,(#6239,#6246),.PCURVE_S1.);
#6235 = LINE('',#6236,#6237);
#6236 = CARTESIAN_POINT('',(938.4,1.1555E+03,0.));
#6237 = VECTOR('',#6238,1.);
#6238 = DIRECTION('',(0.,0.,1.));
#6239 = PCURVE('',#749,#6240);
#6240 = DEFINITIONAL_REPRESENTATION('',(#6241),#6245);
#6241 = LINE('',#6242,#6243);
#6242 = CARTESIAN_POINT('',(0.,0.));
#6243 = VECTOR('',#6244,1.);
#6244 = DIRECTION('',(0.,-1.));
#6245 = ( GEOMETRIC_REPRESENTATION_CONTEXT(2) 
PARAMETRIC_REPRESENTATION_CONTEXT() REPRESENTATION_CONTEXT('2D SPACE',''
  ) );
#6246 = PCURVE('',#721,#6247);
#6247 = DEFINITIONAL_REPRESENTATION('',(#6248),#6252);
#6248 = LINE('',#6249,#6250);
#6249 = CARTESIAN_POINT('',(32.2,0.));
#6250 = VECTOR('',#6251,1.);
#6251 = DIRECTION('',(0.,-1.));
#6252 = ( GEOMETRIC_REPRESENTATION_CONTEXT(2) 
PARAMETRIC_REPRESENTATION_CONTEXT() REPRESENTATION_CONTEXT('2D SPACE',''
  ) );
#6253 = ORIENTED_EDGE('',*,*,#3338,.T.);
#6254 = ORIENTED_EDGE('',*,*,#6206,.F.);
#6255 = ORIENTED_EDGE('',*,*,#733,.F.);
#6256 = ADVANCED_FACE('',(#6257),#721,.F.);
#6257 = FACE_BOUND('',#6258,.F.);
#6258 = EDGE_LOOP('',(#6259,#6280,#6281,#6282));
#6259 = ORIENTED_EDGE('',*,*,#6260,.T.);
#6260 = EDGE_CURVE('',#678,#3293,#6261,.T.);
#6261 = SURFACE_CURVE('',#6262,(#6266,#6273),.PCURVE_S1.);
#6262 = LINE('',#6263,#6264);
#6263 = CARTESIAN_POINT('',(906.2,1.1555E+03,0.));
#6264 = VECTOR('',#6265,1.);
#6265 = DIRECTION('',(0.,0.,1.));
#6266 = PCURVE('',#721,#6267);
#6267 = DEFINITIONAL_REPRESENTATION('',(#6268),#6272);
#6268 = LINE('',#6269,#6270);
#6269 = CARTESIAN_POINT('',(0.,0.));
#6270 = VECTOR('',#6271,1.);
#6271 = DIRECTION('',(0.,-1.));
#6272 = ( GEOMETRIC_REPRESENTATION_CONTEXT(2) 
PARAMETRIC_REPRESENTATION_CONTEXT() REPRESENTATION_CONTEXT('2D SPACE',''
  ) );
#6273 = PCURVE('',#693,#6274);
#6274 = DEFINITIONAL_REPRESENTATION('',(#6275),#6279);
#6275 = LINE('',#6276,#6277);
#6276 = CARTESIAN_POINT('',(70.,0.));
#6277 = VECTOR('',#6278,1.);
#6278 = DIRECTION('',(0.,-1.));
#6279 = ( GEOMETRIC_REPRESENTATION_CONTEXT(2) 
PARAMETRIC_REPRESENTATION_CONTEXT() REPRESENTATION_CONTEXT('2D SPACE',''
  ) );
#6280 = ORIENTED_EDGE('',*,*,#3315,.T.);
#6281 = ORIENTED_EDGE('',*,*,#6233,.F.);
#6282 = ORIENTED_EDGE('',*,*,#705,.F.);
#6283 = ADVANCED_FACE('',(#6284),#693,.F.);
#6284 = FACE_BOUND('',#6285,.F.);
#6285 = EDGE_LOOP('',(#6286,#6307,#6308,#6309));
#6286 = ORIENTED_EDGE('',*,*,#6287,.T.);
#6287 = EDGE_CURVE('',#650,#3270,#6288,.T.);
#6288 = SURFACE_CURVE('',#6289,(#6293,#6300),.PCURVE_S1.);
#6289 = LINE('',#6290,#6291);
#6290 = CARTESIAN_POINT('',(906.2,1.0855E+03,0.));
#6291 = VECTOR('',#6292,1.);
#6292 = DIRECTION('',(0.,0.,1.));
#6293 = PCURVE('',#693,#6294);
#6294 = DEFINITIONAL_REPRESENTATION('',(#6295),#6299);
#6295 = LINE('',#6296,#6297);
#6296 = CARTESIAN_POINT('',(0.,0.));
#6297 = VECTOR('',#6298,1.);
#6298 = DIRECTION('',(0.,-1.));
#6299 = ( GEOMETRIC_REPRESENTATION_CONTEXT(2) 
PARAMETRIC_REPRESENTATION_CONTEXT() REPRESENTATION_CONTEXT('2D SPACE',''
  ) );
#6300 = PCURVE('',#665,#6301);
#6301 = DEFINITIONAL_REPRESENTATION('',(#6302),#6306);
#6302 = LINE('',#6303,#6304);
#6303 = CARTESIAN_POINT('',(32.2,0.));
#6304 = VECTOR('',#6305,1.);
#6305 = DIRECTION('',(0.,-1.));
#6306 = ( GEOMETRIC_REPRESENTATION_CONTEXT(2) 
PARAMETRIC_REPRESENTATION_CONTEXT() REPRESENTATION_CONTEXT('2D SPACE',''
  ) );
#6307 = ORIENTED_EDGE('',*,*,#3292,.T.);
#6308 = ORIENTED_EDGE('',*,*,#6260,.F.);
#6309 = ORIENTED_EDGE('',*,*,#677,.F.);
#6310 = ADVANCED_FACE('',(#6311),#665,.F.);
#6311 = FACE_BOUND('',#6312,.F.);
#6312 = EDGE_LOOP('',(#6313,#6334,#6335,#6336));
#6313 = ORIENTED_EDGE('',*,*,#6314,.T.);
#6314 = EDGE_CURVE('',#622,#3247,#6315,.T.);
#6315 = SURFACE_CURVE('',#6316,(#6320,#6327),.PCURVE_S1.);
#6316 = LINE('',#6317,#6318);
#6317 = CARTESIAN_POINT('',(938.4,1.0855E+03,0.));
#6318 = VECTOR('',#6319,1.);
#6319 = DIRECTION('',(0.,0.,1.));
#6320 = PCURVE('',#665,#6321);
#6321 = DEFINITIONAL_REPRESENTATION('',(#6322),#6326);
#6322 = LINE('',#6323,#6324);
#6323 = CARTESIAN_POINT('',(0.,-0.));
#6324 = VECTOR('',#6325,1.);
#6325 = DIRECTION('',(0.,-1.));
#6326 = ( GEOMETRIC_REPRESENTATION_CONTEXT(2) 
PARAMETRIC_REPRESENTATION_CONTEXT() REPRESENTATION_CONTEXT('2D SPACE',''
  ) );
#6327 = PCURVE('',#637,#6328);
#6328 = DEFINITIONAL_REPRESENTATION('',(#6329),#6333);
#6329 = LINE('',#6330,#6331);
#6330 = CARTESIAN_POINT('',(407.,0.));
#6331 = VECTOR('',#6332,1.);
#6332 = DIRECTION('',(0.,-1.));
#6333 = ( GEOMETRIC_REPRESENTATION_CONTEXT(2) 
PARAMETRIC_REPRESENTATION_CONTEXT() REPRESENTATION_CONTEXT('2D SPACE',''
  ) );
#6334 = ORIENTED_EDGE('',*,*,#3269,.T.);
#6335 = ORIENTED_EDGE('',*,*,#6287,.F.);
#6336 = ORIENTED_EDGE('',*,*,#649,.F.);
#6337 = ADVANCED_FACE('',(#6338),#637,.F.);
#6338 = FACE_BOUND('',#6339,.F.);
#6339 = EDGE_LOOP('',(#6340,#6341,#6362,#6388,#6407,#6408));
#6340 = ORIENTED_EDGE('',*,*,#621,.F.);
#6341 = ORIENTED_EDGE('',*,*,#6342,.F.);
#6342 = EDGE_CURVE('',#6343,#589,#6345,.T.);
#6343 = VERTEX_POINT('',#6344);
#6344 = CARTESIAN_POINT('',(938.4,857.96931615635,6.));
#6345 = SURFACE_CURVE('',#6346,(#6350,#6356),.PCURVE_S1.);
#6346 = LINE('',#6347,#6348);
#6347 = CARTESIAN_POINT('',(938.4,857.96931615635,-1.E-03));
#6348 = VECTOR('',#6349,1.);
#6349 = DIRECTION('',(-0.,-0.,-1.));
#6350 = PCURVE('',#637,#6351);
#6351 = DEFINITIONAL_REPRESENTATION('',(#6352),#6355);
#6352 = B_SPLINE_CURVE_WITH_KNOTS('',1,(#6353,#6354),.UNSPECIFIED.,.F.,
  .F.,(2,2),(-6.0010006,5.999999999999E-07),.PIECEWISE_BEZIER_KNOTS.);
#6353 = CARTESIAN_POINT('',(179.46931615635,-6.0000006));
#6354 = CARTESIAN_POINT('',(179.46931615635,1.0006E-03));
#6355 = ( GEOMETRIC_REPRESENTATION_CONTEXT(2) 
PARAMETRIC_REPRESENTATION_CONTEXT() REPRESENTATION_CONTEXT('2D SPACE',''
  ) );
#6356 = PCURVE('',#609,#6357);
#6357 = DEFINITIONAL_REPRESENTATION('',(#6358),#6361);
#6358 = B_SPLINE_CURVE_WITH_KNOTS('',1,(#6359,#6360),.UNSPECIFIED.,.F.,
  .F.,(2,2),(-6.0010006,5.999999999999E-07),.PIECEWISE_BEZIER_KNOTS.);
#6359 = CARTESIAN_POINT('',(-1.483184286705,-6.0010006));
#6360 = CARTESIAN_POINT('',(-1.483184286705,5.999999999999E-07));
#6361 = ( GEOMETRIC_REPRESENTATION_CONTEXT(2) 
PARAMETRIC_REPRESENTATION_CONTEXT() REPRESENTATION_CONTEXT('2D SPACE',''
  ) );
#6362 = ORIENTED_EDGE('',*,*,#6363,.F.);
#6363 = EDGE_CURVE('',#6364,#6343,#6366,.T.);
#6364 = VERTEX_POINT('',#6365);
#6365 = CARTESIAN_POINT('',(938.4,852.65941722939,6.));
#6366 = SURFACE_CURVE('',#6367,(#6371,#6377),.PCURVE_S1.);
#6367 = LINE('',#6368,#6369);
#6368 = CARTESIAN_POINT('',(938.4,764.25,6.));
#6369 = VECTOR('',#6370,1.);
#6370 = DIRECTION('',(0.,1.,-0.));
#6371 = PCURVE('',#637,#6372);
#6372 = DEFINITIONAL_REPRESENTATION('',(#6373),#6376);
#6373 = B_SPLINE_CURVE_WITH_KNOTS('',1,(#6374,#6375),.UNSPECIFIED.,.F.,
  .F.,(2,2),(88.409417229394,93.75),.PIECEWISE_BEZIER_KNOTS.);
#6374 = CARTESIAN_POINT('',(174.15941722939,-6.));
#6375 = CARTESIAN_POINT('',(179.5,-6.));
#6376 = ( GEOMETRIC_REPRESENTATION_CONTEXT(2) 
PARAMETRIC_REPRESENTATION_CONTEXT() REPRESENTATION_CONTEXT('2D SPACE',''
  ) );
#6377 = PCURVE('',#6378,#6383);
#6378 = PLANE('',#6379);
#6379 = AXIS2_PLACEMENT_3D('',#6380,#6381,#6382);
#6380 = CARTESIAN_POINT('',(937.7,850.,6.));
#6381 = DIRECTION('',(0.,0.,1.));
#6382 = DIRECTION('',(1.,0.,-0.));
#6383 = DEFINITIONAL_REPRESENTATION('',(#6384),#6387);
#6384 = B_SPLINE_CURVE_WITH_KNOTS('',1,(#6385,#6386),.UNSPECIFIED.,.F.,
  .F.,(2,2),(88.409417229394,93.75),.PIECEWISE_BEZIER_KNOTS.);
#6385 = CARTESIAN_POINT('',(0.7,2.659417229394));
#6386 = CARTESIAN_POINT('',(0.7,8.));
#6387 = ( GEOMETRIC_REPRESENTATION_CONTEXT(2) 
PARAMETRIC_REPRESENTATION_CONTEXT() REPRESENTATION_CONTEXT('2D SPACE',''
  ) );
#6388 = ORIENTED_EDGE('',*,*,#6389,.F.);
#6389 = EDGE_CURVE('',#3214,#6364,#6390,.T.);
#6390 = SURFACE_CURVE('',#6391,(#6395,#6401),.PCURVE_S1.);
#6391 = LINE('',#6392,#6393);
#6392 = CARTESIAN_POINT('',(938.4,852.65941722939,-1.));
#6393 = VECTOR('',#6394,1.);
#6394 = DIRECTION('',(-0.,-0.,-1.));
#6395 = PCURVE('',#637,#6396);
#6396 = DEFINITIONAL_REPRESENTATION('',(#6397),#6400);
#6397 = B_SPLINE_CURVE_WITH_KNOTS('',1,(#6398,#6399),.UNSPECIFIED.,.F.,
  .F.,(2,2),(-14.7000006,5.999999999062E-07),.PIECEWISE_BEZIER_KNOTS.);
#6398 = CARTESIAN_POINT('',(174.15941722939,-13.7000006));
#6399 = CARTESIAN_POINT('',(174.15941722939,1.0000006));
#6400 = ( GEOMETRIC_REPRESENTATION_CONTEXT(2) 
PARAMETRIC_REPRESENTATION_CONTEXT() REPRESENTATION_CONTEXT('2D SPACE',''
  ) );
#6401 = PCURVE('',#3234,#6402);
#6402 = DEFINITIONAL_REPRESENTATION('',(#6403),#6406);
#6403 = B_SPLINE_CURVE_WITH_KNOTS('',1,(#6404,#6405),.UNSPECIFIED.,.F.,
  .F.,(2,2),(-14.7000006,5.999999999062E-07),.PIECEWISE_BEZIER_KNOTS.);
#6404 = CARTESIAN_POINT('',(-1.313418680473,-14.7000006));
#6405 = CARTESIAN_POINT('',(-1.313418680473,5.999999999062E-07));
#6406 = ( GEOMETRIC_REPRESENTATION_CONTEXT(2) 
PARAMETRIC_REPRESENTATION_CONTEXT() REPRESENTATION_CONTEXT('2D SPACE',''
  ) );
#6407 = ORIENTED_EDGE('',*,*,#3246,.T.);
#6408 = ORIENTED_EDGE('',*,*,#6314,.F.);
#6409 = ADVANCED_FACE('',(#6410),#609,.F.);
#6410 = FACE_BOUND('',#6411,.T.);
#6411 = EDGE_LOOP('',(#6412,#6413,#6437,#6456));
#6412 = ORIENTED_EDGE('',*,*,#6342,.F.);
#6413 = ORIENTED_EDGE('',*,*,#6414,.T.);
#6414 = EDGE_CURVE('',#6343,#6415,#6417,.T.);
#6415 = VERTEX_POINT('',#6416);
#6416 = CARTESIAN_POINT('',(938.4,842.03068384364,6.));
#6417 = SURFACE_CURVE('',#6418,(#6423,#6430),.PCURVE_S1.);
#6418 = CIRCLE('',#6419,8.);
#6419 = AXIS2_PLACEMENT_3D('',#6420,#6421,#6422);
#6420 = CARTESIAN_POINT('',(937.7,850.,6.));
#6421 = DIRECTION('',(0.,0.,1.));
#6422 = DIRECTION('',(1.,0.,0.));
#6423 = PCURVE('',#609,#6424);
#6424 = DEFINITIONAL_REPRESENTATION('',(#6425),#6429);
#6425 = LINE('',#6426,#6427);
#6426 = CARTESIAN_POINT('',(-0.,-6.001));
#6427 = VECTOR('',#6428,1.);
#6428 = DIRECTION('',(-1.,0.));
#6429 = ( GEOMETRIC_REPRESENTATION_CONTEXT(2) 
PARAMETRIC_REPRESENTATION_CONTEXT() REPRESENTATION_CONTEXT('2D SPACE',''
  ) );
#6430 = PCURVE('',#6378,#6431);
#6431 = DEFINITIONAL_REPRESENTATION('',(#6432),#6436);
#6432 = CIRCLE('',#6433,8.);
#6433 = AXIS2_PLACEMENT_2D('',#6434,#6435);
#6434 = CARTESIAN_POINT('',(0.,0.));
#6435 = DIRECTION('',(1.,0.));
#6436 = ( GEOMETRIC_REPRESENTATION_CONTEXT(2) 
PARAMETRIC_REPRESENTATION_CONTEXT() REPRESENTATION_CONTEXT('2D SPACE',''
  ) );
#6437 = ORIENTED_EDGE('',*,*,#6438,.T.);
#6438 = EDGE_CURVE('',#6415,#561,#6439,.T.);
#6439 = SURFACE_CURVE('',#6440,(#6444,#6450),.PCURVE_S1.);
#6440 = LINE('',#6441,#6442);
#6441 = CARTESIAN_POINT('',(938.4,842.03068384364,-1.E-03));
#6442 = VECTOR('',#6443,1.);
#6443 = DIRECTION('',(-0.,-0.,-1.));
#6444 = PCURVE('',#609,#6445);
#6445 = DEFINITIONAL_REPRESENTATION('',(#6446),#6449);
#6446 = B_SPLINE_CURVE_WITH_KNOTS('',1,(#6447,#6448),.UNSPECIFIED.,.F.,
  .F.,(2,2),(-6.0010006,5.999999999999E-07),.PIECEWISE_BEZIER_KNOTS.);
#6447 = CARTESIAN_POINT('',(-4.800001020475,-6.0010006));
#6448 = CARTESIAN_POINT('',(-4.800001020475,5.999999999999E-07));
#6449 = ( GEOMETRIC_REPRESENTATION_CONTEXT(2) 
PARAMETRIC_REPRESENTATION_CONTEXT() REPRESENTATION_CONTEXT('2D SPACE',''
  ) );
#6450 = PCURVE('',#576,#6451);
#6451 = DEFINITIONAL_REPRESENTATION('',(#6452),#6455);
#6452 = B_SPLINE_CURVE_WITH_KNOTS('',1,(#6453,#6454),.UNSPECIFIED.,.F.,
  .F.,(2,2),(-6.0010006,5.999999999999E-07),.PIECEWISE_BEZIER_KNOTS.);
#6453 = CARTESIAN_POINT('',(163.53068384364,-6.0000006));
#6454 = CARTESIAN_POINT('',(163.53068384364,1.0006E-03));
#6455 = ( GEOMETRIC_REPRESENTATION_CONTEXT(2) 
PARAMETRIC_REPRESENTATION_CONTEXT() REPRESENTATION_CONTEXT('2D SPACE',''
  ) );
#6456 = ORIENTED_EDGE('',*,*,#588,.T.);
#6457 = ADVANCED_FACE('',(#6458),#576,.F.);
#6458 = FACE_BOUND('',#6459,.F.);
#6459 = EDGE_LOOP('',(#6460,#6461,#6482,#6483,#6504,#6523));
#6460 = ORIENTED_EDGE('',*,*,#560,.F.);
#6461 = ORIENTED_EDGE('',*,*,#6462,.T.);
#6462 = EDGE_CURVE('',#533,#3168,#6463,.T.);
#6463 = SURFACE_CURVE('',#6464,(#6468,#6475),.PCURVE_S1.);
#6464 = LINE('',#6465,#6466);
#6465 = CARTESIAN_POINT('',(938.4,678.5,0.));
#6466 = VECTOR('',#6467,1.);
#6467 = DIRECTION('',(0.,0.,1.));
#6468 = PCURVE('',#576,#6469);
#6469 = DEFINITIONAL_REPRESENTATION('',(#6470),#6474);
#6470 = LINE('',#6471,#6472);
#6471 = CARTESIAN_POINT('',(0.,0.));
#6472 = VECTOR('',#6473,1.);
#6473 = DIRECTION('',(0.,-1.));
#6474 = ( GEOMETRIC_REPRESENTATION_CONTEXT(2) 
PARAMETRIC_REPRESENTATION_CONTEXT() REPRESENTATION_CONTEXT('2D SPACE',''
  ) );
#6475 = PCURVE('',#548,#6476);
#6476 = DEFINITIONAL_REPRESENTATION('',(#6477),#6481);
#6477 = LINE('',#6478,#6479);
#6478 = CARTESIAN_POINT('',(32.2,0.));
#6479 = VECTOR('',#6480,1.);
#6480 = DIRECTION('',(0.,-1.));
#6481 = ( GEOMETRIC_REPRESENTATION_CONTEXT(2) 
PARAMETRIC_REPRESENTATION_CONTEXT() REPRESENTATION_CONTEXT('2D SPACE',''
  ) );
#6482 = ORIENTED_EDGE('',*,*,#3190,.T.);
#6483 = ORIENTED_EDGE('',*,*,#6484,.T.);
#6484 = EDGE_CURVE('',#3191,#6485,#6487,.T.);
#6485 = VERTEX_POINT('',#6486);
#6486 = CARTESIAN_POINT('',(938.4,847.3405827706,6.));
#6487 = SURFACE_CURVE('',#6488,(#6492,#6498),.PCURVE_S1.);
#6488 = LINE('',#6489,#6490);
#6489 = CARTESIAN_POINT('',(938.4,847.3405827706,-1.));
#6490 = VECTOR('',#6491,1.);
#6491 = DIRECTION('',(-0.,-0.,-1.));
#6492 = PCURVE('',#576,#6493);
#6493 = DEFINITIONAL_REPRESENTATION('',(#6494),#6497);
#6494 = B_SPLINE_CURVE_WITH_KNOTS('',1,(#6495,#6496),.UNSPECIFIED.,.F.,
  .F.,(2,2),(-14.7000006,5.999999999062E-07),.PIECEWISE_BEZIER_KNOTS.);
#6495 = CARTESIAN_POINT('',(168.8405827706,-13.7000006));
#6496 = CARTESIAN_POINT('',(168.8405827706,1.0000006));
#6497 = ( GEOMETRIC_REPRESENTATION_CONTEXT(2) 
PARAMETRIC_REPRESENTATION_CONTEXT() REPRESENTATION_CONTEXT('2D SPACE',''
  ) );
#6498 = PCURVE('',#3234,#6499);
#6499 = DEFINITIONAL_REPRESENTATION('',(#6500),#6503);
#6500 = B_SPLINE_CURVE_WITH_KNOTS('',1,(#6501,#6502),.UNSPECIFIED.,.F.,
  .F.,(2,2),(-14.7000006,5.999999999062E-07),.PIECEWISE_BEZIER_KNOTS.);
#6501 = CARTESIAN_POINT('',(-4.969766626706,-14.7000006));
#6502 = CARTESIAN_POINT('',(-4.969766626706,5.999999999062E-07));
#6503 = ( GEOMETRIC_REPRESENTATION_CONTEXT(2) 
PARAMETRIC_REPRESENTATION_CONTEXT() REPRESENTATION_CONTEXT('2D SPACE',''
  ) );
#6504 = ORIENTED_EDGE('',*,*,#6505,.F.);
#6505 = EDGE_CURVE('',#6415,#6485,#6506,.T.);
#6506 = SURFACE_CURVE('',#6507,(#6511,#6517),.PCURVE_S1.);
#6507 = LINE('',#6508,#6509);
#6508 = CARTESIAN_POINT('',(938.4,764.25,6.));
#6509 = VECTOR('',#6510,1.);
#6510 = DIRECTION('',(0.,1.,-0.));
#6511 = PCURVE('',#576,#6512);
#6512 = DEFINITIONAL_REPRESENTATION('',(#6513),#6516);
#6513 = B_SPLINE_CURVE_WITH_KNOTS('',1,(#6514,#6515),.UNSPECIFIED.,.F.,
  .F.,(2,2),(77.75,83.090582770606),.PIECEWISE_BEZIER_KNOTS.);
#6514 = CARTESIAN_POINT('',(163.5,-6.));
#6515 = CARTESIAN_POINT('',(168.8405827706,-6.));
#6516 = ( GEOMETRIC_REPRESENTATION_CONTEXT(2) 
PARAMETRIC_REPRESENTATION_CONTEXT() REPRESENTATION_CONTEXT('2D SPACE',''
  ) );
#6517 = PCURVE('',#6378,#6518);
#6518 = DEFINITIONAL_REPRESENTATION('',(#6519),#6522);
#6519 = B_SPLINE_CURVE_WITH_KNOTS('',1,(#6520,#6521),.UNSPECIFIED.,.F.,
  .F.,(2,2),(77.75,83.090582770606),.PIECEWISE_BEZIER_KNOTS.);
#6520 = CARTESIAN_POINT('',(0.7,-8.));
#6521 = CARTESIAN_POINT('',(0.7,-2.659417229394));
#6522 = ( GEOMETRIC_REPRESENTATION_CONTEXT(2) 
PARAMETRIC_REPRESENTATION_CONTEXT() REPRESENTATION_CONTEXT('2D SPACE',''
  ) );
#6523 = ORIENTED_EDGE('',*,*,#6438,.T.);
#6524 = ADVANCED_FACE('',(#6525),#548,.F.);
#6525 = FACE_BOUND('',#6526,.F.);
#6526 = EDGE_LOOP('',(#6527,#6548,#6549,#6550));
#6527 = ORIENTED_EDGE('',*,*,#6528,.T.);
#6528 = EDGE_CURVE('',#505,#3145,#6529,.T.);
#6529 = SURFACE_CURVE('',#6530,(#6534,#6541),.PCURVE_S1.);
#6530 = LINE('',#6531,#6532);
#6531 = CARTESIAN_POINT('',(906.2,678.5,0.));
#6532 = VECTOR('',#6533,1.);
#6533 = DIRECTION('',(0.,0.,1.));
#6534 = PCURVE('',#548,#6535);
#6535 = DEFINITIONAL_REPRESENTATION('',(#6536),#6540);
#6536 = LINE('',#6537,#6538);
#6537 = CARTESIAN_POINT('',(0.,0.));
#6538 = VECTOR('',#6539,1.);
#6539 = DIRECTION('',(0.,-1.));
#6540 = ( GEOMETRIC_REPRESENTATION_CONTEXT(2) 
PARAMETRIC_REPRESENTATION_CONTEXT() REPRESENTATION_CONTEXT('2D SPACE',''
  ) );
#6541 = PCURVE('',#520,#6542);
#6542 = DEFINITIONAL_REPRESENTATION('',(#6543),#6547);
#6543 = LINE('',#6544,#6545);
#6544 = CARTESIAN_POINT('',(190.,0.));
#6545 = VECTOR('',#6546,1.);
#6546 = DIRECTION('',(0.,-1.));
#6547 = ( GEOMETRIC_REPRESENTATION_CONTEXT(2) 
PARAMETRIC_REPRESENTATION_CONTEXT() REPRESENTATION_CONTEXT('2D SPACE',''
  ) );
#6548 = ORIENTED_EDGE('',*,*,#3167,.T.);
#6549 = ORIENTED_EDGE('',*,*,#6462,.F.);
#6550 = ORIENTED_EDGE('',*,*,#532,.F.);
#6551 = ADVANCED_FACE('',(#6552),#520,.F.);
#6552 = FACE_BOUND('',#6553,.F.);
#6553 = EDGE_LOOP('',(#6554,#6575,#6576,#6577));
#6554 = ORIENTED_EDGE('',*,*,#6555,.T.);
#6555 = EDGE_CURVE('',#477,#3122,#6556,.T.);
#6556 = SURFACE_CURVE('',#6557,(#6561,#6568),.PCURVE_S1.);
#6557 = LINE('',#6558,#6559);
#6558 = CARTESIAN_POINT('',(906.2,488.5,0.));
#6559 = VECTOR('',#6560,1.);
#6560 = DIRECTION('',(0.,0.,1.));
#6561 = PCURVE('',#520,#6562);
#6562 = DEFINITIONAL_REPRESENTATION('',(#6563),#6567);
#6563 = LINE('',#6564,#6565);
#6564 = CARTESIAN_POINT('',(0.,0.));
#6565 = VECTOR('',#6566,1.);
#6566 = DIRECTION('',(0.,-1.));
#6567 = ( GEOMETRIC_REPRESENTATION_CONTEXT(2) 
PARAMETRIC_REPRESENTATION_CONTEXT() REPRESENTATION_CONTEXT('2D SPACE',''
  ) );
#6568 = PCURVE('',#492,#6569);
#6569 = DEFINITIONAL_REPRESENTATION('',(#6570),#6574);
#6570 = LINE('',#6571,#6572);
#6571 = CARTESIAN_POINT('',(32.2,0.));
#6572 = VECTOR('',#6573,1.);
#6573 = DIRECTION('',(0.,-1.));
#6574 = ( GEOMETRIC_REPRESENTATION_CONTEXT(2) 
PARAMETRIC_REPRESENTATION_CONTEXT() REPRESENTATION_CONTEXT('2D SPACE',''
  ) );
#6575 = ORIENTED_EDGE('',*,*,#3144,.T.);
#6576 = ORIENTED_EDGE('',*,*,#6528,.F.);
#6577 = ORIENTED_EDGE('',*,*,#504,.F.);
#6578 = ADVANCED_FACE('',(#6579),#492,.F.);
#6579 = FACE_BOUND('',#6580,.F.);
#6580 = EDGE_LOOP('',(#6581,#6602,#6603,#6604));
#6581 = ORIENTED_EDGE('',*,*,#6582,.T.);
#6582 = EDGE_CURVE('',#449,#3099,#6583,.T.);
#6583 = SURFACE_CURVE('',#6584,(#6588,#6595),.PCURVE_S1.);
#6584 = LINE('',#6585,#6586);
#6585 = CARTESIAN_POINT('',(938.4,488.5,0.));
#6586 = VECTOR('',#6587,1.);
#6587 = DIRECTION('',(0.,0.,1.));
#6588 = PCURVE('',#492,#6589);
#6589 = DEFINITIONAL_REPRESENTATION('',(#6590),#6594);
#6590 = LINE('',#6591,#6592);
#6591 = CARTESIAN_POINT('',(0.,-0.));
#6592 = VECTOR('',#6593,1.);
#6593 = DIRECTION('',(0.,-1.));
#6594 = ( GEOMETRIC_REPRESENTATION_CONTEXT(2) 
PARAMETRIC_REPRESENTATION_CONTEXT() REPRESENTATION_CONTEXT('2D SPACE',''
  ) );
#6595 = PCURVE('',#464,#6596);
#6596 = DEFINITIONAL_REPRESENTATION('',(#6597),#6601);
#6597 = LINE('',#6598,#6599);
#6598 = CARTESIAN_POINT('',(488.5,0.));
#6599 = VECTOR('',#6600,1.);
#6600 = DIRECTION('',(0.,-1.));
#6601 = ( GEOMETRIC_REPRESENTATION_CONTEXT(2) 
PARAMETRIC_REPRESENTATION_CONTEXT() REPRESENTATION_CONTEXT('2D SPACE',''
  ) );
#6602 = ORIENTED_EDGE('',*,*,#3121,.T.);
#6603 = ORIENTED_EDGE('',*,*,#6555,.F.);
#6604 = ORIENTED_EDGE('',*,*,#476,.F.);
#6605 = ADVANCED_FACE('',(#6606),#464,.F.);
#6606 = FACE_BOUND('',#6607,.F.);
#6607 = EDGE_LOOP('',(#6608,#6609,#6610,#6611,#6612,#6613));
#6608 = ORIENTED_EDGE('',*,*,#448,.F.);
#6609 = ORIENTED_EDGE('',*,*,#5732,.F.);
#6610 = ORIENTED_EDGE('',*,*,#5780,.F.);
#6611 = ORIENTED_EDGE('',*,*,#5835,.F.);
#6612 = ORIENTED_EDGE('',*,*,#3098,.T.);
#6613 = ORIENTED_EDGE('',*,*,#6582,.F.);
#6614 = ADVANCED_FACE('',(#6615),#952,.F.);
#6615 = FACE_BOUND('',#6616,.T.);
#6616 = EDGE_LOOP('',(#6617,#6618,#6639,#6640));
#6617 = ORIENTED_EDGE('',*,*,#931,.T.);
#6618 = ORIENTED_EDGE('',*,*,#6619,.T.);
#6619 = EDGE_CURVE('',#932,#3548,#6620,.T.);
#6620 = SEAM_CURVE('',#6621,(#6625,#6632),.PCURVE_S1.);
#6621 = LINE('',#6622,#6623);
#6622 = CARTESIAN_POINT('',(117.05,9.5,-1.));
#6623 = VECTOR('',#6624,1.);
#6624 = DIRECTION('',(0.,0.,1.));
#6625 = PCURVE('',#952,#6626);
#6626 = DEFINITIONAL_REPRESENTATION('',(#6627),#6631);
#6627 = LINE('',#6628,#6629);
#6628 = CARTESIAN_POINT('',(-6.28318530718,0.));
#6629 = VECTOR('',#6630,1.);
#6630 = DIRECTION('',(-0.,-1.));
#6631 = ( GEOMETRIC_REPRESENTATION_CONTEXT(2) 
PARAMETRIC_REPRESENTATION_CONTEXT() REPRESENTATION_CONTEXT('2D SPACE',''
  ) );
#6632 = PCURVE('',#952,#6633);
#6633 = DEFINITIONAL_REPRESENTATION('',(#6634),#6638);
#6634 = LINE('',#6635,#6636);
#6635 = CARTESIAN_POINT('',(-0.,0.));
#6636 = VECTOR('',#6637,1.);
#6637 = DIRECTION('',(-0.,-1.));
#6638 = ( GEOMETRIC_REPRESENTATION_CONTEXT(2) 
PARAMETRIC_REPRESENTATION_CONTEXT() REPRESENTATION_CONTEXT('2D SPACE',''
  ) );
#6639 = ORIENTED_EDGE('',*,*,#3547,.F.);
#6640 = ORIENTED_EDGE('',*,*,#6619,.F.);
#6641 = ADVANCED_FACE('',(#6642),#987,.F.);
#6642 = FACE_BOUND('',#6643,.T.);
#6643 = EDGE_LOOP('',(#6644,#6645,#6668,#6695));
#6644 = ORIENTED_EDGE('',*,*,#966,.T.);
#6645 = ORIENTED_EDGE('',*,*,#6646,.T.);
#6646 = EDGE_CURVE('',#967,#6647,#6649,.T.);
#6647 = VERTEX_POINT('',#6648);
#6648 = CARTESIAN_POINT('',(105.7,100.,6.));
#6649 = SEAM_CURVE('',#6650,(#6654,#6661),.PCURVE_S1.);
#6650 = LINE('',#6651,#6652);
#6651 = CARTESIAN_POINT('',(105.7,100.,-1.E-03));
#6652 = VECTOR('',#6653,1.);
#6653 = DIRECTION('',(0.,0.,1.));
#6654 = PCURVE('',#987,#6655);
#6655 = DEFINITIONAL_REPRESENTATION('',(#6656),#6660);
#6656 = LINE('',#6657,#6658);
#6657 = CARTESIAN_POINT('',(-6.28318530718,0.));
#6658 = VECTOR('',#6659,1.);
#6659 = DIRECTION('',(-0.,-1.));
#6660 = ( GEOMETRIC_REPRESENTATION_CONTEXT(2) 
PARAMETRIC_REPRESENTATION_CONTEXT() REPRESENTATION_CONTEXT('2D SPACE',''
  ) );
#6661 = PCURVE('',#987,#6662);
#6662 = DEFINITIONAL_REPRESENTATION('',(#6663),#6667);
#6663 = LINE('',#6664,#6665);
#6664 = CARTESIAN_POINT('',(-0.,0.));
#6665 = VECTOR('',#6666,1.);
#6666 = DIRECTION('',(-0.,-1.));
#6667 = ( GEOMETRIC_REPRESENTATION_CONTEXT(2) 
PARAMETRIC_REPRESENTATION_CONTEXT() REPRESENTATION_CONTEXT('2D SPACE',''
  ) );
#6668 = ORIENTED_EDGE('',*,*,#6669,.T.);
#6669 = EDGE_CURVE('',#6647,#6647,#6670,.T.);
#6670 = SURFACE_CURVE('',#6671,(#6676,#6683),.PCURVE_S1.);
#6671 = CIRCLE('',#6672,8.);
#6672 = AXIS2_PLACEMENT_3D('',#6673,#6674,#6675);
#6673 = CARTESIAN_POINT('',(97.7,100.,6.));
#6674 = DIRECTION('',(0.,0.,1.));
#6675 = DIRECTION('',(1.,0.,0.));
#6676 = PCURVE('',#987,#6677);
#6677 = DEFINITIONAL_REPRESENTATION('',(#6678),#6682);
#6678 = LINE('',#6679,#6680);
#6679 = CARTESIAN_POINT('',(-0.,-6.001));
#6680 = VECTOR('',#6681,1.);
#6681 = DIRECTION('',(-1.,0.));
#6682 = ( GEOMETRIC_REPRESENTATION_CONTEXT(2) 
PARAMETRIC_REPRESENTATION_CONTEXT() REPRESENTATION_CONTEXT('2D SPACE',''
  ) );
#6683 = PCURVE('',#6684,#6689);
#6684 = PLANE('',#6685);
#6685 = AXIS2_PLACEMENT_3D('',#6686,#6687,#6688);
#6686 = CARTESIAN_POINT('',(97.7,100.,6.));
#6687 = DIRECTION('',(0.,0.,1.));
#6688 = DIRECTION('',(1.,0.,-0.));
#6689 = DEFINITIONAL_REPRESENTATION('',(#6690),#6694);
#6690 = CIRCLE('',#6691,8.);
#6691 = AXIS2_PLACEMENT_2D('',#6692,#6693);
#6692 = CARTESIAN_POINT('',(0.,0.));
#6693 = DIRECTION('',(1.,0.));
#6694 = ( GEOMETRIC_REPRESENTATION_CONTEXT(2) 
PARAMETRIC_REPRESENTATION_CONTEXT() REPRESENTATION_CONTEXT('2D SPACE',''
  ) );
#6695 = ORIENTED_EDGE('',*,*,#6646,.F.);
#6696 = ADVANCED_FACE('',(#6697),#1022,.F.);
#6697 = FACE_BOUND('',#6698,.T.);
#6698 = EDGE_LOOP('',(#6699,#6700,#6723,#6750));
#6699 = ORIENTED_EDGE('',*,*,#1001,.T.);
#6700 = ORIENTED_EDGE('',*,*,#6701,.T.);
#6701 = EDGE_CURVE('',#1002,#6702,#6704,.T.);
#6702 = VERTEX_POINT('',#6703);
#6703 = CARTESIAN_POINT('',(205.7,100.,6.));
#6704 = SEAM_CURVE('',#6705,(#6709,#6716),.PCURVE_S1.);
#6705 = LINE('',#6706,#6707);
#6706 = CARTESIAN_POINT('',(205.7,100.,-1.E-03));
#6707 = VECTOR('',#6708,1.);
#6708 = DIRECTION('',(0.,0.,1.));
#6709 = PCURVE('',#1022,#6710);
#6710 = DEFINITIONAL_REPRESENTATION('',(#6711),#6715);
#6711 = LINE('',#6712,#6713);
#6712 = CARTESIAN_POINT('',(-6.28318530718,0.));
#6713 = VECTOR('',#6714,1.);
#6714 = DIRECTION('',(-0.,-1.));
#6715 = ( GEOMETRIC_REPRESENTATION_CONTEXT(2) 
PARAMETRIC_REPRESENTATION_CONTEXT() REPRESENTATION_CONTEXT('2D SPACE',''
  ) );
#6716 = PCURVE('',#1022,#6717);
#6717 = DEFINITIONAL_REPRESENTATION('',(#6718),#6722);
#6718 = LINE('',#6719,#6720);
#6719 = CARTESIAN_POINT('',(-0.,0.));
#6720 = VECTOR('',#6721,1.);
#6721 = DIRECTION('',(-0.,-1.));
#6722 = ( GEOMETRIC_REPRESENTATION_CONTEXT(2) 
PARAMETRIC_REPRESENTATION_CONTEXT() REPRESENTATION_CONTEXT('2D SPACE',''
  ) );
#6723 = ORIENTED_EDGE('',*,*,#6724,.T.);
#6724 = EDGE_CURVE('',#6702,#6702,#6725,.T.);
#6725 = SURFACE_CURVE('',#6726,(#6731,#6738),.PCURVE_S1.);
#6726 = CIRCLE('',#6727,8.);
#6727 = AXIS2_PLACEMENT_3D('',#6728,#6729,#6730);
#6728 = CARTESIAN_POINT('',(197.7,100.,6.));
#6729 = DIRECTION('',(0.,0.,1.));
#6730 = DIRECTION('',(1.,0.,0.));
#6731 = PCURVE('',#1022,#6732);
#6732 = DEFINITIONAL_REPRESENTATION('',(#6733),#6737);
#6733 = LINE('',#6734,#6735);
#6734 = CARTESIAN_POINT('',(-0.,-6.001));
#6735 = VECTOR('',#6736,1.);
#6736 = DIRECTION('',(-1.,0.));
#6737 = ( GEOMETRIC_REPRESENTATION_CONTEXT(2) 
PARAMETRIC_REPRESENTATION_CONTEXT() REPRESENTATION_CONTEXT('2D SPACE',''
  ) );
#6738 = PCURVE('',#6739,#6744);
#6739 = PLANE('',#6740);
#6740 = AXIS2_PLACEMENT_3D('',#6741,#6742,#6743);
#6741 = CARTESIAN_POINT('',(197.7,100.,6.));
#6742 = DIRECTION('',(0.,0.,1.));
#6743 = DIRECTION('',(1.,0.,-0.));
#6744 = DEFINITIONAL_REPRESENTATION('',(#6745),#6749);
#6745 = CIRCLE('',#6746,8.);
#6746 = AXIS2_PLACEMENT_2D('',#6747,#6748);
#6747 = CARTESIAN_POINT('',(0.,0.));
#6748 = DIRECTION('',(1.,0.));
#6749 = ( GEOMETRIC_REPRESENTATION_CONTEXT(2) 
PARAMETRIC_REPRESENTATION_CONTEXT() REPRESENTATION_CONTEXT('2D SPACE',''
  ) );
#6750 = ORIENTED_EDGE('',*,*,#6701,.F.);
#6751 = ADVANCED_FACE('',(#6752),#1057,.F.);
#6752 = FACE_BOUND('',#6753,.T.);
#6753 = EDGE_LOOP('',(#6754,#6755,#6778,#6805));
#6754 = ORIENTED_EDGE('',*,*,#1036,.T.);
#6755 = ORIENTED_EDGE('',*,*,#6756,.T.);
#6756 = EDGE_CURVE('',#1037,#6757,#6759,.T.);
#6757 = VERTEX_POINT('',#6758);
#6758 = CARTESIAN_POINT('',(305.7,100.,6.));
#6759 = SEAM_CURVE('',#6760,(#6764,#6771),.PCURVE_S1.);
#6760 = LINE('',#6761,#6762);
#6761 = CARTESIAN_POINT('',(305.7,100.,-1.E-03));
#6762 = VECTOR('',#6763,1.);
#6763 = DIRECTION('',(0.,0.,1.));
#6764 = PCURVE('',#1057,#6765);
#6765 = DEFINITIONAL_REPRESENTATION('',(#6766),#6770);
#6766 = LINE('',#6767,#6768);
#6767 = CARTESIAN_POINT('',(-6.28318530718,0.));
#6768 = VECTOR('',#6769,1.);
#6769 = DIRECTION('',(-0.,-1.));
#6770 = ( GEOMETRIC_REPRESENTATION_CONTEXT(2) 
PARAMETRIC_REPRESENTATION_CONTEXT() REPRESENTATION_CONTEXT('2D SPACE',''
  ) );
#6771 = PCURVE('',#1057,#6772);
#6772 = DEFINITIONAL_REPRESENTATION('',(#6773),#6777);
#6773 = LINE('',#6774,#6775);
#6774 = CARTESIAN_POINT('',(-0.,0.));
#6775 = VECTOR('',#6776,1.);
#6776 = DIRECTION('',(-0.,-1.));
#6777 = ( GEOMETRIC_REPRESENTATION_CONTEXT(2) 
PARAMETRIC_REPRESENTATION_CONTEXT() REPRESENTATION_CONTEXT('2D SPACE',''
  ) );
#6778 = ORIENTED_EDGE('',*,*,#6779,.T.);
#6779 = EDGE_CURVE('',#6757,#6757,#6780,.T.);
#6780 = SURFACE_CURVE('',#6781,(#6786,#6793),.PCURVE_S1.);
#6781 = CIRCLE('',#6782,8.);
#6782 = AXIS2_PLACEMENT_3D('',#6783,#6784,#6785);
#6783 = CARTESIAN_POINT('',(297.7,100.,6.));
#6784 = DIRECTION('',(0.,0.,1.));
#6785 = DIRECTION('',(1.,0.,0.));
#6786 = PCURVE('',#1057,#6787);
#6787 = DEFINITIONAL_REPRESENTATION('',(#6788),#6792);
#6788 = LINE('',#6789,#6790);
#6789 = CARTESIAN_POINT('',(-0.,-6.001));
#6790 = VECTOR('',#6791,1.);
#6791 = DIRECTION('',(-1.,0.));
#6792 = ( GEOMETRIC_REPRESENTATION_CONTEXT(2) 
PARAMETRIC_REPRESENTATION_CONTEXT() REPRESENTATION_CONTEXT('2D SPACE',''
  ) );
#6793 = PCURVE('',#6794,#6799);
#6794 = PLANE('',#6795);
#6795 = AXIS2_PLACEMENT_3D('',#6796,#6797,#6798);
#6796 = CARTESIAN_POINT('',(297.7,100.,6.));
#6797 = DIRECTION('',(0.,0.,1.));
#6798 = DIRECTION('',(1.,0.,-0.));
#6799 = DEFINITIONAL_REPRESENTATION('',(#6800),#6804);
#6800 = CIRCLE('',#6801,8.);
#6801 = AXIS2_PLACEMENT_2D('',#6802,#6803);
#6802 = CARTESIAN_POINT('',(0.,0.));
#6803 = DIRECTION('',(1.,0.));
#6804 = ( GEOMETRIC_REPRESENTATION_CONTEXT(2) 
PARAMETRIC_REPRESENTATION_CONTEXT() REPRESENTATION_CONTEXT('2D SPACE',''
  ) );
#6805 = ORIENTED_EDGE('',*,*,#6756,.F.);
#6806 = ADVANCED_FACE('',(#6807),#1092,.F.);
#6807 = FACE_BOUND('',#6808,.T.);
#6808 = EDGE_LOOP('',(#6809,#6810,#6831,#6832));
#6809 = ORIENTED_EDGE('',*,*,#1071,.T.);
#6810 = ORIENTED_EDGE('',*,*,#6811,.T.);
#6811 = EDGE_CURVE('',#1072,#3683,#6812,.T.);
#6812 = SEAM_CURVE('',#6813,(#6817,#6824),.PCURVE_S1.);
#6813 = LINE('',#6814,#6815);
#6814 = CARTESIAN_POINT('',(377.05,9.5,-1.));
#6815 = VECTOR('',#6816,1.);
#6816 = DIRECTION('',(0.,0.,1.));
#6817 = PCURVE('',#1092,#6818);
#6818 = DEFINITIONAL_REPRESENTATION('',(#6819),#6823);
#6819 = LINE('',#6820,#6821);
#6820 = CARTESIAN_POINT('',(-6.28318530718,0.));
#6821 = VECTOR('',#6822,1.);
#6822 = DIRECTION('',(-0.,-1.));
#6823 = ( GEOMETRIC_REPRESENTATION_CONTEXT(2) 
PARAMETRIC_REPRESENTATION_CONTEXT() REPRESENTATION_CONTEXT('2D SPACE',''
  ) );
#6824 = PCURVE('',#1092,#6825);
#6825 = DEFINITIONAL_REPRESENTATION('',(#6826),#6830);
#6826 = LINE('',#6827,#6828);
#6827 = CARTESIAN_POINT('',(-0.,0.));
#6828 = VECTOR('',#6829,1.);
#6829 = DIRECTION('',(-0.,-1.));
#6830 = ( GEOMETRIC_REPRESENTATION_CONTEXT(2) 
PARAMETRIC_REPRESENTATION_CONTEXT() REPRESENTATION_CONTEXT('2D SPACE',''
  ) );
#6831 = ORIENTED_EDGE('',*,*,#3682,.F.);
#6832 = ORIENTED_EDGE('',*,*,#6811,.F.);
#6833 = ADVANCED_FACE('',(#6834),#1127,.F.);
#6834 = FACE_BOUND('',#6835,.T.);
#6835 = EDGE_LOOP('',(#6836,#6837,#6860,#6887));
#6836 = ORIENTED_EDGE('',*,*,#1106,.T.);
#6837 = ORIENTED_EDGE('',*,*,#6838,.T.);
#6838 = EDGE_CURVE('',#1107,#6839,#6841,.T.);
#6839 = VERTEX_POINT('',#6840);
#6840 = CARTESIAN_POINT('',(405.7,100.,6.));
#6841 = SEAM_CURVE('',#6842,(#6846,#6853),.PCURVE_S1.);
#6842 = LINE('',#6843,#6844);
#6843 = CARTESIAN_POINT('',(405.7,100.,-1.E-03));
#6844 = VECTOR('',#6845,1.);
#6845 = DIRECTION('',(0.,0.,1.));
#6846 = PCURVE('',#1127,#6847);
#6847 = DEFINITIONAL_REPRESENTATION('',(#6848),#6852);
#6848 = LINE('',#6849,#6850);
#6849 = CARTESIAN_POINT('',(-6.28318530718,0.));
#6850 = VECTOR('',#6851,1.);
#6851 = DIRECTION('',(-0.,-1.));
#6852 = ( GEOMETRIC_REPRESENTATION_CONTEXT(2) 
PARAMETRIC_REPRESENTATION_CONTEXT() REPRESENTATION_CONTEXT('2D SPACE',''
  ) );
#6853 = PCURVE('',#1127,#6854);
#6854 = DEFINITIONAL_REPRESENTATION('',(#6855),#6859);
#6855 = LINE('',#6856,#6857);
#6856 = CARTESIAN_POINT('',(-0.,0.));
#6857 = VECTOR('',#6858,1.);
#6858 = DIRECTION('',(-0.,-1.));
#6859 = ( GEOMETRIC_REPRESENTATION_CONTEXT(2) 
PARAMETRIC_REPRESENTATION_CONTEXT() REPRESENTATION_CONTEXT('2D SPACE',''
  ) );
#6860 = ORIENTED_EDGE('',*,*,#6861,.T.);
#6861 = EDGE_CURVE('',#6839,#6839,#6862,.T.);
#6862 = SURFACE_CURVE('',#6863,(#6868,#6875),.PCURVE_S1.);
#6863 = CIRCLE('',#6864,8.);
#6864 = AXIS2_PLACEMENT_3D('',#6865,#6866,#6867);
#6865 = CARTESIAN_POINT('',(397.7,100.,6.));
#6866 = DIRECTION('',(0.,0.,1.));
#6867 = DIRECTION('',(1.,0.,0.));
#6868 = PCURVE('',#1127,#6869);
#6869 = DEFINITIONAL_REPRESENTATION('',(#6870),#6874);
#6870 = LINE('',#6871,#6872);
#6871 = CARTESIAN_POINT('',(-0.,-6.001));
#6872 = VECTOR('',#6873,1.);
#6873 = DIRECTION('',(-1.,0.));
#6874 = ( GEOMETRIC_REPRESENTATION_CONTEXT(2) 
PARAMETRIC_REPRESENTATION_CONTEXT() REPRESENTATION_CONTEXT('2D SPACE',''
  ) );
#6875 = PCURVE('',#6876,#6881);
#6876 = PLANE('',#6877);
#6877 = AXIS2_PLACEMENT_3D('',#6878,#6879,#6880);
#6878 = CARTESIAN_POINT('',(397.7,100.,6.));
#6879 = DIRECTION('',(0.,0.,1.));
#6880 = DIRECTION('',(1.,0.,-0.));
#6881 = DEFINITIONAL_REPRESENTATION('',(#6882),#6886);
#6882 = CIRCLE('',#6883,8.);
#6883 = AXIS2_PLACEMENT_2D('',#6884,#6885);
#6884 = CARTESIAN_POINT('',(0.,0.));
#6885 = DIRECTION('',(1.,0.));
#6886 = ( GEOMETRIC_REPRESENTATION_CONTEXT(2) 
PARAMETRIC_REPRESENTATION_CONTEXT() REPRESENTATION_CONTEXT('2D SPACE',''
  ) );
#6887 = ORIENTED_EDGE('',*,*,#6838,.F.);
#6888 = ADVANCED_FACE('',(#6889),#1162,.F.);
#6889 = FACE_BOUND('',#6890,.T.);
#6890 = EDGE_LOOP('',(#6891,#6892,#6915,#6942));
#6891 = ORIENTED_EDGE('',*,*,#1141,.T.);
#6892 = ORIENTED_EDGE('',*,*,#6893,.T.);
#6893 = EDGE_CURVE('',#1142,#6894,#6896,.T.);
#6894 = VERTEX_POINT('',#6895);
#6895 = CARTESIAN_POINT('',(45.7,350.,6.));
#6896 = SEAM_CURVE('',#6897,(#6901,#6908),.PCURVE_S1.);
#6897 = LINE('',#6898,#6899);
#6898 = CARTESIAN_POINT('',(45.7,350.,-1.E-03));
#6899 = VECTOR('',#6900,1.);
#6900 = DIRECTION('',(0.,0.,1.));
#6901 = PCURVE('',#1162,#6902);
#6902 = DEFINITIONAL_REPRESENTATION('',(#6903),#6907);
#6903 = LINE('',#6904,#6905);
#6904 = CARTESIAN_POINT('',(-6.28318530718,0.));
#6905 = VECTOR('',#6906,1.);
#6906 = DIRECTION('',(-0.,-1.));
#6907 = ( GEOMETRIC_REPRESENTATION_CONTEXT(2) 
PARAMETRIC_REPRESENTATION_CONTEXT() REPRESENTATION_CONTEXT('2D SPACE',''
  ) );
#6908 = PCURVE('',#1162,#6909);
#6909 = DEFINITIONAL_REPRESENTATION('',(#6910),#6914);
#6910 = LINE('',#6911,#6912);
#6911 = CARTESIAN_POINT('',(-0.,0.));
#6912 = VECTOR('',#6913,1.);
#6913 = DIRECTION('',(-0.,-1.));
#6914 = ( GEOMETRIC_REPRESENTATION_CONTEXT(2) 
PARAMETRIC_REPRESENTATION_CONTEXT() REPRESENTATION_CONTEXT('2D SPACE',''
  ) );
#6915 = ORIENTED_EDGE('',*,*,#6916,.T.);
#6916 = EDGE_CURVE('',#6894,#6894,#6917,.T.);
#6917 = SURFACE_CURVE('',#6918,(#6923,#6930),.PCURVE_S1.);
#6918 = CIRCLE('',#6919,8.);
#6919 = AXIS2_PLACEMENT_3D('',#6920,#6921,#6922);
#6920 = CARTESIAN_POINT('',(37.7,350.,6.));
#6921 = DIRECTION('',(0.,0.,1.));
#6922 = DIRECTION('',(1.,0.,0.));
#6923 = PCURVE('',#1162,#6924);
#6924 = DEFINITIONAL_REPRESENTATION('',(#6925),#6929);
#6925 = LINE('',#6926,#6927);
#6926 = CARTESIAN_POINT('',(-0.,-6.001));
#6927 = VECTOR('',#6928,1.);
#6928 = DIRECTION('',(-1.,0.));
#6929 = ( GEOMETRIC_REPRESENTATION_CONTEXT(2) 
PARAMETRIC_REPRESENTATION_CONTEXT() REPRESENTATION_CONTEXT('2D SPACE',''
  ) );
#6930 = PCURVE('',#6931,#6936);
#6931 = PLANE('',#6932);
#6932 = AXIS2_PLACEMENT_3D('',#6933,#6934,#6935);
#6933 = CARTESIAN_POINT('',(37.7,350.,6.));
#6934 = DIRECTION('',(0.,0.,1.));
#6935 = DIRECTION('',(1.,0.,-0.));
#6936 = DEFINITIONAL_REPRESENTATION('',(#6937),#6941);
#6937 = CIRCLE('',#6938,8.);
#6938 = AXIS2_PLACEMENT_2D('',#6939,#6940);
#6939 = CARTESIAN_POINT('',(0.,0.));
#6940 = DIRECTION('',(1.,0.));
#6941 = ( GEOMETRIC_REPRESENTATION_CONTEXT(2) 
PARAMETRIC_REPRESENTATION_CONTEXT() REPRESENTATION_CONTEXT('2D SPACE',''
  ) );
#6942 = ORIENTED_EDGE('',*,*,#6893,.F.);
#6943 = ADVANCED_FACE('',(#6944),#1197,.F.);
#6944 = FACE_BOUND('',#6945,.T.);
#6945 = EDGE_LOOP('',(#6946,#6947,#6970,#6997));
#6946 = ORIENTED_EDGE('',*,*,#1176,.T.);
#6947 = ORIENTED_EDGE('',*,*,#6948,.T.);
#6948 = EDGE_CURVE('',#1177,#6949,#6951,.T.);
#6949 = VERTEX_POINT('',#6950);
#6950 = CARTESIAN_POINT('',(145.7,350.,6.));
#6951 = SEAM_CURVE('',#6952,(#6956,#6963),.PCURVE_S1.);
#6952 = LINE('',#6953,#6954);
#6953 = CARTESIAN_POINT('',(145.7,350.,-1.E-03));
#6954 = VECTOR('',#6955,1.);
#6955 = DIRECTION('',(0.,0.,1.));
#6956 = PCURVE('',#1197,#6957);
#6957 = DEFINITIONAL_REPRESENTATION('',(#6958),#6962);
#6958 = LINE('',#6959,#6960);
#6959 = CARTESIAN_POINT('',(-6.28318530718,0.));
#6960 = VECTOR('',#6961,1.);
#6961 = DIRECTION('',(-0.,-1.));
#6962 = ( GEOMETRIC_REPRESENTATION_CONTEXT(2) 
PARAMETRIC_REPRESENTATION_CONTEXT() REPRESENTATION_CONTEXT('2D SPACE',''
  ) );
#6963 = PCURVE('',#1197,#6964);
#6964 = DEFINITIONAL_REPRESENTATION('',(#6965),#6969);
#6965 = LINE('',#6966,#6967);
#6966 = CARTESIAN_POINT('',(-0.,0.));
#6967 = VECTOR('',#6968,1.);
#6968 = DIRECTION('',(-0.,-1.));
#6969 = ( GEOMETRIC_REPRESENTATION_CONTEXT(2) 
PARAMETRIC_REPRESENTATION_CONTEXT() REPRESENTATION_CONTEXT('2D SPACE',''
  ) );
#6970 = ORIENTED_EDGE('',*,*,#6971,.T.);
#6971 = EDGE_CURVE('',#6949,#6949,#6972,.T.);
#6972 = SURFACE_CURVE('',#6973,(#6978,#6985),.PCURVE_S1.);
#6973 = CIRCLE('',#6974,8.);
#6974 = AXIS2_PLACEMENT_3D('',#6975,#6976,#6977);
#6975 = CARTESIAN_POINT('',(137.7,350.,6.));
#6976 = DIRECTION('',(0.,0.,1.));
#6977 = DIRECTION('',(1.,0.,0.));
#6978 = PCURVE('',#1197,#6979);
#6979 = DEFINITIONAL_REPRESENTATION('',(#6980),#6984);
#6980 = LINE('',#6981,#6982);
#6981 = CARTESIAN_POINT('',(-0.,-6.001));
#6982 = VECTOR('',#6983,1.);
#6983 = DIRECTION('',(-1.,0.));
#6984 = ( GEOMETRIC_REPRESENTATION_CONTEXT(2) 
PARAMETRIC_REPRESENTATION_CONTEXT() REPRESENTATION_CONTEXT('2D SPACE',''
  ) );
#6985 = PCURVE('',#6986,#6991);
#6986 = PLANE('',#6987);
#6987 = AXIS2_PLACEMENT_3D('',#6988,#6989,#6990);
#6988 = CARTESIAN_POINT('',(137.7,350.,6.));
#6989 = DIRECTION('',(0.,0.,1.));
#6990 = DIRECTION('',(1.,0.,-0.));
#6991 = DEFINITIONAL_REPRESENTATION('',(#6992),#6996);
#6992 = CIRCLE('',#6993,8.);
#6993 = AXIS2_PLACEMENT_2D('',#6994,#6995);
#6994 = CARTESIAN_POINT('',(0.,0.));
#6995 = DIRECTION('',(1.,0.));
#6996 = ( GEOMETRIC_REPRESENTATION_CONTEXT(2) 
PARAMETRIC_REPRESENTATION_CONTEXT() REPRESENTATION_CONTEXT('2D SPACE',''
  ) );
#6997 = ORIENTED_EDGE('',*,*,#6948,.F.);
#6998 = ADVANCED_FACE('',(#6999),#1232,.F.);
#6999 = FACE_BOUND('',#7000,.T.);
#7000 = EDGE_LOOP('',(#7001,#7002,#7023,#7024));
#7001 = ORIENTED_EDGE('',*,*,#1211,.T.);
#7002 = ORIENTED_EDGE('',*,*,#7003,.T.);
#7003 = EDGE_CURVE('',#1212,#3818,#7004,.T.);
#7004 = SEAM_CURVE('',#7005,(#7009,#7016),.PCURVE_S1.);
#7005 = LINE('',#7006,#7007);
#7006 = CARTESIAN_POINT('',(117.05,398.5,-1.));
#7007 = VECTOR('',#7008,1.);
#7008 = DIRECTION('',(0.,0.,1.));
#7009 = PCURVE('',#1232,#7010);
#7010 = DEFINITIONAL_REPRESENTATION('',(#7011),#7015);
#7011 = LINE('',#7012,#7013);
#7012 = CARTESIAN_POINT('',(-6.28318530718,0.));
#7013 = VECTOR('',#7014,1.);
#7014 = DIRECTION('',(-0.,-1.));
#7015 = ( GEOMETRIC_REPRESENTATION_CONTEXT(2) 
PARAMETRIC_REPRESENTATION_CONTEXT() REPRESENTATION_CONTEXT('2D SPACE',''
  ) );
#7016 = PCURVE('',#1232,#7017);
#7017 = DEFINITIONAL_REPRESENTATION('',(#7018),#7022);
#7018 = LINE('',#7019,#7020);
#7019 = CARTESIAN_POINT('',(-0.,0.));
#7020 = VECTOR('',#7021,1.);
#7021 = DIRECTION('',(-0.,-1.));
#7022 = ( GEOMETRIC_REPRESENTATION_CONTEXT(2) 
PARAMETRIC_REPRESENTATION_CONTEXT() REPRESENTATION_CONTEXT('2D SPACE',''
  ) );
#7023 = ORIENTED_EDGE('',*,*,#3817,.F.);
#7024 = ORIENTED_EDGE('',*,*,#7003,.F.);
#7025 = ADVANCED_FACE('',(#7026),#1267,.F.);
#7026 = FACE_BOUND('',#7027,.T.);
#7027 = EDGE_LOOP('',(#7028,#7029,#7052,#7079));
#7028 = ORIENTED_EDGE('',*,*,#1246,.T.);
#7029 = ORIENTED_EDGE('',*,*,#7030,.T.);
#7030 = EDGE_CURVE('',#1247,#7031,#7033,.T.);
#7031 = VERTEX_POINT('',#7032);
#7032 = CARTESIAN_POINT('',(245.7,350.,6.));
#7033 = SEAM_CURVE('',#7034,(#7038,#7045),.PCURVE_S1.);
#7034 = LINE('',#7035,#7036);
#7035 = CARTESIAN_POINT('',(245.7,350.,-1.E-03));
#7036 = VECTOR('',#7037,1.);
#7037 = DIRECTION('',(0.,0.,1.));
#7038 = PCURVE('',#1267,#7039);
#7039 = DEFINITIONAL_REPRESENTATION('',(#7040),#7044);
#7040 = LINE('',#7041,#7042);
#7041 = CARTESIAN_POINT('',(-6.28318530718,0.));
#7042 = VECTOR('',#7043,1.);
#7043 = DIRECTION('',(-0.,-1.));
#7044 = ( GEOMETRIC_REPRESENTATION_CONTEXT(2) 
PARAMETRIC_REPRESENTATION_CONTEXT() REPRESENTATION_CONTEXT('2D SPACE',''
  ) );
#7045 = PCURVE('',#1267,#7046);
#7046 = DEFINITIONAL_REPRESENTATION('',(#7047),#7051);
#7047 = LINE('',#7048,#7049);
#7048 = CARTESIAN_POINT('',(-0.,0.));
#7049 = VECTOR('',#7050,1.);
#7050 = DIRECTION('',(-0.,-1.));
#7051 = ( GEOMETRIC_REPRESENTATION_CONTEXT(2) 
PARAMETRIC_REPRESENTATION_CONTEXT() REPRESENTATION_CONTEXT('2D SPACE',''
  ) );
#7052 = ORIENTED_EDGE('',*,*,#7053,.T.);
#7053 = EDGE_CURVE('',#7031,#7031,#7054,.T.);
#7054 = SURFACE_CURVE('',#7055,(#7060,#7067),.PCURVE_S1.);
#7055 = CIRCLE('',#7056,8.);
#7056 = AXIS2_PLACEMENT_3D('',#7057,#7058,#7059);
#7057 = CARTESIAN_POINT('',(237.7,350.,6.));
#7058 = DIRECTION('',(0.,0.,1.));
#7059 = DIRECTION('',(1.,0.,0.));
#7060 = PCURVE('',#1267,#7061);
#7061 = DEFINITIONAL_REPRESENTATION('',(#7062),#7066);
#7062 = LINE('',#7063,#7064);
#7063 = CARTESIAN_POINT('',(-0.,-6.001));
#7064 = VECTOR('',#7065,1.);
#7065 = DIRECTION('',(-1.,0.));
#7066 = ( GEOMETRIC_REPRESENTATION_CONTEXT(2) 
PARAMETRIC_REPRESENTATION_CONTEXT() REPRESENTATION_CONTEXT('2D SPACE',''
  ) );
#7067 = PCURVE('',#7068,#7073);
#7068 = PLANE('',#7069);
#7069 = AXIS2_PLACEMENT_3D('',#7070,#7071,#7072);
#7070 = CARTESIAN_POINT('',(237.7,350.,6.));
#7071 = DIRECTION('',(0.,0.,1.));
#7072 = DIRECTION('',(1.,0.,-0.));
#7073 = DEFINITIONAL_REPRESENTATION('',(#7074),#7078);
#7074 = CIRCLE('',#7075,8.);
#7075 = AXIS2_PLACEMENT_2D('',#7076,#7077);
#7076 = CARTESIAN_POINT('',(0.,0.));
#7077 = DIRECTION('',(1.,0.));
#7078 = ( GEOMETRIC_REPRESENTATION_CONTEXT(2) 
PARAMETRIC_REPRESENTATION_CONTEXT() REPRESENTATION_CONTEXT('2D SPACE',''
  ) );
#7079 = ORIENTED_EDGE('',*,*,#7030,.F.);
#7080 = ADVANCED_FACE('',(#7081),#1302,.F.);
#7081 = FACE_BOUND('',#7082,.T.);
#7082 = EDGE_LOOP('',(#7083,#7084,#7107,#7134));
#7083 = ORIENTED_EDGE('',*,*,#1281,.T.);
#7084 = ORIENTED_EDGE('',*,*,#7085,.T.);
#7085 = EDGE_CURVE('',#1282,#7086,#7088,.T.);
#7086 = VERTEX_POINT('',#7087);
#7087 = CARTESIAN_POINT('',(345.7,350.,6.));
#7088 = SEAM_CURVE('',#7089,(#7093,#7100),.PCURVE_S1.);
#7089 = LINE('',#7090,#7091);
#7090 = CARTESIAN_POINT('',(345.7,350.,-1.E-03));
#7091 = VECTOR('',#7092,1.);
#7092 = DIRECTION('',(0.,0.,1.));
#7093 = PCURVE('',#1302,#7094);
#7094 = DEFINITIONAL_REPRESENTATION('',(#7095),#7099);
#7095 = LINE('',#7096,#7097);
#7096 = CARTESIAN_POINT('',(-6.28318530718,0.));
#7097 = VECTOR('',#7098,1.);
#7098 = DIRECTION('',(-0.,-1.));
#7099 = ( GEOMETRIC_REPRESENTATION_CONTEXT(2) 
PARAMETRIC_REPRESENTATION_CONTEXT() REPRESENTATION_CONTEXT('2D SPACE',''
  ) );
#7100 = PCURVE('',#1302,#7101);
#7101 = DEFINITIONAL_REPRESENTATION('',(#7102),#7106);
#7102 = LINE('',#7103,#7104);
#7103 = CARTESIAN_POINT('',(-0.,0.));
#7104 = VECTOR('',#7105,1.);
#7105 = DIRECTION('',(-0.,-1.));
#7106 = ( GEOMETRIC_REPRESENTATION_CONTEXT(2) 
PARAMETRIC_REPRESENTATION_CONTEXT() REPRESENTATION_CONTEXT('2D SPACE',''
  ) );
#7107 = ORIENTED_EDGE('',*,*,#7108,.T.);
#7108 = EDGE_CURVE('',#7086,#7086,#7109,.T.);
#7109 = SURFACE_CURVE('',#7110,(#7115,#7122),.PCURVE_S1.);
#7110 = CIRCLE('',#7111,8.);
#7111 = AXIS2_PLACEMENT_3D('',#7112,#7113,#7114);
#7112 = CARTESIAN_POINT('',(337.7,350.,6.));
#7113 = DIRECTION('',(0.,0.,1.));
#7114 = DIRECTION('',(1.,0.,0.));
#7115 = PCURVE('',#1302,#7116);
#7116 = DEFINITIONAL_REPRESENTATION('',(#7117),#7121);
#7117 = LINE('',#7118,#7119);
#7118 = CARTESIAN_POINT('',(-0.,-6.001));
#7119 = VECTOR('',#7120,1.);
#7120 = DIRECTION('',(-1.,0.));
#7121 = ( GEOMETRIC_REPRESENTATION_CONTEXT(2) 
PARAMETRIC_REPRESENTATION_CONTEXT() REPRESENTATION_CONTEXT('2D SPACE',''
  ) );
#7122 = PCURVE('',#7123,#7128);
#7123 = PLANE('',#7124);
#7124 = AXIS2_PLACEMENT_3D('',#7125,#7126,#7127);
#7125 = CARTESIAN_POINT('',(337.7,350.,6.));
#7126 = DIRECTION('',(0.,0.,1.));
#7127 = DIRECTION('',(1.,0.,-0.));
#7128 = DEFINITIONAL_REPRESENTATION('',(#7129),#7133);
#7129 = CIRCLE('',#7130,8.);
#7130 = AXIS2_PLACEMENT_2D('',#7131,#7132);
#7131 = CARTESIAN_POINT('',(0.,0.));
#7132 = DIRECTION('',(1.,0.));
#7133 = ( GEOMETRIC_REPRESENTATION_CONTEXT(2) 
PARAMETRIC_REPRESENTATION_CONTEXT() REPRESENTATION_CONTEXT('2D SPACE',''
  ) );
#7134 = ORIENTED_EDGE('',*,*,#7085,.F.);
#7135 = ADVANCED_FACE('',(#7136),#1337,.F.);
#7136 = FACE_BOUND('',#7137,.T.);
#7137 = EDGE_LOOP('',(#7138,#7139,#7162,#7189));
#7138 = ORIENTED_EDGE('',*,*,#1316,.T.);
#7139 = ORIENTED_EDGE('',*,*,#7140,.T.);
#7140 = EDGE_CURVE('',#1317,#7141,#7143,.T.);
#7141 = VERTEX_POINT('',#7142);
#7142 = CARTESIAN_POINT('',(445.7,350.,6.));
#7143 = SEAM_CURVE('',#7144,(#7148,#7155),.PCURVE_S1.);
#7144 = LINE('',#7145,#7146);
#7145 = CARTESIAN_POINT('',(445.7,350.,-1.E-03));
#7146 = VECTOR('',#7147,1.);
#7147 = DIRECTION('',(0.,0.,1.));
#7148 = PCURVE('',#1337,#7149);
#7149 = DEFINITIONAL_REPRESENTATION('',(#7150),#7154);
#7150 = LINE('',#7151,#7152);
#7151 = CARTESIAN_POINT('',(-6.28318530718,0.));
#7152 = VECTOR('',#7153,1.);
#7153 = DIRECTION('',(-0.,-1.));
#7154 = ( GEOMETRIC_REPRESENTATION_CONTEXT(2) 
PARAMETRIC_REPRESENTATION_CONTEXT() REPRESENTATION_CONTEXT('2D SPACE',''
  ) );
#7155 = PCURVE('',#1337,#7156);
#7156 = DEFINITIONAL_REPRESENTATION('',(#7157),#7161);
#7157 = LINE('',#7158,#7159);
#7158 = CARTESIAN_POINT('',(-0.,0.));
#7159 = VECTOR('',#7160,1.);
#7160 = DIRECTION('',(-0.,-1.));
#7161 = ( GEOMETRIC_REPRESENTATION_CONTEXT(2) 
PARAMETRIC_REPRESENTATION_CONTEXT() REPRESENTATION_CONTEXT('2D SPACE',''
  ) );
#7162 = ORIENTED_EDGE('',*,*,#7163,.T.);
#7163 = EDGE_CURVE('',#7141,#7141,#7164,.T.);
#7164 = SURFACE_CURVE('',#7165,(#7170,#7177),.PCURVE_S1.);
#7165 = CIRCLE('',#7166,8.);
#7166 = AXIS2_PLACEMENT_3D('',#7167,#7168,#7169);
#7167 = CARTESIAN_POINT('',(437.7,350.,6.));
#7168 = DIRECTION('',(0.,0.,1.));
#7169 = DIRECTION('',(1.,0.,0.));
#7170 = PCURVE('',#1337,#7171);
#7171 = DEFINITIONAL_REPRESENTATION('',(#7172),#7176);
#7172 = LINE('',#7173,#7174);
#7173 = CARTESIAN_POINT('',(-0.,-6.001));
#7174 = VECTOR('',#7175,1.);
#7175 = DIRECTION('',(-1.,0.));
#7176 = ( GEOMETRIC_REPRESENTATION_CONTEXT(2) 
PARAMETRIC_REPRESENTATION_CONTEXT() REPRESENTATION_CONTEXT('2D SPACE',''
  ) );
#7177 = PCURVE('',#7178,#7183);
#7178 = PLANE('',#7179);
#7179 = AXIS2_PLACEMENT_3D('',#7180,#7181,#7182);
#7180 = CARTESIAN_POINT('',(437.7,350.,6.));
#7181 = DIRECTION('',(0.,0.,1.));
#7182 = DIRECTION('',(1.,0.,-0.));
#7183 = DEFINITIONAL_REPRESENTATION('',(#7184),#7188);
#7184 = CIRCLE('',#7185,8.);
#7185 = AXIS2_PLACEMENT_2D('',#7186,#7187);
#7186 = CARTESIAN_POINT('',(0.,0.));
#7187 = DIRECTION('',(1.,0.));
#7188 = ( GEOMETRIC_REPRESENTATION_CONTEXT(2) 
PARAMETRIC_REPRESENTATION_CONTEXT() REPRESENTATION_CONTEXT('2D SPACE',''
  ) );
#7189 = ORIENTED_EDGE('',*,*,#7140,.F.);
#7190 = ADVANCED_FACE('',(#7191),#1372,.F.);
#7191 = FACE_BOUND('',#7192,.T.);
#7192 = EDGE_LOOP('',(#7193,#7194,#7215,#7216));
#7193 = ORIENTED_EDGE('',*,*,#1351,.T.);
#7194 = ORIENTED_EDGE('',*,*,#7195,.T.);
#7195 = EDGE_CURVE('',#1352,#3953,#7196,.T.);
#7196 = SEAM_CURVE('',#7197,(#7201,#7208),.PCURVE_S1.);
#7197 = LINE('',#7198,#7199);
#7198 = CARTESIAN_POINT('',(377.05,398.5,-1.));
#7199 = VECTOR('',#7200,1.);
#7200 = DIRECTION('',(0.,0.,1.));
#7201 = PCURVE('',#1372,#7202);
#7202 = DEFINITIONAL_REPRESENTATION('',(#7203),#7207);
#7203 = LINE('',#7204,#7205);
#7204 = CARTESIAN_POINT('',(-6.28318530718,0.));
#7205 = VECTOR('',#7206,1.);
#7206 = DIRECTION('',(-0.,-1.));
#7207 = ( GEOMETRIC_REPRESENTATION_CONTEXT(2) 
PARAMETRIC_REPRESENTATION_CONTEXT() REPRESENTATION_CONTEXT('2D SPACE',''
  ) );
#7208 = PCURVE('',#1372,#7209);
#7209 = DEFINITIONAL_REPRESENTATION('',(#7210),#7214);
#7210 = LINE('',#7211,#7212);
#7211 = CARTESIAN_POINT('',(-0.,0.));
#7212 = VECTOR('',#7213,1.);
#7213 = DIRECTION('',(-0.,-1.));
#7214 = ( GEOMETRIC_REPRESENTATION_CONTEXT(2) 
PARAMETRIC_REPRESENTATION_CONTEXT() REPRESENTATION_CONTEXT('2D SPACE',''
  ) );
#7215 = ORIENTED_EDGE('',*,*,#3952,.F.);
#7216 = ORIENTED_EDGE('',*,*,#7195,.F.);
#7217 = ADVANCED_FACE('',(#7218),#1407,.F.);
#7218 = FACE_BOUND('',#7219,.T.);
#7219 = EDGE_LOOP('',(#7220,#7221,#7244,#7271));
#7220 = ORIENTED_EDGE('',*,*,#1386,.T.);
#7221 = ORIENTED_EDGE('',*,*,#7222,.T.);
#7222 = EDGE_CURVE('',#1387,#7223,#7225,.T.);
#7223 = VERTEX_POINT('',#7224);
#7224 = CARTESIAN_POINT('',(505.7,100.,6.));
#7225 = SEAM_CURVE('',#7226,(#7230,#7237),.PCURVE_S1.);
#7226 = LINE('',#7227,#7228);
#7227 = CARTESIAN_POINT('',(505.7,100.,-1.E-03));
#7228 = VECTOR('',#7229,1.);
#7229 = DIRECTION('',(0.,0.,1.));
#7230 = PCURVE('',#1407,#7231);
#7231 = DEFINITIONAL_REPRESENTATION('',(#7232),#7236);
#7232 = LINE('',#7233,#7234);
#7233 = CARTESIAN_POINT('',(-6.28318530718,0.));
#7234 = VECTOR('',#7235,1.);
#7235 = DIRECTION('',(-0.,-1.));
#7236 = ( GEOMETRIC_REPRESENTATION_CONTEXT(2) 
PARAMETRIC_REPRESENTATION_CONTEXT() REPRESENTATION_CONTEXT('2D SPACE',''
  ) );
#7237 = PCURVE('',#1407,#7238);
#7238 = DEFINITIONAL_REPRESENTATION('',(#7239),#7243);
#7239 = LINE('',#7240,#7241);
#7240 = CARTESIAN_POINT('',(-0.,0.));
#7241 = VECTOR('',#7242,1.);
#7242 = DIRECTION('',(-0.,-1.));
#7243 = ( GEOMETRIC_REPRESENTATION_CONTEXT(2) 
PARAMETRIC_REPRESENTATION_CONTEXT() REPRESENTATION_CONTEXT('2D SPACE',''
  ) );
#7244 = ORIENTED_EDGE('',*,*,#7245,.T.);
#7245 = EDGE_CURVE('',#7223,#7223,#7246,.T.);
#7246 = SURFACE_CURVE('',#7247,(#7252,#7259),.PCURVE_S1.);
#7247 = CIRCLE('',#7248,8.);
#7248 = AXIS2_PLACEMENT_3D('',#7249,#7250,#7251);
#7249 = CARTESIAN_POINT('',(497.7,100.,6.));
#7250 = DIRECTION('',(0.,0.,1.));
#7251 = DIRECTION('',(1.,0.,0.));
#7252 = PCURVE('',#1407,#7253);
#7253 = DEFINITIONAL_REPRESENTATION('',(#7254),#7258);
#7254 = LINE('',#7255,#7256);
#7255 = CARTESIAN_POINT('',(-0.,-6.001));
#7256 = VECTOR('',#7257,1.);
#7257 = DIRECTION('',(-1.,0.));
#7258 = ( GEOMETRIC_REPRESENTATION_CONTEXT(2) 
PARAMETRIC_REPRESENTATION_CONTEXT() REPRESENTATION_CONTEXT('2D SPACE',''
  ) );
#7259 = PCURVE('',#7260,#7265);
#7260 = PLANE('',#7261);
#7261 = AXIS2_PLACEMENT_3D('',#7262,#7263,#7264);
#7262 = CARTESIAN_POINT('',(497.7,100.,6.));
#7263 = DIRECTION('',(0.,0.,1.));
#7264 = DIRECTION('',(1.,0.,-0.));
#7265 = DEFINITIONAL_REPRESENTATION('',(#7266),#7270);
#7266 = CIRCLE('',#7267,8.);
#7267 = AXIS2_PLACEMENT_2D('',#7268,#7269);
#7268 = CARTESIAN_POINT('',(0.,0.));
#7269 = DIRECTION('',(1.,0.));
#7270 = ( GEOMETRIC_REPRESENTATION_CONTEXT(2) 
PARAMETRIC_REPRESENTATION_CONTEXT() REPRESENTATION_CONTEXT('2D SPACE',''
  ) );
#7271 = ORIENTED_EDGE('',*,*,#7222,.F.);
#7272 = ADVANCED_FACE('',(#7273),#1442,.F.);
#7273 = FACE_BOUND('',#7274,.T.);
#7274 = EDGE_LOOP('',(#7275,#7276,#7297,#7298));
#7275 = ORIENTED_EDGE('',*,*,#1421,.T.);
#7276 = ORIENTED_EDGE('',*,*,#7277,.T.);
#7277 = EDGE_CURVE('',#1422,#4018,#7278,.T.);
#7278 = SEAM_CURVE('',#7279,(#7283,#7290),.PCURVE_S1.);
#7279 = LINE('',#7280,#7281);
#7280 = CARTESIAN_POINT('',(597.05,9.5,-1.));
#7281 = VECTOR('',#7282,1.);
#7282 = DIRECTION('',(0.,0.,1.));
#7283 = PCURVE('',#1442,#7284);
#7284 = DEFINITIONAL_REPRESENTATION('',(#7285),#7289);
#7285 = LINE('',#7286,#7287);
#7286 = CARTESIAN_POINT('',(-6.28318530718,0.));
#7287 = VECTOR('',#7288,1.);
#7288 = DIRECTION('',(-0.,-1.));
#7289 = ( GEOMETRIC_REPRESENTATION_CONTEXT(2) 
PARAMETRIC_REPRESENTATION_CONTEXT() REPRESENTATION_CONTEXT('2D SPACE',''
  ) );
#7290 = PCURVE('',#1442,#7291);
#7291 = DEFINITIONAL_REPRESENTATION('',(#7292),#7296);
#7292 = LINE('',#7293,#7294);
#7293 = CARTESIAN_POINT('',(-0.,0.));
#7294 = VECTOR('',#7295,1.);
#7295 = DIRECTION('',(-0.,-1.));
#7296 = ( GEOMETRIC_REPRESENTATION_CONTEXT(2) 
PARAMETRIC_REPRESENTATION_CONTEXT() REPRESENTATION_CONTEXT('2D SPACE',''
  ) );
#7297 = ORIENTED_EDGE('',*,*,#4017,.F.);
#7298 = ORIENTED_EDGE('',*,*,#7277,.F.);
#7299 = ADVANCED_FACE('',(#7300),#1477,.F.);
#7300 = FACE_BOUND('',#7301,.T.);
#7301 = EDGE_LOOP('',(#7302,#7303,#7326,#7353));
#7302 = ORIENTED_EDGE('',*,*,#1456,.T.);
#7303 = ORIENTED_EDGE('',*,*,#7304,.T.);
#7304 = EDGE_CURVE('',#1457,#7305,#7307,.T.);
#7305 = VERTEX_POINT('',#7306);
#7306 = CARTESIAN_POINT('',(605.7,100.,6.));
#7307 = SEAM_CURVE('',#7308,(#7312,#7319),.PCURVE_S1.);
#7308 = LINE('',#7309,#7310);
#7309 = CARTESIAN_POINT('',(605.7,100.,-1.E-03));
#7310 = VECTOR('',#7311,1.);
#7311 = DIRECTION('',(0.,0.,1.));
#7312 = PCURVE('',#1477,#7313);
#7313 = DEFINITIONAL_REPRESENTATION('',(#7314),#7318);
#7314 = LINE('',#7315,#7316);
#7315 = CARTESIAN_POINT('',(-6.28318530718,0.));
#7316 = VECTOR('',#7317,1.);
#7317 = DIRECTION('',(-0.,-1.));
#7318 = ( GEOMETRIC_REPRESENTATION_CONTEXT(2) 
PARAMETRIC_REPRESENTATION_CONTEXT() REPRESENTATION_CONTEXT('2D SPACE',''
  ) );
#7319 = PCURVE('',#1477,#7320);
#7320 = DEFINITIONAL_REPRESENTATION('',(#7321),#7325);
#7321 = LINE('',#7322,#7323);
#7322 = CARTESIAN_POINT('',(-0.,0.));
#7323 = VECTOR('',#7324,1.);
#7324 = DIRECTION('',(-0.,-1.));
#7325 = ( GEOMETRIC_REPRESENTATION_CONTEXT(2) 
PARAMETRIC_REPRESENTATION_CONTEXT() REPRESENTATION_CONTEXT('2D SPACE',''
  ) );
#7326 = ORIENTED_EDGE('',*,*,#7327,.T.);
#7327 = EDGE_CURVE('',#7305,#7305,#7328,.T.);
#7328 = SURFACE_CURVE('',#7329,(#7334,#7341),.PCURVE_S1.);
#7329 = CIRCLE('',#7330,8.);
#7330 = AXIS2_PLACEMENT_3D('',#7331,#7332,#7333);
#7331 = CARTESIAN_POINT('',(597.7,100.,6.));
#7332 = DIRECTION('',(0.,0.,1.));
#7333 = DIRECTION('',(1.,0.,0.));
#7334 = PCURVE('',#1477,#7335);
#7335 = DEFINITIONAL_REPRESENTATION('',(#7336),#7340);
#7336 = LINE('',#7337,#7338);
#7337 = CARTESIAN_POINT('',(-0.,-6.001));
#7338 = VECTOR('',#7339,1.);
#7339 = DIRECTION('',(-1.,0.));
#7340 = ( GEOMETRIC_REPRESENTATION_CONTEXT(2) 
PARAMETRIC_REPRESENTATION_CONTEXT() REPRESENTATION_CONTEXT('2D SPACE',''
  ) );
#7341 = PCURVE('',#7342,#7347);
#7342 = PLANE('',#7343);
#7343 = AXIS2_PLACEMENT_3D('',#7344,#7345,#7346);
#7344 = CARTESIAN_POINT('',(597.7,100.,6.));
#7345 = DIRECTION('',(0.,0.,1.));
#7346 = DIRECTION('',(1.,0.,-0.));
#7347 = DEFINITIONAL_REPRESENTATION('',(#7348),#7352);
#7348 = CIRCLE('',#7349,8.);
#7349 = AXIS2_PLACEMENT_2D('',#7350,#7351);
#7350 = CARTESIAN_POINT('',(0.,0.));
#7351 = DIRECTION('',(1.,0.));
#7352 = ( GEOMETRIC_REPRESENTATION_CONTEXT(2) 
PARAMETRIC_REPRESENTATION_CONTEXT() REPRESENTATION_CONTEXT('2D SPACE',''
  ) );
#7353 = ORIENTED_EDGE('',*,*,#7304,.F.);
#7354 = ADVANCED_FACE('',(#7355),#1512,.F.);
#7355 = FACE_BOUND('',#7356,.T.);
#7356 = EDGE_LOOP('',(#7357,#7358,#7381,#7408));
#7357 = ORIENTED_EDGE('',*,*,#1491,.T.);
#7358 = ORIENTED_EDGE('',*,*,#7359,.T.);
#7359 = EDGE_CURVE('',#1492,#7360,#7362,.T.);
#7360 = VERTEX_POINT('',#7361);
#7361 = CARTESIAN_POINT('',(705.7,100.,6.));
#7362 = SEAM_CURVE('',#7363,(#7367,#7374),.PCURVE_S1.);
#7363 = LINE('',#7364,#7365);
#7364 = CARTESIAN_POINT('',(705.7,100.,-1.E-03));
#7365 = VECTOR('',#7366,1.);
#7366 = DIRECTION('',(0.,0.,1.));
#7367 = PCURVE('',#1512,#7368);
#7368 = DEFINITIONAL_REPRESENTATION('',(#7369),#7373);
#7369 = LINE('',#7370,#7371);
#7370 = CARTESIAN_POINT('',(-6.28318530718,0.));
#7371 = VECTOR('',#7372,1.);
#7372 = DIRECTION('',(-0.,-1.));
#7373 = ( GEOMETRIC_REPRESENTATION_CONTEXT(2) 
PARAMETRIC_REPRESENTATION_CONTEXT() REPRESENTATION_CONTEXT('2D SPACE',''
  ) );
#7374 = PCURVE('',#1512,#7375);
#7375 = DEFINITIONAL_REPRESENTATION('',(#7376),#7380);
#7376 = LINE('',#7377,#7378);
#7377 = CARTESIAN_POINT('',(-0.,0.));
#7378 = VECTOR('',#7379,1.);
#7379 = DIRECTION('',(-0.,-1.));
#7380 = ( GEOMETRIC_REPRESENTATION_CONTEXT(2) 
PARAMETRIC_REPRESENTATION_CONTEXT() REPRESENTATION_CONTEXT('2D SPACE',''
  ) );
#7381 = ORIENTED_EDGE('',*,*,#7382,.T.);
#7382 = EDGE_CURVE('',#7360,#7360,#7383,.T.);
#7383 = SURFACE_CURVE('',#7384,(#7389,#7396),.PCURVE_S1.);
#7384 = CIRCLE('',#7385,8.);
#7385 = AXIS2_PLACEMENT_3D('',#7386,#7387,#7388);
#7386 = CARTESIAN_POINT('',(697.7,100.,6.));
#7387 = DIRECTION('',(0.,0.,1.));
#7388 = DIRECTION('',(1.,0.,0.));
#7389 = PCURVE('',#1512,#7390);
#7390 = DEFINITIONAL_REPRESENTATION('',(#7391),#7395);
#7391 = LINE('',#7392,#7393);
#7392 = CARTESIAN_POINT('',(-0.,-6.001));
#7393 = VECTOR('',#7394,1.);
#7394 = DIRECTION('',(-1.,0.));
#7395 = ( GEOMETRIC_REPRESENTATION_CONTEXT(2) 
PARAMETRIC_REPRESENTATION_CONTEXT() REPRESENTATION_CONTEXT('2D SPACE',''
  ) );
#7396 = PCURVE('',#7397,#7402);
#7397 = PLANE('',#7398);
#7398 = AXIS2_PLACEMENT_3D('',#7399,#7400,#7401);
#7399 = CARTESIAN_POINT('',(697.7,100.,6.));
#7400 = DIRECTION('',(0.,0.,1.));
#7401 = DIRECTION('',(1.,0.,-0.));
#7402 = DEFINITIONAL_REPRESENTATION('',(#7403),#7407);
#7403 = CIRCLE('',#7404,8.);
#7404 = AXIS2_PLACEMENT_2D('',#7405,#7406);
#7405 = CARTESIAN_POINT('',(0.,0.));
#7406 = DIRECTION('',(1.,0.));
#7407 = ( GEOMETRIC_REPRESENTATION_CONTEXT(2) 
PARAMETRIC_REPRESENTATION_CONTEXT() REPRESENTATION_CONTEXT('2D SPACE',''
  ) );
#7408 = ORIENTED_EDGE('',*,*,#7359,.F.);
#7409 = ADVANCED_FACE('',(#7410),#1547,.F.);
#7410 = FACE_BOUND('',#7411,.T.);
#7411 = EDGE_LOOP('',(#7412,#7413,#7434,#7435));
#7412 = ORIENTED_EDGE('',*,*,#1526,.T.);
#7413 = ORIENTED_EDGE('',*,*,#7414,.T.);
#7414 = EDGE_CURVE('',#1527,#4118,#7415,.T.);
#7415 = SEAM_CURVE('',#7416,(#7420,#7427),.PCURVE_S1.);
#7416 = LINE('',#7417,#7418);
#7417 = CARTESIAN_POINT('',(857.05,9.5,-1.));
#7418 = VECTOR('',#7419,1.);
#7419 = DIRECTION('',(0.,0.,1.));
#7420 = PCURVE('',#1547,#7421);
#7421 = DEFINITIONAL_REPRESENTATION('',(#7422),#7426);
#7422 = LINE('',#7423,#7424);
#7423 = CARTESIAN_POINT('',(-6.28318530718,0.));
#7424 = VECTOR('',#7425,1.);
#7425 = DIRECTION('',(-0.,-1.));
#7426 = ( GEOMETRIC_REPRESENTATION_CONTEXT(2) 
PARAMETRIC_REPRESENTATION_CONTEXT() REPRESENTATION_CONTEXT('2D SPACE',''
  ) );
#7427 = PCURVE('',#1547,#7428);
#7428 = DEFINITIONAL_REPRESENTATION('',(#7429),#7433);
#7429 = LINE('',#7430,#7431);
#7430 = CARTESIAN_POINT('',(-0.,0.));
#7431 = VECTOR('',#7432,1.);
#7432 = DIRECTION('',(-0.,-1.));
#7433 = ( GEOMETRIC_REPRESENTATION_CONTEXT(2) 
PARAMETRIC_REPRESENTATION_CONTEXT() REPRESENTATION_CONTEXT('2D SPACE',''
  ) );
#7434 = ORIENTED_EDGE('',*,*,#4117,.F.);
#7435 = ORIENTED_EDGE('',*,*,#7414,.F.);
#7436 = ADVANCED_FACE('',(#7437),#1582,.F.);
#7437 = FACE_BOUND('',#7438,.T.);
#7438 = EDGE_LOOP('',(#7439,#7440,#7463,#7490));
#7439 = ORIENTED_EDGE('',*,*,#1561,.T.);
#7440 = ORIENTED_EDGE('',*,*,#7441,.T.);
#7441 = EDGE_CURVE('',#1562,#7442,#7444,.T.);
#7442 = VERTEX_POINT('',#7443);
#7443 = CARTESIAN_POINT('',(805.7,100.,6.));
#7444 = SEAM_CURVE('',#7445,(#7449,#7456),.PCURVE_S1.);
#7445 = LINE('',#7446,#7447);
#7446 = CARTESIAN_POINT('',(805.7,100.,-1.E-03));
#7447 = VECTOR('',#7448,1.);
#7448 = DIRECTION('',(0.,0.,1.));
#7449 = PCURVE('',#1582,#7450);
#7450 = DEFINITIONAL_REPRESENTATION('',(#7451),#7455);
#7451 = LINE('',#7452,#7453);
#7452 = CARTESIAN_POINT('',(-6.28318530718,0.));
#7453 = VECTOR('',#7454,1.);
#7454 = DIRECTION('',(-0.,-1.));
#7455 = ( GEOMETRIC_REPRESENTATION_CONTEXT(2) 
PARAMETRIC_REPRESENTATION_CONTEXT() REPRESENTATION_CONTEXT('2D SPACE',''
  ) );
#7456 = PCURVE('',#1582,#7457);
#7457 = DEFINITIONAL_REPRESENTATION('',(#7458),#7462);
#7458 = LINE('',#7459,#7460);
#7459 = CARTESIAN_POINT('',(-0.,0.));
#7460 = VECTOR('',#7461,1.);
#7461 = DIRECTION('',(-0.,-1.));
#7462 = ( GEOMETRIC_REPRESENTATION_CONTEXT(2) 
PARAMETRIC_REPRESENTATION_CONTEXT() REPRESENTATION_CONTEXT('2D SPACE',''
  ) );
#7463 = ORIENTED_EDGE('',*,*,#7464,.T.);
#7464 = EDGE_CURVE('',#7442,#7442,#7465,.T.);
#7465 = SURFACE_CURVE('',#7466,(#7471,#7478),.PCURVE_S1.);
#7466 = CIRCLE('',#7467,8.);
#7467 = AXIS2_PLACEMENT_3D('',#7468,#7469,#7470);
#7468 = CARTESIAN_POINT('',(797.7,100.,6.));
#7469 = DIRECTION('',(0.,0.,1.));
#7470 = DIRECTION('',(1.,0.,0.));
#7471 = PCURVE('',#1582,#7472);
#7472 = DEFINITIONAL_REPRESENTATION('',(#7473),#7477);
#7473 = LINE('',#7474,#7475);
#7474 = CARTESIAN_POINT('',(-0.,-6.001));
#7475 = VECTOR('',#7476,1.);
#7476 = DIRECTION('',(-1.,0.));
#7477 = ( GEOMETRIC_REPRESENTATION_CONTEXT(2) 
PARAMETRIC_REPRESENTATION_CONTEXT() REPRESENTATION_CONTEXT('2D SPACE',''
  ) );
#7478 = PCURVE('',#7479,#7484);
#7479 = PLANE('',#7480);
#7480 = AXIS2_PLACEMENT_3D('',#7481,#7482,#7483);
#7481 = CARTESIAN_POINT('',(797.7,100.,6.));
#7482 = DIRECTION('',(0.,0.,1.));
#7483 = DIRECTION('',(1.,0.,-0.));
#7484 = DEFINITIONAL_REPRESENTATION('',(#7485),#7489);
#7485 = CIRCLE('',#7486,8.);
#7486 = AXIS2_PLACEMENT_2D('',#7487,#7488);
#7487 = CARTESIAN_POINT('',(0.,0.));
#7488 = DIRECTION('',(1.,0.));
#7489 = ( GEOMETRIC_REPRESENTATION_CONTEXT(2) 
PARAMETRIC_REPRESENTATION_CONTEXT() REPRESENTATION_CONTEXT('2D SPACE',''
  ) );
#7490 = ORIENTED_EDGE('',*,*,#7441,.F.);
#7491 = ADVANCED_FACE('',(#7492),#1617,.F.);
#7492 = FACE_BOUND('',#7493,.T.);
#7493 = EDGE_LOOP('',(#7494,#7495,#7518,#7545));
#7494 = ORIENTED_EDGE('',*,*,#1596,.T.);
#7495 = ORIENTED_EDGE('',*,*,#7496,.T.);
#7496 = EDGE_CURVE('',#1597,#7497,#7499,.T.);
#7497 = VERTEX_POINT('',#7498);
#7498 = CARTESIAN_POINT('',(905.7,100.,6.));
#7499 = SEAM_CURVE('',#7500,(#7504,#7511),.PCURVE_S1.);
#7500 = LINE('',#7501,#7502);
#7501 = CARTESIAN_POINT('',(905.7,100.,-1.E-03));
#7502 = VECTOR('',#7503,1.);
#7503 = DIRECTION('',(0.,0.,1.));
#7504 = PCURVE('',#1617,#7505);
#7505 = DEFINITIONAL_REPRESENTATION('',(#7506),#7510);
#7506 = LINE('',#7507,#7508);
#7507 = CARTESIAN_POINT('',(-6.28318530718,0.));
#7508 = VECTOR('',#7509,1.);
#7509 = DIRECTION('',(-0.,-1.));
#7510 = ( GEOMETRIC_REPRESENTATION_CONTEXT(2) 
PARAMETRIC_REPRESENTATION_CONTEXT() REPRESENTATION_CONTEXT('2D SPACE',''
  ) );
#7511 = PCURVE('',#1617,#7512);
#7512 = DEFINITIONAL_REPRESENTATION('',(#7513),#7517);
#7513 = LINE('',#7514,#7515);
#7514 = CARTESIAN_POINT('',(-0.,0.));
#7515 = VECTOR('',#7516,1.);
#7516 = DIRECTION('',(-0.,-1.));
#7517 = ( GEOMETRIC_REPRESENTATION_CONTEXT(2) 
PARAMETRIC_REPRESENTATION_CONTEXT() REPRESENTATION_CONTEXT('2D SPACE',''
  ) );
#7518 = ORIENTED_EDGE('',*,*,#7519,.T.);
#7519 = EDGE_CURVE('',#7497,#7497,#7520,.T.);
#7520 = SURFACE_CURVE('',#7521,(#7526,#7533),.PCURVE_S1.);
#7521 = CIRCLE('',#7522,8.);
#7522 = AXIS2_PLACEMENT_3D('',#7523,#7524,#7525);
#7523 = CARTESIAN_POINT('',(897.7,100.,6.));
#7524 = DIRECTION('',(0.,0.,1.));
#7525 = DIRECTION('',(1.,0.,0.));
#7526 = PCURVE('',#1617,#7527);
#7527 = DEFINITIONAL_REPRESENTATION('',(#7528),#7532);
#7528 = LINE('',#7529,#7530);
#7529 = CARTESIAN_POINT('',(-0.,-6.001));
#7530 = VECTOR('',#7531,1.);
#7531 = DIRECTION('',(-1.,0.));
#7532 = ( GEOMETRIC_REPRESENTATION_CONTEXT(2) 
PARAMETRIC_REPRESENTATION_CONTEXT() REPRESENTATION_CONTEXT('2D SPACE',''
  ) );
#7533 = PCURVE('',#7534,#7539);
#7534 = PLANE('',#7535);
#7535 = AXIS2_PLACEMENT_3D('',#7536,#7537,#7538);
#7536 = CARTESIAN_POINT('',(897.7,100.,6.));
#7537 = DIRECTION('',(0.,0.,1.));
#7538 = DIRECTION('',(1.,0.,-0.));
#7539 = DEFINITIONAL_REPRESENTATION('',(#7540),#7544);
#7540 = CIRCLE('',#7541,8.);
#7541 = AXIS2_PLACEMENT_2D('',#7542,#7543);
#7542 = CARTESIAN_POINT('',(0.,0.));
#7543 = DIRECTION('',(1.,0.));
#7544 = ( GEOMETRIC_REPRESENTATION_CONTEXT(2) 
PARAMETRIC_REPRESENTATION_CONTEXT() REPRESENTATION_CONTEXT('2D SPACE',''
  ) );
#7545 = ORIENTED_EDGE('',*,*,#7496,.F.);
#7546 = ADVANCED_FACE('',(#7547),#1652,.F.);
#7547 = FACE_BOUND('',#7548,.T.);
#7548 = EDGE_LOOP('',(#7549,#7550,#7573,#7600));
#7549 = ORIENTED_EDGE('',*,*,#1631,.T.);
#7550 = ORIENTED_EDGE('',*,*,#7551,.T.);
#7551 = EDGE_CURVE('',#1632,#7552,#7554,.T.);
#7552 = VERTEX_POINT('',#7553);
#7553 = CARTESIAN_POINT('',(545.7,350.,6.));
#7554 = SEAM_CURVE('',#7555,(#7559,#7566),.PCURVE_S1.);
#7555 = LINE('',#7556,#7557);
#7556 = CARTESIAN_POINT('',(545.7,350.,-1.E-03));
#7557 = VECTOR('',#7558,1.);
#7558 = DIRECTION('',(0.,0.,1.));
#7559 = PCURVE('',#1652,#7560);
#7560 = DEFINITIONAL_REPRESENTATION('',(#7561),#7565);
#7561 = LINE('',#7562,#7563);
#7562 = CARTESIAN_POINT('',(-6.28318530718,0.));
#7563 = VECTOR('',#7564,1.);
#7564 = DIRECTION('',(-0.,-1.));
#7565 = ( GEOMETRIC_REPRESENTATION_CONTEXT(2) 
PARAMETRIC_REPRESENTATION_CONTEXT() REPRESENTATION_CONTEXT('2D SPACE',''
  ) );
#7566 = PCURVE('',#1652,#7567);
#7567 = DEFINITIONAL_REPRESENTATION('',(#7568),#7572);
#7568 = LINE('',#7569,#7570);
#7569 = CARTESIAN_POINT('',(-0.,0.));
#7570 = VECTOR('',#7571,1.);
#7571 = DIRECTION('',(-0.,-1.));
#7572 = ( GEOMETRIC_REPRESENTATION_CONTEXT(2) 
PARAMETRIC_REPRESENTATION_CONTEXT() REPRESENTATION_CONTEXT('2D SPACE',''
  ) );
#7573 = ORIENTED_EDGE('',*,*,#7574,.T.);
#7574 = EDGE_CURVE('',#7552,#7552,#7575,.T.);
#7575 = SURFACE_CURVE('',#7576,(#7581,#7588),.PCURVE_S1.);
#7576 = CIRCLE('',#7577,8.);
#7577 = AXIS2_PLACEMENT_3D('',#7578,#7579,#7580);
#7578 = CARTESIAN_POINT('',(537.7,350.,6.));
#7579 = DIRECTION('',(0.,0.,1.));
#7580 = DIRECTION('',(1.,0.,0.));
#7581 = PCURVE('',#1652,#7582);
#7582 = DEFINITIONAL_REPRESENTATION('',(#7583),#7587);
#7583 = LINE('',#7584,#7585);
#7584 = CARTESIAN_POINT('',(-0.,-6.001));
#7585 = VECTOR('',#7586,1.);
#7586 = DIRECTION('',(-1.,0.));
#7587 = ( GEOMETRIC_REPRESENTATION_CONTEXT(2) 
PARAMETRIC_REPRESENTATION_CONTEXT() REPRESENTATION_CONTEXT('2D SPACE',''
  ) );
#7588 = PCURVE('',#7589,#7594);
#7589 = PLANE('',#7590);
#7590 = AXIS2_PLACEMENT_3D('',#7591,#7592,#7593);
#7591 = CARTESIAN_POINT('',(537.7,350.,6.));
#7592 = DIRECTION('',(0.,0.,1.));
#7593 = DIRECTION('',(1.,0.,-0.));
#7594 = DEFINITIONAL_REPRESENTATION('',(#7595),#7599);
#7595 = CIRCLE('',#7596,8.);
#7596 = AXIS2_PLACEMENT_2D('',#7597,#7598);
#7597 = CARTESIAN_POINT('',(0.,0.));
#7598 = DIRECTION('',(1.,0.));
#7599 = ( GEOMETRIC_REPRESENTATION_CONTEXT(2) 
PARAMETRIC_REPRESENTATION_CONTEXT() REPRESENTATION_CONTEXT('2D SPACE',''
  ) );
#7600 = ORIENTED_EDGE('',*,*,#7551,.F.);
#7601 = ADVANCED_FACE('',(#7602),#1687,.F.);
#7602 = FACE_BOUND('',#7603,.T.);
#7603 = EDGE_LOOP('',(#7604,#7605,#7628,#7655));
#7604 = ORIENTED_EDGE('',*,*,#1666,.T.);
#7605 = ORIENTED_EDGE('',*,*,#7606,.T.);
#7606 = EDGE_CURVE('',#1667,#7607,#7609,.T.);
#7607 = VERTEX_POINT('',#7608);
#7608 = CARTESIAN_POINT('',(645.7,350.,6.));
#7609 = SEAM_CURVE('',#7610,(#7614,#7621),.PCURVE_S1.);
#7610 = LINE('',#7611,#7612);
#7611 = CARTESIAN_POINT('',(645.7,350.,-1.E-03));
#7612 = VECTOR('',#7613,1.);
#7613 = DIRECTION('',(0.,0.,1.));
#7614 = PCURVE('',#1687,#7615);
#7615 = DEFINITIONAL_REPRESENTATION('',(#7616),#7620);
#7616 = LINE('',#7617,#7618);
#7617 = CARTESIAN_POINT('',(-6.28318530718,0.));
#7618 = VECTOR('',#7619,1.);
#7619 = DIRECTION('',(-0.,-1.));
#7620 = ( GEOMETRIC_REPRESENTATION_CONTEXT(2) 
PARAMETRIC_REPRESENTATION_CONTEXT() REPRESENTATION_CONTEXT('2D SPACE',''
  ) );
#7621 = PCURVE('',#1687,#7622);
#7622 = DEFINITIONAL_REPRESENTATION('',(#7623),#7627);
#7623 = LINE('',#7624,#7625);
#7624 = CARTESIAN_POINT('',(-0.,0.));
#7625 = VECTOR('',#7626,1.);
#7626 = DIRECTION('',(-0.,-1.));
#7627 = ( GEOMETRIC_REPRESENTATION_CONTEXT(2) 
PARAMETRIC_REPRESENTATION_CONTEXT() REPRESENTATION_CONTEXT('2D SPACE',''
  ) );
#7628 = ORIENTED_EDGE('',*,*,#7629,.T.);
#7629 = EDGE_CURVE('',#7607,#7607,#7630,.T.);
#7630 = SURFACE_CURVE('',#7631,(#7636,#7643),.PCURVE_S1.);
#7631 = CIRCLE('',#7632,8.);
#7632 = AXIS2_PLACEMENT_3D('',#7633,#7634,#7635);
#7633 = CARTESIAN_POINT('',(637.7,350.,6.));
#7634 = DIRECTION('',(0.,0.,1.));
#7635 = DIRECTION('',(1.,0.,0.));
#7636 = PCURVE('',#1687,#7637);
#7637 = DEFINITIONAL_REPRESENTATION('',(#7638),#7642);
#7638 = LINE('',#7639,#7640);
#7639 = CARTESIAN_POINT('',(-0.,-6.001));
#7640 = VECTOR('',#7641,1.);
#7641 = DIRECTION('',(-1.,0.));
#7642 = ( GEOMETRIC_REPRESENTATION_CONTEXT(2) 
PARAMETRIC_REPRESENTATION_CONTEXT() REPRESENTATION_CONTEXT('2D SPACE',''
  ) );
#7643 = PCURVE('',#7644,#7649);
#7644 = PLANE('',#7645);
#7645 = AXIS2_PLACEMENT_3D('',#7646,#7647,#7648);
#7646 = CARTESIAN_POINT('',(637.7,350.,6.));
#7647 = DIRECTION('',(0.,0.,1.));
#7648 = DIRECTION('',(1.,0.,-0.));
#7649 = DEFINITIONAL_REPRESENTATION('',(#7650),#7654);
#7650 = CIRCLE('',#7651,8.);
#7651 = AXIS2_PLACEMENT_2D('',#7652,#7653);
#7652 = CARTESIAN_POINT('',(0.,0.));
#7653 = DIRECTION('',(1.,0.));
#7654 = ( GEOMETRIC_REPRESENTATION_CONTEXT(2) 
PARAMETRIC_REPRESENTATION_CONTEXT() REPRESENTATION_CONTEXT('2D SPACE',''
  ) );
#7655 = ORIENTED_EDGE('',*,*,#7606,.F.);
#7656 = ADVANCED_FACE('',(#7657),#1722,.F.);
#7657 = FACE_BOUND('',#7658,.T.);
#7658 = EDGE_LOOP('',(#7659,#7660,#7681,#7682));
#7659 = ORIENTED_EDGE('',*,*,#1701,.T.);
#7660 = ORIENTED_EDGE('',*,*,#7661,.T.);
#7661 = EDGE_CURVE('',#1702,#4288,#7662,.T.);
#7662 = SEAM_CURVE('',#7663,(#7667,#7674),.PCURVE_S1.);
#7663 = LINE('',#7664,#7665);
#7664 = CARTESIAN_POINT('',(597.05,398.5,-1.));
#7665 = VECTOR('',#7666,1.);
#7666 = DIRECTION('',(0.,0.,1.));
#7667 = PCURVE('',#1722,#7668);
#7668 = DEFINITIONAL_REPRESENTATION('',(#7669),#7673);
#7669 = LINE('',#7670,#7671);
#7670 = CARTESIAN_POINT('',(-6.28318530718,0.));
#7671 = VECTOR('',#7672,1.);
#7672 = DIRECTION('',(-0.,-1.));
#7673 = ( GEOMETRIC_REPRESENTATION_CONTEXT(2) 
PARAMETRIC_REPRESENTATION_CONTEXT() REPRESENTATION_CONTEXT('2D SPACE',''
  ) );
#7674 = PCURVE('',#1722,#7675);
#7675 = DEFINITIONAL_REPRESENTATION('',(#7676),#7680);
#7676 = LINE('',#7677,#7678);
#7677 = CARTESIAN_POINT('',(-0.,0.));
#7678 = VECTOR('',#7679,1.);
#7679 = DIRECTION('',(-0.,-1.));
#7680 = ( GEOMETRIC_REPRESENTATION_CONTEXT(2) 
PARAMETRIC_REPRESENTATION_CONTEXT() REPRESENTATION_CONTEXT('2D SPACE',''
  ) );
#7681 = ORIENTED_EDGE('',*,*,#4287,.F.);
#7682 = ORIENTED_EDGE('',*,*,#7661,.F.);
#7683 = ADVANCED_FACE('',(#7684),#1757,.F.);
#7684 = FACE_BOUND('',#7685,.T.);
#7685 = EDGE_LOOP('',(#7686,#7687,#7710,#7737));
#7686 = ORIENTED_EDGE('',*,*,#1736,.T.);
#7687 = ORIENTED_EDGE('',*,*,#7688,.T.);
#7688 = EDGE_CURVE('',#1737,#7689,#7691,.T.);
#7689 = VERTEX_POINT('',#7690);
#7690 = CARTESIAN_POINT('',(745.7,350.,6.));
#7691 = SEAM_CURVE('',#7692,(#7696,#7703),.PCURVE_S1.);
#7692 = LINE('',#7693,#7694);
#7693 = CARTESIAN_POINT('',(745.7,350.,-1.E-03));
#7694 = VECTOR('',#7695,1.);
#7695 = DIRECTION('',(0.,0.,1.));
#7696 = PCURVE('',#1757,#7697);
#7697 = DEFINITIONAL_REPRESENTATION('',(#7698),#7702);
#7698 = LINE('',#7699,#7700);
#7699 = CARTESIAN_POINT('',(-6.28318530718,0.));
#7700 = VECTOR('',#7701,1.);
#7701 = DIRECTION('',(-0.,-1.));
#7702 = ( GEOMETRIC_REPRESENTATION_CONTEXT(2) 
PARAMETRIC_REPRESENTATION_CONTEXT() REPRESENTATION_CONTEXT('2D SPACE',''
  ) );
#7703 = PCURVE('',#1757,#7704);
#7704 = DEFINITIONAL_REPRESENTATION('',(#7705),#7709);
#7705 = LINE('',#7706,#7707);
#7706 = CARTESIAN_POINT('',(-0.,0.));
#7707 = VECTOR('',#7708,1.);
#7708 = DIRECTION('',(-0.,-1.));
#7709 = ( GEOMETRIC_REPRESENTATION_CONTEXT(2) 
PARAMETRIC_REPRESENTATION_CONTEXT() REPRESENTATION_CONTEXT('2D SPACE',''
  ) );
#7710 = ORIENTED_EDGE('',*,*,#7711,.T.);
#7711 = EDGE_CURVE('',#7689,#7689,#7712,.T.);
#7712 = SURFACE_CURVE('',#7713,(#7718,#7725),.PCURVE_S1.);
#7713 = CIRCLE('',#7714,8.);
#7714 = AXIS2_PLACEMENT_3D('',#7715,#7716,#7717);
#7715 = CARTESIAN_POINT('',(737.7,350.,6.));
#7716 = DIRECTION('',(0.,0.,1.));
#7717 = DIRECTION('',(1.,0.,0.));
#7718 = PCURVE('',#1757,#7719);
#7719 = DEFINITIONAL_REPRESENTATION('',(#7720),#7724);
#7720 = LINE('',#7721,#7722);
#7721 = CARTESIAN_POINT('',(-0.,-6.001));
#7722 = VECTOR('',#7723,1.);
#7723 = DIRECTION('',(-1.,0.));
#7724 = ( GEOMETRIC_REPRESENTATION_CONTEXT(2) 
PARAMETRIC_REPRESENTATION_CONTEXT() REPRESENTATION_CONTEXT('2D SPACE',''
  ) );
#7725 = PCURVE('',#7726,#7731);
#7726 = PLANE('',#7727);
#7727 = AXIS2_PLACEMENT_3D('',#7728,#7729,#7730);
#7728 = CARTESIAN_POINT('',(737.7,350.,6.));
#7729 = DIRECTION('',(0.,0.,1.));
#7730 = DIRECTION('',(1.,0.,-0.));
#7731 = DEFINITIONAL_REPRESENTATION('',(#7732),#7736);
#7732 = CIRCLE('',#7733,8.);
#7733 = AXIS2_PLACEMENT_2D('',#7734,#7735);
#7734 = CARTESIAN_POINT('',(0.,0.));
#7735 = DIRECTION('',(1.,0.));
#7736 = ( GEOMETRIC_REPRESENTATION_CONTEXT(2) 
PARAMETRIC_REPRESENTATION_CONTEXT() REPRESENTATION_CONTEXT('2D SPACE',''
  ) );
#7737 = ORIENTED_EDGE('',*,*,#7688,.F.);
#7738 = ADVANCED_FACE('',(#7739),#1792,.F.);
#7739 = FACE_BOUND('',#7740,.T.);
#7740 = EDGE_LOOP('',(#7741,#7742,#7765,#7792));
#7741 = ORIENTED_EDGE('',*,*,#1771,.T.);
#7742 = ORIENTED_EDGE('',*,*,#7743,.T.);
#7743 = EDGE_CURVE('',#1772,#7744,#7746,.T.);
#7744 = VERTEX_POINT('',#7745);
#7745 = CARTESIAN_POINT('',(845.7,350.,6.));
#7746 = SEAM_CURVE('',#7747,(#7751,#7758),.PCURVE_S1.);
#7747 = LINE('',#7748,#7749);
#7748 = CARTESIAN_POINT('',(845.7,350.,-1.E-03));
#7749 = VECTOR('',#7750,1.);
#7750 = DIRECTION('',(0.,0.,1.));
#7751 = PCURVE('',#1792,#7752);
#7752 = DEFINITIONAL_REPRESENTATION('',(#7753),#7757);
#7753 = LINE('',#7754,#7755);
#7754 = CARTESIAN_POINT('',(-6.28318530718,0.));
#7755 = VECTOR('',#7756,1.);
#7756 = DIRECTION('',(-0.,-1.));
#7757 = ( GEOMETRIC_REPRESENTATION_CONTEXT(2) 
PARAMETRIC_REPRESENTATION_CONTEXT() REPRESENTATION_CONTEXT('2D SPACE',''
  ) );
#7758 = PCURVE('',#1792,#7759);
#7759 = DEFINITIONAL_REPRESENTATION('',(#7760),#7764);
#7760 = LINE('',#7761,#7762);
#7761 = CARTESIAN_POINT('',(-0.,0.));
#7762 = VECTOR('',#7763,1.);
#7763 = DIRECTION('',(-0.,-1.));
#7764 = ( GEOMETRIC_REPRESENTATION_CONTEXT(2) 
PARAMETRIC_REPRESENTATION_CONTEXT() REPRESENTATION_CONTEXT('2D SPACE',''
  ) );
#7765 = ORIENTED_EDGE('',*,*,#7766,.T.);
#7766 = EDGE_CURVE('',#7744,#7744,#7767,.T.);
#7767 = SURFACE_CURVE('',#7768,(#7773,#7780),.PCURVE_S1.);
#7768 = CIRCLE('',#7769,8.);
#7769 = AXIS2_PLACEMENT_3D('',#7770,#7771,#7772);
#7770 = CARTESIAN_POINT('',(837.7,350.,6.));
#7771 = DIRECTION('',(0.,0.,1.));
#7772 = DIRECTION('',(1.,0.,0.));
#7773 = PCURVE('',#1792,#7774);
#7774 = DEFINITIONAL_REPRESENTATION('',(#7775),#7779);
#7775 = LINE('',#7776,#7777);
#7776 = CARTESIAN_POINT('',(-0.,-6.001));
#7777 = VECTOR('',#7778,1.);
#7778 = DIRECTION('',(-1.,0.));
#7779 = ( GEOMETRIC_REPRESENTATION_CONTEXT(2) 
PARAMETRIC_REPRESENTATION_CONTEXT() REPRESENTATION_CONTEXT('2D SPACE',''
  ) );
#7780 = PCURVE('',#7781,#7786);
#7781 = PLANE('',#7782);
#7782 = AXIS2_PLACEMENT_3D('',#7783,#7784,#7785);
#7783 = CARTESIAN_POINT('',(837.7,350.,6.));
#7784 = DIRECTION('',(0.,0.,1.));
#7785 = DIRECTION('',(1.,0.,-0.));
#7786 = DEFINITIONAL_REPRESENTATION('',(#7787),#7791);
#7787 = CIRCLE('',#7788,8.);
#7788 = AXIS2_PLACEMENT_2D('',#7789,#7790);
#7789 = CARTESIAN_POINT('',(0.,0.));
#7790 = DIRECTION('',(1.,0.));
#7791 = ( GEOMETRIC_REPRESENTATION_CONTEXT(2) 
PARAMETRIC_REPRESENTATION_CONTEXT() REPRESENTATION_CONTEXT('2D SPACE',''
  ) );
#7792 = ORIENTED_EDGE('',*,*,#7743,.F.);
#7793 = ADVANCED_FACE('',(#7794),#1827,.F.);
#7794 = FACE_BOUND('',#7795,.T.);
#7795 = EDGE_LOOP('',(#7796,#7797,#7818,#7819));
#7796 = ORIENTED_EDGE('',*,*,#1806,.T.);
#7797 = ORIENTED_EDGE('',*,*,#7798,.T.);
#7798 = EDGE_CURVE('',#1807,#4388,#7799,.T.);
#7799 = SEAM_CURVE('',#7800,(#7804,#7811),.PCURVE_S1.);
#7800 = LINE('',#7801,#7802);
#7801 = CARTESIAN_POINT('',(857.05,398.5,-1.));
#7802 = VECTOR('',#7803,1.);
#7803 = DIRECTION('',(0.,0.,1.));
#7804 = PCURVE('',#1827,#7805);
#7805 = DEFINITIONAL_REPRESENTATION('',(#7806),#7810);
#7806 = LINE('',#7807,#7808);
#7807 = CARTESIAN_POINT('',(-6.28318530718,0.));
#7808 = VECTOR('',#7809,1.);
#7809 = DIRECTION('',(-0.,-1.));
#7810 = ( GEOMETRIC_REPRESENTATION_CONTEXT(2) 
PARAMETRIC_REPRESENTATION_CONTEXT() REPRESENTATION_CONTEXT('2D SPACE',''
  ) );
#7811 = PCURVE('',#1827,#7812);
#7812 = DEFINITIONAL_REPRESENTATION('',(#7813),#7817);
#7813 = LINE('',#7814,#7815);
#7814 = CARTESIAN_POINT('',(-0.,0.));
#7815 = VECTOR('',#7816,1.);
#7816 = DIRECTION('',(-0.,-1.));
#7817 = ( GEOMETRIC_REPRESENTATION_CONTEXT(2) 
PARAMETRIC_REPRESENTATION_CONTEXT() REPRESENTATION_CONTEXT('2D SPACE',''
  ) );
#7818 = ORIENTED_EDGE('',*,*,#4387,.F.);
#7819 = ORIENTED_EDGE('',*,*,#7798,.F.);
#7820 = ADVANCED_FACE('',(#7821),#1862,.F.);
#7821 = FACE_BOUND('',#7822,.T.);
#7822 = EDGE_LOOP('',(#7823,#7824,#7847,#7874));
#7823 = ORIENTED_EDGE('',*,*,#1841,.T.);
#7824 = ORIENTED_EDGE('',*,*,#7825,.T.);
#7825 = EDGE_CURVE('',#1842,#7826,#7828,.T.);
#7826 = VERTEX_POINT('',#7827);
#7827 = CARTESIAN_POINT('',(105.7,600.,6.));
#7828 = SEAM_CURVE('',#7829,(#7833,#7840),.PCURVE_S1.);
#7829 = LINE('',#7830,#7831);
#7830 = CARTESIAN_POINT('',(105.7,600.,-1.E-03));
#7831 = VECTOR('',#7832,1.);
#7832 = DIRECTION('',(0.,0.,1.));
#7833 = PCURVE('',#1862,#7834);
#7834 = DEFINITIONAL_REPRESENTATION('',(#7835),#7839);
#7835 = LINE('',#7836,#7837);
#7836 = CARTESIAN_POINT('',(-6.28318530718,0.));
#7837 = VECTOR('',#7838,1.);
#7838 = DIRECTION('',(-0.,-1.));
#7839 = ( GEOMETRIC_REPRESENTATION_CONTEXT(2) 
PARAMETRIC_REPRESENTATION_CONTEXT() REPRESENTATION_CONTEXT('2D SPACE',''
  ) );
#7840 = PCURVE('',#1862,#7841);
#7841 = DEFINITIONAL_REPRESENTATION('',(#7842),#7846);
#7842 = LINE('',#7843,#7844);
#7843 = CARTESIAN_POINT('',(-0.,0.));
#7844 = VECTOR('',#7845,1.);
#7845 = DIRECTION('',(-0.,-1.));
#7846 = ( GEOMETRIC_REPRESENTATION_CONTEXT(2) 
PARAMETRIC_REPRESENTATION_CONTEXT() REPRESENTATION_CONTEXT('2D SPACE',''
  ) );
#7847 = ORIENTED_EDGE('',*,*,#7848,.T.);
#7848 = EDGE_CURVE('',#7826,#7826,#7849,.T.);
#7849 = SURFACE_CURVE('',#7850,(#7855,#7862),.PCURVE_S1.);
#7850 = CIRCLE('',#7851,8.);
#7851 = AXIS2_PLACEMENT_3D('',#7852,#7853,#7854);
#7852 = CARTESIAN_POINT('',(97.7,600.,6.));
#7853 = DIRECTION('',(0.,0.,1.));
#7854 = DIRECTION('',(1.,0.,0.));
#7855 = PCURVE('',#1862,#7856);
#7856 = DEFINITIONAL_REPRESENTATION('',(#7857),#7861);
#7857 = LINE('',#7858,#7859);
#7858 = CARTESIAN_POINT('',(-0.,-6.001));
#7859 = VECTOR('',#7860,1.);
#7860 = DIRECTION('',(-1.,0.));
#7861 = ( GEOMETRIC_REPRESENTATION_CONTEXT(2) 
PARAMETRIC_REPRESENTATION_CONTEXT() REPRESENTATION_CONTEXT('2D SPACE',''
  ) );
#7862 = PCURVE('',#7863,#7868);
#7863 = PLANE('',#7864);
#7864 = AXIS2_PLACEMENT_3D('',#7865,#7866,#7867);
#7865 = CARTESIAN_POINT('',(97.7,600.,6.));
#7866 = DIRECTION('',(0.,0.,1.));
#7867 = DIRECTION('',(1.,0.,-0.));
#7868 = DEFINITIONAL_REPRESENTATION('',(#7869),#7873);
#7869 = CIRCLE('',#7870,8.);
#7870 = AXIS2_PLACEMENT_2D('',#7871,#7872);
#7871 = CARTESIAN_POINT('',(0.,0.));
#7872 = DIRECTION('',(1.,0.));
#7873 = ( GEOMETRIC_REPRESENTATION_CONTEXT(2) 
PARAMETRIC_REPRESENTATION_CONTEXT() REPRESENTATION_CONTEXT('2D SPACE',''
  ) );
#7874 = ORIENTED_EDGE('',*,*,#7825,.F.);
#7875 = ADVANCED_FACE('',(#7876),#1897,.F.);
#7876 = FACE_BOUND('',#7877,.T.);
#7877 = EDGE_LOOP('',(#7878,#7879,#7902,#7929));
#7878 = ORIENTED_EDGE('',*,*,#1876,.T.);
#7879 = ORIENTED_EDGE('',*,*,#7880,.T.);
#7880 = EDGE_CURVE('',#1877,#7881,#7883,.T.);
#7881 = VERTEX_POINT('',#7882);
#7882 = CARTESIAN_POINT('',(205.7,600.,6.));
#7883 = SEAM_CURVE('',#7884,(#7888,#7895),.PCURVE_S1.);
#7884 = LINE('',#7885,#7886);
#7885 = CARTESIAN_POINT('',(205.7,600.,-1.E-03));
#7886 = VECTOR('',#7887,1.);
#7887 = DIRECTION('',(0.,0.,1.));
#7888 = PCURVE('',#1897,#7889);
#7889 = DEFINITIONAL_REPRESENTATION('',(#7890),#7894);
#7890 = LINE('',#7891,#7892);
#7891 = CARTESIAN_POINT('',(-6.28318530718,0.));
#7892 = VECTOR('',#7893,1.);
#7893 = DIRECTION('',(-0.,-1.));
#7894 = ( GEOMETRIC_REPRESENTATION_CONTEXT(2) 
PARAMETRIC_REPRESENTATION_CONTEXT() REPRESENTATION_CONTEXT('2D SPACE',''
  ) );
#7895 = PCURVE('',#1897,#7896);
#7896 = DEFINITIONAL_REPRESENTATION('',(#7897),#7901);
#7897 = LINE('',#7898,#7899);
#7898 = CARTESIAN_POINT('',(-0.,0.));
#7899 = VECTOR('',#7900,1.);
#7900 = DIRECTION('',(-0.,-1.));
#7901 = ( GEOMETRIC_REPRESENTATION_CONTEXT(2) 
PARAMETRIC_REPRESENTATION_CONTEXT() REPRESENTATION_CONTEXT('2D SPACE',''
  ) );
#7902 = ORIENTED_EDGE('',*,*,#7903,.T.);
#7903 = EDGE_CURVE('',#7881,#7881,#7904,.T.);
#7904 = SURFACE_CURVE('',#7905,(#7910,#7917),.PCURVE_S1.);
#7905 = CIRCLE('',#7906,8.);
#7906 = AXIS2_PLACEMENT_3D('',#7907,#7908,#7909);
#7907 = CARTESIAN_POINT('',(197.7,600.,6.));
#7908 = DIRECTION('',(0.,0.,1.));
#7909 = DIRECTION('',(1.,0.,0.));
#7910 = PCURVE('',#1897,#7911);
#7911 = DEFINITIONAL_REPRESENTATION('',(#7912),#7916);
#7912 = LINE('',#7913,#7914);
#7913 = CARTESIAN_POINT('',(-0.,-6.001));
#7914 = VECTOR('',#7915,1.);
#7915 = DIRECTION('',(-1.,0.));
#7916 = ( GEOMETRIC_REPRESENTATION_CONTEXT(2) 
PARAMETRIC_REPRESENTATION_CONTEXT() REPRESENTATION_CONTEXT('2D SPACE',''
  ) );
#7917 = PCURVE('',#7918,#7923);
#7918 = PLANE('',#7919);
#7919 = AXIS2_PLACEMENT_3D('',#7920,#7921,#7922);
#7920 = CARTESIAN_POINT('',(197.7,600.,6.));
#7921 = DIRECTION('',(0.,0.,1.));
#7922 = DIRECTION('',(1.,0.,-0.));
#7923 = DEFINITIONAL_REPRESENTATION('',(#7924),#7928);
#7924 = CIRCLE('',#7925,8.);
#7925 = AXIS2_PLACEMENT_2D('',#7926,#7927);
#7926 = CARTESIAN_POINT('',(0.,0.));
#7927 = DIRECTION('',(1.,0.));
#7928 = ( GEOMETRIC_REPRESENTATION_CONTEXT(2) 
PARAMETRIC_REPRESENTATION_CONTEXT() REPRESENTATION_CONTEXT('2D SPACE',''
  ) );
#7929 = ORIENTED_EDGE('',*,*,#7880,.F.);
#7930 = ADVANCED_FACE('',(#7931),#1932,.F.);
#7931 = FACE_BOUND('',#7932,.T.);
#7932 = EDGE_LOOP('',(#7933,#7934,#7955,#7956));
#7933 = ORIENTED_EDGE('',*,*,#1911,.T.);
#7934 = ORIENTED_EDGE('',*,*,#7935,.T.);
#7935 = EDGE_CURVE('',#1912,#4488,#7936,.T.);
#7936 = SEAM_CURVE('',#7937,(#7941,#7948),.PCURVE_S1.);
#7937 = LINE('',#7938,#7939);
#7938 = CARTESIAN_POINT('',(117.05,798.5,-1.));
#7939 = VECTOR('',#7940,1.);
#7940 = DIRECTION('',(0.,0.,1.));
#7941 = PCURVE('',#1932,#7942);
#7942 = DEFINITIONAL_REPRESENTATION('',(#7943),#7947);
#7943 = LINE('',#7944,#7945);
#7944 = CARTESIAN_POINT('',(-6.28318530718,0.));
#7945 = VECTOR('',#7946,1.);
#7946 = DIRECTION('',(-0.,-1.));
#7947 = ( GEOMETRIC_REPRESENTATION_CONTEXT(2) 
PARAMETRIC_REPRESENTATION_CONTEXT() REPRESENTATION_CONTEXT('2D SPACE',''
  ) );
#7948 = PCURVE('',#1932,#7949);
#7949 = DEFINITIONAL_REPRESENTATION('',(#7950),#7954);
#7950 = LINE('',#7951,#7952);
#7951 = CARTESIAN_POINT('',(-0.,0.));
#7952 = VECTOR('',#7953,1.);
#7953 = DIRECTION('',(-0.,-1.));
#7954 = ( GEOMETRIC_REPRESENTATION_CONTEXT(2) 
PARAMETRIC_REPRESENTATION_CONTEXT() REPRESENTATION_CONTEXT('2D SPACE',''
  ) );
#7955 = ORIENTED_EDGE('',*,*,#4487,.F.);
#7956 = ORIENTED_EDGE('',*,*,#7935,.F.);
#7957 = ADVANCED_FACE('',(#7958),#1967,.F.);
#7958 = FACE_BOUND('',#7959,.T.);
#7959 = EDGE_LOOP('',(#7960,#7961,#7984,#8011));
#7960 = ORIENTED_EDGE('',*,*,#1946,.T.);
#7961 = ORIENTED_EDGE('',*,*,#7962,.T.);
#7962 = EDGE_CURVE('',#1947,#7963,#7965,.T.);
#7963 = VERTEX_POINT('',#7964);
#7964 = CARTESIAN_POINT('',(45.7,850.,6.));
#7965 = SEAM_CURVE('',#7966,(#7970,#7977),.PCURVE_S1.);
#7966 = LINE('',#7967,#7968);
#7967 = CARTESIAN_POINT('',(45.7,850.,-1.E-03));
#7968 = VECTOR('',#7969,1.);
#7969 = DIRECTION('',(0.,0.,1.));
#7970 = PCURVE('',#1967,#7971);
#7971 = DEFINITIONAL_REPRESENTATION('',(#7972),#7976);
#7972 = LINE('',#7973,#7974);
#7973 = CARTESIAN_POINT('',(-6.28318530718,0.));
#7974 = VECTOR('',#7975,1.);
#7975 = DIRECTION('',(-0.,-1.));
#7976 = ( GEOMETRIC_REPRESENTATION_CONTEXT(2) 
PARAMETRIC_REPRESENTATION_CONTEXT() REPRESENTATION_CONTEXT('2D SPACE',''
  ) );
#7977 = PCURVE('',#1967,#7978);
#7978 = DEFINITIONAL_REPRESENTATION('',(#7979),#7983);
#7979 = LINE('',#7980,#7981);
#7980 = CARTESIAN_POINT('',(-0.,0.));
#7981 = VECTOR('',#7982,1.);
#7982 = DIRECTION('',(-0.,-1.));
#7983 = ( GEOMETRIC_REPRESENTATION_CONTEXT(2) 
PARAMETRIC_REPRESENTATION_CONTEXT() REPRESENTATION_CONTEXT('2D SPACE',''
  ) );
#7984 = ORIENTED_EDGE('',*,*,#7985,.T.);
#7985 = EDGE_CURVE('',#7963,#7963,#7986,.T.);
#7986 = SURFACE_CURVE('',#7987,(#7992,#7999),.PCURVE_S1.);
#7987 = CIRCLE('',#7988,8.);
#7988 = AXIS2_PLACEMENT_3D('',#7989,#7990,#7991);
#7989 = CARTESIAN_POINT('',(37.7,850.,6.));
#7990 = DIRECTION('',(0.,0.,1.));
#7991 = DIRECTION('',(1.,0.,0.));
#7992 = PCURVE('',#1967,#7993);
#7993 = DEFINITIONAL_REPRESENTATION('',(#7994),#7998);
#7994 = LINE('',#7995,#7996);
#7995 = CARTESIAN_POINT('',(-0.,-6.001));
#7996 = VECTOR('',#7997,1.);
#7997 = DIRECTION('',(-1.,0.));
#7998 = ( GEOMETRIC_REPRESENTATION_CONTEXT(2) 
PARAMETRIC_REPRESENTATION_CONTEXT() REPRESENTATION_CONTEXT('2D SPACE',''
  ) );
#7999 = PCURVE('',#8000,#8005);
#8000 = PLANE('',#8001);
#8001 = AXIS2_PLACEMENT_3D('',#8002,#8003,#8004);
#8002 = CARTESIAN_POINT('',(37.7,850.,6.));
#8003 = DIRECTION('',(0.,0.,1.));
#8004 = DIRECTION('',(1.,0.,-0.));
#8005 = DEFINITIONAL_REPRESENTATION('',(#8006),#8010);
#8006 = CIRCLE('',#8007,8.);
#8007 = AXIS2_PLACEMENT_2D('',#8008,#8009);
#8008 = CARTESIAN_POINT('',(0.,0.));
#8009 = DIRECTION('',(1.,0.));
#8010 = ( GEOMETRIC_REPRESENTATION_CONTEXT(2) 
PARAMETRIC_REPRESENTATION_CONTEXT() REPRESENTATION_CONTEXT('2D SPACE',''
  ) );
#8011 = ORIENTED_EDGE('',*,*,#7962,.F.);
#8012 = ADVANCED_FACE('',(#8013),#2002,.F.);
#8013 = FACE_BOUND('',#8014,.T.);
#8014 = EDGE_LOOP('',(#8015,#8016,#8039,#8066));
#8015 = ORIENTED_EDGE('',*,*,#1981,.T.);
#8016 = ORIENTED_EDGE('',*,*,#8017,.T.);
#8017 = EDGE_CURVE('',#1982,#8018,#8020,.T.);
#8018 = VERTEX_POINT('',#8019);
#8019 = CARTESIAN_POINT('',(145.7,850.,6.));
#8020 = SEAM_CURVE('',#8021,(#8025,#8032),.PCURVE_S1.);
#8021 = LINE('',#8022,#8023);
#8022 = CARTESIAN_POINT('',(145.7,850.,-1.E-03));
#8023 = VECTOR('',#8024,1.);
#8024 = DIRECTION('',(0.,0.,1.));
#8025 = PCURVE('',#2002,#8026);
#8026 = DEFINITIONAL_REPRESENTATION('',(#8027),#8031);
#8027 = LINE('',#8028,#8029);
#8028 = CARTESIAN_POINT('',(-6.28318530718,0.));
#8029 = VECTOR('',#8030,1.);
#8030 = DIRECTION('',(-0.,-1.));
#8031 = ( GEOMETRIC_REPRESENTATION_CONTEXT(2) 
PARAMETRIC_REPRESENTATION_CONTEXT() REPRESENTATION_CONTEXT('2D SPACE',''
  ) );
#8032 = PCURVE('',#2002,#8033);
#8033 = DEFINITIONAL_REPRESENTATION('',(#8034),#8038);
#8034 = LINE('',#8035,#8036);
#8035 = CARTESIAN_POINT('',(-0.,0.));
#8036 = VECTOR('',#8037,1.);
#8037 = DIRECTION('',(-0.,-1.));
#8038 = ( GEOMETRIC_REPRESENTATION_CONTEXT(2) 
PARAMETRIC_REPRESENTATION_CONTEXT() REPRESENTATION_CONTEXT('2D SPACE',''
  ) );
#8039 = ORIENTED_EDGE('',*,*,#8040,.T.);
#8040 = EDGE_CURVE('',#8018,#8018,#8041,.T.);
#8041 = SURFACE_CURVE('',#8042,(#8047,#8054),.PCURVE_S1.);
#8042 = CIRCLE('',#8043,8.);
#8043 = AXIS2_PLACEMENT_3D('',#8044,#8045,#8046);
#8044 = CARTESIAN_POINT('',(137.7,850.,6.));
#8045 = DIRECTION('',(0.,0.,1.));
#8046 = DIRECTION('',(1.,0.,0.));
#8047 = PCURVE('',#2002,#8048);
#8048 = DEFINITIONAL_REPRESENTATION('',(#8049),#8053);
#8049 = LINE('',#8050,#8051);
#8050 = CARTESIAN_POINT('',(-0.,-6.001));
#8051 = VECTOR('',#8052,1.);
#8052 = DIRECTION('',(-1.,0.));
#8053 = ( GEOMETRIC_REPRESENTATION_CONTEXT(2) 
PARAMETRIC_REPRESENTATION_CONTEXT() REPRESENTATION_CONTEXT('2D SPACE',''
  ) );
#8054 = PCURVE('',#8055,#8060);
#8055 = PLANE('',#8056);
#8056 = AXIS2_PLACEMENT_3D('',#8057,#8058,#8059);
#8057 = CARTESIAN_POINT('',(137.7,850.,6.));
#8058 = DIRECTION('',(0.,0.,1.));
#8059 = DIRECTION('',(1.,0.,-0.));
#8060 = DEFINITIONAL_REPRESENTATION('',(#8061),#8065);
#8061 = CIRCLE('',#8062,8.);
#8062 = AXIS2_PLACEMENT_2D('',#8063,#8064);
#8063 = CARTESIAN_POINT('',(0.,0.));
#8064 = DIRECTION('',(1.,0.));
#8065 = ( GEOMETRIC_REPRESENTATION_CONTEXT(2) 
PARAMETRIC_REPRESENTATION_CONTEXT() REPRESENTATION_CONTEXT('2D SPACE',''
  ) );
#8066 = ORIENTED_EDGE('',*,*,#8017,.F.);
#8067 = ADVANCED_FACE('',(#8068),#2037,.F.);
#8068 = FACE_BOUND('',#8069,.T.);
#8069 = EDGE_LOOP('',(#8070,#8071,#8094,#8121));
#8070 = ORIENTED_EDGE('',*,*,#2016,.T.);
#8071 = ORIENTED_EDGE('',*,*,#8072,.T.);
#8072 = EDGE_CURVE('',#2017,#8073,#8075,.T.);
#8073 = VERTEX_POINT('',#8074);
#8074 = CARTESIAN_POINT('',(245.7,850.,6.));
#8075 = SEAM_CURVE('',#8076,(#8080,#8087),.PCURVE_S1.);
#8076 = LINE('',#8077,#8078);
#8077 = CARTESIAN_POINT('',(245.7,850.,-1.E-03));
#8078 = VECTOR('',#8079,1.);
#8079 = DIRECTION('',(0.,0.,1.));
#8080 = PCURVE('',#2037,#8081);
#8081 = DEFINITIONAL_REPRESENTATION('',(#8082),#8086);
#8082 = LINE('',#8083,#8084);
#8083 = CARTESIAN_POINT('',(-6.28318530718,0.));
#8084 = VECTOR('',#8085,1.);
#8085 = DIRECTION('',(-0.,-1.));
#8086 = ( GEOMETRIC_REPRESENTATION_CONTEXT(2) 
PARAMETRIC_REPRESENTATION_CONTEXT() REPRESENTATION_CONTEXT('2D SPACE',''
  ) );
#8087 = PCURVE('',#2037,#8088);
#8088 = DEFINITIONAL_REPRESENTATION('',(#8089),#8093);
#8089 = LINE('',#8090,#8091);
#8090 = CARTESIAN_POINT('',(-0.,0.));
#8091 = VECTOR('',#8092,1.);
#8092 = DIRECTION('',(-0.,-1.));
#8093 = ( GEOMETRIC_REPRESENTATION_CONTEXT(2) 
PARAMETRIC_REPRESENTATION_CONTEXT() REPRESENTATION_CONTEXT('2D SPACE',''
  ) );
#8094 = ORIENTED_EDGE('',*,*,#8095,.T.);
#8095 = EDGE_CURVE('',#8073,#8073,#8096,.T.);
#8096 = SURFACE_CURVE('',#8097,(#8102,#8109),.PCURVE_S1.);
#8097 = CIRCLE('',#8098,8.);
#8098 = AXIS2_PLACEMENT_3D('',#8099,#8100,#8101);
#8099 = CARTESIAN_POINT('',(237.7,850.,6.));
#8100 = DIRECTION('',(0.,0.,1.));
#8101 = DIRECTION('',(1.,0.,0.));
#8102 = PCURVE('',#2037,#8103);
#8103 = DEFINITIONAL_REPRESENTATION('',(#8104),#8108);
#8104 = LINE('',#8105,#8106);
#8105 = CARTESIAN_POINT('',(-0.,-6.001));
#8106 = VECTOR('',#8107,1.);
#8107 = DIRECTION('',(-1.,0.));
#8108 = ( GEOMETRIC_REPRESENTATION_CONTEXT(2) 
PARAMETRIC_REPRESENTATION_CONTEXT() REPRESENTATION_CONTEXT('2D SPACE',''
  ) );
#8109 = PCURVE('',#8110,#8115);
#8110 = PLANE('',#8111);
#8111 = AXIS2_PLACEMENT_3D('',#8112,#8113,#8114);
#8112 = CARTESIAN_POINT('',(237.7,850.,6.));
#8113 = DIRECTION('',(0.,0.,1.));
#8114 = DIRECTION('',(1.,0.,-0.));
#8115 = DEFINITIONAL_REPRESENTATION('',(#8116),#8120);
#8116 = CIRCLE('',#8117,8.);
#8117 = AXIS2_PLACEMENT_2D('',#8118,#8119);
#8118 = CARTESIAN_POINT('',(0.,0.));
#8119 = DIRECTION('',(1.,0.));
#8120 = ( GEOMETRIC_REPRESENTATION_CONTEXT(2) 
PARAMETRIC_REPRESENTATION_CONTEXT() REPRESENTATION_CONTEXT('2D SPACE',''
  ) );
#8121 = ORIENTED_EDGE('',*,*,#8072,.F.);
#8122 = ADVANCED_FACE('',(#8123),#2072,.F.);
#8123 = FACE_BOUND('',#8124,.T.);
#8124 = EDGE_LOOP('',(#8125,#8126,#8149,#8176));
#8125 = ORIENTED_EDGE('',*,*,#2051,.T.);
#8126 = ORIENTED_EDGE('',*,*,#8127,.T.);
#8127 = EDGE_CURVE('',#2052,#8128,#8130,.T.);
#8128 = VERTEX_POINT('',#8129);
#8129 = CARTESIAN_POINT('',(305.7,600.,6.));
#8130 = SEAM_CURVE('',#8131,(#8135,#8142),.PCURVE_S1.);
#8131 = LINE('',#8132,#8133);
#8132 = CARTESIAN_POINT('',(305.7,600.,-1.E-03));
#8133 = VECTOR('',#8134,1.);
#8134 = DIRECTION('',(0.,0.,1.));
#8135 = PCURVE('',#2072,#8136);
#8136 = DEFINITIONAL_REPRESENTATION('',(#8137),#8141);
#8137 = LINE('',#8138,#8139);
#8138 = CARTESIAN_POINT('',(-6.28318530718,0.));
#8139 = VECTOR('',#8140,1.);
#8140 = DIRECTION('',(-0.,-1.));
#8141 = ( GEOMETRIC_REPRESENTATION_CONTEXT(2) 
PARAMETRIC_REPRESENTATION_CONTEXT() REPRESENTATION_CONTEXT('2D SPACE',''
  ) );
#8142 = PCURVE('',#2072,#8143);
#8143 = DEFINITIONAL_REPRESENTATION('',(#8144),#8148);
#8144 = LINE('',#8145,#8146);
#8145 = CARTESIAN_POINT('',(-0.,0.));
#8146 = VECTOR('',#8147,1.);
#8147 = DIRECTION('',(-0.,-1.));
#8148 = ( GEOMETRIC_REPRESENTATION_CONTEXT(2) 
PARAMETRIC_REPRESENTATION_CONTEXT() REPRESENTATION_CONTEXT('2D SPACE',''
  ) );
#8149 = ORIENTED_EDGE('',*,*,#8150,.T.);
#8150 = EDGE_CURVE('',#8128,#8128,#8151,.T.);
#8151 = SURFACE_CURVE('',#8152,(#8157,#8164),.PCURVE_S1.);
#8152 = CIRCLE('',#8153,8.);
#8153 = AXIS2_PLACEMENT_3D('',#8154,#8155,#8156);
#8154 = CARTESIAN_POINT('',(297.7,600.,6.));
#8155 = DIRECTION('',(0.,0.,1.));
#8156 = DIRECTION('',(1.,0.,0.));
#8157 = PCURVE('',#2072,#8158);
#8158 = DEFINITIONAL_REPRESENTATION('',(#8159),#8163);
#8159 = LINE('',#8160,#8161);
#8160 = CARTESIAN_POINT('',(-0.,-6.001));
#8161 = VECTOR('',#8162,1.);
#8162 = DIRECTION('',(-1.,0.));
#8163 = ( GEOMETRIC_REPRESENTATION_CONTEXT(2) 
PARAMETRIC_REPRESENTATION_CONTEXT() REPRESENTATION_CONTEXT('2D SPACE',''
  ) );
#8164 = PCURVE('',#8165,#8170);
#8165 = PLANE('',#8166);
#8166 = AXIS2_PLACEMENT_3D('',#8167,#8168,#8169);
#8167 = CARTESIAN_POINT('',(297.7,600.,6.));
#8168 = DIRECTION('',(0.,0.,1.));
#8169 = DIRECTION('',(1.,0.,-0.));
#8170 = DEFINITIONAL_REPRESENTATION('',(#8171),#8175);
#8171 = CIRCLE('',#8172,8.);
#8172 = AXIS2_PLACEMENT_2D('',#8173,#8174);
#8173 = CARTESIAN_POINT('',(0.,0.));
#8174 = DIRECTION('',(1.,0.));
#8175 = ( GEOMETRIC_REPRESENTATION_CONTEXT(2) 
PARAMETRIC_REPRESENTATION_CONTEXT() REPRESENTATION_CONTEXT('2D SPACE',''
  ) );
#8176 = ORIENTED_EDGE('',*,*,#8127,.F.);
#8177 = ADVANCED_FACE('',(#8178),#2107,.F.);
#8178 = FACE_BOUND('',#8179,.T.);
#8179 = EDGE_LOOP('',(#8180,#8181,#8204,#8231));
#8180 = ORIENTED_EDGE('',*,*,#2086,.T.);
#8181 = ORIENTED_EDGE('',*,*,#8182,.T.);
#8182 = EDGE_CURVE('',#2087,#8183,#8185,.T.);
#8183 = VERTEX_POINT('',#8184);
#8184 = CARTESIAN_POINT('',(405.7,600.,6.));
#8185 = SEAM_CURVE('',#8186,(#8190,#8197),.PCURVE_S1.);
#8186 = LINE('',#8187,#8188);
#8187 = CARTESIAN_POINT('',(405.7,600.,-1.E-03));
#8188 = VECTOR('',#8189,1.);
#8189 = DIRECTION('',(0.,0.,1.));
#8190 = PCURVE('',#2107,#8191);
#8191 = DEFINITIONAL_REPRESENTATION('',(#8192),#8196);
#8192 = LINE('',#8193,#8194);
#8193 = CARTESIAN_POINT('',(-6.28318530718,0.));
#8194 = VECTOR('',#8195,1.);
#8195 = DIRECTION('',(-0.,-1.));
#8196 = ( GEOMETRIC_REPRESENTATION_CONTEXT(2) 
PARAMETRIC_REPRESENTATION_CONTEXT() REPRESENTATION_CONTEXT('2D SPACE',''
  ) );
#8197 = PCURVE('',#2107,#8198);
#8198 = DEFINITIONAL_REPRESENTATION('',(#8199),#8203);
#8199 = LINE('',#8200,#8201);
#8200 = CARTESIAN_POINT('',(-0.,0.));
#8201 = VECTOR('',#8202,1.);
#8202 = DIRECTION('',(-0.,-1.));
#8203 = ( GEOMETRIC_REPRESENTATION_CONTEXT(2) 
PARAMETRIC_REPRESENTATION_CONTEXT() REPRESENTATION_CONTEXT('2D SPACE',''
  ) );
#8204 = ORIENTED_EDGE('',*,*,#8205,.T.);
#8205 = EDGE_CURVE('',#8183,#8183,#8206,.T.);
#8206 = SURFACE_CURVE('',#8207,(#8212,#8219),.PCURVE_S1.);
#8207 = CIRCLE('',#8208,8.);
#8208 = AXIS2_PLACEMENT_3D('',#8209,#8210,#8211);
#8209 = CARTESIAN_POINT('',(397.7,600.,6.));
#8210 = DIRECTION('',(0.,0.,1.));
#8211 = DIRECTION('',(1.,0.,0.));
#8212 = PCURVE('',#2107,#8213);
#8213 = DEFINITIONAL_REPRESENTATION('',(#8214),#8218);
#8214 = LINE('',#8215,#8216);
#8215 = CARTESIAN_POINT('',(-0.,-6.001));
#8216 = VECTOR('',#8217,1.);
#8217 = DIRECTION('',(-1.,0.));
#8218 = ( GEOMETRIC_REPRESENTATION_CONTEXT(2) 
PARAMETRIC_REPRESENTATION_CONTEXT() REPRESENTATION_CONTEXT('2D SPACE',''
  ) );
#8219 = PCURVE('',#8220,#8225);
#8220 = PLANE('',#8221);
#8221 = AXIS2_PLACEMENT_3D('',#8222,#8223,#8224);
#8222 = CARTESIAN_POINT('',(397.7,600.,6.));
#8223 = DIRECTION('',(0.,0.,1.));
#8224 = DIRECTION('',(1.,0.,-0.));
#8225 = DEFINITIONAL_REPRESENTATION('',(#8226),#8230);
#8226 = CIRCLE('',#8227,8.);
#8227 = AXIS2_PLACEMENT_2D('',#8228,#8229);
#8228 = CARTESIAN_POINT('',(0.,0.));
#8229 = DIRECTION('',(1.,0.));
#8230 = ( GEOMETRIC_REPRESENTATION_CONTEXT(2) 
PARAMETRIC_REPRESENTATION_CONTEXT() REPRESENTATION_CONTEXT('2D SPACE',''
  ) );
#8231 = ORIENTED_EDGE('',*,*,#8182,.F.);
#8232 = ADVANCED_FACE('',(#8233),#2142,.F.);
#8233 = FACE_BOUND('',#8234,.T.);
#8234 = EDGE_LOOP('',(#8235,#8236,#8259,#8286));
#8235 = ORIENTED_EDGE('',*,*,#2121,.T.);
#8236 = ORIENTED_EDGE('',*,*,#8237,.T.);
#8237 = EDGE_CURVE('',#2122,#8238,#8240,.T.);
#8238 = VERTEX_POINT('',#8239);
#8239 = CARTESIAN_POINT('',(345.7,850.,6.));
#8240 = SEAM_CURVE('',#8241,(#8245,#8252),.PCURVE_S1.);
#8241 = LINE('',#8242,#8243);
#8242 = CARTESIAN_POINT('',(345.7,850.,-1.E-03));
#8243 = VECTOR('',#8244,1.);
#8244 = DIRECTION('',(0.,0.,1.));
#8245 = PCURVE('',#2142,#8246);
#8246 = DEFINITIONAL_REPRESENTATION('',(#8247),#8251);
#8247 = LINE('',#8248,#8249);
#8248 = CARTESIAN_POINT('',(-6.28318530718,0.));
#8249 = VECTOR('',#8250,1.);
#8250 = DIRECTION('',(-0.,-1.));
#8251 = ( GEOMETRIC_REPRESENTATION_CONTEXT(2) 
PARAMETRIC_REPRESENTATION_CONTEXT() REPRESENTATION_CONTEXT('2D SPACE',''
  ) );
#8252 = PCURVE('',#2142,#8253);
#8253 = DEFINITIONAL_REPRESENTATION('',(#8254),#8258);
#8254 = LINE('',#8255,#8256);
#8255 = CARTESIAN_POINT('',(-0.,0.));
#8256 = VECTOR('',#8257,1.);
#8257 = DIRECTION('',(-0.,-1.));
#8258 = ( GEOMETRIC_REPRESENTATION_CONTEXT(2) 
PARAMETRIC_REPRESENTATION_CONTEXT() REPRESENTATION_CONTEXT('2D SPACE',''
  ) );
#8259 = ORIENTED_EDGE('',*,*,#8260,.T.);
#8260 = EDGE_CURVE('',#8238,#8238,#8261,.T.);
#8261 = SURFACE_CURVE('',#8262,(#8267,#8274),.PCURVE_S1.);
#8262 = CIRCLE('',#8263,8.);
#8263 = AXIS2_PLACEMENT_3D('',#8264,#8265,#8266);
#8264 = CARTESIAN_POINT('',(337.7,850.,6.));
#8265 = DIRECTION('',(0.,0.,1.));
#8266 = DIRECTION('',(1.,0.,0.));
#8267 = PCURVE('',#2142,#8268);
#8268 = DEFINITIONAL_REPRESENTATION('',(#8269),#8273);
#8269 = LINE('',#8270,#8271);
#8270 = CARTESIAN_POINT('',(-0.,-6.001));
#8271 = VECTOR('',#8272,1.);
#8272 = DIRECTION('',(-1.,0.));
#8273 = ( GEOMETRIC_REPRESENTATION_CONTEXT(2) 
PARAMETRIC_REPRESENTATION_CONTEXT() REPRESENTATION_CONTEXT('2D SPACE',''
  ) );
#8274 = PCURVE('',#8275,#8280);
#8275 = PLANE('',#8276);
#8276 = AXIS2_PLACEMENT_3D('',#8277,#8278,#8279);
#8277 = CARTESIAN_POINT('',(337.7,850.,6.));
#8278 = DIRECTION('',(0.,0.,1.));
#8279 = DIRECTION('',(1.,0.,-0.));
#8280 = DEFINITIONAL_REPRESENTATION('',(#8281),#8285);
#8281 = CIRCLE('',#8282,8.);
#8282 = AXIS2_PLACEMENT_2D('',#8283,#8284);
#8283 = CARTESIAN_POINT('',(0.,0.));
#8284 = DIRECTION('',(1.,0.));
#8285 = ( GEOMETRIC_REPRESENTATION_CONTEXT(2) 
PARAMETRIC_REPRESENTATION_CONTEXT() REPRESENTATION_CONTEXT('2D SPACE',''
  ) );
#8286 = ORIENTED_EDGE('',*,*,#8237,.F.);
#8287 = ADVANCED_FACE('',(#8288),#2177,.F.);
#8288 = FACE_BOUND('',#8289,.T.);
#8289 = EDGE_LOOP('',(#8290,#8291,#8312,#8313));
#8290 = ORIENTED_EDGE('',*,*,#2156,.T.);
#8291 = ORIENTED_EDGE('',*,*,#8292,.T.);
#8292 = EDGE_CURVE('',#2157,#4728,#8293,.T.);
#8293 = SEAM_CURVE('',#8294,(#8298,#8305),.PCURVE_S1.);
#8294 = LINE('',#8295,#8296);
#8295 = CARTESIAN_POINT('',(377.05,798.5,-1.));
#8296 = VECTOR('',#8297,1.);
#8297 = DIRECTION('',(0.,0.,1.));
#8298 = PCURVE('',#2177,#8299);
#8299 = DEFINITIONAL_REPRESENTATION('',(#8300),#8304);
#8300 = LINE('',#8301,#8302);
#8301 = CARTESIAN_POINT('',(-6.28318530718,0.));
#8302 = VECTOR('',#8303,1.);
#8303 = DIRECTION('',(-0.,-1.));
#8304 = ( GEOMETRIC_REPRESENTATION_CONTEXT(2) 
PARAMETRIC_REPRESENTATION_CONTEXT() REPRESENTATION_CONTEXT('2D SPACE',''
  ) );
#8305 = PCURVE('',#2177,#8306);
#8306 = DEFINITIONAL_REPRESENTATION('',(#8307),#8311);
#8307 = LINE('',#8308,#8309);
#8308 = CARTESIAN_POINT('',(-0.,0.));
#8309 = VECTOR('',#8310,1.);
#8310 = DIRECTION('',(-0.,-1.));
#8311 = ( GEOMETRIC_REPRESENTATION_CONTEXT(2) 
PARAMETRIC_REPRESENTATION_CONTEXT() REPRESENTATION_CONTEXT('2D SPACE',''
  ) );
#8312 = ORIENTED_EDGE('',*,*,#4727,.F.);
#8313 = ORIENTED_EDGE('',*,*,#8292,.F.);
#8314 = ADVANCED_FACE('',(#8315),#2212,.F.);
#8315 = FACE_BOUND('',#8316,.T.);
#8316 = EDGE_LOOP('',(#8317,#8318,#8341,#8368));
#8317 = ORIENTED_EDGE('',*,*,#2191,.T.);
#8318 = ORIENTED_EDGE('',*,*,#8319,.T.);
#8319 = EDGE_CURVE('',#2192,#8320,#8322,.T.);
#8320 = VERTEX_POINT('',#8321);
#8321 = CARTESIAN_POINT('',(445.7,850.,6.));
#8322 = SEAM_CURVE('',#8323,(#8327,#8334),.PCURVE_S1.);
#8323 = LINE('',#8324,#8325);
#8324 = CARTESIAN_POINT('',(445.7,850.,-1.E-03));
#8325 = VECTOR('',#8326,1.);
#8326 = DIRECTION('',(0.,0.,1.));
#8327 = PCURVE('',#2212,#8328);
#8328 = DEFINITIONAL_REPRESENTATION('',(#8329),#8333);
#8329 = LINE('',#8330,#8331);
#8330 = CARTESIAN_POINT('',(-6.28318530718,0.));
#8331 = VECTOR('',#8332,1.);
#8332 = DIRECTION('',(-0.,-1.));
#8333 = ( GEOMETRIC_REPRESENTATION_CONTEXT(2) 
PARAMETRIC_REPRESENTATION_CONTEXT() REPRESENTATION_CONTEXT('2D SPACE',''
  ) );
#8334 = PCURVE('',#2212,#8335);
#8335 = DEFINITIONAL_REPRESENTATION('',(#8336),#8340);
#8336 = LINE('',#8337,#8338);
#8337 = CARTESIAN_POINT('',(-0.,0.));
#8338 = VECTOR('',#8339,1.);
#8339 = DIRECTION('',(-0.,-1.));
#8340 = ( GEOMETRIC_REPRESENTATION_CONTEXT(2) 
PARAMETRIC_REPRESENTATION_CONTEXT() REPRESENTATION_CONTEXT('2D SPACE',''
  ) );
#8341 = ORIENTED_EDGE('',*,*,#8342,.T.);
#8342 = EDGE_CURVE('',#8320,#8320,#8343,.T.);
#8343 = SURFACE_CURVE('',#8344,(#8349,#8356),.PCURVE_S1.);
#8344 = CIRCLE('',#8345,8.);
#8345 = AXIS2_PLACEMENT_3D('',#8346,#8347,#8348);
#8346 = CARTESIAN_POINT('',(437.7,850.,6.));
#8347 = DIRECTION('',(0.,0.,1.));
#8348 = DIRECTION('',(1.,0.,0.));
#8349 = PCURVE('',#2212,#8350);
#8350 = DEFINITIONAL_REPRESENTATION('',(#8351),#8355);
#8351 = LINE('',#8352,#8353);
#8352 = CARTESIAN_POINT('',(-0.,-6.001));
#8353 = VECTOR('',#8354,1.);
#8354 = DIRECTION('',(-1.,0.));
#8355 = ( GEOMETRIC_REPRESENTATION_CONTEXT(2) 
PARAMETRIC_REPRESENTATION_CONTEXT() REPRESENTATION_CONTEXT('2D SPACE',''
  ) );
#8356 = PCURVE('',#8357,#8362);
#8357 = PLANE('',#8358);
#8358 = AXIS2_PLACEMENT_3D('',#8359,#8360,#8361);
#8359 = CARTESIAN_POINT('',(437.7,850.,6.));
#8360 = DIRECTION('',(0.,0.,1.));
#8361 = DIRECTION('',(1.,0.,-0.));
#8362 = DEFINITIONAL_REPRESENTATION('',(#8363),#8367);
#8363 = CIRCLE('',#8364,8.);
#8364 = AXIS2_PLACEMENT_2D('',#8365,#8366);
#8365 = CARTESIAN_POINT('',(0.,0.));
#8366 = DIRECTION('',(1.,0.));
#8367 = ( GEOMETRIC_REPRESENTATION_CONTEXT(2) 
PARAMETRIC_REPRESENTATION_CONTEXT() REPRESENTATION_CONTEXT('2D SPACE',''
  ) );
#8368 = ORIENTED_EDGE('',*,*,#8319,.F.);
#8369 = ADVANCED_FACE('',(#8370),#2247,.F.);
#8370 = FACE_BOUND('',#8371,.T.);
#8371 = EDGE_LOOP('',(#8372,#8373,#8396,#8423));
#8372 = ORIENTED_EDGE('',*,*,#2226,.T.);
#8373 = ORIENTED_EDGE('',*,*,#8374,.T.);
#8374 = EDGE_CURVE('',#2227,#8375,#8377,.T.);
#8375 = VERTEX_POINT('',#8376);
#8376 = CARTESIAN_POINT('',(105.7,1.1E+03,6.));
#8377 = SEAM_CURVE('',#8378,(#8382,#8389),.PCURVE_S1.);
#8378 = LINE('',#8379,#8380);
#8379 = CARTESIAN_POINT('',(105.7,1.1E+03,-1.E-03));
#8380 = VECTOR('',#8381,1.);
#8381 = DIRECTION('',(0.,0.,1.));
#8382 = PCURVE('',#2247,#8383);
#8383 = DEFINITIONAL_REPRESENTATION('',(#8384),#8388);
#8384 = LINE('',#8385,#8386);
#8385 = CARTESIAN_POINT('',(-6.28318530718,0.));
#8386 = VECTOR('',#8387,1.);
#8387 = DIRECTION('',(-0.,-1.));
#8388 = ( GEOMETRIC_REPRESENTATION_CONTEXT(2) 
PARAMETRIC_REPRESENTATION_CONTEXT() REPRESENTATION_CONTEXT('2D SPACE',''
  ) );
#8389 = PCURVE('',#2247,#8390);
#8390 = DEFINITIONAL_REPRESENTATION('',(#8391),#8395);
#8391 = LINE('',#8392,#8393);
#8392 = CARTESIAN_POINT('',(-0.,0.));
#8393 = VECTOR('',#8394,1.);
#8394 = DIRECTION('',(-0.,-1.));
#8395 = ( GEOMETRIC_REPRESENTATION_CONTEXT(2) 
PARAMETRIC_REPRESENTATION_CONTEXT() REPRESENTATION_CONTEXT('2D SPACE',''
  ) );
#8396 = ORIENTED_EDGE('',*,*,#8397,.T.);
#8397 = EDGE_CURVE('',#8375,#8375,#8398,.T.);
#8398 = SURFACE_CURVE('',#8399,(#8404,#8411),.PCURVE_S1.);
#8399 = CIRCLE('',#8400,8.);
#8400 = AXIS2_PLACEMENT_3D('',#8401,#8402,#8403);
#8401 = CARTESIAN_POINT('',(97.7,1.1E+03,6.));
#8402 = DIRECTION('',(0.,0.,1.));
#8403 = DIRECTION('',(1.,0.,0.));
#8404 = PCURVE('',#2247,#8405);
#8405 = DEFINITIONAL_REPRESENTATION('',(#8406),#8410);
#8406 = LINE('',#8407,#8408);
#8407 = CARTESIAN_POINT('',(-0.,-6.001));
#8408 = VECTOR('',#8409,1.);
#8409 = DIRECTION('',(-1.,0.));
#8410 = ( GEOMETRIC_REPRESENTATION_CONTEXT(2) 
PARAMETRIC_REPRESENTATION_CONTEXT() REPRESENTATION_CONTEXT('2D SPACE',''
  ) );
#8411 = PCURVE('',#8412,#8417);
#8412 = PLANE('',#8413);
#8413 = AXIS2_PLACEMENT_3D('',#8414,#8415,#8416);
#8414 = CARTESIAN_POINT('',(97.7,1.1E+03,6.));
#8415 = DIRECTION('',(0.,0.,1.));
#8416 = DIRECTION('',(1.,0.,-0.));
#8417 = DEFINITIONAL_REPRESENTATION('',(#8418),#8422);
#8418 = CIRCLE('',#8419,8.);
#8419 = AXIS2_PLACEMENT_2D('',#8420,#8421);
#8420 = CARTESIAN_POINT('',(0.,0.));
#8421 = DIRECTION('',(1.,0.));
#8422 = ( GEOMETRIC_REPRESENTATION_CONTEXT(2) 
PARAMETRIC_REPRESENTATION_CONTEXT() REPRESENTATION_CONTEXT('2D SPACE',''
  ) );
#8423 = ORIENTED_EDGE('',*,*,#8374,.F.);
#8424 = ADVANCED_FACE('',(#8425),#2282,.F.);
#8425 = FACE_BOUND('',#8426,.T.);
#8426 = EDGE_LOOP('',(#8427,#8428,#8449,#8450));
#8427 = ORIENTED_EDGE('',*,*,#2261,.T.);
#8428 = ORIENTED_EDGE('',*,*,#8429,.T.);
#8429 = EDGE_CURVE('',#2262,#4828,#8430,.T.);
#8430 = SEAM_CURVE('',#8431,(#8435,#8442),.PCURVE_S1.);
#8431 = LINE('',#8432,#8433);
#8432 = CARTESIAN_POINT('',(117.05,1.1875E+03,-1.));
#8433 = VECTOR('',#8434,1.);
#8434 = DIRECTION('',(0.,0.,1.));
#8435 = PCURVE('',#2282,#8436);
#8436 = DEFINITIONAL_REPRESENTATION('',(#8437),#8441);
#8437 = LINE('',#8438,#8439);
#8438 = CARTESIAN_POINT('',(-6.28318530718,0.));
#8439 = VECTOR('',#8440,1.);
#8440 = DIRECTION('',(-0.,-1.));
#8441 = ( GEOMETRIC_REPRESENTATION_CONTEXT(2) 
PARAMETRIC_REPRESENTATION_CONTEXT() REPRESENTATION_CONTEXT('2D SPACE',''
  ) );
#8442 = PCURVE('',#2282,#8443);
#8443 = DEFINITIONAL_REPRESENTATION('',(#8444),#8448);
#8444 = LINE('',#8445,#8446);
#8445 = CARTESIAN_POINT('',(-0.,0.));
#8446 = VECTOR('',#8447,1.);
#8447 = DIRECTION('',(-0.,-1.));
#8448 = ( GEOMETRIC_REPRESENTATION_CONTEXT(2) 
PARAMETRIC_REPRESENTATION_CONTEXT() REPRESENTATION_CONTEXT('2D SPACE',''
  ) );
#8449 = ORIENTED_EDGE('',*,*,#4827,.F.);
#8450 = ORIENTED_EDGE('',*,*,#8429,.F.);
#8451 = ADVANCED_FACE('',(#8452),#2317,.F.);
#8452 = FACE_BOUND('',#8453,.T.);
#8453 = EDGE_LOOP('',(#8454,#8455,#8478,#8505));
#8454 = ORIENTED_EDGE('',*,*,#2296,.T.);
#8455 = ORIENTED_EDGE('',*,*,#8456,.T.);
#8456 = EDGE_CURVE('',#2297,#8457,#8459,.T.);
#8457 = VERTEX_POINT('',#8458);
#8458 = CARTESIAN_POINT('',(205.7,1.1E+03,6.));
#8459 = SEAM_CURVE('',#8460,(#8464,#8471),.PCURVE_S1.);
#8460 = LINE('',#8461,#8462);
#8461 = CARTESIAN_POINT('',(205.7,1.1E+03,-1.E-03));
#8462 = VECTOR('',#8463,1.);
#8463 = DIRECTION('',(0.,0.,1.));
#8464 = PCURVE('',#2317,#8465);
#8465 = DEFINITIONAL_REPRESENTATION('',(#8466),#8470);
#8466 = LINE('',#8467,#8468);
#8467 = CARTESIAN_POINT('',(-6.28318530718,0.));
#8468 = VECTOR('',#8469,1.);
#8469 = DIRECTION('',(-0.,-1.));
#8470 = ( GEOMETRIC_REPRESENTATION_CONTEXT(2) 
PARAMETRIC_REPRESENTATION_CONTEXT() REPRESENTATION_CONTEXT('2D SPACE',''
  ) );
#8471 = PCURVE('',#2317,#8472);
#8472 = DEFINITIONAL_REPRESENTATION('',(#8473),#8477);
#8473 = LINE('',#8474,#8475);
#8474 = CARTESIAN_POINT('',(-0.,0.));
#8475 = VECTOR('',#8476,1.);
#8476 = DIRECTION('',(-0.,-1.));
#8477 = ( GEOMETRIC_REPRESENTATION_CONTEXT(2) 
PARAMETRIC_REPRESENTATION_CONTEXT() REPRESENTATION_CONTEXT('2D SPACE',''
  ) );
#8478 = ORIENTED_EDGE('',*,*,#8479,.T.);
#8479 = EDGE_CURVE('',#8457,#8457,#8480,.T.);
#8480 = SURFACE_CURVE('',#8481,(#8486,#8493),.PCURVE_S1.);
#8481 = CIRCLE('',#8482,8.);
#8482 = AXIS2_PLACEMENT_3D('',#8483,#8484,#8485);
#8483 = CARTESIAN_POINT('',(197.7,1.1E+03,6.));
#8484 = DIRECTION('',(0.,0.,1.));
#8485 = DIRECTION('',(1.,0.,0.));
#8486 = PCURVE('',#2317,#8487);
#8487 = DEFINITIONAL_REPRESENTATION('',(#8488),#8492);
#8488 = LINE('',#8489,#8490);
#8489 = CARTESIAN_POINT('',(-0.,-6.001));
#8490 = VECTOR('',#8491,1.);
#8491 = DIRECTION('',(-1.,0.));
#8492 = ( GEOMETRIC_REPRESENTATION_CONTEXT(2) 
PARAMETRIC_REPRESENTATION_CONTEXT() REPRESENTATION_CONTEXT('2D SPACE',''
  ) );
#8493 = PCURVE('',#8494,#8499);
#8494 = PLANE('',#8495);
#8495 = AXIS2_PLACEMENT_3D('',#8496,#8497,#8498);
#8496 = CARTESIAN_POINT('',(197.7,1.1E+03,6.));
#8497 = DIRECTION('',(0.,0.,1.));
#8498 = DIRECTION('',(1.,0.,-0.));
#8499 = DEFINITIONAL_REPRESENTATION('',(#8500),#8504);
#8500 = CIRCLE('',#8501,8.);
#8501 = AXIS2_PLACEMENT_2D('',#8502,#8503);
#8502 = CARTESIAN_POINT('',(0.,0.));
#8503 = DIRECTION('',(1.,0.));
#8504 = ( GEOMETRIC_REPRESENTATION_CONTEXT(2) 
PARAMETRIC_REPRESENTATION_CONTEXT() REPRESENTATION_CONTEXT('2D SPACE',''
  ) );
#8505 = ORIENTED_EDGE('',*,*,#8456,.F.);
#8506 = ADVANCED_FACE('',(#8507),#2352,.F.);
#8507 = FACE_BOUND('',#8508,.T.);
#8508 = EDGE_LOOP('',(#8509,#8510,#8533,#8560));
#8509 = ORIENTED_EDGE('',*,*,#2331,.T.);
#8510 = ORIENTED_EDGE('',*,*,#8511,.T.);
#8511 = EDGE_CURVE('',#2332,#8512,#8514,.T.);
#8512 = VERTEX_POINT('',#8513);
#8513 = CARTESIAN_POINT('',(305.7,1.1E+03,6.));
#8514 = SEAM_CURVE('',#8515,(#8519,#8526),.PCURVE_S1.);
#8515 = LINE('',#8516,#8517);
#8516 = CARTESIAN_POINT('',(305.7,1.1E+03,-1.E-03));
#8517 = VECTOR('',#8518,1.);
#8518 = DIRECTION('',(0.,0.,1.));
#8519 = PCURVE('',#2352,#8520);
#8520 = DEFINITIONAL_REPRESENTATION('',(#8521),#8525);
#8521 = LINE('',#8522,#8523);
#8522 = CARTESIAN_POINT('',(-6.28318530718,0.));
#8523 = VECTOR('',#8524,1.);
#8524 = DIRECTION('',(-0.,-1.));
#8525 = ( GEOMETRIC_REPRESENTATION_CONTEXT(2) 
PARAMETRIC_REPRESENTATION_CONTEXT() REPRESENTATION_CONTEXT('2D SPACE',''
  ) );
#8526 = PCURVE('',#2352,#8527);
#8527 = DEFINITIONAL_REPRESENTATION('',(#8528),#8532);
#8528 = LINE('',#8529,#8530);
#8529 = CARTESIAN_POINT('',(-0.,0.));
#8530 = VECTOR('',#8531,1.);
#8531 = DIRECTION('',(-0.,-1.));
#8532 = ( GEOMETRIC_REPRESENTATION_CONTEXT(2) 
PARAMETRIC_REPRESENTATION_CONTEXT() REPRESENTATION_CONTEXT('2D SPACE',''
  ) );
#8533 = ORIENTED_EDGE('',*,*,#8534,.T.);
#8534 = EDGE_CURVE('',#8512,#8512,#8535,.T.);
#8535 = SURFACE_CURVE('',#8536,(#8541,#8548),.PCURVE_S1.);
#8536 = CIRCLE('',#8537,8.);
#8537 = AXIS2_PLACEMENT_3D('',#8538,#8539,#8540);
#8538 = CARTESIAN_POINT('',(297.7,1.1E+03,6.));
#8539 = DIRECTION('',(0.,0.,1.));
#8540 = DIRECTION('',(1.,0.,0.));
#8541 = PCURVE('',#2352,#8542);
#8542 = DEFINITIONAL_REPRESENTATION('',(#8543),#8547);
#8543 = LINE('',#8544,#8545);
#8544 = CARTESIAN_POINT('',(-0.,-6.001));
#8545 = VECTOR('',#8546,1.);
#8546 = DIRECTION('',(-1.,0.));
#8547 = ( GEOMETRIC_REPRESENTATION_CONTEXT(2) 
PARAMETRIC_REPRESENTATION_CONTEXT() REPRESENTATION_CONTEXT('2D SPACE',''
  ) );
#8548 = PCURVE('',#8549,#8554);
#8549 = PLANE('',#8550);
#8550 = AXIS2_PLACEMENT_3D('',#8551,#8552,#8553);
#8551 = CARTESIAN_POINT('',(297.7,1.1E+03,6.));
#8552 = DIRECTION('',(0.,0.,1.));
#8553 = DIRECTION('',(1.,0.,-0.));
#8554 = DEFINITIONAL_REPRESENTATION('',(#8555),#8559);
#8555 = CIRCLE('',#8556,8.);
#8556 = AXIS2_PLACEMENT_2D('',#8557,#8558);
#8557 = CARTESIAN_POINT('',(0.,0.));
#8558 = DIRECTION('',(1.,0.));
#8559 = ( GEOMETRIC_REPRESENTATION_CONTEXT(2) 
PARAMETRIC_REPRESENTATION_CONTEXT() REPRESENTATION_CONTEXT('2D SPACE',''
  ) );
#8560 = ORIENTED_EDGE('',*,*,#8511,.F.);
#8561 = ADVANCED_FACE('',(#8562),#2387,.F.);
#8562 = FACE_BOUND('',#8563,.T.);
#8563 = EDGE_LOOP('',(#8564,#8565,#8588,#8615));
#8564 = ORIENTED_EDGE('',*,*,#2366,.T.);
#8565 = ORIENTED_EDGE('',*,*,#8566,.T.);
#8566 = EDGE_CURVE('',#2367,#8567,#8569,.T.);
#8567 = VERTEX_POINT('',#8568);
#8568 = CARTESIAN_POINT('',(405.7,1.1E+03,6.));
#8569 = SEAM_CURVE('',#8570,(#8574,#8581),.PCURVE_S1.);
#8570 = LINE('',#8571,#8572);
#8571 = CARTESIAN_POINT('',(405.7,1.1E+03,-1.E-03));
#8572 = VECTOR('',#8573,1.);
#8573 = DIRECTION('',(0.,0.,1.));
#8574 = PCURVE('',#2387,#8575);
#8575 = DEFINITIONAL_REPRESENTATION('',(#8576),#8580);
#8576 = LINE('',#8577,#8578);
#8577 = CARTESIAN_POINT('',(-6.28318530718,0.));
#8578 = VECTOR('',#8579,1.);
#8579 = DIRECTION('',(-0.,-1.));
#8580 = ( GEOMETRIC_REPRESENTATION_CONTEXT(2) 
PARAMETRIC_REPRESENTATION_CONTEXT() REPRESENTATION_CONTEXT('2D SPACE',''
  ) );
#8581 = PCURVE('',#2387,#8582);
#8582 = DEFINITIONAL_REPRESENTATION('',(#8583),#8587);
#8583 = LINE('',#8584,#8585);
#8584 = CARTESIAN_POINT('',(-0.,0.));
#8585 = VECTOR('',#8586,1.);
#8586 = DIRECTION('',(-0.,-1.));
#8587 = ( GEOMETRIC_REPRESENTATION_CONTEXT(2) 
PARAMETRIC_REPRESENTATION_CONTEXT() REPRESENTATION_CONTEXT('2D SPACE',''
  ) );
#8588 = ORIENTED_EDGE('',*,*,#8589,.T.);
#8589 = EDGE_CURVE('',#8567,#8567,#8590,.T.);
#8590 = SURFACE_CURVE('',#8591,(#8596,#8603),.PCURVE_S1.);
#8591 = CIRCLE('',#8592,8.);
#8592 = AXIS2_PLACEMENT_3D('',#8593,#8594,#8595);
#8593 = CARTESIAN_POINT('',(397.7,1.1E+03,6.));
#8594 = DIRECTION('',(0.,0.,1.));
#8595 = DIRECTION('',(1.,0.,0.));
#8596 = PCURVE('',#2387,#8597);
#8597 = DEFINITIONAL_REPRESENTATION('',(#8598),#8602);
#8598 = LINE('',#8599,#8600);
#8599 = CARTESIAN_POINT('',(-0.,-6.001));
#8600 = VECTOR('',#8601,1.);
#8601 = DIRECTION('',(-1.,0.));
#8602 = ( GEOMETRIC_REPRESENTATION_CONTEXT(2) 
PARAMETRIC_REPRESENTATION_CONTEXT() REPRESENTATION_CONTEXT('2D SPACE',''
  ) );
#8603 = PCURVE('',#8604,#8609);
#8604 = PLANE('',#8605);
#8605 = AXIS2_PLACEMENT_3D('',#8606,#8607,#8608);
#8606 = CARTESIAN_POINT('',(397.7,1.1E+03,6.));
#8607 = DIRECTION('',(0.,0.,1.));
#8608 = DIRECTION('',(1.,0.,-0.));
#8609 = DEFINITIONAL_REPRESENTATION('',(#8610),#8614);
#8610 = CIRCLE('',#8611,8.);
#8611 = AXIS2_PLACEMENT_2D('',#8612,#8613);
#8612 = CARTESIAN_POINT('',(0.,0.));
#8613 = DIRECTION('',(1.,0.));
#8614 = ( GEOMETRIC_REPRESENTATION_CONTEXT(2) 
PARAMETRIC_REPRESENTATION_CONTEXT() REPRESENTATION_CONTEXT('2D SPACE',''
  ) );
#8615 = ORIENTED_EDGE('',*,*,#8566,.F.);
#8616 = ADVANCED_FACE('',(#8617),#2422,.F.);
#8617 = FACE_BOUND('',#8618,.T.);
#8618 = EDGE_LOOP('',(#8619,#8620,#8641,#8642));
#8619 = ORIENTED_EDGE('',*,*,#2401,.T.);
#8620 = ORIENTED_EDGE('',*,*,#8621,.T.);
#8621 = EDGE_CURVE('',#2402,#4963,#8622,.T.);
#8622 = SEAM_CURVE('',#8623,(#8627,#8634),.PCURVE_S1.);
#8623 = LINE('',#8624,#8625);
#8624 = CARTESIAN_POINT('',(377.05,1.1875E+03,-1.));
#8625 = VECTOR('',#8626,1.);
#8626 = DIRECTION('',(0.,0.,1.));
#8627 = PCURVE('',#2422,#8628);
#8628 = DEFINITIONAL_REPRESENTATION('',(#8629),#8633);
#8629 = LINE('',#8630,#8631);
#8630 = CARTESIAN_POINT('',(-6.28318530718,0.));
#8631 = VECTOR('',#8632,1.);
#8632 = DIRECTION('',(-0.,-1.));
#8633 = ( GEOMETRIC_REPRESENTATION_CONTEXT(2) 
PARAMETRIC_REPRESENTATION_CONTEXT() REPRESENTATION_CONTEXT('2D SPACE',''
  ) );
#8634 = PCURVE('',#2422,#8635);
#8635 = DEFINITIONAL_REPRESENTATION('',(#8636),#8640);
#8636 = LINE('',#8637,#8638);
#8637 = CARTESIAN_POINT('',(-0.,0.));
#8638 = VECTOR('',#8639,1.);
#8639 = DIRECTION('',(-0.,-1.));
#8640 = ( GEOMETRIC_REPRESENTATION_CONTEXT(2) 
PARAMETRIC_REPRESENTATION_CONTEXT() REPRESENTATION_CONTEXT('2D SPACE',''
  ) );
#8641 = ORIENTED_EDGE('',*,*,#4962,.F.);
#8642 = ORIENTED_EDGE('',*,*,#8621,.F.);
#8643 = ADVANCED_FACE('',(#8644),#2457,.F.);
#8644 = FACE_BOUND('',#8645,.T.);
#8645 = EDGE_LOOP('',(#8646,#8647,#8670,#8697));
#8646 = ORIENTED_EDGE('',*,*,#2436,.T.);
#8647 = ORIENTED_EDGE('',*,*,#8648,.T.);
#8648 = EDGE_CURVE('',#2437,#8649,#8651,.T.);
#8649 = VERTEX_POINT('',#8650);
#8650 = CARTESIAN_POINT('',(505.7,600.,6.));
#8651 = SEAM_CURVE('',#8652,(#8656,#8663),.PCURVE_S1.);
#8652 = LINE('',#8653,#8654);
#8653 = CARTESIAN_POINT('',(505.7,600.,-1.E-03));
#8654 = VECTOR('',#8655,1.);
#8655 = DIRECTION('',(0.,0.,1.));
#8656 = PCURVE('',#2457,#8657);
#8657 = DEFINITIONAL_REPRESENTATION('',(#8658),#8662);
#8658 = LINE('',#8659,#8660);
#8659 = CARTESIAN_POINT('',(-6.28318530718,0.));
#8660 = VECTOR('',#8661,1.);
#8661 = DIRECTION('',(-0.,-1.));
#8662 = ( GEOMETRIC_REPRESENTATION_CONTEXT(2) 
PARAMETRIC_REPRESENTATION_CONTEXT() REPRESENTATION_CONTEXT('2D SPACE',''
  ) );
#8663 = PCURVE('',#2457,#8664);
#8664 = DEFINITIONAL_REPRESENTATION('',(#8665),#8669);
#8665 = LINE('',#8666,#8667);
#8666 = CARTESIAN_POINT('',(-0.,0.));
#8667 = VECTOR('',#8668,1.);
#8668 = DIRECTION('',(-0.,-1.));
#8669 = ( GEOMETRIC_REPRESENTATION_CONTEXT(2) 
PARAMETRIC_REPRESENTATION_CONTEXT() REPRESENTATION_CONTEXT('2D SPACE',''
  ) );
#8670 = ORIENTED_EDGE('',*,*,#8671,.T.);
#8671 = EDGE_CURVE('',#8649,#8649,#8672,.T.);
#8672 = SURFACE_CURVE('',#8673,(#8678,#8685),.PCURVE_S1.);
#8673 = CIRCLE('',#8674,8.);
#8674 = AXIS2_PLACEMENT_3D('',#8675,#8676,#8677);
#8675 = CARTESIAN_POINT('',(497.7,600.,6.));
#8676 = DIRECTION('',(0.,0.,1.));
#8677 = DIRECTION('',(1.,0.,0.));
#8678 = PCURVE('',#2457,#8679);
#8679 = DEFINITIONAL_REPRESENTATION('',(#8680),#8684);
#8680 = LINE('',#8681,#8682);
#8681 = CARTESIAN_POINT('',(-0.,-6.001));
#8682 = VECTOR('',#8683,1.);
#8683 = DIRECTION('',(-1.,0.));
#8684 = ( GEOMETRIC_REPRESENTATION_CONTEXT(2) 
PARAMETRIC_REPRESENTATION_CONTEXT() REPRESENTATION_CONTEXT('2D SPACE',''
  ) );
#8685 = PCURVE('',#8686,#8691);
#8686 = PLANE('',#8687);
#8687 = AXIS2_PLACEMENT_3D('',#8688,#8689,#8690);
#8688 = CARTESIAN_POINT('',(497.7,600.,6.));
#8689 = DIRECTION('',(0.,0.,1.));
#8690 = DIRECTION('',(1.,0.,-0.));
#8691 = DEFINITIONAL_REPRESENTATION('',(#8692),#8696);
#8692 = CIRCLE('',#8693,8.);
#8693 = AXIS2_PLACEMENT_2D('',#8694,#8695);
#8694 = CARTESIAN_POINT('',(0.,0.));
#8695 = DIRECTION('',(1.,0.));
#8696 = ( GEOMETRIC_REPRESENTATION_CONTEXT(2) 
PARAMETRIC_REPRESENTATION_CONTEXT() REPRESENTATION_CONTEXT('2D SPACE',''
  ) );
#8697 = ORIENTED_EDGE('',*,*,#8648,.F.);
#8698 = ADVANCED_FACE('',(#8699),#2492,.F.);
#8699 = FACE_BOUND('',#8700,.T.);
#8700 = EDGE_LOOP('',(#8701,#8702,#8725,#8752));
#8701 = ORIENTED_EDGE('',*,*,#2471,.T.);
#8702 = ORIENTED_EDGE('',*,*,#8703,.T.);
#8703 = EDGE_CURVE('',#2472,#8704,#8706,.T.);
#8704 = VERTEX_POINT('',#8705);
#8705 = CARTESIAN_POINT('',(605.7,600.,6.));
#8706 = SEAM_CURVE('',#8707,(#8711,#8718),.PCURVE_S1.);
#8707 = LINE('',#8708,#8709);
#8708 = CARTESIAN_POINT('',(605.7,600.,-1.E-03));
#8709 = VECTOR('',#8710,1.);
#8710 = DIRECTION('',(0.,0.,1.));
#8711 = PCURVE('',#2492,#8712);
#8712 = DEFINITIONAL_REPRESENTATION('',(#8713),#8717);
#8713 = LINE('',#8714,#8715);
#8714 = CARTESIAN_POINT('',(-6.28318530718,0.));
#8715 = VECTOR('',#8716,1.);
#8716 = DIRECTION('',(-0.,-1.));
#8717 = ( GEOMETRIC_REPRESENTATION_CONTEXT(2) 
PARAMETRIC_REPRESENTATION_CONTEXT() REPRESENTATION_CONTEXT('2D SPACE',''
  ) );
#8718 = PCURVE('',#2492,#8719);
#8719 = DEFINITIONAL_REPRESENTATION('',(#8720),#8724);
#8720 = LINE('',#8721,#8722);
#8721 = CARTESIAN_POINT('',(-0.,0.));
#8722 = VECTOR('',#8723,1.);
#8723 = DIRECTION('',(-0.,-1.));
#8724 = ( GEOMETRIC_REPRESENTATION_CONTEXT(2) 
PARAMETRIC_REPRESENTATION_CONTEXT() REPRESENTATION_CONTEXT('2D SPACE',''
  ) );
#8725 = ORIENTED_EDGE('',*,*,#8726,.T.);
#8726 = EDGE_CURVE('',#8704,#8704,#8727,.T.);
#8727 = SURFACE_CURVE('',#8728,(#8733,#8740),.PCURVE_S1.);
#8728 = CIRCLE('',#8729,8.);
#8729 = AXIS2_PLACEMENT_3D('',#8730,#8731,#8732);
#8730 = CARTESIAN_POINT('',(597.7,600.,6.));
#8731 = DIRECTION('',(0.,0.,1.));
#8732 = DIRECTION('',(1.,0.,0.));
#8733 = PCURVE('',#2492,#8734);
#8734 = DEFINITIONAL_REPRESENTATION('',(#8735),#8739);
#8735 = LINE('',#8736,#8737);
#8736 = CARTESIAN_POINT('',(-0.,-6.001));
#8737 = VECTOR('',#8738,1.);
#8738 = DIRECTION('',(-1.,0.));
#8739 = ( GEOMETRIC_REPRESENTATION_CONTEXT(2) 
PARAMETRIC_REPRESENTATION_CONTEXT() REPRESENTATION_CONTEXT('2D SPACE',''
  ) );
#8740 = PCURVE('',#8741,#8746);
#8741 = PLANE('',#8742);
#8742 = AXIS2_PLACEMENT_3D('',#8743,#8744,#8745);
#8743 = CARTESIAN_POINT('',(597.7,600.,6.));
#8744 = DIRECTION('',(0.,0.,1.));
#8745 = DIRECTION('',(1.,0.,-0.));
#8746 = DEFINITIONAL_REPRESENTATION('',(#8747),#8751);
#8747 = CIRCLE('',#8748,8.);
#8748 = AXIS2_PLACEMENT_2D('',#8749,#8750);
#8749 = CARTESIAN_POINT('',(0.,0.));
#8750 = DIRECTION('',(1.,0.));
#8751 = ( GEOMETRIC_REPRESENTATION_CONTEXT(2) 
PARAMETRIC_REPRESENTATION_CONTEXT() REPRESENTATION_CONTEXT('2D SPACE',''
  ) );
#8752 = ORIENTED_EDGE('',*,*,#8703,.F.);
#8753 = ADVANCED_FACE('',(#8754),#2527,.F.);
#8754 = FACE_BOUND('',#8755,.T.);
#8755 = EDGE_LOOP('',(#8756,#8757,#8780,#8807));
#8756 = ORIENTED_EDGE('',*,*,#2506,.T.);
#8757 = ORIENTED_EDGE('',*,*,#8758,.T.);
#8758 = EDGE_CURVE('',#2507,#8759,#8761,.T.);
#8759 = VERTEX_POINT('',#8760);
#8760 = CARTESIAN_POINT('',(545.7,850.,6.));
#8761 = SEAM_CURVE('',#8762,(#8766,#8773),.PCURVE_S1.);
#8762 = LINE('',#8763,#8764);
#8763 = CARTESIAN_POINT('',(545.7,850.,-1.E-03));
#8764 = VECTOR('',#8765,1.);
#8765 = DIRECTION('',(0.,0.,1.));
#8766 = PCURVE('',#2527,#8767);
#8767 = DEFINITIONAL_REPRESENTATION('',(#8768),#8772);
#8768 = LINE('',#8769,#8770);
#8769 = CARTESIAN_POINT('',(-6.28318530718,0.));
#8770 = VECTOR('',#8771,1.);
#8771 = DIRECTION('',(-0.,-1.));
#8772 = ( GEOMETRIC_REPRESENTATION_CONTEXT(2) 
PARAMETRIC_REPRESENTATION_CONTEXT() REPRESENTATION_CONTEXT('2D SPACE',''
  ) );
#8773 = PCURVE('',#2527,#8774);
#8774 = DEFINITIONAL_REPRESENTATION('',(#8775),#8779);
#8775 = LINE('',#8776,#8777);
#8776 = CARTESIAN_POINT('',(-0.,0.));
#8777 = VECTOR('',#8778,1.);
#8778 = DIRECTION('',(-0.,-1.));
#8779 = ( GEOMETRIC_REPRESENTATION_CONTEXT(2) 
PARAMETRIC_REPRESENTATION_CONTEXT() REPRESENTATION_CONTEXT('2D SPACE',''
  ) );
#8780 = ORIENTED_EDGE('',*,*,#8781,.T.);
#8781 = EDGE_CURVE('',#8759,#8759,#8782,.T.);
#8782 = SURFACE_CURVE('',#8783,(#8788,#8795),.PCURVE_S1.);
#8783 = CIRCLE('',#8784,8.);
#8784 = AXIS2_PLACEMENT_3D('',#8785,#8786,#8787);
#8785 = CARTESIAN_POINT('',(537.7,850.,6.));
#8786 = DIRECTION('',(0.,0.,1.));
#8787 = DIRECTION('',(1.,0.,0.));
#8788 = PCURVE('',#2527,#8789);
#8789 = DEFINITIONAL_REPRESENTATION('',(#8790),#8794);
#8790 = LINE('',#8791,#8792);
#8791 = CARTESIAN_POINT('',(-0.,-6.001));
#8792 = VECTOR('',#8793,1.);
#8793 = DIRECTION('',(-1.,0.));
#8794 = ( GEOMETRIC_REPRESENTATION_CONTEXT(2) 
PARAMETRIC_REPRESENTATION_CONTEXT() REPRESENTATION_CONTEXT('2D SPACE',''
  ) );
#8795 = PCURVE('',#8796,#8801);
#8796 = PLANE('',#8797);
#8797 = AXIS2_PLACEMENT_3D('',#8798,#8799,#8800);
#8798 = CARTESIAN_POINT('',(537.7,850.,6.));
#8799 = DIRECTION('',(0.,0.,1.));
#8800 = DIRECTION('',(1.,0.,-0.));
#8801 = DEFINITIONAL_REPRESENTATION('',(#8802),#8806);
#8802 = CIRCLE('',#8803,8.);
#8803 = AXIS2_PLACEMENT_2D('',#8804,#8805);
#8804 = CARTESIAN_POINT('',(0.,0.));
#8805 = DIRECTION('',(1.,0.));
#8806 = ( GEOMETRIC_REPRESENTATION_CONTEXT(2) 
PARAMETRIC_REPRESENTATION_CONTEXT() REPRESENTATION_CONTEXT('2D SPACE',''
  ) );
#8807 = ORIENTED_EDGE('',*,*,#8758,.F.);
#8808 = ADVANCED_FACE('',(#8809),#2562,.F.);
#8809 = FACE_BOUND('',#8810,.T.);
#8810 = EDGE_LOOP('',(#8811,#8812,#8833,#8834));
#8811 = ORIENTED_EDGE('',*,*,#2541,.T.);
#8812 = ORIENTED_EDGE('',*,*,#8813,.T.);
#8813 = EDGE_CURVE('',#2542,#5098,#8814,.T.);
#8814 = SEAM_CURVE('',#8815,(#8819,#8826),.PCURVE_S1.);
#8815 = LINE('',#8816,#8817);
#8816 = CARTESIAN_POINT('',(597.05,798.5,-1.));
#8817 = VECTOR('',#8818,1.);
#8818 = DIRECTION('',(0.,0.,1.));
#8819 = PCURVE('',#2562,#8820);
#8820 = DEFINITIONAL_REPRESENTATION('',(#8821),#8825);
#8821 = LINE('',#8822,#8823);
#8822 = CARTESIAN_POINT('',(-6.28318530718,0.));
#8823 = VECTOR('',#8824,1.);
#8824 = DIRECTION('',(-0.,-1.));
#8825 = ( GEOMETRIC_REPRESENTATION_CONTEXT(2) 
PARAMETRIC_REPRESENTATION_CONTEXT() REPRESENTATION_CONTEXT('2D SPACE',''
  ) );
#8826 = PCURVE('',#2562,#8827);
#8827 = DEFINITIONAL_REPRESENTATION('',(#8828),#8832);
#8828 = LINE('',#8829,#8830);
#8829 = CARTESIAN_POINT('',(-0.,0.));
#8830 = VECTOR('',#8831,1.);
#8831 = DIRECTION('',(-0.,-1.));
#8832 = ( GEOMETRIC_REPRESENTATION_CONTEXT(2) 
PARAMETRIC_REPRESENTATION_CONTEXT() REPRESENTATION_CONTEXT('2D SPACE',''
  ) );
#8833 = ORIENTED_EDGE('',*,*,#5097,.F.);
#8834 = ORIENTED_EDGE('',*,*,#8813,.F.);
#8835 = ADVANCED_FACE('',(#8836),#2597,.F.);
#8836 = FACE_BOUND('',#8837,.T.);
#8837 = EDGE_LOOP('',(#8838,#8839,#8862,#8889));
#8838 = ORIENTED_EDGE('',*,*,#2576,.T.);
#8839 = ORIENTED_EDGE('',*,*,#8840,.T.);
#8840 = EDGE_CURVE('',#2577,#8841,#8843,.T.);
#8841 = VERTEX_POINT('',#8842);
#8842 = CARTESIAN_POINT('',(645.7,850.,6.));
#8843 = SEAM_CURVE('',#8844,(#8848,#8855),.PCURVE_S1.);
#8844 = LINE('',#8845,#8846);
#8845 = CARTESIAN_POINT('',(645.7,850.,-1.E-03));
#8846 = VECTOR('',#8847,1.);
#8847 = DIRECTION('',(0.,0.,1.));
#8848 = PCURVE('',#2597,#8849);
#8849 = DEFINITIONAL_REPRESENTATION('',(#8850),#8854);
#8850 = LINE('',#8851,#8852);
#8851 = CARTESIAN_POINT('',(-6.28318530718,0.));
#8852 = VECTOR('',#8853,1.);
#8853 = DIRECTION('',(-0.,-1.));
#8854 = ( GEOMETRIC_REPRESENTATION_CONTEXT(2) 
PARAMETRIC_REPRESENTATION_CONTEXT() REPRESENTATION_CONTEXT('2D SPACE',''
  ) );
#8855 = PCURVE('',#2597,#8856);
#8856 = DEFINITIONAL_REPRESENTATION('',(#8857),#8861);
#8857 = LINE('',#8858,#8859);
#8858 = CARTESIAN_POINT('',(-0.,0.));
#8859 = VECTOR('',#8860,1.);
#8860 = DIRECTION('',(-0.,-1.));
#8861 = ( GEOMETRIC_REPRESENTATION_CONTEXT(2) 
PARAMETRIC_REPRESENTATION_CONTEXT() REPRESENTATION_CONTEXT('2D SPACE',''
  ) );
#8862 = ORIENTED_EDGE('',*,*,#8863,.T.);
#8863 = EDGE_CURVE('',#8841,#8841,#8864,.T.);
#8864 = SURFACE_CURVE('',#8865,(#8870,#8877),.PCURVE_S1.);
#8865 = CIRCLE('',#8866,8.);
#8866 = AXIS2_PLACEMENT_3D('',#8867,#8868,#8869);
#8867 = CARTESIAN_POINT('',(637.7,850.,6.));
#8868 = DIRECTION('',(0.,0.,1.));
#8869 = DIRECTION('',(1.,0.,0.));
#8870 = PCURVE('',#2597,#8871);
#8871 = DEFINITIONAL_REPRESENTATION('',(#8872),#8876);
#8872 = LINE('',#8873,#8874);
#8873 = CARTESIAN_POINT('',(-0.,-6.001));
#8874 = VECTOR('',#8875,1.);
#8875 = DIRECTION('',(-1.,0.));
#8876 = ( GEOMETRIC_REPRESENTATION_CONTEXT(2) 
PARAMETRIC_REPRESENTATION_CONTEXT() REPRESENTATION_CONTEXT('2D SPACE',''
  ) );
#8877 = PCURVE('',#8878,#8883);
#8878 = PLANE('',#8879);
#8879 = AXIS2_PLACEMENT_3D('',#8880,#8881,#8882);
#8880 = CARTESIAN_POINT('',(637.7,850.,6.));
#8881 = DIRECTION('',(0.,0.,1.));
#8882 = DIRECTION('',(1.,0.,-0.));
#8883 = DEFINITIONAL_REPRESENTATION('',(#8884),#8888);
#8884 = CIRCLE('',#8885,8.);
#8885 = AXIS2_PLACEMENT_2D('',#8886,#8887);
#8886 = CARTESIAN_POINT('',(0.,0.));
#8887 = DIRECTION('',(1.,0.));
#8888 = ( GEOMETRIC_REPRESENTATION_CONTEXT(2) 
PARAMETRIC_REPRESENTATION_CONTEXT() REPRESENTATION_CONTEXT('2D SPACE',''
  ) );
#8889 = ORIENTED_EDGE('',*,*,#8840,.F.);
#8890 = ADVANCED_FACE('',(#8891),#2632,.F.);
#8891 = FACE_BOUND('',#8892,.T.);
#8892 = EDGE_LOOP('',(#8893,#8894,#8917,#8944));
#8893 = ORIENTED_EDGE('',*,*,#2611,.T.);
#8894 = ORIENTED_EDGE('',*,*,#8895,.T.);
#8895 = EDGE_CURVE('',#2612,#8896,#8898,.T.);
#8896 = VERTEX_POINT('',#8897);
#8897 = CARTESIAN_POINT('',(705.7,600.,6.));
#8898 = SEAM_CURVE('',#8899,(#8903,#8910),.PCURVE_S1.);
#8899 = LINE('',#8900,#8901);
#8900 = CARTESIAN_POINT('',(705.7,600.,-1.E-03));
#8901 = VECTOR('',#8902,1.);
#8902 = DIRECTION('',(0.,0.,1.));
#8903 = PCURVE('',#2632,#8904);
#8904 = DEFINITIONAL_REPRESENTATION('',(#8905),#8909);
#8905 = LINE('',#8906,#8907);
#8906 = CARTESIAN_POINT('',(-6.28318530718,0.));
#8907 = VECTOR('',#8908,1.);
#8908 = DIRECTION('',(-0.,-1.));
#8909 = ( GEOMETRIC_REPRESENTATION_CONTEXT(2) 
PARAMETRIC_REPRESENTATION_CONTEXT() REPRESENTATION_CONTEXT('2D SPACE',''
  ) );
#8910 = PCURVE('',#2632,#8911);
#8911 = DEFINITIONAL_REPRESENTATION('',(#8912),#8916);
#8912 = LINE('',#8913,#8914);
#8913 = CARTESIAN_POINT('',(-0.,0.));
#8914 = VECTOR('',#8915,1.);
#8915 = DIRECTION('',(-0.,-1.));
#8916 = ( GEOMETRIC_REPRESENTATION_CONTEXT(2) 
PARAMETRIC_REPRESENTATION_CONTEXT() REPRESENTATION_CONTEXT('2D SPACE',''
  ) );
#8917 = ORIENTED_EDGE('',*,*,#8918,.T.);
#8918 = EDGE_CURVE('',#8896,#8896,#8919,.T.);
#8919 = SURFACE_CURVE('',#8920,(#8925,#8932),.PCURVE_S1.);
#8920 = CIRCLE('',#8921,8.);
#8921 = AXIS2_PLACEMENT_3D('',#8922,#8923,#8924);
#8922 = CARTESIAN_POINT('',(697.7,600.,6.));
#8923 = DIRECTION('',(0.,0.,1.));
#8924 = DIRECTION('',(1.,0.,0.));
#8925 = PCURVE('',#2632,#8926);
#8926 = DEFINITIONAL_REPRESENTATION('',(#8927),#8931);
#8927 = LINE('',#8928,#8929);
#8928 = CARTESIAN_POINT('',(-0.,-6.001));
#8929 = VECTOR('',#8930,1.);
#8930 = DIRECTION('',(-1.,0.));
#8931 = ( GEOMETRIC_REPRESENTATION_CONTEXT(2) 
PARAMETRIC_REPRESENTATION_CONTEXT() REPRESENTATION_CONTEXT('2D SPACE',''
  ) );
#8932 = PCURVE('',#8933,#8938);
#8933 = PLANE('',#8934);
#8934 = AXIS2_PLACEMENT_3D('',#8935,#8936,#8937);
#8935 = CARTESIAN_POINT('',(697.7,600.,6.));
#8936 = DIRECTION('',(0.,0.,1.));
#8937 = DIRECTION('',(1.,0.,-0.));
#8938 = DEFINITIONAL_REPRESENTATION('',(#8939),#8943);
#8939 = CIRCLE('',#8940,8.);
#8940 = AXIS2_PLACEMENT_2D('',#8941,#8942);
#8941 = CARTESIAN_POINT('',(0.,0.));
#8942 = DIRECTION('',(1.,0.));
#8943 = ( GEOMETRIC_REPRESENTATION_CONTEXT(2) 
PARAMETRIC_REPRESENTATION_CONTEXT() REPRESENTATION_CONTEXT('2D SPACE',''
  ) );
#8944 = ORIENTED_EDGE('',*,*,#8895,.F.);
#8945 = ADVANCED_FACE('',(#8946),#2667,.F.);
#8946 = FACE_BOUND('',#8947,.T.);
#8947 = EDGE_LOOP('',(#8948,#8949,#8972,#8999));
#8948 = ORIENTED_EDGE('',*,*,#2646,.T.);
#8949 = ORIENTED_EDGE('',*,*,#8950,.T.);
#8950 = EDGE_CURVE('',#2647,#8951,#8953,.T.);
#8951 = VERTEX_POINT('',#8952);
#8952 = CARTESIAN_POINT('',(805.7,600.,6.));
#8953 = SEAM_CURVE('',#8954,(#8958,#8965),.PCURVE_S1.);
#8954 = LINE('',#8955,#8956);
#8955 = CARTESIAN_POINT('',(805.7,600.,-1.E-03));
#8956 = VECTOR('',#8957,1.);
#8957 = DIRECTION('',(0.,0.,1.));
#8958 = PCURVE('',#2667,#8959);
#8959 = DEFINITIONAL_REPRESENTATION('',(#8960),#8964);
#8960 = LINE('',#8961,#8962);
#8961 = CARTESIAN_POINT('',(-6.28318530718,0.));
#8962 = VECTOR('',#8963,1.);
#8963 = DIRECTION('',(-0.,-1.));
#8964 = ( GEOMETRIC_REPRESENTATION_CONTEXT(2) 
PARAMETRIC_REPRESENTATION_CONTEXT() REPRESENTATION_CONTEXT('2D SPACE',''
  ) );
#8965 = PCURVE('',#2667,#8966);
#8966 = DEFINITIONAL_REPRESENTATION('',(#8967),#8971);
#8967 = LINE('',#8968,#8969);
#8968 = CARTESIAN_POINT('',(-0.,0.));
#8969 = VECTOR('',#8970,1.);
#8970 = DIRECTION('',(-0.,-1.));
#8971 = ( GEOMETRIC_REPRESENTATION_CONTEXT(2) 
PARAMETRIC_REPRESENTATION_CONTEXT() REPRESENTATION_CONTEXT('2D SPACE',''
  ) );
#8972 = ORIENTED_EDGE('',*,*,#8973,.T.);
#8973 = EDGE_CURVE('',#8951,#8951,#8974,.T.);
#8974 = SURFACE_CURVE('',#8975,(#8980,#8987),.PCURVE_S1.);
#8975 = CIRCLE('',#8976,8.);
#8976 = AXIS2_PLACEMENT_3D('',#8977,#8978,#8979);
#8977 = CARTESIAN_POINT('',(797.7,600.,6.));
#8978 = DIRECTION('',(0.,0.,1.));
#8979 = DIRECTION('',(1.,0.,0.));
#8980 = PCURVE('',#2667,#8981);
#8981 = DEFINITIONAL_REPRESENTATION('',(#8982),#8986);
#8982 = LINE('',#8983,#8984);
#8983 = CARTESIAN_POINT('',(-0.,-6.001));
#8984 = VECTOR('',#8985,1.);
#8985 = DIRECTION('',(-1.,0.));
#8986 = ( GEOMETRIC_REPRESENTATION_CONTEXT(2) 
PARAMETRIC_REPRESENTATION_CONTEXT() REPRESENTATION_CONTEXT('2D SPACE',''
  ) );
#8987 = PCURVE('',#8988,#8993);
#8988 = PLANE('',#8989);
#8989 = AXIS2_PLACEMENT_3D('',#8990,#8991,#8992);
#8990 = CARTESIAN_POINT('',(797.7,600.,6.));
#8991 = DIRECTION('',(0.,0.,1.));
#8992 = DIRECTION('',(1.,0.,-0.));
#8993 = DEFINITIONAL_REPRESENTATION('',(#8994),#8998);
#8994 = CIRCLE('',#8995,8.);
#8995 = AXIS2_PLACEMENT_2D('',#8996,#8997);
#8996 = CARTESIAN_POINT('',(0.,0.));
#8997 = DIRECTION('',(1.,0.));
#8998 = ( GEOMETRIC_REPRESENTATION_CONTEXT(2) 
PARAMETRIC_REPRESENTATION_CONTEXT() REPRESENTATION_CONTEXT('2D SPACE',''
  ) );
#8999 = ORIENTED_EDGE('',*,*,#8950,.F.);
#9000 = ADVANCED_FACE('',(#9001),#2702,.F.);
#9001 = FACE_BOUND('',#9002,.T.);
#9002 = EDGE_LOOP('',(#9003,#9004,#9027,#9054));
#9003 = ORIENTED_EDGE('',*,*,#2681,.T.);
#9004 = ORIENTED_EDGE('',*,*,#9005,.T.);
#9005 = EDGE_CURVE('',#2682,#9006,#9008,.T.);
#9006 = VERTEX_POINT('',#9007);
#9007 = CARTESIAN_POINT('',(905.7,600.,6.));
#9008 = SEAM_CURVE('',#9009,(#9013,#9020),.PCURVE_S1.);
#9009 = LINE('',#9010,#9011);
#9010 = CARTESIAN_POINT('',(905.7,600.,-1.E-03));
#9011 = VECTOR('',#9012,1.);
#9012 = DIRECTION('',(0.,0.,1.));
#9013 = PCURVE('',#2702,#9014);
#9014 = DEFINITIONAL_REPRESENTATION('',(#9015),#9019);
#9015 = LINE('',#9016,#9017);
#9016 = CARTESIAN_POINT('',(-6.28318530718,0.));
#9017 = VECTOR('',#9018,1.);
#9018 = DIRECTION('',(-0.,-1.));
#9019 = ( GEOMETRIC_REPRESENTATION_CONTEXT(2) 
PARAMETRIC_REPRESENTATION_CONTEXT() REPRESENTATION_CONTEXT('2D SPACE',''
  ) );
#9020 = PCURVE('',#2702,#9021);
#9021 = DEFINITIONAL_REPRESENTATION('',(#9022),#9026);
#9022 = LINE('',#9023,#9024);
#9023 = CARTESIAN_POINT('',(-0.,0.));
#9024 = VECTOR('',#9025,1.);
#9025 = DIRECTION('',(-0.,-1.));
#9026 = ( GEOMETRIC_REPRESENTATION_CONTEXT(2) 
PARAMETRIC_REPRESENTATION_CONTEXT() REPRESENTATION_CONTEXT('2D SPACE',''
  ) );
#9027 = ORIENTED_EDGE('',*,*,#9028,.T.);
#9028 = EDGE_CURVE('',#9006,#9006,#9029,.T.);
#9029 = SURFACE_CURVE('',#9030,(#9035,#9042),.PCURVE_S1.);
#9030 = CIRCLE('',#9031,8.);
#9031 = AXIS2_PLACEMENT_3D('',#9032,#9033,#9034);
#9032 = CARTESIAN_POINT('',(897.7,600.,6.));
#9033 = DIRECTION('',(0.,0.,1.));
#9034 = DIRECTION('',(1.,0.,0.));
#9035 = PCURVE('',#2702,#9036);
#9036 = DEFINITIONAL_REPRESENTATION('',(#9037),#9041);
#9037 = LINE('',#9038,#9039);
#9038 = CARTESIAN_POINT('',(-0.,-6.001));
#9039 = VECTOR('',#9040,1.);
#9040 = DIRECTION('',(-1.,0.));
#9041 = ( GEOMETRIC_REPRESENTATION_CONTEXT(2) 
PARAMETRIC_REPRESENTATION_CONTEXT() REPRESENTATION_CONTEXT('2D SPACE',''
  ) );
#9042 = PCURVE('',#9043,#9048);
#9043 = PLANE('',#9044);
#9044 = AXIS2_PLACEMENT_3D('',#9045,#9046,#9047);
#9045 = CARTESIAN_POINT('',(897.7,600.,6.));
#9046 = DIRECTION('',(0.,0.,1.));
#9047 = DIRECTION('',(1.,0.,-0.));
#9048 = DEFINITIONAL_REPRESENTATION('',(#9049),#9053);
#9049 = CIRCLE('',#9050,8.);
#9050 = AXIS2_PLACEMENT_2D('',#9051,#9052);
#9051 = CARTESIAN_POINT('',(0.,0.));
#9052 = DIRECTION('',(1.,0.));
#9053 = ( GEOMETRIC_REPRESENTATION_CONTEXT(2) 
PARAMETRIC_REPRESENTATION_CONTEXT() REPRESENTATION_CONTEXT('2D SPACE',''
  ) );
#9054 = ORIENTED_EDGE('',*,*,#9005,.F.);
#9055 = ADVANCED_FACE('',(#9056),#2737,.F.);
#9056 = FACE_BOUND('',#9057,.T.);
#9057 = EDGE_LOOP('',(#9058,#9059,#9082,#9109));
#9058 = ORIENTED_EDGE('',*,*,#2716,.T.);
#9059 = ORIENTED_EDGE('',*,*,#9060,.T.);
#9060 = EDGE_CURVE('',#2717,#9061,#9063,.T.);
#9061 = VERTEX_POINT('',#9062);
#9062 = CARTESIAN_POINT('',(745.7,850.,6.));
#9063 = SEAM_CURVE('',#9064,(#9068,#9075),.PCURVE_S1.);
#9064 = LINE('',#9065,#9066);
#9065 = CARTESIAN_POINT('',(745.7,850.,-1.E-03));
#9066 = VECTOR('',#9067,1.);
#9067 = DIRECTION('',(0.,0.,1.));
#9068 = PCURVE('',#2737,#9069);
#9069 = DEFINITIONAL_REPRESENTATION('',(#9070),#9074);
#9070 = LINE('',#9071,#9072);
#9071 = CARTESIAN_POINT('',(-6.28318530718,0.));
#9072 = VECTOR('',#9073,1.);
#9073 = DIRECTION('',(-0.,-1.));
#9074 = ( GEOMETRIC_REPRESENTATION_CONTEXT(2) 
PARAMETRIC_REPRESENTATION_CONTEXT() REPRESENTATION_CONTEXT('2D SPACE',''
  ) );
#9075 = PCURVE('',#2737,#9076);
#9076 = DEFINITIONAL_REPRESENTATION('',(#9077),#9081);
#9077 = LINE('',#9078,#9079);
#9078 = CARTESIAN_POINT('',(-0.,0.));
#9079 = VECTOR('',#9080,1.);
#9080 = DIRECTION('',(-0.,-1.));
#9081 = ( GEOMETRIC_REPRESENTATION_CONTEXT(2) 
PARAMETRIC_REPRESENTATION_CONTEXT() REPRESENTATION_CONTEXT('2D SPACE',''
  ) );
#9082 = ORIENTED_EDGE('',*,*,#9083,.T.);
#9083 = EDGE_CURVE('',#9061,#9061,#9084,.T.);
#9084 = SURFACE_CURVE('',#9085,(#9090,#9097),.PCURVE_S1.);
#9085 = CIRCLE('',#9086,8.);
#9086 = AXIS2_PLACEMENT_3D('',#9087,#9088,#9089);
#9087 = CARTESIAN_POINT('',(737.7,850.,6.));
#9088 = DIRECTION('',(0.,0.,1.));
#9089 = DIRECTION('',(1.,0.,0.));
#9090 = PCURVE('',#2737,#9091);
#9091 = DEFINITIONAL_REPRESENTATION('',(#9092),#9096);
#9092 = LINE('',#9093,#9094);
#9093 = CARTESIAN_POINT('',(-0.,-6.001));
#9094 = VECTOR('',#9095,1.);
#9095 = DIRECTION('',(-1.,0.));
#9096 = ( GEOMETRIC_REPRESENTATION_CONTEXT(2) 
PARAMETRIC_REPRESENTATION_CONTEXT() REPRESENTATION_CONTEXT('2D SPACE',''
  ) );
#9097 = PCURVE('',#9098,#9103);
#9098 = PLANE('',#9099);
#9099 = AXIS2_PLACEMENT_3D('',#9100,#9101,#9102);
#9100 = CARTESIAN_POINT('',(737.7,850.,6.));
#9101 = DIRECTION('',(0.,0.,1.));
#9102 = DIRECTION('',(1.,0.,-0.));
#9103 = DEFINITIONAL_REPRESENTATION('',(#9104),#9108);
#9104 = CIRCLE('',#9105,8.);
#9105 = AXIS2_PLACEMENT_2D('',#9106,#9107);
#9106 = CARTESIAN_POINT('',(0.,0.));
#9107 = DIRECTION('',(1.,0.));
#9108 = ( GEOMETRIC_REPRESENTATION_CONTEXT(2) 
PARAMETRIC_REPRESENTATION_CONTEXT() REPRESENTATION_CONTEXT('2D SPACE',''
  ) );
#9109 = ORIENTED_EDGE('',*,*,#9060,.F.);
#9110 = ADVANCED_FACE('',(#9111),#2772,.F.);
#9111 = FACE_BOUND('',#9112,.T.);
#9112 = EDGE_LOOP('',(#9113,#9114,#9135,#9136));
#9113 = ORIENTED_EDGE('',*,*,#2751,.T.);
#9114 = ORIENTED_EDGE('',*,*,#9115,.T.);
#9115 = EDGE_CURVE('',#2752,#5303,#9116,.T.);
#9116 = SEAM_CURVE('',#9117,(#9121,#9128),.PCURVE_S1.);
#9117 = LINE('',#9118,#9119);
#9118 = CARTESIAN_POINT('',(857.05,798.5,-1.));
#9119 = VECTOR('',#9120,1.);
#9120 = DIRECTION('',(0.,0.,1.));
#9121 = PCURVE('',#2772,#9122);
#9122 = DEFINITIONAL_REPRESENTATION('',(#9123),#9127);
#9123 = LINE('',#9124,#9125);
#9124 = CARTESIAN_POINT('',(-6.28318530718,0.));
#9125 = VECTOR('',#9126,1.);
#9126 = DIRECTION('',(-0.,-1.));
#9127 = ( GEOMETRIC_REPRESENTATION_CONTEXT(2) 
PARAMETRIC_REPRESENTATION_CONTEXT() REPRESENTATION_CONTEXT('2D SPACE',''
  ) );
#9128 = PCURVE('',#2772,#9129);
#9129 = DEFINITIONAL_REPRESENTATION('',(#9130),#9134);
#9130 = LINE('',#9131,#9132);
#9131 = CARTESIAN_POINT('',(-0.,0.));
#9132 = VECTOR('',#9133,1.);
#9133 = DIRECTION('',(-0.,-1.));
#9134 = ( GEOMETRIC_REPRESENTATION_CONTEXT(2) 
PARAMETRIC_REPRESENTATION_CONTEXT() REPRESENTATION_CONTEXT('2D SPACE',''
  ) );
#9135 = ORIENTED_EDGE('',*,*,#5302,.F.);
#9136 = ORIENTED_EDGE('',*,*,#9115,.F.);
#9137 = ADVANCED_FACE('',(#9138),#2807,.F.);
#9138 = FACE_BOUND('',#9139,.T.);
#9139 = EDGE_LOOP('',(#9140,#9141,#9164,#9191));
#9140 = ORIENTED_EDGE('',*,*,#2786,.T.);
#9141 = ORIENTED_EDGE('',*,*,#9142,.T.);
#9142 = EDGE_CURVE('',#2787,#9143,#9145,.T.);
#9143 = VERTEX_POINT('',#9144);
#9144 = CARTESIAN_POINT('',(845.7,850.,6.));
#9145 = SEAM_CURVE('',#9146,(#9150,#9157),.PCURVE_S1.);
#9146 = LINE('',#9147,#9148);
#9147 = CARTESIAN_POINT('',(845.7,850.,-1.E-03));
#9148 = VECTOR('',#9149,1.);
#9149 = DIRECTION('',(0.,0.,1.));
#9150 = PCURVE('',#2807,#9151);
#9151 = DEFINITIONAL_REPRESENTATION('',(#9152),#9156);
#9152 = LINE('',#9153,#9154);
#9153 = CARTESIAN_POINT('',(-6.28318530718,0.));
#9154 = VECTOR('',#9155,1.);
#9155 = DIRECTION('',(-0.,-1.));
#9156 = ( GEOMETRIC_REPRESENTATION_CONTEXT(2) 
PARAMETRIC_REPRESENTATION_CONTEXT() REPRESENTATION_CONTEXT('2D SPACE',''
  ) );
#9157 = PCURVE('',#2807,#9158);
#9158 = DEFINITIONAL_REPRESENTATION('',(#9159),#9163);
#9159 = LINE('',#9160,#9161);
#9160 = CARTESIAN_POINT('',(-0.,0.));
#9161 = VECTOR('',#9162,1.);
#9162 = DIRECTION('',(-0.,-1.));
#9163 = ( GEOMETRIC_REPRESENTATION_CONTEXT(2) 
PARAMETRIC_REPRESENTATION_CONTEXT() REPRESENTATION_CONTEXT('2D SPACE',''
  ) );
#9164 = ORIENTED_EDGE('',*,*,#9165,.T.);
#9165 = EDGE_CURVE('',#9143,#9143,#9166,.T.);
#9166 = SURFACE_CURVE('',#9167,(#9172,#9179),.PCURVE_S1.);
#9167 = CIRCLE('',#9168,8.);
#9168 = AXIS2_PLACEMENT_3D('',#9169,#9170,#9171);
#9169 = CARTESIAN_POINT('',(837.7,850.,6.));
#9170 = DIRECTION('',(0.,0.,1.));
#9171 = DIRECTION('',(1.,0.,0.));
#9172 = PCURVE('',#2807,#9173);
#9173 = DEFINITIONAL_REPRESENTATION('',(#9174),#9178);
#9174 = LINE('',#9175,#9176);
#9175 = CARTESIAN_POINT('',(-0.,-6.001));
#9176 = VECTOR('',#9177,1.);
#9177 = DIRECTION('',(-1.,0.));
#9178 = ( GEOMETRIC_REPRESENTATION_CONTEXT(2) 
PARAMETRIC_REPRESENTATION_CONTEXT() REPRESENTATION_CONTEXT('2D SPACE',''
  ) );
#9179 = PCURVE('',#9180,#9185);
#9180 = PLANE('',#9181);
#9181 = AXIS2_PLACEMENT_3D('',#9182,#9183,#9184);
#9182 = CARTESIAN_POINT('',(837.7,850.,6.));
#9183 = DIRECTION('',(0.,0.,1.));
#9184 = DIRECTION('',(1.,0.,-0.));
#9185 = DEFINITIONAL_REPRESENTATION('',(#9186),#9190);
#9186 = CIRCLE('',#9187,8.);
#9187 = AXIS2_PLACEMENT_2D('',#9188,#9189);
#9188 = CARTESIAN_POINT('',(0.,0.));
#9189 = DIRECTION('',(1.,0.));
#9190 = ( GEOMETRIC_REPRESENTATION_CONTEXT(2) 
PARAMETRIC_REPRESENTATION_CONTEXT() REPRESENTATION_CONTEXT('2D SPACE',''
  ) );
#9191 = ORIENTED_EDGE('',*,*,#9142,.F.);
#9192 = ADVANCED_FACE('',(#9193),#2842,.F.);
#9193 = FACE_BOUND('',#9194,.T.);
#9194 = EDGE_LOOP('',(#9195,#9196,#9219,#9246));
#9195 = ORIENTED_EDGE('',*,*,#2821,.T.);
#9196 = ORIENTED_EDGE('',*,*,#9197,.T.);
#9197 = EDGE_CURVE('',#2822,#9198,#9200,.T.);
#9198 = VERTEX_POINT('',#9199);
#9199 = CARTESIAN_POINT('',(505.7,1.1E+03,6.));
#9200 = SEAM_CURVE('',#9201,(#9205,#9212),.PCURVE_S1.);
#9201 = LINE('',#9202,#9203);
#9202 = CARTESIAN_POINT('',(505.7,1.1E+03,-1.E-03));
#9203 = VECTOR('',#9204,1.);
#9204 = DIRECTION('',(0.,0.,1.));
#9205 = PCURVE('',#2842,#9206);
#9206 = DEFINITIONAL_REPRESENTATION('',(#9207),#9211);
#9207 = LINE('',#9208,#9209);
#9208 = CARTESIAN_POINT('',(-6.28318530718,0.));
#9209 = VECTOR('',#9210,1.);
#9210 = DIRECTION('',(-0.,-1.));
#9211 = ( GEOMETRIC_REPRESENTATION_CONTEXT(2) 
PARAMETRIC_REPRESENTATION_CONTEXT() REPRESENTATION_CONTEXT('2D SPACE',''
  ) );
#9212 = PCURVE('',#2842,#9213);
#9213 = DEFINITIONAL_REPRESENTATION('',(#9214),#9218);
#9214 = LINE('',#9215,#9216);
#9215 = CARTESIAN_POINT('',(-0.,0.));
#9216 = VECTOR('',#9217,1.);
#9217 = DIRECTION('',(-0.,-1.));
#9218 = ( GEOMETRIC_REPRESENTATION_CONTEXT(2) 
PARAMETRIC_REPRESENTATION_CONTEXT() REPRESENTATION_CONTEXT('2D SPACE',''
  ) );
#9219 = ORIENTED_EDGE('',*,*,#9220,.T.);
#9220 = EDGE_CURVE('',#9198,#9198,#9221,.T.);
#9221 = SURFACE_CURVE('',#9222,(#9227,#9234),.PCURVE_S1.);
#9222 = CIRCLE('',#9223,8.);
#9223 = AXIS2_PLACEMENT_3D('',#9224,#9225,#9226);
#9224 = CARTESIAN_POINT('',(497.7,1.1E+03,6.));
#9225 = DIRECTION('',(0.,0.,1.));
#9226 = DIRECTION('',(1.,0.,0.));
#9227 = PCURVE('',#2842,#9228);
#9228 = DEFINITIONAL_REPRESENTATION('',(#9229),#9233);
#9229 = LINE('',#9230,#9231);
#9230 = CARTESIAN_POINT('',(-0.,-6.001));
#9231 = VECTOR('',#9232,1.);
#9232 = DIRECTION('',(-1.,0.));
#9233 = ( GEOMETRIC_REPRESENTATION_CONTEXT(2) 
PARAMETRIC_REPRESENTATION_CONTEXT() REPRESENTATION_CONTEXT('2D SPACE',''
  ) );
#9234 = PCURVE('',#9235,#9240);
#9235 = PLANE('',#9236);
#9236 = AXIS2_PLACEMENT_3D('',#9237,#9238,#9239);
#9237 = CARTESIAN_POINT('',(497.7,1.1E+03,6.));
#9238 = DIRECTION('',(0.,0.,1.));
#9239 = DIRECTION('',(1.,0.,-0.));
#9240 = DEFINITIONAL_REPRESENTATION('',(#9241),#9245);
#9241 = CIRCLE('',#9242,8.);
#9242 = AXIS2_PLACEMENT_2D('',#9243,#9244);
#9243 = CARTESIAN_POINT('',(0.,0.));
#9244 = DIRECTION('',(1.,0.));
#9245 = ( GEOMETRIC_REPRESENTATION_CONTEXT(2) 
PARAMETRIC_REPRESENTATION_CONTEXT() REPRESENTATION_CONTEXT('2D SPACE',''
  ) );
#9246 = ORIENTED_EDGE('',*,*,#9197,.F.);
#9247 = ADVANCED_FACE('',(#9248),#2877,.F.);
#9248 = FACE_BOUND('',#9249,.T.);
#9249 = EDGE_LOOP('',(#9250,#9251,#9274,#9301));
#9250 = ORIENTED_EDGE('',*,*,#2856,.T.);
#9251 = ORIENTED_EDGE('',*,*,#9252,.T.);
#9252 = EDGE_CURVE('',#2857,#9253,#9255,.T.);
#9253 = VERTEX_POINT('',#9254);
#9254 = CARTESIAN_POINT('',(605.7,1.1E+03,6.));
#9255 = SEAM_CURVE('',#9256,(#9260,#9267),.PCURVE_S1.);
#9256 = LINE('',#9257,#9258);
#9257 = CARTESIAN_POINT('',(605.7,1.1E+03,-1.E-03));
#9258 = VECTOR('',#9259,1.);
#9259 = DIRECTION('',(0.,0.,1.));
#9260 = PCURVE('',#2877,#9261);
#9261 = DEFINITIONAL_REPRESENTATION('',(#9262),#9266);
#9262 = LINE('',#9263,#9264);
#9263 = CARTESIAN_POINT('',(-6.28318530718,0.));
#9264 = VECTOR('',#9265,1.);
#9265 = DIRECTION('',(-0.,-1.));
#9266 = ( GEOMETRIC_REPRESENTATION_CONTEXT(2) 
PARAMETRIC_REPRESENTATION_CONTEXT() REPRESENTATION_CONTEXT('2D SPACE',''
  ) );
#9267 = PCURVE('',#2877,#9268);
#9268 = DEFINITIONAL_REPRESENTATION('',(#9269),#9273);
#9269 = LINE('',#9270,#9271);
#9270 = CARTESIAN_POINT('',(-0.,0.));
#9271 = VECTOR('',#9272,1.);
#9272 = DIRECTION('',(-0.,-1.));
#9273 = ( GEOMETRIC_REPRESENTATION_CONTEXT(2) 
PARAMETRIC_REPRESENTATION_CONTEXT() REPRESENTATION_CONTEXT('2D SPACE',''
  ) );
#9274 = ORIENTED_EDGE('',*,*,#9275,.T.);
#9275 = EDGE_CURVE('',#9253,#9253,#9276,.T.);
#9276 = SURFACE_CURVE('',#9277,(#9282,#9289),.PCURVE_S1.);
#9277 = CIRCLE('',#9278,8.);
#9278 = AXIS2_PLACEMENT_3D('',#9279,#9280,#9281);
#9279 = CARTESIAN_POINT('',(597.7,1.1E+03,6.));
#9280 = DIRECTION('',(0.,0.,1.));
#9281 = DIRECTION('',(1.,0.,0.));
#9282 = PCURVE('',#2877,#9283);
#9283 = DEFINITIONAL_REPRESENTATION('',(#9284),#9288);
#9284 = LINE('',#9285,#9286);
#9285 = CARTESIAN_POINT('',(-0.,-6.001));
#9286 = VECTOR('',#9287,1.);
#9287 = DIRECTION('',(-1.,0.));
#9288 = ( GEOMETRIC_REPRESENTATION_CONTEXT(2) 
PARAMETRIC_REPRESENTATION_CONTEXT() REPRESENTATION_CONTEXT('2D SPACE',''
  ) );
#9289 = PCURVE('',#9290,#9295);
#9290 = PLANE('',#9291);
#9291 = AXIS2_PLACEMENT_3D('',#9292,#9293,#9294);
#9292 = CARTESIAN_POINT('',(597.7,1.1E+03,6.));
#9293 = DIRECTION('',(0.,0.,1.));
#9294 = DIRECTION('',(1.,0.,-0.));
#9295 = DEFINITIONAL_REPRESENTATION('',(#9296),#9300);
#9296 = CIRCLE('',#9297,8.);
#9297 = AXIS2_PLACEMENT_2D('',#9298,#9299);
#9298 = CARTESIAN_POINT('',(0.,0.));
#9299 = DIRECTION('',(1.,0.));
#9300 = ( GEOMETRIC_REPRESENTATION_CONTEXT(2) 
PARAMETRIC_REPRESENTATION_CONTEXT() REPRESENTATION_CONTEXT('2D SPACE',''
  ) );
#9301 = ORIENTED_EDGE('',*,*,#9252,.F.);
#9302 = ADVANCED_FACE('',(#9303),#2912,.F.);
#9303 = FACE_BOUND('',#9304,.T.);
#9304 = EDGE_LOOP('',(#9305,#9306,#9327,#9328));
#9305 = ORIENTED_EDGE('',*,*,#2891,.T.);
#9306 = ORIENTED_EDGE('',*,*,#9307,.T.);
#9307 = EDGE_CURVE('',#2892,#5438,#9308,.T.);
#9308 = SEAM_CURVE('',#9309,(#9313,#9320),.PCURVE_S1.);
#9309 = LINE('',#9310,#9311);
#9310 = CARTESIAN_POINT('',(597.05,1.1875E+03,-1.));
#9311 = VECTOR('',#9312,1.);
#9312 = DIRECTION('',(0.,0.,1.));
#9313 = PCURVE('',#2912,#9314);
#9314 = DEFINITIONAL_REPRESENTATION('',(#9315),#9319);
#9315 = LINE('',#9316,#9317);
#9316 = CARTESIAN_POINT('',(-6.28318530718,0.));
#9317 = VECTOR('',#9318,1.);
#9318 = DIRECTION('',(-0.,-1.));
#9319 = ( GEOMETRIC_REPRESENTATION_CONTEXT(2) 
PARAMETRIC_REPRESENTATION_CONTEXT() REPRESENTATION_CONTEXT('2D SPACE',''
  ) );
#9320 = PCURVE('',#2912,#9321);
#9321 = DEFINITIONAL_REPRESENTATION('',(#9322),#9326);
#9322 = LINE('',#9323,#9324);
#9323 = CARTESIAN_POINT('',(-0.,0.));
#9324 = VECTOR('',#9325,1.);
#9325 = DIRECTION('',(-0.,-1.));
#9326 = ( GEOMETRIC_REPRESENTATION_CONTEXT(2) 
PARAMETRIC_REPRESENTATION_CONTEXT() REPRESENTATION_CONTEXT('2D SPACE',''
  ) );
#9327 = ORIENTED_EDGE('',*,*,#5437,.F.);
#9328 = ORIENTED_EDGE('',*,*,#9307,.F.);
#9329 = ADVANCED_FACE('',(#9330),#2947,.F.);
#9330 = FACE_BOUND('',#9331,.T.);
#9331 = EDGE_LOOP('',(#9332,#9333,#9356,#9383));
#9332 = ORIENTED_EDGE('',*,*,#2926,.T.);
#9333 = ORIENTED_EDGE('',*,*,#9334,.T.);
#9334 = EDGE_CURVE('',#2927,#9335,#9337,.T.);
#9335 = VERTEX_POINT('',#9336);
#9336 = CARTESIAN_POINT('',(705.7,1.1E+03,6.));
#9337 = SEAM_CURVE('',#9338,(#9342,#9349),.PCURVE_S1.);
#9338 = LINE('',#9339,#9340);
#9339 = CARTESIAN_POINT('',(705.7,1.1E+03,-1.E-03));
#9340 = VECTOR('',#9341,1.);
#9341 = DIRECTION('',(0.,0.,1.));
#9342 = PCURVE('',#2947,#9343);
#9343 = DEFINITIONAL_REPRESENTATION('',(#9344),#9348);
#9344 = LINE('',#9345,#9346);
#9345 = CARTESIAN_POINT('',(-6.28318530718,0.));
#9346 = VECTOR('',#9347,1.);
#9347 = DIRECTION('',(-0.,-1.));
#9348 = ( GEOMETRIC_REPRESENTATION_CONTEXT(2) 
PARAMETRIC_REPRESENTATION_CONTEXT() REPRESENTATION_CONTEXT('2D SPACE',''
  ) );
#9349 = PCURVE('',#2947,#9350);
#9350 = DEFINITIONAL_REPRESENTATION('',(#9351),#9355);
#9351 = LINE('',#9352,#9353);
#9352 = CARTESIAN_POINT('',(-0.,0.));
#9353 = VECTOR('',#9354,1.);
#9354 = DIRECTION('',(-0.,-1.));
#9355 = ( GEOMETRIC_REPRESENTATION_CONTEXT(2) 
PARAMETRIC_REPRESENTATION_CONTEXT() REPRESENTATION_CONTEXT('2D SPACE',''
  ) );
#9356 = ORIENTED_EDGE('',*,*,#9357,.T.);
#9357 = EDGE_CURVE('',#9335,#9335,#9358,.T.);
#9358 = SURFACE_CURVE('',#9359,(#9364,#9371),.PCURVE_S1.);
#9359 = CIRCLE('',#9360,8.);
#9360 = AXIS2_PLACEMENT_3D('',#9361,#9362,#9363);
#9361 = CARTESIAN_POINT('',(697.7,1.1E+03,6.));
#9362 = DIRECTION('',(0.,0.,1.));
#9363 = DIRECTION('',(1.,0.,0.));
#9364 = PCURVE('',#2947,#9365);
#9365 = DEFINITIONAL_REPRESENTATION('',(#9366),#9370);
#9366 = LINE('',#9367,#9368);
#9367 = CARTESIAN_POINT('',(-0.,-6.001));
#9368 = VECTOR('',#9369,1.);
#9369 = DIRECTION('',(-1.,0.));
#9370 = ( GEOMETRIC_REPRESENTATION_CONTEXT(2) 
PARAMETRIC_REPRESENTATION_CONTEXT() REPRESENTATION_CONTEXT('2D SPACE',''
  ) );
#9371 = PCURVE('',#9372,#9377);
#9372 = PLANE('',#9373);
#9373 = AXIS2_PLACEMENT_3D('',#9374,#9375,#9376);
#9374 = CARTESIAN_POINT('',(697.7,1.1E+03,6.));
#9375 = DIRECTION('',(0.,0.,1.));
#9376 = DIRECTION('',(1.,0.,-0.));
#9377 = DEFINITIONAL_REPRESENTATION('',(#9378),#9382);
#9378 = CIRCLE('',#9379,8.);
#9379 = AXIS2_PLACEMENT_2D('',#9380,#9381);
#9380 = CARTESIAN_POINT('',(0.,0.));
#9381 = DIRECTION('',(1.,0.));
#9382 = ( GEOMETRIC_REPRESENTATION_CONTEXT(2) 
PARAMETRIC_REPRESENTATION_CONTEXT() REPRESENTATION_CONTEXT('2D SPACE',''
  ) );
#9383 = ORIENTED_EDGE('',*,*,#9334,.F.);
#9384 = ADVANCED_FACE('',(#9385),#2982,.F.);
#9385 = FACE_BOUND('',#9386,.T.);
#9386 = EDGE_LOOP('',(#9387,#9388,#9411,#9438));
#9387 = ORIENTED_EDGE('',*,*,#2961,.T.);
#9388 = ORIENTED_EDGE('',*,*,#9389,.T.);
#9389 = EDGE_CURVE('',#2962,#9390,#9392,.T.);
#9390 = VERTEX_POINT('',#9391);
#9391 = CARTESIAN_POINT('',(805.7,1.1E+03,6.));
#9392 = SEAM_CURVE('',#9393,(#9397,#9404),.PCURVE_S1.);
#9393 = LINE('',#9394,#9395);
#9394 = CARTESIAN_POINT('',(805.7,1.1E+03,-1.E-03));
#9395 = VECTOR('',#9396,1.);
#9396 = DIRECTION('',(0.,0.,1.));
#9397 = PCURVE('',#2982,#9398);
#9398 = DEFINITIONAL_REPRESENTATION('',(#9399),#9403);
#9399 = LINE('',#9400,#9401);
#9400 = CARTESIAN_POINT('',(-6.28318530718,0.));
#9401 = VECTOR('',#9402,1.);
#9402 = DIRECTION('',(-0.,-1.));
#9403 = ( GEOMETRIC_REPRESENTATION_CONTEXT(2) 
PARAMETRIC_REPRESENTATION_CONTEXT() REPRESENTATION_CONTEXT('2D SPACE',''
  ) );
#9404 = PCURVE('',#2982,#9405);
#9405 = DEFINITIONAL_REPRESENTATION('',(#9406),#9410);
#9406 = LINE('',#9407,#9408);
#9407 = CARTESIAN_POINT('',(-0.,0.));
#9408 = VECTOR('',#9409,1.);
#9409 = DIRECTION('',(-0.,-1.));
#9410 = ( GEOMETRIC_REPRESENTATION_CONTEXT(2) 
PARAMETRIC_REPRESENTATION_CONTEXT() REPRESENTATION_CONTEXT('2D SPACE',''
  ) );
#9411 = ORIENTED_EDGE('',*,*,#9412,.T.);
#9412 = EDGE_CURVE('',#9390,#9390,#9413,.T.);
#9413 = SURFACE_CURVE('',#9414,(#9419,#9426),.PCURVE_S1.);
#9414 = CIRCLE('',#9415,8.);
#9415 = AXIS2_PLACEMENT_3D('',#9416,#9417,#9418);
#9416 = CARTESIAN_POINT('',(797.7,1.1E+03,6.));
#9417 = DIRECTION('',(0.,0.,1.));
#9418 = DIRECTION('',(1.,0.,0.));
#9419 = PCURVE('',#2982,#9420);
#9420 = DEFINITIONAL_REPRESENTATION('',(#9421),#9425);
#9421 = LINE('',#9422,#9423);
#9422 = CARTESIAN_POINT('',(-0.,-6.001));
#9423 = VECTOR('',#9424,1.);
#9424 = DIRECTION('',(-1.,0.));
#9425 = ( GEOMETRIC_REPRESENTATION_CONTEXT(2) 
PARAMETRIC_REPRESENTATION_CONTEXT() REPRESENTATION_CONTEXT('2D SPACE',''
  ) );
#9426 = PCURVE('',#9427,#9432);
#9427 = PLANE('',#9428);
#9428 = AXIS2_PLACEMENT_3D('',#9429,#9430,#9431);
#9429 = CARTESIAN_POINT('',(797.7,1.1E+03,6.));
#9430 = DIRECTION('',(0.,0.,1.));
#9431 = DIRECTION('',(1.,0.,-0.));
#9432 = DEFINITIONAL_REPRESENTATION('',(#9433),#9437);
#9433 = CIRCLE('',#9434,8.);
#9434 = AXIS2_PLACEMENT_2D('',#9435,#9436);
#9435 = CARTESIAN_POINT('',(0.,0.));
#9436 = DIRECTION('',(1.,0.));
#9437 = ( GEOMETRIC_REPRESENTATION_CONTEXT(2) 
PARAMETRIC_REPRESENTATION_CONTEXT() REPRESENTATION_CONTEXT('2D SPACE',''
  ) );
#9438 = ORIENTED_EDGE('',*,*,#9389,.F.);
#9439 = ADVANCED_FACE('',(#9440),#3017,.F.);
#9440 = FACE_BOUND('',#9441,.T.);
#9441 = EDGE_LOOP('',(#9442,#9443,#9466,#9493));
#9442 = ORIENTED_EDGE('',*,*,#2996,.T.);
#9443 = ORIENTED_EDGE('',*,*,#9444,.T.);
#9444 = EDGE_CURVE('',#2997,#9445,#9447,.T.);
#9445 = VERTEX_POINT('',#9446);
#9446 = CARTESIAN_POINT('',(905.7,1.1E+03,6.));
#9447 = SEAM_CURVE('',#9448,(#9452,#9459),.PCURVE_S1.);
#9448 = LINE('',#9449,#9450);
#9449 = CARTESIAN_POINT('',(905.7,1.1E+03,-1.E-03));
#9450 = VECTOR('',#9451,1.);
#9451 = DIRECTION('',(0.,0.,1.));
#9452 = PCURVE('',#3017,#9453);
#9453 = DEFINITIONAL_REPRESENTATION('',(#9454),#9458);
#9454 = LINE('',#9455,#9456);
#9455 = CARTESIAN_POINT('',(-6.28318530718,0.));
#9456 = VECTOR('',#9457,1.);
#9457 = DIRECTION('',(-0.,-1.));
#9458 = ( GEOMETRIC_REPRESENTATION_CONTEXT(2) 
PARAMETRIC_REPRESENTATION_CONTEXT() REPRESENTATION_CONTEXT('2D SPACE',''
  ) );
#9459 = PCURVE('',#3017,#9460);
#9460 = DEFINITIONAL_REPRESENTATION('',(#9461),#9465);
#9461 = LINE('',#9462,#9463);
#9462 = CARTESIAN_POINT('',(-0.,0.));
#9463 = VECTOR('',#9464,1.);
#9464 = DIRECTION('',(-0.,-1.));
#9465 = ( GEOMETRIC_REPRESENTATION_CONTEXT(2) 
PARAMETRIC_REPRESENTATION_CONTEXT() REPRESENTATION_CONTEXT('2D SPACE',''
  ) );
#9466 = ORIENTED_EDGE('',*,*,#9467,.T.);
#9467 = EDGE_CURVE('',#9445,#9445,#9468,.T.);
#9468 = SURFACE_CURVE('',#9469,(#9474,#9481),.PCURVE_S1.);
#9469 = CIRCLE('',#9470,8.);
#9470 = AXIS2_PLACEMENT_3D('',#9471,#9472,#9473);
#9471 = CARTESIAN_POINT('',(897.7,1.1E+03,6.));
#9472 = DIRECTION('',(0.,0.,1.));
#9473 = DIRECTION('',(1.,0.,0.));
#9474 = PCURVE('',#3017,#9475);
#9475 = DEFINITIONAL_REPRESENTATION('',(#9476),#9480);
#9476 = LINE('',#9477,#9478);
#9477 = CARTESIAN_POINT('',(-0.,-6.001));
#9478 = VECTOR('',#9479,1.);
#9479 = DIRECTION('',(-1.,0.));
#9480 = ( GEOMETRIC_REPRESENTATION_CONTEXT(2) 
PARAMETRIC_REPRESENTATION_CONTEXT() REPRESENTATION_CONTEXT('2D SPACE',''
  ) );
#9481 = PCURVE('',#9482,#9487);
#9482 = PLANE('',#9483);
#9483 = AXIS2_PLACEMENT_3D('',#9484,#9485,#9486);
#9484 = CARTESIAN_POINT('',(897.7,1.1E+03,6.));
#9485 = DIRECTION('',(0.,0.,1.));
#9486 = DIRECTION('',(1.,0.,-0.));
#9487 = DEFINITIONAL_REPRESENTATION('',(#9488),#9492);
#9488 = CIRCLE('',#9489,8.);
#9489 = AXIS2_PLACEMENT_2D('',#9490,#9491);
#9490 = CARTESIAN_POINT('',(0.,0.));
#9491 = DIRECTION('',(1.,0.));
#9492 = ( GEOMETRIC_REPRESENTATION_CONTEXT(2) 
PARAMETRIC_REPRESENTATION_CONTEXT() REPRESENTATION_CONTEXT('2D SPACE',''
  ) );
#9493 = ORIENTED_EDGE('',*,*,#9444,.F.);
#9494 = ADVANCED_FACE('',(#9495),#3052,.F.);
#9495 = FACE_BOUND('',#9496,.T.);
#9496 = EDGE_LOOP('',(#9497,#9498,#9519,#9520));
#9497 = ORIENTED_EDGE('',*,*,#3031,.T.);
#9498 = ORIENTED_EDGE('',*,*,#9499,.T.);
#9499 = EDGE_CURVE('',#3032,#5573,#9500,.T.);
#9500 = SEAM_CURVE('',#9501,(#9505,#9512),.PCURVE_S1.);
#9501 = LINE('',#9502,#9503);
#9502 = CARTESIAN_POINT('',(857.05,1.1875E+03,-1.));
#9503 = VECTOR('',#9504,1.);
#9504 = DIRECTION('',(0.,0.,1.));
#9505 = PCURVE('',#3052,#9506);
#9506 = DEFINITIONAL_REPRESENTATION('',(#9507),#9511);
#9507 = LINE('',#9508,#9509);
#9508 = CARTESIAN_POINT('',(-6.28318530718,0.));
#9509 = VECTOR('',#9510,1.);
#9510 = DIRECTION('',(-0.,-1.));
#9511 = ( GEOMETRIC_REPRESENTATION_CONTEXT(2) 
PARAMETRIC_REPRESENTATION_CONTEXT() REPRESENTATION_CONTEXT('2D SPACE',''
  ) );
#9512 = PCURVE('',#3052,#9513);
#9513 = DEFINITIONAL_REPRESENTATION('',(#9514),#9518);
#9514 = LINE('',#9515,#9516);
#9515 = CARTESIAN_POINT('',(-0.,0.));
#9516 = VECTOR('',#9517,1.);
#9517 = DIRECTION('',(-0.,-1.));
#9518 = ( GEOMETRIC_REPRESENTATION_CONTEXT(2) 
PARAMETRIC_REPRESENTATION_CONTEXT() REPRESENTATION_CONTEXT('2D SPACE',''
  ) );
#9519 = ORIENTED_EDGE('',*,*,#5572,.F.);
#9520 = ORIENTED_EDGE('',*,*,#9499,.F.);
#9521 = ADVANCED_FACE('',(#9522),#3234,.F.);
#9522 = FACE_BOUND('',#9523,.T.);
#9523 = EDGE_LOOP('',(#9524,#9525,#9526,#9552));
#9524 = ORIENTED_EDGE('',*,*,#3213,.F.);
#9525 = ORIENTED_EDGE('',*,*,#6484,.T.);
#9526 = ORIENTED_EDGE('',*,*,#9527,.T.);
#9527 = EDGE_CURVE('',#6485,#6364,#9528,.T.);
#9528 = SURFACE_CURVE('',#9529,(#9534,#9541),.PCURVE_S1.);
#9529 = CIRCLE('',#9530,2.75);
#9530 = AXIS2_PLACEMENT_3D('',#9531,#9532,#9533);
#9531 = CARTESIAN_POINT('',(937.7,850.,6.));
#9532 = DIRECTION('',(0.,0.,-1.));
#9533 = DIRECTION('',(1.,0.,0.));
#9534 = PCURVE('',#3234,#9535);
#9535 = DEFINITIONAL_REPRESENTATION('',(#9536),#9540);
#9536 = LINE('',#9537,#9538);
#9537 = CARTESIAN_POINT('',(-6.28318530718,-7.));
#9538 = VECTOR('',#9539,1.);
#9539 = DIRECTION('',(1.,-0.));
#9540 = ( GEOMETRIC_REPRESENTATION_CONTEXT(2) 
PARAMETRIC_REPRESENTATION_CONTEXT() REPRESENTATION_CONTEXT('2D SPACE',''
  ) );
#9541 = PCURVE('',#6378,#9542);
#9542 = DEFINITIONAL_REPRESENTATION('',(#9543),#9551);
#9543 = ( BOUNDED_CURVE() B_SPLINE_CURVE(2,(#9544,#9545,#9546,#9547,
#9548,#9549,#9550),.UNSPECIFIED.,.T.,.F.) B_SPLINE_CURVE_WITH_KNOTS((1,2
    ,2,2,2,1),(-2.094395102393,0.,2.094395102393,4.188790204786,
6.28318530718,8.377580409573),.UNSPECIFIED.) CURVE() 
GEOMETRIC_REPRESENTATION_ITEM() RATIONAL_B_SPLINE_CURVE((1.,0.5,1.,0.5,
1.,0.5,1.)) REPRESENTATION_ITEM('') );
#9544 = CARTESIAN_POINT('',(2.75,0.));
#9545 = CARTESIAN_POINT('',(2.75,-4.763139720814));
#9546 = CARTESIAN_POINT('',(-1.375,-2.381569860407));
#9547 = CARTESIAN_POINT('',(-5.5,-6.73555739531E-16));
#9548 = CARTESIAN_POINT('',(-1.375,2.381569860407));
#9549 = CARTESIAN_POINT('',(2.75,4.763139720814));
#9550 = CARTESIAN_POINT('',(2.75,0.));
#9551 = ( GEOMETRIC_REPRESENTATION_CONTEXT(2) 
PARAMETRIC_REPRESENTATION_CONTEXT() REPRESENTATION_CONTEXT('2D SPACE',''
  ) );
#9552 = ORIENTED_EDGE('',*,*,#6389,.F.);
#9553 = ADVANCED_FACE('',(#9554),#3428,.F.);
#9554 = FACE_BOUND('',#9555,.T.);
#9555 = EDGE_LOOP('',(#9556,#9557,#9558,#9584));
#9556 = ORIENTED_EDGE('',*,*,#3407,.F.);
#9557 = ORIENTED_EDGE('',*,*,#6162,.T.);
#9558 = ORIENTED_EDGE('',*,*,#9559,.T.);
#9559 = EDGE_CURVE('',#6163,#6002,#9560,.T.);
#9560 = SURFACE_CURVE('',#9561,(#9566,#9573),.PCURVE_S1.);
#9561 = CIRCLE('',#9562,2.75);
#9562 = AXIS2_PLACEMENT_3D('',#9563,#9564,#9565);
#9563 = CARTESIAN_POINT('',(-2.3,1.1E+03,6.));
#9564 = DIRECTION('',(0.,0.,-1.));
#9565 = DIRECTION('',(1.,0.,0.));
#9566 = PCURVE('',#3428,#9567);
#9567 = DEFINITIONAL_REPRESENTATION('',(#9568),#9572);
#9568 = LINE('',#9569,#9570);
#9569 = CARTESIAN_POINT('',(-12.56637061435,-7.));
#9570 = VECTOR('',#9571,1.);
#9571 = DIRECTION('',(1.,-0.));
#9572 = ( GEOMETRIC_REPRESENTATION_CONTEXT(2) 
PARAMETRIC_REPRESENTATION_CONTEXT() REPRESENTATION_CONTEXT('2D SPACE',''
  ) );
#9573 = PCURVE('',#6016,#9574);
#9574 = DEFINITIONAL_REPRESENTATION('',(#9575),#9583);
#9575 = ( BOUNDED_CURVE() B_SPLINE_CURVE(2,(#9576,#9577,#9578,#9579,
#9580,#9581,#9582),.UNSPECIFIED.,.T.,.F.) B_SPLINE_CURVE_WITH_KNOTS((1,2
    ,2,2,2,1),(-2.094395102393,0.,2.094395102393,4.188790204786,
6.28318530718,8.377580409573),.UNSPECIFIED.) CURVE() 
GEOMETRIC_REPRESENTATION_ITEM() RATIONAL_B_SPLINE_CURVE((1.,0.5,1.,0.5,
1.,0.5,1.)) REPRESENTATION_ITEM('') );
#9576 = CARTESIAN_POINT('',(2.75,0.));
#9577 = CARTESIAN_POINT('',(2.75,-4.763139720814));
#9578 = CARTESIAN_POINT('',(-1.375,-2.381569860407));
#9579 = CARTESIAN_POINT('',(-5.5,-6.73555739531E-16));
#9580 = CARTESIAN_POINT('',(-1.375,2.381569860407));
#9581 = CARTESIAN_POINT('',(2.75,4.763139720814));
#9582 = CARTESIAN_POINT('',(2.75,0.));
#9583 = ( GEOMETRIC_REPRESENTATION_CONTEXT(2) 
PARAMETRIC_REPRESENTATION_CONTEXT() REPRESENTATION_CONTEXT('2D SPACE',''
  ) );
#9584 = ORIENTED_EDGE('',*,*,#6027,.F.);
#9585 = ADVANCED_FACE('',(#9586),#3484,.F.);
#9586 = FACE_BOUND('',#9587,.T.);
#9587 = EDGE_LOOP('',(#9588,#9589,#9590,#9616));
#9588 = ORIENTED_EDGE('',*,*,#3463,.F.);
#9589 = ORIENTED_EDGE('',*,*,#6047,.T.);
#9590 = ORIENTED_EDGE('',*,*,#9591,.T.);
#9591 = EDGE_CURVE('',#6048,#5880,#9592,.T.);
#9592 = SURFACE_CURVE('',#9593,(#9598,#9605),.PCURVE_S1.);
#9593 = CIRCLE('',#9594,2.75);
#9594 = AXIS2_PLACEMENT_3D('',#9595,#9596,#9597);
#9595 = CARTESIAN_POINT('',(-2.3,600.,6.));
#9596 = DIRECTION('',(0.,0.,-1.));
#9597 = DIRECTION('',(1.,0.,0.));
#9598 = PCURVE('',#3484,#9599);
#9599 = DEFINITIONAL_REPRESENTATION('',(#9600),#9604);
#9600 = LINE('',#9601,#9602);
#9601 = CARTESIAN_POINT('',(-12.56637061435,-7.));
#9602 = VECTOR('',#9603,1.);
#9603 = DIRECTION('',(1.,-0.));
#9604 = ( GEOMETRIC_REPRESENTATION_CONTEXT(2) 
PARAMETRIC_REPRESENTATION_CONTEXT() REPRESENTATION_CONTEXT('2D SPACE',''
  ) );
#9605 = PCURVE('',#5894,#9606);
#9606 = DEFINITIONAL_REPRESENTATION('',(#9607),#9615);
#9607 = ( BOUNDED_CURVE() B_SPLINE_CURVE(2,(#9608,#9609,#9610,#9611,
#9612,#9613,#9614),.UNSPECIFIED.,.T.,.F.) B_SPLINE_CURVE_WITH_KNOTS((1,2
    ,2,2,2,1),(-2.094395102393,0.,2.094395102393,4.188790204786,
6.28318530718,8.377580409573),.UNSPECIFIED.) CURVE() 
GEOMETRIC_REPRESENTATION_ITEM() RATIONAL_B_SPLINE_CURVE((1.,0.5,1.,0.5,
1.,0.5,1.)) REPRESENTATION_ITEM('') );
#9608 = CARTESIAN_POINT('',(2.75,0.));
#9609 = CARTESIAN_POINT('',(2.75,-4.763139720814));
#9610 = CARTESIAN_POINT('',(-1.375,-2.381569860407));
#9611 = CARTESIAN_POINT('',(-5.5,-6.73555739531E-16));
#9612 = CARTESIAN_POINT('',(-1.375,2.381569860407));
#9613 = CARTESIAN_POINT('',(2.75,4.763139720814));
#9614 = CARTESIAN_POINT('',(2.75,0.));
#9615 = ( GEOMETRIC_REPRESENTATION_CONTEXT(2) 
PARAMETRIC_REPRESENTATION_CONTEXT() REPRESENTATION_CONTEXT('2D SPACE',''
  ) );
#9616 = ORIENTED_EDGE('',*,*,#5905,.F.);
#9617 = ADVANCED_FACE('',(#9618),#3598,.F.);
#9618 = FACE_BOUND('',#9619,.T.);
#9619 = EDGE_LOOP('',(#9620,#9648,#9669,#9670));
#9620 = ORIENTED_EDGE('',*,*,#9621,.T.);
#9621 = EDGE_CURVE('',#9622,#9622,#9624,.T.);
#9622 = VERTEX_POINT('',#9623);
#9623 = CARTESIAN_POINT('',(100.45,100.,6.));
#9624 = SURFACE_CURVE('',#9625,(#9630,#9637),.PCURVE_S1.);
#9625 = CIRCLE('',#9626,2.75);
#9626 = AXIS2_PLACEMENT_3D('',#9627,#9628,#9629);
#9627 = CARTESIAN_POINT('',(97.7,100.,6.));
#9628 = DIRECTION('',(0.,0.,-1.));
#9629 = DIRECTION('',(1.,0.,0.));
#9630 = PCURVE('',#3598,#9631);
#9631 = DEFINITIONAL_REPRESENTATION('',(#9632),#9636);
#9632 = LINE('',#9633,#9634);
#9633 = CARTESIAN_POINT('',(-6.28318530718,-7.));
#9634 = VECTOR('',#9635,1.);
#9635 = DIRECTION('',(1.,-0.));
#9636 = ( GEOMETRIC_REPRESENTATION_CONTEXT(2) 
PARAMETRIC_REPRESENTATION_CONTEXT() REPRESENTATION_CONTEXT('2D SPACE',''
  ) );
#9637 = PCURVE('',#6684,#9638);
#9638 = DEFINITIONAL_REPRESENTATION('',(#9639),#9647);
#9639 = ( BOUNDED_CURVE() B_SPLINE_CURVE(2,(#9640,#9641,#9642,#9643,
#9644,#9645,#9646),.UNSPECIFIED.,.T.,.F.) B_SPLINE_CURVE_WITH_KNOTS((1,2
    ,2,2,2,1),(-2.094395102393,0.,2.094395102393,4.188790204786,
6.28318530718,8.377580409573),.UNSPECIFIED.) CURVE() 
GEOMETRIC_REPRESENTATION_ITEM() RATIONAL_B_SPLINE_CURVE((1.,0.5,1.,0.5,
1.,0.5,1.)) REPRESENTATION_ITEM('') );
#9640 = CARTESIAN_POINT('',(2.75,0.));
#9641 = CARTESIAN_POINT('',(2.75,-4.763139720814));
#9642 = CARTESIAN_POINT('',(-1.375,-2.381569860407));
#9643 = CARTESIAN_POINT('',(-5.5,-6.73555739531E-16));
#9644 = CARTESIAN_POINT('',(-1.375,2.381569860407));
#9645 = CARTESIAN_POINT('',(2.75,4.763139720814));
#9646 = CARTESIAN_POINT('',(2.75,0.));
#9647 = ( GEOMETRIC_REPRESENTATION_CONTEXT(2) 
PARAMETRIC_REPRESENTATION_CONTEXT() REPRESENTATION_CONTEXT('2D SPACE',''
  ) );
#9648 = ORIENTED_EDGE('',*,*,#9649,.T.);
#9649 = EDGE_CURVE('',#9622,#3578,#9650,.T.);
#9650 = SEAM_CURVE('',#9651,(#9655,#9662),.PCURVE_S1.);
#9651 = LINE('',#9652,#9653);
#9652 = CARTESIAN_POINT('',(100.45,100.,-1.));
#9653 = VECTOR('',#9654,1.);
#9654 = DIRECTION('',(0.,0.,1.));
#9655 = PCURVE('',#3598,#9656);
#9656 = DEFINITIONAL_REPRESENTATION('',(#9657),#9661);
#9657 = LINE('',#9658,#9659);
#9658 = CARTESIAN_POINT('',(-6.28318530718,0.));
#9659 = VECTOR('',#9660,1.);
#9660 = DIRECTION('',(-0.,-1.));
#9661 = ( GEOMETRIC_REPRESENTATION_CONTEXT(2) 
PARAMETRIC_REPRESENTATION_CONTEXT() REPRESENTATION_CONTEXT('2D SPACE',''
  ) );
#9662 = PCURVE('',#3598,#9663);
#9663 = DEFINITIONAL_REPRESENTATION('',(#9664),#9668);
#9664 = LINE('',#9665,#9666);
#9665 = CARTESIAN_POINT('',(-0.,0.));
#9666 = VECTOR('',#9667,1.);
#9667 = DIRECTION('',(-0.,-1.));
#9668 = ( GEOMETRIC_REPRESENTATION_CONTEXT(2) 
PARAMETRIC_REPRESENTATION_CONTEXT() REPRESENTATION_CONTEXT('2D SPACE',''
  ) );
#9669 = ORIENTED_EDGE('',*,*,#3577,.F.);
#9670 = ORIENTED_EDGE('',*,*,#9649,.F.);
#9671 = ADVANCED_FACE('',(#9672),#3633,.F.);
#9672 = FACE_BOUND('',#9673,.T.);
#9673 = EDGE_LOOP('',(#9674,#9702,#9723,#9724));
#9674 = ORIENTED_EDGE('',*,*,#9675,.T.);
#9675 = EDGE_CURVE('',#9676,#9676,#9678,.T.);
#9676 = VERTEX_POINT('',#9677);
#9677 = CARTESIAN_POINT('',(200.45,100.,6.));
#9678 = SURFACE_CURVE('',#9679,(#9684,#9691),.PCURVE_S1.);
#9679 = CIRCLE('',#9680,2.75);
#9680 = AXIS2_PLACEMENT_3D('',#9681,#9682,#9683);
#9681 = CARTESIAN_POINT('',(197.7,100.,6.));
#9682 = DIRECTION('',(0.,0.,-1.));
#9683 = DIRECTION('',(1.,0.,0.));
#9684 = PCURVE('',#3633,#9685);
#9685 = DEFINITIONAL_REPRESENTATION('',(#9686),#9690);
#9686 = LINE('',#9687,#9688);
#9687 = CARTESIAN_POINT('',(-6.28318530718,-7.));
#9688 = VECTOR('',#9689,1.);
#9689 = DIRECTION('',(1.,-0.));
#9690 = ( GEOMETRIC_REPRESENTATION_CONTEXT(2) 
PARAMETRIC_REPRESENTATION_CONTEXT() REPRESENTATION_CONTEXT('2D SPACE',''
  ) );
#9691 = PCURVE('',#6739,#9692);
#9692 = DEFINITIONAL_REPRESENTATION('',(#9693),#9701);
#9693 = ( BOUNDED_CURVE() B_SPLINE_CURVE(2,(#9694,#9695,#9696,#9697,
#9698,#9699,#9700),.UNSPECIFIED.,.T.,.F.) B_SPLINE_CURVE_WITH_KNOTS((1,2
    ,2,2,2,1),(-2.094395102393,0.,2.094395102393,4.188790204786,
6.28318530718,8.377580409573),.UNSPECIFIED.) CURVE() 
GEOMETRIC_REPRESENTATION_ITEM() RATIONAL_B_SPLINE_CURVE((1.,0.5,1.,0.5,
1.,0.5,1.)) REPRESENTATION_ITEM('') );
#9694 = CARTESIAN_POINT('',(2.75,0.));
#9695 = CARTESIAN_POINT('',(2.75,-4.763139720814));
#9696 = CARTESIAN_POINT('',(-1.375,-2.381569860407));
#9697 = CARTESIAN_POINT('',(-5.5,-6.73555739531E-16));
#9698 = CARTESIAN_POINT('',(-1.375,2.381569860407));
#9699 = CARTESIAN_POINT('',(2.75,4.763139720814));
#9700 = CARTESIAN_POINT('',(2.75,0.));
#9701 = ( GEOMETRIC_REPRESENTATION_CONTEXT(2) 
PARAMETRIC_REPRESENTATION_CONTEXT() REPRESENTATION_CONTEXT('2D SPACE',''
  ) );
#9702 = ORIENTED_EDGE('',*,*,#9703,.T.);
#9703 = EDGE_CURVE('',#9676,#3613,#9704,.T.);
#9704 = SEAM_CURVE('',#9705,(#9709,#9716),.PCURVE_S1.);
#9705 = LINE('',#9706,#9707);
#9706 = CARTESIAN_POINT('',(200.45,100.,-1.));
#9707 = VECTOR('',#9708,1.);
#9708 = DIRECTION('',(0.,0.,1.));
#9709 = PCURVE('',#3633,#9710);
#9710 = DEFINITIONAL_REPRESENTATION('',(#9711),#9715);
#9711 = LINE('',#9712,#9713);
#9712 = CARTESIAN_POINT('',(-6.28318530718,0.));
#9713 = VECTOR('',#9714,1.);
#9714 = DIRECTION('',(-0.,-1.));
#9715 = ( GEOMETRIC_REPRESENTATION_CONTEXT(2) 
PARAMETRIC_REPRESENTATION_CONTEXT() REPRESENTATION_CONTEXT('2D SPACE',''
  ) );
#9716 = PCURVE('',#3633,#9717);
#9717 = DEFINITIONAL_REPRESENTATION('',(#9718),#9722);
#9718 = LINE('',#9719,#9720);
#9719 = CARTESIAN_POINT('',(-0.,0.));
#9720 = VECTOR('',#9721,1.);
#9721 = DIRECTION('',(-0.,-1.));
#9722 = ( GEOMETRIC_REPRESENTATION_CONTEXT(2) 
PARAMETRIC_REPRESENTATION_CONTEXT() REPRESENTATION_CONTEXT('2D SPACE',''
  ) );
#9723 = ORIENTED_EDGE('',*,*,#3612,.F.);
#9724 = ORIENTED_EDGE('',*,*,#9703,.F.);
#9725 = ADVANCED_FACE('',(#9726),#3668,.F.);
#9726 = FACE_BOUND('',#9727,.T.);
#9727 = EDGE_LOOP('',(#9728,#9756,#9777,#9778));
#9728 = ORIENTED_EDGE('',*,*,#9729,.T.);
#9729 = EDGE_CURVE('',#9730,#9730,#9732,.T.);
#9730 = VERTEX_POINT('',#9731);
#9731 = CARTESIAN_POINT('',(300.45,100.,6.));
#9732 = SURFACE_CURVE('',#9733,(#9738,#9745),.PCURVE_S1.);
#9733 = CIRCLE('',#9734,2.75);
#9734 = AXIS2_PLACEMENT_3D('',#9735,#9736,#9737);
#9735 = CARTESIAN_POINT('',(297.7,100.,6.));
#9736 = DIRECTION('',(0.,0.,-1.));
#9737 = DIRECTION('',(1.,0.,0.));
#9738 = PCURVE('',#3668,#9739);
#9739 = DEFINITIONAL_REPRESENTATION('',(#9740),#9744);
#9740 = LINE('',#9741,#9742);
#9741 = CARTESIAN_POINT('',(-6.28318530718,-7.));
#9742 = VECTOR('',#9743,1.);
#9743 = DIRECTION('',(1.,-0.));
#9744 = ( GEOMETRIC_REPRESENTATION_CONTEXT(2) 
PARAMETRIC_REPRESENTATION_CONTEXT() REPRESENTATION_CONTEXT('2D SPACE',''
  ) );
#9745 = PCURVE('',#6794,#9746);
#9746 = DEFINITIONAL_REPRESENTATION('',(#9747),#9755);
#9747 = ( BOUNDED_CURVE() B_SPLINE_CURVE(2,(#9748,#9749,#9750,#9751,
#9752,#9753,#9754),.UNSPECIFIED.,.T.,.F.) B_SPLINE_CURVE_WITH_KNOTS((1,2
    ,2,2,2,1),(-2.094395102393,0.,2.094395102393,4.188790204786,
6.28318530718,8.377580409573),.UNSPECIFIED.) CURVE() 
GEOMETRIC_REPRESENTATION_ITEM() RATIONAL_B_SPLINE_CURVE((1.,0.5,1.,0.5,
1.,0.5,1.)) REPRESENTATION_ITEM('') );
#9748 = CARTESIAN_POINT('',(2.75,0.));
#9749 = CARTESIAN_POINT('',(2.75,-4.763139720814));
#9750 = CARTESIAN_POINT('',(-1.375,-2.381569860407));
#9751 = CARTESIAN_POINT('',(-5.5,-6.73555739531E-16));
#9752 = CARTESIAN_POINT('',(-1.375,2.381569860407));
#9753 = CARTESIAN_POINT('',(2.75,4.763139720814));
#9754 = CARTESIAN_POINT('',(2.75,0.));
#9755 = ( GEOMETRIC_REPRESENTATION_CONTEXT(2) 
PARAMETRIC_REPRESENTATION_CONTEXT() REPRESENTATION_CONTEXT('2D SPACE',''
  ) );
#9756 = ORIENTED_EDGE('',*,*,#9757,.T.);
#9757 = EDGE_CURVE('',#9730,#3648,#9758,.T.);
#9758 = SEAM_CURVE('',#9759,(#9763,#9770),.PCURVE_S1.);
#9759 = LINE('',#9760,#9761);
#9760 = CARTESIAN_POINT('',(300.45,100.,-1.));
#9761 = VECTOR('',#9762,1.);
#9762 = DIRECTION('',(0.,0.,1.));
#9763 = PCURVE('',#3668,#9764);
#9764 = DEFINITIONAL_REPRESENTATION('',(#9765),#9769);
#9765 = LINE('',#9766,#9767);
#9766 = CARTESIAN_POINT('',(-6.28318530718,0.));
#9767 = VECTOR('',#9768,1.);
#9768 = DIRECTION('',(-0.,-1.));
#9769 = ( GEOMETRIC_REPRESENTATION_CONTEXT(2) 
PARAMETRIC_REPRESENTATION_CONTEXT() REPRESENTATION_CONTEXT('2D SPACE',''
  ) );
#9770 = PCURVE('',#3668,#9771);
#9771 = DEFINITIONAL_REPRESENTATION('',(#9772),#9776);
#9772 = LINE('',#9773,#9774);
#9773 = CARTESIAN_POINT('',(-0.,0.));
#9774 = VECTOR('',#9775,1.);
#9775 = DIRECTION('',(-0.,-1.));
#9776 = ( GEOMETRIC_REPRESENTATION_CONTEXT(2) 
PARAMETRIC_REPRESENTATION_CONTEXT() REPRESENTATION_CONTEXT('2D SPACE',''
  ) );
#9777 = ORIENTED_EDGE('',*,*,#3647,.F.);
#9778 = ORIENTED_EDGE('',*,*,#9757,.F.);
#9779 = ADVANCED_FACE('',(#9780),#3733,.F.);
#9780 = FACE_BOUND('',#9781,.T.);
#9781 = EDGE_LOOP('',(#9782,#9810,#9831,#9832));
#9782 = ORIENTED_EDGE('',*,*,#9783,.T.);
#9783 = EDGE_CURVE('',#9784,#9784,#9786,.T.);
#9784 = VERTEX_POINT('',#9785);
#9785 = CARTESIAN_POINT('',(400.45,100.,6.));
#9786 = SURFACE_CURVE('',#9787,(#9792,#9799),.PCURVE_S1.);
#9787 = CIRCLE('',#9788,2.75);
#9788 = AXIS2_PLACEMENT_3D('',#9789,#9790,#9791);
#9789 = CARTESIAN_POINT('',(397.7,100.,6.));
#9790 = DIRECTION('',(0.,0.,-1.));
#9791 = DIRECTION('',(1.,0.,0.));
#9792 = PCURVE('',#3733,#9793);
#9793 = DEFINITIONAL_REPRESENTATION('',(#9794),#9798);
#9794 = LINE('',#9795,#9796);
#9795 = CARTESIAN_POINT('',(-6.28318530718,-7.));
#9796 = VECTOR('',#9797,1.);
#9797 = DIRECTION('',(1.,-0.));
#9798 = ( GEOMETRIC_REPRESENTATION_CONTEXT(2) 
PARAMETRIC_REPRESENTATION_CONTEXT() REPRESENTATION_CONTEXT('2D SPACE',''
  ) );
#9799 = PCURVE('',#6876,#9800);
#9800 = DEFINITIONAL_REPRESENTATION('',(#9801),#9809);
#9801 = ( BOUNDED_CURVE() B_SPLINE_CURVE(2,(#9802,#9803,#9804,#9805,
#9806,#9807,#9808),.UNSPECIFIED.,.T.,.F.) B_SPLINE_CURVE_WITH_KNOTS((1,2
    ,2,2,2,1),(-2.094395102393,0.,2.094395102393,4.188790204786,
6.28318530718,8.377580409573),.UNSPECIFIED.) CURVE() 
GEOMETRIC_REPRESENTATION_ITEM() RATIONAL_B_SPLINE_CURVE((1.,0.5,1.,0.5,
1.,0.5,1.)) REPRESENTATION_ITEM('') );
#9802 = CARTESIAN_POINT('',(2.75,0.));
#9803 = CARTESIAN_POINT('',(2.75,-4.763139720814));
#9804 = CARTESIAN_POINT('',(-1.375,-2.381569860407));
#9805 = CARTESIAN_POINT('',(-5.5,-6.73555739531E-16));
#9806 = CARTESIAN_POINT('',(-1.375,2.381569860407));
#9807 = CARTESIAN_POINT('',(2.75,4.763139720814));
#9808 = CARTESIAN_POINT('',(2.75,0.));
#9809 = ( GEOMETRIC_REPRESENTATION_CONTEXT(2) 
PARAMETRIC_REPRESENTATION_CONTEXT() REPRESENTATION_CONTEXT('2D SPACE',''
  ) );
#9810 = ORIENTED_EDGE('',*,*,#9811,.T.);
#9811 = EDGE_CURVE('',#9784,#3713,#9812,.T.);
#9812 = SEAM_CURVE('',#9813,(#9817,#9824),.PCURVE_S1.);
#9813 = LINE('',#9814,#9815);
#9814 = CARTESIAN_POINT('',(400.45,100.,-1.));
#9815 = VECTOR('',#9816,1.);
#9816 = DIRECTION('',(0.,0.,1.));
#9817 = PCURVE('',#3733,#9818);
#9818 = DEFINITIONAL_REPRESENTATION('',(#9819),#9823);
#9819 = LINE('',#9820,#9821);
#9820 = CARTESIAN_POINT('',(-6.28318530718,0.));
#9821 = VECTOR('',#9822,1.);
#9822 = DIRECTION('',(-0.,-1.));
#9823 = ( GEOMETRIC_REPRESENTATION_CONTEXT(2) 
PARAMETRIC_REPRESENTATION_CONTEXT() REPRESENTATION_CONTEXT('2D SPACE',''
  ) );
#9824 = PCURVE('',#3733,#9825);
#9825 = DEFINITIONAL_REPRESENTATION('',(#9826),#9830);
#9826 = LINE('',#9827,#9828);
#9827 = CARTESIAN_POINT('',(-0.,0.));
#9828 = VECTOR('',#9829,1.);
#9829 = DIRECTION('',(-0.,-1.));
#9830 = ( GEOMETRIC_REPRESENTATION_CONTEXT(2) 
PARAMETRIC_REPRESENTATION_CONTEXT() REPRESENTATION_CONTEXT('2D SPACE',''
  ) );
#9831 = ORIENTED_EDGE('',*,*,#3712,.F.);
#9832 = ORIENTED_EDGE('',*,*,#9811,.F.);
#9833 = ADVANCED_FACE('',(#9834),#3768,.F.);
#9834 = FACE_BOUND('',#9835,.T.);
#9835 = EDGE_LOOP('',(#9836,#9864,#9885,#9886));
#9836 = ORIENTED_EDGE('',*,*,#9837,.T.);
#9837 = EDGE_CURVE('',#9838,#9838,#9840,.T.);
#9838 = VERTEX_POINT('',#9839);
#9839 = CARTESIAN_POINT('',(40.45,350.,6.));
#9840 = SURFACE_CURVE('',#9841,(#9846,#9853),.PCURVE_S1.);
#9841 = CIRCLE('',#9842,2.75);
#9842 = AXIS2_PLACEMENT_3D('',#9843,#9844,#9845);
#9843 = CARTESIAN_POINT('',(37.7,350.,6.));
#9844 = DIRECTION('',(0.,0.,-1.));
#9845 = DIRECTION('',(1.,0.,0.));
#9846 = PCURVE('',#3768,#9847);
#9847 = DEFINITIONAL_REPRESENTATION('',(#9848),#9852);
#9848 = LINE('',#9849,#9850);
#9849 = CARTESIAN_POINT('',(-6.28318530718,-7.));
#9850 = VECTOR('',#9851,1.);
#9851 = DIRECTION('',(1.,-0.));
#9852 = ( GEOMETRIC_REPRESENTATION_CONTEXT(2) 
PARAMETRIC_REPRESENTATION_CONTEXT() REPRESENTATION_CONTEXT('2D SPACE',''
  ) );
#9853 = PCURVE('',#6931,#9854);
#9854 = DEFINITIONAL_REPRESENTATION('',(#9855),#9863);
#9855 = ( BOUNDED_CURVE() B_SPLINE_CURVE(2,(#9856,#9857,#9858,#9859,
#9860,#9861,#9862),.UNSPECIFIED.,.T.,.F.) B_SPLINE_CURVE_WITH_KNOTS((1,2
    ,2,2,2,1),(-2.094395102393,0.,2.094395102393,4.188790204786,
6.28318530718,8.377580409573),.UNSPECIFIED.) CURVE() 
GEOMETRIC_REPRESENTATION_ITEM() RATIONAL_B_SPLINE_CURVE((1.,0.5,1.,0.5,
1.,0.5,1.)) REPRESENTATION_ITEM('') );
#9856 = CARTESIAN_POINT('',(2.75,0.));
#9857 = CARTESIAN_POINT('',(2.75,-4.763139720814));
#9858 = CARTESIAN_POINT('',(-1.375,-2.381569860407));
#9859 = CARTESIAN_POINT('',(-5.5,-6.73555739531E-16));
#9860 = CARTESIAN_POINT('',(-1.375,2.381569860407));
#9861 = CARTESIAN_POINT('',(2.75,4.763139720814));
#9862 = CARTESIAN_POINT('',(2.75,0.));
#9863 = ( GEOMETRIC_REPRESENTATION_CONTEXT(2) 
PARAMETRIC_REPRESENTATION_CONTEXT() REPRESENTATION_CONTEXT('2D SPACE',''
  ) );
#9864 = ORIENTED_EDGE('',*,*,#9865,.T.);
#9865 = EDGE_CURVE('',#9838,#3748,#9866,.T.);
#9866 = SEAM_CURVE('',#9867,(#9871,#9878),.PCURVE_S1.);
#9867 = LINE('',#9868,#9869);
#9868 = CARTESIAN_POINT('',(40.45,350.,-1.));
#9869 = VECTOR('',#9870,1.);
#9870 = DIRECTION('',(0.,0.,1.));
#9871 = PCURVE('',#3768,#9872);
#9872 = DEFINITIONAL_REPRESENTATION('',(#9873),#9877);
#9873 = LINE('',#9874,#9875);
#9874 = CARTESIAN_POINT('',(-6.28318530718,0.));
#9875 = VECTOR('',#9876,1.);
#9876 = DIRECTION('',(-0.,-1.));
#9877 = ( GEOMETRIC_REPRESENTATION_CONTEXT(2) 
PARAMETRIC_REPRESENTATION_CONTEXT() REPRESENTATION_CONTEXT('2D SPACE',''
  ) );
#9878 = PCURVE('',#3768,#9879);
#9879 = DEFINITIONAL_REPRESENTATION('',(#9880),#9884);
#9880 = LINE('',#9881,#9882);
#9881 = CARTESIAN_POINT('',(-0.,0.));
#9882 = VECTOR('',#9883,1.);
#9883 = DIRECTION('',(-0.,-1.));
#9884 = ( GEOMETRIC_REPRESENTATION_CONTEXT(2) 
PARAMETRIC_REPRESENTATION_CONTEXT() REPRESENTATION_CONTEXT('2D SPACE',''
  ) );
#9885 = ORIENTED_EDGE('',*,*,#3747,.F.);
#9886 = ORIENTED_EDGE('',*,*,#9865,.F.);
#9887 = ADVANCED_FACE('',(#9888),#3803,.F.);
#9888 = FACE_BOUND('',#9889,.T.);
#9889 = EDGE_LOOP('',(#9890,#9918,#9939,#9940));
#9890 = ORIENTED_EDGE('',*,*,#9891,.T.);
#9891 = EDGE_CURVE('',#9892,#9892,#9894,.T.);
#9892 = VERTEX_POINT('',#9893);
#9893 = CARTESIAN_POINT('',(140.45,350.,6.));
#9894 = SURFACE_CURVE('',#9895,(#9900,#9907),.PCURVE_S1.);
#9895 = CIRCLE('',#9896,2.75);
#9896 = AXIS2_PLACEMENT_3D('',#9897,#9898,#9899);
#9897 = CARTESIAN_POINT('',(137.7,350.,6.));
#9898 = DIRECTION('',(0.,0.,-1.));
#9899 = DIRECTION('',(1.,0.,0.));
#9900 = PCURVE('',#3803,#9901);
#9901 = DEFINITIONAL_REPRESENTATION('',(#9902),#9906);
#9902 = LINE('',#9903,#9904);
#9903 = CARTESIAN_POINT('',(-6.28318530718,-7.));
#9904 = VECTOR('',#9905,1.);
#9905 = DIRECTION('',(1.,-0.));
#9906 = ( GEOMETRIC_REPRESENTATION_CONTEXT(2) 
PARAMETRIC_REPRESENTATION_CONTEXT() REPRESENTATION_CONTEXT('2D SPACE',''
  ) );
#9907 = PCURVE('',#6986,#9908);
#9908 = DEFINITIONAL_REPRESENTATION('',(#9909),#9917);
#9909 = ( BOUNDED_CURVE() B_SPLINE_CURVE(2,(#9910,#9911,#9912,#9913,
#9914,#9915,#9916),.UNSPECIFIED.,.T.,.F.) B_SPLINE_CURVE_WITH_KNOTS((1,2
    ,2,2,2,1),(-2.094395102393,0.,2.094395102393,4.188790204786,
6.28318530718,8.377580409573),.UNSPECIFIED.) CURVE() 
GEOMETRIC_REPRESENTATION_ITEM() RATIONAL_B_SPLINE_CURVE((1.,0.5,1.,0.5,
1.,0.5,1.)) REPRESENTATION_ITEM('') );
#9910 = CARTESIAN_POINT('',(2.75,0.));
#9911 = CARTESIAN_POINT('',(2.75,-4.763139720814));
#9912 = CARTESIAN_POINT('',(-1.375,-2.381569860407));
#9913 = CARTESIAN_POINT('',(-5.5,-6.73555739531E-16));
#9914 = CARTESIAN_POINT('',(-1.375,2.381569860407));
#9915 = CARTESIAN_POINT('',(2.75,4.763139720814));
#9916 = CARTESIAN_POINT('',(2.75,0.));
#9917 = ( GEOMETRIC_REPRESENTATION_CONTEXT(2) 
PARAMETRIC_REPRESENTATION_CONTEXT() REPRESENTATION_CONTEXT('2D SPACE',''
  ) );
#9918 = ORIENTED_EDGE('',*,*,#9919,.T.);
#9919 = EDGE_CURVE('',#9892,#3783,#9920,.T.);
#9920 = SEAM_CURVE('',#9921,(#9925,#9932),.PCURVE_S1.);
#9921 = LINE('',#9922,#9923);
#9922 = CARTESIAN_POINT('',(140.45,350.,-1.));
#9923 = VECTOR('',#9924,1.);
#9924 = DIRECTION('',(0.,0.,1.));
#9925 = PCURVE('',#3803,#9926);
#9926 = DEFINITIONAL_REPRESENTATION('',(#9927),#9931);
#9927 = LINE('',#9928,#9929);
#9928 = CARTESIAN_POINT('',(-6.28318530718,0.));
#9929 = VECTOR('',#9930,1.);
#9930 = DIRECTION('',(-0.,-1.));
#9931 = ( GEOMETRIC_REPRESENTATION_CONTEXT(2) 
PARAMETRIC_REPRESENTATION_CONTEXT() REPRESENTATION_CONTEXT('2D SPACE',''
  ) );
#9932 = PCURVE('',#3803,#9933);
#9933 = DEFINITIONAL_REPRESENTATION('',(#9934),#9938);
#9934 = LINE('',#9935,#9936);
#9935 = CARTESIAN_POINT('',(-0.,0.));
#9936 = VECTOR('',#9937,1.);
#9937 = DIRECTION('',(-0.,-1.));
#9938 = ( GEOMETRIC_REPRESENTATION_CONTEXT(2) 
PARAMETRIC_REPRESENTATION_CONTEXT() REPRESENTATION_CONTEXT('2D SPACE',''
  ) );
#9939 = ORIENTED_EDGE('',*,*,#3782,.F.);
#9940 = ORIENTED_EDGE('',*,*,#9919,.F.);
#9941 = ADVANCED_FACE('',(#9942),#3868,.F.);
#9942 = FACE_BOUND('',#9943,.T.);
#9943 = EDGE_LOOP('',(#9944,#9972,#9993,#9994));
#9944 = ORIENTED_EDGE('',*,*,#9945,.T.);
#9945 = EDGE_CURVE('',#9946,#9946,#9948,.T.);
#9946 = VERTEX_POINT('',#9947);
#9947 = CARTESIAN_POINT('',(240.45,350.,6.));
#9948 = SURFACE_CURVE('',#9949,(#9954,#9961),.PCURVE_S1.);
#9949 = CIRCLE('',#9950,2.75);
#9950 = AXIS2_PLACEMENT_3D('',#9951,#9952,#9953);
#9951 = CARTESIAN_POINT('',(237.7,350.,6.));
#9952 = DIRECTION('',(0.,0.,-1.));
#9953 = DIRECTION('',(1.,0.,0.));
#9954 = PCURVE('',#3868,#9955);
#9955 = DEFINITIONAL_REPRESENTATION('',(#9956),#9960);
#9956 = LINE('',#9957,#9958);
#9957 = CARTESIAN_POINT('',(-6.28318530718,-7.));
#9958 = VECTOR('',#9959,1.);
#9959 = DIRECTION('',(1.,-0.));
#9960 = ( GEOMETRIC_REPRESENTATION_CONTEXT(2) 
PARAMETRIC_REPRESENTATION_CONTEXT() REPRESENTATION_CONTEXT('2D SPACE',''
  ) );
#9961 = PCURVE('',#7068,#9962);
#9962 = DEFINITIONAL_REPRESENTATION('',(#9963),#9971);
#9963 = ( BOUNDED_CURVE() B_SPLINE_CURVE(2,(#9964,#9965,#9966,#9967,
#9968,#9969,#9970),.UNSPECIFIED.,.T.,.F.) B_SPLINE_CURVE_WITH_KNOTS((1,2
    ,2,2,2,1),(-2.094395102393,0.,2.094395102393,4.188790204786,
6.28318530718,8.377580409573),.UNSPECIFIED.) CURVE() 
GEOMETRIC_REPRESENTATION_ITEM() RATIONAL_B_SPLINE_CURVE((1.,0.5,1.,0.5,
1.,0.5,1.)) REPRESENTATION_ITEM('') );
#9964 = CARTESIAN_POINT('',(2.75,0.));
#9965 = CARTESIAN_POINT('',(2.75,-4.763139720814));
#9966 = CARTESIAN_POINT('',(-1.375,-2.381569860407));
#9967 = CARTESIAN_POINT('',(-5.5,-6.73555739531E-16));
#9968 = CARTESIAN_POINT('',(-1.375,2.381569860407));
#9969 = CARTESIAN_POINT('',(2.75,4.763139720814));
#9970 = CARTESIAN_POINT('',(2.75,0.));
#9971 = ( GEOMETRIC_REPRESENTATION_CONTEXT(2) 
PARAMETRIC_REPRESENTATION_CONTEXT() REPRESENTATION_CONTEXT('2D SPACE',''
  ) );
#9972 = ORIENTED_EDGE('',*,*,#9973,.T.);
#9973 = EDGE_CURVE('',#9946,#3848,#9974,.T.);
#9974 = SEAM_CURVE('',#9975,(#9979,#9986),.PCURVE_S1.);
#9975 = LINE('',#9976,#9977);
#9976 = CARTESIAN_POINT('',(240.45,350.,-1.));
#9977 = VECTOR('',#9978,1.);
#9978 = DIRECTION('',(0.,0.,1.));
#9979 = PCURVE('',#3868,#9980);
#9980 = DEFINITIONAL_REPRESENTATION('',(#9981),#9985);
#9981 = LINE('',#9982,#9983);
#9982 = CARTESIAN_POINT('',(-6.28318530718,0.));
#9983 = VECTOR('',#9984,1.);
#9984 = DIRECTION('',(-0.,-1.));
#9985 = ( GEOMETRIC_REPRESENTATION_CONTEXT(2) 
PARAMETRIC_REPRESENTATION_CONTEXT() REPRESENTATION_CONTEXT('2D SPACE',''
  ) );
#9986 = PCURVE('',#3868,#9987);
#9987 = DEFINITIONAL_REPRESENTATION('',(#9988),#9992);
#9988 = LINE('',#9989,#9990);
#9989 = CARTESIAN_POINT('',(-0.,0.));
#9990 = VECTOR('',#9991,1.);
#9991 = DIRECTION('',(-0.,-1.));
#9992 = ( GEOMETRIC_REPRESENTATION_CONTEXT(2) 
PARAMETRIC_REPRESENTATION_CONTEXT() REPRESENTATION_CONTEXT('2D SPACE',''
  ) );
#9993 = ORIENTED_EDGE('',*,*,#3847,.F.);
#9994 = ORIENTED_EDGE('',*,*,#9973,.F.);
#9995 = ADVANCED_FACE('',(#9996),#3903,.F.);
#9996 = FACE_BOUND('',#9997,.T.);
#9997 = EDGE_LOOP('',(#9998,#10026,#10047,#10048));
#9998 = ORIENTED_EDGE('',*,*,#9999,.T.);
#9999 = EDGE_CURVE('',#10000,#10000,#10002,.T.);
#10000 = VERTEX_POINT('',#10001);
#10001 = CARTESIAN_POINT('',(340.45,350.,6.));
#10002 = SURFACE_CURVE('',#10003,(#10008,#10015),.PCURVE_S1.);
#10003 = CIRCLE('',#10004,2.75);
#10004 = AXIS2_PLACEMENT_3D('',#10005,#10006,#10007);
#10005 = CARTESIAN_POINT('',(337.7,350.,6.));
#10006 = DIRECTION('',(0.,0.,-1.));
#10007 = DIRECTION('',(1.,0.,0.));
#10008 = PCURVE('',#3903,#10009);
#10009 = DEFINITIONAL_REPRESENTATION('',(#10010),#10014);
#10010 = LINE('',#10011,#10012);
#10011 = CARTESIAN_POINT('',(-6.28318530718,-7.));
#10012 = VECTOR('',#10013,1.);
#10013 = DIRECTION('',(1.,-0.));
#10014 = ( GEOMETRIC_REPRESENTATION_CONTEXT(2) 
PARAMETRIC_REPRESENTATION_CONTEXT() REPRESENTATION_CONTEXT('2D SPACE',''
  ) );
#10015 = PCURVE('',#7123,#10016);
#10016 = DEFINITIONAL_REPRESENTATION('',(#10017),#10025);
#10017 = ( BOUNDED_CURVE() B_SPLINE_CURVE(2,(#10018,#10019,#10020,#10021
    ,#10022,#10023,#10024),.UNSPECIFIED.,.T.,.F.) 
B_SPLINE_CURVE_WITH_KNOTS((1,2,2,2,2,1),(-2.094395102393,0.,
    2.094395102393,4.188790204786,6.28318530718,8.377580409573),
.UNSPECIFIED.) CURVE() GEOMETRIC_REPRESENTATION_ITEM() 
RATIONAL_B_SPLINE_CURVE((1.,0.5,1.,0.5,1.,0.5,1.)) REPRESENTATION_ITEM(
  '') );
#10018 = CARTESIAN_POINT('',(2.75,0.));
#10019 = CARTESIAN_POINT('',(2.75,-4.763139720814));
#10020 = CARTESIAN_POINT('',(-1.375,-2.381569860407));
#10021 = CARTESIAN_POINT('',(-5.5,-6.73555739531E-16));
#10022 = CARTESIAN_POINT('',(-1.375,2.381569860407));
#10023 = CARTESIAN_POINT('',(2.75,4.763139720814));
#10024 = CARTESIAN_POINT('',(2.75,0.));
#10025 = ( GEOMETRIC_REPRESENTATION_CONTEXT(2) 
PARAMETRIC_REPRESENTATION_CONTEXT() REPRESENTATION_CONTEXT('2D SPACE',''
  ) );
#10026 = ORIENTED_EDGE('',*,*,#10027,.T.);
#10027 = EDGE_CURVE('',#10000,#3883,#10028,.T.);
#10028 = SEAM_CURVE('',#10029,(#10033,#10040),.PCURVE_S1.);
#10029 = LINE('',#10030,#10031);
#10030 = CARTESIAN_POINT('',(340.45,350.,-1.));
#10031 = VECTOR('',#10032,1.);
#10032 = DIRECTION('',(0.,0.,1.));
#10033 = PCURVE('',#3903,#10034);
#10034 = DEFINITIONAL_REPRESENTATION('',(#10035),#10039);
#10035 = LINE('',#10036,#10037);
#10036 = CARTESIAN_POINT('',(-6.28318530718,0.));
#10037 = VECTOR('',#10038,1.);
#10038 = DIRECTION('',(-0.,-1.));
#10039 = ( GEOMETRIC_REPRESENTATION_CONTEXT(2) 
PARAMETRIC_REPRESENTATION_CONTEXT() REPRESENTATION_CONTEXT('2D SPACE',''
  ) );
#10040 = PCURVE('',#3903,#10041);
#10041 = DEFINITIONAL_REPRESENTATION('',(#10042),#10046);
#10042 = LINE('',#10043,#10044);
#10043 = CARTESIAN_POINT('',(-0.,0.));
#10044 = VECTOR('',#10045,1.);
#10045 = DIRECTION('',(-0.,-1.));
#10046 = ( GEOMETRIC_REPRESENTATION_CONTEXT(2) 
PARAMETRIC_REPRESENTATION_CONTEXT() REPRESENTATION_CONTEXT('2D SPACE',''
  ) );
#10047 = ORIENTED_EDGE('',*,*,#3882,.F.);
#10048 = ORIENTED_EDGE('',*,*,#10027,.F.);
#10049 = ADVANCED_FACE('',(#10050),#3938,.F.);
#10050 = FACE_BOUND('',#10051,.T.);
#10051 = EDGE_LOOP('',(#10052,#10080,#10101,#10102));
#10052 = ORIENTED_EDGE('',*,*,#10053,.T.);
#10053 = EDGE_CURVE('',#10054,#10054,#10056,.T.);
#10054 = VERTEX_POINT('',#10055);
#10055 = CARTESIAN_POINT('',(440.45,350.,6.));
#10056 = SURFACE_CURVE('',#10057,(#10062,#10069),.PCURVE_S1.);
#10057 = CIRCLE('',#10058,2.75);
#10058 = AXIS2_PLACEMENT_3D('',#10059,#10060,#10061);
#10059 = CARTESIAN_POINT('',(437.7,350.,6.));
#10060 = DIRECTION('',(0.,0.,-1.));
#10061 = DIRECTION('',(1.,0.,0.));
#10062 = PCURVE('',#3938,#10063);
#10063 = DEFINITIONAL_REPRESENTATION('',(#10064),#10068);
#10064 = LINE('',#10065,#10066);
#10065 = CARTESIAN_POINT('',(-6.28318530718,-7.));
#10066 = VECTOR('',#10067,1.);
#10067 = DIRECTION('',(1.,-0.));
#10068 = ( GEOMETRIC_REPRESENTATION_CONTEXT(2) 
PARAMETRIC_REPRESENTATION_CONTEXT() REPRESENTATION_CONTEXT('2D SPACE',''
  ) );
#10069 = PCURVE('',#7178,#10070);
#10070 = DEFINITIONAL_REPRESENTATION('',(#10071),#10079);
#10071 = ( BOUNDED_CURVE() B_SPLINE_CURVE(2,(#10072,#10073,#10074,#10075
    ,#10076,#10077,#10078),.UNSPECIFIED.,.T.,.F.) 
B_SPLINE_CURVE_WITH_KNOTS((1,2,2,2,2,1),(-2.094395102393,0.,
    2.094395102393,4.188790204786,6.28318530718,8.377580409573),
.UNSPECIFIED.) CURVE() GEOMETRIC_REPRESENTATION_ITEM() 
RATIONAL_B_SPLINE_CURVE((1.,0.5,1.,0.5,1.,0.5,1.)) REPRESENTATION_ITEM(
  '') );
#10072 = CARTESIAN_POINT('',(2.75,0.));
#10073 = CARTESIAN_POINT('',(2.75,-4.763139720814));
#10074 = CARTESIAN_POINT('',(-1.375,-2.381569860407));
#10075 = CARTESIAN_POINT('',(-5.5,-6.73555739531E-16));
#10076 = CARTESIAN_POINT('',(-1.375,2.381569860407));
#10077 = CARTESIAN_POINT('',(2.75,4.763139720814));
#10078 = CARTESIAN_POINT('',(2.75,0.));
#10079 = ( GEOMETRIC_REPRESENTATION_CONTEXT(2) 
PARAMETRIC_REPRESENTATION_CONTEXT() REPRESENTATION_CONTEXT('2D SPACE',''
  ) );
#10080 = ORIENTED_EDGE('',*,*,#10081,.T.);
#10081 = EDGE_CURVE('',#10054,#3918,#10082,.T.);
#10082 = SEAM_CURVE('',#10083,(#10087,#10094),.PCURVE_S1.);
#10083 = LINE('',#10084,#10085);
#10084 = CARTESIAN_POINT('',(440.45,350.,-1.));
#10085 = VECTOR('',#10086,1.);
#10086 = DIRECTION('',(0.,0.,1.));
#10087 = PCURVE('',#3938,#10088);
#10088 = DEFINITIONAL_REPRESENTATION('',(#10089),#10093);
#10089 = LINE('',#10090,#10091);
#10090 = CARTESIAN_POINT('',(-6.28318530718,0.));
#10091 = VECTOR('',#10092,1.);
#10092 = DIRECTION('',(-0.,-1.));
#10093 = ( GEOMETRIC_REPRESENTATION_CONTEXT(2) 
PARAMETRIC_REPRESENTATION_CONTEXT() REPRESENTATION_CONTEXT('2D SPACE',''
  ) );
#10094 = PCURVE('',#3938,#10095);
#10095 = DEFINITIONAL_REPRESENTATION('',(#10096),#10100);
#10096 = LINE('',#10097,#10098);
#10097 = CARTESIAN_POINT('',(-0.,0.));
#10098 = VECTOR('',#10099,1.);
#10099 = DIRECTION('',(-0.,-1.));
#10100 = ( GEOMETRIC_REPRESENTATION_CONTEXT(2) 
PARAMETRIC_REPRESENTATION_CONTEXT() REPRESENTATION_CONTEXT('2D SPACE',''
  ) );
#10101 = ORIENTED_EDGE('',*,*,#3917,.F.);
#10102 = ORIENTED_EDGE('',*,*,#10081,.F.);
#10103 = ADVANCED_FACE('',(#10104),#4003,.F.);
#10104 = FACE_BOUND('',#10105,.T.);
#10105 = EDGE_LOOP('',(#10106,#10134,#10155,#10156));
#10106 = ORIENTED_EDGE('',*,*,#10107,.T.);
#10107 = EDGE_CURVE('',#10108,#10108,#10110,.T.);
#10108 = VERTEX_POINT('',#10109);
#10109 = CARTESIAN_POINT('',(500.45,100.,6.));
#10110 = SURFACE_CURVE('',#10111,(#10116,#10123),.PCURVE_S1.);
#10111 = CIRCLE('',#10112,2.75);
#10112 = AXIS2_PLACEMENT_3D('',#10113,#10114,#10115);
#10113 = CARTESIAN_POINT('',(497.7,100.,6.));
#10114 = DIRECTION('',(0.,0.,-1.));
#10115 = DIRECTION('',(1.,0.,0.));
#10116 = PCURVE('',#4003,#10117);
#10117 = DEFINITIONAL_REPRESENTATION('',(#10118),#10122);
#10118 = LINE('',#10119,#10120);
#10119 = CARTESIAN_POINT('',(-6.28318530718,-7.));
#10120 = VECTOR('',#10121,1.);
#10121 = DIRECTION('',(1.,-0.));
#10122 = ( GEOMETRIC_REPRESENTATION_CONTEXT(2) 
PARAMETRIC_REPRESENTATION_CONTEXT() REPRESENTATION_CONTEXT('2D SPACE',''
  ) );
#10123 = PCURVE('',#7260,#10124);
#10124 = DEFINITIONAL_REPRESENTATION('',(#10125),#10133);
#10125 = ( BOUNDED_CURVE() B_SPLINE_CURVE(2,(#10126,#10127,#10128,#10129
    ,#10130,#10131,#10132),.UNSPECIFIED.,.T.,.F.) 
B_SPLINE_CURVE_WITH_KNOTS((1,2,2,2,2,1),(-2.094395102393,0.,
    2.094395102393,4.188790204786,6.28318530718,8.377580409573),
.UNSPECIFIED.) CURVE() GEOMETRIC_REPRESENTATION_ITEM() 
RATIONAL_B_SPLINE_CURVE((1.,0.5,1.,0.5,1.,0.5,1.)) REPRESENTATION_ITEM(
  '') );
#10126 = CARTESIAN_POINT('',(2.75,0.));
#10127 = CARTESIAN_POINT('',(2.75,-4.763139720814));
#10128 = CARTESIAN_POINT('',(-1.375,-2.381569860407));
#10129 = CARTESIAN_POINT('',(-5.5,-6.73555739531E-16));
#10130 = CARTESIAN_POINT('',(-1.375,2.381569860407));
#10131 = CARTESIAN_POINT('',(2.75,4.763139720814));
#10132 = CARTESIAN_POINT('',(2.75,0.));
#10133 = ( GEOMETRIC_REPRESENTATION_CONTEXT(2) 
PARAMETRIC_REPRESENTATION_CONTEXT() REPRESENTATION_CONTEXT('2D SPACE',''
  ) );
#10134 = ORIENTED_EDGE('',*,*,#10135,.T.);
#10135 = EDGE_CURVE('',#10108,#3983,#10136,.T.);
#10136 = SEAM_CURVE('',#10137,(#10141,#10148),.PCURVE_S1.);
#10137 = LINE('',#10138,#10139);
#10138 = CARTESIAN_POINT('',(500.45,100.,-1.));
#10139 = VECTOR('',#10140,1.);
#10140 = DIRECTION('',(0.,0.,1.));
#10141 = PCURVE('',#4003,#10142);
#10142 = DEFINITIONAL_REPRESENTATION('',(#10143),#10147);
#10143 = LINE('',#10144,#10145);
#10144 = CARTESIAN_POINT('',(-6.28318530718,0.));
#10145 = VECTOR('',#10146,1.);
#10146 = DIRECTION('',(-0.,-1.));
#10147 = ( GEOMETRIC_REPRESENTATION_CONTEXT(2) 
PARAMETRIC_REPRESENTATION_CONTEXT() REPRESENTATION_CONTEXT('2D SPACE',''
  ) );
#10148 = PCURVE('',#4003,#10149);
#10149 = DEFINITIONAL_REPRESENTATION('',(#10150),#10154);
#10150 = LINE('',#10151,#10152);
#10151 = CARTESIAN_POINT('',(-0.,0.));
#10152 = VECTOR('',#10153,1.);
#10153 = DIRECTION('',(-0.,-1.));
#10154 = ( GEOMETRIC_REPRESENTATION_CONTEXT(2) 
PARAMETRIC_REPRESENTATION_CONTEXT() REPRESENTATION_CONTEXT('2D SPACE',''
  ) );
#10155 = ORIENTED_EDGE('',*,*,#3982,.F.);
#10156 = ORIENTED_EDGE('',*,*,#10135,.F.);
#10157 = ADVANCED_FACE('',(#10158),#4068,.F.);
#10158 = FACE_BOUND('',#10159,.T.);
#10159 = EDGE_LOOP('',(#10160,#10188,#10209,#10210));
#10160 = ORIENTED_EDGE('',*,*,#10161,.T.);
#10161 = EDGE_CURVE('',#10162,#10162,#10164,.T.);
#10162 = VERTEX_POINT('',#10163);
#10163 = CARTESIAN_POINT('',(600.45,100.,6.));
#10164 = SURFACE_CURVE('',#10165,(#10170,#10177),.PCURVE_S1.);
#10165 = CIRCLE('',#10166,2.75);
#10166 = AXIS2_PLACEMENT_3D('',#10167,#10168,#10169);
#10167 = CARTESIAN_POINT('',(597.7,100.,6.));
#10168 = DIRECTION('',(0.,0.,-1.));
#10169 = DIRECTION('',(1.,0.,0.));
#10170 = PCURVE('',#4068,#10171);
#10171 = DEFINITIONAL_REPRESENTATION('',(#10172),#10176);
#10172 = LINE('',#10173,#10174);
#10173 = CARTESIAN_POINT('',(-6.28318530718,-7.));
#10174 = VECTOR('',#10175,1.);
#10175 = DIRECTION('',(1.,-0.));
#10176 = ( GEOMETRIC_REPRESENTATION_CONTEXT(2) 
PARAMETRIC_REPRESENTATION_CONTEXT() REPRESENTATION_CONTEXT('2D SPACE',''
  ) );
#10177 = PCURVE('',#7342,#10178);
#10178 = DEFINITIONAL_REPRESENTATION('',(#10179),#10187);
#10179 = ( BOUNDED_CURVE() B_SPLINE_CURVE(2,(#10180,#10181,#10182,#10183
    ,#10184,#10185,#10186),.UNSPECIFIED.,.T.,.F.) 
B_SPLINE_CURVE_WITH_KNOTS((1,2,2,2,2,1),(-2.094395102393,0.,
    2.094395102393,4.188790204786,6.28318530718,8.377580409573),
.UNSPECIFIED.) CURVE() GEOMETRIC_REPRESENTATION_ITEM() 
RATIONAL_B_SPLINE_CURVE((1.,0.5,1.,0.5,1.,0.5,1.)) REPRESENTATION_ITEM(
  '') );
#10180 = CARTESIAN_POINT('',(2.75,0.));
#10181 = CARTESIAN_POINT('',(2.75,-4.763139720814));
#10182 = CARTESIAN_POINT('',(-1.375,-2.381569860407));
#10183 = CARTESIAN_POINT('',(-5.5,-6.73555739531E-16));
#10184 = CARTESIAN_POINT('',(-1.375,2.381569860407));
#10185 = CARTESIAN_POINT('',(2.75,4.763139720814));
#10186 = CARTESIAN_POINT('',(2.75,0.));
#10187 = ( GEOMETRIC_REPRESENTATION_CONTEXT(2) 
PARAMETRIC_REPRESENTATION_CONTEXT() REPRESENTATION_CONTEXT('2D SPACE',''
  ) );
#10188 = ORIENTED_EDGE('',*,*,#10189,.T.);
#10189 = EDGE_CURVE('',#10162,#4048,#10190,.T.);
#10190 = SEAM_CURVE('',#10191,(#10195,#10202),.PCURVE_S1.);
#10191 = LINE('',#10192,#10193);
#10192 = CARTESIAN_POINT('',(600.45,100.,-1.));
#10193 = VECTOR('',#10194,1.);
#10194 = DIRECTION('',(0.,0.,1.));
#10195 = PCURVE('',#4068,#10196);
#10196 = DEFINITIONAL_REPRESENTATION('',(#10197),#10201);
#10197 = LINE('',#10198,#10199);
#10198 = CARTESIAN_POINT('',(-6.28318530718,0.));
#10199 = VECTOR('',#10200,1.);
#10200 = DIRECTION('',(-0.,-1.));
#10201 = ( GEOMETRIC_REPRESENTATION_CONTEXT(2) 
PARAMETRIC_REPRESENTATION_CONTEXT() REPRESENTATION_CONTEXT('2D SPACE',''
  ) );
#10202 = PCURVE('',#4068,#10203);
#10203 = DEFINITIONAL_REPRESENTATION('',(#10204),#10208);
#10204 = LINE('',#10205,#10206);
#10205 = CARTESIAN_POINT('',(-0.,0.));
#10206 = VECTOR('',#10207,1.);
#10207 = DIRECTION('',(-0.,-1.));
#10208 = ( GEOMETRIC_REPRESENTATION_CONTEXT(2) 
PARAMETRIC_REPRESENTATION_CONTEXT() REPRESENTATION_CONTEXT('2D SPACE',''
  ) );
#10209 = ORIENTED_EDGE('',*,*,#4047,.F.);
#10210 = ORIENTED_EDGE('',*,*,#10189,.F.);
#10211 = ADVANCED_FACE('',(#10212),#4103,.F.);
#10212 = FACE_BOUND('',#10213,.T.);
#10213 = EDGE_LOOP('',(#10214,#10242,#10263,#10264));
#10214 = ORIENTED_EDGE('',*,*,#10215,.T.);
#10215 = EDGE_CURVE('',#10216,#10216,#10218,.T.);
#10216 = VERTEX_POINT('',#10217);
#10217 = CARTESIAN_POINT('',(700.45,100.,6.));
#10218 = SURFACE_CURVE('',#10219,(#10224,#10231),.PCURVE_S1.);
#10219 = CIRCLE('',#10220,2.75);
#10220 = AXIS2_PLACEMENT_3D('',#10221,#10222,#10223);
#10221 = CARTESIAN_POINT('',(697.7,100.,6.));
#10222 = DIRECTION('',(0.,0.,-1.));
#10223 = DIRECTION('',(1.,0.,0.));
#10224 = PCURVE('',#4103,#10225);
#10225 = DEFINITIONAL_REPRESENTATION('',(#10226),#10230);
#10226 = LINE('',#10227,#10228);
#10227 = CARTESIAN_POINT('',(-6.28318530718,-7.));
#10228 = VECTOR('',#10229,1.);
#10229 = DIRECTION('',(1.,-0.));
#10230 = ( GEOMETRIC_REPRESENTATION_CONTEXT(2) 
PARAMETRIC_REPRESENTATION_CONTEXT() REPRESENTATION_CONTEXT('2D SPACE',''
  ) );
#10231 = PCURVE('',#7397,#10232);
#10232 = DEFINITIONAL_REPRESENTATION('',(#10233),#10241);
#10233 = ( BOUNDED_CURVE() B_SPLINE_CURVE(2,(#10234,#10235,#10236,#10237
    ,#10238,#10239,#10240),.UNSPECIFIED.,.T.,.F.) 
B_SPLINE_CURVE_WITH_KNOTS((1,2,2,2,2,1),(-2.094395102393,0.,
    2.094395102393,4.188790204786,6.28318530718,8.377580409573),
.UNSPECIFIED.) CURVE() GEOMETRIC_REPRESENTATION_ITEM() 
RATIONAL_B_SPLINE_CURVE((1.,0.5,1.,0.5,1.,0.5,1.)) REPRESENTATION_ITEM(
  '') );
#10234 = CARTESIAN_POINT('',(2.75,0.));
#10235 = CARTESIAN_POINT('',(2.75,-4.763139720814));
#10236 = CARTESIAN_POINT('',(-1.375,-2.381569860407));
#10237 = CARTESIAN_POINT('',(-5.5,-6.73555739531E-16));
#10238 = CARTESIAN_POINT('',(-1.375,2.381569860407));
#10239 = CARTESIAN_POINT('',(2.75,4.763139720814));
#10240 = CARTESIAN_POINT('',(2.75,0.));
#10241 = ( GEOMETRIC_REPRESENTATION_CONTEXT(2) 
PARAMETRIC_REPRESENTATION_CONTEXT() REPRESENTATION_CONTEXT('2D SPACE',''
  ) );
#10242 = ORIENTED_EDGE('',*,*,#10243,.T.);
#10243 = EDGE_CURVE('',#10216,#4083,#10244,.T.);
#10244 = SEAM_CURVE('',#10245,(#10249,#10256),.PCURVE_S1.);
#10245 = LINE('',#10246,#10247);
#10246 = CARTESIAN_POINT('',(700.45,100.,-1.));
#10247 = VECTOR('',#10248,1.);
#10248 = DIRECTION('',(0.,0.,1.));
#10249 = PCURVE('',#4103,#10250);
#10250 = DEFINITIONAL_REPRESENTATION('',(#10251),#10255);
#10251 = LINE('',#10252,#10253);
#10252 = CARTESIAN_POINT('',(-6.28318530718,0.));
#10253 = VECTOR('',#10254,1.);
#10254 = DIRECTION('',(-0.,-1.));
#10255 = ( GEOMETRIC_REPRESENTATION_CONTEXT(2) 
PARAMETRIC_REPRESENTATION_CONTEXT() REPRESENTATION_CONTEXT('2D SPACE',''
  ) );
#10256 = PCURVE('',#4103,#10257);
#10257 = DEFINITIONAL_REPRESENTATION('',(#10258),#10262);
#10258 = LINE('',#10259,#10260);
#10259 = CARTESIAN_POINT('',(-0.,0.));
#10260 = VECTOR('',#10261,1.);
#10261 = DIRECTION('',(-0.,-1.));
#10262 = ( GEOMETRIC_REPRESENTATION_CONTEXT(2) 
PARAMETRIC_REPRESENTATION_CONTEXT() REPRESENTATION_CONTEXT('2D SPACE',''
  ) );
#10263 = ORIENTED_EDGE('',*,*,#4082,.F.);
#10264 = ORIENTED_EDGE('',*,*,#10243,.F.);
#10265 = ADVANCED_FACE('',(#10266),#4168,.F.);
#10266 = FACE_BOUND('',#10267,.T.);
#10267 = EDGE_LOOP('',(#10268,#10296,#10317,#10318));
#10268 = ORIENTED_EDGE('',*,*,#10269,.T.);
#10269 = EDGE_CURVE('',#10270,#10270,#10272,.T.);
#10270 = VERTEX_POINT('',#10271);
#10271 = CARTESIAN_POINT('',(800.45,100.,6.));
#10272 = SURFACE_CURVE('',#10273,(#10278,#10285),.PCURVE_S1.);
#10273 = CIRCLE('',#10274,2.75);
#10274 = AXIS2_PLACEMENT_3D('',#10275,#10276,#10277);
#10275 = CARTESIAN_POINT('',(797.7,100.,6.));
#10276 = DIRECTION('',(0.,0.,-1.));
#10277 = DIRECTION('',(1.,0.,0.));
#10278 = PCURVE('',#4168,#10279);
#10279 = DEFINITIONAL_REPRESENTATION('',(#10280),#10284);
#10280 = LINE('',#10281,#10282);
#10281 = CARTESIAN_POINT('',(-6.28318530718,-7.));
#10282 = VECTOR('',#10283,1.);
#10283 = DIRECTION('',(1.,-0.));
#10284 = ( GEOMETRIC_REPRESENTATION_CONTEXT(2) 
PARAMETRIC_REPRESENTATION_CONTEXT() REPRESENTATION_CONTEXT('2D SPACE',''
  ) );
#10285 = PCURVE('',#7479,#10286);
#10286 = DEFINITIONAL_REPRESENTATION('',(#10287),#10295);
#10287 = ( BOUNDED_CURVE() B_SPLINE_CURVE(2,(#10288,#10289,#10290,#10291
    ,#10292,#10293,#10294),.UNSPECIFIED.,.T.,.F.) 
B_SPLINE_CURVE_WITH_KNOTS((1,2,2,2,2,1),(-2.094395102393,0.,
    2.094395102393,4.188790204786,6.28318530718,8.377580409573),
.UNSPECIFIED.) CURVE() GEOMETRIC_REPRESENTATION_ITEM() 
RATIONAL_B_SPLINE_CURVE((1.,0.5,1.,0.5,1.,0.5,1.)) REPRESENTATION_ITEM(
  '') );
#10288 = CARTESIAN_POINT('',(2.75,0.));
#10289 = CARTESIAN_POINT('',(2.75,-4.763139720814));
#10290 = CARTESIAN_POINT('',(-1.375,-2.381569860407));
#10291 = CARTESIAN_POINT('',(-5.5,-6.73555739531E-16));
#10292 = CARTESIAN_POINT('',(-1.375,2.381569860407));
#10293 = CARTESIAN_POINT('',(2.75,4.763139720814));
#10294 = CARTESIAN_POINT('',(2.75,0.));
#10295 = ( GEOMETRIC_REPRESENTATION_CONTEXT(2) 
PARAMETRIC_REPRESENTATION_CONTEXT() REPRESENTATION_CONTEXT('2D SPACE',''
  ) );
#10296 = ORIENTED_EDGE('',*,*,#10297,.T.);
#10297 = EDGE_CURVE('',#10270,#4148,#10298,.T.);
#10298 = SEAM_CURVE('',#10299,(#10303,#10310),.PCURVE_S1.);
#10299 = LINE('',#10300,#10301);
#10300 = CARTESIAN_POINT('',(800.45,100.,-1.));
#10301 = VECTOR('',#10302,1.);
#10302 = DIRECTION('',(0.,0.,1.));
#10303 = PCURVE('',#4168,#10304);
#10304 = DEFINITIONAL_REPRESENTATION('',(#10305),#10309);
#10305 = LINE('',#10306,#10307);
#10306 = CARTESIAN_POINT('',(-6.28318530718,0.));
#10307 = VECTOR('',#10308,1.);
#10308 = DIRECTION('',(-0.,-1.));
#10309 = ( GEOMETRIC_REPRESENTATION_CONTEXT(2) 
PARAMETRIC_REPRESENTATION_CONTEXT() REPRESENTATION_CONTEXT('2D SPACE',''
  ) );
#10310 = PCURVE('',#4168,#10311);
#10311 = DEFINITIONAL_REPRESENTATION('',(#10312),#10316);
#10312 = LINE('',#10313,#10314);
#10313 = CARTESIAN_POINT('',(-0.,0.));
#10314 = VECTOR('',#10315,1.);
#10315 = DIRECTION('',(-0.,-1.));
#10316 = ( GEOMETRIC_REPRESENTATION_CONTEXT(2) 
PARAMETRIC_REPRESENTATION_CONTEXT() REPRESENTATION_CONTEXT('2D SPACE',''
  ) );
#10317 = ORIENTED_EDGE('',*,*,#4147,.F.);
#10318 = ORIENTED_EDGE('',*,*,#10297,.F.);
#10319 = ADVANCED_FACE('',(#10320),#4203,.F.);
#10320 = FACE_BOUND('',#10321,.T.);
#10321 = EDGE_LOOP('',(#10322,#10350,#10371,#10372));
#10322 = ORIENTED_EDGE('',*,*,#10323,.T.);
#10323 = EDGE_CURVE('',#10324,#10324,#10326,.T.);
#10324 = VERTEX_POINT('',#10325);
#10325 = CARTESIAN_POINT('',(900.45,100.,6.));
#10326 = SURFACE_CURVE('',#10327,(#10332,#10339),.PCURVE_S1.);
#10327 = CIRCLE('',#10328,2.75);
#10328 = AXIS2_PLACEMENT_3D('',#10329,#10330,#10331);
#10329 = CARTESIAN_POINT('',(897.7,100.,6.));
#10330 = DIRECTION('',(0.,0.,-1.));
#10331 = DIRECTION('',(1.,0.,0.));
#10332 = PCURVE('',#4203,#10333);
#10333 = DEFINITIONAL_REPRESENTATION('',(#10334),#10338);
#10334 = LINE('',#10335,#10336);
#10335 = CARTESIAN_POINT('',(-6.28318530718,-7.));
#10336 = VECTOR('',#10337,1.);
#10337 = DIRECTION('',(1.,-0.));
#10338 = ( GEOMETRIC_REPRESENTATION_CONTEXT(2) 
PARAMETRIC_REPRESENTATION_CONTEXT() REPRESENTATION_CONTEXT('2D SPACE',''
  ) );
#10339 = PCURVE('',#7534,#10340);
#10340 = DEFINITIONAL_REPRESENTATION('',(#10341),#10349);
#10341 = ( BOUNDED_CURVE() B_SPLINE_CURVE(2,(#10342,#10343,#10344,#10345
    ,#10346,#10347,#10348),.UNSPECIFIED.,.T.,.F.) 
B_SPLINE_CURVE_WITH_KNOTS((1,2,2,2,2,1),(-2.094395102393,0.,
    2.094395102393,4.188790204786,6.28318530718,8.377580409573),
.UNSPECIFIED.) CURVE() GEOMETRIC_REPRESENTATION_ITEM() 
RATIONAL_B_SPLINE_CURVE((1.,0.5,1.,0.5,1.,0.5,1.)) REPRESENTATION_ITEM(
  '') );
#10342 = CARTESIAN_POINT('',(2.75,0.));
#10343 = CARTESIAN_POINT('',(2.75,-4.763139720814));
#10344 = CARTESIAN_POINT('',(-1.375,-2.381569860407));
#10345 = CARTESIAN_POINT('',(-5.5,-6.73555739531E-16));
#10346 = CARTESIAN_POINT('',(-1.375,2.381569860407));
#10347 = CARTESIAN_POINT('',(2.75,4.763139720814));
#10348 = CARTESIAN_POINT('',(2.75,0.));
#10349 = ( GEOMETRIC_REPRESENTATION_CONTEXT(2) 
PARAMETRIC_REPRESENTATION_CONTEXT() REPRESENTATION_CONTEXT('2D SPACE',''
  ) );
#10350 = ORIENTED_EDGE('',*,*,#10351,.T.);
#10351 = EDGE_CURVE('',#10324,#4183,#10352,.T.);
#10352 = SEAM_CURVE('',#10353,(#10357,#10364),.PCURVE_S1.);
#10353 = LINE('',#10354,#10355);
#10354 = CARTESIAN_POINT('',(900.45,100.,-1.));
#10355 = VECTOR('',#10356,1.);
#10356 = DIRECTION('',(0.,0.,1.));
#10357 = PCURVE('',#4203,#10358);
#10358 = DEFINITIONAL_REPRESENTATION('',(#10359),#10363);
#10359 = LINE('',#10360,#10361);
#10360 = CARTESIAN_POINT('',(-6.28318530718,0.));
#10361 = VECTOR('',#10362,1.);
#10362 = DIRECTION('',(-0.,-1.));
#10363 = ( GEOMETRIC_REPRESENTATION_CONTEXT(2) 
PARAMETRIC_REPRESENTATION_CONTEXT() REPRESENTATION_CONTEXT('2D SPACE',''
  ) );
#10364 = PCURVE('',#4203,#10365);
#10365 = DEFINITIONAL_REPRESENTATION('',(#10366),#10370);
#10366 = LINE('',#10367,#10368);
#10367 = CARTESIAN_POINT('',(-0.,0.));
#10368 = VECTOR('',#10369,1.);
#10369 = DIRECTION('',(-0.,-1.));
#10370 = ( GEOMETRIC_REPRESENTATION_CONTEXT(2) 
PARAMETRIC_REPRESENTATION_CONTEXT() REPRESENTATION_CONTEXT('2D SPACE',''
  ) );
#10371 = ORIENTED_EDGE('',*,*,#4182,.F.);
#10372 = ORIENTED_EDGE('',*,*,#10351,.F.);
#10373 = ADVANCED_FACE('',(#10374),#4238,.F.);
#10374 = FACE_BOUND('',#10375,.T.);
#10375 = EDGE_LOOP('',(#10376,#10404,#10425,#10426));
#10376 = ORIENTED_EDGE('',*,*,#10377,.T.);
#10377 = EDGE_CURVE('',#10378,#10378,#10380,.T.);
#10378 = VERTEX_POINT('',#10379);
#10379 = CARTESIAN_POINT('',(540.45,350.,6.));
#10380 = SURFACE_CURVE('',#10381,(#10386,#10393),.PCURVE_S1.);
#10381 = CIRCLE('',#10382,2.75);
#10382 = AXIS2_PLACEMENT_3D('',#10383,#10384,#10385);
#10383 = CARTESIAN_POINT('',(537.7,350.,6.));
#10384 = DIRECTION('',(0.,0.,-1.));
#10385 = DIRECTION('',(1.,0.,0.));
#10386 = PCURVE('',#4238,#10387);
#10387 = DEFINITIONAL_REPRESENTATION('',(#10388),#10392);
#10388 = LINE('',#10389,#10390);
#10389 = CARTESIAN_POINT('',(-6.28318530718,-7.));
#10390 = VECTOR('',#10391,1.);
#10391 = DIRECTION('',(1.,-0.));
#10392 = ( GEOMETRIC_REPRESENTATION_CONTEXT(2) 
PARAMETRIC_REPRESENTATION_CONTEXT() REPRESENTATION_CONTEXT('2D SPACE',''
  ) );
#10393 = PCURVE('',#7589,#10394);
#10394 = DEFINITIONAL_REPRESENTATION('',(#10395),#10403);
#10395 = ( BOUNDED_CURVE() B_SPLINE_CURVE(2,(#10396,#10397,#10398,#10399
    ,#10400,#10401,#10402),.UNSPECIFIED.,.T.,.F.) 
B_SPLINE_CURVE_WITH_KNOTS((1,2,2,2,2,1),(-2.094395102393,0.,
    2.094395102393,4.188790204786,6.28318530718,8.377580409573),
.UNSPECIFIED.) CURVE() GEOMETRIC_REPRESENTATION_ITEM() 
RATIONAL_B_SPLINE_CURVE((1.,0.5,1.,0.5,1.,0.5,1.)) REPRESENTATION_ITEM(
  '') );
#10396 = CARTESIAN_POINT('',(2.75,0.));
#10397 = CARTESIAN_POINT('',(2.75,-4.763139720814));
#10398 = CARTESIAN_POINT('',(-1.375,-2.381569860407));
#10399 = CARTESIAN_POINT('',(-5.5,-6.73555739531E-16));
#10400 = CARTESIAN_POINT('',(-1.375,2.381569860407));
#10401 = CARTESIAN_POINT('',(2.75,4.763139720814));
#10402 = CARTESIAN_POINT('',(2.75,0.));
#10403 = ( GEOMETRIC_REPRESENTATION_CONTEXT(2) 
PARAMETRIC_REPRESENTATION_CONTEXT() REPRESENTATION_CONTEXT('2D SPACE',''
  ) );
#10404 = ORIENTED_EDGE('',*,*,#10405,.T.);
#10405 = EDGE_CURVE('',#10378,#4218,#10406,.T.);
#10406 = SEAM_CURVE('',#10407,(#10411,#10418),.PCURVE_S1.);
#10407 = LINE('',#10408,#10409);
#10408 = CARTESIAN_POINT('',(540.45,350.,-1.));
#10409 = VECTOR('',#10410,1.);
#10410 = DIRECTION('',(0.,0.,1.));
#10411 = PCURVE('',#4238,#10412);
#10412 = DEFINITIONAL_REPRESENTATION('',(#10413),#10417);
#10413 = LINE('',#10414,#10415);
#10414 = CARTESIAN_POINT('',(-6.28318530718,0.));
#10415 = VECTOR('',#10416,1.);
#10416 = DIRECTION('',(-0.,-1.));
#10417 = ( GEOMETRIC_REPRESENTATION_CONTEXT(2) 
PARAMETRIC_REPRESENTATION_CONTEXT() REPRESENTATION_CONTEXT('2D SPACE',''
  ) );
#10418 = PCURVE('',#4238,#10419);
#10419 = DEFINITIONAL_REPRESENTATION('',(#10420),#10424);
#10420 = LINE('',#10421,#10422);
#10421 = CARTESIAN_POINT('',(-0.,0.));
#10422 = VECTOR('',#10423,1.);
#10423 = DIRECTION('',(-0.,-1.));
#10424 = ( GEOMETRIC_REPRESENTATION_CONTEXT(2) 
PARAMETRIC_REPRESENTATION_CONTEXT() REPRESENTATION_CONTEXT('2D SPACE',''
  ) );
#10425 = ORIENTED_EDGE('',*,*,#4217,.F.);
#10426 = ORIENTED_EDGE('',*,*,#10405,.F.);
#10427 = ADVANCED_FACE('',(#10428),#4273,.F.);
#10428 = FACE_BOUND('',#10429,.T.);
#10429 = EDGE_LOOP('',(#10430,#10458,#10479,#10480));
#10430 = ORIENTED_EDGE('',*,*,#10431,.T.);
#10431 = EDGE_CURVE('',#10432,#10432,#10434,.T.);
#10432 = VERTEX_POINT('',#10433);
#10433 = CARTESIAN_POINT('',(640.45,350.,6.));
#10434 = SURFACE_CURVE('',#10435,(#10440,#10447),.PCURVE_S1.);
#10435 = CIRCLE('',#10436,2.75);
#10436 = AXIS2_PLACEMENT_3D('',#10437,#10438,#10439);
#10437 = CARTESIAN_POINT('',(637.7,350.,6.));
#10438 = DIRECTION('',(0.,0.,-1.));
#10439 = DIRECTION('',(1.,0.,0.));
#10440 = PCURVE('',#4273,#10441);
#10441 = DEFINITIONAL_REPRESENTATION('',(#10442),#10446);
#10442 = LINE('',#10443,#10444);
#10443 = CARTESIAN_POINT('',(-6.28318530718,-7.));
#10444 = VECTOR('',#10445,1.);
#10445 = DIRECTION('',(1.,-0.));
#10446 = ( GEOMETRIC_REPRESENTATION_CONTEXT(2) 
PARAMETRIC_REPRESENTATION_CONTEXT() REPRESENTATION_CONTEXT('2D SPACE',''
  ) );
#10447 = PCURVE('',#7644,#10448);
#10448 = DEFINITIONAL_REPRESENTATION('',(#10449),#10457);
#10449 = ( BOUNDED_CURVE() B_SPLINE_CURVE(2,(#10450,#10451,#10452,#10453
    ,#10454,#10455,#10456),.UNSPECIFIED.,.T.,.F.) 
B_SPLINE_CURVE_WITH_KNOTS((1,2,2,2,2,1),(-2.094395102393,0.,
    2.094395102393,4.188790204786,6.28318530718,8.377580409573),
.UNSPECIFIED.) CURVE() GEOMETRIC_REPRESENTATION_ITEM() 
RATIONAL_B_SPLINE_CURVE((1.,0.5,1.,0.5,1.,0.5,1.)) REPRESENTATION_ITEM(
  '') );
#10450 = CARTESIAN_POINT('',(2.75,0.));
#10451 = CARTESIAN_POINT('',(2.75,-4.763139720814));
#10452 = CARTESIAN_POINT('',(-1.375,-2.381569860407));
#10453 = CARTESIAN_POINT('',(-5.5,-6.73555739531E-16));
#10454 = CARTESIAN_POINT('',(-1.375,2.381569860407));
#10455 = CARTESIAN_POINT('',(2.75,4.763139720814));
#10456 = CARTESIAN_POINT('',(2.75,0.));
#10457 = ( GEOMETRIC_REPRESENTATION_CONTEXT(2) 
PARAMETRIC_REPRESENTATION_CONTEXT() REPRESENTATION_CONTEXT('2D SPACE',''
  ) );
#10458 = ORIENTED_EDGE('',*,*,#10459,.T.);
#10459 = EDGE_CURVE('',#10432,#4253,#10460,.T.);
#10460 = SEAM_CURVE('',#10461,(#10465,#10472),.PCURVE_S1.);
#10461 = LINE('',#10462,#10463);
#10462 = CARTESIAN_POINT('',(640.45,350.,-1.));
#10463 = VECTOR('',#10464,1.);
#10464 = DIRECTION('',(0.,0.,1.));
#10465 = PCURVE('',#4273,#10466);
#10466 = DEFINITIONAL_REPRESENTATION('',(#10467),#10471);
#10467 = LINE('',#10468,#10469);
#10468 = CARTESIAN_POINT('',(-6.28318530718,0.));
#10469 = VECTOR('',#10470,1.);
#10470 = DIRECTION('',(-0.,-1.));
#10471 = ( GEOMETRIC_REPRESENTATION_CONTEXT(2) 
PARAMETRIC_REPRESENTATION_CONTEXT() REPRESENTATION_CONTEXT('2D SPACE',''
  ) );
#10472 = PCURVE('',#4273,#10473);
#10473 = DEFINITIONAL_REPRESENTATION('',(#10474),#10478);
#10474 = LINE('',#10475,#10476);
#10475 = CARTESIAN_POINT('',(-0.,0.));
#10476 = VECTOR('',#10477,1.);
#10477 = DIRECTION('',(-0.,-1.));
#10478 = ( GEOMETRIC_REPRESENTATION_CONTEXT(2) 
PARAMETRIC_REPRESENTATION_CONTEXT() REPRESENTATION_CONTEXT('2D SPACE',''
  ) );
#10479 = ORIENTED_EDGE('',*,*,#4252,.F.);
#10480 = ORIENTED_EDGE('',*,*,#10459,.F.);
#10481 = ADVANCED_FACE('',(#10482),#4338,.F.);
#10482 = FACE_BOUND('',#10483,.T.);
#10483 = EDGE_LOOP('',(#10484,#10512,#10533,#10534));
#10484 = ORIENTED_EDGE('',*,*,#10485,.T.);
#10485 = EDGE_CURVE('',#10486,#10486,#10488,.T.);
#10486 = VERTEX_POINT('',#10487);
#10487 = CARTESIAN_POINT('',(740.45,350.,6.));
#10488 = SURFACE_CURVE('',#10489,(#10494,#10501),.PCURVE_S1.);
#10489 = CIRCLE('',#10490,2.75);
#10490 = AXIS2_PLACEMENT_3D('',#10491,#10492,#10493);
#10491 = CARTESIAN_POINT('',(737.7,350.,6.));
#10492 = DIRECTION('',(0.,0.,-1.));
#10493 = DIRECTION('',(1.,0.,0.));
#10494 = PCURVE('',#4338,#10495);
#10495 = DEFINITIONAL_REPRESENTATION('',(#10496),#10500);
#10496 = LINE('',#10497,#10498);
#10497 = CARTESIAN_POINT('',(-6.28318530718,-7.));
#10498 = VECTOR('',#10499,1.);
#10499 = DIRECTION('',(1.,-0.));
#10500 = ( GEOMETRIC_REPRESENTATION_CONTEXT(2) 
PARAMETRIC_REPRESENTATION_CONTEXT() REPRESENTATION_CONTEXT('2D SPACE',''
  ) );
#10501 = PCURVE('',#7726,#10502);
#10502 = DEFINITIONAL_REPRESENTATION('',(#10503),#10511);
#10503 = ( BOUNDED_CURVE() B_SPLINE_CURVE(2,(#10504,#10505,#10506,#10507
    ,#10508,#10509,#10510),.UNSPECIFIED.,.T.,.F.) 
B_SPLINE_CURVE_WITH_KNOTS((1,2,2,2,2,1),(-2.094395102393,0.,
    2.094395102393,4.188790204786,6.28318530718,8.377580409573),
.UNSPECIFIED.) CURVE() GEOMETRIC_REPRESENTATION_ITEM() 
RATIONAL_B_SPLINE_CURVE((1.,0.5,1.,0.5,1.,0.5,1.)) REPRESENTATION_ITEM(
  '') );
#10504 = CARTESIAN_POINT('',(2.75,0.));
#10505 = CARTESIAN_POINT('',(2.75,-4.763139720814));
#10506 = CARTESIAN_POINT('',(-1.375,-2.381569860407));
#10507 = CARTESIAN_POINT('',(-5.5,-6.73555739531E-16));
#10508 = CARTESIAN_POINT('',(-1.375,2.381569860407));
#10509 = CARTESIAN_POINT('',(2.75,4.763139720814));
#10510 = CARTESIAN_POINT('',(2.75,0.));
#10511 = ( GEOMETRIC_REPRESENTATION_CONTEXT(2) 
PARAMETRIC_REPRESENTATION_CONTEXT() REPRESENTATION_CONTEXT('2D SPACE',''
  ) );
#10512 = ORIENTED_EDGE('',*,*,#10513,.T.);
#10513 = EDGE_CURVE('',#10486,#4318,#10514,.T.);
#10514 = SEAM_CURVE('',#10515,(#10519,#10526),.PCURVE_S1.);
#10515 = LINE('',#10516,#10517);
#10516 = CARTESIAN_POINT('',(740.45,350.,-1.));
#10517 = VECTOR('',#10518,1.);
#10518 = DIRECTION('',(0.,0.,1.));
#10519 = PCURVE('',#4338,#10520);
#10520 = DEFINITIONAL_REPRESENTATION('',(#10521),#10525);
#10521 = LINE('',#10522,#10523);
#10522 = CARTESIAN_POINT('',(-6.28318530718,0.));
#10523 = VECTOR('',#10524,1.);
#10524 = DIRECTION('',(-0.,-1.));
#10525 = ( GEOMETRIC_REPRESENTATION_CONTEXT(2) 
PARAMETRIC_REPRESENTATION_CONTEXT() REPRESENTATION_CONTEXT('2D SPACE',''
  ) );
#10526 = PCURVE('',#4338,#10527);
#10527 = DEFINITIONAL_REPRESENTATION('',(#10528),#10532);
#10528 = LINE('',#10529,#10530);
#10529 = CARTESIAN_POINT('',(-0.,0.));
#10530 = VECTOR('',#10531,1.);
#10531 = DIRECTION('',(-0.,-1.));
#10532 = ( GEOMETRIC_REPRESENTATION_CONTEXT(2) 
PARAMETRIC_REPRESENTATION_CONTEXT() REPRESENTATION_CONTEXT('2D SPACE',''
  ) );
#10533 = ORIENTED_EDGE('',*,*,#4317,.F.);
#10534 = ORIENTED_EDGE('',*,*,#10513,.F.);
#10535 = ADVANCED_FACE('',(#10536),#4373,.F.);
#10536 = FACE_BOUND('',#10537,.T.);
#10537 = EDGE_LOOP('',(#10538,#10566,#10587,#10588));
#10538 = ORIENTED_EDGE('',*,*,#10539,.T.);
#10539 = EDGE_CURVE('',#10540,#10540,#10542,.T.);
#10540 = VERTEX_POINT('',#10541);
#10541 = CARTESIAN_POINT('',(840.45,350.,6.));
#10542 = SURFACE_CURVE('',#10543,(#10548,#10555),.PCURVE_S1.);
#10543 = CIRCLE('',#10544,2.75);
#10544 = AXIS2_PLACEMENT_3D('',#10545,#10546,#10547);
#10545 = CARTESIAN_POINT('',(837.7,350.,6.));
#10546 = DIRECTION('',(0.,0.,-1.));
#10547 = DIRECTION('',(1.,0.,0.));
#10548 = PCURVE('',#4373,#10549);
#10549 = DEFINITIONAL_REPRESENTATION('',(#10550),#10554);
#10550 = LINE('',#10551,#10552);
#10551 = CARTESIAN_POINT('',(-6.28318530718,-7.));
#10552 = VECTOR('',#10553,1.);
#10553 = DIRECTION('',(1.,-0.));
#10554 = ( GEOMETRIC_REPRESENTATION_CONTEXT(2) 
PARAMETRIC_REPRESENTATION_CONTEXT() REPRESENTATION_CONTEXT('2D SPACE',''
  ) );
#10555 = PCURVE('',#7781,#10556);
#10556 = DEFINITIONAL_REPRESENTATION('',(#10557),#10565);
#10557 = ( BOUNDED_CURVE() B_SPLINE_CURVE(2,(#10558,#10559,#10560,#10561
    ,#10562,#10563,#10564),.UNSPECIFIED.,.T.,.F.) 
B_SPLINE_CURVE_WITH_KNOTS((1,2,2,2,2,1),(-2.094395102393,0.,
    2.094395102393,4.188790204786,6.28318530718,8.377580409573),
.UNSPECIFIED.) CURVE() GEOMETRIC_REPRESENTATION_ITEM() 
RATIONAL_B_SPLINE_CURVE((1.,0.5,1.,0.5,1.,0.5,1.)) REPRESENTATION_ITEM(
  '') );
#10558 = CARTESIAN_POINT('',(2.75,0.));
#10559 = CARTESIAN_POINT('',(2.75,-4.763139720814));
#10560 = CARTESIAN_POINT('',(-1.375,-2.381569860407));
#10561 = CARTESIAN_POINT('',(-5.5,-6.73555739531E-16));
#10562 = CARTESIAN_POINT('',(-1.375,2.381569860407));
#10563 = CARTESIAN_POINT('',(2.75,4.763139720814));
#10564 = CARTESIAN_POINT('',(2.75,0.));
#10565 = ( GEOMETRIC_REPRESENTATION_CONTEXT(2) 
PARAMETRIC_REPRESENTATION_CONTEXT() REPRESENTATION_CONTEXT('2D SPACE',''
  ) );
#10566 = ORIENTED_EDGE('',*,*,#10567,.T.);
#10567 = EDGE_CURVE('',#10540,#4353,#10568,.T.);
#10568 = SEAM_CURVE('',#10569,(#10573,#10580),.PCURVE_S1.);
#10569 = LINE('',#10570,#10571);
#10570 = CARTESIAN_POINT('',(840.45,350.,-1.));
#10571 = VECTOR('',#10572,1.);
#10572 = DIRECTION('',(0.,0.,1.));
#10573 = PCURVE('',#4373,#10574);
#10574 = DEFINITIONAL_REPRESENTATION('',(#10575),#10579);
#10575 = LINE('',#10576,#10577);
#10576 = CARTESIAN_POINT('',(-6.28318530718,0.));
#10577 = VECTOR('',#10578,1.);
#10578 = DIRECTION('',(-0.,-1.));
#10579 = ( GEOMETRIC_REPRESENTATION_CONTEXT(2) 
PARAMETRIC_REPRESENTATION_CONTEXT() REPRESENTATION_CONTEXT('2D SPACE',''
  ) );
#10580 = PCURVE('',#4373,#10581);
#10581 = DEFINITIONAL_REPRESENTATION('',(#10582),#10586);
#10582 = LINE('',#10583,#10584);
#10583 = CARTESIAN_POINT('',(-0.,0.));
#10584 = VECTOR('',#10585,1.);
#10585 = DIRECTION('',(-0.,-1.));
#10586 = ( GEOMETRIC_REPRESENTATION_CONTEXT(2) 
PARAMETRIC_REPRESENTATION_CONTEXT() REPRESENTATION_CONTEXT('2D SPACE',''
  ) );
#10587 = ORIENTED_EDGE('',*,*,#4352,.F.);
#10588 = ORIENTED_EDGE('',*,*,#10567,.F.);
#10589 = ADVANCED_FACE('',(#10590),#4438,.F.);
#10590 = FACE_BOUND('',#10591,.T.);
#10591 = EDGE_LOOP('',(#10592,#10620,#10641,#10642));
#10592 = ORIENTED_EDGE('',*,*,#10593,.T.);
#10593 = EDGE_CURVE('',#10594,#10594,#10596,.T.);
#10594 = VERTEX_POINT('',#10595);
#10595 = CARTESIAN_POINT('',(100.45,600.,6.));
#10596 = SURFACE_CURVE('',#10597,(#10602,#10609),.PCURVE_S1.);
#10597 = CIRCLE('',#10598,2.75);
#10598 = AXIS2_PLACEMENT_3D('',#10599,#10600,#10601);
#10599 = CARTESIAN_POINT('',(97.7,600.,6.));
#10600 = DIRECTION('',(0.,0.,-1.));
#10601 = DIRECTION('',(1.,0.,0.));
#10602 = PCURVE('',#4438,#10603);
#10603 = DEFINITIONAL_REPRESENTATION('',(#10604),#10608);
#10604 = LINE('',#10605,#10606);
#10605 = CARTESIAN_POINT('',(-6.28318530718,-7.));
#10606 = VECTOR('',#10607,1.);
#10607 = DIRECTION('',(1.,-0.));
#10608 = ( GEOMETRIC_REPRESENTATION_CONTEXT(2) 
PARAMETRIC_REPRESENTATION_CONTEXT() REPRESENTATION_CONTEXT('2D SPACE',''
  ) );
#10609 = PCURVE('',#7863,#10610);
#10610 = DEFINITIONAL_REPRESENTATION('',(#10611),#10619);
#10611 = ( BOUNDED_CURVE() B_SPLINE_CURVE(2,(#10612,#10613,#10614,#10615
    ,#10616,#10617,#10618),.UNSPECIFIED.,.T.,.F.) 
B_SPLINE_CURVE_WITH_KNOTS((1,2,2,2,2,1),(-2.094395102393,0.,
    2.094395102393,4.188790204786,6.28318530718,8.377580409573),
.UNSPECIFIED.) CURVE() GEOMETRIC_REPRESENTATION_ITEM() 
RATIONAL_B_SPLINE_CURVE((1.,0.5,1.,0.5,1.,0.5,1.)) REPRESENTATION_ITEM(
  '') );
#10612 = CARTESIAN_POINT('',(2.75,0.));
#10613 = CARTESIAN_POINT('',(2.75,-4.763139720814));
#10614 = CARTESIAN_POINT('',(-1.375,-2.381569860407));
#10615 = CARTESIAN_POINT('',(-5.5,-6.73555739531E-16));
#10616 = CARTESIAN_POINT('',(-1.375,2.381569860407));
#10617 = CARTESIAN_POINT('',(2.75,4.763139720814));
#10618 = CARTESIAN_POINT('',(2.75,0.));
#10619 = ( GEOMETRIC_REPRESENTATION_CONTEXT(2) 
PARAMETRIC_REPRESENTATION_CONTEXT() REPRESENTATION_CONTEXT('2D SPACE',''
  ) );
#10620 = ORIENTED_EDGE('',*,*,#10621,.T.);
#10621 = EDGE_CURVE('',#10594,#4418,#10622,.T.);
#10622 = SEAM_CURVE('',#10623,(#10627,#10634),.PCURVE_S1.);
#10623 = LINE('',#10624,#10625);
#10624 = CARTESIAN_POINT('',(100.45,600.,-1.));
#10625 = VECTOR('',#10626,1.);
#10626 = DIRECTION('',(0.,0.,1.));
#10627 = PCURVE('',#4438,#10628);
#10628 = DEFINITIONAL_REPRESENTATION('',(#10629),#10633);
#10629 = LINE('',#10630,#10631);
#10630 = CARTESIAN_POINT('',(-6.28318530718,0.));
#10631 = VECTOR('',#10632,1.);
#10632 = DIRECTION('',(-0.,-1.));
#10633 = ( GEOMETRIC_REPRESENTATION_CONTEXT(2) 
PARAMETRIC_REPRESENTATION_CONTEXT() REPRESENTATION_CONTEXT('2D SPACE',''
  ) );
#10634 = PCURVE('',#4438,#10635);
#10635 = DEFINITIONAL_REPRESENTATION('',(#10636),#10640);
#10636 = LINE('',#10637,#10638);
#10637 = CARTESIAN_POINT('',(-0.,0.));
#10638 = VECTOR('',#10639,1.);
#10639 = DIRECTION('',(-0.,-1.));
#10640 = ( GEOMETRIC_REPRESENTATION_CONTEXT(2) 
PARAMETRIC_REPRESENTATION_CONTEXT() REPRESENTATION_CONTEXT('2D SPACE',''
  ) );
#10641 = ORIENTED_EDGE('',*,*,#4417,.F.);
#10642 = ORIENTED_EDGE('',*,*,#10621,.F.);
#10643 = ADVANCED_FACE('',(#10644),#4473,.F.);
#10644 = FACE_BOUND('',#10645,.T.);
#10645 = EDGE_LOOP('',(#10646,#10674,#10695,#10696));
#10646 = ORIENTED_EDGE('',*,*,#10647,.T.);
#10647 = EDGE_CURVE('',#10648,#10648,#10650,.T.);
#10648 = VERTEX_POINT('',#10649);
#10649 = CARTESIAN_POINT('',(200.45,600.,6.));
#10650 = SURFACE_CURVE('',#10651,(#10656,#10663),.PCURVE_S1.);
#10651 = CIRCLE('',#10652,2.75);
#10652 = AXIS2_PLACEMENT_3D('',#10653,#10654,#10655);
#10653 = CARTESIAN_POINT('',(197.7,600.,6.));
#10654 = DIRECTION('',(0.,0.,-1.));
#10655 = DIRECTION('',(1.,0.,0.));
#10656 = PCURVE('',#4473,#10657);
#10657 = DEFINITIONAL_REPRESENTATION('',(#10658),#10662);
#10658 = LINE('',#10659,#10660);
#10659 = CARTESIAN_POINT('',(-6.28318530718,-7.));
#10660 = VECTOR('',#10661,1.);
#10661 = DIRECTION('',(1.,-0.));
#10662 = ( GEOMETRIC_REPRESENTATION_CONTEXT(2) 
PARAMETRIC_REPRESENTATION_CONTEXT() REPRESENTATION_CONTEXT('2D SPACE',''
  ) );
#10663 = PCURVE('',#7918,#10664);
#10664 = DEFINITIONAL_REPRESENTATION('',(#10665),#10673);
#10665 = ( BOUNDED_CURVE() B_SPLINE_CURVE(2,(#10666,#10667,#10668,#10669
    ,#10670,#10671,#10672),.UNSPECIFIED.,.T.,.F.) 
B_SPLINE_CURVE_WITH_KNOTS((1,2,2,2,2,1),(-2.094395102393,0.,
    2.094395102393,4.188790204786,6.28318530718,8.377580409573),
.UNSPECIFIED.) CURVE() GEOMETRIC_REPRESENTATION_ITEM() 
RATIONAL_B_SPLINE_CURVE((1.,0.5,1.,0.5,1.,0.5,1.)) REPRESENTATION_ITEM(
  '') );
#10666 = CARTESIAN_POINT('',(2.75,0.));
#10667 = CARTESIAN_POINT('',(2.75,-4.763139720814));
#10668 = CARTESIAN_POINT('',(-1.375,-2.381569860407));
#10669 = CARTESIAN_POINT('',(-5.5,-6.73555739531E-16));
#10670 = CARTESIAN_POINT('',(-1.375,2.381569860407));
#10671 = CARTESIAN_POINT('',(2.75,4.763139720814));
#10672 = CARTESIAN_POINT('',(2.75,0.));
#10673 = ( GEOMETRIC_REPRESENTATION_CONTEXT(2) 
PARAMETRIC_REPRESENTATION_CONTEXT() REPRESENTATION_CONTEXT('2D SPACE',''
  ) );
#10674 = ORIENTED_EDGE('',*,*,#10675,.T.);
#10675 = EDGE_CURVE('',#10648,#4453,#10676,.T.);
#10676 = SEAM_CURVE('',#10677,(#10681,#10688),.PCURVE_S1.);
#10677 = LINE('',#10678,#10679);
#10678 = CARTESIAN_POINT('',(200.45,600.,-1.));
#10679 = VECTOR('',#10680,1.);
#10680 = DIRECTION('',(0.,0.,1.));
#10681 = PCURVE('',#4473,#10682);
#10682 = DEFINITIONAL_REPRESENTATION('',(#10683),#10687);
#10683 = LINE('',#10684,#10685);
#10684 = CARTESIAN_POINT('',(-6.28318530718,0.));
#10685 = VECTOR('',#10686,1.);
#10686 = DIRECTION('',(-0.,-1.));
#10687 = ( GEOMETRIC_REPRESENTATION_CONTEXT(2) 
PARAMETRIC_REPRESENTATION_CONTEXT() REPRESENTATION_CONTEXT('2D SPACE',''
  ) );
#10688 = PCURVE('',#4473,#10689);
#10689 = DEFINITIONAL_REPRESENTATION('',(#10690),#10694);
#10690 = LINE('',#10691,#10692);
#10691 = CARTESIAN_POINT('',(-0.,0.));
#10692 = VECTOR('',#10693,1.);
#10693 = DIRECTION('',(-0.,-1.));
#10694 = ( GEOMETRIC_REPRESENTATION_CONTEXT(2) 
PARAMETRIC_REPRESENTATION_CONTEXT() REPRESENTATION_CONTEXT('2D SPACE',''
  ) );
#10695 = ORIENTED_EDGE('',*,*,#4452,.F.);
#10696 = ORIENTED_EDGE('',*,*,#10675,.F.);
#10697 = ADVANCED_FACE('',(#10698),#4538,.F.);
#10698 = FACE_BOUND('',#10699,.T.);
#10699 = EDGE_LOOP('',(#10700,#10728,#10749,#10750));
#10700 = ORIENTED_EDGE('',*,*,#10701,.T.);
#10701 = EDGE_CURVE('',#10702,#10702,#10704,.T.);
#10702 = VERTEX_POINT('',#10703);
#10703 = CARTESIAN_POINT('',(40.45,850.,6.));
#10704 = SURFACE_CURVE('',#10705,(#10710,#10717),.PCURVE_S1.);
#10705 = CIRCLE('',#10706,2.75);
#10706 = AXIS2_PLACEMENT_3D('',#10707,#10708,#10709);
#10707 = CARTESIAN_POINT('',(37.7,850.,6.));
#10708 = DIRECTION('',(0.,0.,-1.));
#10709 = DIRECTION('',(1.,0.,0.));
#10710 = PCURVE('',#4538,#10711);
#10711 = DEFINITIONAL_REPRESENTATION('',(#10712),#10716);
#10712 = LINE('',#10713,#10714);
#10713 = CARTESIAN_POINT('',(-6.28318530718,-7.));
#10714 = VECTOR('',#10715,1.);
#10715 = DIRECTION('',(1.,-0.));
#10716 = ( GEOMETRIC_REPRESENTATION_CONTEXT(2) 
PARAMETRIC_REPRESENTATION_CONTEXT() REPRESENTATION_CONTEXT('2D SPACE',''
  ) );
#10717 = PCURVE('',#8000,#10718);
#10718 = DEFINITIONAL_REPRESENTATION('',(#10719),#10727);
#10719 = ( BOUNDED_CURVE() B_SPLINE_CURVE(2,(#10720,#10721,#10722,#10723
    ,#10724,#10725,#10726),.UNSPECIFIED.,.T.,.F.) 
B_SPLINE_CURVE_WITH_KNOTS((1,2,2,2,2,1),(-2.094395102393,0.,
    2.094395102393,4.188790204786,6.28318530718,8.377580409573),
.UNSPECIFIED.) CURVE() GEOMETRIC_REPRESENTATION_ITEM() 
RATIONAL_B_SPLINE_CURVE((1.,0.5,1.,0.5,1.,0.5,1.)) REPRESENTATION_ITEM(
  '') );
#10720 = CARTESIAN_POINT('',(2.75,0.));
#10721 = CARTESIAN_POINT('',(2.75,-4.763139720814));
#10722 = CARTESIAN_POINT('',(-1.375,-2.381569860407));
#10723 = CARTESIAN_POINT('',(-5.5,-6.73555739531E-16));
#10724 = CARTESIAN_POINT('',(-1.375,2.381569860407));
#10725 = CARTESIAN_POINT('',(2.75,4.763139720814));
#10726 = CARTESIAN_POINT('',(2.75,0.));
#10727 = ( GEOMETRIC_REPRESENTATION_CONTEXT(2) 
PARAMETRIC_REPRESENTATION_CONTEXT() REPRESENTATION_CONTEXT('2D SPACE',''
  ) );
#10728 = ORIENTED_EDGE('',*,*,#10729,.T.);
#10729 = EDGE_CURVE('',#10702,#4518,#10730,.T.);
#10730 = SEAM_CURVE('',#10731,(#10735,#10742),.PCURVE_S1.);
#10731 = LINE('',#10732,#10733);
#10732 = CARTESIAN_POINT('',(40.45,850.,-1.));
#10733 = VECTOR('',#10734,1.);
#10734 = DIRECTION('',(0.,0.,1.));
#10735 = PCURVE('',#4538,#10736);
#10736 = DEFINITIONAL_REPRESENTATION('',(#10737),#10741);
#10737 = LINE('',#10738,#10739);
#10738 = CARTESIAN_POINT('',(-6.28318530718,0.));
#10739 = VECTOR('',#10740,1.);
#10740 = DIRECTION('',(-0.,-1.));
#10741 = ( GEOMETRIC_REPRESENTATION_CONTEXT(2) 
PARAMETRIC_REPRESENTATION_CONTEXT() REPRESENTATION_CONTEXT('2D SPACE',''
  ) );
#10742 = PCURVE('',#4538,#10743);
#10743 = DEFINITIONAL_REPRESENTATION('',(#10744),#10748);
#10744 = LINE('',#10745,#10746);
#10745 = CARTESIAN_POINT('',(-0.,0.));
#10746 = VECTOR('',#10747,1.);
#10747 = DIRECTION('',(-0.,-1.));
#10748 = ( GEOMETRIC_REPRESENTATION_CONTEXT(2) 
PARAMETRIC_REPRESENTATION_CONTEXT() REPRESENTATION_CONTEXT('2D SPACE',''
  ) );
#10749 = ORIENTED_EDGE('',*,*,#4517,.F.);
#10750 = ORIENTED_EDGE('',*,*,#10729,.F.);
#10751 = ADVANCED_FACE('',(#10752),#4573,.F.);
#10752 = FACE_BOUND('',#10753,.T.);
#10753 = EDGE_LOOP('',(#10754,#10782,#10803,#10804));
#10754 = ORIENTED_EDGE('',*,*,#10755,.T.);
#10755 = EDGE_CURVE('',#10756,#10756,#10758,.T.);
#10756 = VERTEX_POINT('',#10757);
#10757 = CARTESIAN_POINT('',(140.45,850.,6.));
#10758 = SURFACE_CURVE('',#10759,(#10764,#10771),.PCURVE_S1.);
#10759 = CIRCLE('',#10760,2.75);
#10760 = AXIS2_PLACEMENT_3D('',#10761,#10762,#10763);
#10761 = CARTESIAN_POINT('',(137.7,850.,6.));
#10762 = DIRECTION('',(0.,0.,-1.));
#10763 = DIRECTION('',(1.,0.,0.));
#10764 = PCURVE('',#4573,#10765);
#10765 = DEFINITIONAL_REPRESENTATION('',(#10766),#10770);
#10766 = LINE('',#10767,#10768);
#10767 = CARTESIAN_POINT('',(-6.28318530718,-7.));
#10768 = VECTOR('',#10769,1.);
#10769 = DIRECTION('',(1.,-0.));
#10770 = ( GEOMETRIC_REPRESENTATION_CONTEXT(2) 
PARAMETRIC_REPRESENTATION_CONTEXT() REPRESENTATION_CONTEXT('2D SPACE',''
  ) );
#10771 = PCURVE('',#8055,#10772);
#10772 = DEFINITIONAL_REPRESENTATION('',(#10773),#10781);
#10773 = ( BOUNDED_CURVE() B_SPLINE_CURVE(2,(#10774,#10775,#10776,#10777
    ,#10778,#10779,#10780),.UNSPECIFIED.,.T.,.F.) 
B_SPLINE_CURVE_WITH_KNOTS((1,2,2,2,2,1),(-2.094395102393,0.,
    2.094395102393,4.188790204786,6.28318530718,8.377580409573),
.UNSPECIFIED.) CURVE() GEOMETRIC_REPRESENTATION_ITEM() 
RATIONAL_B_SPLINE_CURVE((1.,0.5,1.,0.5,1.,0.5,1.)) REPRESENTATION_ITEM(
  '') );
#10774 = CARTESIAN_POINT('',(2.75,0.));
#10775 = CARTESIAN_POINT('',(2.75,-4.763139720814));
#10776 = CARTESIAN_POINT('',(-1.375,-2.381569860407));
#10777 = CARTESIAN_POINT('',(-5.5,-6.73555739531E-16));
#10778 = CARTESIAN_POINT('',(-1.375,2.381569860407));
#10779 = CARTESIAN_POINT('',(2.75,4.763139720814));
#10780 = CARTESIAN_POINT('',(2.75,0.));
#10781 = ( GEOMETRIC_REPRESENTATION_CONTEXT(2) 
PARAMETRIC_REPRESENTATION_CONTEXT() REPRESENTATION_CONTEXT('2D SPACE',''
  ) );
#10782 = ORIENTED_EDGE('',*,*,#10783,.T.);
#10783 = EDGE_CURVE('',#10756,#4553,#10784,.T.);
#10784 = SEAM_CURVE('',#10785,(#10789,#10796),.PCURVE_S1.);
#10785 = LINE('',#10786,#10787);
#10786 = CARTESIAN_POINT('',(140.45,850.,-1.));
#10787 = VECTOR('',#10788,1.);
#10788 = DIRECTION('',(0.,0.,1.));
#10789 = PCURVE('',#4573,#10790);
#10790 = DEFINITIONAL_REPRESENTATION('',(#10791),#10795);
#10791 = LINE('',#10792,#10793);
#10792 = CARTESIAN_POINT('',(-6.28318530718,0.));
#10793 = VECTOR('',#10794,1.);
#10794 = DIRECTION('',(-0.,-1.));
#10795 = ( GEOMETRIC_REPRESENTATION_CONTEXT(2) 
PARAMETRIC_REPRESENTATION_CONTEXT() REPRESENTATION_CONTEXT('2D SPACE',''
  ) );
#10796 = PCURVE('',#4573,#10797);
#10797 = DEFINITIONAL_REPRESENTATION('',(#10798),#10802);
#10798 = LINE('',#10799,#10800);
#10799 = CARTESIAN_POINT('',(-0.,0.));
#10800 = VECTOR('',#10801,1.);
#10801 = DIRECTION('',(-0.,-1.));
#10802 = ( GEOMETRIC_REPRESENTATION_CONTEXT(2) 
PARAMETRIC_REPRESENTATION_CONTEXT() REPRESENTATION_CONTEXT('2D SPACE',''
  ) );
#10803 = ORIENTED_EDGE('',*,*,#4552,.F.);
#10804 = ORIENTED_EDGE('',*,*,#10783,.F.);
#10805 = ADVANCED_FACE('',(#10806),#4608,.F.);
#10806 = FACE_BOUND('',#10807,.T.);
#10807 = EDGE_LOOP('',(#10808,#10836,#10857,#10858));
#10808 = ORIENTED_EDGE('',*,*,#10809,.T.);
#10809 = EDGE_CURVE('',#10810,#10810,#10812,.T.);
#10810 = VERTEX_POINT('',#10811);
#10811 = CARTESIAN_POINT('',(240.45,850.,6.));
#10812 = SURFACE_CURVE('',#10813,(#10818,#10825),.PCURVE_S1.);
#10813 = CIRCLE('',#10814,2.75);
#10814 = AXIS2_PLACEMENT_3D('',#10815,#10816,#10817);
#10815 = CARTESIAN_POINT('',(237.7,850.,6.));
#10816 = DIRECTION('',(0.,0.,-1.));
#10817 = DIRECTION('',(1.,0.,0.));
#10818 = PCURVE('',#4608,#10819);
#10819 = DEFINITIONAL_REPRESENTATION('',(#10820),#10824);
#10820 = LINE('',#10821,#10822);
#10821 = CARTESIAN_POINT('',(-6.28318530718,-7.));
#10822 = VECTOR('',#10823,1.);
#10823 = DIRECTION('',(1.,-0.));
#10824 = ( GEOMETRIC_REPRESENTATION_CONTEXT(2) 
PARAMETRIC_REPRESENTATION_CONTEXT() REPRESENTATION_CONTEXT('2D SPACE',''
  ) );
#10825 = PCURVE('',#8110,#10826);
#10826 = DEFINITIONAL_REPRESENTATION('',(#10827),#10835);
#10827 = ( BOUNDED_CURVE() B_SPLINE_CURVE(2,(#10828,#10829,#10830,#10831
    ,#10832,#10833,#10834),.UNSPECIFIED.,.T.,.F.) 
B_SPLINE_CURVE_WITH_KNOTS((1,2,2,2,2,1),(-2.094395102393,0.,
    2.094395102393,4.188790204786,6.28318530718,8.377580409573),
.UNSPECIFIED.) CURVE() GEOMETRIC_REPRESENTATION_ITEM() 
RATIONAL_B_SPLINE_CURVE((1.,0.5,1.,0.5,1.,0.5,1.)) REPRESENTATION_ITEM(
  '') );
#10828 = CARTESIAN_POINT('',(2.75,0.));
#10829 = CARTESIAN_POINT('',(2.75,-4.763139720814));
#10830 = CARTESIAN_POINT('',(-1.375,-2.381569860407));
#10831 = CARTESIAN_POINT('',(-5.5,-6.73555739531E-16));
#10832 = CARTESIAN_POINT('',(-1.375,2.381569860407));
#10833 = CARTESIAN_POINT('',(2.75,4.763139720814));
#10834 = CARTESIAN_POINT('',(2.75,0.));
#10835 = ( GEOMETRIC_REPRESENTATION_CONTEXT(2) 
PARAMETRIC_REPRESENTATION_CONTEXT() REPRESENTATION_CONTEXT('2D SPACE',''
  ) );
#10836 = ORIENTED_EDGE('',*,*,#10837,.T.);
#10837 = EDGE_CURVE('',#10810,#4588,#10838,.T.);
#10838 = SEAM_CURVE('',#10839,(#10843,#10850),.PCURVE_S1.);
#10839 = LINE('',#10840,#10841);
#10840 = CARTESIAN_POINT('',(240.45,850.,-1.));
#10841 = VECTOR('',#10842,1.);
#10842 = DIRECTION('',(0.,0.,1.));
#10843 = PCURVE('',#4608,#10844);
#10844 = DEFINITIONAL_REPRESENTATION('',(#10845),#10849);
#10845 = LINE('',#10846,#10847);
#10846 = CARTESIAN_POINT('',(-6.28318530718,0.));
#10847 = VECTOR('',#10848,1.);
#10848 = DIRECTION('',(-0.,-1.));
#10849 = ( GEOMETRIC_REPRESENTATION_CONTEXT(2) 
PARAMETRIC_REPRESENTATION_CONTEXT() REPRESENTATION_CONTEXT('2D SPACE',''
  ) );
#10850 = PCURVE('',#4608,#10851);
#10851 = DEFINITIONAL_REPRESENTATION('',(#10852),#10856);
#10852 = LINE('',#10853,#10854);
#10853 = CARTESIAN_POINT('',(-0.,0.));
#10854 = VECTOR('',#10855,1.);
#10855 = DIRECTION('',(-0.,-1.));
#10856 = ( GEOMETRIC_REPRESENTATION_CONTEXT(2) 
PARAMETRIC_REPRESENTATION_CONTEXT() REPRESENTATION_CONTEXT('2D SPACE',''
  ) );
#10857 = ORIENTED_EDGE('',*,*,#4587,.F.);
#10858 = ORIENTED_EDGE('',*,*,#10837,.F.);
#10859 = ADVANCED_FACE('',(#10860),#4643,.F.);
#10860 = FACE_BOUND('',#10861,.T.);
#10861 = EDGE_LOOP('',(#10862,#10890,#10911,#10912));
#10862 = ORIENTED_EDGE('',*,*,#10863,.T.);
#10863 = EDGE_CURVE('',#10864,#10864,#10866,.T.);
#10864 = VERTEX_POINT('',#10865);
#10865 = CARTESIAN_POINT('',(300.45,600.,6.));
#10866 = SURFACE_CURVE('',#10867,(#10872,#10879),.PCURVE_S1.);
#10867 = CIRCLE('',#10868,2.75);
#10868 = AXIS2_PLACEMENT_3D('',#10869,#10870,#10871);
#10869 = CARTESIAN_POINT('',(297.7,600.,6.));
#10870 = DIRECTION('',(0.,0.,-1.));
#10871 = DIRECTION('',(1.,0.,0.));
#10872 = PCURVE('',#4643,#10873);
#10873 = DEFINITIONAL_REPRESENTATION('',(#10874),#10878);
#10874 = LINE('',#10875,#10876);
#10875 = CARTESIAN_POINT('',(-6.28318530718,-7.));
#10876 = VECTOR('',#10877,1.);
#10877 = DIRECTION('',(1.,-0.));
#10878 = ( GEOMETRIC_REPRESENTATION_CONTEXT(2) 
PARAMETRIC_REPRESENTATION_CONTEXT() REPRESENTATION_CONTEXT('2D SPACE',''
  ) );
#10879 = PCURVE('',#8165,#10880);
#10880 = DEFINITIONAL_REPRESENTATION('',(#10881),#10889);
#10881 = ( BOUNDED_CURVE() B_SPLINE_CURVE(2,(#10882,#10883,#10884,#10885
    ,#10886,#10887,#10888),.UNSPECIFIED.,.T.,.F.) 
B_SPLINE_CURVE_WITH_KNOTS((1,2,2,2,2,1),(-2.094395102393,0.,
    2.094395102393,4.188790204786,6.28318530718,8.377580409573),
.UNSPECIFIED.) CURVE() GEOMETRIC_REPRESENTATION_ITEM() 
RATIONAL_B_SPLINE_CURVE((1.,0.5,1.,0.5,1.,0.5,1.)) REPRESENTATION_ITEM(
  '') );
#10882 = CARTESIAN_POINT('',(2.75,0.));
#10883 = CARTESIAN_POINT('',(2.75,-4.763139720814));
#10884 = CARTESIAN_POINT('',(-1.375,-2.381569860407));
#10885 = CARTESIAN_POINT('',(-5.5,-6.73555739531E-16));
#10886 = CARTESIAN_POINT('',(-1.375,2.381569860407));
#10887 = CARTESIAN_POINT('',(2.75,4.763139720814));
#10888 = CARTESIAN_POINT('',(2.75,0.));
#10889 = ( GEOMETRIC_REPRESENTATION_CONTEXT(2) 
PARAMETRIC_REPRESENTATION_CONTEXT() REPRESENTATION_CONTEXT('2D SPACE',''
  ) );
#10890 = ORIENTED_EDGE('',*,*,#10891,.T.);
#10891 = EDGE_CURVE('',#10864,#4623,#10892,.T.);
#10892 = SEAM_CURVE('',#10893,(#10897,#10904),.PCURVE_S1.);
#10893 = LINE('',#10894,#10895);
#10894 = CARTESIAN_POINT('',(300.45,600.,-1.));
#10895 = VECTOR('',#10896,1.);
#10896 = DIRECTION('',(0.,0.,1.));
#10897 = PCURVE('',#4643,#10898);
#10898 = DEFINITIONAL_REPRESENTATION('',(#10899),#10903);
#10899 = LINE('',#10900,#10901);
#10900 = CARTESIAN_POINT('',(-6.28318530718,0.));
#10901 = VECTOR('',#10902,1.);
#10902 = DIRECTION('',(-0.,-1.));
#10903 = ( GEOMETRIC_REPRESENTATION_CONTEXT(2) 
PARAMETRIC_REPRESENTATION_CONTEXT() REPRESENTATION_CONTEXT('2D SPACE',''
  ) );
#10904 = PCURVE('',#4643,#10905);
#10905 = DEFINITIONAL_REPRESENTATION('',(#10906),#10910);
#10906 = LINE('',#10907,#10908);
#10907 = CARTESIAN_POINT('',(-0.,0.));
#10908 = VECTOR('',#10909,1.);
#10909 = DIRECTION('',(-0.,-1.));
#10910 = ( GEOMETRIC_REPRESENTATION_CONTEXT(2) 
PARAMETRIC_REPRESENTATION_CONTEXT() REPRESENTATION_CONTEXT('2D SPACE',''
  ) );
#10911 = ORIENTED_EDGE('',*,*,#4622,.F.);
#10912 = ORIENTED_EDGE('',*,*,#10891,.F.);
#10913 = ADVANCED_FACE('',(#10914),#4678,.F.);
#10914 = FACE_BOUND('',#10915,.T.);
#10915 = EDGE_LOOP('',(#10916,#10944,#10965,#10966));
#10916 = ORIENTED_EDGE('',*,*,#10917,.T.);
#10917 = EDGE_CURVE('',#10918,#10918,#10920,.T.);
#10918 = VERTEX_POINT('',#10919);
#10919 = CARTESIAN_POINT('',(400.45,600.,6.));
#10920 = SURFACE_CURVE('',#10921,(#10926,#10933),.PCURVE_S1.);
#10921 = CIRCLE('',#10922,2.75);
#10922 = AXIS2_PLACEMENT_3D('',#10923,#10924,#10925);
#10923 = CARTESIAN_POINT('',(397.7,600.,6.));
#10924 = DIRECTION('',(0.,0.,-1.));
#10925 = DIRECTION('',(1.,0.,0.));
#10926 = PCURVE('',#4678,#10927);
#10927 = DEFINITIONAL_REPRESENTATION('',(#10928),#10932);
#10928 = LINE('',#10929,#10930);
#10929 = CARTESIAN_POINT('',(-6.28318530718,-7.));
#10930 = VECTOR('',#10931,1.);
#10931 = DIRECTION('',(1.,-0.));
#10932 = ( GEOMETRIC_REPRESENTATION_CONTEXT(2) 
PARAMETRIC_REPRESENTATION_CONTEXT() REPRESENTATION_CONTEXT('2D SPACE',''
  ) );
#10933 = PCURVE('',#8220,#10934);
#10934 = DEFINITIONAL_REPRESENTATION('',(#10935),#10943);
#10935 = ( BOUNDED_CURVE() B_SPLINE_CURVE(2,(#10936,#10937,#10938,#10939
    ,#10940,#10941,#10942),.UNSPECIFIED.,.T.,.F.) 
B_SPLINE_CURVE_WITH_KNOTS((1,2,2,2,2,1),(-2.094395102393,0.,
    2.094395102393,4.188790204786,6.28318530718,8.377580409573),
.UNSPECIFIED.) CURVE() GEOMETRIC_REPRESENTATION_ITEM() 
RATIONAL_B_SPLINE_CURVE((1.,0.5,1.,0.5,1.,0.5,1.)) REPRESENTATION_ITEM(
  '') );
#10936 = CARTESIAN_POINT('',(2.75,0.));
#10937 = CARTESIAN_POINT('',(2.75,-4.763139720814));
#10938 = CARTESIAN_POINT('',(-1.375,-2.381569860407));
#10939 = CARTESIAN_POINT('',(-5.5,-6.73555739531E-16));
#10940 = CARTESIAN_POINT('',(-1.375,2.381569860407));
#10941 = CARTESIAN_POINT('',(2.75,4.763139720814));
#10942 = CARTESIAN_POINT('',(2.75,0.));
#10943 = ( GEOMETRIC_REPRESENTATION_CONTEXT(2) 
PARAMETRIC_REPRESENTATION_CONTEXT() REPRESENTATION_CONTEXT('2D SPACE',''
  ) );
#10944 = ORIENTED_EDGE('',*,*,#10945,.T.);
#10945 = EDGE_CURVE('',#10918,#4658,#10946,.T.);
#10946 = SEAM_CURVE('',#10947,(#10951,#10958),.PCURVE_S1.);
#10947 = LINE('',#10948,#10949);
#10948 = CARTESIAN_POINT('',(400.45,600.,-1.));
#10949 = VECTOR('',#10950,1.);
#10950 = DIRECTION('',(0.,0.,1.));
#10951 = PCURVE('',#4678,#10952);
#10952 = DEFINITIONAL_REPRESENTATION('',(#10953),#10957);
#10953 = LINE('',#10954,#10955);
#10954 = CARTESIAN_POINT('',(-6.28318530718,0.));
#10955 = VECTOR('',#10956,1.);
#10956 = DIRECTION('',(-0.,-1.));
#10957 = ( GEOMETRIC_REPRESENTATION_CONTEXT(2) 
PARAMETRIC_REPRESENTATION_CONTEXT() REPRESENTATION_CONTEXT('2D SPACE',''
  ) );
#10958 = PCURVE('',#4678,#10959);
#10959 = DEFINITIONAL_REPRESENTATION('',(#10960),#10964);
#10960 = LINE('',#10961,#10962);
#10961 = CARTESIAN_POINT('',(-0.,0.));
#10962 = VECTOR('',#10963,1.);
#10963 = DIRECTION('',(-0.,-1.));
#10964 = ( GEOMETRIC_REPRESENTATION_CONTEXT(2) 
PARAMETRIC_REPRESENTATION_CONTEXT() REPRESENTATION_CONTEXT('2D SPACE',''
  ) );
#10965 = ORIENTED_EDGE('',*,*,#4657,.F.);
#10966 = ORIENTED_EDGE('',*,*,#10945,.F.);
#10967 = ADVANCED_FACE('',(#10968),#4713,.F.);
#10968 = FACE_BOUND('',#10969,.T.);
#10969 = EDGE_LOOP('',(#10970,#10998,#11019,#11020));
#10970 = ORIENTED_EDGE('',*,*,#10971,.T.);
#10971 = EDGE_CURVE('',#10972,#10972,#10974,.T.);
#10972 = VERTEX_POINT('',#10973);
#10973 = CARTESIAN_POINT('',(340.45,850.,6.));
#10974 = SURFACE_CURVE('',#10975,(#10980,#10987),.PCURVE_S1.);
#10975 = CIRCLE('',#10976,2.75);
#10976 = AXIS2_PLACEMENT_3D('',#10977,#10978,#10979);
#10977 = CARTESIAN_POINT('',(337.7,850.,6.));
#10978 = DIRECTION('',(0.,0.,-1.));
#10979 = DIRECTION('',(1.,0.,0.));
#10980 = PCURVE('',#4713,#10981);
#10981 = DEFINITIONAL_REPRESENTATION('',(#10982),#10986);
#10982 = LINE('',#10983,#10984);
#10983 = CARTESIAN_POINT('',(-6.28318530718,-7.));
#10984 = VECTOR('',#10985,1.);
#10985 = DIRECTION('',(1.,-0.));
#10986 = ( GEOMETRIC_REPRESENTATION_CONTEXT(2) 
PARAMETRIC_REPRESENTATION_CONTEXT() REPRESENTATION_CONTEXT('2D SPACE',''
  ) );
#10987 = PCURVE('',#8275,#10988);
#10988 = DEFINITIONAL_REPRESENTATION('',(#10989),#10997);
#10989 = ( BOUNDED_CURVE() B_SPLINE_CURVE(2,(#10990,#10991,#10992,#10993
    ,#10994,#10995,#10996),.UNSPECIFIED.,.T.,.F.) 
B_SPLINE_CURVE_WITH_KNOTS((1,2,2,2,2,1),(-2.094395102393,0.,
    2.094395102393,4.188790204786,6.28318530718,8.377580409573),
.UNSPECIFIED.) CURVE() GEOMETRIC_REPRESENTATION_ITEM() 
RATIONAL_B_SPLINE_CURVE((1.,0.5,1.,0.5,1.,0.5,1.)) REPRESENTATION_ITEM(
  '') );
#10990 = CARTESIAN_POINT('',(2.75,0.));
#10991 = CARTESIAN_POINT('',(2.75,-4.763139720814));
#10992 = CARTESIAN_POINT('',(-1.375,-2.381569860407));
#10993 = CARTESIAN_POINT('',(-5.5,-6.73555739531E-16));
#10994 = CARTESIAN_POINT('',(-1.375,2.381569860407));
#10995 = CARTESIAN_POINT('',(2.75,4.763139720814));
#10996 = CARTESIAN_POINT('',(2.75,0.));
#10997 = ( GEOMETRIC_REPRESENTATION_CONTEXT(2) 
PARAMETRIC_REPRESENTATION_CONTEXT() REPRESENTATION_CONTEXT('2D SPACE',''
  ) );
#10998 = ORIENTED_EDGE('',*,*,#10999,.T.);
#10999 = EDGE_CURVE('',#10972,#4693,#11000,.T.);
#11000 = SEAM_CURVE('',#11001,(#11005,#11012),.PCURVE_S1.);
#11001 = LINE('',#11002,#11003);
#11002 = CARTESIAN_POINT('',(340.45,850.,-1.));
#11003 = VECTOR('',#11004,1.);
#11004 = DIRECTION('',(0.,0.,1.));
#11005 = PCURVE('',#4713,#11006);
#11006 = DEFINITIONAL_REPRESENTATION('',(#11007),#11011);
#11007 = LINE('',#11008,#11009);
#11008 = CARTESIAN_POINT('',(-6.28318530718,0.));
#11009 = VECTOR('',#11010,1.);
#11010 = DIRECTION('',(-0.,-1.));
#11011 = ( GEOMETRIC_REPRESENTATION_CONTEXT(2) 
PARAMETRIC_REPRESENTATION_CONTEXT() REPRESENTATION_CONTEXT('2D SPACE',''
  ) );
#11012 = PCURVE('',#4713,#11013);
#11013 = DEFINITIONAL_REPRESENTATION('',(#11014),#11018);
#11014 = LINE('',#11015,#11016);
#11015 = CARTESIAN_POINT('',(-0.,0.));
#11016 = VECTOR('',#11017,1.);
#11017 = DIRECTION('',(-0.,-1.));
#11018 = ( GEOMETRIC_REPRESENTATION_CONTEXT(2) 
PARAMETRIC_REPRESENTATION_CONTEXT() REPRESENTATION_CONTEXT('2D SPACE',''
  ) );
#11019 = ORIENTED_EDGE('',*,*,#4692,.F.);
#11020 = ORIENTED_EDGE('',*,*,#10999,.F.);
#11021 = ADVANCED_FACE('',(#11022),#4778,.F.);
#11022 = FACE_BOUND('',#11023,.T.);
#11023 = EDGE_LOOP('',(#11024,#11052,#11073,#11074));
#11024 = ORIENTED_EDGE('',*,*,#11025,.T.);
#11025 = EDGE_CURVE('',#11026,#11026,#11028,.T.);
#11026 = VERTEX_POINT('',#11027);
#11027 = CARTESIAN_POINT('',(440.45,850.,6.));
#11028 = SURFACE_CURVE('',#11029,(#11034,#11041),.PCURVE_S1.);
#11029 = CIRCLE('',#11030,2.75);
#11030 = AXIS2_PLACEMENT_3D('',#11031,#11032,#11033);
#11031 = CARTESIAN_POINT('',(437.7,850.,6.));
#11032 = DIRECTION('',(0.,0.,-1.));
#11033 = DIRECTION('',(1.,0.,0.));
#11034 = PCURVE('',#4778,#11035);
#11035 = DEFINITIONAL_REPRESENTATION('',(#11036),#11040);
#11036 = LINE('',#11037,#11038);
#11037 = CARTESIAN_POINT('',(-6.28318530718,-7.));
#11038 = VECTOR('',#11039,1.);
#11039 = DIRECTION('',(1.,-0.));
#11040 = ( GEOMETRIC_REPRESENTATION_CONTEXT(2) 
PARAMETRIC_REPRESENTATION_CONTEXT() REPRESENTATION_CONTEXT('2D SPACE',''
  ) );
#11041 = PCURVE('',#8357,#11042);
#11042 = DEFINITIONAL_REPRESENTATION('',(#11043),#11051);
#11043 = ( BOUNDED_CURVE() B_SPLINE_CURVE(2,(#11044,#11045,#11046,#11047
    ,#11048,#11049,#11050),.UNSPECIFIED.,.T.,.F.) 
B_SPLINE_CURVE_WITH_KNOTS((1,2,2,2,2,1),(-2.094395102393,0.,
    2.094395102393,4.188790204786,6.28318530718,8.377580409573),
.UNSPECIFIED.) CURVE() GEOMETRIC_REPRESENTATION_ITEM() 
RATIONAL_B_SPLINE_CURVE((1.,0.5,1.,0.5,1.,0.5,1.)) REPRESENTATION_ITEM(
  '') );
#11044 = CARTESIAN_POINT('',(2.75,0.));
#11045 = CARTESIAN_POINT('',(2.75,-4.763139720814));
#11046 = CARTESIAN_POINT('',(-1.375,-2.381569860407));
#11047 = CARTESIAN_POINT('',(-5.5,-6.73555739531E-16));
#11048 = CARTESIAN_POINT('',(-1.375,2.381569860407));
#11049 = CARTESIAN_POINT('',(2.75,4.763139720814));
#11050 = CARTESIAN_POINT('',(2.75,0.));
#11051 = ( GEOMETRIC_REPRESENTATION_CONTEXT(2) 
PARAMETRIC_REPRESENTATION_CONTEXT() REPRESENTATION_CONTEXT('2D SPACE',''
  ) );
#11052 = ORIENTED_EDGE('',*,*,#11053,.T.);
#11053 = EDGE_CURVE('',#11026,#4758,#11054,.T.);
#11054 = SEAM_CURVE('',#11055,(#11059,#11066),.PCURVE_S1.);
#11055 = LINE('',#11056,#11057);
#11056 = CARTESIAN_POINT('',(440.45,850.,-1.));
#11057 = VECTOR('',#11058,1.);
#11058 = DIRECTION('',(0.,0.,1.));
#11059 = PCURVE('',#4778,#11060);
#11060 = DEFINITIONAL_REPRESENTATION('',(#11061),#11065);
#11061 = LINE('',#11062,#11063);
#11062 = CARTESIAN_POINT('',(-6.28318530718,0.));
#11063 = VECTOR('',#11064,1.);
#11064 = DIRECTION('',(-0.,-1.));
#11065 = ( GEOMETRIC_REPRESENTATION_CONTEXT(2) 
PARAMETRIC_REPRESENTATION_CONTEXT() REPRESENTATION_CONTEXT('2D SPACE',''
  ) );
#11066 = PCURVE('',#4778,#11067);
#11067 = DEFINITIONAL_REPRESENTATION('',(#11068),#11072);
#11068 = LINE('',#11069,#11070);
#11069 = CARTESIAN_POINT('',(-0.,0.));
#11070 = VECTOR('',#11071,1.);
#11071 = DIRECTION('',(-0.,-1.));
#11072 = ( GEOMETRIC_REPRESENTATION_CONTEXT(2) 
PARAMETRIC_REPRESENTATION_CONTEXT() REPRESENTATION_CONTEXT('2D SPACE',''
  ) );
#11073 = ORIENTED_EDGE('',*,*,#4757,.F.);
#11074 = ORIENTED_EDGE('',*,*,#11053,.F.);
#11075 = ADVANCED_FACE('',(#11076),#4813,.F.);
#11076 = FACE_BOUND('',#11077,.T.);
#11077 = EDGE_LOOP('',(#11078,#11106,#11127,#11128));
#11078 = ORIENTED_EDGE('',*,*,#11079,.T.);
#11079 = EDGE_CURVE('',#11080,#11080,#11082,.T.);
#11080 = VERTEX_POINT('',#11081);
#11081 = CARTESIAN_POINT('',(100.45,1.1E+03,6.));
#11082 = SURFACE_CURVE('',#11083,(#11088,#11095),.PCURVE_S1.);
#11083 = CIRCLE('',#11084,2.75);
#11084 = AXIS2_PLACEMENT_3D('',#11085,#11086,#11087);
#11085 = CARTESIAN_POINT('',(97.7,1.1E+03,6.));
#11086 = DIRECTION('',(0.,0.,-1.));
#11087 = DIRECTION('',(1.,0.,0.));
#11088 = PCURVE('',#4813,#11089);
#11089 = DEFINITIONAL_REPRESENTATION('',(#11090),#11094);
#11090 = LINE('',#11091,#11092);
#11091 = CARTESIAN_POINT('',(-6.28318530718,-7.));
#11092 = VECTOR('',#11093,1.);
#11093 = DIRECTION('',(1.,-0.));
#11094 = ( GEOMETRIC_REPRESENTATION_CONTEXT(2) 
PARAMETRIC_REPRESENTATION_CONTEXT() REPRESENTATION_CONTEXT('2D SPACE',''
  ) );
#11095 = PCURVE('',#8412,#11096);
#11096 = DEFINITIONAL_REPRESENTATION('',(#11097),#11105);
#11097 = ( BOUNDED_CURVE() B_SPLINE_CURVE(2,(#11098,#11099,#11100,#11101
    ,#11102,#11103,#11104),.UNSPECIFIED.,.T.,.F.) 
B_SPLINE_CURVE_WITH_KNOTS((1,2,2,2,2,1),(-2.094395102393,0.,
    2.094395102393,4.188790204786,6.28318530718,8.377580409573),
.UNSPECIFIED.) CURVE() GEOMETRIC_REPRESENTATION_ITEM() 
RATIONAL_B_SPLINE_CURVE((1.,0.5,1.,0.5,1.,0.5,1.)) REPRESENTATION_ITEM(
  '') );
#11098 = CARTESIAN_POINT('',(2.75,0.));
#11099 = CARTESIAN_POINT('',(2.75,-4.763139720814));
#11100 = CARTESIAN_POINT('',(-1.375,-2.381569860407));
#11101 = CARTESIAN_POINT('',(-5.5,-6.73555739531E-16));
#11102 = CARTESIAN_POINT('',(-1.375,2.381569860407));
#11103 = CARTESIAN_POINT('',(2.75,4.763139720814));
#11104 = CARTESIAN_POINT('',(2.75,0.));
#11105 = ( GEOMETRIC_REPRESENTATION_CONTEXT(2) 
PARAMETRIC_REPRESENTATION_CONTEXT() REPRESENTATION_CONTEXT('2D SPACE',''
  ) );
#11106 = ORIENTED_EDGE('',*,*,#11107,.T.);
#11107 = EDGE_CURVE('',#11080,#4793,#11108,.T.);
#11108 = SEAM_CURVE('',#11109,(#11113,#11120),.PCURVE_S1.);
#11109 = LINE('',#11110,#11111);
#11110 = CARTESIAN_POINT('',(100.45,1.1E+03,-1.));
#11111 = VECTOR('',#11112,1.);
#11112 = DIRECTION('',(0.,0.,1.));
#11113 = PCURVE('',#4813,#11114);
#11114 = DEFINITIONAL_REPRESENTATION('',(#11115),#11119);
#11115 = LINE('',#11116,#11117);
#11116 = CARTESIAN_POINT('',(-6.28318530718,0.));
#11117 = VECTOR('',#11118,1.);
#11118 = DIRECTION('',(-0.,-1.));
#11119 = ( GEOMETRIC_REPRESENTATION_CONTEXT(2) 
PARAMETRIC_REPRESENTATION_CONTEXT() REPRESENTATION_CONTEXT('2D SPACE',''
  ) );
#11120 = PCURVE('',#4813,#11121);
#11121 = DEFINITIONAL_REPRESENTATION('',(#11122),#11126);
#11122 = LINE('',#11123,#11124);
#11123 = CARTESIAN_POINT('',(-0.,0.));
#11124 = VECTOR('',#11125,1.);
#11125 = DIRECTION('',(-0.,-1.));
#11126 = ( GEOMETRIC_REPRESENTATION_CONTEXT(2) 
PARAMETRIC_REPRESENTATION_CONTEXT() REPRESENTATION_CONTEXT('2D SPACE',''
  ) );
#11127 = ORIENTED_EDGE('',*,*,#4792,.F.);
#11128 = ORIENTED_EDGE('',*,*,#11107,.F.);
#11129 = ADVANCED_FACE('',(#11130),#4878,.F.);
#11130 = FACE_BOUND('',#11131,.T.);
#11131 = EDGE_LOOP('',(#11132,#11160,#11181,#11182));
#11132 = ORIENTED_EDGE('',*,*,#11133,.T.);
#11133 = EDGE_CURVE('',#11134,#11134,#11136,.T.);
#11134 = VERTEX_POINT('',#11135);
#11135 = CARTESIAN_POINT('',(200.45,1.1E+03,6.));
#11136 = SURFACE_CURVE('',#11137,(#11142,#11149),.PCURVE_S1.);
#11137 = CIRCLE('',#11138,2.75);
#11138 = AXIS2_PLACEMENT_3D('',#11139,#11140,#11141);
#11139 = CARTESIAN_POINT('',(197.7,1.1E+03,6.));
#11140 = DIRECTION('',(0.,0.,-1.));
#11141 = DIRECTION('',(1.,0.,0.));
#11142 = PCURVE('',#4878,#11143);
#11143 = DEFINITIONAL_REPRESENTATION('',(#11144),#11148);
#11144 = LINE('',#11145,#11146);
#11145 = CARTESIAN_POINT('',(-6.28318530718,-7.));
#11146 = VECTOR('',#11147,1.);
#11147 = DIRECTION('',(1.,-0.));
#11148 = ( GEOMETRIC_REPRESENTATION_CONTEXT(2) 
PARAMETRIC_REPRESENTATION_CONTEXT() REPRESENTATION_CONTEXT('2D SPACE',''
  ) );
#11149 = PCURVE('',#8494,#11150);
#11150 = DEFINITIONAL_REPRESENTATION('',(#11151),#11159);
#11151 = ( BOUNDED_CURVE() B_SPLINE_CURVE(2,(#11152,#11153,#11154,#11155
    ,#11156,#11157,#11158),.UNSPECIFIED.,.T.,.F.) 
B_SPLINE_CURVE_WITH_KNOTS((1,2,2,2,2,1),(-2.094395102393,0.,
    2.094395102393,4.188790204786,6.28318530718,8.377580409573),
.UNSPECIFIED.) CURVE() GEOMETRIC_REPRESENTATION_ITEM() 
RATIONAL_B_SPLINE_CURVE((1.,0.5,1.,0.5,1.,0.5,1.)) REPRESENTATION_ITEM(
  '') );
#11152 = CARTESIAN_POINT('',(2.75,0.));
#11153 = CARTESIAN_POINT('',(2.75,-4.763139720814));
#11154 = CARTESIAN_POINT('',(-1.375,-2.381569860407));
#11155 = CARTESIAN_POINT('',(-5.5,-6.73555739531E-16));
#11156 = CARTESIAN_POINT('',(-1.375,2.381569860407));
#11157 = CARTESIAN_POINT('',(2.75,4.763139720814));
#11158 = CARTESIAN_POINT('',(2.75,0.));
#11159 = ( GEOMETRIC_REPRESENTATION_CONTEXT(2) 
PARAMETRIC_REPRESENTATION_CONTEXT() REPRESENTATION_CONTEXT('2D SPACE',''
  ) );
#11160 = ORIENTED_EDGE('',*,*,#11161,.T.);
#11161 = EDGE_CURVE('',#11134,#4858,#11162,.T.);
#11162 = SEAM_CURVE('',#11163,(#11167,#11174),.PCURVE_S1.);
#11163 = LINE('',#11164,#11165);
#11164 = CARTESIAN_POINT('',(200.45,1.1E+03,-1.));
#11165 = VECTOR('',#11166,1.);
#11166 = DIRECTION('',(0.,0.,1.));
#11167 = PCURVE('',#4878,#11168);
#11168 = DEFINITIONAL_REPRESENTATION('',(#11169),#11173);
#11169 = LINE('',#11170,#11171);
#11170 = CARTESIAN_POINT('',(-6.28318530718,0.));
#11171 = VECTOR('',#11172,1.);
#11172 = DIRECTION('',(-0.,-1.));
#11173 = ( GEOMETRIC_REPRESENTATION_CONTEXT(2) 
PARAMETRIC_REPRESENTATION_CONTEXT() REPRESENTATION_CONTEXT('2D SPACE',''
  ) );
#11174 = PCURVE('',#4878,#11175);
#11175 = DEFINITIONAL_REPRESENTATION('',(#11176),#11180);
#11176 = LINE('',#11177,#11178);
#11177 = CARTESIAN_POINT('',(-0.,0.));
#11178 = VECTOR('',#11179,1.);
#11179 = DIRECTION('',(-0.,-1.));
#11180 = ( GEOMETRIC_REPRESENTATION_CONTEXT(2) 
PARAMETRIC_REPRESENTATION_CONTEXT() REPRESENTATION_CONTEXT('2D SPACE',''
  ) );
#11181 = ORIENTED_EDGE('',*,*,#4857,.F.);
#11182 = ORIENTED_EDGE('',*,*,#11161,.F.);
#11183 = ADVANCED_FACE('',(#11184),#4913,.F.);
#11184 = FACE_BOUND('',#11185,.T.);
#11185 = EDGE_LOOP('',(#11186,#11214,#11235,#11236));
#11186 = ORIENTED_EDGE('',*,*,#11187,.T.);
#11187 = EDGE_CURVE('',#11188,#11188,#11190,.T.);
#11188 = VERTEX_POINT('',#11189);
#11189 = CARTESIAN_POINT('',(300.45,1.1E+03,6.));
#11190 = SURFACE_CURVE('',#11191,(#11196,#11203),.PCURVE_S1.);
#11191 = CIRCLE('',#11192,2.75);
#11192 = AXIS2_PLACEMENT_3D('',#11193,#11194,#11195);
#11193 = CARTESIAN_POINT('',(297.7,1.1E+03,6.));
#11194 = DIRECTION('',(0.,0.,-1.));
#11195 = DIRECTION('',(1.,0.,0.));
#11196 = PCURVE('',#4913,#11197);
#11197 = DEFINITIONAL_REPRESENTATION('',(#11198),#11202);
#11198 = LINE('',#11199,#11200);
#11199 = CARTESIAN_POINT('',(-6.28318530718,-7.));
#11200 = VECTOR('',#11201,1.);
#11201 = DIRECTION('',(1.,-0.));
#11202 = ( GEOMETRIC_REPRESENTATION_CONTEXT(2) 
PARAMETRIC_REPRESENTATION_CONTEXT() REPRESENTATION_CONTEXT('2D SPACE',''
  ) );
#11203 = PCURVE('',#8549,#11204);
#11204 = DEFINITIONAL_REPRESENTATION('',(#11205),#11213);
#11205 = ( BOUNDED_CURVE() B_SPLINE_CURVE(2,(#11206,#11207,#11208,#11209
    ,#11210,#11211,#11212),.UNSPECIFIED.,.T.,.F.) 
B_SPLINE_CURVE_WITH_KNOTS((1,2,2,2,2,1),(-2.094395102393,0.,
    2.094395102393,4.188790204786,6.28318530718,8.377580409573),
.UNSPECIFIED.) CURVE() GEOMETRIC_REPRESENTATION_ITEM() 
RATIONAL_B_SPLINE_CURVE((1.,0.5,1.,0.5,1.,0.5,1.)) REPRESENTATION_ITEM(
  '') );
#11206 = CARTESIAN_POINT('',(2.75,0.));
#11207 = CARTESIAN_POINT('',(2.75,-4.763139720814));
#11208 = CARTESIAN_POINT('',(-1.375,-2.381569860407));
#11209 = CARTESIAN_POINT('',(-5.5,-6.73555739531E-16));
#11210 = CARTESIAN_POINT('',(-1.375,2.381569860407));
#11211 = CARTESIAN_POINT('',(2.75,4.763139720814));
#11212 = CARTESIAN_POINT('',(2.75,0.));
#11213 = ( GEOMETRIC_REPRESENTATION_CONTEXT(2) 
PARAMETRIC_REPRESENTATION_CONTEXT() REPRESENTATION_CONTEXT('2D SPACE',''
  ) );
#11214 = ORIENTED_EDGE('',*,*,#11215,.T.);
#11215 = EDGE_CURVE('',#11188,#4893,#11216,.T.);
#11216 = SEAM_CURVE('',#11217,(#11221,#11228),.PCURVE_S1.);
#11217 = LINE('',#11218,#11219);
#11218 = CARTESIAN_POINT('',(300.45,1.1E+03,-1.));
#11219 = VECTOR('',#11220,1.);
#11220 = DIRECTION('',(0.,0.,1.));
#11221 = PCURVE('',#4913,#11222);
#11222 = DEFINITIONAL_REPRESENTATION('',(#11223),#11227);
#11223 = LINE('',#11224,#11225);
#11224 = CARTESIAN_POINT('',(-6.28318530718,0.));
#11225 = VECTOR('',#11226,1.);
#11226 = DIRECTION('',(-0.,-1.));
#11227 = ( GEOMETRIC_REPRESENTATION_CONTEXT(2) 
PARAMETRIC_REPRESENTATION_CONTEXT() REPRESENTATION_CONTEXT('2D SPACE',''
  ) );
#11228 = PCURVE('',#4913,#11229);
#11229 = DEFINITIONAL_REPRESENTATION('',(#11230),#11234);
#11230 = LINE('',#11231,#11232);
#11231 = CARTESIAN_POINT('',(-0.,0.));
#11232 = VECTOR('',#11233,1.);
#11233 = DIRECTION('',(-0.,-1.));
#11234 = ( GEOMETRIC_REPRESENTATION_CONTEXT(2) 
PARAMETRIC_REPRESENTATION_CONTEXT() REPRESENTATION_CONTEXT('2D SPACE',''
  ) );
#11235 = ORIENTED_EDGE('',*,*,#4892,.F.);
#11236 = ORIENTED_EDGE('',*,*,#11215,.F.);
#11237 = ADVANCED_FACE('',(#11238),#4948,.F.);
#11238 = FACE_BOUND('',#11239,.T.);
#11239 = EDGE_LOOP('',(#11240,#11268,#11289,#11290));
#11240 = ORIENTED_EDGE('',*,*,#11241,.T.);
#11241 = EDGE_CURVE('',#11242,#11242,#11244,.T.);
#11242 = VERTEX_POINT('',#11243);
#11243 = CARTESIAN_POINT('',(400.45,1.1E+03,6.));
#11244 = SURFACE_CURVE('',#11245,(#11250,#11257),.PCURVE_S1.);
#11245 = CIRCLE('',#11246,2.75);
#11246 = AXIS2_PLACEMENT_3D('',#11247,#11248,#11249);
#11247 = CARTESIAN_POINT('',(397.7,1.1E+03,6.));
#11248 = DIRECTION('',(0.,0.,-1.));
#11249 = DIRECTION('',(1.,0.,0.));
#11250 = PCURVE('',#4948,#11251);
#11251 = DEFINITIONAL_REPRESENTATION('',(#11252),#11256);
#11252 = LINE('',#11253,#11254);
#11253 = CARTESIAN_POINT('',(-6.28318530718,-7.));
#11254 = VECTOR('',#11255,1.);
#11255 = DIRECTION('',(1.,-0.));
#11256 = ( GEOMETRIC_REPRESENTATION_CONTEXT(2) 
PARAMETRIC_REPRESENTATION_CONTEXT() REPRESENTATION_CONTEXT('2D SPACE',''
  ) );
#11257 = PCURVE('',#8604,#11258);
#11258 = DEFINITIONAL_REPRESENTATION('',(#11259),#11267);
#11259 = ( BOUNDED_CURVE() B_SPLINE_CURVE(2,(#11260,#11261,#11262,#11263
    ,#11264,#11265,#11266),.UNSPECIFIED.,.T.,.F.) 
B_SPLINE_CURVE_WITH_KNOTS((1,2,2,2,2,1),(-2.094395102393,0.,
    2.094395102393,4.188790204786,6.28318530718,8.377580409573),
.UNSPECIFIED.) CURVE() GEOMETRIC_REPRESENTATION_ITEM() 
RATIONAL_B_SPLINE_CURVE((1.,0.5,1.,0.5,1.,0.5,1.)) REPRESENTATION_ITEM(
  '') );
#11260 = CARTESIAN_POINT('',(2.75,0.));
#11261 = CARTESIAN_POINT('',(2.75,-4.763139720814));
#11262 = CARTESIAN_POINT('',(-1.375,-2.381569860407));
#11263 = CARTESIAN_POINT('',(-5.5,-6.73555739531E-16));
#11264 = CARTESIAN_POINT('',(-1.375,2.381569860407));
#11265 = CARTESIAN_POINT('',(2.75,4.763139720814));
#11266 = CARTESIAN_POINT('',(2.75,0.));
#11267 = ( GEOMETRIC_REPRESENTATION_CONTEXT(2) 
PARAMETRIC_REPRESENTATION_CONTEXT() REPRESENTATION_CONTEXT('2D SPACE',''
  ) );
#11268 = ORIENTED_EDGE('',*,*,#11269,.T.);
#11269 = EDGE_CURVE('',#11242,#4928,#11270,.T.);
#11270 = SEAM_CURVE('',#11271,(#11275,#11282),.PCURVE_S1.);
#11271 = LINE('',#11272,#11273);
#11272 = CARTESIAN_POINT('',(400.45,1.1E+03,-1.));
#11273 = VECTOR('',#11274,1.);
#11274 = DIRECTION('',(0.,0.,1.));
#11275 = PCURVE('',#4948,#11276);
#11276 = DEFINITIONAL_REPRESENTATION('',(#11277),#11281);
#11277 = LINE('',#11278,#11279);
#11278 = CARTESIAN_POINT('',(-6.28318530718,0.));
#11279 = VECTOR('',#11280,1.);
#11280 = DIRECTION('',(-0.,-1.));
#11281 = ( GEOMETRIC_REPRESENTATION_CONTEXT(2) 
PARAMETRIC_REPRESENTATION_CONTEXT() REPRESENTATION_CONTEXT('2D SPACE',''
  ) );
#11282 = PCURVE('',#4948,#11283);
#11283 = DEFINITIONAL_REPRESENTATION('',(#11284),#11288);
#11284 = LINE('',#11285,#11286);
#11285 = CARTESIAN_POINT('',(-0.,0.));
#11286 = VECTOR('',#11287,1.);
#11287 = DIRECTION('',(-0.,-1.));
#11288 = ( GEOMETRIC_REPRESENTATION_CONTEXT(2) 
PARAMETRIC_REPRESENTATION_CONTEXT() REPRESENTATION_CONTEXT('2D SPACE',''
  ) );
#11289 = ORIENTED_EDGE('',*,*,#4927,.F.);
#11290 = ORIENTED_EDGE('',*,*,#11269,.F.);
#11291 = ADVANCED_FACE('',(#11292),#5013,.F.);
#11292 = FACE_BOUND('',#11293,.T.);
#11293 = EDGE_LOOP('',(#11294,#11322,#11343,#11344));
#11294 = ORIENTED_EDGE('',*,*,#11295,.T.);
#11295 = EDGE_CURVE('',#11296,#11296,#11298,.T.);
#11296 = VERTEX_POINT('',#11297);
#11297 = CARTESIAN_POINT('',(500.45,600.,6.));
#11298 = SURFACE_CURVE('',#11299,(#11304,#11311),.PCURVE_S1.);
#11299 = CIRCLE('',#11300,2.75);
#11300 = AXIS2_PLACEMENT_3D('',#11301,#11302,#11303);
#11301 = CARTESIAN_POINT('',(497.7,600.,6.));
#11302 = DIRECTION('',(0.,0.,-1.));
#11303 = DIRECTION('',(1.,0.,0.));
#11304 = PCURVE('',#5013,#11305);
#11305 = DEFINITIONAL_REPRESENTATION('',(#11306),#11310);
#11306 = LINE('',#11307,#11308);
#11307 = CARTESIAN_POINT('',(-6.28318530718,-7.));
#11308 = VECTOR('',#11309,1.);
#11309 = DIRECTION('',(1.,-0.));
#11310 = ( GEOMETRIC_REPRESENTATION_CONTEXT(2) 
PARAMETRIC_REPRESENTATION_CONTEXT() REPRESENTATION_CONTEXT('2D SPACE',''
  ) );
#11311 = PCURVE('',#8686,#11312);
#11312 = DEFINITIONAL_REPRESENTATION('',(#11313),#11321);
#11313 = ( BOUNDED_CURVE() B_SPLINE_CURVE(2,(#11314,#11315,#11316,#11317
    ,#11318,#11319,#11320),.UNSPECIFIED.,.T.,.F.) 
B_SPLINE_CURVE_WITH_KNOTS((1,2,2,2,2,1),(-2.094395102393,0.,
    2.094395102393,4.188790204786,6.28318530718,8.377580409573),
.UNSPECIFIED.) CURVE() GEOMETRIC_REPRESENTATION_ITEM() 
RATIONAL_B_SPLINE_CURVE((1.,0.5,1.,0.5,1.,0.5,1.)) REPRESENTATION_ITEM(
  '') );
#11314 = CARTESIAN_POINT('',(2.75,0.));
#11315 = CARTESIAN_POINT('',(2.75,-4.763139720814));
#11316 = CARTESIAN_POINT('',(-1.375,-2.381569860407));
#11317 = CARTESIAN_POINT('',(-5.5,-6.73555739531E-16));
#11318 = CARTESIAN_POINT('',(-1.375,2.381569860407));
#11319 = CARTESIAN_POINT('',(2.75,4.763139720814));
#11320 = CARTESIAN_POINT('',(2.75,0.));
#11321 = ( GEOMETRIC_REPRESENTATION_CONTEXT(2) 
PARAMETRIC_REPRESENTATION_CONTEXT() REPRESENTATION_CONTEXT('2D SPACE',''
  ) );
#11322 = ORIENTED_EDGE('',*,*,#11323,.T.);
#11323 = EDGE_CURVE('',#11296,#4993,#11324,.T.);
#11324 = SEAM_CURVE('',#11325,(#11329,#11336),.PCURVE_S1.);
#11325 = LINE('',#11326,#11327);
#11326 = CARTESIAN_POINT('',(500.45,600.,-1.));
#11327 = VECTOR('',#11328,1.);
#11328 = DIRECTION('',(0.,0.,1.));
#11329 = PCURVE('',#5013,#11330);
#11330 = DEFINITIONAL_REPRESENTATION('',(#11331),#11335);
#11331 = LINE('',#11332,#11333);
#11332 = CARTESIAN_POINT('',(-6.28318530718,0.));
#11333 = VECTOR('',#11334,1.);
#11334 = DIRECTION('',(-0.,-1.));
#11335 = ( GEOMETRIC_REPRESENTATION_CONTEXT(2) 
PARAMETRIC_REPRESENTATION_CONTEXT() REPRESENTATION_CONTEXT('2D SPACE',''
  ) );
#11336 = PCURVE('',#5013,#11337);
#11337 = DEFINITIONAL_REPRESENTATION('',(#11338),#11342);
#11338 = LINE('',#11339,#11340);
#11339 = CARTESIAN_POINT('',(-0.,0.));
#11340 = VECTOR('',#11341,1.);
#11341 = DIRECTION('',(-0.,-1.));
#11342 = ( GEOMETRIC_REPRESENTATION_CONTEXT(2) 
PARAMETRIC_REPRESENTATION_CONTEXT() REPRESENTATION_CONTEXT('2D SPACE',''
  ) );
#11343 = ORIENTED_EDGE('',*,*,#4992,.F.);
#11344 = ORIENTED_EDGE('',*,*,#11323,.F.);
#11345 = ADVANCED_FACE('',(#11346),#5048,.F.);
#11346 = FACE_BOUND('',#11347,.T.);
#11347 = EDGE_LOOP('',(#11348,#11376,#11397,#11398));
#11348 = ORIENTED_EDGE('',*,*,#11349,.T.);
#11349 = EDGE_CURVE('',#11350,#11350,#11352,.T.);
#11350 = VERTEX_POINT('',#11351);
#11351 = CARTESIAN_POINT('',(600.45,600.,6.));
#11352 = SURFACE_CURVE('',#11353,(#11358,#11365),.PCURVE_S1.);
#11353 = CIRCLE('',#11354,2.75);
#11354 = AXIS2_PLACEMENT_3D('',#11355,#11356,#11357);
#11355 = CARTESIAN_POINT('',(597.7,600.,6.));
#11356 = DIRECTION('',(0.,0.,-1.));
#11357 = DIRECTION('',(1.,0.,0.));
#11358 = PCURVE('',#5048,#11359);
#11359 = DEFINITIONAL_REPRESENTATION('',(#11360),#11364);
#11360 = LINE('',#11361,#11362);
#11361 = CARTESIAN_POINT('',(-6.28318530718,-7.));
#11362 = VECTOR('',#11363,1.);
#11363 = DIRECTION('',(1.,-0.));
#11364 = ( GEOMETRIC_REPRESENTATION_CONTEXT(2) 
PARAMETRIC_REPRESENTATION_CONTEXT() REPRESENTATION_CONTEXT('2D SPACE',''
  ) );
#11365 = PCURVE('',#8741,#11366);
#11366 = DEFINITIONAL_REPRESENTATION('',(#11367),#11375);
#11367 = ( BOUNDED_CURVE() B_SPLINE_CURVE(2,(#11368,#11369,#11370,#11371
    ,#11372,#11373,#11374),.UNSPECIFIED.,.T.,.F.) 
B_SPLINE_CURVE_WITH_KNOTS((1,2,2,2,2,1),(-2.094395102393,0.,
    2.094395102393,4.188790204786,6.28318530718,8.377580409573),
.UNSPECIFIED.) CURVE() GEOMETRIC_REPRESENTATION_ITEM() 
RATIONAL_B_SPLINE_CURVE((1.,0.5,1.,0.5,1.,0.5,1.)) REPRESENTATION_ITEM(
  '') );
#11368 = CARTESIAN_POINT('',(2.75,0.));
#11369 = CARTESIAN_POINT('',(2.75,-4.763139720814));
#11370 = CARTESIAN_POINT('',(-1.375,-2.381569860407));
#11371 = CARTESIAN_POINT('',(-5.5,-6.73555739531E-16));
#11372 = CARTESIAN_POINT('',(-1.375,2.381569860407));
#11373 = CARTESIAN_POINT('',(2.75,4.763139720814));
#11374 = CARTESIAN_POINT('',(2.75,0.));
#11375 = ( GEOMETRIC_REPRESENTATION_CONTEXT(2) 
PARAMETRIC_REPRESENTATION_CONTEXT() REPRESENTATION_CONTEXT('2D SPACE',''
  ) );
#11376 = ORIENTED_EDGE('',*,*,#11377,.T.);
#11377 = EDGE_CURVE('',#11350,#5028,#11378,.T.);
#11378 = SEAM_CURVE('',#11379,(#11383,#11390),.PCURVE_S1.);
#11379 = LINE('',#11380,#11381);
#11380 = CARTESIAN_POINT('',(600.45,600.,-1.));
#11381 = VECTOR('',#11382,1.);
#11382 = DIRECTION('',(0.,0.,1.));
#11383 = PCURVE('',#5048,#11384);
#11384 = DEFINITIONAL_REPRESENTATION('',(#11385),#11389);
#11385 = LINE('',#11386,#11387);
#11386 = CARTESIAN_POINT('',(-6.28318530718,0.));
#11387 = VECTOR('',#11388,1.);
#11388 = DIRECTION('',(-0.,-1.));
#11389 = ( GEOMETRIC_REPRESENTATION_CONTEXT(2) 
PARAMETRIC_REPRESENTATION_CONTEXT() REPRESENTATION_CONTEXT('2D SPACE',''
  ) );
#11390 = PCURVE('',#5048,#11391);
#11391 = DEFINITIONAL_REPRESENTATION('',(#11392),#11396);
#11392 = LINE('',#11393,#11394);
#11393 = CARTESIAN_POINT('',(-0.,0.));
#11394 = VECTOR('',#11395,1.);
#11395 = DIRECTION('',(-0.,-1.));
#11396 = ( GEOMETRIC_REPRESENTATION_CONTEXT(2) 
PARAMETRIC_REPRESENTATION_CONTEXT() REPRESENTATION_CONTEXT('2D SPACE',''
  ) );
#11397 = ORIENTED_EDGE('',*,*,#5027,.F.);
#11398 = ORIENTED_EDGE('',*,*,#11377,.F.);
#11399 = ADVANCED_FACE('',(#11400),#5083,.F.);
#11400 = FACE_BOUND('',#11401,.T.);
#11401 = EDGE_LOOP('',(#11402,#11430,#11451,#11452));
#11402 = ORIENTED_EDGE('',*,*,#11403,.T.);
#11403 = EDGE_CURVE('',#11404,#11404,#11406,.T.);
#11404 = VERTEX_POINT('',#11405);
#11405 = CARTESIAN_POINT('',(540.45,850.,6.));
#11406 = SURFACE_CURVE('',#11407,(#11412,#11419),.PCURVE_S1.);
#11407 = CIRCLE('',#11408,2.75);
#11408 = AXIS2_PLACEMENT_3D('',#11409,#11410,#11411);
#11409 = CARTESIAN_POINT('',(537.7,850.,6.));
#11410 = DIRECTION('',(0.,0.,-1.));
#11411 = DIRECTION('',(1.,0.,0.));
#11412 = PCURVE('',#5083,#11413);
#11413 = DEFINITIONAL_REPRESENTATION('',(#11414),#11418);
#11414 = LINE('',#11415,#11416);
#11415 = CARTESIAN_POINT('',(-6.28318530718,-7.));
#11416 = VECTOR('',#11417,1.);
#11417 = DIRECTION('',(1.,-0.));
#11418 = ( GEOMETRIC_REPRESENTATION_CONTEXT(2) 
PARAMETRIC_REPRESENTATION_CONTEXT() REPRESENTATION_CONTEXT('2D SPACE',''
  ) );
#11419 = PCURVE('',#8796,#11420);
#11420 = DEFINITIONAL_REPRESENTATION('',(#11421),#11429);
#11421 = ( BOUNDED_CURVE() B_SPLINE_CURVE(2,(#11422,#11423,#11424,#11425
    ,#11426,#11427,#11428),.UNSPECIFIED.,.T.,.F.) 
B_SPLINE_CURVE_WITH_KNOTS((1,2,2,2,2,1),(-2.094395102393,0.,
    2.094395102393,4.188790204786,6.28318530718,8.377580409573),
.UNSPECIFIED.) CURVE() GEOMETRIC_REPRESENTATION_ITEM() 
RATIONAL_B_SPLINE_CURVE((1.,0.5,1.,0.5,1.,0.5,1.)) REPRESENTATION_ITEM(
  '') );
#11422 = CARTESIAN_POINT('',(2.75,0.));
#11423 = CARTESIAN_POINT('',(2.75,-4.763139720814));
#11424 = CARTESIAN_POINT('',(-1.375,-2.381569860407));
#11425 = CARTESIAN_POINT('',(-5.5,-6.73555739531E-16));
#11426 = CARTESIAN_POINT('',(-1.375,2.381569860407));
#11427 = CARTESIAN_POINT('',(2.75,4.763139720814));
#11428 = CARTESIAN_POINT('',(2.75,0.));
#11429 = ( GEOMETRIC_REPRESENTATION_CONTEXT(2) 
PARAMETRIC_REPRESENTATION_CONTEXT() REPRESENTATION_CONTEXT('2D SPACE',''
  ) );
#11430 = ORIENTED_EDGE('',*,*,#11431,.T.);
#11431 = EDGE_CURVE('',#11404,#5063,#11432,.T.);
#11432 = SEAM_CURVE('',#11433,(#11437,#11444),.PCURVE_S1.);
#11433 = LINE('',#11434,#11435);
#11434 = CARTESIAN_POINT('',(540.45,850.,-1.));
#11435 = VECTOR('',#11436,1.);
#11436 = DIRECTION('',(0.,0.,1.));
#11437 = PCURVE('',#5083,#11438);
#11438 = DEFINITIONAL_REPRESENTATION('',(#11439),#11443);
#11439 = LINE('',#11440,#11441);
#11440 = CARTESIAN_POINT('',(-6.28318530718,0.));
#11441 = VECTOR('',#11442,1.);
#11442 = DIRECTION('',(-0.,-1.));
#11443 = ( GEOMETRIC_REPRESENTATION_CONTEXT(2) 
PARAMETRIC_REPRESENTATION_CONTEXT() REPRESENTATION_CONTEXT('2D SPACE',''
  ) );
#11444 = PCURVE('',#5083,#11445);
#11445 = DEFINITIONAL_REPRESENTATION('',(#11446),#11450);
#11446 = LINE('',#11447,#11448);
#11447 = CARTESIAN_POINT('',(-0.,0.));
#11448 = VECTOR('',#11449,1.);
#11449 = DIRECTION('',(-0.,-1.));
#11450 = ( GEOMETRIC_REPRESENTATION_CONTEXT(2) 
PARAMETRIC_REPRESENTATION_CONTEXT() REPRESENTATION_CONTEXT('2D SPACE',''
  ) );
#11451 = ORIENTED_EDGE('',*,*,#5062,.F.);
#11452 = ORIENTED_EDGE('',*,*,#11431,.F.);
#11453 = ADVANCED_FACE('',(#11454),#5148,.F.);
#11454 = FACE_BOUND('',#11455,.T.);
#11455 = EDGE_LOOP('',(#11456,#11484,#11505,#11506));
#11456 = ORIENTED_EDGE('',*,*,#11457,.T.);
#11457 = EDGE_CURVE('',#11458,#11458,#11460,.T.);
#11458 = VERTEX_POINT('',#11459);
#11459 = CARTESIAN_POINT('',(640.45,850.,6.));
#11460 = SURFACE_CURVE('',#11461,(#11466,#11473),.PCURVE_S1.);
#11461 = CIRCLE('',#11462,2.75);
#11462 = AXIS2_PLACEMENT_3D('',#11463,#11464,#11465);
#11463 = CARTESIAN_POINT('',(637.7,850.,6.));
#11464 = DIRECTION('',(0.,0.,-1.));
#11465 = DIRECTION('',(1.,0.,0.));
#11466 = PCURVE('',#5148,#11467);
#11467 = DEFINITIONAL_REPRESENTATION('',(#11468),#11472);
#11468 = LINE('',#11469,#11470);
#11469 = CARTESIAN_POINT('',(-6.28318530718,-7.));
#11470 = VECTOR('',#11471,1.);
#11471 = DIRECTION('',(1.,-0.));
#11472 = ( GEOMETRIC_REPRESENTATION_CONTEXT(2) 
PARAMETRIC_REPRESENTATION_CONTEXT() REPRESENTATION_CONTEXT('2D SPACE',''
  ) );
#11473 = PCURVE('',#8878,#11474);
#11474 = DEFINITIONAL_REPRESENTATION('',(#11475),#11483);
#11475 = ( BOUNDED_CURVE() B_SPLINE_CURVE(2,(#11476,#11477,#11478,#11479
    ,#11480,#11481,#11482),.UNSPECIFIED.,.T.,.F.) 
B_SPLINE_CURVE_WITH_KNOTS((1,2,2,2,2,1),(-2.094395102393,0.,
    2.094395102393,4.188790204786,6.28318530718,8.377580409573),
.UNSPECIFIED.) CURVE() GEOMETRIC_REPRESENTATION_ITEM() 
RATIONAL_B_SPLINE_CURVE((1.,0.5,1.,0.5,1.,0.5,1.)) REPRESENTATION_ITEM(
  '') );
#11476 = CARTESIAN_POINT('',(2.75,0.));
#11477 = CARTESIAN_POINT('',(2.75,-4.763139720814));
#11478 = CARTESIAN_POINT('',(-1.375,-2.381569860407));
#11479 = CARTESIAN_POINT('',(-5.5,-6.73555739531E-16));
#11480 = CARTESIAN_POINT('',(-1.375,2.381569860407));
#11481 = CARTESIAN_POINT('',(2.75,4.763139720814));
#11482 = CARTESIAN_POINT('',(2.75,0.));
#11483 = ( GEOMETRIC_REPRESENTATION_CONTEXT(2) 
PARAMETRIC_REPRESENTATION_CONTEXT() REPRESENTATION_CONTEXT('2D SPACE',''
  ) );
#11484 = ORIENTED_EDGE('',*,*,#11485,.T.);
#11485 = EDGE_CURVE('',#11458,#5128,#11486,.T.);
#11486 = SEAM_CURVE('',#11487,(#11491,#11498),.PCURVE_S1.);
#11487 = LINE('',#11488,#11489);
#11488 = CARTESIAN_POINT('',(640.45,850.,-1.));
#11489 = VECTOR('',#11490,1.);
#11490 = DIRECTION('',(0.,0.,1.));
#11491 = PCURVE('',#5148,#11492);
#11492 = DEFINITIONAL_REPRESENTATION('',(#11493),#11497);
#11493 = LINE('',#11494,#11495);
#11494 = CARTESIAN_POINT('',(-6.28318530718,0.));
#11495 = VECTOR('',#11496,1.);
#11496 = DIRECTION('',(-0.,-1.));
#11497 = ( GEOMETRIC_REPRESENTATION_CONTEXT(2) 
PARAMETRIC_REPRESENTATION_CONTEXT() REPRESENTATION_CONTEXT('2D SPACE',''
  ) );
#11498 = PCURVE('',#5148,#11499);
#11499 = DEFINITIONAL_REPRESENTATION('',(#11500),#11504);
#11500 = LINE('',#11501,#11502);
#11501 = CARTESIAN_POINT('',(-0.,0.));
#11502 = VECTOR('',#11503,1.);
#11503 = DIRECTION('',(-0.,-1.));
#11504 = ( GEOMETRIC_REPRESENTATION_CONTEXT(2) 
PARAMETRIC_REPRESENTATION_CONTEXT() REPRESENTATION_CONTEXT('2D SPACE',''
  ) );
#11505 = ORIENTED_EDGE('',*,*,#5127,.F.);
#11506 = ORIENTED_EDGE('',*,*,#11485,.F.);
#11507 = ADVANCED_FACE('',(#11508),#5183,.F.);
#11508 = FACE_BOUND('',#11509,.T.);
#11509 = EDGE_LOOP('',(#11510,#11538,#11559,#11560));
#11510 = ORIENTED_EDGE('',*,*,#11511,.T.);
#11511 = EDGE_CURVE('',#11512,#11512,#11514,.T.);
#11512 = VERTEX_POINT('',#11513);
#11513 = CARTESIAN_POINT('',(700.45,600.,6.));
#11514 = SURFACE_CURVE('',#11515,(#11520,#11527),.PCURVE_S1.);
#11515 = CIRCLE('',#11516,2.75);
#11516 = AXIS2_PLACEMENT_3D('',#11517,#11518,#11519);
#11517 = CARTESIAN_POINT('',(697.7,600.,6.));
#11518 = DIRECTION('',(0.,0.,-1.));
#11519 = DIRECTION('',(1.,0.,0.));
#11520 = PCURVE('',#5183,#11521);
#11521 = DEFINITIONAL_REPRESENTATION('',(#11522),#11526);
#11522 = LINE('',#11523,#11524);
#11523 = CARTESIAN_POINT('',(-6.28318530718,-7.));
#11524 = VECTOR('',#11525,1.);
#11525 = DIRECTION('',(1.,-0.));
#11526 = ( GEOMETRIC_REPRESENTATION_CONTEXT(2) 
PARAMETRIC_REPRESENTATION_CONTEXT() REPRESENTATION_CONTEXT('2D SPACE',''
  ) );
#11527 = PCURVE('',#8933,#11528);
#11528 = DEFINITIONAL_REPRESENTATION('',(#11529),#11537);
#11529 = ( BOUNDED_CURVE() B_SPLINE_CURVE(2,(#11530,#11531,#11532,#11533
    ,#11534,#11535,#11536),.UNSPECIFIED.,.T.,.F.) 
B_SPLINE_CURVE_WITH_KNOTS((1,2,2,2,2,1),(-2.094395102393,0.,
    2.094395102393,4.188790204786,6.28318530718,8.377580409573),
.UNSPECIFIED.) CURVE() GEOMETRIC_REPRESENTATION_ITEM() 
RATIONAL_B_SPLINE_CURVE((1.,0.5,1.,0.5,1.,0.5,1.)) REPRESENTATION_ITEM(
  '') );
#11530 = CARTESIAN_POINT('',(2.75,0.));
#11531 = CARTESIAN_POINT('',(2.75,-4.763139720814));
#11532 = CARTESIAN_POINT('',(-1.375,-2.381569860407));
#11533 = CARTESIAN_POINT('',(-5.5,-6.73555739531E-16));
#11534 = CARTESIAN_POINT('',(-1.375,2.381569860407));
#11535 = CARTESIAN_POINT('',(2.75,4.763139720814));
#11536 = CARTESIAN_POINT('',(2.75,0.));
#11537 = ( GEOMETRIC_REPRESENTATION_CONTEXT(2) 
PARAMETRIC_REPRESENTATION_CONTEXT() REPRESENTATION_CONTEXT('2D SPACE',''
  ) );
#11538 = ORIENTED_EDGE('',*,*,#11539,.T.);
#11539 = EDGE_CURVE('',#11512,#5163,#11540,.T.);
#11540 = SEAM_CURVE('',#11541,(#11545,#11552),.PCURVE_S1.);
#11541 = LINE('',#11542,#11543);
#11542 = CARTESIAN_POINT('',(700.45,600.,-1.));
#11543 = VECTOR('',#11544,1.);
#11544 = DIRECTION('',(0.,0.,1.));
#11545 = PCURVE('',#5183,#11546);
#11546 = DEFINITIONAL_REPRESENTATION('',(#11547),#11551);
#11547 = LINE('',#11548,#11549);
#11548 = CARTESIAN_POINT('',(-6.28318530718,0.));
#11549 = VECTOR('',#11550,1.);
#11550 = DIRECTION('',(-0.,-1.));
#11551 = ( GEOMETRIC_REPRESENTATION_CONTEXT(2) 
PARAMETRIC_REPRESENTATION_CONTEXT() REPRESENTATION_CONTEXT('2D SPACE',''
  ) );
#11552 = PCURVE('',#5183,#11553);
#11553 = DEFINITIONAL_REPRESENTATION('',(#11554),#11558);
#11554 = LINE('',#11555,#11556);
#11555 = CARTESIAN_POINT('',(-0.,0.));
#11556 = VECTOR('',#11557,1.);
#11557 = DIRECTION('',(-0.,-1.));
#11558 = ( GEOMETRIC_REPRESENTATION_CONTEXT(2) 
PARAMETRIC_REPRESENTATION_CONTEXT() REPRESENTATION_CONTEXT('2D SPACE',''
  ) );
#11559 = ORIENTED_EDGE('',*,*,#5162,.F.);
#11560 = ORIENTED_EDGE('',*,*,#11539,.F.);
#11561 = ADVANCED_FACE('',(#11562),#5218,.F.);
#11562 = FACE_BOUND('',#11563,.T.);
#11563 = EDGE_LOOP('',(#11564,#11592,#11613,#11614));
#11564 = ORIENTED_EDGE('',*,*,#11565,.T.);
#11565 = EDGE_CURVE('',#11566,#11566,#11568,.T.);
#11566 = VERTEX_POINT('',#11567);
#11567 = CARTESIAN_POINT('',(800.45,600.,6.));
#11568 = SURFACE_CURVE('',#11569,(#11574,#11581),.PCURVE_S1.);
#11569 = CIRCLE('',#11570,2.75);
#11570 = AXIS2_PLACEMENT_3D('',#11571,#11572,#11573);
#11571 = CARTESIAN_POINT('',(797.7,600.,6.));
#11572 = DIRECTION('',(0.,0.,-1.));
#11573 = DIRECTION('',(1.,0.,0.));
#11574 = PCURVE('',#5218,#11575);
#11575 = DEFINITIONAL_REPRESENTATION('',(#11576),#11580);
#11576 = LINE('',#11577,#11578);
#11577 = CARTESIAN_POINT('',(-6.28318530718,-7.));
#11578 = VECTOR('',#11579,1.);
#11579 = DIRECTION('',(1.,-0.));
#11580 = ( GEOMETRIC_REPRESENTATION_CONTEXT(2) 
PARAMETRIC_REPRESENTATION_CONTEXT() REPRESENTATION_CONTEXT('2D SPACE',''
  ) );
#11581 = PCURVE('',#8988,#11582);
#11582 = DEFINITIONAL_REPRESENTATION('',(#11583),#11591);
#11583 = ( BOUNDED_CURVE() B_SPLINE_CURVE(2,(#11584,#11585,#11586,#11587
    ,#11588,#11589,#11590),.UNSPECIFIED.,.T.,.F.) 
B_SPLINE_CURVE_WITH_KNOTS((1,2,2,2,2,1),(-2.094395102393,0.,
    2.094395102393,4.188790204786,6.28318530718,8.377580409573),
.UNSPECIFIED.) CURVE() GEOMETRIC_REPRESENTATION_ITEM() 
RATIONAL_B_SPLINE_CURVE((1.,0.5,1.,0.5,1.,0.5,1.)) REPRESENTATION_ITEM(
  '') );
#11584 = CARTESIAN_POINT('',(2.75,0.));
#11585 = CARTESIAN_POINT('',(2.75,-4.763139720814));
#11586 = CARTESIAN_POINT('',(-1.375,-2.381569860407));
#11587 = CARTESIAN_POINT('',(-5.5,-6.73555739531E-16));
#11588 = CARTESIAN_POINT('',(-1.375,2.381569860407));
#11589 = CARTESIAN_POINT('',(2.75,4.763139720814));
#11590 = CARTESIAN_POINT('',(2.75,0.));
#11591 = ( GEOMETRIC_REPRESENTATION_CONTEXT(2) 
PARAMETRIC_REPRESENTATION_CONTEXT() REPRESENTATION_CONTEXT('2D SPACE',''
  ) );
#11592 = ORIENTED_EDGE('',*,*,#11593,.T.);
#11593 = EDGE_CURVE('',#11566,#5198,#11594,.T.);
#11594 = SEAM_CURVE('',#11595,(#11599,#11606),.PCURVE_S1.);
#11595 = LINE('',#11596,#11597);
#11596 = CARTESIAN_POINT('',(800.45,600.,-1.));
#11597 = VECTOR('',#11598,1.);
#11598 = DIRECTION('',(0.,0.,1.));
#11599 = PCURVE('',#5218,#11600);
#11600 = DEFINITIONAL_REPRESENTATION('',(#11601),#11605);
#11601 = LINE('',#11602,#11603);
#11602 = CARTESIAN_POINT('',(-6.28318530718,0.));
#11603 = VECTOR('',#11604,1.);
#11604 = DIRECTION('',(-0.,-1.));
#11605 = ( GEOMETRIC_REPRESENTATION_CONTEXT(2) 
PARAMETRIC_REPRESENTATION_CONTEXT() REPRESENTATION_CONTEXT('2D SPACE',''
  ) );
#11606 = PCURVE('',#5218,#11607);
#11607 = DEFINITIONAL_REPRESENTATION('',(#11608),#11612);
#11608 = LINE('',#11609,#11610);
#11609 = CARTESIAN_POINT('',(-0.,0.));
#11610 = VECTOR('',#11611,1.);
#11611 = DIRECTION('',(-0.,-1.));
#11612 = ( GEOMETRIC_REPRESENTATION_CONTEXT(2) 
PARAMETRIC_REPRESENTATION_CONTEXT() REPRESENTATION_CONTEXT('2D SPACE',''
  ) );
#11613 = ORIENTED_EDGE('',*,*,#5197,.F.);
#11614 = ORIENTED_EDGE('',*,*,#11593,.F.);
#11615 = ADVANCED_FACE('',(#11616),#5253,.F.);
#11616 = FACE_BOUND('',#11617,.T.);
#11617 = EDGE_LOOP('',(#11618,#11646,#11667,#11668));
#11618 = ORIENTED_EDGE('',*,*,#11619,.T.);
#11619 = EDGE_CURVE('',#11620,#11620,#11622,.T.);
#11620 = VERTEX_POINT('',#11621);
#11621 = CARTESIAN_POINT('',(900.45,600.,6.));
#11622 = SURFACE_CURVE('',#11623,(#11628,#11635),.PCURVE_S1.);
#11623 = CIRCLE('',#11624,2.75);
#11624 = AXIS2_PLACEMENT_3D('',#11625,#11626,#11627);
#11625 = CARTESIAN_POINT('',(897.7,600.,6.));
#11626 = DIRECTION('',(0.,0.,-1.));
#11627 = DIRECTION('',(1.,0.,0.));
#11628 = PCURVE('',#5253,#11629);
#11629 = DEFINITIONAL_REPRESENTATION('',(#11630),#11634);
#11630 = LINE('',#11631,#11632);
#11631 = CARTESIAN_POINT('',(-6.28318530718,-7.));
#11632 = VECTOR('',#11633,1.);
#11633 = DIRECTION('',(1.,-0.));
#11634 = ( GEOMETRIC_REPRESENTATION_CONTEXT(2) 
PARAMETRIC_REPRESENTATION_CONTEXT() REPRESENTATION_CONTEXT('2D SPACE',''
  ) );
#11635 = PCURVE('',#9043,#11636);
#11636 = DEFINITIONAL_REPRESENTATION('',(#11637),#11645);
#11637 = ( BOUNDED_CURVE() B_SPLINE_CURVE(2,(#11638,#11639,#11640,#11641
    ,#11642,#11643,#11644),.UNSPECIFIED.,.T.,.F.) 
B_SPLINE_CURVE_WITH_KNOTS((1,2,2,2,2,1),(-2.094395102393,0.,
    2.094395102393,4.188790204786,6.28318530718,8.377580409573),
.UNSPECIFIED.) CURVE() GEOMETRIC_REPRESENTATION_ITEM() 
RATIONAL_B_SPLINE_CURVE((1.,0.5,1.,0.5,1.,0.5,1.)) REPRESENTATION_ITEM(
  '') );
#11638 = CARTESIAN_POINT('',(2.75,0.));
#11639 = CARTESIAN_POINT('',(2.75,-4.763139720814));
#11640 = CARTESIAN_POINT('',(-1.375,-2.381569860407));
#11641 = CARTESIAN_POINT('',(-5.5,-6.73555739531E-16));
#11642 = CARTESIAN_POINT('',(-1.375,2.381569860407));
#11643 = CARTESIAN_POINT('',(2.75,4.763139720814));
#11644 = CARTESIAN_POINT('',(2.75,0.));
#11645 = ( GEOMETRIC_REPRESENTATION_CONTEXT(2) 
PARAMETRIC_REPRESENTATION_CONTEXT() REPRESENTATION_CONTEXT('2D SPACE',''
  ) );
#11646 = ORIENTED_EDGE('',*,*,#11647,.T.);
#11647 = EDGE_CURVE('',#11620,#5233,#11648,.T.);
#11648 = SEAM_CURVE('',#11649,(#11653,#11660),.PCURVE_S1.);
#11649 = LINE('',#11650,#11651);
#11650 = CARTESIAN_POINT('',(900.45,600.,-1.));
#11651 = VECTOR('',#11652,1.);
#11652 = DIRECTION('',(0.,0.,1.));
#11653 = PCURVE('',#5253,#11654);
#11654 = DEFINITIONAL_REPRESENTATION('',(#11655),#11659);
#11655 = LINE('',#11656,#11657);
#11656 = CARTESIAN_POINT('',(-6.28318530718,0.));
#11657 = VECTOR('',#11658,1.);
#11658 = DIRECTION('',(-0.,-1.));
#11659 = ( GEOMETRIC_REPRESENTATION_CONTEXT(2) 
PARAMETRIC_REPRESENTATION_CONTEXT() REPRESENTATION_CONTEXT('2D SPACE',''
  ) );
#11660 = PCURVE('',#5253,#11661);
#11661 = DEFINITIONAL_REPRESENTATION('',(#11662),#11666);
#11662 = LINE('',#11663,#11664);
#11663 = CARTESIAN_POINT('',(-0.,0.));
#11664 = VECTOR('',#11665,1.);
#11665 = DIRECTION('',(-0.,-1.));
#11666 = ( GEOMETRIC_REPRESENTATION_CONTEXT(2) 
PARAMETRIC_REPRESENTATION_CONTEXT() REPRESENTATION_CONTEXT('2D SPACE',''
  ) );
#11667 = ORIENTED_EDGE('',*,*,#5232,.F.);
#11668 = ORIENTED_EDGE('',*,*,#11647,.F.);
#11669 = ADVANCED_FACE('',(#11670),#5288,.F.);
#11670 = FACE_BOUND('',#11671,.T.);
#11671 = EDGE_LOOP('',(#11672,#11700,#11721,#11722));
#11672 = ORIENTED_EDGE('',*,*,#11673,.T.);
#11673 = EDGE_CURVE('',#11674,#11674,#11676,.T.);
#11674 = VERTEX_POINT('',#11675);
#11675 = CARTESIAN_POINT('',(740.45,850.,6.));
#11676 = SURFACE_CURVE('',#11677,(#11682,#11689),.PCURVE_S1.);
#11677 = CIRCLE('',#11678,2.75);
#11678 = AXIS2_PLACEMENT_3D('',#11679,#11680,#11681);
#11679 = CARTESIAN_POINT('',(737.7,850.,6.));
#11680 = DIRECTION('',(0.,0.,-1.));
#11681 = DIRECTION('',(1.,0.,0.));
#11682 = PCURVE('',#5288,#11683);
#11683 = DEFINITIONAL_REPRESENTATION('',(#11684),#11688);
#11684 = LINE('',#11685,#11686);
#11685 = CARTESIAN_POINT('',(-6.28318530718,-7.));
#11686 = VECTOR('',#11687,1.);
#11687 = DIRECTION('',(1.,-0.));
#11688 = ( GEOMETRIC_REPRESENTATION_CONTEXT(2) 
PARAMETRIC_REPRESENTATION_CONTEXT() REPRESENTATION_CONTEXT('2D SPACE',''
  ) );
#11689 = PCURVE('',#9098,#11690);
#11690 = DEFINITIONAL_REPRESENTATION('',(#11691),#11699);
#11691 = ( BOUNDED_CURVE() B_SPLINE_CURVE(2,(#11692,#11693,#11694,#11695
    ,#11696,#11697,#11698),.UNSPECIFIED.,.T.,.F.) 
B_SPLINE_CURVE_WITH_KNOTS((1,2,2,2,2,1),(-2.094395102393,0.,
    2.094395102393,4.188790204786,6.28318530718,8.377580409573),
.UNSPECIFIED.) CURVE() GEOMETRIC_REPRESENTATION_ITEM() 
RATIONAL_B_SPLINE_CURVE((1.,0.5,1.,0.5,1.,0.5,1.)) REPRESENTATION_ITEM(
  '') );
#11692 = CARTESIAN_POINT('',(2.75,0.));
#11693 = CARTESIAN_POINT('',(2.75,-4.763139720814));
#11694 = CARTESIAN_POINT('',(-1.375,-2.381569860407));
#11695 = CARTESIAN_POINT('',(-5.5,-6.73555739531E-16));
#11696 = CARTESIAN_POINT('',(-1.375,2.381569860407));
#11697 = CARTESIAN_POINT('',(2.75,4.763139720814));
#11698 = CARTESIAN_POINT('',(2.75,0.));
#11699 = ( GEOMETRIC_REPRESENTATION_CONTEXT(2) 
PARAMETRIC_REPRESENTATION_CONTEXT() REPRESENTATION_CONTEXT('2D SPACE',''
  ) );
#11700 = ORIENTED_EDGE('',*,*,#11701,.T.);
#11701 = EDGE_CURVE('',#11674,#5268,#11702,.T.);
#11702 = SEAM_CURVE('',#11703,(#11707,#11714),.PCURVE_S1.);
#11703 = LINE('',#11704,#11705);
#11704 = CARTESIAN_POINT('',(740.45,850.,-1.));
#11705 = VECTOR('',#11706,1.);
#11706 = DIRECTION('',(0.,0.,1.));
#11707 = PCURVE('',#5288,#11708);
#11708 = DEFINITIONAL_REPRESENTATION('',(#11709),#11713);
#11709 = LINE('',#11710,#11711);
#11710 = CARTESIAN_POINT('',(-6.28318530718,0.));
#11711 = VECTOR('',#11712,1.);
#11712 = DIRECTION('',(-0.,-1.));
#11713 = ( GEOMETRIC_REPRESENTATION_CONTEXT(2) 
PARAMETRIC_REPRESENTATION_CONTEXT() REPRESENTATION_CONTEXT('2D SPACE',''
  ) );
#11714 = PCURVE('',#5288,#11715);
#11715 = DEFINITIONAL_REPRESENTATION('',(#11716),#11720);
#11716 = LINE('',#11717,#11718);
#11717 = CARTESIAN_POINT('',(-0.,0.));
#11718 = VECTOR('',#11719,1.);
#11719 = DIRECTION('',(-0.,-1.));
#11720 = ( GEOMETRIC_REPRESENTATION_CONTEXT(2) 
PARAMETRIC_REPRESENTATION_CONTEXT() REPRESENTATION_CONTEXT('2D SPACE',''
  ) );
#11721 = ORIENTED_EDGE('',*,*,#5267,.F.);
#11722 = ORIENTED_EDGE('',*,*,#11701,.F.);
#11723 = ADVANCED_FACE('',(#11724),#5353,.F.);
#11724 = FACE_BOUND('',#11725,.T.);
#11725 = EDGE_LOOP('',(#11726,#11754,#11775,#11776));
#11726 = ORIENTED_EDGE('',*,*,#11727,.T.);
#11727 = EDGE_CURVE('',#11728,#11728,#11730,.T.);
#11728 = VERTEX_POINT('',#11729);
#11729 = CARTESIAN_POINT('',(840.45,850.,6.));
#11730 = SURFACE_CURVE('',#11731,(#11736,#11743),.PCURVE_S1.);
#11731 = CIRCLE('',#11732,2.75);
#11732 = AXIS2_PLACEMENT_3D('',#11733,#11734,#11735);
#11733 = CARTESIAN_POINT('',(837.7,850.,6.));
#11734 = DIRECTION('',(0.,0.,-1.));
#11735 = DIRECTION('',(1.,0.,0.));
#11736 = PCURVE('',#5353,#11737);
#11737 = DEFINITIONAL_REPRESENTATION('',(#11738),#11742);
#11738 = LINE('',#11739,#11740);
#11739 = CARTESIAN_POINT('',(-6.28318530718,-7.));
#11740 = VECTOR('',#11741,1.);
#11741 = DIRECTION('',(1.,-0.));
#11742 = ( GEOMETRIC_REPRESENTATION_CONTEXT(2) 
PARAMETRIC_REPRESENTATION_CONTEXT() REPRESENTATION_CONTEXT('2D SPACE',''
  ) );
#11743 = PCURVE('',#9180,#11744);
#11744 = DEFINITIONAL_REPRESENTATION('',(#11745),#11753);
#11745 = ( BOUNDED_CURVE() B_SPLINE_CURVE(2,(#11746,#11747,#11748,#11749
    ,#11750,#11751,#11752),.UNSPECIFIED.,.T.,.F.) 
B_SPLINE_CURVE_WITH_KNOTS((1,2,2,2,2,1),(-2.094395102393,0.,
    2.094395102393,4.188790204786,6.28318530718,8.377580409573),
.UNSPECIFIED.) CURVE() GEOMETRIC_REPRESENTATION_ITEM() 
RATIONAL_B_SPLINE_CURVE((1.,0.5,1.,0.5,1.,0.5,1.)) REPRESENTATION_ITEM(
  '') );
#11746 = CARTESIAN_POINT('',(2.75,0.));
#11747 = CARTESIAN_POINT('',(2.75,-4.763139720814));
#11748 = CARTESIAN_POINT('',(-1.375,-2.381569860407));
#11749 = CARTESIAN_POINT('',(-5.5,-6.73555739531E-16));
#11750 = CARTESIAN_POINT('',(-1.375,2.381569860407));
#11751 = CARTESIAN_POINT('',(2.75,4.763139720814));
#11752 = CARTESIAN_POINT('',(2.75,0.));
#11753 = ( GEOMETRIC_REPRESENTATION_CONTEXT(2) 
PARAMETRIC_REPRESENTATION_CONTEXT() REPRESENTATION_CONTEXT('2D SPACE',''
  ) );
#11754 = ORIENTED_EDGE('',*,*,#11755,.T.);
#11755 = EDGE_CURVE('',#11728,#5333,#11756,.T.);
#11756 = SEAM_CURVE('',#11757,(#11761,#11768),.PCURVE_S1.);
#11757 = LINE('',#11758,#11759);
#11758 = CARTESIAN_POINT('',(840.45,850.,-1.));
#11759 = VECTOR('',#11760,1.);
#11760 = DIRECTION('',(0.,0.,1.));
#11761 = PCURVE('',#5353,#11762);
#11762 = DEFINITIONAL_REPRESENTATION('',(#11763),#11767);
#11763 = LINE('',#11764,#11765);
#11764 = CARTESIAN_POINT('',(-6.28318530718,0.));
#11765 = VECTOR('',#11766,1.);
#11766 = DIRECTION('',(-0.,-1.));
#11767 = ( GEOMETRIC_REPRESENTATION_CONTEXT(2) 
PARAMETRIC_REPRESENTATION_CONTEXT() REPRESENTATION_CONTEXT('2D SPACE',''
  ) );
#11768 = PCURVE('',#5353,#11769);
#11769 = DEFINITIONAL_REPRESENTATION('',(#11770),#11774);
#11770 = LINE('',#11771,#11772);
#11771 = CARTESIAN_POINT('',(-0.,0.));
#11772 = VECTOR('',#11773,1.);
#11773 = DIRECTION('',(-0.,-1.));
#11774 = ( GEOMETRIC_REPRESENTATION_CONTEXT(2) 
PARAMETRIC_REPRESENTATION_CONTEXT() REPRESENTATION_CONTEXT('2D SPACE',''
  ) );
#11775 = ORIENTED_EDGE('',*,*,#5332,.F.);
#11776 = ORIENTED_EDGE('',*,*,#11755,.F.);
#11777 = ADVANCED_FACE('',(#11778),#5388,.F.);
#11778 = FACE_BOUND('',#11779,.T.);
#11779 = EDGE_LOOP('',(#11780,#11808,#11829,#11830));
#11780 = ORIENTED_EDGE('',*,*,#11781,.T.);
#11781 = EDGE_CURVE('',#11782,#11782,#11784,.T.);
#11782 = VERTEX_POINT('',#11783);
#11783 = CARTESIAN_POINT('',(500.45,1.1E+03,6.));
#11784 = SURFACE_CURVE('',#11785,(#11790,#11797),.PCURVE_S1.);
#11785 = CIRCLE('',#11786,2.75);
#11786 = AXIS2_PLACEMENT_3D('',#11787,#11788,#11789);
#11787 = CARTESIAN_POINT('',(497.7,1.1E+03,6.));
#11788 = DIRECTION('',(0.,0.,-1.));
#11789 = DIRECTION('',(1.,0.,0.));
#11790 = PCURVE('',#5388,#11791);
#11791 = DEFINITIONAL_REPRESENTATION('',(#11792),#11796);
#11792 = LINE('',#11793,#11794);
#11793 = CARTESIAN_POINT('',(-6.28318530718,-7.));
#11794 = VECTOR('',#11795,1.);
#11795 = DIRECTION('',(1.,-0.));
#11796 = ( GEOMETRIC_REPRESENTATION_CONTEXT(2) 
PARAMETRIC_REPRESENTATION_CONTEXT() REPRESENTATION_CONTEXT('2D SPACE',''
  ) );
#11797 = PCURVE('',#9235,#11798);
#11798 = DEFINITIONAL_REPRESENTATION('',(#11799),#11807);
#11799 = ( BOUNDED_CURVE() B_SPLINE_CURVE(2,(#11800,#11801,#11802,#11803
    ,#11804,#11805,#11806),.UNSPECIFIED.,.T.,.F.) 
B_SPLINE_CURVE_WITH_KNOTS((1,2,2,2,2,1),(-2.094395102393,0.,
    2.094395102393,4.188790204786,6.28318530718,8.377580409573),
.UNSPECIFIED.) CURVE() GEOMETRIC_REPRESENTATION_ITEM() 
RATIONAL_B_SPLINE_CURVE((1.,0.5,1.,0.5,1.,0.5,1.)) REPRESENTATION_ITEM(
  '') );
#11800 = CARTESIAN_POINT('',(2.75,0.));
#11801 = CARTESIAN_POINT('',(2.75,-4.763139720814));
#11802 = CARTESIAN_POINT('',(-1.375,-2.381569860407));
#11803 = CARTESIAN_POINT('',(-5.5,-6.73555739531E-16));
#11804 = CARTESIAN_POINT('',(-1.375,2.381569860407));
#11805 = CARTESIAN_POINT('',(2.75,4.763139720814));
#11806 = CARTESIAN_POINT('',(2.75,0.));
#11807 = ( GEOMETRIC_REPRESENTATION_CONTEXT(2) 
PARAMETRIC_REPRESENTATION_CONTEXT() REPRESENTATION_CONTEXT('2D SPACE',''
  ) );
#11808 = ORIENTED_EDGE('',*,*,#11809,.T.);
#11809 = EDGE_CURVE('',#11782,#5368,#11810,.T.);
#11810 = SEAM_CURVE('',#11811,(#11815,#11822),.PCURVE_S1.);
#11811 = LINE('',#11812,#11813);
#11812 = CARTESIAN_POINT('',(500.45,1.1E+03,-1.));
#11813 = VECTOR('',#11814,1.);
#11814 = DIRECTION('',(0.,0.,1.));
#11815 = PCURVE('',#5388,#11816);
#11816 = DEFINITIONAL_REPRESENTATION('',(#11817),#11821);
#11817 = LINE('',#11818,#11819);
#11818 = CARTESIAN_POINT('',(-6.28318530718,0.));
#11819 = VECTOR('',#11820,1.);
#11820 = DIRECTION('',(-0.,-1.));
#11821 = ( GEOMETRIC_REPRESENTATION_CONTEXT(2) 
PARAMETRIC_REPRESENTATION_CONTEXT() REPRESENTATION_CONTEXT('2D SPACE',''
  ) );
#11822 = PCURVE('',#5388,#11823);
#11823 = DEFINITIONAL_REPRESENTATION('',(#11824),#11828);
#11824 = LINE('',#11825,#11826);
#11825 = CARTESIAN_POINT('',(-0.,0.));
#11826 = VECTOR('',#11827,1.);
#11827 = DIRECTION('',(-0.,-1.));
#11828 = ( GEOMETRIC_REPRESENTATION_CONTEXT(2) 
PARAMETRIC_REPRESENTATION_CONTEXT() REPRESENTATION_CONTEXT('2D SPACE',''
  ) );
#11829 = ORIENTED_EDGE('',*,*,#5367,.F.);
#11830 = ORIENTED_EDGE('',*,*,#11809,.F.);
#11831 = ADVANCED_FACE('',(#11832),#5423,.F.);
#11832 = FACE_BOUND('',#11833,.T.);
#11833 = EDGE_LOOP('',(#11834,#11862,#11883,#11884));
#11834 = ORIENTED_EDGE('',*,*,#11835,.T.);
#11835 = EDGE_CURVE('',#11836,#11836,#11838,.T.);
#11836 = VERTEX_POINT('',#11837);
#11837 = CARTESIAN_POINT('',(600.45,1.1E+03,6.));
#11838 = SURFACE_CURVE('',#11839,(#11844,#11851),.PCURVE_S1.);
#11839 = CIRCLE('',#11840,2.75);
#11840 = AXIS2_PLACEMENT_3D('',#11841,#11842,#11843);
#11841 = CARTESIAN_POINT('',(597.7,1.1E+03,6.));
#11842 = DIRECTION('',(0.,0.,-1.));
#11843 = DIRECTION('',(1.,0.,0.));
#11844 = PCURVE('',#5423,#11845);
#11845 = DEFINITIONAL_REPRESENTATION('',(#11846),#11850);
#11846 = LINE('',#11847,#11848);
#11847 = CARTESIAN_POINT('',(-6.28318530718,-7.));
#11848 = VECTOR('',#11849,1.);
#11849 = DIRECTION('',(1.,-0.));
#11850 = ( GEOMETRIC_REPRESENTATION_CONTEXT(2) 
PARAMETRIC_REPRESENTATION_CONTEXT() REPRESENTATION_CONTEXT('2D SPACE',''
  ) );
#11851 = PCURVE('',#9290,#11852);
#11852 = DEFINITIONAL_REPRESENTATION('',(#11853),#11861);
#11853 = ( BOUNDED_CURVE() B_SPLINE_CURVE(2,(#11854,#11855,#11856,#11857
    ,#11858,#11859,#11860),.UNSPECIFIED.,.T.,.F.) 
B_SPLINE_CURVE_WITH_KNOTS((1,2,2,2,2,1),(-2.094395102393,0.,
    2.094395102393,4.188790204786,6.28318530718,8.377580409573),
.UNSPECIFIED.) CURVE() GEOMETRIC_REPRESENTATION_ITEM() 
RATIONAL_B_SPLINE_CURVE((1.,0.5,1.,0.5,1.,0.5,1.)) REPRESENTATION_ITEM(
  '') );
#11854 = CARTESIAN_POINT('',(2.75,0.));
#11855 = CARTESIAN_POINT('',(2.75,-4.763139720814));
#11856 = CARTESIAN_POINT('',(-1.375,-2.381569860407));
#11857 = CARTESIAN_POINT('',(-5.5,-6.73555739531E-16));
#11858 = CARTESIAN_POINT('',(-1.375,2.381569860407));
#11859 = CARTESIAN_POINT('',(2.75,4.763139720814));
#11860 = CARTESIAN_POINT('',(2.75,0.));
#11861 = ( GEOMETRIC_REPRESENTATION_CONTEXT(2) 
PARAMETRIC_REPRESENTATION_CONTEXT() REPRESENTATION_CONTEXT('2D SPACE',''
  ) );
#11862 = ORIENTED_EDGE('',*,*,#11863,.T.);
#11863 = EDGE_CURVE('',#11836,#5403,#11864,.T.);
#11864 = SEAM_CURVE('',#11865,(#11869,#11876),.PCURVE_S1.);
#11865 = LINE('',#11866,#11867);
#11866 = CARTESIAN_POINT('',(600.45,1.1E+03,-1.));
#11867 = VECTOR('',#11868,1.);
#11868 = DIRECTION('',(0.,0.,1.));
#11869 = PCURVE('',#5423,#11870);
#11870 = DEFINITIONAL_REPRESENTATION('',(#11871),#11875);
#11871 = LINE('',#11872,#11873);
#11872 = CARTESIAN_POINT('',(-6.28318530718,0.));
#11873 = VECTOR('',#11874,1.);
#11874 = DIRECTION('',(-0.,-1.));
#11875 = ( GEOMETRIC_REPRESENTATION_CONTEXT(2) 
PARAMETRIC_REPRESENTATION_CONTEXT() REPRESENTATION_CONTEXT('2D SPACE',''
  ) );
#11876 = PCURVE('',#5423,#11877);
#11877 = DEFINITIONAL_REPRESENTATION('',(#11878),#11882);
#11878 = LINE('',#11879,#11880);
#11879 = CARTESIAN_POINT('',(-0.,0.));
#11880 = VECTOR('',#11881,1.);
#11881 = DIRECTION('',(-0.,-1.));
#11882 = ( GEOMETRIC_REPRESENTATION_CONTEXT(2) 
PARAMETRIC_REPRESENTATION_CONTEXT() REPRESENTATION_CONTEXT('2D SPACE',''
  ) );
#11883 = ORIENTED_EDGE('',*,*,#5402,.F.);
#11884 = ORIENTED_EDGE('',*,*,#11863,.F.);
#11885 = ADVANCED_FACE('',(#11886),#5488,.F.);
#11886 = FACE_BOUND('',#11887,.T.);
#11887 = EDGE_LOOP('',(#11888,#11916,#11937,#11938));
#11888 = ORIENTED_EDGE('',*,*,#11889,.T.);
#11889 = EDGE_CURVE('',#11890,#11890,#11892,.T.);
#11890 = VERTEX_POINT('',#11891);
#11891 = CARTESIAN_POINT('',(700.45,1.1E+03,6.));
#11892 = SURFACE_CURVE('',#11893,(#11898,#11905),.PCURVE_S1.);
#11893 = CIRCLE('',#11894,2.75);
#11894 = AXIS2_PLACEMENT_3D('',#11895,#11896,#11897);
#11895 = CARTESIAN_POINT('',(697.7,1.1E+03,6.));
#11896 = DIRECTION('',(0.,0.,-1.));
#11897 = DIRECTION('',(1.,0.,0.));
#11898 = PCURVE('',#5488,#11899);
#11899 = DEFINITIONAL_REPRESENTATION('',(#11900),#11904);
#11900 = LINE('',#11901,#11902);
#11901 = CARTESIAN_POINT('',(-6.28318530718,-7.));
#11902 = VECTOR('',#11903,1.);
#11903 = DIRECTION('',(1.,-0.));
#11904 = ( GEOMETRIC_REPRESENTATION_CONTEXT(2) 
PARAMETRIC_REPRESENTATION_CONTEXT() REPRESENTATION_CONTEXT('2D SPACE',''
  ) );
#11905 = PCURVE('',#9372,#11906);
#11906 = DEFINITIONAL_REPRESENTATION('',(#11907),#11915);
#11907 = ( BOUNDED_CURVE() B_SPLINE_CURVE(2,(#11908,#11909,#11910,#11911
    ,#11912,#11913,#11914),.UNSPECIFIED.,.T.,.F.) 
B_SPLINE_CURVE_WITH_KNOTS((1,2,2,2,2,1),(-2.094395102393,0.,
    2.094395102393,4.188790204786,6.28318530718,8.377580409573),
.UNSPECIFIED.) CURVE() GEOMETRIC_REPRESENTATION_ITEM() 
RATIONAL_B_SPLINE_CURVE((1.,0.5,1.,0.5,1.,0.5,1.)) REPRESENTATION_ITEM(
  '') );
#11908 = CARTESIAN_POINT('',(2.75,0.));
#11909 = CARTESIAN_POINT('',(2.75,-4.763139720814));
#11910 = CARTESIAN_POINT('',(-1.375,-2.381569860407));
#11911 = CARTESIAN_POINT('',(-5.5,-6.73555739531E-16));
#11912 = CARTESIAN_POINT('',(-1.375,2.381569860407));
#11913 = CARTESIAN_POINT('',(2.75,4.763139720814));
#11914 = CARTESIAN_POINT('',(2.75,0.));
#11915 = ( GEOMETRIC_REPRESENTATION_CONTEXT(2) 
PARAMETRIC_REPRESENTATION_CONTEXT() REPRESENTATION_CONTEXT('2D SPACE',''
  ) );
#11916 = ORIENTED_EDGE('',*,*,#11917,.T.);
#11917 = EDGE_CURVE('',#11890,#5468,#11918,.T.);
#11918 = SEAM_CURVE('',#11919,(#11923,#11930),.PCURVE_S1.);
#11919 = LINE('',#11920,#11921);
#11920 = CARTESIAN_POINT('',(700.45,1.1E+03,-1.));
#11921 = VECTOR('',#11922,1.);
#11922 = DIRECTION('',(0.,0.,1.));
#11923 = PCURVE('',#5488,#11924);
#11924 = DEFINITIONAL_REPRESENTATION('',(#11925),#11929);
#11925 = LINE('',#11926,#11927);
#11926 = CARTESIAN_POINT('',(-6.28318530718,0.));
#11927 = VECTOR('',#11928,1.);
#11928 = DIRECTION('',(-0.,-1.));
#11929 = ( GEOMETRIC_REPRESENTATION_CONTEXT(2) 
PARAMETRIC_REPRESENTATION_CONTEXT() REPRESENTATION_CONTEXT('2D SPACE',''
  ) );
#11930 = PCURVE('',#5488,#11931);
#11931 = DEFINITIONAL_REPRESENTATION('',(#11932),#11936);
#11932 = LINE('',#11933,#11934);
#11933 = CARTESIAN_POINT('',(-0.,0.));
#11934 = VECTOR('',#11935,1.);
#11935 = DIRECTION('',(-0.,-1.));
#11936 = ( GEOMETRIC_REPRESENTATION_CONTEXT(2) 
PARAMETRIC_REPRESENTATION_CONTEXT() REPRESENTATION_CONTEXT('2D SPACE',''
  ) );
#11937 = ORIENTED_EDGE('',*,*,#5467,.F.);
#11938 = ORIENTED_EDGE('',*,*,#11917,.F.);
#11939 = ADVANCED_FACE('',(#11940),#5523,.F.);
#11940 = FACE_BOUND('',#11941,.T.);
#11941 = EDGE_LOOP('',(#11942,#11970,#11991,#11992));
#11942 = ORIENTED_EDGE('',*,*,#11943,.T.);
#11943 = EDGE_CURVE('',#11944,#11944,#11946,.T.);
#11944 = VERTEX_POINT('',#11945);
#11945 = CARTESIAN_POINT('',(800.45,1.1E+03,6.));
#11946 = SURFACE_CURVE('',#11947,(#11952,#11959),.PCURVE_S1.);
#11947 = CIRCLE('',#11948,2.75);
#11948 = AXIS2_PLACEMENT_3D('',#11949,#11950,#11951);
#11949 = CARTESIAN_POINT('',(797.7,1.1E+03,6.));
#11950 = DIRECTION('',(0.,0.,-1.));
#11951 = DIRECTION('',(1.,0.,0.));
#11952 = PCURVE('',#5523,#11953);
#11953 = DEFINITIONAL_REPRESENTATION('',(#11954),#11958);
#11954 = LINE('',#11955,#11956);
#11955 = CARTESIAN_POINT('',(-6.28318530718,-7.));
#11956 = VECTOR('',#11957,1.);
#11957 = DIRECTION('',(1.,-0.));
#11958 = ( GEOMETRIC_REPRESENTATION_CONTEXT(2) 
PARAMETRIC_REPRESENTATION_CONTEXT() REPRESENTATION_CONTEXT('2D SPACE',''
  ) );
#11959 = PCURVE('',#9427,#11960);
#11960 = DEFINITIONAL_REPRESENTATION('',(#11961),#11969);
#11961 = ( BOUNDED_CURVE() B_SPLINE_CURVE(2,(#11962,#11963,#11964,#11965
    ,#11966,#11967,#11968),.UNSPECIFIED.,.T.,.F.) 
B_SPLINE_CURVE_WITH_KNOTS((1,2,2,2,2,1),(-2.094395102393,0.,
    2.094395102393,4.188790204786,6.28318530718,8.377580409573),
.UNSPECIFIED.) CURVE() GEOMETRIC_REPRESENTATION_ITEM() 
RATIONAL_B_SPLINE_CURVE((1.,0.5,1.,0.5,1.,0.5,1.)) REPRESENTATION_ITEM(
  '') );
#11962 = CARTESIAN_POINT('',(2.75,0.));
#11963 = CARTESIAN_POINT('',(2.75,-4.763139720814));
#11964 = CARTESIAN_POINT('',(-1.375,-2.381569860407));
#11965 = CARTESIAN_POINT('',(-5.5,-6.73555739531E-16));
#11966 = CARTESIAN_POINT('',(-1.375,2.381569860407));
#11967 = CARTESIAN_POINT('',(2.75,4.763139720814));
#11968 = CARTESIAN_POINT('',(2.75,0.));
#11969 = ( GEOMETRIC_REPRESENTATION_CONTEXT(2) 
PARAMETRIC_REPRESENTATION_CONTEXT() REPRESENTATION_CONTEXT('2D SPACE',''
  ) );
#11970 = ORIENTED_EDGE('',*,*,#11971,.T.);
#11971 = EDGE_CURVE('',#11944,#5503,#11972,.T.);
#11972 = SEAM_CURVE('',#11973,(#11977,#11984),.PCURVE_S1.);
#11973 = LINE('',#11974,#11975);
#11974 = CARTESIAN_POINT('',(800.45,1.1E+03,-1.));
#11975 = VECTOR('',#11976,1.);
#11976 = DIRECTION('',(0.,0.,1.));
#11977 = PCURVE('',#5523,#11978);
#11978 = DEFINITIONAL_REPRESENTATION('',(#11979),#11983);
#11979 = LINE('',#11980,#11981);
#11980 = CARTESIAN_POINT('',(-6.28318530718,0.));
#11981 = VECTOR('',#11982,1.);
#11982 = DIRECTION('',(-0.,-1.));
#11983 = ( GEOMETRIC_REPRESENTATION_CONTEXT(2) 
PARAMETRIC_REPRESENTATION_CONTEXT() REPRESENTATION_CONTEXT('2D SPACE',''
  ) );
#11984 = PCURVE('',#5523,#11985);
#11985 = DEFINITIONAL_REPRESENTATION('',(#11986),#11990);
#11986 = LINE('',#11987,#11988);
#11987 = CARTESIAN_POINT('',(-0.,0.));
#11988 = VECTOR('',#11989,1.);
#11989 = DIRECTION('',(-0.,-1.));
#11990 = ( GEOMETRIC_REPRESENTATION_CONTEXT(2) 
PARAMETRIC_REPRESENTATION_CONTEXT() REPRESENTATION_CONTEXT('2D SPACE',''
  ) );
#11991 = ORIENTED_EDGE('',*,*,#5502,.F.);
#11992 = ORIENTED_EDGE('',*,*,#11971,.F.);
#11993 = ADVANCED_FACE('',(#11994),#5558,.F.);
#11994 = FACE_BOUND('',#11995,.T.);
#11995 = EDGE_LOOP('',(#11996,#12024,#12045,#12046));
#11996 = ORIENTED_EDGE('',*,*,#11997,.T.);
#11997 = EDGE_CURVE('',#11998,#11998,#12000,.T.);
#11998 = VERTEX_POINT('',#11999);
#11999 = CARTESIAN_POINT('',(900.45,1.1E+03,6.));
#12000 = SURFACE_CURVE('',#12001,(#12006,#12013),.PCURVE_S1.);
#12001 = CIRCLE('',#12002,2.75);
#12002 = AXIS2_PLACEMENT_3D('',#12003,#12004,#12005);
#12003 = CARTESIAN_POINT('',(897.7,1.1E+03,6.));
#12004 = DIRECTION('',(0.,0.,-1.));
#12005 = DIRECTION('',(1.,0.,0.));
#12006 = PCURVE('',#5558,#12007);
#12007 = DEFINITIONAL_REPRESENTATION('',(#12008),#12012);
#12008 = LINE('',#12009,#12010);
#12009 = CARTESIAN_POINT('',(-6.28318530718,-7.));
#12010 = VECTOR('',#12011,1.);
#12011 = DIRECTION('',(1.,-0.));
#12012 = ( GEOMETRIC_REPRESENTATION_CONTEXT(2) 
PARAMETRIC_REPRESENTATION_CONTEXT() REPRESENTATION_CONTEXT('2D SPACE',''
  ) );
#12013 = PCURVE('',#9482,#12014);
#12014 = DEFINITIONAL_REPRESENTATION('',(#12015),#12023);
#12015 = ( BOUNDED_CURVE() B_SPLINE_CURVE(2,(#12016,#12017,#12018,#12019
    ,#12020,#12021,#12022),.UNSPECIFIED.,.T.,.F.) 
B_SPLINE_CURVE_WITH_KNOTS((1,2,2,2,2,1),(-2.094395102393,0.,
    2.094395102393,4.188790204786,6.28318530718,8.377580409573),
.UNSPECIFIED.) CURVE() GEOMETRIC_REPRESENTATION_ITEM() 
RATIONAL_B_SPLINE_CURVE((1.,0.5,1.,0.5,1.,0.5,1.)) REPRESENTATION_ITEM(
  '') );
#12016 = CARTESIAN_POINT('',(2.75,0.));
#12017 = CARTESIAN_POINT('',(2.75,-4.763139720814));
#12018 = CARTESIAN_POINT('',(-1.375,-2.381569860407));
#12019 = CARTESIAN_POINT('',(-5.5,-6.73555739531E-16));
#12020 = CARTESIAN_POINT('',(-1.375,2.381569860407));
#12021 = CARTESIAN_POINT('',(2.75,4.763139720814));
#12022 = CARTESIAN_POINT('',(2.75,0.));
#12023 = ( GEOMETRIC_REPRESENTATION_CONTEXT(2) 
PARAMETRIC_REPRESENTATION_CONTEXT() REPRESENTATION_CONTEXT('2D SPACE',''
  ) );
#12024 = ORIENTED_EDGE('',*,*,#12025,.T.);
#12025 = EDGE_CURVE('',#11998,#5538,#12026,.T.);
#12026 = SEAM_CURVE('',#12027,(#12031,#12038),.PCURVE_S1.);
#12027 = LINE('',#12028,#12029);
#12028 = CARTESIAN_POINT('',(900.45,1.1E+03,-1.));
#12029 = VECTOR('',#12030,1.);
#12030 = DIRECTION('',(0.,0.,1.));
#12031 = PCURVE('',#5558,#12032);
#12032 = DEFINITIONAL_REPRESENTATION('',(#12033),#12037);
#12033 = LINE('',#12034,#12035);
#12034 = CARTESIAN_POINT('',(-6.28318530718,0.));
#12035 = VECTOR('',#12036,1.);
#12036 = DIRECTION('',(-0.,-1.));
#12037 = ( GEOMETRIC_REPRESENTATION_CONTEXT(2) 
PARAMETRIC_REPRESENTATION_CONTEXT() REPRESENTATION_CONTEXT('2D SPACE',''
  ) );
#12038 = PCURVE('',#5558,#12039);
#12039 = DEFINITIONAL_REPRESENTATION('',(#12040),#12044);
#12040 = LINE('',#12041,#12042);
#12041 = CARTESIAN_POINT('',(-0.,0.));
#12042 = VECTOR('',#12043,1.);
#12043 = DIRECTION('',(-0.,-1.));
#12044 = ( GEOMETRIC_REPRESENTATION_CONTEXT(2) 
PARAMETRIC_REPRESENTATION_CONTEXT() REPRESENTATION_CONTEXT('2D SPACE',''
  ) );
#12045 = ORIENTED_EDGE('',*,*,#5537,.F.);
#12046 = ORIENTED_EDGE('',*,*,#12025,.F.);
#12047 = ADVANCED_FACE('',(#12048),#5894,.F.);
#12048 = FACE_BOUND('',#12049,.F.);
#12049 = EDGE_LOOP('',(#12050,#12051,#12052,#12053));
#12050 = ORIENTED_EDGE('',*,*,#5931,.T.);
#12051 = ORIENTED_EDGE('',*,*,#6068,.T.);
#12052 = ORIENTED_EDGE('',*,*,#9591,.T.);
#12053 = ORIENTED_EDGE('',*,*,#5879,.T.);
#12054 = ADVANCED_FACE('',(#12055),#6016,.F.);
#12055 = FACE_BOUND('',#12056,.F.);
#12056 = EDGE_LOOP('',(#12057,#12058,#12059,#12060));
#12057 = ORIENTED_EDGE('',*,*,#6091,.T.);
#12058 = ORIENTED_EDGE('',*,*,#6183,.T.);
#12059 = ORIENTED_EDGE('',*,*,#9559,.T.);
#12060 = ORIENTED_EDGE('',*,*,#6001,.T.);
#12061 = ADVANCED_FACE('',(#12062),#6378,.F.);
#12062 = FACE_BOUND('',#12063,.F.);
#12063 = EDGE_LOOP('',(#12064,#12065,#12066,#12067));
#12064 = ORIENTED_EDGE('',*,*,#6363,.T.);
#12065 = ORIENTED_EDGE('',*,*,#6414,.T.);
#12066 = ORIENTED_EDGE('',*,*,#6505,.T.);
#12067 = ORIENTED_EDGE('',*,*,#9527,.T.);
#12068 = ADVANCED_FACE('',(#12069,#12072),#6684,.F.);
#12069 = FACE_BOUND('',#12070,.F.);
#12070 = EDGE_LOOP('',(#12071));
#12071 = ORIENTED_EDGE('',*,*,#6669,.T.);
#12072 = FACE_BOUND('',#12073,.F.);
#12073 = EDGE_LOOP('',(#12074));
#12074 = ORIENTED_EDGE('',*,*,#9621,.T.);
#12075 = ADVANCED_FACE('',(#12076,#12079),#6739,.F.);
#12076 = FACE_BOUND('',#12077,.F.);
#12077 = EDGE_LOOP('',(#12078));
#12078 = ORIENTED_EDGE('',*,*,#6724,.T.);
#12079 = FACE_BOUND('',#12080,.F.);
#12080 = EDGE_LOOP('',(#12081));
#12081 = ORIENTED_EDGE('',*,*,#9675,.T.);
#12082 = ADVANCED_FACE('',(#12083,#12086),#6794,.F.);
#12083 = FACE_BOUND('',#12084,.F.);
#12084 = EDGE_LOOP('',(#12085));
#12085 = ORIENTED_EDGE('',*,*,#6779,.T.);
#12086 = FACE_BOUND('',#12087,.F.);
#12087 = EDGE_LOOP('',(#12088));
#12088 = ORIENTED_EDGE('',*,*,#9729,.T.);
#12089 = ADVANCED_FACE('',(#12090,#12093),#6876,.F.);
#12090 = FACE_BOUND('',#12091,.F.);
#12091 = EDGE_LOOP('',(#12092));
#12092 = ORIENTED_EDGE('',*,*,#6861,.T.);
#12093 = FACE_BOUND('',#12094,.F.);
#12094 = EDGE_LOOP('',(#12095));
#12095 = ORIENTED_EDGE('',*,*,#9783,.T.);
#12096 = ADVANCED_FACE('',(#12097,#12100),#6931,.F.);
#12097 = FACE_BOUND('',#12098,.F.);
#12098 = EDGE_LOOP('',(#12099));
#12099 = ORIENTED_EDGE('',*,*,#6916,.T.);
#12100 = FACE_BOUND('',#12101,.F.);
#12101 = EDGE_LOOP('',(#12102));
#12102 = ORIENTED_EDGE('',*,*,#9837,.T.);
#12103 = ADVANCED_FACE('',(#12104,#12107),#6986,.F.);
#12104 = FACE_BOUND('',#12105,.F.);
#12105 = EDGE_LOOP('',(#12106));
#12106 = ORIENTED_EDGE('',*,*,#6971,.T.);
#12107 = FACE_BOUND('',#12108,.F.);
#12108 = EDGE_LOOP('',(#12109));
#12109 = ORIENTED_EDGE('',*,*,#9891,.T.);
#12110 = ADVANCED_FACE('',(#12111,#12114),#7068,.F.);
#12111 = FACE_BOUND('',#12112,.F.);
#12112 = EDGE_LOOP('',(#12113));
#12113 = ORIENTED_EDGE('',*,*,#7053,.T.);
#12114 = FACE_BOUND('',#12115,.F.);
#12115 = EDGE_LOOP('',(#12116));
#12116 = ORIENTED_EDGE('',*,*,#9945,.T.);
#12117 = ADVANCED_FACE('',(#12118,#12121),#7123,.F.);
#12118 = FACE_BOUND('',#12119,.F.);
#12119 = EDGE_LOOP('',(#12120));
#12120 = ORIENTED_EDGE('',*,*,#7108,.T.);
#12121 = FACE_BOUND('',#12122,.F.);
#12122 = EDGE_LOOP('',(#12123));
#12123 = ORIENTED_EDGE('',*,*,#9999,.T.);
#12124 = ADVANCED_FACE('',(#12125,#12128),#7178,.F.);
#12125 = FACE_BOUND('',#12126,.F.);
#12126 = EDGE_LOOP('',(#12127));
#12127 = ORIENTED_EDGE('',*,*,#7163,.T.);
#12128 = FACE_BOUND('',#12129,.F.);
#12129 = EDGE_LOOP('',(#12130));
#12130 = ORIENTED_EDGE('',*,*,#10053,.T.);
#12131 = ADVANCED_FACE('',(#12132,#12135),#7260,.F.);
#12132 = FACE_BOUND('',#12133,.F.);
#12133 = EDGE_LOOP('',(#12134));
#12134 = ORIENTED_EDGE('',*,*,#7245,.T.);
#12135 = FACE_BOUND('',#12136,.F.);
#12136 = EDGE_LOOP('',(#12137));
#12137 = ORIENTED_EDGE('',*,*,#10107,.T.);
#12138 = ADVANCED_FACE('',(#12139,#12142),#7342,.F.);
#12139 = FACE_BOUND('',#12140,.F.);
#12140 = EDGE_LOOP('',(#12141));
#12141 = ORIENTED_EDGE('',*,*,#7327,.T.);
#12142 = FACE_BOUND('',#12143,.F.);
#12143 = EDGE_LOOP('',(#12144));
#12144 = ORIENTED_EDGE('',*,*,#10161,.T.);
#12145 = ADVANCED_FACE('',(#12146,#12149),#7397,.F.);
#12146 = FACE_BOUND('',#12147,.F.);
#12147 = EDGE_LOOP('',(#12148));
#12148 = ORIENTED_EDGE('',*,*,#7382,.T.);
#12149 = FACE_BOUND('',#12150,.F.);
#12150 = EDGE_LOOP('',(#12151));
#12151 = ORIENTED_EDGE('',*,*,#10215,.T.);
#12152 = ADVANCED_FACE('',(#12153,#12156),#7479,.F.);
#12153 = FACE_BOUND('',#12154,.F.);
#12154 = EDGE_LOOP('',(#12155));
#12155 = ORIENTED_EDGE('',*,*,#7464,.T.);
#12156 = FACE_BOUND('',#12157,.F.);
#12157 = EDGE_LOOP('',(#12158));
#12158 = ORIENTED_EDGE('',*,*,#10269,.T.);
#12159 = ADVANCED_FACE('',(#12160,#12163),#7534,.F.);
#12160 = FACE_BOUND('',#12161,.F.);
#12161 = EDGE_LOOP('',(#12162));
#12162 = ORIENTED_EDGE('',*,*,#7519,.T.);
#12163 = FACE_BOUND('',#12164,.F.);
#12164 = EDGE_LOOP('',(#12165));
#12165 = ORIENTED_EDGE('',*,*,#10323,.T.);
#12166 = ADVANCED_FACE('',(#12167,#12170),#7589,.F.);
#12167 = FACE_BOUND('',#12168,.F.);
#12168 = EDGE_LOOP('',(#12169));
#12169 = ORIENTED_EDGE('',*,*,#7574,.T.);
#12170 = FACE_BOUND('',#12171,.F.);
#12171 = EDGE_LOOP('',(#12172));
#12172 = ORIENTED_EDGE('',*,*,#10377,.T.);
#12173 = ADVANCED_FACE('',(#12174,#12177),#7644,.F.);
#12174 = FACE_BOUND('',#12175,.F.);
#12175 = EDGE_LOOP('',(#12176));
#12176 = ORIENTED_EDGE('',*,*,#7629,.T.);
#12177 = FACE_BOUND('',#12178,.F.);
#12178 = EDGE_LOOP('',(#12179));
#12179 = ORIENTED_EDGE('',*,*,#10431,.T.);
#12180 = ADVANCED_FACE('',(#12181,#12184),#7726,.F.);
#12181 = FACE_BOUND('',#12182,.F.);
#12182 = EDGE_LOOP('',(#12183));
#12183 = ORIENTED_EDGE('',*,*,#7711,.T.);
#12184 = FACE_BOUND('',#12185,.F.);
#12185 = EDGE_LOOP('',(#12186));
#12186 = ORIENTED_EDGE('',*,*,#10485,.T.);
#12187 = ADVANCED_FACE('',(#12188,#12191),#7781,.F.);
#12188 = FACE_BOUND('',#12189,.F.);
#12189 = EDGE_LOOP('',(#12190));
#12190 = ORIENTED_EDGE('',*,*,#7766,.T.);
#12191 = FACE_BOUND('',#12192,.F.);
#12192 = EDGE_LOOP('',(#12193));
#12193 = ORIENTED_EDGE('',*,*,#10539,.T.);
#12194 = ADVANCED_FACE('',(#12195,#12198),#7863,.F.);
#12195 = FACE_BOUND('',#12196,.F.);
#12196 = EDGE_LOOP('',(#12197));
#12197 = ORIENTED_EDGE('',*,*,#7848,.T.);
#12198 = FACE_BOUND('',#12199,.F.);
#12199 = EDGE_LOOP('',(#12200));
#12200 = ORIENTED_EDGE('',*,*,#10593,.T.);
#12201 = ADVANCED_FACE('',(#12202,#12205),#7918,.F.);
#12202 = FACE_BOUND('',#12203,.F.);
#12203 = EDGE_LOOP('',(#12204));
#12204 = ORIENTED_EDGE('',*,*,#7903,.T.);
#12205 = FACE_BOUND('',#12206,.F.);
#12206 = EDGE_LOOP('',(#12207));
#12207 = ORIENTED_EDGE('',*,*,#10647,.T.);
#12208 = ADVANCED_FACE('',(#12209,#12212),#8000,.F.);
#12209 = FACE_BOUND('',#12210,.F.);
#12210 = EDGE_LOOP('',(#12211));
#12211 = ORIENTED_EDGE('',*,*,#7985,.T.);
#12212 = FACE_BOUND('',#12213,.F.);
#12213 = EDGE_LOOP('',(#12214));
#12214 = ORIENTED_EDGE('',*,*,#10701,.T.);
#12215 = ADVANCED_FACE('',(#12216,#12219),#8055,.F.);
#12216 = FACE_BOUND('',#12217,.F.);
#12217 = EDGE_LOOP('',(#12218));
#12218 = ORIENTED_EDGE('',*,*,#8040,.T.);
#12219 = FACE_BOUND('',#12220,.F.);
#12220 = EDGE_LOOP('',(#12221));
#12221 = ORIENTED_EDGE('',*,*,#10755,.T.);
#12222 = ADVANCED_FACE('',(#12223,#12226),#8110,.F.);
#12223 = FACE_BOUND('',#12224,.F.);
#12224 = EDGE_LOOP('',(#12225));
#12225 = ORIENTED_EDGE('',*,*,#8095,.T.);
#12226 = FACE_BOUND('',#12227,.F.);
#12227 = EDGE_LOOP('',(#12228));
#12228 = ORIENTED_EDGE('',*,*,#10809,.T.);
#12229 = ADVANCED_FACE('',(#12230,#12233),#8165,.F.);
#12230 = FACE_BOUND('',#12231,.F.);
#12231 = EDGE_LOOP('',(#12232));
#12232 = ORIENTED_EDGE('',*,*,#8150,.T.);
#12233 = FACE_BOUND('',#12234,.F.);
#12234 = EDGE_LOOP('',(#12235));
#12235 = ORIENTED_EDGE('',*,*,#10863,.T.);
#12236 = ADVANCED_FACE('',(#12237,#12240),#8220,.F.);
#12237 = FACE_BOUND('',#12238,.F.);
#12238 = EDGE_LOOP('',(#12239));
#12239 = ORIENTED_EDGE('',*,*,#8205,.T.);
#12240 = FACE_BOUND('',#12241,.F.);
#12241 = EDGE_LOOP('',(#12242));
#12242 = ORIENTED_EDGE('',*,*,#10917,.T.);
#12243 = ADVANCED_FACE('',(#12244,#12247),#8275,.F.);
#12244 = FACE_BOUND('',#12245,.F.);
#12245 = EDGE_LOOP('',(#12246));
#12246 = ORIENTED_EDGE('',*,*,#8260,.T.);
#12247 = FACE_BOUND('',#12248,.F.);
#12248 = EDGE_LOOP('',(#12249));
#12249 = ORIENTED_EDGE('',*,*,#10971,.T.);
#12250 = ADVANCED_FACE('',(#12251,#12254),#8357,.F.);
#12251 = FACE_BOUND('',#12252,.F.);
#12252 = EDGE_LOOP('',(#12253));
#12253 = ORIENTED_EDGE('',*,*,#8342,.T.);
#12254 = FACE_BOUND('',#12255,.F.);
#12255 = EDGE_LOOP('',(#12256));
#12256 = ORIENTED_EDGE('',*,*,#11025,.T.);
#12257 = ADVANCED_FACE('',(#12258,#12261),#8412,.F.);
#12258 = FACE_BOUND('',#12259,.F.);
#12259 = EDGE_LOOP('',(#12260));
#12260 = ORIENTED_EDGE('',*,*,#8397,.T.);
#12261 = FACE_BOUND('',#12262,.F.);
#12262 = EDGE_LOOP('',(#12263));
#12263 = ORIENTED_EDGE('',*,*,#11079,.T.);
#12264 = ADVANCED_FACE('',(#12265,#12268),#8494,.F.);
#12265 = FACE_BOUND('',#12266,.F.);
#12266 = EDGE_LOOP('',(#12267));
#12267 = ORIENTED_EDGE('',*,*,#8479,.T.);
#12268 = FACE_BOUND('',#12269,.F.);
#12269 = EDGE_LOOP('',(#12270));
#12270 = ORIENTED_EDGE('',*,*,#11133,.T.);
#12271 = ADVANCED_FACE('',(#12272,#12275),#8549,.F.);
#12272 = FACE_BOUND('',#12273,.F.);
#12273 = EDGE_LOOP('',(#12274));
#12274 = ORIENTED_EDGE('',*,*,#8534,.T.);
#12275 = FACE_BOUND('',#12276,.F.);
#12276 = EDGE_LOOP('',(#12277));
#12277 = ORIENTED_EDGE('',*,*,#11187,.T.);
#12278 = ADVANCED_FACE('',(#12279,#12282),#8604,.F.);
#12279 = FACE_BOUND('',#12280,.F.);
#12280 = EDGE_LOOP('',(#12281));
#12281 = ORIENTED_EDGE('',*,*,#8589,.T.);
#12282 = FACE_BOUND('',#12283,.F.);
#12283 = EDGE_LOOP('',(#12284));
#12284 = ORIENTED_EDGE('',*,*,#11241,.T.);
#12285 = ADVANCED_FACE('',(#12286,#12289),#8686,.F.);
#12286 = FACE_BOUND('',#12287,.F.);
#12287 = EDGE_LOOP('',(#12288));
#12288 = ORIENTED_EDGE('',*,*,#8671,.T.);
#12289 = FACE_BOUND('',#12290,.F.);
#12290 = EDGE_LOOP('',(#12291));
#12291 = ORIENTED_EDGE('',*,*,#11295,.T.);
#12292 = ADVANCED_FACE('',(#12293,#12296),#8741,.F.);
#12293 = FACE_BOUND('',#12294,.F.);
#12294 = EDGE_LOOP('',(#12295));
#12295 = ORIENTED_EDGE('',*,*,#8726,.T.);
#12296 = FACE_BOUND('',#12297,.F.);
#12297 = EDGE_LOOP('',(#12298));
#12298 = ORIENTED_EDGE('',*,*,#11349,.T.);
#12299 = ADVANCED_FACE('',(#12300,#12303),#8796,.F.);
#12300 = FACE_BOUND('',#12301,.F.);
#12301 = EDGE_LOOP('',(#12302));
#12302 = ORIENTED_EDGE('',*,*,#8781,.T.);
#12303 = FACE_BOUND('',#12304,.F.);
#12304 = EDGE_LOOP('',(#12305));
#12305 = ORIENTED_EDGE('',*,*,#11403,.T.);
#12306 = ADVANCED_FACE('',(#12307,#12310),#8878,.F.);
#12307 = FACE_BOUND('',#12308,.F.);
#12308 = EDGE_LOOP('',(#12309));
#12309 = ORIENTED_EDGE('',*,*,#8863,.T.);
#12310 = FACE_BOUND('',#12311,.F.);
#12311 = EDGE_LOOP('',(#12312));
#12312 = ORIENTED_EDGE('',*,*,#11457,.T.);
#12313 = ADVANCED_FACE('',(#12314,#12317),#8933,.F.);
#12314 = FACE_BOUND('',#12315,.F.);
#12315 = EDGE_LOOP('',(#12316));
#12316 = ORIENTED_EDGE('',*,*,#8918,.T.);
#12317 = FACE_BOUND('',#12318,.F.);
#12318 = EDGE_LOOP('',(#12319));
#12319 = ORIENTED_EDGE('',*,*,#11511,.T.);
#12320 = ADVANCED_FACE('',(#12321,#12324),#8988,.F.);
#12321 = FACE_BOUND('',#12322,.F.);
#12322 = EDGE_LOOP('',(#12323));
#12323 = ORIENTED_EDGE('',*,*,#8973,.T.);
#12324 = FACE_BOUND('',#12325,.F.);
#12325 = EDGE_LOOP('',(#12326));
#12326 = ORIENTED_EDGE('',*,*,#11565,.T.);
#12327 = ADVANCED_FACE('',(#12328,#12331),#9043,.F.);
#12328 = FACE_BOUND('',#12329,.F.);
#12329 = EDGE_LOOP('',(#12330));
#12330 = ORIENTED_EDGE('',*,*,#9028,.T.);
#12331 = FACE_BOUND('',#12332,.F.);
#12332 = EDGE_LOOP('',(#12333));
#12333 = ORIENTED_EDGE('',*,*,#11619,.T.);
#12334 = ADVANCED_FACE('',(#12335,#12338),#9098,.F.);
#12335 = FACE_BOUND('',#12336,.F.);
#12336 = EDGE_LOOP('',(#12337));
#12337 = ORIENTED_EDGE('',*,*,#9083,.T.);
#12338 = FACE_BOUND('',#12339,.F.);
#12339 = EDGE_LOOP('',(#12340));
#12340 = ORIENTED_EDGE('',*,*,#11673,.T.);
#12341 = ADVANCED_FACE('',(#12342,#12345),#9180,.F.);
#12342 = FACE_BOUND('',#12343,.F.);
#12343 = EDGE_LOOP('',(#12344));
#12344 = ORIENTED_EDGE('',*,*,#9165,.T.);
#12345 = FACE_BOUND('',#12346,.F.);
#12346 = EDGE_LOOP('',(#12347));
#12347 = ORIENTED_EDGE('',*,*,#11727,.T.);
#12348 = ADVANCED_FACE('',(#12349,#12352),#9235,.F.);
#12349 = FACE_BOUND('',#12350,.F.);
#12350 = EDGE_LOOP('',(#12351));
#12351 = ORIENTED_EDGE('',*,*,#9220,.T.);
#12352 = FACE_BOUND('',#12353,.F.);
#12353 = EDGE_LOOP('',(#12354));
#12354 = ORIENTED_EDGE('',*,*,#11781,.T.);
#12355 = ADVANCED_FACE('',(#12356,#12359),#9290,.F.);
#12356 = FACE_BOUND('',#12357,.F.);
#12357 = EDGE_LOOP('',(#12358));
#12358 = ORIENTED_EDGE('',*,*,#9275,.T.);
#12359 = FACE_BOUND('',#12360,.F.);
#12360 = EDGE_LOOP('',(#12361));
#12361 = ORIENTED_EDGE('',*,*,#11835,.T.);
#12362 = ADVANCED_FACE('',(#12363,#12366),#9372,.F.);
#12363 = FACE_BOUND('',#12364,.F.);
#12364 = EDGE_LOOP('',(#12365));
#12365 = ORIENTED_EDGE('',*,*,#9357,.T.);
#12366 = FACE_BOUND('',#12367,.F.);
#12367 = EDGE_LOOP('',(#12368));
#12368 = ORIENTED_EDGE('',*,*,#11889,.T.);
#12369 = ADVANCED_FACE('',(#12370,#12373),#9427,.F.);
#12370 = FACE_BOUND('',#12371,.F.);
#12371 = EDGE_LOOP('',(#12372));
#12372 = ORIENTED_EDGE('',*,*,#9412,.T.);
#12373 = FACE_BOUND('',#12374,.F.);
#12374 = EDGE_LOOP('',(#12375));
#12375 = ORIENTED_EDGE('',*,*,#11943,.T.);
#12376 = ADVANCED_FACE('',(#12377,#12380),#9482,.F.);
#12377 = FACE_BOUND('',#12378,.F.);
#12378 = EDGE_LOOP('',(#12379));
#12379 = ORIENTED_EDGE('',*,*,#9467,.T.);
#12380 = FACE_BOUND('',#12381,.F.);
#12381 = EDGE_LOOP('',(#12382));
#12382 = ORIENTED_EDGE('',*,*,#11997,.T.);
#12383 = ( GEOMETRIC_REPRESENTATION_CONTEXT(3) 
GLOBAL_UNCERTAINTY_ASSIGNED_CONTEXT((#12387)) 
GLOBAL_UNIT_ASSIGNED_CONTEXT((#12384,#12385,#12386)) 
REPRESENTATION_CONTEXT('Context #1',
  '3D Context with UNIT and UNCERTAINTY') );
#12384 = ( LENGTH_UNIT() NAMED_UNIT(*) SI_UNIT(.MILLI.,.METRE.) );
#12385 = ( NAMED_UNIT(*) PLANE_ANGLE_UNIT() SI_UNIT($,.RADIAN.) );
#12386 = ( NAMED_UNIT(*) SI_UNIT($,.STERADIAN.) SOLID_ANGLE_UNIT() );
#12387 = UNCERTAINTY_MEASURE_WITH_UNIT(LENGTH_MEASURE(1.E-07),#12384,
  'distance_accuracy_value','confusion accuracy');
#12388 = PRODUCT_RELATED_PRODUCT_CATEGORY('part',$,(#7));
ENDSEC;
END-ISO-10303-21;
