ISO-10303-21;
HEADER;
FILE_DESCRIPTION(('Open CASCADE Model'),'2;1');
FILE_NAME('Open CASCADE Shape Model','2026-09-28T05:47:36',('Author'),(
    'Open CASCADE'),'Open CASCADE STEP processor 7.9','Open CASCADE 7.9'
  ,'Unknown');
FILE_SCHEMA(('AUTOMOTIVE_DESIGN { 1 0 10303 214 1 1 1 1 }'));
ENDSEC;
DATA;
#1 = APPLICATION_PROTOCOL_DEFINITION('international standard',
  'automotive_design',2000,#2);
#2 = APPLICATION_CONTEXT(
  'core data for automotive mechanical design processes');
#3 = SHAPE_DEFINITION_REPRESENTATION(#4,#10);
#4 = PRODUCT_DEFINITION_SHAPE('','',#5);
#5 = PRODUCT_DEFINITION('design','',#6,#9);
#6 = PRODUCT_DEFINITION_FORMATION('','',#7);
#7 = PRODUCT('RevLROT_NEW_PARTS','RevLROT_NEW_PARTS','',(#8));
#8 = PRODUCT_CONTEXT('',#2,'mechanical');
#9 = PRODUCT_DEFINITION_CONTEXT('part definition',#2,'design');
#10 = SHAPE_REPRESENTATION('',(#11,#15,#19,#23,#27,#31,#35),#39);
#11 = AXIS2_PLACEMENT_3D('',#12,#13,#14);
#12 = CARTESIAN_POINT('',(0.,0.,0.));
#13 = DIRECTION('',(0.,0.,1.));
#14 = DIRECTION('',(1.,0.,-0.));
#15 = AXIS2_PLACEMENT_3D('',#16,#17,#18);
#16 = CARTESIAN_POINT('',(0.,0.,0.));
#17 = DIRECTION('',(0.,0.,1.));
#18 = DIRECTION('',(1.,0.,-0.));
#19 = AXIS2_PLACEMENT_3D('',#20,#21,#22);
#20 = CARTESIAN_POINT('',(0.,0.,0.));
#21 = DIRECTION('',(0.,0.,1.));
#22 = DIRECTION('',(1.,0.,-0.));
#23 = AXIS2_PLACEMENT_3D('',#24,#25,#26);
#24 = CARTESIAN_POINT('',(0.,0.,0.));
#25 = DIRECTION('',(0.,0.,1.));
#26 = DIRECTION('',(1.,0.,-0.));
#27 = AXIS2_PLACEMENT_3D('',#28,#29,#30);
#28 = CARTESIAN_POINT('',(0.,0.,0.));
#29 = DIRECTION('',(0.,0.,1.));
#30 = DIRECTION('',(1.,0.,-0.));
#31 = AXIS2_PLACEMENT_3D('',#32,#33,#34);
#32 = CARTESIAN_POINT('',(0.,0.,0.));
#33 = DIRECTION('',(0.,0.,1.));
#34 = DIRECTION('',(1.,0.,-0.));
#35 = AXIS2_PLACEMENT_3D('',#36,#37,#38);
#36 = CARTESIAN_POINT('',(0.,0.,0.));
#37 = DIRECTION('',(0.,0.,1.));
#38 = DIRECTION('',(1.,0.,-0.));
#39 = ( GEOMETRIC_REPRESENTATION_CONTEXT(3) 
GLOBAL_UNCERTAINTY_ASSIGNED_CONTEXT((#43)) GLOBAL_UNIT_ASSIGNED_CONTEXT(
(#40,#41,#42)) REPRESENTATION_CONTEXT('Context #1',
  '3D Context with UNIT and UNCERTAINTY') );
#40 = ( LENGTH_UNIT() NAMED_UNIT(*) SI_UNIT(.MILLI.,.METRE.) );
#41 = ( NAMED_UNIT(*) PLANE_ANGLE_UNIT() SI_UNIT($,.RADIAN.) );
#42 = ( NAMED_UNIT(*) SI_UNIT($,.STERADIAN.) SOLID_ANGLE_UNIT() );
#43 = UNCERTAINTY_MEASURE_WITH_UNIT(LENGTH_MEASURE(1.E-07),#40,
  'distance_accuracy_value','confusion accuracy');
#44 = PRODUCT_RELATED_PRODUCT_CATEGORY('part',$,(#7));
#45 = SHAPE_DEFINITION_REPRESENTATION(#46,#52);
#46 = PRODUCT_DEFINITION_SHAPE('','',#47);
#47 = PRODUCT_DEFINITION('design','',#48,#51);
#48 = PRODUCT_DEFINITION_FORMATION('','',#49);
#49 = PRODUCT('ROT_RAIL_L','ROT_RAIL_L','',(#50));
#50 = PRODUCT_CONTEXT('',#2,'mechanical');
#51 = PRODUCT_DEFINITION_CONTEXT('part definition',#2,'design');
#52 = ADVANCED_BREP_SHAPE_REPRESENTATION('',(#11,#53),#683);
#53 = MANIFOLD_SOLID_BREP('',#54);
#54 = CLOSED_SHELL('',(#55,#281,#357,#406,#455,#482,#551,#598,#645,#670)
  );
#55 = ADVANCED_FACE('',(#56,#175),#70,.F.);
#56 = FACE_BOUND('',#57,.F.);
#57 = EDGE_LOOP('',(#58,#93,#121,#149));
#58 = ORIENTED_EDGE('',*,*,#59,.F.);
#59 = EDGE_CURVE('',#60,#62,#64,.T.);
#60 = VERTEX_POINT('',#61);
#61 = CARTESIAN_POINT('',(515.8,1.3992E+03,730.));
#62 = VERTEX_POINT('',#63);
#63 = CARTESIAN_POINT('',(515.8,1.3992E+03,831.6));
#64 = SURFACE_CURVE('',#65,(#69,#81),.PCURVE_S1.);
#65 = LINE('',#66,#67);
#66 = CARTESIAN_POINT('',(515.8,1.3992E+03,730.));
#67 = VECTOR('',#68,1.);
#68 = DIRECTION('',(0.,0.,1.));
#69 = PCURVE('',#70,#75);
#70 = PLANE('',#71);
#71 = AXIS2_PLACEMENT_3D('',#72,#73,#74);
#72 = CARTESIAN_POINT('',(515.8,1.3992E+03,730.));
#73 = DIRECTION('',(0.,1.,0.));
#74 = DIRECTION('',(0.,0.,1.));
#75 = DEFINITIONAL_REPRESENTATION('',(#76),#80);
#76 = LINE('',#77,#78);
#77 = CARTESIAN_POINT('',(0.,0.));
#78 = VECTOR('',#79,1.);
#79 = DIRECTION('',(1.,0.));
#80 = ( GEOMETRIC_REPRESENTATION_CONTEXT(2) 
PARAMETRIC_REPRESENTATION_CONTEXT() REPRESENTATION_CONTEXT('2D SPACE',''
  ) );
#81 = PCURVE('',#82,#87);
#82 = PLANE('',#83);
#83 = AXIS2_PLACEMENT_3D('',#84,#85,#86);
#84 = CARTESIAN_POINT('',(515.8,1.3992E+03,730.));
#85 = DIRECTION('',(-1.,0.,0.));
#86 = DIRECTION('',(0.,0.,1.));
#87 = DEFINITIONAL_REPRESENTATION('',(#88),#92);
#88 = LINE('',#89,#90);
#89 = CARTESIAN_POINT('',(0.,0.));
#90 = VECTOR('',#91,1.);
#91 = DIRECTION('',(1.,0.));
#92 = ( GEOMETRIC_REPRESENTATION_CONTEXT(2) 
PARAMETRIC_REPRESENTATION_CONTEXT() REPRESENTATION_CONTEXT('2D SPACE',''
  ) );
#93 = ORIENTED_EDGE('',*,*,#94,.T.);
#94 = EDGE_CURVE('',#60,#95,#97,.T.);
#95 = VERTEX_POINT('',#96);
#96 = CARTESIAN_POINT('',(465.,1.3992E+03,730.));
#97 = SURFACE_CURVE('',#98,(#102,#109),.PCURVE_S1.);
#98 = LINE('',#99,#100);
#99 = CARTESIAN_POINT('',(515.8,1.3992E+03,730.));
#100 = VECTOR('',#101,1.);
#101 = DIRECTION('',(-1.,0.,0.));
#102 = PCURVE('',#70,#103);
#103 = DEFINITIONAL_REPRESENTATION('',(#104),#108);
#104 = LINE('',#105,#106);
#105 = CARTESIAN_POINT('',(0.,0.));
#106 = VECTOR('',#107,1.);
#107 = DIRECTION('',(0.,-1.));
#108 = ( GEOMETRIC_REPRESENTATION_CONTEXT(2) 
PARAMETRIC_REPRESENTATION_CONTEXT() REPRESENTATION_CONTEXT('2D SPACE',''
  ) );
#109 = PCURVE('',#110,#115);
#110 = PLANE('',#111);
#111 = AXIS2_PLACEMENT_3D('',#112,#113,#114);
#112 = CARTESIAN_POINT('',(515.8,1.3992E+03,730.));
#113 = DIRECTION('',(0.,0.,1.));
#114 = DIRECTION('',(0.,1.,0.));
#115 = DEFINITIONAL_REPRESENTATION('',(#116),#120);
#116 = LINE('',#117,#118);
#117 = CARTESIAN_POINT('',(0.,0.));
#118 = VECTOR('',#119,1.);
#119 = DIRECTION('',(0.,1.));
#120 = ( GEOMETRIC_REPRESENTATION_CONTEXT(2) 
PARAMETRIC_REPRESENTATION_CONTEXT() REPRESENTATION_CONTEXT('2D SPACE',''
  ) );
#121 = ORIENTED_EDGE('',*,*,#122,.T.);
#122 = EDGE_CURVE('',#95,#123,#125,.T.);
#123 = VERTEX_POINT('',#124);
#124 = CARTESIAN_POINT('',(465.,1.3992E+03,831.6));
#125 = SURFACE_CURVE('',#126,(#130,#137),.PCURVE_S1.);
#126 = LINE('',#127,#128);
#127 = CARTESIAN_POINT('',(465.,1.3992E+03,730.));
#128 = VECTOR('',#129,1.);
#129 = DIRECTION('',(0.,0.,1.));
#130 = PCURVE('',#70,#131);
#131 = DEFINITIONAL_REPRESENTATION('',(#132),#136);
#132 = LINE('',#133,#134);
#133 = CARTESIAN_POINT('',(0.,-50.8));
#134 = VECTOR('',#135,1.);
#135 = DIRECTION('',(1.,0.));
#136 = ( GEOMETRIC_REPRESENTATION_CONTEXT(2) 
PARAMETRIC_REPRESENTATION_CONTEXT() REPRESENTATION_CONTEXT('2D SPACE',''
  ) );
#137 = PCURVE('',#138,#143);
#138 = PLANE('',#139);
#139 = AXIS2_PLACEMENT_3D('',#140,#141,#142);
#140 = CARTESIAN_POINT('',(465.,1.3992E+03,730.));
#141 = DIRECTION('',(-1.,0.,0.));
#142 = DIRECTION('',(0.,0.,1.));
#143 = DEFINITIONAL_REPRESENTATION('',(#144),#148);
#144 = LINE('',#145,#146);
#145 = CARTESIAN_POINT('',(0.,0.));
#146 = VECTOR('',#147,1.);
#147 = DIRECTION('',(1.,0.));
#148 = ( GEOMETRIC_REPRESENTATION_CONTEXT(2) 
PARAMETRIC_REPRESENTATION_CONTEXT() REPRESENTATION_CONTEXT('2D SPACE',''
  ) );
#149 = ORIENTED_EDGE('',*,*,#150,.F.);
#150 = EDGE_CURVE('',#62,#123,#151,.T.);
#151 = SURFACE_CURVE('',#152,(#156,#163),.PCURVE_S1.);
#152 = LINE('',#153,#154);
#153 = CARTESIAN_POINT('',(515.8,1.3992E+03,831.6));
#154 = VECTOR('',#155,1.);
#155 = DIRECTION('',(-1.,0.,0.));
#156 = PCURVE('',#70,#157);
#157 = DEFINITIONAL_REPRESENTATION('',(#158),#162);
#158 = LINE('',#159,#160);
#159 = CARTESIAN_POINT('',(101.6,0.));
#160 = VECTOR('',#161,1.);
#161 = DIRECTION('',(0.,-1.));
#162 = ( GEOMETRIC_REPRESENTATION_CONTEXT(2) 
PARAMETRIC_REPRESENTATION_CONTEXT() REPRESENTATION_CONTEXT('2D SPACE',''
  ) );
#163 = PCURVE('',#164,#169);
#164 = PLANE('',#165);
#165 = AXIS2_PLACEMENT_3D('',#166,#167,#168);
#166 = CARTESIAN_POINT('',(515.8,1.3992E+03,831.6));
#167 = DIRECTION('',(0.,0.,1.));
#168 = DIRECTION('',(0.,1.,0.));
#169 = DEFINITIONAL_REPRESENTATION('',(#170),#174);
#170 = LINE('',#171,#172);
#171 = CARTESIAN_POINT('',(0.,0.));
#172 = VECTOR('',#173,1.);
#173 = DIRECTION('',(0.,1.));
#174 = ( GEOMETRIC_REPRESENTATION_CONTEXT(2) 
PARAMETRIC_REPRESENTATION_CONTEXT() REPRESENTATION_CONTEXT('2D SPACE',''
  ) );
#175 = FACE_BOUND('',#176,.F.);
#176 = EDGE_LOOP('',(#177,#205,#231,#257));
#177 = ORIENTED_EDGE('',*,*,#178,.T.);
#178 = EDGE_CURVE('',#179,#181,#183,.T.);
#179 = VERTEX_POINT('',#180);
#180 = CARTESIAN_POINT('',(467.108,1.3992E+03,732.108));
#181 = VERTEX_POINT('',#182);
#182 = CARTESIAN_POINT('',(513.692,1.3992E+03,732.108));
#183 = SURFACE_CURVE('',#184,(#188,#194),.PCURVE_S1.);
#184 = LINE('',#185,#186);
#185 = CARTESIAN_POINT('',(514.746,1.3992E+03,732.108));
#186 = VECTOR('',#187,1.);
#187 = DIRECTION('',(1.,0.,0.));
#188 = PCURVE('',#70,#189);
#189 = DEFINITIONAL_REPRESENTATION('',(#190),#193);
#190 = B_SPLINE_CURVE_WITH_KNOTS('',1,(#191,#192),.UNSPECIFIED.,.F.,.F.,
  (2,2),(-47.638,-1.054),.PIECEWISE_BEZIER_KNOTS.);
#191 = CARTESIAN_POINT('',(2.108,-48.692));
#192 = CARTESIAN_POINT('',(2.108,-2.108));
#193 = ( GEOMETRIC_REPRESENTATION_CONTEXT(2) 
PARAMETRIC_REPRESENTATION_CONTEXT() REPRESENTATION_CONTEXT('2D SPACE',''
  ) );
#194 = PCURVE('',#195,#200);
#195 = PLANE('',#196);
#196 = AXIS2_PLACEMENT_3D('',#197,#198,#199);
#197 = CARTESIAN_POINT('',(513.692,1.3982E+03,732.108));
#198 = DIRECTION('',(0.,0.,1.));
#199 = DIRECTION('',(0.,1.,0.));
#200 = DEFINITIONAL_REPRESENTATION('',(#201),#204);
#201 = B_SPLINE_CURVE_WITH_KNOTS('',1,(#202,#203),.UNSPECIFIED.,.F.,.F.,
  (2,2),(-47.638,-1.054),.PIECEWISE_BEZIER_KNOTS.);
#202 = CARTESIAN_POINT('',(1.,46.584));
#203 = CARTESIAN_POINT('',(1.,0.));
#204 = ( GEOMETRIC_REPRESENTATION_CONTEXT(2) 
PARAMETRIC_REPRESENTATION_CONTEXT() REPRESENTATION_CONTEXT('2D SPACE',''
  ) );
#205 = ORIENTED_EDGE('',*,*,#206,.T.);
#206 = EDGE_CURVE('',#181,#207,#209,.T.);
#207 = VERTEX_POINT('',#208);
#208 = CARTESIAN_POINT('',(513.692,1.3992E+03,829.492));
#209 = SURFACE_CURVE('',#210,(#214,#220),.PCURVE_S1.);
#210 = LINE('',#211,#212);
#211 = CARTESIAN_POINT('',(513.692,1.3992E+03,731.054));
#212 = VECTOR('',#213,1.);
#213 = DIRECTION('',(0.,0.,1.));
#214 = PCURVE('',#70,#215);
#215 = DEFINITIONAL_REPRESENTATION('',(#216),#219);
#216 = B_SPLINE_CURVE_WITH_KNOTS('',1,(#217,#218),.UNSPECIFIED.,.F.,.F.,
  (2,2),(1.054,98.438),.PIECEWISE_BEZIER_KNOTS.);
#217 = CARTESIAN_POINT('',(2.108,-2.108));
#218 = CARTESIAN_POINT('',(99.492,-2.108));
#219 = ( GEOMETRIC_REPRESENTATION_CONTEXT(2) 
PARAMETRIC_REPRESENTATION_CONTEXT() REPRESENTATION_CONTEXT('2D SPACE',''
  ) );
#220 = PCURVE('',#221,#226);
#221 = PLANE('',#222);
#222 = AXIS2_PLACEMENT_3D('',#223,#224,#225);
#223 = CARTESIAN_POINT('',(513.692,1.3982E+03,732.108));
#224 = DIRECTION('',(-1.,0.,0.));
#225 = DIRECTION('',(0.,0.,1.));
#226 = DEFINITIONAL_REPRESENTATION('',(#227),#230);
#227 = B_SPLINE_CURVE_WITH_KNOTS('',1,(#228,#229),.UNSPECIFIED.,.F.,.F.,
  (2,2),(1.054,98.438),.PIECEWISE_BEZIER_KNOTS.);
#228 = CARTESIAN_POINT('',(0.,1.));
#229 = CARTESIAN_POINT('',(97.384,1.));
#230 = ( GEOMETRIC_REPRESENTATION_CONTEXT(2) 
PARAMETRIC_REPRESENTATION_CONTEXT() REPRESENTATION_CONTEXT('2D SPACE',''
  ) );
#231 = ORIENTED_EDGE('',*,*,#232,.F.);
#232 = EDGE_CURVE('',#233,#207,#235,.T.);
#233 = VERTEX_POINT('',#234);
#234 = CARTESIAN_POINT('',(467.108,1.3992E+03,829.492));
#235 = SURFACE_CURVE('',#236,(#240,#246),.PCURVE_S1.);
#236 = LINE('',#237,#238);
#237 = CARTESIAN_POINT('',(514.746,1.3992E+03,829.492));
#238 = VECTOR('',#239,1.);
#239 = DIRECTION('',(1.,0.,0.));
#240 = PCURVE('',#70,#241);
#241 = DEFINITIONAL_REPRESENTATION('',(#242),#245);
#242 = B_SPLINE_CURVE_WITH_KNOTS('',1,(#243,#244),.UNSPECIFIED.,.F.,.F.,
  (2,2),(-47.638,-1.054),.PIECEWISE_BEZIER_KNOTS.);
#243 = CARTESIAN_POINT('',(99.492,-48.692));
#244 = CARTESIAN_POINT('',(99.492,-2.108));
#245 = ( GEOMETRIC_REPRESENTATION_CONTEXT(2) 
PARAMETRIC_REPRESENTATION_CONTEXT() REPRESENTATION_CONTEXT('2D SPACE',''
  ) );
#246 = PCURVE('',#247,#252);
#247 = PLANE('',#248);
#248 = AXIS2_PLACEMENT_3D('',#249,#250,#251);
#249 = CARTESIAN_POINT('',(513.692,1.3982E+03,829.492));
#250 = DIRECTION('',(0.,0.,1.));
#251 = DIRECTION('',(0.,1.,0.));
#252 = DEFINITIONAL_REPRESENTATION('',(#253),#256);
#253 = B_SPLINE_CURVE_WITH_KNOTS('',1,(#254,#255),.UNSPECIFIED.,.F.,.F.,
  (2,2),(-47.638,-1.054),.PIECEWISE_BEZIER_KNOTS.);
#254 = CARTESIAN_POINT('',(1.,46.584));
#255 = CARTESIAN_POINT('',(1.,0.));
#256 = ( GEOMETRIC_REPRESENTATION_CONTEXT(2) 
PARAMETRIC_REPRESENTATION_CONTEXT() REPRESENTATION_CONTEXT('2D SPACE',''
  ) );
#257 = ORIENTED_EDGE('',*,*,#258,.F.);
#258 = EDGE_CURVE('',#179,#233,#259,.T.);
#259 = SURFACE_CURVE('',#260,(#264,#270),.PCURVE_S1.);
#260 = LINE('',#261,#262);
#261 = CARTESIAN_POINT('',(467.108,1.3992E+03,731.054));
#262 = VECTOR('',#263,1.);
#263 = DIRECTION('',(0.,0.,1.));
#264 = PCURVE('',#70,#265);
#265 = DEFINITIONAL_REPRESENTATION('',(#266),#269);
#266 = B_SPLINE_CURVE_WITH_KNOTS('',1,(#267,#268),.UNSPECIFIED.,.F.,.F.,
  (2,2),(1.054,98.438),.PIECEWISE_BEZIER_KNOTS.);
#267 = CARTESIAN_POINT('',(2.108,-48.692));
#268 = CARTESIAN_POINT('',(99.492,-48.692));
#269 = ( GEOMETRIC_REPRESENTATION_CONTEXT(2) 
PARAMETRIC_REPRESENTATION_CONTEXT() REPRESENTATION_CONTEXT('2D SPACE',''
  ) );
#270 = PCURVE('',#271,#276);
#271 = PLANE('',#272);
#272 = AXIS2_PLACEMENT_3D('',#273,#274,#275);
#273 = CARTESIAN_POINT('',(467.108,1.3982E+03,732.108));
#274 = DIRECTION('',(-1.,0.,0.));
#275 = DIRECTION('',(0.,0.,1.));
#276 = DEFINITIONAL_REPRESENTATION('',(#277),#280);
#277 = B_SPLINE_CURVE_WITH_KNOTS('',1,(#278,#279),.UNSPECIFIED.,.F.,.F.,
  (2,2),(1.054,98.438),.PIECEWISE_BEZIER_KNOTS.);
#278 = CARTESIAN_POINT('',(0.,1.));
#279 = CARTESIAN_POINT('',(97.384,1.));
#280 = ( GEOMETRIC_REPRESENTATION_CONTEXT(2) 
PARAMETRIC_REPRESENTATION_CONTEXT() REPRESENTATION_CONTEXT('2D SPACE',''
  ) );
#281 = ADVANCED_FACE('',(#282),#82,.F.);
#282 = FACE_BOUND('',#283,.F.);
#283 = EDGE_LOOP('',(#284,#307,#308,#331));
#284 = ORIENTED_EDGE('',*,*,#285,.F.);
#285 = EDGE_CURVE('',#60,#286,#288,.T.);
#286 = VERTEX_POINT('',#287);
#287 = CARTESIAN_POINT('',(515.8,1.6392E+03,730.));
#288 = SURFACE_CURVE('',#289,(#293,#300),.PCURVE_S1.);
#289 = LINE('',#290,#291);
#290 = CARTESIAN_POINT('',(515.8,1.3992E+03,730.));
#291 = VECTOR('',#292,1.);
#292 = DIRECTION('',(0.,1.,0.));
#293 = PCURVE('',#82,#294);
#294 = DEFINITIONAL_REPRESENTATION('',(#295),#299);
#295 = LINE('',#296,#297);
#296 = CARTESIAN_POINT('',(0.,0.));
#297 = VECTOR('',#298,1.);
#298 = DIRECTION('',(0.,1.));
#299 = ( GEOMETRIC_REPRESENTATION_CONTEXT(2) 
PARAMETRIC_REPRESENTATION_CONTEXT() REPRESENTATION_CONTEXT('2D SPACE',''
  ) );
#300 = PCURVE('',#110,#301);
#301 = DEFINITIONAL_REPRESENTATION('',(#302),#306);
#302 = LINE('',#303,#304);
#303 = CARTESIAN_POINT('',(0.,0.));
#304 = VECTOR('',#305,1.);
#305 = DIRECTION('',(1.,0.));
#306 = ( GEOMETRIC_REPRESENTATION_CONTEXT(2) 
PARAMETRIC_REPRESENTATION_CONTEXT() REPRESENTATION_CONTEXT('2D SPACE',''
  ) );
#307 = ORIENTED_EDGE('',*,*,#59,.T.);
#308 = ORIENTED_EDGE('',*,*,#309,.T.);
#309 = EDGE_CURVE('',#62,#310,#312,.T.);
#310 = VERTEX_POINT('',#311);
#311 = CARTESIAN_POINT('',(515.8,1.6392E+03,831.6));
#312 = SURFACE_CURVE('',#313,(#317,#324),.PCURVE_S1.);
#313 = LINE('',#314,#315);
#314 = CARTESIAN_POINT('',(515.8,1.3992E+03,831.6));
#315 = VECTOR('',#316,1.);
#316 = DIRECTION('',(0.,1.,0.));
#317 = PCURVE('',#82,#318);
#318 = DEFINITIONAL_REPRESENTATION('',(#319),#323);
#319 = LINE('',#320,#321);
#320 = CARTESIAN_POINT('',(101.6,0.));
#321 = VECTOR('',#322,1.);
#322 = DIRECTION('',(0.,1.));
#323 = ( GEOMETRIC_REPRESENTATION_CONTEXT(2) 
PARAMETRIC_REPRESENTATION_CONTEXT() REPRESENTATION_CONTEXT('2D SPACE',''
  ) );
#324 = PCURVE('',#164,#325);
#325 = DEFINITIONAL_REPRESENTATION('',(#326),#330);
#326 = LINE('',#327,#328);
#327 = CARTESIAN_POINT('',(0.,0.));
#328 = VECTOR('',#329,1.);
#329 = DIRECTION('',(1.,0.));
#330 = ( GEOMETRIC_REPRESENTATION_CONTEXT(2) 
PARAMETRIC_REPRESENTATION_CONTEXT() REPRESENTATION_CONTEXT('2D SPACE',''
  ) );
#331 = ORIENTED_EDGE('',*,*,#332,.F.);
#332 = EDGE_CURVE('',#286,#310,#333,.T.);
#333 = SURFACE_CURVE('',#334,(#338,#345),.PCURVE_S1.);
#334 = LINE('',#335,#336);
#335 = CARTESIAN_POINT('',(515.8,1.6392E+03,730.));
#336 = VECTOR('',#337,1.);
#337 = DIRECTION('',(0.,0.,1.));
#338 = PCURVE('',#82,#339);
#339 = DEFINITIONAL_REPRESENTATION('',(#340),#344);
#340 = LINE('',#341,#342);
#341 = CARTESIAN_POINT('',(0.,240.));
#342 = VECTOR('',#343,1.);
#343 = DIRECTION('',(1.,0.));
#344 = ( GEOMETRIC_REPRESENTATION_CONTEXT(2) 
PARAMETRIC_REPRESENTATION_CONTEXT() REPRESENTATION_CONTEXT('2D SPACE',''
  ) );
#345 = PCURVE('',#346,#351);
#346 = PLANE('',#347);
#347 = AXIS2_PLACEMENT_3D('',#348,#349,#350);
#348 = CARTESIAN_POINT('',(515.8,1.6392E+03,730.));
#349 = DIRECTION('',(0.,1.,0.));
#350 = DIRECTION('',(0.,0.,1.));
#351 = DEFINITIONAL_REPRESENTATION('',(#352),#356);
#352 = LINE('',#353,#354);
#353 = CARTESIAN_POINT('',(0.,0.));
#354 = VECTOR('',#355,1.);
#355 = DIRECTION('',(1.,0.));
#356 = ( GEOMETRIC_REPRESENTATION_CONTEXT(2) 
PARAMETRIC_REPRESENTATION_CONTEXT() REPRESENTATION_CONTEXT('2D SPACE',''
  ) );
#357 = ADVANCED_FACE('',(#358),#164,.T.);
#358 = FACE_BOUND('',#359,.T.);
#359 = EDGE_LOOP('',(#360,#361,#362,#385));
#360 = ORIENTED_EDGE('',*,*,#150,.F.);
#361 = ORIENTED_EDGE('',*,*,#309,.T.);
#362 = ORIENTED_EDGE('',*,*,#363,.T.);
#363 = EDGE_CURVE('',#310,#364,#366,.T.);
#364 = VERTEX_POINT('',#365);
#365 = CARTESIAN_POINT('',(465.,1.6392E+03,831.6));
#366 = SURFACE_CURVE('',#367,(#371,#378),.PCURVE_S1.);
#367 = LINE('',#368,#369);
#368 = CARTESIAN_POINT('',(515.8,1.6392E+03,831.6));
#369 = VECTOR('',#370,1.);
#370 = DIRECTION('',(-1.,0.,0.));
#371 = PCURVE('',#164,#372);
#372 = DEFINITIONAL_REPRESENTATION('',(#373),#377);
#373 = LINE('',#374,#375);
#374 = CARTESIAN_POINT('',(240.,0.));
#375 = VECTOR('',#376,1.);
#376 = DIRECTION('',(0.,1.));
#377 = ( GEOMETRIC_REPRESENTATION_CONTEXT(2) 
PARAMETRIC_REPRESENTATION_CONTEXT() REPRESENTATION_CONTEXT('2D SPACE',''
  ) );
#378 = PCURVE('',#346,#379);
#379 = DEFINITIONAL_REPRESENTATION('',(#380),#384);
#380 = LINE('',#381,#382);
#381 = CARTESIAN_POINT('',(101.6,0.));
#382 = VECTOR('',#383,1.);
#383 = DIRECTION('',(0.,-1.));
#384 = ( GEOMETRIC_REPRESENTATION_CONTEXT(2) 
PARAMETRIC_REPRESENTATION_CONTEXT() REPRESENTATION_CONTEXT('2D SPACE',''
  ) );
#385 = ORIENTED_EDGE('',*,*,#386,.F.);
#386 = EDGE_CURVE('',#123,#364,#387,.T.);
#387 = SURFACE_CURVE('',#388,(#392,#399),.PCURVE_S1.);
#388 = LINE('',#389,#390);
#389 = CARTESIAN_POINT('',(465.,1.3992E+03,831.6));
#390 = VECTOR('',#391,1.);
#391 = DIRECTION('',(0.,1.,0.));
#392 = PCURVE('',#164,#393);
#393 = DEFINITIONAL_REPRESENTATION('',(#394),#398);
#394 = LINE('',#395,#396);
#395 = CARTESIAN_POINT('',(0.,50.8));
#396 = VECTOR('',#397,1.);
#397 = DIRECTION('',(1.,0.));
#398 = ( GEOMETRIC_REPRESENTATION_CONTEXT(2) 
PARAMETRIC_REPRESENTATION_CONTEXT() REPRESENTATION_CONTEXT('2D SPACE',''
  ) );
#399 = PCURVE('',#138,#400);
#400 = DEFINITIONAL_REPRESENTATION('',(#401),#405);
#401 = LINE('',#402,#403);
#402 = CARTESIAN_POINT('',(101.6,0.));
#403 = VECTOR('',#404,1.);
#404 = DIRECTION('',(0.,1.));
#405 = ( GEOMETRIC_REPRESENTATION_CONTEXT(2) 
PARAMETRIC_REPRESENTATION_CONTEXT() REPRESENTATION_CONTEXT('2D SPACE',''
  ) );
#406 = ADVANCED_FACE('',(#407),#110,.F.);
#407 = FACE_BOUND('',#408,.F.);
#408 = EDGE_LOOP('',(#409,#410,#411,#434));
#409 = ORIENTED_EDGE('',*,*,#94,.F.);
#410 = ORIENTED_EDGE('',*,*,#285,.T.);
#411 = ORIENTED_EDGE('',*,*,#412,.T.);
#412 = EDGE_CURVE('',#286,#413,#415,.T.);
#413 = VERTEX_POINT('',#414);
#414 = CARTESIAN_POINT('',(465.,1.6392E+03,730.));
#415 = SURFACE_CURVE('',#416,(#420,#427),.PCURVE_S1.);
#416 = LINE('',#417,#418);
#417 = CARTESIAN_POINT('',(515.8,1.6392E+03,730.));
#418 = VECTOR('',#419,1.);
#419 = DIRECTION('',(-1.,0.,0.));
#420 = PCURVE('',#110,#421);
#421 = DEFINITIONAL_REPRESENTATION('',(#422),#426);
#422 = LINE('',#423,#424);
#423 = CARTESIAN_POINT('',(240.,0.));
#424 = VECTOR('',#425,1.);
#425 = DIRECTION('',(0.,1.));
#426 = ( GEOMETRIC_REPRESENTATION_CONTEXT(2) 
PARAMETRIC_REPRESENTATION_CONTEXT() REPRESENTATION_CONTEXT('2D SPACE',''
  ) );
#427 = PCURVE('',#346,#428);
#428 = DEFINITIONAL_REPRESENTATION('',(#429),#433);
#429 = LINE('',#430,#431);
#430 = CARTESIAN_POINT('',(0.,0.));
#431 = VECTOR('',#432,1.);
#432 = DIRECTION('',(0.,-1.));
#433 = ( GEOMETRIC_REPRESENTATION_CONTEXT(2) 
PARAMETRIC_REPRESENTATION_CONTEXT() REPRESENTATION_CONTEXT('2D SPACE',''
  ) );
#434 = ORIENTED_EDGE('',*,*,#435,.F.);
#435 = EDGE_CURVE('',#95,#413,#436,.T.);
#436 = SURFACE_CURVE('',#437,(#441,#448),.PCURVE_S1.);
#437 = LINE('',#438,#439);
#438 = CARTESIAN_POINT('',(465.,1.3992E+03,730.));
#439 = VECTOR('',#440,1.);
#440 = DIRECTION('',(0.,1.,0.));
#441 = PCURVE('',#110,#442);
#442 = DEFINITIONAL_REPRESENTATION('',(#443),#447);
#443 = LINE('',#444,#445);
#444 = CARTESIAN_POINT('',(0.,50.8));
#445 = VECTOR('',#446,1.);
#446 = DIRECTION('',(1.,0.));
#447 = ( GEOMETRIC_REPRESENTATION_CONTEXT(2) 
PARAMETRIC_REPRESENTATION_CONTEXT() REPRESENTATION_CONTEXT('2D SPACE',''
  ) );
#448 = PCURVE('',#138,#449);
#449 = DEFINITIONAL_REPRESENTATION('',(#450),#454);
#450 = LINE('',#451,#452);
#451 = CARTESIAN_POINT('',(0.,0.));
#452 = VECTOR('',#453,1.);
#453 = DIRECTION('',(0.,1.));
#454 = ( GEOMETRIC_REPRESENTATION_CONTEXT(2) 
PARAMETRIC_REPRESENTATION_CONTEXT() REPRESENTATION_CONTEXT('2D SPACE',''
  ) );
#455 = ADVANCED_FACE('',(#456),#138,.T.);
#456 = FACE_BOUND('',#457,.T.);
#457 = EDGE_LOOP('',(#458,#459,#460,#461));
#458 = ORIENTED_EDGE('',*,*,#435,.F.);
#459 = ORIENTED_EDGE('',*,*,#122,.T.);
#460 = ORIENTED_EDGE('',*,*,#386,.T.);
#461 = ORIENTED_EDGE('',*,*,#462,.F.);
#462 = EDGE_CURVE('',#413,#364,#463,.T.);
#463 = SURFACE_CURVE('',#464,(#468,#475),.PCURVE_S1.);
#464 = LINE('',#465,#466);
#465 = CARTESIAN_POINT('',(465.,1.6392E+03,730.));
#466 = VECTOR('',#467,1.);
#467 = DIRECTION('',(0.,0.,1.));
#468 = PCURVE('',#138,#469);
#469 = DEFINITIONAL_REPRESENTATION('',(#470),#474);
#470 = LINE('',#471,#472);
#471 = CARTESIAN_POINT('',(0.,240.));
#472 = VECTOR('',#473,1.);
#473 = DIRECTION('',(1.,0.));
#474 = ( GEOMETRIC_REPRESENTATION_CONTEXT(2) 
PARAMETRIC_REPRESENTATION_CONTEXT() REPRESENTATION_CONTEXT('2D SPACE',''
  ) );
#475 = PCURVE('',#346,#476);
#476 = DEFINITIONAL_REPRESENTATION('',(#477),#481);
#477 = LINE('',#478,#479);
#478 = CARTESIAN_POINT('',(0.,-50.8));
#479 = VECTOR('',#480,1.);
#480 = DIRECTION('',(1.,0.));
#481 = ( GEOMETRIC_REPRESENTATION_CONTEXT(2) 
PARAMETRIC_REPRESENTATION_CONTEXT() REPRESENTATION_CONTEXT('2D SPACE',''
  ) );
#482 = ADVANCED_FACE('',(#483),#195,.T.);
#483 = FACE_BOUND('',#484,.T.);
#484 = EDGE_LOOP('',(#485,#508,#509,#532));
#485 = ORIENTED_EDGE('',*,*,#486,.F.);
#486 = EDGE_CURVE('',#179,#487,#489,.T.);
#487 = VERTEX_POINT('',#488);
#488 = CARTESIAN_POINT('',(467.108,1.6392E+03,732.108));
#489 = SURFACE_CURVE('',#490,(#494,#501),.PCURVE_S1.);
#490 = LINE('',#491,#492);
#491 = CARTESIAN_POINT('',(467.108,1.3982E+03,732.108));
#492 = VECTOR('',#493,1.);
#493 = DIRECTION('',(0.,1.,0.));
#494 = PCURVE('',#195,#495);
#495 = DEFINITIONAL_REPRESENTATION('',(#496),#500);
#496 = LINE('',#497,#498);
#497 = CARTESIAN_POINT('',(0.,46.584));
#498 = VECTOR('',#499,1.);
#499 = DIRECTION('',(1.,0.));
#500 = ( GEOMETRIC_REPRESENTATION_CONTEXT(2) 
PARAMETRIC_REPRESENTATION_CONTEXT() REPRESENTATION_CONTEXT('2D SPACE',''
  ) );
#501 = PCURVE('',#271,#502);
#502 = DEFINITIONAL_REPRESENTATION('',(#503),#507);
#503 = LINE('',#504,#505);
#504 = CARTESIAN_POINT('',(0.,0.));
#505 = VECTOR('',#506,1.);
#506 = DIRECTION('',(0.,1.));
#507 = ( GEOMETRIC_REPRESENTATION_CONTEXT(2) 
PARAMETRIC_REPRESENTATION_CONTEXT() REPRESENTATION_CONTEXT('2D SPACE',''
  ) );
#508 = ORIENTED_EDGE('',*,*,#178,.T.);
#509 = ORIENTED_EDGE('',*,*,#510,.T.);
#510 = EDGE_CURVE('',#181,#511,#513,.T.);
#511 = VERTEX_POINT('',#512);
#512 = CARTESIAN_POINT('',(513.692,1.6392E+03,732.108));
#513 = SURFACE_CURVE('',#514,(#518,#525),.PCURVE_S1.);
#514 = LINE('',#515,#516);
#515 = CARTESIAN_POINT('',(513.692,1.3982E+03,732.108));
#516 = VECTOR('',#517,1.);
#517 = DIRECTION('',(0.,1.,0.));
#518 = PCURVE('',#195,#519);
#519 = DEFINITIONAL_REPRESENTATION('',(#520),#524);
#520 = LINE('',#521,#522);
#521 = CARTESIAN_POINT('',(0.,0.));
#522 = VECTOR('',#523,1.);
#523 = DIRECTION('',(1.,0.));
#524 = ( GEOMETRIC_REPRESENTATION_CONTEXT(2) 
PARAMETRIC_REPRESENTATION_CONTEXT() REPRESENTATION_CONTEXT('2D SPACE',''
  ) );
#525 = PCURVE('',#221,#526);
#526 = DEFINITIONAL_REPRESENTATION('',(#527),#531);
#527 = LINE('',#528,#529);
#528 = CARTESIAN_POINT('',(0.,0.));
#529 = VECTOR('',#530,1.);
#530 = DIRECTION('',(0.,1.));
#531 = ( GEOMETRIC_REPRESENTATION_CONTEXT(2) 
PARAMETRIC_REPRESENTATION_CONTEXT() REPRESENTATION_CONTEXT('2D SPACE',''
  ) );
#532 = ORIENTED_EDGE('',*,*,#533,.F.);
#533 = EDGE_CURVE('',#487,#511,#534,.T.);
#534 = SURFACE_CURVE('',#535,(#539,#545),.PCURVE_S1.);
#535 = LINE('',#536,#537);
#536 = CARTESIAN_POINT('',(514.746,1.6392E+03,732.108));
#537 = VECTOR('',#538,1.);
#538 = DIRECTION('',(1.,0.,0.));
#539 = PCURVE('',#195,#540);
#540 = DEFINITIONAL_REPRESENTATION('',(#541),#544);
#541 = B_SPLINE_CURVE_WITH_KNOTS('',1,(#542,#543),.UNSPECIFIED.,.F.,.F.,
  (2,2),(-47.638,-1.054),.PIECEWISE_BEZIER_KNOTS.);
#542 = CARTESIAN_POINT('',(241.,46.584));
#543 = CARTESIAN_POINT('',(241.,0.));
#544 = ( GEOMETRIC_REPRESENTATION_CONTEXT(2) 
PARAMETRIC_REPRESENTATION_CONTEXT() REPRESENTATION_CONTEXT('2D SPACE',''
  ) );
#545 = PCURVE('',#346,#546);
#546 = DEFINITIONAL_REPRESENTATION('',(#547),#550);
#547 = B_SPLINE_CURVE_WITH_KNOTS('',1,(#548,#549),.UNSPECIFIED.,.F.,.F.,
  (2,2),(-47.638,-1.054),.PIECEWISE_BEZIER_KNOTS.);
#548 = CARTESIAN_POINT('',(2.108,-48.692));
#549 = CARTESIAN_POINT('',(2.108,-2.108));
#550 = ( GEOMETRIC_REPRESENTATION_CONTEXT(2) 
PARAMETRIC_REPRESENTATION_CONTEXT() REPRESENTATION_CONTEXT('2D SPACE',''
  ) );
#551 = ADVANCED_FACE('',(#552),#271,.F.);
#552 = FACE_BOUND('',#553,.F.);
#553 = EDGE_LOOP('',(#554,#555,#556,#579));
#554 = ORIENTED_EDGE('',*,*,#486,.F.);
#555 = ORIENTED_EDGE('',*,*,#258,.T.);
#556 = ORIENTED_EDGE('',*,*,#557,.T.);
#557 = EDGE_CURVE('',#233,#558,#560,.T.);
#558 = VERTEX_POINT('',#559);
#559 = CARTESIAN_POINT('',(467.108,1.6392E+03,829.492));
#560 = SURFACE_CURVE('',#561,(#565,#572),.PCURVE_S1.);
#561 = LINE('',#562,#563);
#562 = CARTESIAN_POINT('',(467.108,1.3982E+03,829.492));
#563 = VECTOR('',#564,1.);
#564 = DIRECTION('',(0.,1.,0.));
#565 = PCURVE('',#271,#566);
#566 = DEFINITIONAL_REPRESENTATION('',(#567),#571);
#567 = LINE('',#568,#569);
#568 = CARTESIAN_POINT('',(97.384,0.));
#569 = VECTOR('',#570,1.);
#570 = DIRECTION('',(0.,1.));
#571 = ( GEOMETRIC_REPRESENTATION_CONTEXT(2) 
PARAMETRIC_REPRESENTATION_CONTEXT() REPRESENTATION_CONTEXT('2D SPACE',''
  ) );
#572 = PCURVE('',#247,#573);
#573 = DEFINITIONAL_REPRESENTATION('',(#574),#578);
#574 = LINE('',#575,#576);
#575 = CARTESIAN_POINT('',(0.,46.584));
#576 = VECTOR('',#577,1.);
#577 = DIRECTION('',(1.,0.));
#578 = ( GEOMETRIC_REPRESENTATION_CONTEXT(2) 
PARAMETRIC_REPRESENTATION_CONTEXT() REPRESENTATION_CONTEXT('2D SPACE',''
  ) );
#579 = ORIENTED_EDGE('',*,*,#580,.F.);
#580 = EDGE_CURVE('',#487,#558,#581,.T.);
#581 = SURFACE_CURVE('',#582,(#586,#592),.PCURVE_S1.);
#582 = LINE('',#583,#584);
#583 = CARTESIAN_POINT('',(467.108,1.6392E+03,731.054));
#584 = VECTOR('',#585,1.);
#585 = DIRECTION('',(0.,0.,1.));
#586 = PCURVE('',#271,#587);
#587 = DEFINITIONAL_REPRESENTATION('',(#588),#591);
#588 = B_SPLINE_CURVE_WITH_KNOTS('',1,(#589,#590),.UNSPECIFIED.,.F.,.F.,
  (2,2),(1.054,98.438),.PIECEWISE_BEZIER_KNOTS.);
#589 = CARTESIAN_POINT('',(0.,241.));
#590 = CARTESIAN_POINT('',(97.384,241.));
#591 = ( GEOMETRIC_REPRESENTATION_CONTEXT(2) 
PARAMETRIC_REPRESENTATION_CONTEXT() REPRESENTATION_CONTEXT('2D SPACE',''
  ) );
#592 = PCURVE('',#346,#593);
#593 = DEFINITIONAL_REPRESENTATION('',(#594),#597);
#594 = B_SPLINE_CURVE_WITH_KNOTS('',1,(#595,#596),.UNSPECIFIED.,.F.,.F.,
  (2,2),(1.054,98.438),.PIECEWISE_BEZIER_KNOTS.);
#595 = CARTESIAN_POINT('',(2.108,-48.692));
#596 = CARTESIAN_POINT('',(99.492,-48.692));
#597 = ( GEOMETRIC_REPRESENTATION_CONTEXT(2) 
PARAMETRIC_REPRESENTATION_CONTEXT() REPRESENTATION_CONTEXT('2D SPACE',''
  ) );
#598 = ADVANCED_FACE('',(#599),#247,.F.);
#599 = FACE_BOUND('',#600,.F.);
#600 = EDGE_LOOP('',(#601,#602,#603,#626));
#601 = ORIENTED_EDGE('',*,*,#557,.F.);
#602 = ORIENTED_EDGE('',*,*,#232,.T.);
#603 = ORIENTED_EDGE('',*,*,#604,.T.);
#604 = EDGE_CURVE('',#207,#605,#607,.T.);
#605 = VERTEX_POINT('',#606);
#606 = CARTESIAN_POINT('',(513.692,1.6392E+03,829.492));
#607 = SURFACE_CURVE('',#608,(#612,#619),.PCURVE_S1.);
#608 = LINE('',#609,#610);
#609 = CARTESIAN_POINT('',(513.692,1.3982E+03,829.492));
#610 = VECTOR('',#611,1.);
#611 = DIRECTION('',(0.,1.,0.));
#612 = PCURVE('',#247,#613);
#613 = DEFINITIONAL_REPRESENTATION('',(#614),#618);
#614 = LINE('',#615,#616);
#615 = CARTESIAN_POINT('',(0.,0.));
#616 = VECTOR('',#617,1.);
#617 = DIRECTION('',(1.,0.));
#618 = ( GEOMETRIC_REPRESENTATION_CONTEXT(2) 
PARAMETRIC_REPRESENTATION_CONTEXT() REPRESENTATION_CONTEXT('2D SPACE',''
  ) );
#619 = PCURVE('',#221,#620);
#620 = DEFINITIONAL_REPRESENTATION('',(#621),#625);
#621 = LINE('',#622,#623);
#622 = CARTESIAN_POINT('',(97.384,0.));
#623 = VECTOR('',#624,1.);
#624 = DIRECTION('',(0.,1.));
#625 = ( GEOMETRIC_REPRESENTATION_CONTEXT(2) 
PARAMETRIC_REPRESENTATION_CONTEXT() REPRESENTATION_CONTEXT('2D SPACE',''
  ) );
#626 = ORIENTED_EDGE('',*,*,#627,.F.);
#627 = EDGE_CURVE('',#558,#605,#628,.T.);
#628 = SURFACE_CURVE('',#629,(#633,#639),.PCURVE_S1.);
#629 = LINE('',#630,#631);
#630 = CARTESIAN_POINT('',(514.746,1.6392E+03,829.492));
#631 = VECTOR('',#632,1.);
#632 = DIRECTION('',(1.,0.,0.));
#633 = PCURVE('',#247,#634);
#634 = DEFINITIONAL_REPRESENTATION('',(#635),#638);
#635 = B_SPLINE_CURVE_WITH_KNOTS('',1,(#636,#637),.UNSPECIFIED.,.F.,.F.,
  (2,2),(-47.638,-1.054),.PIECEWISE_BEZIER_KNOTS.);
#636 = CARTESIAN_POINT('',(241.,46.584));
#637 = CARTESIAN_POINT('',(241.,0.));
#638 = ( GEOMETRIC_REPRESENTATION_CONTEXT(2) 
PARAMETRIC_REPRESENTATION_CONTEXT() REPRESENTATION_CONTEXT('2D SPACE',''
  ) );
#639 = PCURVE('',#346,#640);
#640 = DEFINITIONAL_REPRESENTATION('',(#641),#644);
#641 = B_SPLINE_CURVE_WITH_KNOTS('',1,(#642,#643),.UNSPECIFIED.,.F.,.F.,
  (2,2),(-47.638,-1.054),.PIECEWISE_BEZIER_KNOTS.);
#642 = CARTESIAN_POINT('',(99.492,-48.692));
#643 = CARTESIAN_POINT('',(99.492,-2.108));
#644 = ( GEOMETRIC_REPRESENTATION_CONTEXT(2) 
PARAMETRIC_REPRESENTATION_CONTEXT() REPRESENTATION_CONTEXT('2D SPACE',''
  ) );
#645 = ADVANCED_FACE('',(#646),#221,.T.);
#646 = FACE_BOUND('',#647,.T.);
#647 = EDGE_LOOP('',(#648,#649,#650,#651));
#648 = ORIENTED_EDGE('',*,*,#510,.F.);
#649 = ORIENTED_EDGE('',*,*,#206,.T.);
#650 = ORIENTED_EDGE('',*,*,#604,.T.);
#651 = ORIENTED_EDGE('',*,*,#652,.F.);
#652 = EDGE_CURVE('',#511,#605,#653,.T.);
#653 = SURFACE_CURVE('',#654,(#658,#664),.PCURVE_S1.);
#654 = LINE('',#655,#656);
#655 = CARTESIAN_POINT('',(513.692,1.6392E+03,731.054));
#656 = VECTOR('',#657,1.);
#657 = DIRECTION('',(0.,0.,1.));
#658 = PCURVE('',#221,#659);
#659 = DEFINITIONAL_REPRESENTATION('',(#660),#663);
#660 = B_SPLINE_CURVE_WITH_KNOTS('',1,(#661,#662),.UNSPECIFIED.,.F.,.F.,
  (2,2),(1.054,98.438),.PIECEWISE_BEZIER_KNOTS.);
#661 = CARTESIAN_POINT('',(0.,241.));
#662 = CARTESIAN_POINT('',(97.384,241.));
#663 = ( GEOMETRIC_REPRESENTATION_CONTEXT(2) 
PARAMETRIC_REPRESENTATION_CONTEXT() REPRESENTATION_CONTEXT('2D SPACE',''
  ) );
#664 = PCURVE('',#346,#665);
#665 = DEFINITIONAL_REPRESENTATION('',(#666),#669);
#666 = B_SPLINE_CURVE_WITH_KNOTS('',1,(#667,#668),.UNSPECIFIED.,.F.,.F.,
  (2,2),(1.054,98.438),.PIECEWISE_BEZIER_KNOTS.);
#667 = CARTESIAN_POINT('',(2.108,-2.108));
#668 = CARTESIAN_POINT('',(99.492,-2.108));
#669 = ( GEOMETRIC_REPRESENTATION_CONTEXT(2) 
PARAMETRIC_REPRESENTATION_CONTEXT() REPRESENTATION_CONTEXT('2D SPACE',''
  ) );
#670 = ADVANCED_FACE('',(#671,#677),#346,.T.);
#671 = FACE_BOUND('',#672,.T.);
#672 = EDGE_LOOP('',(#673,#674,#675,#676));
#673 = ORIENTED_EDGE('',*,*,#332,.F.);
#674 = ORIENTED_EDGE('',*,*,#412,.T.);
#675 = ORIENTED_EDGE('',*,*,#462,.T.);
#676 = ORIENTED_EDGE('',*,*,#363,.F.);
#677 = FACE_BOUND('',#678,.T.);
#678 = EDGE_LOOP('',(#679,#680,#681,#682));
#679 = ORIENTED_EDGE('',*,*,#533,.T.);
#680 = ORIENTED_EDGE('',*,*,#652,.T.);
#681 = ORIENTED_EDGE('',*,*,#627,.F.);
#682 = ORIENTED_EDGE('',*,*,#580,.F.);
#683 = ( GEOMETRIC_REPRESENTATION_CONTEXT(3) 
GLOBAL_UNCERTAINTY_ASSIGNED_CONTEXT((#687)) GLOBAL_UNIT_ASSIGNED_CONTEXT
((#684,#685,#686)) REPRESENTATION_CONTEXT('Context #1',
  '3D Context with UNIT and UNCERTAINTY') );
#684 = ( LENGTH_UNIT() NAMED_UNIT(*) SI_UNIT(.MILLI.,.METRE.) );
#685 = ( NAMED_UNIT(*) PLANE_ANGLE_UNIT() SI_UNIT($,.RADIAN.) );
#686 = ( NAMED_UNIT(*) SI_UNIT($,.STERADIAN.) SOLID_ANGLE_UNIT() );
#687 = UNCERTAINTY_MEASURE_WITH_UNIT(LENGTH_MEASURE(1.E-07),#684,
  'distance_accuracy_value','confusion accuracy');
#688 = CONTEXT_DEPENDENT_SHAPE_REPRESENTATION(#689,#691);
#689 = ( REPRESENTATION_RELATIONSHIP('','',#52,#10) 
REPRESENTATION_RELATIONSHIP_WITH_TRANSFORMATION(#690) 
SHAPE_REPRESENTATION_RELATIONSHIP() );
#690 = ITEM_DEFINED_TRANSFORMATION('','',#11,#15);
#691 = PRODUCT_DEFINITION_SHAPE('Placement','Placement of an item',#692
  );
#692 = NEXT_ASSEMBLY_USAGE_OCCURRENCE('1309','ROT_RAIL_L','',#5,#47,$);
#693 = PRODUCT_RELATED_PRODUCT_CATEGORY('part',$,(#49));
#694 = SHAPE_DEFINITION_REPRESENTATION(#695,#701);
#695 = PRODUCT_DEFINITION_SHAPE('','',#696);
#696 = PRODUCT_DEFINITION('design','',#697,#700);
#697 = PRODUCT_DEFINITION_FORMATION('','',#698);
#698 = PRODUCT('ROT_RAIL_R','ROT_RAIL_R','',(#699));
#699 = PRODUCT_CONTEXT('',#2,'mechanical');
#700 = PRODUCT_DEFINITION_CONTEXT('part definition',#2,'design');
#701 = ADVANCED_BREP_SHAPE_REPRESENTATION('',(#11,#702),#1332);
#702 = MANIFOLD_SOLID_BREP('',#703);
#703 = CLOSED_SHELL('',(#704,#930,#1006,#1055,#1104,#1131,#1200,#1247,
    #1294,#1319));
#704 = ADVANCED_FACE('',(#705,#824),#719,.F.);
#705 = FACE_BOUND('',#706,.F.);
#706 = EDGE_LOOP('',(#707,#742,#770,#798));
#707 = ORIENTED_EDGE('',*,*,#708,.F.);
#708 = EDGE_CURVE('',#709,#711,#713,.T.);
#709 = VERTEX_POINT('',#710);
#710 = CARTESIAN_POINT('',(685.,1.3992E+03,730.));
#711 = VERTEX_POINT('',#712);
#712 = CARTESIAN_POINT('',(685.,1.3992E+03,831.6));
#713 = SURFACE_CURVE('',#714,(#718,#730),.PCURVE_S1.);
#714 = LINE('',#715,#716);
#715 = CARTESIAN_POINT('',(685.,1.3992E+03,730.));
#716 = VECTOR('',#717,1.);
#717 = DIRECTION('',(0.,0.,1.));
#718 = PCURVE('',#719,#724);
#719 = PLANE('',#720);
#720 = AXIS2_PLACEMENT_3D('',#721,#722,#723);
#721 = CARTESIAN_POINT('',(685.,1.3992E+03,730.));
#722 = DIRECTION('',(0.,1.,0.));
#723 = DIRECTION('',(0.,0.,1.));
#724 = DEFINITIONAL_REPRESENTATION('',(#725),#729);
#725 = LINE('',#726,#727);
#726 = CARTESIAN_POINT('',(0.,0.));
#727 = VECTOR('',#728,1.);
#728 = DIRECTION('',(1.,0.));
#729 = ( GEOMETRIC_REPRESENTATION_CONTEXT(2) 
PARAMETRIC_REPRESENTATION_CONTEXT() REPRESENTATION_CONTEXT('2D SPACE',''
  ) );
#730 = PCURVE('',#731,#736);
#731 = PLANE('',#732);
#732 = AXIS2_PLACEMENT_3D('',#733,#734,#735);
#733 = CARTESIAN_POINT('',(685.,1.3992E+03,730.));
#734 = DIRECTION('',(-1.,0.,0.));
#735 = DIRECTION('',(0.,0.,1.));
#736 = DEFINITIONAL_REPRESENTATION('',(#737),#741);
#737 = LINE('',#738,#739);
#738 = CARTESIAN_POINT('',(0.,0.));
#739 = VECTOR('',#740,1.);
#740 = DIRECTION('',(1.,0.));
#741 = ( GEOMETRIC_REPRESENTATION_CONTEXT(2) 
PARAMETRIC_REPRESENTATION_CONTEXT() REPRESENTATION_CONTEXT('2D SPACE',''
  ) );
#742 = ORIENTED_EDGE('',*,*,#743,.T.);
#743 = EDGE_CURVE('',#709,#744,#746,.T.);
#744 = VERTEX_POINT('',#745);
#745 = CARTESIAN_POINT('',(634.2,1.3992E+03,730.));
#746 = SURFACE_CURVE('',#747,(#751,#758),.PCURVE_S1.);
#747 = LINE('',#748,#749);
#748 = CARTESIAN_POINT('',(685.,1.3992E+03,730.));
#749 = VECTOR('',#750,1.);
#750 = DIRECTION('',(-1.,0.,0.));
#751 = PCURVE('',#719,#752);
#752 = DEFINITIONAL_REPRESENTATION('',(#753),#757);
#753 = LINE('',#754,#755);
#754 = CARTESIAN_POINT('',(0.,0.));
#755 = VECTOR('',#756,1.);
#756 = DIRECTION('',(0.,-1.));
#757 = ( GEOMETRIC_REPRESENTATION_CONTEXT(2) 
PARAMETRIC_REPRESENTATION_CONTEXT() REPRESENTATION_CONTEXT('2D SPACE',''
  ) );
#758 = PCURVE('',#759,#764);
#759 = PLANE('',#760);
#760 = AXIS2_PLACEMENT_3D('',#761,#762,#763);
#761 = CARTESIAN_POINT('',(685.,1.3992E+03,730.));
#762 = DIRECTION('',(0.,0.,1.));
#763 = DIRECTION('',(0.,1.,0.));
#764 = DEFINITIONAL_REPRESENTATION('',(#765),#769);
#765 = LINE('',#766,#767);
#766 = CARTESIAN_POINT('',(0.,0.));
#767 = VECTOR('',#768,1.);
#768 = DIRECTION('',(0.,1.));
#769 = ( GEOMETRIC_REPRESENTATION_CONTEXT(2) 
PARAMETRIC_REPRESENTATION_CONTEXT() REPRESENTATION_CONTEXT('2D SPACE',''
  ) );
#770 = ORIENTED_EDGE('',*,*,#771,.T.);
#771 = EDGE_CURVE('',#744,#772,#774,.T.);
#772 = VERTEX_POINT('',#773);
#773 = CARTESIAN_POINT('',(634.2,1.3992E+03,831.6));
#774 = SURFACE_CURVE('',#775,(#779,#786),.PCURVE_S1.);
#775 = LINE('',#776,#777);
#776 = CARTESIAN_POINT('',(634.2,1.3992E+03,730.));
#777 = VECTOR('',#778,1.);
#778 = DIRECTION('',(0.,0.,1.));
#779 = PCURVE('',#719,#780);
#780 = DEFINITIONAL_REPRESENTATION('',(#781),#785);
#781 = LINE('',#782,#783);
#782 = CARTESIAN_POINT('',(0.,-50.8));
#783 = VECTOR('',#784,1.);
#784 = DIRECTION('',(1.,0.));
#785 = ( GEOMETRIC_REPRESENTATION_CONTEXT(2) 
PARAMETRIC_REPRESENTATION_CONTEXT() REPRESENTATION_CONTEXT('2D SPACE',''
  ) );
#786 = PCURVE('',#787,#792);
#787 = PLANE('',#788);
#788 = AXIS2_PLACEMENT_3D('',#789,#790,#791);
#789 = CARTESIAN_POINT('',(634.2,1.3992E+03,730.));
#790 = DIRECTION('',(-1.,0.,0.));
#791 = DIRECTION('',(0.,0.,1.));
#792 = DEFINITIONAL_REPRESENTATION('',(#793),#797);
#793 = LINE('',#794,#795);
#794 = CARTESIAN_POINT('',(0.,0.));
#795 = VECTOR('',#796,1.);
#796 = DIRECTION('',(1.,0.));
#797 = ( GEOMETRIC_REPRESENTATION_CONTEXT(2) 
PARAMETRIC_REPRESENTATION_CONTEXT() REPRESENTATION_CONTEXT('2D SPACE',''
  ) );
#798 = ORIENTED_EDGE('',*,*,#799,.F.);
#799 = EDGE_CURVE('',#711,#772,#800,.T.);
#800 = SURFACE_CURVE('',#801,(#805,#812),.PCURVE_S1.);
#801 = LINE('',#802,#803);
#802 = CARTESIAN_POINT('',(685.,1.3992E+03,831.6));
#803 = VECTOR('',#804,1.);
#804 = DIRECTION('',(-1.,0.,0.));
#805 = PCURVE('',#719,#806);
#806 = DEFINITIONAL_REPRESENTATION('',(#807),#811);
#807 = LINE('',#808,#809);
#808 = CARTESIAN_POINT('',(101.6,0.));
#809 = VECTOR('',#810,1.);
#810 = DIRECTION('',(0.,-1.));
#811 = ( GEOMETRIC_REPRESENTATION_CONTEXT(2) 
PARAMETRIC_REPRESENTATION_CONTEXT() REPRESENTATION_CONTEXT('2D SPACE',''
  ) );
#812 = PCURVE('',#813,#818);
#813 = PLANE('',#814);
#814 = AXIS2_PLACEMENT_3D('',#815,#816,#817);
#815 = CARTESIAN_POINT('',(685.,1.3992E+03,831.6));
#816 = DIRECTION('',(0.,0.,1.));
#817 = DIRECTION('',(0.,1.,0.));
#818 = DEFINITIONAL_REPRESENTATION('',(#819),#823);
#819 = LINE('',#820,#821);
#820 = CARTESIAN_POINT('',(0.,0.));
#821 = VECTOR('',#822,1.);
#822 = DIRECTION('',(0.,1.));
#823 = ( GEOMETRIC_REPRESENTATION_CONTEXT(2) 
PARAMETRIC_REPRESENTATION_CONTEXT() REPRESENTATION_CONTEXT('2D SPACE',''
  ) );
#824 = FACE_BOUND('',#825,.F.);
#825 = EDGE_LOOP('',(#826,#854,#880,#906));
#826 = ORIENTED_EDGE('',*,*,#827,.T.);
#827 = EDGE_CURVE('',#828,#830,#832,.T.);
#828 = VERTEX_POINT('',#829);
#829 = CARTESIAN_POINT('',(636.308,1.3992E+03,732.108));
#830 = VERTEX_POINT('',#831);
#831 = CARTESIAN_POINT('',(682.892,1.3992E+03,732.108));
#832 = SURFACE_CURVE('',#833,(#837,#843),.PCURVE_S1.);
#833 = LINE('',#834,#835);
#834 = CARTESIAN_POINT('',(683.946,1.3992E+03,732.108));
#835 = VECTOR('',#836,1.);
#836 = DIRECTION('',(1.,0.,0.));
#837 = PCURVE('',#719,#838);
#838 = DEFINITIONAL_REPRESENTATION('',(#839),#842);
#839 = B_SPLINE_CURVE_WITH_KNOTS('',1,(#840,#841),.UNSPECIFIED.,.F.,.F.,
  (2,2),(-47.638,-1.054),.PIECEWISE_BEZIER_KNOTS.);
#840 = CARTESIAN_POINT('',(2.108,-48.692));
#841 = CARTESIAN_POINT('',(2.108,-2.108));
#842 = ( GEOMETRIC_REPRESENTATION_CONTEXT(2) 
PARAMETRIC_REPRESENTATION_CONTEXT() REPRESENTATION_CONTEXT('2D SPACE',''
  ) );
#843 = PCURVE('',#844,#849);
#844 = PLANE('',#845);
#845 = AXIS2_PLACEMENT_3D('',#846,#847,#848);
#846 = CARTESIAN_POINT('',(682.892,1.3982E+03,732.108));
#847 = DIRECTION('',(0.,0.,1.));
#848 = DIRECTION('',(0.,1.,0.));
#849 = DEFINITIONAL_REPRESENTATION('',(#850),#853);
#850 = B_SPLINE_CURVE_WITH_KNOTS('',1,(#851,#852),.UNSPECIFIED.,.F.,.F.,
  (2,2),(-47.638,-1.054),.PIECEWISE_BEZIER_KNOTS.);
#851 = CARTESIAN_POINT('',(1.,46.584));
#852 = CARTESIAN_POINT('',(1.,0.));
#853 = ( GEOMETRIC_REPRESENTATION_CONTEXT(2) 
PARAMETRIC_REPRESENTATION_CONTEXT() REPRESENTATION_CONTEXT('2D SPACE',''
  ) );
#854 = ORIENTED_EDGE('',*,*,#855,.T.);
#855 = EDGE_CURVE('',#830,#856,#858,.T.);
#856 = VERTEX_POINT('',#857);
#857 = CARTESIAN_POINT('',(682.892,1.3992E+03,829.492));
#858 = SURFACE_CURVE('',#859,(#863,#869),.PCURVE_S1.);
#859 = LINE('',#860,#861);
#860 = CARTESIAN_POINT('',(682.892,1.3992E+03,731.054));
#861 = VECTOR('',#862,1.);
#862 = DIRECTION('',(0.,0.,1.));
#863 = PCURVE('',#719,#864);
#864 = DEFINITIONAL_REPRESENTATION('',(#865),#868);
#865 = B_SPLINE_CURVE_WITH_KNOTS('',1,(#866,#867),.UNSPECIFIED.,.F.,.F.,
  (2,2),(1.054,98.438),.PIECEWISE_BEZIER_KNOTS.);
#866 = CARTESIAN_POINT('',(2.108,-2.108));
#867 = CARTESIAN_POINT('',(99.492,-2.108));
#868 = ( GEOMETRIC_REPRESENTATION_CONTEXT(2) 
PARAMETRIC_REPRESENTATION_CONTEXT() REPRESENTATION_CONTEXT('2D SPACE',''
  ) );
#869 = PCURVE('',#870,#875);
#870 = PLANE('',#871);
#871 = AXIS2_PLACEMENT_3D('',#872,#873,#874);
#872 = CARTESIAN_POINT('',(682.892,1.3982E+03,732.108));
#873 = DIRECTION('',(-1.,0.,0.));
#874 = DIRECTION('',(0.,0.,1.));
#875 = DEFINITIONAL_REPRESENTATION('',(#876),#879);
#876 = B_SPLINE_CURVE_WITH_KNOTS('',1,(#877,#878),.UNSPECIFIED.,.F.,.F.,
  (2,2),(1.054,98.438),.PIECEWISE_BEZIER_KNOTS.);
#877 = CARTESIAN_POINT('',(0.,1.));
#878 = CARTESIAN_POINT('',(97.384,1.));
#879 = ( GEOMETRIC_REPRESENTATION_CONTEXT(2) 
PARAMETRIC_REPRESENTATION_CONTEXT() REPRESENTATION_CONTEXT('2D SPACE',''
  ) );
#880 = ORIENTED_EDGE('',*,*,#881,.F.);
#881 = EDGE_CURVE('',#882,#856,#884,.T.);
#882 = VERTEX_POINT('',#883);
#883 = CARTESIAN_POINT('',(636.308,1.3992E+03,829.492));
#884 = SURFACE_CURVE('',#885,(#889,#895),.PCURVE_S1.);
#885 = LINE('',#886,#887);
#886 = CARTESIAN_POINT('',(683.946,1.3992E+03,829.492));
#887 = VECTOR('',#888,1.);
#888 = DIRECTION('',(1.,0.,0.));
#889 = PCURVE('',#719,#890);
#890 = DEFINITIONAL_REPRESENTATION('',(#891),#894);
#891 = B_SPLINE_CURVE_WITH_KNOTS('',1,(#892,#893),.UNSPECIFIED.,.F.,.F.,
  (2,2),(-47.638,-1.054),.PIECEWISE_BEZIER_KNOTS.);
#892 = CARTESIAN_POINT('',(99.492,-48.692));
#893 = CARTESIAN_POINT('',(99.492,-2.108));
#894 = ( GEOMETRIC_REPRESENTATION_CONTEXT(2) 
PARAMETRIC_REPRESENTATION_CONTEXT() REPRESENTATION_CONTEXT('2D SPACE',''
  ) );
#895 = PCURVE('',#896,#901);
#896 = PLANE('',#897);
#897 = AXIS2_PLACEMENT_3D('',#898,#899,#900);
#898 = CARTESIAN_POINT('',(682.892,1.3982E+03,829.492));
#899 = DIRECTION('',(0.,0.,1.));
#900 = DIRECTION('',(0.,1.,0.));
#901 = DEFINITIONAL_REPRESENTATION('',(#902),#905);
#902 = B_SPLINE_CURVE_WITH_KNOTS('',1,(#903,#904),.UNSPECIFIED.,.F.,.F.,
  (2,2),(-47.638,-1.054),.PIECEWISE_BEZIER_KNOTS.);
#903 = CARTESIAN_POINT('',(1.,46.584));
#904 = CARTESIAN_POINT('',(1.,0.));
#905 = ( GEOMETRIC_REPRESENTATION_CONTEXT(2) 
PARAMETRIC_REPRESENTATION_CONTEXT() REPRESENTATION_CONTEXT('2D SPACE',''
  ) );
#906 = ORIENTED_EDGE('',*,*,#907,.F.);
#907 = EDGE_CURVE('',#828,#882,#908,.T.);
#908 = SURFACE_CURVE('',#909,(#913,#919),.PCURVE_S1.);
#909 = LINE('',#910,#911);
#910 = CARTESIAN_POINT('',(636.308,1.3992E+03,731.054));
#911 = VECTOR('',#912,1.);
#912 = DIRECTION('',(0.,0.,1.));
#913 = PCURVE('',#719,#914);
#914 = DEFINITIONAL_REPRESENTATION('',(#915),#918);
#915 = B_SPLINE_CURVE_WITH_KNOTS('',1,(#916,#917),.UNSPECIFIED.,.F.,.F.,
  (2,2),(1.054,98.438),.PIECEWISE_BEZIER_KNOTS.);
#916 = CARTESIAN_POINT('',(2.108,-48.692));
#917 = CARTESIAN_POINT('',(99.492,-48.692));
#918 = ( GEOMETRIC_REPRESENTATION_CONTEXT(2) 
PARAMETRIC_REPRESENTATION_CONTEXT() REPRESENTATION_CONTEXT('2D SPACE',''
  ) );
#919 = PCURVE('',#920,#925);
#920 = PLANE('',#921);
#921 = AXIS2_PLACEMENT_3D('',#922,#923,#924);
#922 = CARTESIAN_POINT('',(636.308,1.3982E+03,732.108));
#923 = DIRECTION('',(-1.,0.,0.));
#924 = DIRECTION('',(0.,0.,1.));
#925 = DEFINITIONAL_REPRESENTATION('',(#926),#929);
#926 = B_SPLINE_CURVE_WITH_KNOTS('',1,(#927,#928),.UNSPECIFIED.,.F.,.F.,
  (2,2),(1.054,98.438),.PIECEWISE_BEZIER_KNOTS.);
#927 = CARTESIAN_POINT('',(0.,1.));
#928 = CARTESIAN_POINT('',(97.384,1.));
#929 = ( GEOMETRIC_REPRESENTATION_CONTEXT(2) 
PARAMETRIC_REPRESENTATION_CONTEXT() REPRESENTATION_CONTEXT('2D SPACE',''
  ) );
#930 = ADVANCED_FACE('',(#931),#731,.F.);
#931 = FACE_BOUND('',#932,.F.);
#932 = EDGE_LOOP('',(#933,#956,#957,#980));
#933 = ORIENTED_EDGE('',*,*,#934,.F.);
#934 = EDGE_CURVE('',#709,#935,#937,.T.);
#935 = VERTEX_POINT('',#936);
#936 = CARTESIAN_POINT('',(685.,1.6392E+03,730.));
#937 = SURFACE_CURVE('',#938,(#942,#949),.PCURVE_S1.);
#938 = LINE('',#939,#940);
#939 = CARTESIAN_POINT('',(685.,1.3992E+03,730.));
#940 = VECTOR('',#941,1.);
#941 = DIRECTION('',(0.,1.,0.));
#942 = PCURVE('',#731,#943);
#943 = DEFINITIONAL_REPRESENTATION('',(#944),#948);
#944 = LINE('',#945,#946);
#945 = CARTESIAN_POINT('',(0.,0.));
#946 = VECTOR('',#947,1.);
#947 = DIRECTION('',(0.,1.));
#948 = ( GEOMETRIC_REPRESENTATION_CONTEXT(2) 
PARAMETRIC_REPRESENTATION_CONTEXT() REPRESENTATION_CONTEXT('2D SPACE',''
  ) );
#949 = PCURVE('',#759,#950);
#950 = DEFINITIONAL_REPRESENTATION('',(#951),#955);
#951 = LINE('',#952,#953);
#952 = CARTESIAN_POINT('',(0.,0.));
#953 = VECTOR('',#954,1.);
#954 = DIRECTION('',(1.,0.));
#955 = ( GEOMETRIC_REPRESENTATION_CONTEXT(2) 
PARAMETRIC_REPRESENTATION_CONTEXT() REPRESENTATION_CONTEXT('2D SPACE',''
  ) );
#956 = ORIENTED_EDGE('',*,*,#708,.T.);
#957 = ORIENTED_EDGE('',*,*,#958,.T.);
#958 = EDGE_CURVE('',#711,#959,#961,.T.);
#959 = VERTEX_POINT('',#960);
#960 = CARTESIAN_POINT('',(685.,1.6392E+03,831.6));
#961 = SURFACE_CURVE('',#962,(#966,#973),.PCURVE_S1.);
#962 = LINE('',#963,#964);
#963 = CARTESIAN_POINT('',(685.,1.3992E+03,831.6));
#964 = VECTOR('',#965,1.);
#965 = DIRECTION('',(0.,1.,0.));
#966 = PCURVE('',#731,#967);
#967 = DEFINITIONAL_REPRESENTATION('',(#968),#972);
#968 = LINE('',#969,#970);
#969 = CARTESIAN_POINT('',(101.6,0.));
#970 = VECTOR('',#971,1.);
#971 = DIRECTION('',(0.,1.));
#972 = ( GEOMETRIC_REPRESENTATION_CONTEXT(2) 
PARAMETRIC_REPRESENTATION_CONTEXT() REPRESENTATION_CONTEXT('2D SPACE',''
  ) );
#973 = PCURVE('',#813,#974);
#974 = DEFINITIONAL_REPRESENTATION('',(#975),#979);
#975 = LINE('',#976,#977);
#976 = CARTESIAN_POINT('',(0.,0.));
#977 = VECTOR('',#978,1.);
#978 = DIRECTION('',(1.,0.));
#979 = ( GEOMETRIC_REPRESENTATION_CONTEXT(2) 
PARAMETRIC_REPRESENTATION_CONTEXT() REPRESENTATION_CONTEXT('2D SPACE',''
  ) );
#980 = ORIENTED_EDGE('',*,*,#981,.F.);
#981 = EDGE_CURVE('',#935,#959,#982,.T.);
#982 = SURFACE_CURVE('',#983,(#987,#994),.PCURVE_S1.);
#983 = LINE('',#984,#985);
#984 = CARTESIAN_POINT('',(685.,1.6392E+03,730.));
#985 = VECTOR('',#986,1.);
#986 = DIRECTION('',(0.,0.,1.));
#987 = PCURVE('',#731,#988);
#988 = DEFINITIONAL_REPRESENTATION('',(#989),#993);
#989 = LINE('',#990,#991);
#990 = CARTESIAN_POINT('',(0.,240.));
#991 = VECTOR('',#992,1.);
#992 = DIRECTION('',(1.,0.));
#993 = ( GEOMETRIC_REPRESENTATION_CONTEXT(2) 
PARAMETRIC_REPRESENTATION_CONTEXT() REPRESENTATION_CONTEXT('2D SPACE',''
  ) );
#994 = PCURVE('',#995,#1000);
#995 = PLANE('',#996);
#996 = AXIS2_PLACEMENT_3D('',#997,#998,#999);
#997 = CARTESIAN_POINT('',(685.,1.6392E+03,730.));
#998 = DIRECTION('',(0.,1.,0.));
#999 = DIRECTION('',(0.,0.,1.));
#1000 = DEFINITIONAL_REPRESENTATION('',(#1001),#1005);
#1001 = LINE('',#1002,#1003);
#1002 = CARTESIAN_POINT('',(0.,0.));
#1003 = VECTOR('',#1004,1.);
#1004 = DIRECTION('',(1.,0.));
#1005 = ( GEOMETRIC_REPRESENTATION_CONTEXT(2) 
PARAMETRIC_REPRESENTATION_CONTEXT() REPRESENTATION_CONTEXT('2D SPACE',''
  ) );
#1006 = ADVANCED_FACE('',(#1007),#813,.T.);
#1007 = FACE_BOUND('',#1008,.T.);
#1008 = EDGE_LOOP('',(#1009,#1010,#1011,#1034));
#1009 = ORIENTED_EDGE('',*,*,#799,.F.);
#1010 = ORIENTED_EDGE('',*,*,#958,.T.);
#1011 = ORIENTED_EDGE('',*,*,#1012,.T.);
#1012 = EDGE_CURVE('',#959,#1013,#1015,.T.);
#1013 = VERTEX_POINT('',#1014);
#1014 = CARTESIAN_POINT('',(634.2,1.6392E+03,831.6));
#1015 = SURFACE_CURVE('',#1016,(#1020,#1027),.PCURVE_S1.);
#1016 = LINE('',#1017,#1018);
#1017 = CARTESIAN_POINT('',(685.,1.6392E+03,831.6));
#1018 = VECTOR('',#1019,1.);
#1019 = DIRECTION('',(-1.,0.,0.));
#1020 = PCURVE('',#813,#1021);
#1021 = DEFINITIONAL_REPRESENTATION('',(#1022),#1026);
#1022 = LINE('',#1023,#1024);
#1023 = CARTESIAN_POINT('',(240.,0.));
#1024 = VECTOR('',#1025,1.);
#1025 = DIRECTION('',(0.,1.));
#1026 = ( GEOMETRIC_REPRESENTATION_CONTEXT(2) 
PARAMETRIC_REPRESENTATION_CONTEXT() REPRESENTATION_CONTEXT('2D SPACE',''
  ) );
#1027 = PCURVE('',#995,#1028);
#1028 = DEFINITIONAL_REPRESENTATION('',(#1029),#1033);
#1029 = LINE('',#1030,#1031);
#1030 = CARTESIAN_POINT('',(101.6,0.));
#1031 = VECTOR('',#1032,1.);
#1032 = DIRECTION('',(0.,-1.));
#1033 = ( GEOMETRIC_REPRESENTATION_CONTEXT(2) 
PARAMETRIC_REPRESENTATION_CONTEXT() REPRESENTATION_CONTEXT('2D SPACE',''
  ) );
#1034 = ORIENTED_EDGE('',*,*,#1035,.F.);
#1035 = EDGE_CURVE('',#772,#1013,#1036,.T.);
#1036 = SURFACE_CURVE('',#1037,(#1041,#1048),.PCURVE_S1.);
#1037 = LINE('',#1038,#1039);
#1038 = CARTESIAN_POINT('',(634.2,1.3992E+03,831.6));
#1039 = VECTOR('',#1040,1.);
#1040 = DIRECTION('',(0.,1.,0.));
#1041 = PCURVE('',#813,#1042);
#1042 = DEFINITIONAL_REPRESENTATION('',(#1043),#1047);
#1043 = LINE('',#1044,#1045);
#1044 = CARTESIAN_POINT('',(0.,50.8));
#1045 = VECTOR('',#1046,1.);
#1046 = DIRECTION('',(1.,0.));
#1047 = ( GEOMETRIC_REPRESENTATION_CONTEXT(2) 
PARAMETRIC_REPRESENTATION_CONTEXT() REPRESENTATION_CONTEXT('2D SPACE',''
  ) );
#1048 = PCURVE('',#787,#1049);
#1049 = DEFINITIONAL_REPRESENTATION('',(#1050),#1054);
#1050 = LINE('',#1051,#1052);
#1051 = CARTESIAN_POINT('',(101.6,0.));
#1052 = VECTOR('',#1053,1.);
#1053 = DIRECTION('',(0.,1.));
#1054 = ( GEOMETRIC_REPRESENTATION_CONTEXT(2) 
PARAMETRIC_REPRESENTATION_CONTEXT() REPRESENTATION_CONTEXT('2D SPACE',''
  ) );
#1055 = ADVANCED_FACE('',(#1056),#759,.F.);
#1056 = FACE_BOUND('',#1057,.F.);
#1057 = EDGE_LOOP('',(#1058,#1059,#1060,#1083));
#1058 = ORIENTED_EDGE('',*,*,#743,.F.);
#1059 = ORIENTED_EDGE('',*,*,#934,.T.);
#1060 = ORIENTED_EDGE('',*,*,#1061,.T.);
#1061 = EDGE_CURVE('',#935,#1062,#1064,.T.);
#1062 = VERTEX_POINT('',#1063);
#1063 = CARTESIAN_POINT('',(634.2,1.6392E+03,730.));
#1064 = SURFACE_CURVE('',#1065,(#1069,#1076),.PCURVE_S1.);
#1065 = LINE('',#1066,#1067);
#1066 = CARTESIAN_POINT('',(685.,1.6392E+03,730.));
#1067 = VECTOR('',#1068,1.);
#1068 = DIRECTION('',(-1.,0.,0.));
#1069 = PCURVE('',#759,#1070);
#1070 = DEFINITIONAL_REPRESENTATION('',(#1071),#1075);
#1071 = LINE('',#1072,#1073);
#1072 = CARTESIAN_POINT('',(240.,0.));
#1073 = VECTOR('',#1074,1.);
#1074 = DIRECTION('',(0.,1.));
#1075 = ( GEOMETRIC_REPRESENTATION_CONTEXT(2) 
PARAMETRIC_REPRESENTATION_CONTEXT() REPRESENTATION_CONTEXT('2D SPACE',''
  ) );
#1076 = PCURVE('',#995,#1077);
#1077 = DEFINITIONAL_REPRESENTATION('',(#1078),#1082);
#1078 = LINE('',#1079,#1080);
#1079 = CARTESIAN_POINT('',(0.,0.));
#1080 = VECTOR('',#1081,1.);
#1081 = DIRECTION('',(0.,-1.));
#1082 = ( GEOMETRIC_REPRESENTATION_CONTEXT(2) 
PARAMETRIC_REPRESENTATION_CONTEXT() REPRESENTATION_CONTEXT('2D SPACE',''
  ) );
#1083 = ORIENTED_EDGE('',*,*,#1084,.F.);
#1084 = EDGE_CURVE('',#744,#1062,#1085,.T.);
#1085 = SURFACE_CURVE('',#1086,(#1090,#1097),.PCURVE_S1.);
#1086 = LINE('',#1087,#1088);
#1087 = CARTESIAN_POINT('',(634.2,1.3992E+03,730.));
#1088 = VECTOR('',#1089,1.);
#1089 = DIRECTION('',(0.,1.,0.));
#1090 = PCURVE('',#759,#1091);
#1091 = DEFINITIONAL_REPRESENTATION('',(#1092),#1096);
#1092 = LINE('',#1093,#1094);
#1093 = CARTESIAN_POINT('',(0.,50.8));
#1094 = VECTOR('',#1095,1.);
#1095 = DIRECTION('',(1.,0.));
#1096 = ( GEOMETRIC_REPRESENTATION_CONTEXT(2) 
PARAMETRIC_REPRESENTATION_CONTEXT() REPRESENTATION_CONTEXT('2D SPACE',''
  ) );
#1097 = PCURVE('',#787,#1098);
#1098 = DEFINITIONAL_REPRESENTATION('',(#1099),#1103);
#1099 = LINE('',#1100,#1101);
#1100 = CARTESIAN_POINT('',(0.,0.));
#1101 = VECTOR('',#1102,1.);
#1102 = DIRECTION('',(0.,1.));
#1103 = ( GEOMETRIC_REPRESENTATION_CONTEXT(2) 
PARAMETRIC_REPRESENTATION_CONTEXT() REPRESENTATION_CONTEXT('2D SPACE',''
  ) );
#1104 = ADVANCED_FACE('',(#1105),#787,.T.);
#1105 = FACE_BOUND('',#1106,.T.);
#1106 = EDGE_LOOP('',(#1107,#1108,#1109,#1110));
#1107 = ORIENTED_EDGE('',*,*,#1084,.F.);
#1108 = ORIENTED_EDGE('',*,*,#771,.T.);
#1109 = ORIENTED_EDGE('',*,*,#1035,.T.);
#1110 = ORIENTED_EDGE('',*,*,#1111,.F.);
#1111 = EDGE_CURVE('',#1062,#1013,#1112,.T.);
#1112 = SURFACE_CURVE('',#1113,(#1117,#1124),.PCURVE_S1.);
#1113 = LINE('',#1114,#1115);
#1114 = CARTESIAN_POINT('',(634.2,1.6392E+03,730.));
#1115 = VECTOR('',#1116,1.);
#1116 = DIRECTION('',(0.,0.,1.));
#1117 = PCURVE('',#787,#1118);
#1118 = DEFINITIONAL_REPRESENTATION('',(#1119),#1123);
#1119 = LINE('',#1120,#1121);
#1120 = CARTESIAN_POINT('',(0.,240.));
#1121 = VECTOR('',#1122,1.);
#1122 = DIRECTION('',(1.,0.));
#1123 = ( GEOMETRIC_REPRESENTATION_CONTEXT(2) 
PARAMETRIC_REPRESENTATION_CONTEXT() REPRESENTATION_CONTEXT('2D SPACE',''
  ) );
#1124 = PCURVE('',#995,#1125);
#1125 = DEFINITIONAL_REPRESENTATION('',(#1126),#1130);
#1126 = LINE('',#1127,#1128);
#1127 = CARTESIAN_POINT('',(0.,-50.8));
#1128 = VECTOR('',#1129,1.);
#1129 = DIRECTION('',(1.,0.));
#1130 = ( GEOMETRIC_REPRESENTATION_CONTEXT(2) 
PARAMETRIC_REPRESENTATION_CONTEXT() REPRESENTATION_CONTEXT('2D SPACE',''
  ) );
#1131 = ADVANCED_FACE('',(#1132),#844,.T.);
#1132 = FACE_BOUND('',#1133,.T.);
#1133 = EDGE_LOOP('',(#1134,#1157,#1158,#1181));
#1134 = ORIENTED_EDGE('',*,*,#1135,.F.);
#1135 = EDGE_CURVE('',#828,#1136,#1138,.T.);
#1136 = VERTEX_POINT('',#1137);
#1137 = CARTESIAN_POINT('',(636.308,1.6392E+03,732.108));
#1138 = SURFACE_CURVE('',#1139,(#1143,#1150),.PCURVE_S1.);
#1139 = LINE('',#1140,#1141);
#1140 = CARTESIAN_POINT('',(636.308,1.3982E+03,732.108));
#1141 = VECTOR('',#1142,1.);
#1142 = DIRECTION('',(0.,1.,0.));
#1143 = PCURVE('',#844,#1144);
#1144 = DEFINITIONAL_REPRESENTATION('',(#1145),#1149);
#1145 = LINE('',#1146,#1147);
#1146 = CARTESIAN_POINT('',(0.,46.584));
#1147 = VECTOR('',#1148,1.);
#1148 = DIRECTION('',(1.,0.));
#1149 = ( GEOMETRIC_REPRESENTATION_CONTEXT(2) 
PARAMETRIC_REPRESENTATION_CONTEXT() REPRESENTATION_CONTEXT('2D SPACE',''
  ) );
#1150 = PCURVE('',#920,#1151);
#1151 = DEFINITIONAL_REPRESENTATION('',(#1152),#1156);
#1152 = LINE('',#1153,#1154);
#1153 = CARTESIAN_POINT('',(0.,0.));
#1154 = VECTOR('',#1155,1.);
#1155 = DIRECTION('',(0.,1.));
#1156 = ( GEOMETRIC_REPRESENTATION_CONTEXT(2) 
PARAMETRIC_REPRESENTATION_CONTEXT() REPRESENTATION_CONTEXT('2D SPACE',''
  ) );
#1157 = ORIENTED_EDGE('',*,*,#827,.T.);
#1158 = ORIENTED_EDGE('',*,*,#1159,.T.);
#1159 = EDGE_CURVE('',#830,#1160,#1162,.T.);
#1160 = VERTEX_POINT('',#1161);
#1161 = CARTESIAN_POINT('',(682.892,1.6392E+03,732.108));
#1162 = SURFACE_CURVE('',#1163,(#1167,#1174),.PCURVE_S1.);
#1163 = LINE('',#1164,#1165);
#1164 = CARTESIAN_POINT('',(682.892,1.3982E+03,732.108));
#1165 = VECTOR('',#1166,1.);
#1166 = DIRECTION('',(0.,1.,0.));
#1167 = PCURVE('',#844,#1168);
#1168 = DEFINITIONAL_REPRESENTATION('',(#1169),#1173);
#1169 = LINE('',#1170,#1171);
#1170 = CARTESIAN_POINT('',(0.,0.));
#1171 = VECTOR('',#1172,1.);
#1172 = DIRECTION('',(1.,0.));
#1173 = ( GEOMETRIC_REPRESENTATION_CONTEXT(2) 
PARAMETRIC_REPRESENTATION_CONTEXT() REPRESENTATION_CONTEXT('2D SPACE',''
  ) );
#1174 = PCURVE('',#870,#1175);
#1175 = DEFINITIONAL_REPRESENTATION('',(#1176),#1180);
#1176 = LINE('',#1177,#1178);
#1177 = CARTESIAN_POINT('',(0.,0.));
#1178 = VECTOR('',#1179,1.);
#1179 = DIRECTION('',(0.,1.));
#1180 = ( GEOMETRIC_REPRESENTATION_CONTEXT(2) 
PARAMETRIC_REPRESENTATION_CONTEXT() REPRESENTATION_CONTEXT('2D SPACE',''
  ) );
#1181 = ORIENTED_EDGE('',*,*,#1182,.F.);
#1182 = EDGE_CURVE('',#1136,#1160,#1183,.T.);
#1183 = SURFACE_CURVE('',#1184,(#1188,#1194),.PCURVE_S1.);
#1184 = LINE('',#1185,#1186);
#1185 = CARTESIAN_POINT('',(683.946,1.6392E+03,732.108));
#1186 = VECTOR('',#1187,1.);
#1187 = DIRECTION('',(1.,0.,0.));
#1188 = PCURVE('',#844,#1189);
#1189 = DEFINITIONAL_REPRESENTATION('',(#1190),#1193);
#1190 = B_SPLINE_CURVE_WITH_KNOTS('',1,(#1191,#1192),.UNSPECIFIED.,.F.,
  .F.,(2,2),(-47.638,-1.054),.PIECEWISE_BEZIER_KNOTS.);
#1191 = CARTESIAN_POINT('',(241.,46.584));
#1192 = CARTESIAN_POINT('',(241.,0.));
#1193 = ( GEOMETRIC_REPRESENTATION_CONTEXT(2) 
PARAMETRIC_REPRESENTATION_CONTEXT() REPRESENTATION_CONTEXT('2D SPACE',''
  ) );
#1194 = PCURVE('',#995,#1195);
#1195 = DEFINITIONAL_REPRESENTATION('',(#1196),#1199);
#1196 = B_SPLINE_CURVE_WITH_KNOTS('',1,(#1197,#1198),.UNSPECIFIED.,.F.,
  .F.,(2,2),(-47.638,-1.054),.PIECEWISE_BEZIER_KNOTS.);
#1197 = CARTESIAN_POINT('',(2.108,-48.692));
#1198 = CARTESIAN_POINT('',(2.108,-2.108));
#1199 = ( GEOMETRIC_REPRESENTATION_CONTEXT(2) 
PARAMETRIC_REPRESENTATION_CONTEXT() REPRESENTATION_CONTEXT('2D SPACE',''
  ) );
#1200 = ADVANCED_FACE('',(#1201),#920,.F.);
#1201 = FACE_BOUND('',#1202,.F.);
#1202 = EDGE_LOOP('',(#1203,#1204,#1205,#1228));
#1203 = ORIENTED_EDGE('',*,*,#1135,.F.);
#1204 = ORIENTED_EDGE('',*,*,#907,.T.);
#1205 = ORIENTED_EDGE('',*,*,#1206,.T.);
#1206 = EDGE_CURVE('',#882,#1207,#1209,.T.);
#1207 = VERTEX_POINT('',#1208);
#1208 = CARTESIAN_POINT('',(636.308,1.6392E+03,829.492));
#1209 = SURFACE_CURVE('',#1210,(#1214,#1221),.PCURVE_S1.);
#1210 = LINE('',#1211,#1212);
#1211 = CARTESIAN_POINT('',(636.308,1.3982E+03,829.492));
#1212 = VECTOR('',#1213,1.);
#1213 = DIRECTION('',(0.,1.,0.));
#1214 = PCURVE('',#920,#1215);
#1215 = DEFINITIONAL_REPRESENTATION('',(#1216),#1220);
#1216 = LINE('',#1217,#1218);
#1217 = CARTESIAN_POINT('',(97.384,0.));
#1218 = VECTOR('',#1219,1.);
#1219 = DIRECTION('',(0.,1.));
#1220 = ( GEOMETRIC_REPRESENTATION_CONTEXT(2) 
PARAMETRIC_REPRESENTATION_CONTEXT() REPRESENTATION_CONTEXT('2D SPACE',''
  ) );
#1221 = PCURVE('',#896,#1222);
#1222 = DEFINITIONAL_REPRESENTATION('',(#1223),#1227);
#1223 = LINE('',#1224,#1225);
#1224 = CARTESIAN_POINT('',(0.,46.584));
#1225 = VECTOR('',#1226,1.);
#1226 = DIRECTION('',(1.,0.));
#1227 = ( GEOMETRIC_REPRESENTATION_CONTEXT(2) 
PARAMETRIC_REPRESENTATION_CONTEXT() REPRESENTATION_CONTEXT('2D SPACE',''
  ) );
#1228 = ORIENTED_EDGE('',*,*,#1229,.F.);
#1229 = EDGE_CURVE('',#1136,#1207,#1230,.T.);
#1230 = SURFACE_CURVE('',#1231,(#1235,#1241),.PCURVE_S1.);
#1231 = LINE('',#1232,#1233);
#1232 = CARTESIAN_POINT('',(636.308,1.6392E+03,731.054));
#1233 = VECTOR('',#1234,1.);
#1234 = DIRECTION('',(0.,0.,1.));
#1235 = PCURVE('',#920,#1236);
#1236 = DEFINITIONAL_REPRESENTATION('',(#1237),#1240);
#1237 = B_SPLINE_CURVE_WITH_KNOTS('',1,(#1238,#1239),.UNSPECIFIED.,.F.,
  .F.,(2,2),(1.054,98.438),.PIECEWISE_BEZIER_KNOTS.);
#1238 = CARTESIAN_POINT('',(0.,241.));
#1239 = CARTESIAN_POINT('',(97.384,241.));
#1240 = ( GEOMETRIC_REPRESENTATION_CONTEXT(2) 
PARAMETRIC_REPRESENTATION_CONTEXT() REPRESENTATION_CONTEXT('2D SPACE',''
  ) );
#1241 = PCURVE('',#995,#1242);
#1242 = DEFINITIONAL_REPRESENTATION('',(#1243),#1246);
#1243 = B_SPLINE_CURVE_WITH_KNOTS('',1,(#1244,#1245),.UNSPECIFIED.,.F.,
  .F.,(2,2),(1.054,98.438),.PIECEWISE_BEZIER_KNOTS.);
#1244 = CARTESIAN_POINT('',(2.108,-48.692));
#1245 = CARTESIAN_POINT('',(99.492,-48.692));
#1246 = ( GEOMETRIC_REPRESENTATION_CONTEXT(2) 
PARAMETRIC_REPRESENTATION_CONTEXT() REPRESENTATION_CONTEXT('2D SPACE',''
  ) );
#1247 = ADVANCED_FACE('',(#1248),#896,.F.);
#1248 = FACE_BOUND('',#1249,.F.);
#1249 = EDGE_LOOP('',(#1250,#1251,#1252,#1275));
#1250 = ORIENTED_EDGE('',*,*,#1206,.F.);
#1251 = ORIENTED_EDGE('',*,*,#881,.T.);
#1252 = ORIENTED_EDGE('',*,*,#1253,.T.);
#1253 = EDGE_CURVE('',#856,#1254,#1256,.T.);
#1254 = VERTEX_POINT('',#1255);
#1255 = CARTESIAN_POINT('',(682.892,1.6392E+03,829.492));
#1256 = SURFACE_CURVE('',#1257,(#1261,#1268),.PCURVE_S1.);
#1257 = LINE('',#1258,#1259);
#1258 = CARTESIAN_POINT('',(682.892,1.3982E+03,829.492));
#1259 = VECTOR('',#1260,1.);
#1260 = DIRECTION('',(0.,1.,0.));
#1261 = PCURVE('',#896,#1262);
#1262 = DEFINITIONAL_REPRESENTATION('',(#1263),#1267);
#1263 = LINE('',#1264,#1265);
#1264 = CARTESIAN_POINT('',(0.,0.));
#1265 = VECTOR('',#1266,1.);
#1266 = DIRECTION('',(1.,0.));
#1267 = ( GEOMETRIC_REPRESENTATION_CONTEXT(2) 
PARAMETRIC_REPRESENTATION_CONTEXT() REPRESENTATION_CONTEXT('2D SPACE',''
  ) );
#1268 = PCURVE('',#870,#1269);
#1269 = DEFINITIONAL_REPRESENTATION('',(#1270),#1274);
#1270 = LINE('',#1271,#1272);
#1271 = CARTESIAN_POINT('',(97.384,0.));
#1272 = VECTOR('',#1273,1.);
#1273 = DIRECTION('',(0.,1.));
#1274 = ( GEOMETRIC_REPRESENTATION_CONTEXT(2) 
PARAMETRIC_REPRESENTATION_CONTEXT() REPRESENTATION_CONTEXT('2D SPACE',''
  ) );
#1275 = ORIENTED_EDGE('',*,*,#1276,.F.);
#1276 = EDGE_CURVE('',#1207,#1254,#1277,.T.);
#1277 = SURFACE_CURVE('',#1278,(#1282,#1288),.PCURVE_S1.);
#1278 = LINE('',#1279,#1280);
#1279 = CARTESIAN_POINT('',(683.946,1.6392E+03,829.492));
#1280 = VECTOR('',#1281,1.);
#1281 = DIRECTION('',(1.,0.,0.));
#1282 = PCURVE('',#896,#1283);
#1283 = DEFINITIONAL_REPRESENTATION('',(#1284),#1287);
#1284 = B_SPLINE_CURVE_WITH_KNOTS('',1,(#1285,#1286),.UNSPECIFIED.,.F.,
  .F.,(2,2),(-47.638,-1.054),.PIECEWISE_BEZIER_KNOTS.);
#1285 = CARTESIAN_POINT('',(241.,46.584));
#1286 = CARTESIAN_POINT('',(241.,0.));
#1287 = ( GEOMETRIC_REPRESENTATION_CONTEXT(2) 
PARAMETRIC_REPRESENTATION_CONTEXT() REPRESENTATION_CONTEXT('2D SPACE',''
  ) );
#1288 = PCURVE('',#995,#1289);
#1289 = DEFINITIONAL_REPRESENTATION('',(#1290),#1293);
#1290 = B_SPLINE_CURVE_WITH_KNOTS('',1,(#1291,#1292),.UNSPECIFIED.,.F.,
  .F.,(2,2),(-47.638,-1.054),.PIECEWISE_BEZIER_KNOTS.);
#1291 = CARTESIAN_POINT('',(99.492,-48.692));
#1292 = CARTESIAN_POINT('',(99.492,-2.108));
#1293 = ( GEOMETRIC_REPRESENTATION_CONTEXT(2) 
PARAMETRIC_REPRESENTATION_CONTEXT() REPRESENTATION_CONTEXT('2D SPACE',''
  ) );
#1294 = ADVANCED_FACE('',(#1295),#870,.T.);
#1295 = FACE_BOUND('',#1296,.T.);
#1296 = EDGE_LOOP('',(#1297,#1298,#1299,#1300));
#1297 = ORIENTED_EDGE('',*,*,#1159,.F.);
#1298 = ORIENTED_EDGE('',*,*,#855,.T.);
#1299 = ORIENTED_EDGE('',*,*,#1253,.T.);
#1300 = ORIENTED_EDGE('',*,*,#1301,.F.);
#1301 = EDGE_CURVE('',#1160,#1254,#1302,.T.);
#1302 = SURFACE_CURVE('',#1303,(#1307,#1313),.PCURVE_S1.);
#1303 = LINE('',#1304,#1305);
#1304 = CARTESIAN_POINT('',(682.892,1.6392E+03,731.054));
#1305 = VECTOR('',#1306,1.);
#1306 = DIRECTION('',(0.,0.,1.));
#1307 = PCURVE('',#870,#1308);
#1308 = DEFINITIONAL_REPRESENTATION('',(#1309),#1312);
#1309 = B_SPLINE_CURVE_WITH_KNOTS('',1,(#1310,#1311),.UNSPECIFIED.,.F.,
  .F.,(2,2),(1.054,98.438),.PIECEWISE_BEZIER_KNOTS.);
#1310 = CARTESIAN_POINT('',(0.,241.));
#1311 = CARTESIAN_POINT('',(97.384,241.));
#1312 = ( GEOMETRIC_REPRESENTATION_CONTEXT(2) 
PARAMETRIC_REPRESENTATION_CONTEXT() REPRESENTATION_CONTEXT('2D SPACE',''
  ) );
#1313 = PCURVE('',#995,#1314);
#1314 = DEFINITIONAL_REPRESENTATION('',(#1315),#1318);
#1315 = B_SPLINE_CURVE_WITH_KNOTS('',1,(#1316,#1317),.UNSPECIFIED.,.F.,
  .F.,(2,2),(1.054,98.438),.PIECEWISE_BEZIER_KNOTS.);
#1316 = CARTESIAN_POINT('',(2.108,-2.108));
#1317 = CARTESIAN_POINT('',(99.492,-2.108));
#1318 = ( GEOMETRIC_REPRESENTATION_CONTEXT(2) 
PARAMETRIC_REPRESENTATION_CONTEXT() REPRESENTATION_CONTEXT('2D SPACE',''
  ) );
#1319 = ADVANCED_FACE('',(#1320,#1326),#995,.T.);
#1320 = FACE_BOUND('',#1321,.T.);
#1321 = EDGE_LOOP('',(#1322,#1323,#1324,#1325));
#1322 = ORIENTED_EDGE('',*,*,#981,.F.);
#1323 = ORIENTED_EDGE('',*,*,#1061,.T.);
#1324 = ORIENTED_EDGE('',*,*,#1111,.T.);
#1325 = ORIENTED_EDGE('',*,*,#1012,.F.);
#1326 = FACE_BOUND('',#1327,.T.);
#1327 = EDGE_LOOP('',(#1328,#1329,#1330,#1331));
#1328 = ORIENTED_EDGE('',*,*,#1182,.T.);
#1329 = ORIENTED_EDGE('',*,*,#1301,.T.);
#1330 = ORIENTED_EDGE('',*,*,#1276,.F.);
#1331 = ORIENTED_EDGE('',*,*,#1229,.F.);
#1332 = ( GEOMETRIC_REPRESENTATION_CONTEXT(3) 
GLOBAL_UNCERTAINTY_ASSIGNED_CONTEXT((#1336)) 
GLOBAL_UNIT_ASSIGNED_CONTEXT((#1333,#1334,#1335)) REPRESENTATION_CONTEXT
('Context #1','3D Context with UNIT and UNCERTAINTY') );
#1333 = ( LENGTH_UNIT() NAMED_UNIT(*) SI_UNIT(.MILLI.,.METRE.) );
#1334 = ( NAMED_UNIT(*) PLANE_ANGLE_UNIT() SI_UNIT($,.RADIAN.) );
#1335 = ( NAMED_UNIT(*) SI_UNIT($,.STERADIAN.) SOLID_ANGLE_UNIT() );
#1336 = UNCERTAINTY_MEASURE_WITH_UNIT(LENGTH_MEASURE(1.E-07),#1333,
  'distance_accuracy_value','confusion accuracy');
#1337 = CONTEXT_DEPENDENT_SHAPE_REPRESENTATION(#1338,#1340);
#1338 = ( REPRESENTATION_RELATIONSHIP('','',#701,#10) 
REPRESENTATION_RELATIONSHIP_WITH_TRANSFORMATION(#1339) 
SHAPE_REPRESENTATION_RELATIONSHIP() );
#1339 = ITEM_DEFINED_TRANSFORMATION('','',#11,#19);
#1340 = PRODUCT_DEFINITION_SHAPE('Placement','Placement of an item',
  #1341);
#1341 = NEXT_ASSEMBLY_USAGE_OCCURRENCE('1310','ROT_RAIL_R','',#5,#696,$
  );
#1342 = PRODUCT_RELATED_PRODUCT_CATEGORY('part',$,(#698));
#1343 = SHAPE_DEFINITION_REPRESENTATION(#1344,#1350);
#1344 = PRODUCT_DEFINITION_SHAPE('','',#1345);
#1345 = PRODUCT_DEFINITION('design','',#1346,#1349);
#1346 = PRODUCT_DEFINITION_FORMATION('','',#1347);
#1347 = PRODUCT('ROT_TIE','ROT_TIE','',(#1348));
#1348 = PRODUCT_CONTEXT('',#2,'mechanical');
#1349 = PRODUCT_DEFINITION_CONTEXT('part definition',#2,'design');
#1350 = ADVANCED_BREP_SHAPE_REPRESENTATION('',(#11,#1351),#1981);
#1351 = MANIFOLD_SOLID_BREP('',#1352);
#1352 = CLOSED_SHELL('',(#1353,#1579,#1655,#1704,#1753,#1780,#1849,#1896
    ,#1943,#1968));
#1353 = ADVANCED_FACE('',(#1354,#1473),#1368,.F.);
#1354 = FACE_BOUND('',#1355,.F.);
#1355 = EDGE_LOOP('',(#1356,#1391,#1419,#1447));
#1356 = ORIENTED_EDGE('',*,*,#1357,.F.);
#1357 = EDGE_CURVE('',#1358,#1360,#1362,.T.);
#1358 = VERTEX_POINT('',#1359);
#1359 = CARTESIAN_POINT('',(515.8,1.5884E+03,730.));
#1360 = VERTEX_POINT('',#1361);
#1361 = CARTESIAN_POINT('',(515.8,1.5884E+03,831.6));
#1362 = SURFACE_CURVE('',#1363,(#1367,#1379),.PCURVE_S1.);
#1363 = LINE('',#1364,#1365);
#1364 = CARTESIAN_POINT('',(515.8,1.5884E+03,730.));
#1365 = VECTOR('',#1366,1.);
#1366 = DIRECTION('',(0.,0.,1.));
#1367 = PCURVE('',#1368,#1373);
#1368 = PLANE('',#1369);
#1369 = AXIS2_PLACEMENT_3D('',#1370,#1371,#1372);
#1370 = CARTESIAN_POINT('',(515.8,1.5884E+03,730.));
#1371 = DIRECTION('',(1.,0.,0.));
#1372 = DIRECTION('',(0.,0.,1.));
#1373 = DEFINITIONAL_REPRESENTATION('',(#1374),#1378);
#1374 = LINE('',#1375,#1376);
#1375 = CARTESIAN_POINT('',(0.,0.));
#1376 = VECTOR('',#1377,1.);
#1377 = DIRECTION('',(1.,0.));
#1378 = ( GEOMETRIC_REPRESENTATION_CONTEXT(2) 
PARAMETRIC_REPRESENTATION_CONTEXT() REPRESENTATION_CONTEXT('2D SPACE',''
  ) );
#1379 = PCURVE('',#1380,#1385);
#1380 = PLANE('',#1381);
#1381 = AXIS2_PLACEMENT_3D('',#1382,#1383,#1384);
#1382 = CARTESIAN_POINT('',(515.8,1.5884E+03,730.));
#1383 = DIRECTION('',(0.,1.,0.));
#1384 = DIRECTION('',(0.,0.,1.));
#1385 = DEFINITIONAL_REPRESENTATION('',(#1386),#1390);
#1386 = LINE('',#1387,#1388);
#1387 = CARTESIAN_POINT('',(0.,0.));
#1388 = VECTOR('',#1389,1.);
#1389 = DIRECTION('',(1.,0.));
#1390 = ( GEOMETRIC_REPRESENTATION_CONTEXT(2) 
PARAMETRIC_REPRESENTATION_CONTEXT() REPRESENTATION_CONTEXT('2D SPACE',''
  ) );
#1391 = ORIENTED_EDGE('',*,*,#1392,.T.);
#1392 = EDGE_CURVE('',#1358,#1393,#1395,.T.);
#1393 = VERTEX_POINT('',#1394);
#1394 = CARTESIAN_POINT('',(515.8,1.6392E+03,730.));
#1395 = SURFACE_CURVE('',#1396,(#1400,#1407),.PCURVE_S1.);
#1396 = LINE('',#1397,#1398);
#1397 = CARTESIAN_POINT('',(515.8,1.5884E+03,730.));
#1398 = VECTOR('',#1399,1.);
#1399 = DIRECTION('',(0.,1.,0.));
#1400 = PCURVE('',#1368,#1401);
#1401 = DEFINITIONAL_REPRESENTATION('',(#1402),#1406);
#1402 = LINE('',#1403,#1404);
#1403 = CARTESIAN_POINT('',(0.,0.));
#1404 = VECTOR('',#1405,1.);
#1405 = DIRECTION('',(0.,-1.));
#1406 = ( GEOMETRIC_REPRESENTATION_CONTEXT(2) 
PARAMETRIC_REPRESENTATION_CONTEXT() REPRESENTATION_CONTEXT('2D SPACE',''
  ) );
#1407 = PCURVE('',#1408,#1413);
#1408 = PLANE('',#1409);
#1409 = AXIS2_PLACEMENT_3D('',#1410,#1411,#1412);
#1410 = CARTESIAN_POINT('',(515.8,1.5884E+03,730.));
#1411 = DIRECTION('',(0.,0.,1.));
#1412 = DIRECTION('',(1.,0.,0.));
#1413 = DEFINITIONAL_REPRESENTATION('',(#1414),#1418);
#1414 = LINE('',#1415,#1416);
#1415 = CARTESIAN_POINT('',(0.,0.));
#1416 = VECTOR('',#1417,1.);
#1417 = DIRECTION('',(0.,1.));
#1418 = ( GEOMETRIC_REPRESENTATION_CONTEXT(2) 
PARAMETRIC_REPRESENTATION_CONTEXT() REPRESENTATION_CONTEXT('2D SPACE',''
  ) );
#1419 = ORIENTED_EDGE('',*,*,#1420,.T.);
#1420 = EDGE_CURVE('',#1393,#1421,#1423,.T.);
#1421 = VERTEX_POINT('',#1422);
#1422 = CARTESIAN_POINT('',(515.8,1.6392E+03,831.6));
#1423 = SURFACE_CURVE('',#1424,(#1428,#1435),.PCURVE_S1.);
#1424 = LINE('',#1425,#1426);
#1425 = CARTESIAN_POINT('',(515.8,1.6392E+03,730.));
#1426 = VECTOR('',#1427,1.);
#1427 = DIRECTION('',(0.,0.,1.));
#1428 = PCURVE('',#1368,#1429);
#1429 = DEFINITIONAL_REPRESENTATION('',(#1430),#1434);
#1430 = LINE('',#1431,#1432);
#1431 = CARTESIAN_POINT('',(0.,-50.8));
#1432 = VECTOR('',#1433,1.);
#1433 = DIRECTION('',(1.,0.));
#1434 = ( GEOMETRIC_REPRESENTATION_CONTEXT(2) 
PARAMETRIC_REPRESENTATION_CONTEXT() REPRESENTATION_CONTEXT('2D SPACE',''
  ) );
#1435 = PCURVE('',#1436,#1441);
#1436 = PLANE('',#1437);
#1437 = AXIS2_PLACEMENT_3D('',#1438,#1439,#1440);
#1438 = CARTESIAN_POINT('',(515.8,1.6392E+03,730.));
#1439 = DIRECTION('',(0.,1.,0.));
#1440 = DIRECTION('',(0.,0.,1.));
#1441 = DEFINITIONAL_REPRESENTATION('',(#1442),#1446);
#1442 = LINE('',#1443,#1444);
#1443 = CARTESIAN_POINT('',(0.,0.));
#1444 = VECTOR('',#1445,1.);
#1445 = DIRECTION('',(1.,0.));
#1446 = ( GEOMETRIC_REPRESENTATION_CONTEXT(2) 
PARAMETRIC_REPRESENTATION_CONTEXT() REPRESENTATION_CONTEXT('2D SPACE',''
  ) );
#1447 = ORIENTED_EDGE('',*,*,#1448,.F.);
#1448 = EDGE_CURVE('',#1360,#1421,#1449,.T.);
#1449 = SURFACE_CURVE('',#1450,(#1454,#1461),.PCURVE_S1.);
#1450 = LINE('',#1451,#1452);
#1451 = CARTESIAN_POINT('',(515.8,1.5884E+03,831.6));
#1452 = VECTOR('',#1453,1.);
#1453 = DIRECTION('',(0.,1.,0.));
#1454 = PCURVE('',#1368,#1455);
#1455 = DEFINITIONAL_REPRESENTATION('',(#1456),#1460);
#1456 = LINE('',#1457,#1458);
#1457 = CARTESIAN_POINT('',(101.6,0.));
#1458 = VECTOR('',#1459,1.);
#1459 = DIRECTION('',(0.,-1.));
#1460 = ( GEOMETRIC_REPRESENTATION_CONTEXT(2) 
PARAMETRIC_REPRESENTATION_CONTEXT() REPRESENTATION_CONTEXT('2D SPACE',''
  ) );
#1461 = PCURVE('',#1462,#1467);
#1462 = PLANE('',#1463);
#1463 = AXIS2_PLACEMENT_3D('',#1464,#1465,#1466);
#1464 = CARTESIAN_POINT('',(515.8,1.5884E+03,831.6));
#1465 = DIRECTION('',(0.,0.,1.));
#1466 = DIRECTION('',(1.,0.,0.));
#1467 = DEFINITIONAL_REPRESENTATION('',(#1468),#1472);
#1468 = LINE('',#1469,#1470);
#1469 = CARTESIAN_POINT('',(0.,0.));
#1470 = VECTOR('',#1471,1.);
#1471 = DIRECTION('',(0.,1.));
#1472 = ( GEOMETRIC_REPRESENTATION_CONTEXT(2) 
PARAMETRIC_REPRESENTATION_CONTEXT() REPRESENTATION_CONTEXT('2D SPACE',''
  ) );
#1473 = FACE_BOUND('',#1474,.F.);
#1474 = EDGE_LOOP('',(#1475,#1503,#1529,#1555));
#1475 = ORIENTED_EDGE('',*,*,#1476,.T.);
#1476 = EDGE_CURVE('',#1477,#1479,#1481,.T.);
#1477 = VERTEX_POINT('',#1478);
#1478 = CARTESIAN_POINT('',(515.8,1.637092E+03,732.108));
#1479 = VERTEX_POINT('',#1480);
#1480 = CARTESIAN_POINT('',(515.8,1.590508E+03,732.108));
#1481 = SURFACE_CURVE('',#1482,(#1486,#1492),.PCURVE_S1.);
#1482 = LINE('',#1483,#1484);
#1483 = CARTESIAN_POINT('',(515.8,1.589454E+03,732.108));
#1484 = VECTOR('',#1485,1.);
#1485 = DIRECTION('',(0.,-1.,0.));
#1486 = PCURVE('',#1368,#1487);
#1487 = DEFINITIONAL_REPRESENTATION('',(#1488),#1491);
#1488 = B_SPLINE_CURVE_WITH_KNOTS('',1,(#1489,#1490),.UNSPECIFIED.,.F.,
  .F.,(2,2),(-47.638,-1.054),.PIECEWISE_BEZIER_KNOTS.);
#1489 = CARTESIAN_POINT('',(2.108,-48.692));
#1490 = CARTESIAN_POINT('',(2.108,-2.108));
#1491 = ( GEOMETRIC_REPRESENTATION_CONTEXT(2) 
PARAMETRIC_REPRESENTATION_CONTEXT() REPRESENTATION_CONTEXT('2D SPACE',''
  ) );
#1492 = PCURVE('',#1493,#1498);
#1493 = PLANE('',#1494);
#1494 = AXIS2_PLACEMENT_3D('',#1495,#1496,#1497);
#1495 = CARTESIAN_POINT('',(514.8,1.590508E+03,732.108));
#1496 = DIRECTION('',(0.,0.,1.));
#1497 = DIRECTION('',(1.,0.,0.));
#1498 = DEFINITIONAL_REPRESENTATION('',(#1499),#1502);
#1499 = B_SPLINE_CURVE_WITH_KNOTS('',1,(#1500,#1501),.UNSPECIFIED.,.F.,
  .F.,(2,2),(-47.638,-1.054),.PIECEWISE_BEZIER_KNOTS.);
#1500 = CARTESIAN_POINT('',(1.,46.584));
#1501 = CARTESIAN_POINT('',(1.,0.));
#1502 = ( GEOMETRIC_REPRESENTATION_CONTEXT(2) 
PARAMETRIC_REPRESENTATION_CONTEXT() REPRESENTATION_CONTEXT('2D SPACE',''
  ) );
#1503 = ORIENTED_EDGE('',*,*,#1504,.T.);
#1504 = EDGE_CURVE('',#1479,#1505,#1507,.T.);
#1505 = VERTEX_POINT('',#1506);
#1506 = CARTESIAN_POINT('',(515.8,1.590508E+03,829.492));
#1507 = SURFACE_CURVE('',#1508,(#1512,#1518),.PCURVE_S1.);
#1508 = LINE('',#1509,#1510);
#1509 = CARTESIAN_POINT('',(515.8,1.590508E+03,731.054));
#1510 = VECTOR('',#1511,1.);
#1511 = DIRECTION('',(0.,0.,1.));
#1512 = PCURVE('',#1368,#1513);
#1513 = DEFINITIONAL_REPRESENTATION('',(#1514),#1517);
#1514 = B_SPLINE_CURVE_WITH_KNOTS('',1,(#1515,#1516),.UNSPECIFIED.,.F.,
  .F.,(2,2),(1.054,98.438),.PIECEWISE_BEZIER_KNOTS.);
#1515 = CARTESIAN_POINT('',(2.108,-2.108));
#1516 = CARTESIAN_POINT('',(99.492,-2.108));
#1517 = ( GEOMETRIC_REPRESENTATION_CONTEXT(2) 
PARAMETRIC_REPRESENTATION_CONTEXT() REPRESENTATION_CONTEXT('2D SPACE',''
  ) );
#1518 = PCURVE('',#1519,#1524);
#1519 = PLANE('',#1520);
#1520 = AXIS2_PLACEMENT_3D('',#1521,#1522,#1523);
#1521 = CARTESIAN_POINT('',(514.8,1.590508E+03,732.108));
#1522 = DIRECTION('',(0.,1.,0.));
#1523 = DIRECTION('',(0.,0.,1.));
#1524 = DEFINITIONAL_REPRESENTATION('',(#1525),#1528);
#1525 = B_SPLINE_CURVE_WITH_KNOTS('',1,(#1526,#1527),.UNSPECIFIED.,.F.,
  .F.,(2,2),(1.054,98.438),.PIECEWISE_BEZIER_KNOTS.);
#1526 = CARTESIAN_POINT('',(0.,1.));
#1527 = CARTESIAN_POINT('',(97.384,1.));
#1528 = ( GEOMETRIC_REPRESENTATION_CONTEXT(2) 
PARAMETRIC_REPRESENTATION_CONTEXT() REPRESENTATION_CONTEXT('2D SPACE',''
  ) );
#1529 = ORIENTED_EDGE('',*,*,#1530,.F.);
#1530 = EDGE_CURVE('',#1531,#1505,#1533,.T.);
#1531 = VERTEX_POINT('',#1532);
#1532 = CARTESIAN_POINT('',(515.8,1.637092E+03,829.492));
#1533 = SURFACE_CURVE('',#1534,(#1538,#1544),.PCURVE_S1.);
#1534 = LINE('',#1535,#1536);
#1535 = CARTESIAN_POINT('',(515.8,1.589454E+03,829.492));
#1536 = VECTOR('',#1537,1.);
#1537 = DIRECTION('',(0.,-1.,0.));
#1538 = PCURVE('',#1368,#1539);
#1539 = DEFINITIONAL_REPRESENTATION('',(#1540),#1543);
#1540 = B_SPLINE_CURVE_WITH_KNOTS('',1,(#1541,#1542),.UNSPECIFIED.,.F.,
  .F.,(2,2),(-47.638,-1.054),.PIECEWISE_BEZIER_KNOTS.);
#1541 = CARTESIAN_POINT('',(99.492,-48.692));
#1542 = CARTESIAN_POINT('',(99.492,-2.108));
#1543 = ( GEOMETRIC_REPRESENTATION_CONTEXT(2) 
PARAMETRIC_REPRESENTATION_CONTEXT() REPRESENTATION_CONTEXT('2D SPACE',''
  ) );
#1544 = PCURVE('',#1545,#1550);
#1545 = PLANE('',#1546);
#1546 = AXIS2_PLACEMENT_3D('',#1547,#1548,#1549);
#1547 = CARTESIAN_POINT('',(514.8,1.590508E+03,829.492));
#1548 = DIRECTION('',(0.,0.,1.));
#1549 = DIRECTION('',(1.,0.,0.));
#1550 = DEFINITIONAL_REPRESENTATION('',(#1551),#1554);
#1551 = B_SPLINE_CURVE_WITH_KNOTS('',1,(#1552,#1553),.UNSPECIFIED.,.F.,
  .F.,(2,2),(-47.638,-1.054),.PIECEWISE_BEZIER_KNOTS.);
#1552 = CARTESIAN_POINT('',(1.,46.584));
#1553 = CARTESIAN_POINT('',(1.,0.));
#1554 = ( GEOMETRIC_REPRESENTATION_CONTEXT(2) 
PARAMETRIC_REPRESENTATION_CONTEXT() REPRESENTATION_CONTEXT('2D SPACE',''
  ) );
#1555 = ORIENTED_EDGE('',*,*,#1556,.F.);
#1556 = EDGE_CURVE('',#1477,#1531,#1557,.T.);
#1557 = SURFACE_CURVE('',#1558,(#1562,#1568),.PCURVE_S1.);
#1558 = LINE('',#1559,#1560);
#1559 = CARTESIAN_POINT('',(515.8,1.637092E+03,731.054));
#1560 = VECTOR('',#1561,1.);
#1561 = DIRECTION('',(0.,0.,1.));
#1562 = PCURVE('',#1368,#1563);
#1563 = DEFINITIONAL_REPRESENTATION('',(#1564),#1567);
#1564 = B_SPLINE_CURVE_WITH_KNOTS('',1,(#1565,#1566),.UNSPECIFIED.,.F.,
  .F.,(2,2),(1.054,98.438),.PIECEWISE_BEZIER_KNOTS.);
#1565 = CARTESIAN_POINT('',(2.108,-48.692));
#1566 = CARTESIAN_POINT('',(99.492,-48.692));
#1567 = ( GEOMETRIC_REPRESENTATION_CONTEXT(2) 
PARAMETRIC_REPRESENTATION_CONTEXT() REPRESENTATION_CONTEXT('2D SPACE',''
  ) );
#1568 = PCURVE('',#1569,#1574);
#1569 = PLANE('',#1570);
#1570 = AXIS2_PLACEMENT_3D('',#1571,#1572,#1573);
#1571 = CARTESIAN_POINT('',(514.8,1.637092E+03,732.108));
#1572 = DIRECTION('',(0.,1.,0.));
#1573 = DIRECTION('',(0.,0.,1.));
#1574 = DEFINITIONAL_REPRESENTATION('',(#1575),#1578);
#1575 = B_SPLINE_CURVE_WITH_KNOTS('',1,(#1576,#1577),.UNSPECIFIED.,.F.,
  .F.,(2,2),(1.054,98.438),.PIECEWISE_BEZIER_KNOTS.);
#1576 = CARTESIAN_POINT('',(0.,1.));
#1577 = CARTESIAN_POINT('',(97.384,1.));
#1578 = ( GEOMETRIC_REPRESENTATION_CONTEXT(2) 
PARAMETRIC_REPRESENTATION_CONTEXT() REPRESENTATION_CONTEXT('2D SPACE',''
  ) );
#1579 = ADVANCED_FACE('',(#1580),#1380,.F.);
#1580 = FACE_BOUND('',#1581,.F.);
#1581 = EDGE_LOOP('',(#1582,#1605,#1606,#1629));
#1582 = ORIENTED_EDGE('',*,*,#1583,.F.);
#1583 = EDGE_CURVE('',#1358,#1584,#1586,.T.);
#1584 = VERTEX_POINT('',#1585);
#1585 = CARTESIAN_POINT('',(634.2,1.5884E+03,730.));
#1586 = SURFACE_CURVE('',#1587,(#1591,#1598),.PCURVE_S1.);
#1587 = LINE('',#1588,#1589);
#1588 = CARTESIAN_POINT('',(515.8,1.5884E+03,730.));
#1589 = VECTOR('',#1590,1.);
#1590 = DIRECTION('',(1.,0.,0.));
#1591 = PCURVE('',#1380,#1592);
#1592 = DEFINITIONAL_REPRESENTATION('',(#1593),#1597);
#1593 = LINE('',#1594,#1595);
#1594 = CARTESIAN_POINT('',(0.,0.));
#1595 = VECTOR('',#1596,1.);
#1596 = DIRECTION('',(0.,1.));
#1597 = ( GEOMETRIC_REPRESENTATION_CONTEXT(2) 
PARAMETRIC_REPRESENTATION_CONTEXT() REPRESENTATION_CONTEXT('2D SPACE',''
  ) );
#1598 = PCURVE('',#1408,#1599);
#1599 = DEFINITIONAL_REPRESENTATION('',(#1600),#1604);
#1600 = LINE('',#1601,#1602);
#1601 = CARTESIAN_POINT('',(0.,0.));
#1602 = VECTOR('',#1603,1.);
#1603 = DIRECTION('',(1.,0.));
#1604 = ( GEOMETRIC_REPRESENTATION_CONTEXT(2) 
PARAMETRIC_REPRESENTATION_CONTEXT() REPRESENTATION_CONTEXT('2D SPACE',''
  ) );
#1605 = ORIENTED_EDGE('',*,*,#1357,.T.);
#1606 = ORIENTED_EDGE('',*,*,#1607,.T.);
#1607 = EDGE_CURVE('',#1360,#1608,#1610,.T.);
#1608 = VERTEX_POINT('',#1609);
#1609 = CARTESIAN_POINT('',(634.2,1.5884E+03,831.6));
#1610 = SURFACE_CURVE('',#1611,(#1615,#1622),.PCURVE_S1.);
#1611 = LINE('',#1612,#1613);
#1612 = CARTESIAN_POINT('',(515.8,1.5884E+03,831.6));
#1613 = VECTOR('',#1614,1.);
#1614 = DIRECTION('',(1.,0.,0.));
#1615 = PCURVE('',#1380,#1616);
#1616 = DEFINITIONAL_REPRESENTATION('',(#1617),#1621);
#1617 = LINE('',#1618,#1619);
#1618 = CARTESIAN_POINT('',(101.6,0.));
#1619 = VECTOR('',#1620,1.);
#1620 = DIRECTION('',(0.,1.));
#1621 = ( GEOMETRIC_REPRESENTATION_CONTEXT(2) 
PARAMETRIC_REPRESENTATION_CONTEXT() REPRESENTATION_CONTEXT('2D SPACE',''
  ) );
#1622 = PCURVE('',#1462,#1623);
#1623 = DEFINITIONAL_REPRESENTATION('',(#1624),#1628);
#1624 = LINE('',#1625,#1626);
#1625 = CARTESIAN_POINT('',(0.,0.));
#1626 = VECTOR('',#1627,1.);
#1627 = DIRECTION('',(1.,0.));
#1628 = ( GEOMETRIC_REPRESENTATION_CONTEXT(2) 
PARAMETRIC_REPRESENTATION_CONTEXT() REPRESENTATION_CONTEXT('2D SPACE',''
  ) );
#1629 = ORIENTED_EDGE('',*,*,#1630,.F.);
#1630 = EDGE_CURVE('',#1584,#1608,#1631,.T.);
#1631 = SURFACE_CURVE('',#1632,(#1636,#1643),.PCURVE_S1.);
#1632 = LINE('',#1633,#1634);
#1633 = CARTESIAN_POINT('',(634.2,1.5884E+03,730.));
#1634 = VECTOR('',#1635,1.);
#1635 = DIRECTION('',(0.,0.,1.));
#1636 = PCURVE('',#1380,#1637);
#1637 = DEFINITIONAL_REPRESENTATION('',(#1638),#1642);
#1638 = LINE('',#1639,#1640);
#1639 = CARTESIAN_POINT('',(0.,118.4));
#1640 = VECTOR('',#1641,1.);
#1641 = DIRECTION('',(1.,0.));
#1642 = ( GEOMETRIC_REPRESENTATION_CONTEXT(2) 
PARAMETRIC_REPRESENTATION_CONTEXT() REPRESENTATION_CONTEXT('2D SPACE',''
  ) );
#1643 = PCURVE('',#1644,#1649);
#1644 = PLANE('',#1645);
#1645 = AXIS2_PLACEMENT_3D('',#1646,#1647,#1648);
#1646 = CARTESIAN_POINT('',(634.2,1.5884E+03,730.));
#1647 = DIRECTION('',(1.,0.,0.));
#1648 = DIRECTION('',(0.,0.,1.));
#1649 = DEFINITIONAL_REPRESENTATION('',(#1650),#1654);
#1650 = LINE('',#1651,#1652);
#1651 = CARTESIAN_POINT('',(0.,0.));
#1652 = VECTOR('',#1653,1.);
#1653 = DIRECTION('',(1.,0.));
#1654 = ( GEOMETRIC_REPRESENTATION_CONTEXT(2) 
PARAMETRIC_REPRESENTATION_CONTEXT() REPRESENTATION_CONTEXT('2D SPACE',''
  ) );
#1655 = ADVANCED_FACE('',(#1656),#1462,.T.);
#1656 = FACE_BOUND('',#1657,.T.);
#1657 = EDGE_LOOP('',(#1658,#1659,#1660,#1683));
#1658 = ORIENTED_EDGE('',*,*,#1448,.F.);
#1659 = ORIENTED_EDGE('',*,*,#1607,.T.);
#1660 = ORIENTED_EDGE('',*,*,#1661,.T.);
#1661 = EDGE_CURVE('',#1608,#1662,#1664,.T.);
#1662 = VERTEX_POINT('',#1663);
#1663 = CARTESIAN_POINT('',(634.2,1.6392E+03,831.6));
#1664 = SURFACE_CURVE('',#1665,(#1669,#1676),.PCURVE_S1.);
#1665 = LINE('',#1666,#1667);
#1666 = CARTESIAN_POINT('',(634.2,1.5884E+03,831.6));
#1667 = VECTOR('',#1668,1.);
#1668 = DIRECTION('',(0.,1.,0.));
#1669 = PCURVE('',#1462,#1670);
#1670 = DEFINITIONAL_REPRESENTATION('',(#1671),#1675);
#1671 = LINE('',#1672,#1673);
#1672 = CARTESIAN_POINT('',(118.4,0.));
#1673 = VECTOR('',#1674,1.);
#1674 = DIRECTION('',(0.,1.));
#1675 = ( GEOMETRIC_REPRESENTATION_CONTEXT(2) 
PARAMETRIC_REPRESENTATION_CONTEXT() REPRESENTATION_CONTEXT('2D SPACE',''
  ) );
#1676 = PCURVE('',#1644,#1677);
#1677 = DEFINITIONAL_REPRESENTATION('',(#1678),#1682);
#1678 = LINE('',#1679,#1680);
#1679 = CARTESIAN_POINT('',(101.6,0.));
#1680 = VECTOR('',#1681,1.);
#1681 = DIRECTION('',(0.,-1.));
#1682 = ( GEOMETRIC_REPRESENTATION_CONTEXT(2) 
PARAMETRIC_REPRESENTATION_CONTEXT() REPRESENTATION_CONTEXT('2D SPACE',''
  ) );
#1683 = ORIENTED_EDGE('',*,*,#1684,.F.);
#1684 = EDGE_CURVE('',#1421,#1662,#1685,.T.);
#1685 = SURFACE_CURVE('',#1686,(#1690,#1697),.PCURVE_S1.);
#1686 = LINE('',#1687,#1688);
#1687 = CARTESIAN_POINT('',(515.8,1.6392E+03,831.6));
#1688 = VECTOR('',#1689,1.);
#1689 = DIRECTION('',(1.,0.,0.));
#1690 = PCURVE('',#1462,#1691);
#1691 = DEFINITIONAL_REPRESENTATION('',(#1692),#1696);
#1692 = LINE('',#1693,#1694);
#1693 = CARTESIAN_POINT('',(0.,50.8));
#1694 = VECTOR('',#1695,1.);
#1695 = DIRECTION('',(1.,0.));
#1696 = ( GEOMETRIC_REPRESENTATION_CONTEXT(2) 
PARAMETRIC_REPRESENTATION_CONTEXT() REPRESENTATION_CONTEXT('2D SPACE',''
  ) );
#1697 = PCURVE('',#1436,#1698);
#1698 = DEFINITIONAL_REPRESENTATION('',(#1699),#1703);
#1699 = LINE('',#1700,#1701);
#1700 = CARTESIAN_POINT('',(101.6,0.));
#1701 = VECTOR('',#1702,1.);
#1702 = DIRECTION('',(0.,1.));
#1703 = ( GEOMETRIC_REPRESENTATION_CONTEXT(2) 
PARAMETRIC_REPRESENTATION_CONTEXT() REPRESENTATION_CONTEXT('2D SPACE',''
  ) );
#1704 = ADVANCED_FACE('',(#1705),#1408,.F.);
#1705 = FACE_BOUND('',#1706,.F.);
#1706 = EDGE_LOOP('',(#1707,#1708,#1709,#1732));
#1707 = ORIENTED_EDGE('',*,*,#1392,.F.);
#1708 = ORIENTED_EDGE('',*,*,#1583,.T.);
#1709 = ORIENTED_EDGE('',*,*,#1710,.T.);
#1710 = EDGE_CURVE('',#1584,#1711,#1713,.T.);
#1711 = VERTEX_POINT('',#1712);
#1712 = CARTESIAN_POINT('',(634.2,1.6392E+03,730.));
#1713 = SURFACE_CURVE('',#1714,(#1718,#1725),.PCURVE_S1.);
#1714 = LINE('',#1715,#1716);
#1715 = CARTESIAN_POINT('',(634.2,1.5884E+03,730.));
#1716 = VECTOR('',#1717,1.);
#1717 = DIRECTION('',(0.,1.,0.));
#1718 = PCURVE('',#1408,#1719);
#1719 = DEFINITIONAL_REPRESENTATION('',(#1720),#1724);
#1720 = LINE('',#1721,#1722);
#1721 = CARTESIAN_POINT('',(118.4,0.));
#1722 = VECTOR('',#1723,1.);
#1723 = DIRECTION('',(0.,1.));
#1724 = ( GEOMETRIC_REPRESENTATION_CONTEXT(2) 
PARAMETRIC_REPRESENTATION_CONTEXT() REPRESENTATION_CONTEXT('2D SPACE',''
  ) );
#1725 = PCURVE('',#1644,#1726);
#1726 = DEFINITIONAL_REPRESENTATION('',(#1727),#1731);
#1727 = LINE('',#1728,#1729);
#1728 = CARTESIAN_POINT('',(0.,0.));
#1729 = VECTOR('',#1730,1.);
#1730 = DIRECTION('',(0.,-1.));
#1731 = ( GEOMETRIC_REPRESENTATION_CONTEXT(2) 
PARAMETRIC_REPRESENTATION_CONTEXT() REPRESENTATION_CONTEXT('2D SPACE',''
  ) );
#1732 = ORIENTED_EDGE('',*,*,#1733,.F.);
#1733 = EDGE_CURVE('',#1393,#1711,#1734,.T.);
#1734 = SURFACE_CURVE('',#1735,(#1739,#1746),.PCURVE_S1.);
#1735 = LINE('',#1736,#1737);
#1736 = CARTESIAN_POINT('',(515.8,1.6392E+03,730.));
#1737 = VECTOR('',#1738,1.);
#1738 = DIRECTION('',(1.,0.,0.));
#1739 = PCURVE('',#1408,#1740);
#1740 = DEFINITIONAL_REPRESENTATION('',(#1741),#1745);
#1741 = LINE('',#1742,#1743);
#1742 = CARTESIAN_POINT('',(0.,50.8));
#1743 = VECTOR('',#1744,1.);
#1744 = DIRECTION('',(1.,0.));
#1745 = ( GEOMETRIC_REPRESENTATION_CONTEXT(2) 
PARAMETRIC_REPRESENTATION_CONTEXT() REPRESENTATION_CONTEXT('2D SPACE',''
  ) );
#1746 = PCURVE('',#1436,#1747);
#1747 = DEFINITIONAL_REPRESENTATION('',(#1748),#1752);
#1748 = LINE('',#1749,#1750);
#1749 = CARTESIAN_POINT('',(0.,0.));
#1750 = VECTOR('',#1751,1.);
#1751 = DIRECTION('',(0.,1.));
#1752 = ( GEOMETRIC_REPRESENTATION_CONTEXT(2) 
PARAMETRIC_REPRESENTATION_CONTEXT() REPRESENTATION_CONTEXT('2D SPACE',''
  ) );
#1753 = ADVANCED_FACE('',(#1754),#1436,.T.);
#1754 = FACE_BOUND('',#1755,.T.);
#1755 = EDGE_LOOP('',(#1756,#1757,#1758,#1759));
#1756 = ORIENTED_EDGE('',*,*,#1733,.F.);
#1757 = ORIENTED_EDGE('',*,*,#1420,.T.);
#1758 = ORIENTED_EDGE('',*,*,#1684,.T.);
#1759 = ORIENTED_EDGE('',*,*,#1760,.F.);
#1760 = EDGE_CURVE('',#1711,#1662,#1761,.T.);
#1761 = SURFACE_CURVE('',#1762,(#1766,#1773),.PCURVE_S1.);
#1762 = LINE('',#1763,#1764);
#1763 = CARTESIAN_POINT('',(634.2,1.6392E+03,730.));
#1764 = VECTOR('',#1765,1.);
#1765 = DIRECTION('',(0.,0.,1.));
#1766 = PCURVE('',#1436,#1767);
#1767 = DEFINITIONAL_REPRESENTATION('',(#1768),#1772);
#1768 = LINE('',#1769,#1770);
#1769 = CARTESIAN_POINT('',(0.,118.4));
#1770 = VECTOR('',#1771,1.);
#1771 = DIRECTION('',(1.,0.));
#1772 = ( GEOMETRIC_REPRESENTATION_CONTEXT(2) 
PARAMETRIC_REPRESENTATION_CONTEXT() REPRESENTATION_CONTEXT('2D SPACE',''
  ) );
#1773 = PCURVE('',#1644,#1774);
#1774 = DEFINITIONAL_REPRESENTATION('',(#1775),#1779);
#1775 = LINE('',#1776,#1777);
#1776 = CARTESIAN_POINT('',(0.,-50.8));
#1777 = VECTOR('',#1778,1.);
#1778 = DIRECTION('',(1.,0.));
#1779 = ( GEOMETRIC_REPRESENTATION_CONTEXT(2) 
PARAMETRIC_REPRESENTATION_CONTEXT() REPRESENTATION_CONTEXT('2D SPACE',''
  ) );
#1780 = ADVANCED_FACE('',(#1781),#1493,.T.);
#1781 = FACE_BOUND('',#1782,.T.);
#1782 = EDGE_LOOP('',(#1783,#1806,#1807,#1830));
#1783 = ORIENTED_EDGE('',*,*,#1784,.F.);
#1784 = EDGE_CURVE('',#1477,#1785,#1787,.T.);
#1785 = VERTEX_POINT('',#1786);
#1786 = CARTESIAN_POINT('',(634.2,1.637092E+03,732.108));
#1787 = SURFACE_CURVE('',#1788,(#1792,#1799),.PCURVE_S1.);
#1788 = LINE('',#1789,#1790);
#1789 = CARTESIAN_POINT('',(514.8,1.637092E+03,732.108));
#1790 = VECTOR('',#1791,1.);
#1791 = DIRECTION('',(1.,0.,0.));
#1792 = PCURVE('',#1493,#1793);
#1793 = DEFINITIONAL_REPRESENTATION('',(#1794),#1798);
#1794 = LINE('',#1795,#1796);
#1795 = CARTESIAN_POINT('',(0.,46.584));
#1796 = VECTOR('',#1797,1.);
#1797 = DIRECTION('',(1.,0.));
#1798 = ( GEOMETRIC_REPRESENTATION_CONTEXT(2) 
PARAMETRIC_REPRESENTATION_CONTEXT() REPRESENTATION_CONTEXT('2D SPACE',''
  ) );
#1799 = PCURVE('',#1569,#1800);
#1800 = DEFINITIONAL_REPRESENTATION('',(#1801),#1805);
#1801 = LINE('',#1802,#1803);
#1802 = CARTESIAN_POINT('',(0.,0.));
#1803 = VECTOR('',#1804,1.);
#1804 = DIRECTION('',(0.,1.));
#1805 = ( GEOMETRIC_REPRESENTATION_CONTEXT(2) 
PARAMETRIC_REPRESENTATION_CONTEXT() REPRESENTATION_CONTEXT('2D SPACE',''
  ) );
#1806 = ORIENTED_EDGE('',*,*,#1476,.T.);
#1807 = ORIENTED_EDGE('',*,*,#1808,.T.);
#1808 = EDGE_CURVE('',#1479,#1809,#1811,.T.);
#1809 = VERTEX_POINT('',#1810);
#1810 = CARTESIAN_POINT('',(634.2,1.590508E+03,732.108));
#1811 = SURFACE_CURVE('',#1812,(#1816,#1823),.PCURVE_S1.);
#1812 = LINE('',#1813,#1814);
#1813 = CARTESIAN_POINT('',(514.8,1.590508E+03,732.108));
#1814 = VECTOR('',#1815,1.);
#1815 = DIRECTION('',(1.,0.,0.));
#1816 = PCURVE('',#1493,#1817);
#1817 = DEFINITIONAL_REPRESENTATION('',(#1818),#1822);
#1818 = LINE('',#1819,#1820);
#1819 = CARTESIAN_POINT('',(0.,0.));
#1820 = VECTOR('',#1821,1.);
#1821 = DIRECTION('',(1.,0.));
#1822 = ( GEOMETRIC_REPRESENTATION_CONTEXT(2) 
PARAMETRIC_REPRESENTATION_CONTEXT() REPRESENTATION_CONTEXT('2D SPACE',''
  ) );
#1823 = PCURVE('',#1519,#1824);
#1824 = DEFINITIONAL_REPRESENTATION('',(#1825),#1829);
#1825 = LINE('',#1826,#1827);
#1826 = CARTESIAN_POINT('',(0.,0.));
#1827 = VECTOR('',#1828,1.);
#1828 = DIRECTION('',(0.,1.));
#1829 = ( GEOMETRIC_REPRESENTATION_CONTEXT(2) 
PARAMETRIC_REPRESENTATION_CONTEXT() REPRESENTATION_CONTEXT('2D SPACE',''
  ) );
#1830 = ORIENTED_EDGE('',*,*,#1831,.F.);
#1831 = EDGE_CURVE('',#1785,#1809,#1832,.T.);
#1832 = SURFACE_CURVE('',#1833,(#1837,#1843),.PCURVE_S1.);
#1833 = LINE('',#1834,#1835);
#1834 = CARTESIAN_POINT('',(634.2,1.589454E+03,732.108));
#1835 = VECTOR('',#1836,1.);
#1836 = DIRECTION('',(0.,-1.,0.));
#1837 = PCURVE('',#1493,#1838);
#1838 = DEFINITIONAL_REPRESENTATION('',(#1839),#1842);
#1839 = B_SPLINE_CURVE_WITH_KNOTS('',1,(#1840,#1841),.UNSPECIFIED.,.F.,
  .F.,(2,2),(-47.638,-1.054),.PIECEWISE_BEZIER_KNOTS.);
#1840 = CARTESIAN_POINT('',(119.4,46.584));
#1841 = CARTESIAN_POINT('',(119.4,0.));
#1842 = ( GEOMETRIC_REPRESENTATION_CONTEXT(2) 
PARAMETRIC_REPRESENTATION_CONTEXT() REPRESENTATION_CONTEXT('2D SPACE',''
  ) );
#1843 = PCURVE('',#1644,#1844);
#1844 = DEFINITIONAL_REPRESENTATION('',(#1845),#1848);
#1845 = B_SPLINE_CURVE_WITH_KNOTS('',1,(#1846,#1847),.UNSPECIFIED.,.F.,
  .F.,(2,2),(-47.638,-1.054),.PIECEWISE_BEZIER_KNOTS.);
#1846 = CARTESIAN_POINT('',(2.108,-48.692));
#1847 = CARTESIAN_POINT('',(2.108,-2.108));
#1848 = ( GEOMETRIC_REPRESENTATION_CONTEXT(2) 
PARAMETRIC_REPRESENTATION_CONTEXT() REPRESENTATION_CONTEXT('2D SPACE',''
  ) );
#1849 = ADVANCED_FACE('',(#1850),#1569,.F.);
#1850 = FACE_BOUND('',#1851,.F.);
#1851 = EDGE_LOOP('',(#1852,#1853,#1854,#1877));
#1852 = ORIENTED_EDGE('',*,*,#1784,.F.);
#1853 = ORIENTED_EDGE('',*,*,#1556,.T.);
#1854 = ORIENTED_EDGE('',*,*,#1855,.T.);
#1855 = EDGE_CURVE('',#1531,#1856,#1858,.T.);
#1856 = VERTEX_POINT('',#1857);
#1857 = CARTESIAN_POINT('',(634.2,1.637092E+03,829.492));
#1858 = SURFACE_CURVE('',#1859,(#1863,#1870),.PCURVE_S1.);
#1859 = LINE('',#1860,#1861);
#1860 = CARTESIAN_POINT('',(514.8,1.637092E+03,829.492));
#1861 = VECTOR('',#1862,1.);
#1862 = DIRECTION('',(1.,0.,0.));
#1863 = PCURVE('',#1569,#1864);
#1864 = DEFINITIONAL_REPRESENTATION('',(#1865),#1869);
#1865 = LINE('',#1866,#1867);
#1866 = CARTESIAN_POINT('',(97.384,0.));
#1867 = VECTOR('',#1868,1.);
#1868 = DIRECTION('',(0.,1.));
#1869 = ( GEOMETRIC_REPRESENTATION_CONTEXT(2) 
PARAMETRIC_REPRESENTATION_CONTEXT() REPRESENTATION_CONTEXT('2D SPACE',''
  ) );
#1870 = PCURVE('',#1545,#1871);
#1871 = DEFINITIONAL_REPRESENTATION('',(#1872),#1876);
#1872 = LINE('',#1873,#1874);
#1873 = CARTESIAN_POINT('',(0.,46.584));
#1874 = VECTOR('',#1875,1.);
#1875 = DIRECTION('',(1.,0.));
#1876 = ( GEOMETRIC_REPRESENTATION_CONTEXT(2) 
PARAMETRIC_REPRESENTATION_CONTEXT() REPRESENTATION_CONTEXT('2D SPACE',''
  ) );
#1877 = ORIENTED_EDGE('',*,*,#1878,.F.);
#1878 = EDGE_CURVE('',#1785,#1856,#1879,.T.);
#1879 = SURFACE_CURVE('',#1880,(#1884,#1890),.PCURVE_S1.);
#1880 = LINE('',#1881,#1882);
#1881 = CARTESIAN_POINT('',(634.2,1.637092E+03,731.054));
#1882 = VECTOR('',#1883,1.);
#1883 = DIRECTION('',(0.,0.,1.));
#1884 = PCURVE('',#1569,#1885);
#1885 = DEFINITIONAL_REPRESENTATION('',(#1886),#1889);
#1886 = B_SPLINE_CURVE_WITH_KNOTS('',1,(#1887,#1888),.UNSPECIFIED.,.F.,
  .F.,(2,2),(1.054,98.438),.PIECEWISE_BEZIER_KNOTS.);
#1887 = CARTESIAN_POINT('',(0.,119.4));
#1888 = CARTESIAN_POINT('',(97.384,119.4));
#1889 = ( GEOMETRIC_REPRESENTATION_CONTEXT(2) 
PARAMETRIC_REPRESENTATION_CONTEXT() REPRESENTATION_CONTEXT('2D SPACE',''
  ) );
#1890 = PCURVE('',#1644,#1891);
#1891 = DEFINITIONAL_REPRESENTATION('',(#1892),#1895);
#1892 = B_SPLINE_CURVE_WITH_KNOTS('',1,(#1893,#1894),.UNSPECIFIED.,.F.,
  .F.,(2,2),(1.054,98.438),.PIECEWISE_BEZIER_KNOTS.);
#1893 = CARTESIAN_POINT('',(2.108,-48.692));
#1894 = CARTESIAN_POINT('',(99.492,-48.692));
#1895 = ( GEOMETRIC_REPRESENTATION_CONTEXT(2) 
PARAMETRIC_REPRESENTATION_CONTEXT() REPRESENTATION_CONTEXT('2D SPACE',''
  ) );
#1896 = ADVANCED_FACE('',(#1897),#1545,.F.);
#1897 = FACE_BOUND('',#1898,.F.);
#1898 = EDGE_LOOP('',(#1899,#1900,#1901,#1924));
#1899 = ORIENTED_EDGE('',*,*,#1855,.F.);
#1900 = ORIENTED_EDGE('',*,*,#1530,.T.);
#1901 = ORIENTED_EDGE('',*,*,#1902,.T.);
#1902 = EDGE_CURVE('',#1505,#1903,#1905,.T.);
#1903 = VERTEX_POINT('',#1904);
#1904 = CARTESIAN_POINT('',(634.2,1.590508E+03,829.492));
#1905 = SURFACE_CURVE('',#1906,(#1910,#1917),.PCURVE_S1.);
#1906 = LINE('',#1907,#1908);
#1907 = CARTESIAN_POINT('',(514.8,1.590508E+03,829.492));
#1908 = VECTOR('',#1909,1.);
#1909 = DIRECTION('',(1.,0.,0.));
#1910 = PCURVE('',#1545,#1911);
#1911 = DEFINITIONAL_REPRESENTATION('',(#1912),#1916);
#1912 = LINE('',#1913,#1914);
#1913 = CARTESIAN_POINT('',(0.,0.));
#1914 = VECTOR('',#1915,1.);
#1915 = DIRECTION('',(1.,0.));
#1916 = ( GEOMETRIC_REPRESENTATION_CONTEXT(2) 
PARAMETRIC_REPRESENTATION_CONTEXT() REPRESENTATION_CONTEXT('2D SPACE',''
  ) );
#1917 = PCURVE('',#1519,#1918);
#1918 = DEFINITIONAL_REPRESENTATION('',(#1919),#1923);
#1919 = LINE('',#1920,#1921);
#1920 = CARTESIAN_POINT('',(97.384,0.));
#1921 = VECTOR('',#1922,1.);
#1922 = DIRECTION('',(0.,1.));
#1923 = ( GEOMETRIC_REPRESENTATION_CONTEXT(2) 
PARAMETRIC_REPRESENTATION_CONTEXT() REPRESENTATION_CONTEXT('2D SPACE',''
  ) );
#1924 = ORIENTED_EDGE('',*,*,#1925,.F.);
#1925 = EDGE_CURVE('',#1856,#1903,#1926,.T.);
#1926 = SURFACE_CURVE('',#1927,(#1931,#1937),.PCURVE_S1.);
#1927 = LINE('',#1928,#1929);
#1928 = CARTESIAN_POINT('',(634.2,1.589454E+03,829.492));
#1929 = VECTOR('',#1930,1.);
#1930 = DIRECTION('',(0.,-1.,0.));
#1931 = PCURVE('',#1545,#1932);
#1932 = DEFINITIONAL_REPRESENTATION('',(#1933),#1936);
#1933 = B_SPLINE_CURVE_WITH_KNOTS('',1,(#1934,#1935),.UNSPECIFIED.,.F.,
  .F.,(2,2),(-47.638,-1.054),.PIECEWISE_BEZIER_KNOTS.);
#1934 = CARTESIAN_POINT('',(119.4,46.584));
#1935 = CARTESIAN_POINT('',(119.4,0.));
#1936 = ( GEOMETRIC_REPRESENTATION_CONTEXT(2) 
PARAMETRIC_REPRESENTATION_CONTEXT() REPRESENTATION_CONTEXT('2D SPACE',''
  ) );
#1937 = PCURVE('',#1644,#1938);
#1938 = DEFINITIONAL_REPRESENTATION('',(#1939),#1942);
#1939 = B_SPLINE_CURVE_WITH_KNOTS('',1,(#1940,#1941),.UNSPECIFIED.,.F.,
  .F.,(2,2),(-47.638,-1.054),.PIECEWISE_BEZIER_KNOTS.);
#1940 = CARTESIAN_POINT('',(99.492,-48.692));
#1941 = CARTESIAN_POINT('',(99.492,-2.108));
#1942 = ( GEOMETRIC_REPRESENTATION_CONTEXT(2) 
PARAMETRIC_REPRESENTATION_CONTEXT() REPRESENTATION_CONTEXT('2D SPACE',''
  ) );
#1943 = ADVANCED_FACE('',(#1944),#1519,.T.);
#1944 = FACE_BOUND('',#1945,.T.);
#1945 = EDGE_LOOP('',(#1946,#1947,#1948,#1949));
#1946 = ORIENTED_EDGE('',*,*,#1808,.F.);
#1947 = ORIENTED_EDGE('',*,*,#1504,.T.);
#1948 = ORIENTED_EDGE('',*,*,#1902,.T.);
#1949 = ORIENTED_EDGE('',*,*,#1950,.F.);
#1950 = EDGE_CURVE('',#1809,#1903,#1951,.T.);
#1951 = SURFACE_CURVE('',#1952,(#1956,#1962),.PCURVE_S1.);
#1952 = LINE('',#1953,#1954);
#1953 = CARTESIAN_POINT('',(634.2,1.590508E+03,731.054));
#1954 = VECTOR('',#1955,1.);
#1955 = DIRECTION('',(0.,0.,1.));
#1956 = PCURVE('',#1519,#1957);
#1957 = DEFINITIONAL_REPRESENTATION('',(#1958),#1961);
#1958 = B_SPLINE_CURVE_WITH_KNOTS('',1,(#1959,#1960),.UNSPECIFIED.,.F.,
  .F.,(2,2),(1.054,98.438),.PIECEWISE_BEZIER_KNOTS.);
#1959 = CARTESIAN_POINT('',(0.,119.4));
#1960 = CARTESIAN_POINT('',(97.384,119.4));
#1961 = ( GEOMETRIC_REPRESENTATION_CONTEXT(2) 
PARAMETRIC_REPRESENTATION_CONTEXT() REPRESENTATION_CONTEXT('2D SPACE',''
  ) );
#1962 = PCURVE('',#1644,#1963);
#1963 = DEFINITIONAL_REPRESENTATION('',(#1964),#1967);
#1964 = B_SPLINE_CURVE_WITH_KNOTS('',1,(#1965,#1966),.UNSPECIFIED.,.F.,
  .F.,(2,2),(1.054,98.438),.PIECEWISE_BEZIER_KNOTS.);
#1965 = CARTESIAN_POINT('',(2.108,-2.108));
#1966 = CARTESIAN_POINT('',(99.492,-2.108));
#1967 = ( GEOMETRIC_REPRESENTATION_CONTEXT(2) 
PARAMETRIC_REPRESENTATION_CONTEXT() REPRESENTATION_CONTEXT('2D SPACE',''
  ) );
#1968 = ADVANCED_FACE('',(#1969,#1975),#1644,.T.);
#1969 = FACE_BOUND('',#1970,.T.);
#1970 = EDGE_LOOP('',(#1971,#1972,#1973,#1974));
#1971 = ORIENTED_EDGE('',*,*,#1630,.F.);
#1972 = ORIENTED_EDGE('',*,*,#1710,.T.);
#1973 = ORIENTED_EDGE('',*,*,#1760,.T.);
#1974 = ORIENTED_EDGE('',*,*,#1661,.F.);
#1975 = FACE_BOUND('',#1976,.T.);
#1976 = EDGE_LOOP('',(#1977,#1978,#1979,#1980));
#1977 = ORIENTED_EDGE('',*,*,#1831,.T.);
#1978 = ORIENTED_EDGE('',*,*,#1950,.T.);
#1979 = ORIENTED_EDGE('',*,*,#1925,.F.);
#1980 = ORIENTED_EDGE('',*,*,#1878,.F.);
#1981 = ( GEOMETRIC_REPRESENTATION_CONTEXT(3) 
GLOBAL_UNCERTAINTY_ASSIGNED_CONTEXT((#1985)) 
GLOBAL_UNIT_ASSIGNED_CONTEXT((#1982,#1983,#1984)) REPRESENTATION_CONTEXT
('Context #1','3D Context with UNIT and UNCERTAINTY') );
#1982 = ( LENGTH_UNIT() NAMED_UNIT(*) SI_UNIT(.MILLI.,.METRE.) );
#1983 = ( NAMED_UNIT(*) PLANE_ANGLE_UNIT() SI_UNIT($,.RADIAN.) );
#1984 = ( NAMED_UNIT(*) SI_UNIT($,.STERADIAN.) SOLID_ANGLE_UNIT() );
#1985 = UNCERTAINTY_MEASURE_WITH_UNIT(LENGTH_MEASURE(1.E-07),#1982,
  'distance_accuracy_value','confusion accuracy');
#1986 = CONTEXT_DEPENDENT_SHAPE_REPRESENTATION(#1987,#1989);
#1987 = ( REPRESENTATION_RELATIONSHIP('','',#1350,#10) 
REPRESENTATION_RELATIONSHIP_WITH_TRANSFORMATION(#1988) 
SHAPE_REPRESENTATION_RELATIONSHIP() );
#1988 = ITEM_DEFINED_TRANSFORMATION('','',#11,#23);
#1989 = PRODUCT_DEFINITION_SHAPE('Placement','Placement of an item',
  #1990);
#1990 = NEXT_ASSEMBLY_USAGE_OCCURRENCE('1311','ROT_TIE','',#5,#1345,$);
#1991 = PRODUCT_RELATED_PRODUCT_CATEGORY('part',$,(#1347));
#1992 = SHAPE_DEFINITION_REPRESENTATION(#1993,#1999);
#1993 = PRODUCT_DEFINITION_SHAPE('','',#1994);
#1994 = PRODUCT_DEFINITION('design','',#1995,#1998);
#1995 = PRODUCT_DEFINITION_FORMATION('','',#1996);
#1996 = PRODUCT('ROT_PLATE','ROT_PLATE','',(#1997));
#1997 = PRODUCT_CONTEXT('',#2,'mechanical');
#1998 = PRODUCT_DEFINITION_CONTEXT('part definition',#2,'design');
#1999 = ADVANCED_BREP_SHAPE_REPRESENTATION('',(#11,#2000),#2330);
#2000 = MANIFOLD_SOLID_BREP('',#2001);
#2001 = CLOSED_SHELL('',(#2002,#2122,#2198,#2269,#2316,#2323));
#2002 = ADVANCED_FACE('',(#2003),#2017,.F.);
#2003 = FACE_BOUND('',#2004,.F.);
#2004 = EDGE_LOOP('',(#2005,#2040,#2068,#2096));
#2005 = ORIENTED_EDGE('',*,*,#2006,.T.);
#2006 = EDGE_CURVE('',#2007,#2009,#2011,.T.);
#2007 = VERTEX_POINT('',#2008);
#2008 = CARTESIAN_POINT('',(465.,1.3992E+03,831.6));
#2009 = VERTEX_POINT('',#2010);
#2010 = CARTESIAN_POINT('',(465.,1.3992E+03,837.95));
#2011 = SURFACE_CURVE('',#2012,(#2016,#2028),.PCURVE_S1.);
#2012 = LINE('',#2013,#2014);
#2013 = CARTESIAN_POINT('',(465.,1.3992E+03,831.6));
#2014 = VECTOR('',#2015,1.);
#2015 = DIRECTION('',(0.,0.,1.));
#2016 = PCURVE('',#2017,#2022);
#2017 = PLANE('',#2018);
#2018 = AXIS2_PLACEMENT_3D('',#2019,#2020,#2021);
#2019 = CARTESIAN_POINT('',(465.,1.3992E+03,831.6));
#2020 = DIRECTION('',(0.,1.,0.));
#2021 = DIRECTION('',(1.,0.,0.));
#2022 = DEFINITIONAL_REPRESENTATION('',(#2023),#2027);
#2023 = LINE('',#2024,#2025);
#2024 = CARTESIAN_POINT('',(0.,0.));
#2025 = VECTOR('',#2026,1.);
#2026 = DIRECTION('',(0.,-1.));
#2027 = ( GEOMETRIC_REPRESENTATION_CONTEXT(2) 
PARAMETRIC_REPRESENTATION_CONTEXT() REPRESENTATION_CONTEXT('2D SPACE',''
  ) );
#2028 = PCURVE('',#2029,#2034);
#2029 = PLANE('',#2030);
#2030 = AXIS2_PLACEMENT_3D('',#2031,#2032,#2033);
#2031 = CARTESIAN_POINT('',(465.,1.6392E+03,831.6));
#2032 = DIRECTION('',(1.,0.,0.));
#2033 = DIRECTION('',(0.,-1.,0.));
#2034 = DEFINITIONAL_REPRESENTATION('',(#2035),#2039);
#2035 = LINE('',#2036,#2037);
#2036 = CARTESIAN_POINT('',(240.,0.));
#2037 = VECTOR('',#2038,1.);
#2038 = DIRECTION('',(0.,-1.));
#2039 = ( GEOMETRIC_REPRESENTATION_CONTEXT(2) 
PARAMETRIC_REPRESENTATION_CONTEXT() REPRESENTATION_CONTEXT('2D SPACE',''
  ) );
#2040 = ORIENTED_EDGE('',*,*,#2041,.T.);
#2041 = EDGE_CURVE('',#2009,#2042,#2044,.T.);
#2042 = VERTEX_POINT('',#2043);
#2043 = CARTESIAN_POINT('',(685.,1.3992E+03,837.95));
#2044 = SURFACE_CURVE('',#2045,(#2049,#2056),.PCURVE_S1.);
#2045 = LINE('',#2046,#2047);
#2046 = CARTESIAN_POINT('',(465.,1.3992E+03,837.95));
#2047 = VECTOR('',#2048,1.);
#2048 = DIRECTION('',(1.,0.,0.));
#2049 = PCURVE('',#2017,#2050);
#2050 = DEFINITIONAL_REPRESENTATION('',(#2051),#2055);
#2051 = LINE('',#2052,#2053);
#2052 = CARTESIAN_POINT('',(0.,-6.35));
#2053 = VECTOR('',#2054,1.);
#2054 = DIRECTION('',(1.,0.));
#2055 = ( GEOMETRIC_REPRESENTATION_CONTEXT(2) 
PARAMETRIC_REPRESENTATION_CONTEXT() REPRESENTATION_CONTEXT('2D SPACE',''
  ) );
#2056 = PCURVE('',#2057,#2062);
#2057 = PLANE('',#2058);
#2058 = AXIS2_PLACEMENT_3D('',#2059,#2060,#2061);
#2059 = CARTESIAN_POINT('',(575.,1.5192E+03,837.95));
#2060 = DIRECTION('',(0.,0.,1.));
#2061 = DIRECTION('',(1.,0.,0.));
#2062 = DEFINITIONAL_REPRESENTATION('',(#2063),#2067);
#2063 = LINE('',#2064,#2065);
#2064 = CARTESIAN_POINT('',(-110.,-120.));
#2065 = VECTOR('',#2066,1.);
#2066 = DIRECTION('',(1.,0.));
#2067 = ( GEOMETRIC_REPRESENTATION_CONTEXT(2) 
PARAMETRIC_REPRESENTATION_CONTEXT() REPRESENTATION_CONTEXT('2D SPACE',''
  ) );
#2068 = ORIENTED_EDGE('',*,*,#2069,.F.);
#2069 = EDGE_CURVE('',#2070,#2042,#2072,.T.);
#2070 = VERTEX_POINT('',#2071);
#2071 = CARTESIAN_POINT('',(685.,1.3992E+03,831.6));
#2072 = SURFACE_CURVE('',#2073,(#2077,#2084),.PCURVE_S1.);
#2073 = LINE('',#2074,#2075);
#2074 = CARTESIAN_POINT('',(685.,1.3992E+03,831.6));
#2075 = VECTOR('',#2076,1.);
#2076 = DIRECTION('',(0.,0.,1.));
#2077 = PCURVE('',#2017,#2078);
#2078 = DEFINITIONAL_REPRESENTATION('',(#2079),#2083);
#2079 = LINE('',#2080,#2081);
#2080 = CARTESIAN_POINT('',(220.,0.));
#2081 = VECTOR('',#2082,1.);
#2082 = DIRECTION('',(0.,-1.));
#2083 = ( GEOMETRIC_REPRESENTATION_CONTEXT(2) 
PARAMETRIC_REPRESENTATION_CONTEXT() REPRESENTATION_CONTEXT('2D SPACE',''
  ) );
#2084 = PCURVE('',#2085,#2090);
#2085 = PLANE('',#2086);
#2086 = AXIS2_PLACEMENT_3D('',#2087,#2088,#2089);
#2087 = CARTESIAN_POINT('',(685.,1.3992E+03,831.6));
#2088 = DIRECTION('',(-1.,0.,0.));
#2089 = DIRECTION('',(0.,1.,0.));
#2090 = DEFINITIONAL_REPRESENTATION('',(#2091),#2095);
#2091 = LINE('',#2092,#2093);
#2092 = CARTESIAN_POINT('',(0.,0.));
#2093 = VECTOR('',#2094,1.);
#2094 = DIRECTION('',(0.,-1.));
#2095 = ( GEOMETRIC_REPRESENTATION_CONTEXT(2) 
PARAMETRIC_REPRESENTATION_CONTEXT() REPRESENTATION_CONTEXT('2D SPACE',''
  ) );
#2096 = ORIENTED_EDGE('',*,*,#2097,.F.);
#2097 = EDGE_CURVE('',#2007,#2070,#2098,.T.);
#2098 = SURFACE_CURVE('',#2099,(#2103,#2110),.PCURVE_S1.);
#2099 = LINE('',#2100,#2101);
#2100 = CARTESIAN_POINT('',(465.,1.3992E+03,831.6));
#2101 = VECTOR('',#2102,1.);
#2102 = DIRECTION('',(1.,0.,0.));
#2103 = PCURVE('',#2017,#2104);
#2104 = DEFINITIONAL_REPRESENTATION('',(#2105),#2109);
#2105 = LINE('',#2106,#2107);
#2106 = CARTESIAN_POINT('',(0.,0.));
#2107 = VECTOR('',#2108,1.);
#2108 = DIRECTION('',(1.,0.));
#2109 = ( GEOMETRIC_REPRESENTATION_CONTEXT(2) 
PARAMETRIC_REPRESENTATION_CONTEXT() REPRESENTATION_CONTEXT('2D SPACE',''
  ) );
#2110 = PCURVE('',#2111,#2116);
#2111 = PLANE('',#2112);
#2112 = AXIS2_PLACEMENT_3D('',#2113,#2114,#2115);
#2113 = CARTESIAN_POINT('',(575.,1.5192E+03,831.6));
#2114 = DIRECTION('',(0.,0.,1.));
#2115 = DIRECTION('',(1.,0.,0.));
#2116 = DEFINITIONAL_REPRESENTATION('',(#2117),#2121);
#2117 = LINE('',#2118,#2119);
#2118 = CARTESIAN_POINT('',(-110.,-120.));
#2119 = VECTOR('',#2120,1.);
#2120 = DIRECTION('',(1.,0.));
#2121 = ( GEOMETRIC_REPRESENTATION_CONTEXT(2) 
PARAMETRIC_REPRESENTATION_CONTEXT() REPRESENTATION_CONTEXT('2D SPACE',''
  ) );
#2122 = ADVANCED_FACE('',(#2123),#2085,.F.);
#2123 = FACE_BOUND('',#2124,.F.);
#2124 = EDGE_LOOP('',(#2125,#2126,#2149,#2177));
#2125 = ORIENTED_EDGE('',*,*,#2069,.T.);
#2126 = ORIENTED_EDGE('',*,*,#2127,.T.);
#2127 = EDGE_CURVE('',#2042,#2128,#2130,.T.);
#2128 = VERTEX_POINT('',#2129);
#2129 = CARTESIAN_POINT('',(685.,1.6392E+03,837.95));
#2130 = SURFACE_CURVE('',#2131,(#2135,#2142),.PCURVE_S1.);
#2131 = LINE('',#2132,#2133);
#2132 = CARTESIAN_POINT('',(685.,1.3992E+03,837.95));
#2133 = VECTOR('',#2134,1.);
#2134 = DIRECTION('',(0.,1.,0.));
#2135 = PCURVE('',#2085,#2136);
#2136 = DEFINITIONAL_REPRESENTATION('',(#2137),#2141);
#2137 = LINE('',#2138,#2139);
#2138 = CARTESIAN_POINT('',(0.,-6.35));
#2139 = VECTOR('',#2140,1.);
#2140 = DIRECTION('',(1.,0.));
#2141 = ( GEOMETRIC_REPRESENTATION_CONTEXT(2) 
PARAMETRIC_REPRESENTATION_CONTEXT() REPRESENTATION_CONTEXT('2D SPACE',''
  ) );
#2142 = PCURVE('',#2057,#2143);
#2143 = DEFINITIONAL_REPRESENTATION('',(#2144),#2148);
#2144 = LINE('',#2145,#2146);
#2145 = CARTESIAN_POINT('',(110.,-120.));
#2146 = VECTOR('',#2147,1.);
#2147 = DIRECTION('',(0.,1.));
#2148 = ( GEOMETRIC_REPRESENTATION_CONTEXT(2) 
PARAMETRIC_REPRESENTATION_CONTEXT() REPRESENTATION_CONTEXT('2D SPACE',''
  ) );
#2149 = ORIENTED_EDGE('',*,*,#2150,.F.);
#2150 = EDGE_CURVE('',#2151,#2128,#2153,.T.);
#2151 = VERTEX_POINT('',#2152);
#2152 = CARTESIAN_POINT('',(685.,1.6392E+03,831.6));
#2153 = SURFACE_CURVE('',#2154,(#2158,#2165),.PCURVE_S1.);
#2154 = LINE('',#2155,#2156);
#2155 = CARTESIAN_POINT('',(685.,1.6392E+03,831.6));
#2156 = VECTOR('',#2157,1.);
#2157 = DIRECTION('',(0.,0.,1.));
#2158 = PCURVE('',#2085,#2159);
#2159 = DEFINITIONAL_REPRESENTATION('',(#2160),#2164);
#2160 = LINE('',#2161,#2162);
#2161 = CARTESIAN_POINT('',(240.,0.));
#2162 = VECTOR('',#2163,1.);
#2163 = DIRECTION('',(0.,-1.));
#2164 = ( GEOMETRIC_REPRESENTATION_CONTEXT(2) 
PARAMETRIC_REPRESENTATION_CONTEXT() REPRESENTATION_CONTEXT('2D SPACE',''
  ) );
#2165 = PCURVE('',#2166,#2171);
#2166 = PLANE('',#2167);
#2167 = AXIS2_PLACEMENT_3D('',#2168,#2169,#2170);
#2168 = CARTESIAN_POINT('',(685.,1.6392E+03,831.6));
#2169 = DIRECTION('',(0.,-1.,0.));
#2170 = DIRECTION('',(-1.,0.,0.));
#2171 = DEFINITIONAL_REPRESENTATION('',(#2172),#2176);
#2172 = LINE('',#2173,#2174);
#2173 = CARTESIAN_POINT('',(0.,-0.));
#2174 = VECTOR('',#2175,1.);
#2175 = DIRECTION('',(0.,-1.));
#2176 = ( GEOMETRIC_REPRESENTATION_CONTEXT(2) 
PARAMETRIC_REPRESENTATION_CONTEXT() REPRESENTATION_CONTEXT('2D SPACE',''
  ) );
#2177 = ORIENTED_EDGE('',*,*,#2178,.F.);
#2178 = EDGE_CURVE('',#2070,#2151,#2179,.T.);
#2179 = SURFACE_CURVE('',#2180,(#2184,#2191),.PCURVE_S1.);
#2180 = LINE('',#2181,#2182);
#2181 = CARTESIAN_POINT('',(685.,1.3992E+03,831.6));
#2182 = VECTOR('',#2183,1.);
#2183 = DIRECTION('',(0.,1.,0.));
#2184 = PCURVE('',#2085,#2185);
#2185 = DEFINITIONAL_REPRESENTATION('',(#2186),#2190);
#2186 = LINE('',#2187,#2188);
#2187 = CARTESIAN_POINT('',(0.,0.));
#2188 = VECTOR('',#2189,1.);
#2189 = DIRECTION('',(1.,0.));
#2190 = ( GEOMETRIC_REPRESENTATION_CONTEXT(2) 
PARAMETRIC_REPRESENTATION_CONTEXT() REPRESENTATION_CONTEXT('2D SPACE',''
  ) );
#2191 = PCURVE('',#2111,#2192);
#2192 = DEFINITIONAL_REPRESENTATION('',(#2193),#2197);
#2193 = LINE('',#2194,#2195);
#2194 = CARTESIAN_POINT('',(110.,-120.));
#2195 = VECTOR('',#2196,1.);
#2196 = DIRECTION('',(0.,1.));
#2197 = ( GEOMETRIC_REPRESENTATION_CONTEXT(2) 
PARAMETRIC_REPRESENTATION_CONTEXT() REPRESENTATION_CONTEXT('2D SPACE',''
  ) );
#2198 = ADVANCED_FACE('',(#2199),#2166,.F.);
#2199 = FACE_BOUND('',#2200,.F.);
#2200 = EDGE_LOOP('',(#2201,#2202,#2225,#2248));
#2201 = ORIENTED_EDGE('',*,*,#2150,.T.);
#2202 = ORIENTED_EDGE('',*,*,#2203,.T.);
#2203 = EDGE_CURVE('',#2128,#2204,#2206,.T.);
#2204 = VERTEX_POINT('',#2205);
#2205 = CARTESIAN_POINT('',(465.,1.6392E+03,837.95));
#2206 = SURFACE_CURVE('',#2207,(#2211,#2218),.PCURVE_S1.);
#2207 = LINE('',#2208,#2209);
#2208 = CARTESIAN_POINT('',(685.,1.6392E+03,837.95));
#2209 = VECTOR('',#2210,1.);
#2210 = DIRECTION('',(-1.,0.,0.));
#2211 = PCURVE('',#2166,#2212);
#2212 = DEFINITIONAL_REPRESENTATION('',(#2213),#2217);
#2213 = LINE('',#2214,#2215);
#2214 = CARTESIAN_POINT('',(0.,-6.35));
#2215 = VECTOR('',#2216,1.);
#2216 = DIRECTION('',(1.,0.));
#2217 = ( GEOMETRIC_REPRESENTATION_CONTEXT(2) 
PARAMETRIC_REPRESENTATION_CONTEXT() REPRESENTATION_CONTEXT('2D SPACE',''
  ) );
#2218 = PCURVE('',#2057,#2219);
#2219 = DEFINITIONAL_REPRESENTATION('',(#2220),#2224);
#2220 = LINE('',#2221,#2222);
#2221 = CARTESIAN_POINT('',(110.,120.));
#2222 = VECTOR('',#2223,1.);
#2223 = DIRECTION('',(-1.,0.));
#2224 = ( GEOMETRIC_REPRESENTATION_CONTEXT(2) 
PARAMETRIC_REPRESENTATION_CONTEXT() REPRESENTATION_CONTEXT('2D SPACE',''
  ) );
#2225 = ORIENTED_EDGE('',*,*,#2226,.F.);
#2226 = EDGE_CURVE('',#2227,#2204,#2229,.T.);
#2227 = VERTEX_POINT('',#2228);
#2228 = CARTESIAN_POINT('',(465.,1.6392E+03,831.6));
#2229 = SURFACE_CURVE('',#2230,(#2234,#2241),.PCURVE_S1.);
#2230 = LINE('',#2231,#2232);
#2231 = CARTESIAN_POINT('',(465.,1.6392E+03,831.6));
#2232 = VECTOR('',#2233,1.);
#2233 = DIRECTION('',(0.,0.,1.));
#2234 = PCURVE('',#2166,#2235);
#2235 = DEFINITIONAL_REPRESENTATION('',(#2236),#2240);
#2236 = LINE('',#2237,#2238);
#2237 = CARTESIAN_POINT('',(220.,0.));
#2238 = VECTOR('',#2239,1.);
#2239 = DIRECTION('',(0.,-1.));
#2240 = ( GEOMETRIC_REPRESENTATION_CONTEXT(2) 
PARAMETRIC_REPRESENTATION_CONTEXT() REPRESENTATION_CONTEXT('2D SPACE',''
  ) );
#2241 = PCURVE('',#2029,#2242);
#2242 = DEFINITIONAL_REPRESENTATION('',(#2243),#2247);
#2243 = LINE('',#2244,#2245);
#2244 = CARTESIAN_POINT('',(0.,0.));
#2245 = VECTOR('',#2246,1.);
#2246 = DIRECTION('',(0.,-1.));
#2247 = ( GEOMETRIC_REPRESENTATION_CONTEXT(2) 
PARAMETRIC_REPRESENTATION_CONTEXT() REPRESENTATION_CONTEXT('2D SPACE',''
  ) );
#2248 = ORIENTED_EDGE('',*,*,#2249,.F.);
#2249 = EDGE_CURVE('',#2151,#2227,#2250,.T.);
#2250 = SURFACE_CURVE('',#2251,(#2255,#2262),.PCURVE_S1.);
#2251 = LINE('',#2252,#2253);
#2252 = CARTESIAN_POINT('',(685.,1.6392E+03,831.6));
#2253 = VECTOR('',#2254,1.);
#2254 = DIRECTION('',(-1.,0.,0.));
#2255 = PCURVE('',#2166,#2256);
#2256 = DEFINITIONAL_REPRESENTATION('',(#2257),#2261);
#2257 = LINE('',#2258,#2259);
#2258 = CARTESIAN_POINT('',(0.,-0.));
#2259 = VECTOR('',#2260,1.);
#2260 = DIRECTION('',(1.,0.));
#2261 = ( GEOMETRIC_REPRESENTATION_CONTEXT(2) 
PARAMETRIC_REPRESENTATION_CONTEXT() REPRESENTATION_CONTEXT('2D SPACE',''
  ) );
#2262 = PCURVE('',#2111,#2263);
#2263 = DEFINITIONAL_REPRESENTATION('',(#2264),#2268);
#2264 = LINE('',#2265,#2266);
#2265 = CARTESIAN_POINT('',(110.,120.));
#2266 = VECTOR('',#2267,1.);
#2267 = DIRECTION('',(-1.,0.));
#2268 = ( GEOMETRIC_REPRESENTATION_CONTEXT(2) 
PARAMETRIC_REPRESENTATION_CONTEXT() REPRESENTATION_CONTEXT('2D SPACE',''
  ) );
#2269 = ADVANCED_FACE('',(#2270),#2029,.F.);
#2270 = FACE_BOUND('',#2271,.F.);
#2271 = EDGE_LOOP('',(#2272,#2273,#2294,#2295));
#2272 = ORIENTED_EDGE('',*,*,#2226,.T.);
#2273 = ORIENTED_EDGE('',*,*,#2274,.T.);
#2274 = EDGE_CURVE('',#2204,#2009,#2275,.T.);
#2275 = SURFACE_CURVE('',#2276,(#2280,#2287),.PCURVE_S1.);
#2276 = LINE('',#2277,#2278);
#2277 = CARTESIAN_POINT('',(465.,1.6392E+03,837.95));
#2278 = VECTOR('',#2279,1.);
#2279 = DIRECTION('',(0.,-1.,0.));
#2280 = PCURVE('',#2029,#2281);
#2281 = DEFINITIONAL_REPRESENTATION('',(#2282),#2286);
#2282 = LINE('',#2283,#2284);
#2283 = CARTESIAN_POINT('',(0.,-6.35));
#2284 = VECTOR('',#2285,1.);
#2285 = DIRECTION('',(1.,0.));
#2286 = ( GEOMETRIC_REPRESENTATION_CONTEXT(2) 
PARAMETRIC_REPRESENTATION_CONTEXT() REPRESENTATION_CONTEXT('2D SPACE',''
  ) );
#2287 = PCURVE('',#2057,#2288);
#2288 = DEFINITIONAL_REPRESENTATION('',(#2289),#2293);
#2289 = LINE('',#2290,#2291);
#2290 = CARTESIAN_POINT('',(-110.,120.));
#2291 = VECTOR('',#2292,1.);
#2292 = DIRECTION('',(0.,-1.));
#2293 = ( GEOMETRIC_REPRESENTATION_CONTEXT(2) 
PARAMETRIC_REPRESENTATION_CONTEXT() REPRESENTATION_CONTEXT('2D SPACE',''
  ) );
#2294 = ORIENTED_EDGE('',*,*,#2006,.F.);
#2295 = ORIENTED_EDGE('',*,*,#2296,.F.);
#2296 = EDGE_CURVE('',#2227,#2007,#2297,.T.);
#2297 = SURFACE_CURVE('',#2298,(#2302,#2309),.PCURVE_S1.);
#2298 = LINE('',#2299,#2300);
#2299 = CARTESIAN_POINT('',(465.,1.6392E+03,831.6));
#2300 = VECTOR('',#2301,1.);
#2301 = DIRECTION('',(0.,-1.,0.));
#2302 = PCURVE('',#2029,#2303);
#2303 = DEFINITIONAL_REPRESENTATION('',(#2304),#2308);
#2304 = LINE('',#2305,#2306);
#2305 = CARTESIAN_POINT('',(0.,0.));
#2306 = VECTOR('',#2307,1.);
#2307 = DIRECTION('',(1.,0.));
#2308 = ( GEOMETRIC_REPRESENTATION_CONTEXT(2) 
PARAMETRIC_REPRESENTATION_CONTEXT() REPRESENTATION_CONTEXT('2D SPACE',''
  ) );
#2309 = PCURVE('',#2111,#2310);
#2310 = DEFINITIONAL_REPRESENTATION('',(#2311),#2315);
#2311 = LINE('',#2312,#2313);
#2312 = CARTESIAN_POINT('',(-110.,120.));
#2313 = VECTOR('',#2314,1.);
#2314 = DIRECTION('',(0.,-1.));
#2315 = ( GEOMETRIC_REPRESENTATION_CONTEXT(2) 
PARAMETRIC_REPRESENTATION_CONTEXT() REPRESENTATION_CONTEXT('2D SPACE',''
  ) );
#2316 = ADVANCED_FACE('',(#2317),#2111,.F.);
#2317 = FACE_BOUND('',#2318,.F.);
#2318 = EDGE_LOOP('',(#2319,#2320,#2321,#2322));
#2319 = ORIENTED_EDGE('',*,*,#2097,.T.);
#2320 = ORIENTED_EDGE('',*,*,#2178,.T.);
#2321 = ORIENTED_EDGE('',*,*,#2249,.T.);
#2322 = ORIENTED_EDGE('',*,*,#2296,.T.);
#2323 = ADVANCED_FACE('',(#2324),#2057,.T.);
#2324 = FACE_BOUND('',#2325,.T.);
#2325 = EDGE_LOOP('',(#2326,#2327,#2328,#2329));
#2326 = ORIENTED_EDGE('',*,*,#2041,.T.);
#2327 = ORIENTED_EDGE('',*,*,#2127,.T.);
#2328 = ORIENTED_EDGE('',*,*,#2203,.T.);
#2329 = ORIENTED_EDGE('',*,*,#2274,.T.);
#2330 = ( GEOMETRIC_REPRESENTATION_CONTEXT(3) 
GLOBAL_UNCERTAINTY_ASSIGNED_CONTEXT((#2334)) 
GLOBAL_UNIT_ASSIGNED_CONTEXT((#2331,#2332,#2333)) REPRESENTATION_CONTEXT
('Context #1','3D Context with UNIT and UNCERTAINTY') );
#2331 = ( LENGTH_UNIT() NAMED_UNIT(*) SI_UNIT(.MILLI.,.METRE.) );
#2332 = ( NAMED_UNIT(*) PLANE_ANGLE_UNIT() SI_UNIT($,.RADIAN.) );
#2333 = ( NAMED_UNIT(*) SI_UNIT($,.STERADIAN.) SOLID_ANGLE_UNIT() );
#2334 = UNCERTAINTY_MEASURE_WITH_UNIT(LENGTH_MEASURE(1.E-07),#2331,
  'distance_accuracy_value','confusion accuracy');
#2335 = CONTEXT_DEPENDENT_SHAPE_REPRESENTATION(#2336,#2338);
#2336 = ( REPRESENTATION_RELATIONSHIP('','',#1999,#10) 
REPRESENTATION_RELATIONSHIP_WITH_TRANSFORMATION(#2337) 
SHAPE_REPRESENTATION_RELATIONSHIP() );
#2337 = ITEM_DEFINED_TRANSFORMATION('','',#11,#27);
#2338 = PRODUCT_DEFINITION_SHAPE('Placement','Placement of an item',
  #2339);
#2339 = NEXT_ASSEMBLY_USAGE_OCCURRENCE('1312','ROT_PLATE','',#5,#1994,$
  );
#2340 = PRODUCT_RELATED_PRODUCT_CATEGORY('part',$,(#1996));
#2341 = SHAPE_DEFINITION_REPRESENTATION(#2342,#2348);
#2342 = PRODUCT_DEFINITION_SHAPE('','',#2343);
#2343 = PRODUCT_DEFINITION('design','',#2344,#2347);
#2344 = PRODUCT_DEFINITION_FORMATION('','',#2345);
#2345 = PRODUCT('ROT_UNIT_ALLOCATION','ROT_UNIT_ALLOCATION','',(#2346));
#2346 = PRODUCT_CONTEXT('',#2,'mechanical');
#2347 = PRODUCT_DEFINITION_CONTEXT('part definition',#2,'design');
#2348 = ADVANCED_BREP_SHAPE_REPRESENTATION('',(#11,#2349),#2679);
#2349 = MANIFOLD_SOLID_BREP('',#2350);
#2350 = CLOSED_SHELL('',(#2351,#2471,#2571,#2618,#2665,#2672));
#2351 = ADVANCED_FACE('',(#2352),#2366,.F.);
#2352 = FACE_BOUND('',#2353,.F.);
#2353 = EDGE_LOOP('',(#2354,#2389,#2417,#2445));
#2354 = ORIENTED_EDGE('',*,*,#2355,.F.);
#2355 = EDGE_CURVE('',#2356,#2358,#2360,.T.);
#2356 = VERTEX_POINT('',#2357);
#2357 = CARTESIAN_POINT('',(470.,1.445E+03,837.95));
#2358 = VERTEX_POINT('',#2359);
#2359 = CARTESIAN_POINT('',(470.,1.445E+03,1.01295E+03));
#2360 = SURFACE_CURVE('',#2361,(#2365,#2377),.PCURVE_S1.);
#2361 = LINE('',#2362,#2363);
#2362 = CARTESIAN_POINT('',(470.,1.445E+03,837.95));
#2363 = VECTOR('',#2364,1.);
#2364 = DIRECTION('',(0.,0.,1.));
#2365 = PCURVE('',#2366,#2371);
#2366 = PLANE('',#2367);
#2367 = AXIS2_PLACEMENT_3D('',#2368,#2369,#2370);
#2368 = CARTESIAN_POINT('',(470.,1.445E+03,837.95));
#2369 = DIRECTION('',(1.,0.,0.));
#2370 = DIRECTION('',(0.,0.,1.));
#2371 = DEFINITIONAL_REPRESENTATION('',(#2372),#2376);
#2372 = LINE('',#2373,#2374);
#2373 = CARTESIAN_POINT('',(0.,0.));
#2374 = VECTOR('',#2375,1.);
#2375 = DIRECTION('',(1.,0.));
#2376 = ( GEOMETRIC_REPRESENTATION_CONTEXT(2) 
PARAMETRIC_REPRESENTATION_CONTEXT() REPRESENTATION_CONTEXT('2D SPACE',''
  ) );
#2377 = PCURVE('',#2378,#2383);
#2378 = PLANE('',#2379);
#2379 = AXIS2_PLACEMENT_3D('',#2380,#2381,#2382);
#2380 = CARTESIAN_POINT('',(470.,1.445E+03,837.95));
#2381 = DIRECTION('',(0.,1.,0.));
#2382 = DIRECTION('',(0.,0.,1.));
#2383 = DEFINITIONAL_REPRESENTATION('',(#2384),#2388);
#2384 = LINE('',#2385,#2386);
#2385 = CARTESIAN_POINT('',(0.,0.));
#2386 = VECTOR('',#2387,1.);
#2387 = DIRECTION('',(1.,0.));
#2388 = ( GEOMETRIC_REPRESENTATION_CONTEXT(2) 
PARAMETRIC_REPRESENTATION_CONTEXT() REPRESENTATION_CONTEXT('2D SPACE',''
  ) );
#2389 = ORIENTED_EDGE('',*,*,#2390,.T.);
#2390 = EDGE_CURVE('',#2356,#2391,#2393,.T.);
#2391 = VERTEX_POINT('',#2392);
#2392 = CARTESIAN_POINT('',(470.,1.645E+03,837.95));
#2393 = SURFACE_CURVE('',#2394,(#2398,#2405),.PCURVE_S1.);
#2394 = LINE('',#2395,#2396);
#2395 = CARTESIAN_POINT('',(470.,1.445E+03,837.95));
#2396 = VECTOR('',#2397,1.);
#2397 = DIRECTION('',(0.,1.,0.));
#2398 = PCURVE('',#2366,#2399);
#2399 = DEFINITIONAL_REPRESENTATION('',(#2400),#2404);
#2400 = LINE('',#2401,#2402);
#2401 = CARTESIAN_POINT('',(0.,0.));
#2402 = VECTOR('',#2403,1.);
#2403 = DIRECTION('',(0.,-1.));
#2404 = ( GEOMETRIC_REPRESENTATION_CONTEXT(2) 
PARAMETRIC_REPRESENTATION_CONTEXT() REPRESENTATION_CONTEXT('2D SPACE',''
  ) );
#2405 = PCURVE('',#2406,#2411);
#2406 = PLANE('',#2407);
#2407 = AXIS2_PLACEMENT_3D('',#2408,#2409,#2410);
#2408 = CARTESIAN_POINT('',(470.,1.445E+03,837.95));
#2409 = DIRECTION('',(0.,0.,1.));
#2410 = DIRECTION('',(1.,0.,0.));
#2411 = DEFINITIONAL_REPRESENTATION('',(#2412),#2416);
#2412 = LINE('',#2413,#2414);
#2413 = CARTESIAN_POINT('',(0.,0.));
#2414 = VECTOR('',#2415,1.);
#2415 = DIRECTION('',(0.,1.));
#2416 = ( GEOMETRIC_REPRESENTATION_CONTEXT(2) 
PARAMETRIC_REPRESENTATION_CONTEXT() REPRESENTATION_CONTEXT('2D SPACE',''
  ) );
#2417 = ORIENTED_EDGE('',*,*,#2418,.T.);
#2418 = EDGE_CURVE('',#2391,#2419,#2421,.T.);
#2419 = VERTEX_POINT('',#2420);
#2420 = CARTESIAN_POINT('',(470.,1.645E+03,1.01295E+03));
#2421 = SURFACE_CURVE('',#2422,(#2426,#2433),.PCURVE_S1.);
#2422 = LINE('',#2423,#2424);
#2423 = CARTESIAN_POINT('',(470.,1.645E+03,837.95));
#2424 = VECTOR('',#2425,1.);
#2425 = DIRECTION('',(0.,0.,1.));
#2426 = PCURVE('',#2366,#2427);
#2427 = DEFINITIONAL_REPRESENTATION('',(#2428),#2432);
#2428 = LINE('',#2429,#2430);
#2429 = CARTESIAN_POINT('',(0.,-200.));
#2430 = VECTOR('',#2431,1.);
#2431 = DIRECTION('',(1.,0.));
#2432 = ( GEOMETRIC_REPRESENTATION_CONTEXT(2) 
PARAMETRIC_REPRESENTATION_CONTEXT() REPRESENTATION_CONTEXT('2D SPACE',''
  ) );
#2433 = PCURVE('',#2434,#2439);
#2434 = PLANE('',#2435);
#2435 = AXIS2_PLACEMENT_3D('',#2436,#2437,#2438);
#2436 = CARTESIAN_POINT('',(470.,1.645E+03,837.95));
#2437 = DIRECTION('',(0.,1.,0.));
#2438 = DIRECTION('',(0.,0.,1.));
#2439 = DEFINITIONAL_REPRESENTATION('',(#2440),#2444);
#2440 = LINE('',#2441,#2442);
#2441 = CARTESIAN_POINT('',(0.,0.));
#2442 = VECTOR('',#2443,1.);
#2443 = DIRECTION('',(1.,0.));
#2444 = ( GEOMETRIC_REPRESENTATION_CONTEXT(2) 
PARAMETRIC_REPRESENTATION_CONTEXT() REPRESENTATION_CONTEXT('2D SPACE',''
  ) );
#2445 = ORIENTED_EDGE('',*,*,#2446,.F.);
#2446 = EDGE_CURVE('',#2358,#2419,#2447,.T.);
#2447 = SURFACE_CURVE('',#2448,(#2452,#2459),.PCURVE_S1.);
#2448 = LINE('',#2449,#2450);
#2449 = CARTESIAN_POINT('',(470.,1.445E+03,1.01295E+03));
#2450 = VECTOR('',#2451,1.);
#2451 = DIRECTION('',(0.,1.,0.));
#2452 = PCURVE('',#2366,#2453);
#2453 = DEFINITIONAL_REPRESENTATION('',(#2454),#2458);
#2454 = LINE('',#2455,#2456);
#2455 = CARTESIAN_POINT('',(175.,0.));
#2456 = VECTOR('',#2457,1.);
#2457 = DIRECTION('',(0.,-1.));
#2458 = ( GEOMETRIC_REPRESENTATION_CONTEXT(2) 
PARAMETRIC_REPRESENTATION_CONTEXT() REPRESENTATION_CONTEXT('2D SPACE',''
  ) );
#2459 = PCURVE('',#2460,#2465);
#2460 = PLANE('',#2461);
#2461 = AXIS2_PLACEMENT_3D('',#2462,#2463,#2464);
#2462 = CARTESIAN_POINT('',(470.,1.445E+03,1.01295E+03));
#2463 = DIRECTION('',(0.,0.,1.));
#2464 = DIRECTION('',(1.,0.,0.));
#2465 = DEFINITIONAL_REPRESENTATION('',(#2466),#2470);
#2466 = LINE('',#2467,#2468);
#2467 = CARTESIAN_POINT('',(0.,0.));
#2468 = VECTOR('',#2469,1.);
#2469 = DIRECTION('',(0.,1.));
#2470 = ( GEOMETRIC_REPRESENTATION_CONTEXT(2) 
PARAMETRIC_REPRESENTATION_CONTEXT() REPRESENTATION_CONTEXT('2D SPACE',''
  ) );
#2471 = ADVANCED_FACE('',(#2472),#2486,.T.);
#2472 = FACE_BOUND('',#2473,.T.);
#2473 = EDGE_LOOP('',(#2474,#2504,#2527,#2550));
#2474 = ORIENTED_EDGE('',*,*,#2475,.F.);
#2475 = EDGE_CURVE('',#2476,#2478,#2480,.T.);
#2476 = VERTEX_POINT('',#2477);
#2477 = CARTESIAN_POINT('',(680.,1.445E+03,837.95));
#2478 = VERTEX_POINT('',#2479);
#2479 = CARTESIAN_POINT('',(680.,1.445E+03,1.01295E+03));
#2480 = SURFACE_CURVE('',#2481,(#2485,#2497),.PCURVE_S1.);
#2481 = LINE('',#2482,#2483);
#2482 = CARTESIAN_POINT('',(680.,1.445E+03,837.95));
#2483 = VECTOR('',#2484,1.);
#2484 = DIRECTION('',(0.,0.,1.));
#2485 = PCURVE('',#2486,#2491);
#2486 = PLANE('',#2487);
#2487 = AXIS2_PLACEMENT_3D('',#2488,#2489,#2490);
#2488 = CARTESIAN_POINT('',(680.,1.445E+03,837.95));
#2489 = DIRECTION('',(1.,0.,0.));
#2490 = DIRECTION('',(0.,0.,1.));
#2491 = DEFINITIONAL_REPRESENTATION('',(#2492),#2496);
#2492 = LINE('',#2493,#2494);
#2493 = CARTESIAN_POINT('',(0.,0.));
#2494 = VECTOR('',#2495,1.);
#2495 = DIRECTION('',(1.,0.));
#2496 = ( GEOMETRIC_REPRESENTATION_CONTEXT(2) 
PARAMETRIC_REPRESENTATION_CONTEXT() REPRESENTATION_CONTEXT('2D SPACE',''
  ) );
#2497 = PCURVE('',#2378,#2498);
#2498 = DEFINITIONAL_REPRESENTATION('',(#2499),#2503);
#2499 = LINE('',#2500,#2501);
#2500 = CARTESIAN_POINT('',(0.,210.));
#2501 = VECTOR('',#2502,1.);
#2502 = DIRECTION('',(1.,0.));
#2503 = ( GEOMETRIC_REPRESENTATION_CONTEXT(2) 
PARAMETRIC_REPRESENTATION_CONTEXT() REPRESENTATION_CONTEXT('2D SPACE',''
  ) );
#2504 = ORIENTED_EDGE('',*,*,#2505,.T.);
#2505 = EDGE_CURVE('',#2476,#2506,#2508,.T.);
#2506 = VERTEX_POINT('',#2507);
#2507 = CARTESIAN_POINT('',(680.,1.645E+03,837.95));
#2508 = SURFACE_CURVE('',#2509,(#2513,#2520),.PCURVE_S1.);
#2509 = LINE('',#2510,#2511);
#2510 = CARTESIAN_POINT('',(680.,1.445E+03,837.95));
#2511 = VECTOR('',#2512,1.);
#2512 = DIRECTION('',(0.,1.,0.));
#2513 = PCURVE('',#2486,#2514);
#2514 = DEFINITIONAL_REPRESENTATION('',(#2515),#2519);
#2515 = LINE('',#2516,#2517);
#2516 = CARTESIAN_POINT('',(0.,0.));
#2517 = VECTOR('',#2518,1.);
#2518 = DIRECTION('',(0.,-1.));
#2519 = ( GEOMETRIC_REPRESENTATION_CONTEXT(2) 
PARAMETRIC_REPRESENTATION_CONTEXT() REPRESENTATION_CONTEXT('2D SPACE',''
  ) );
#2520 = PCURVE('',#2406,#2521);
#2521 = DEFINITIONAL_REPRESENTATION('',(#2522),#2526);
#2522 = LINE('',#2523,#2524);
#2523 = CARTESIAN_POINT('',(210.,0.));
#2524 = VECTOR('',#2525,1.);
#2525 = DIRECTION('',(0.,1.));
#2526 = ( GEOMETRIC_REPRESENTATION_CONTEXT(2) 
PARAMETRIC_REPRESENTATION_CONTEXT() REPRESENTATION_CONTEXT('2D SPACE',''
  ) );
#2527 = ORIENTED_EDGE('',*,*,#2528,.T.);
#2528 = EDGE_CURVE('',#2506,#2529,#2531,.T.);
#2529 = VERTEX_POINT('',#2530);
#2530 = CARTESIAN_POINT('',(680.,1.645E+03,1.01295E+03));
#2531 = SURFACE_CURVE('',#2532,(#2536,#2543),.PCURVE_S1.);
#2532 = LINE('',#2533,#2534);
#2533 = CARTESIAN_POINT('',(680.,1.645E+03,837.95));
#2534 = VECTOR('',#2535,1.);
#2535 = DIRECTION('',(0.,0.,1.));
#2536 = PCURVE('',#2486,#2537);
#2537 = DEFINITIONAL_REPRESENTATION('',(#2538),#2542);
#2538 = LINE('',#2539,#2540);
#2539 = CARTESIAN_POINT('',(0.,-200.));
#2540 = VECTOR('',#2541,1.);
#2541 = DIRECTION('',(1.,0.));
#2542 = ( GEOMETRIC_REPRESENTATION_CONTEXT(2) 
PARAMETRIC_REPRESENTATION_CONTEXT() REPRESENTATION_CONTEXT('2D SPACE',''
  ) );
#2543 = PCURVE('',#2434,#2544);
#2544 = DEFINITIONAL_REPRESENTATION('',(#2545),#2549);
#2545 = LINE('',#2546,#2547);
#2546 = CARTESIAN_POINT('',(0.,210.));
#2547 = VECTOR('',#2548,1.);
#2548 = DIRECTION('',(1.,0.));
#2549 = ( GEOMETRIC_REPRESENTATION_CONTEXT(2) 
PARAMETRIC_REPRESENTATION_CONTEXT() REPRESENTATION_CONTEXT('2D SPACE',''
  ) );
#2550 = ORIENTED_EDGE('',*,*,#2551,.F.);
#2551 = EDGE_CURVE('',#2478,#2529,#2552,.T.);
#2552 = SURFACE_CURVE('',#2553,(#2557,#2564),.PCURVE_S1.);
#2553 = LINE('',#2554,#2555);
#2554 = CARTESIAN_POINT('',(680.,1.445E+03,1.01295E+03));
#2555 = VECTOR('',#2556,1.);
#2556 = DIRECTION('',(0.,1.,0.));
#2557 = PCURVE('',#2486,#2558);
#2558 = DEFINITIONAL_REPRESENTATION('',(#2559),#2563);
#2559 = LINE('',#2560,#2561);
#2560 = CARTESIAN_POINT('',(175.,0.));
#2561 = VECTOR('',#2562,1.);
#2562 = DIRECTION('',(0.,-1.));
#2563 = ( GEOMETRIC_REPRESENTATION_CONTEXT(2) 
PARAMETRIC_REPRESENTATION_CONTEXT() REPRESENTATION_CONTEXT('2D SPACE',''
  ) );
#2564 = PCURVE('',#2460,#2565);
#2565 = DEFINITIONAL_REPRESENTATION('',(#2566),#2570);
#2566 = LINE('',#2567,#2568);
#2567 = CARTESIAN_POINT('',(210.,0.));
#2568 = VECTOR('',#2569,1.);
#2569 = DIRECTION('',(0.,1.));
#2570 = ( GEOMETRIC_REPRESENTATION_CONTEXT(2) 
PARAMETRIC_REPRESENTATION_CONTEXT() REPRESENTATION_CONTEXT('2D SPACE',''
  ) );
#2571 = ADVANCED_FACE('',(#2572),#2378,.F.);
#2572 = FACE_BOUND('',#2573,.F.);
#2573 = EDGE_LOOP('',(#2574,#2595,#2596,#2617));
#2574 = ORIENTED_EDGE('',*,*,#2575,.F.);
#2575 = EDGE_CURVE('',#2356,#2476,#2576,.T.);
#2576 = SURFACE_CURVE('',#2577,(#2581,#2588),.PCURVE_S1.);
#2577 = LINE('',#2578,#2579);
#2578 = CARTESIAN_POINT('',(470.,1.445E+03,837.95));
#2579 = VECTOR('',#2580,1.);
#2580 = DIRECTION('',(1.,0.,0.));
#2581 = PCURVE('',#2378,#2582);
#2582 = DEFINITIONAL_REPRESENTATION('',(#2583),#2587);
#2583 = LINE('',#2584,#2585);
#2584 = CARTESIAN_POINT('',(0.,0.));
#2585 = VECTOR('',#2586,1.);
#2586 = DIRECTION('',(0.,1.));
#2587 = ( GEOMETRIC_REPRESENTATION_CONTEXT(2) 
PARAMETRIC_REPRESENTATION_CONTEXT() REPRESENTATION_CONTEXT('2D SPACE',''
  ) );
#2588 = PCURVE('',#2406,#2589);
#2589 = DEFINITIONAL_REPRESENTATION('',(#2590),#2594);
#2590 = LINE('',#2591,#2592);
#2591 = CARTESIAN_POINT('',(0.,0.));
#2592 = VECTOR('',#2593,1.);
#2593 = DIRECTION('',(1.,0.));
#2594 = ( GEOMETRIC_REPRESENTATION_CONTEXT(2) 
PARAMETRIC_REPRESENTATION_CONTEXT() REPRESENTATION_CONTEXT('2D SPACE',''
  ) );
#2595 = ORIENTED_EDGE('',*,*,#2355,.T.);
#2596 = ORIENTED_EDGE('',*,*,#2597,.T.);
#2597 = EDGE_CURVE('',#2358,#2478,#2598,.T.);
#2598 = SURFACE_CURVE('',#2599,(#2603,#2610),.PCURVE_S1.);
#2599 = LINE('',#2600,#2601);
#2600 = CARTESIAN_POINT('',(470.,1.445E+03,1.01295E+03));
#2601 = VECTOR('',#2602,1.);
#2602 = DIRECTION('',(1.,0.,0.));
#2603 = PCURVE('',#2378,#2604);
#2604 = DEFINITIONAL_REPRESENTATION('',(#2605),#2609);
#2605 = LINE('',#2606,#2607);
#2606 = CARTESIAN_POINT('',(175.,0.));
#2607 = VECTOR('',#2608,1.);
#2608 = DIRECTION('',(0.,1.));
#2609 = ( GEOMETRIC_REPRESENTATION_CONTEXT(2) 
PARAMETRIC_REPRESENTATION_CONTEXT() REPRESENTATION_CONTEXT('2D SPACE',''
  ) );
#2610 = PCURVE('',#2460,#2611);
#2611 = DEFINITIONAL_REPRESENTATION('',(#2612),#2616);
#2612 = LINE('',#2613,#2614);
#2613 = CARTESIAN_POINT('',(0.,0.));
#2614 = VECTOR('',#2615,1.);
#2615 = DIRECTION('',(1.,0.));
#2616 = ( GEOMETRIC_REPRESENTATION_CONTEXT(2) 
PARAMETRIC_REPRESENTATION_CONTEXT() REPRESENTATION_CONTEXT('2D SPACE',''
  ) );
#2617 = ORIENTED_EDGE('',*,*,#2475,.F.);
#2618 = ADVANCED_FACE('',(#2619),#2434,.T.);
#2619 = FACE_BOUND('',#2620,.T.);
#2620 = EDGE_LOOP('',(#2621,#2642,#2643,#2664));
#2621 = ORIENTED_EDGE('',*,*,#2622,.F.);
#2622 = EDGE_CURVE('',#2391,#2506,#2623,.T.);
#2623 = SURFACE_CURVE('',#2624,(#2628,#2635),.PCURVE_S1.);
#2624 = LINE('',#2625,#2626);
#2625 = CARTESIAN_POINT('',(470.,1.645E+03,837.95));
#2626 = VECTOR('',#2627,1.);
#2627 = DIRECTION('',(1.,0.,0.));
#2628 = PCURVE('',#2434,#2629);
#2629 = DEFINITIONAL_REPRESENTATION('',(#2630),#2634);
#2630 = LINE('',#2631,#2632);
#2631 = CARTESIAN_POINT('',(0.,0.));
#2632 = VECTOR('',#2633,1.);
#2633 = DIRECTION('',(0.,1.));
#2634 = ( GEOMETRIC_REPRESENTATION_CONTEXT(2) 
PARAMETRIC_REPRESENTATION_CONTEXT() REPRESENTATION_CONTEXT('2D SPACE',''
  ) );
#2635 = PCURVE('',#2406,#2636);
#2636 = DEFINITIONAL_REPRESENTATION('',(#2637),#2641);
#2637 = LINE('',#2638,#2639);
#2638 = CARTESIAN_POINT('',(0.,200.));
#2639 = VECTOR('',#2640,1.);
#2640 = DIRECTION('',(1.,0.));
#2641 = ( GEOMETRIC_REPRESENTATION_CONTEXT(2) 
PARAMETRIC_REPRESENTATION_CONTEXT() REPRESENTATION_CONTEXT('2D SPACE',''
  ) );
#2642 = ORIENTED_EDGE('',*,*,#2418,.T.);
#2643 = ORIENTED_EDGE('',*,*,#2644,.T.);
#2644 = EDGE_CURVE('',#2419,#2529,#2645,.T.);
#2645 = SURFACE_CURVE('',#2646,(#2650,#2657),.PCURVE_S1.);
#2646 = LINE('',#2647,#2648);
#2647 = CARTESIAN_POINT('',(470.,1.645E+03,1.01295E+03));
#2648 = VECTOR('',#2649,1.);
#2649 = DIRECTION('',(1.,0.,0.));
#2650 = PCURVE('',#2434,#2651);
#2651 = DEFINITIONAL_REPRESENTATION('',(#2652),#2656);
#2652 = LINE('',#2653,#2654);
#2653 = CARTESIAN_POINT('',(175.,0.));
#2654 = VECTOR('',#2655,1.);
#2655 = DIRECTION('',(0.,1.));
#2656 = ( GEOMETRIC_REPRESENTATION_CONTEXT(2) 
PARAMETRIC_REPRESENTATION_CONTEXT() REPRESENTATION_CONTEXT('2D SPACE',''
  ) );
#2657 = PCURVE('',#2460,#2658);
#2658 = DEFINITIONAL_REPRESENTATION('',(#2659),#2663);
#2659 = LINE('',#2660,#2661);
#2660 = CARTESIAN_POINT('',(0.,200.));
#2661 = VECTOR('',#2662,1.);
#2662 = DIRECTION('',(1.,0.));
#2663 = ( GEOMETRIC_REPRESENTATION_CONTEXT(2) 
PARAMETRIC_REPRESENTATION_CONTEXT() REPRESENTATION_CONTEXT('2D SPACE',''
  ) );
#2664 = ORIENTED_EDGE('',*,*,#2528,.F.);
#2665 = ADVANCED_FACE('',(#2666),#2406,.F.);
#2666 = FACE_BOUND('',#2667,.F.);
#2667 = EDGE_LOOP('',(#2668,#2669,#2670,#2671));
#2668 = ORIENTED_EDGE('',*,*,#2390,.F.);
#2669 = ORIENTED_EDGE('',*,*,#2575,.T.);
#2670 = ORIENTED_EDGE('',*,*,#2505,.T.);
#2671 = ORIENTED_EDGE('',*,*,#2622,.F.);
#2672 = ADVANCED_FACE('',(#2673),#2460,.T.);
#2673 = FACE_BOUND('',#2674,.T.);
#2674 = EDGE_LOOP('',(#2675,#2676,#2677,#2678));
#2675 = ORIENTED_EDGE('',*,*,#2446,.F.);
#2676 = ORIENTED_EDGE('',*,*,#2597,.T.);
#2677 = ORIENTED_EDGE('',*,*,#2551,.T.);
#2678 = ORIENTED_EDGE('',*,*,#2644,.F.);
#2679 = ( GEOMETRIC_REPRESENTATION_CONTEXT(3) 
GLOBAL_UNCERTAINTY_ASSIGNED_CONTEXT((#2683)) 
GLOBAL_UNIT_ASSIGNED_CONTEXT((#2680,#2681,#2682)) REPRESENTATION_CONTEXT
('Context #1','3D Context with UNIT and UNCERTAINTY') );
#2680 = ( LENGTH_UNIT() NAMED_UNIT(*) SI_UNIT(.MILLI.,.METRE.) );
#2681 = ( NAMED_UNIT(*) PLANE_ANGLE_UNIT() SI_UNIT($,.RADIAN.) );
#2682 = ( NAMED_UNIT(*) SI_UNIT($,.STERADIAN.) SOLID_ANGLE_UNIT() );
#2683 = UNCERTAINTY_MEASURE_WITH_UNIT(LENGTH_MEASURE(1.E-07),#2680,
  'distance_accuracy_value','confusion accuracy');
#2684 = CONTEXT_DEPENDENT_SHAPE_REPRESENTATION(#2685,#2687);
#2685 = ( REPRESENTATION_RELATIONSHIP('','',#2348,#10) 
REPRESENTATION_RELATIONSHIP_WITH_TRANSFORMATION(#2686) 
SHAPE_REPRESENTATION_RELATIONSHIP() );
#2686 = ITEM_DEFINED_TRANSFORMATION('','',#11,#31);
#2687 = PRODUCT_DEFINITION_SHAPE('Placement','Placement of an item',
  #2688);
#2688 = NEXT_ASSEMBLY_USAGE_OCCURRENCE('1313','ROT_UNIT_ALLOCATION','',
  #5,#2343,$);
#2689 = PRODUCT_RELATED_PRODUCT_CATEGORY('part',$,(#2345));
#2690 = SHAPE_DEFINITION_REPRESENTATION(#2691,#2697);
#2691 = PRODUCT_DEFINITION_SHAPE('','',#2692);
#2692 = PRODUCT_DEFINITION('design','',#2693,#2696);
#2693 = PRODUCT_DEFINITION_FORMATION('','',#2694);
#2694 = PRODUCT('ROT_CHUCK_ALLOCATION','ROT_CHUCK_ALLOCATION','',(#2695)
  );
#2695 = PRODUCT_CONTEXT('',#2,'mechanical');
#2696 = PRODUCT_DEFINITION_CONTEXT('part definition',#2,'design');
#2697 = ADVANCED_BREP_SHAPE_REPRESENTATION('',(#11,#2698),#2796);
#2698 = MANIFOLD_SOLID_BREP('',#2699);
#2699 = CLOSED_SHELL('',(#2700,#2788,#2792));
#2700 = ADVANCED_FACE('',(#2701),#2715,.T.);
#2701 = FACE_BOUND('',#2702,.F.);
#2702 = EDGE_LOOP('',(#2703,#2733,#2760,#2761));
#2703 = ORIENTED_EDGE('',*,*,#2704,.T.);
#2704 = EDGE_CURVE('',#2705,#2707,#2709,.T.);
#2705 = VERTEX_POINT('',#2706);
#2706 = CARTESIAN_POINT('',(637.5,1.445E+03,954.3));
#2707 = VERTEX_POINT('',#2708);
#2708 = CARTESIAN_POINT('',(637.5,1.38E+03,954.3));
#2709 = SEAM_CURVE('',#2710,(#2714,#2726),.PCURVE_S1.);
#2710 = LINE('',#2711,#2712);
#2711 = CARTESIAN_POINT('',(637.5,1.445E+03,954.3));
#2712 = VECTOR('',#2713,1.);
#2713 = DIRECTION('',(0.,-1.,0.));
#2714 = PCURVE('',#2715,#2720);
#2715 = CYLINDRICAL_SURFACE('',#2716,62.5);
#2716 = AXIS2_PLACEMENT_3D('',#2717,#2718,#2719);
#2717 = CARTESIAN_POINT('',(575.,1.445E+03,954.3));
#2718 = DIRECTION('',(-0.,1.,-0.));
#2719 = DIRECTION('',(1.,0.,0.));
#2720 = DEFINITIONAL_REPRESENTATION('',(#2721),#2725);
#2721 = LINE('',#2722,#2723);
#2722 = CARTESIAN_POINT('',(-0.,0.));
#2723 = VECTOR('',#2724,1.);
#2724 = DIRECTION('',(-0.,-1.));
#2725 = ( GEOMETRIC_REPRESENTATION_CONTEXT(2) 
PARAMETRIC_REPRESENTATION_CONTEXT() REPRESENTATION_CONTEXT('2D SPACE',''
  ) );
#2726 = PCURVE('',#2715,#2727);
#2727 = DEFINITIONAL_REPRESENTATION('',(#2728),#2732);
#2728 = LINE('',#2729,#2730);
#2729 = CARTESIAN_POINT('',(-6.28318530718,0.));
#2730 = VECTOR('',#2731,1.);
#2731 = DIRECTION('',(-0.,-1.));
#2732 = ( GEOMETRIC_REPRESENTATION_CONTEXT(2) 
PARAMETRIC_REPRESENTATION_CONTEXT() REPRESENTATION_CONTEXT('2D SPACE',''
  ) );
#2733 = ORIENTED_EDGE('',*,*,#2734,.T.);
#2734 = EDGE_CURVE('',#2707,#2707,#2735,.T.);
#2735 = SURFACE_CURVE('',#2736,(#2741,#2748),.PCURVE_S1.);
#2736 = CIRCLE('',#2737,62.5);
#2737 = AXIS2_PLACEMENT_3D('',#2738,#2739,#2740);
#2738 = CARTESIAN_POINT('',(575.,1.38E+03,954.3));
#2739 = DIRECTION('',(0.,-1.,0.));
#2740 = DIRECTION('',(1.,0.,0.));
#2741 = PCURVE('',#2715,#2742);
#2742 = DEFINITIONAL_REPRESENTATION('',(#2743),#2747);
#2743 = LINE('',#2744,#2745);
#2744 = CARTESIAN_POINT('',(-0.,-65.));
#2745 = VECTOR('',#2746,1.);
#2746 = DIRECTION('',(-1.,0.));
#2747 = ( GEOMETRIC_REPRESENTATION_CONTEXT(2) 
PARAMETRIC_REPRESENTATION_CONTEXT() REPRESENTATION_CONTEXT('2D SPACE',''
  ) );
#2748 = PCURVE('',#2749,#2754);
#2749 = PLANE('',#2750);
#2750 = AXIS2_PLACEMENT_3D('',#2751,#2752,#2753);
#2751 = CARTESIAN_POINT('',(575.,1.38E+03,954.3));
#2752 = DIRECTION('',(0.,-1.,0.));
#2753 = DIRECTION('',(1.,0.,0.));
#2754 = DEFINITIONAL_REPRESENTATION('',(#2755),#2759);
#2755 = CIRCLE('',#2756,62.5);
#2756 = AXIS2_PLACEMENT_2D('',#2757,#2758);
#2757 = CARTESIAN_POINT('',(2.800517391441E-15,-3.049687284658E-15));
#2758 = DIRECTION('',(1.,0.));
#2759 = ( GEOMETRIC_REPRESENTATION_CONTEXT(2) 
PARAMETRIC_REPRESENTATION_CONTEXT() REPRESENTATION_CONTEXT('2D SPACE',''
  ) );
#2760 = ORIENTED_EDGE('',*,*,#2704,.F.);
#2761 = ORIENTED_EDGE('',*,*,#2762,.F.);
#2762 = EDGE_CURVE('',#2705,#2705,#2763,.T.);
#2763 = SURFACE_CURVE('',#2764,(#2769,#2776),.PCURVE_S1.);
#2764 = CIRCLE('',#2765,62.5);
#2765 = AXIS2_PLACEMENT_3D('',#2766,#2767,#2768);
#2766 = CARTESIAN_POINT('',(575.,1.445E+03,954.3));
#2767 = DIRECTION('',(0.,-1.,0.));
#2768 = DIRECTION('',(1.,0.,0.));
#2769 = PCURVE('',#2715,#2770);
#2770 = DEFINITIONAL_REPRESENTATION('',(#2771),#2775);
#2771 = LINE('',#2772,#2773);
#2772 = CARTESIAN_POINT('',(-0.,0.));
#2773 = VECTOR('',#2774,1.);
#2774 = DIRECTION('',(-1.,0.));
#2775 = ( GEOMETRIC_REPRESENTATION_CONTEXT(2) 
PARAMETRIC_REPRESENTATION_CONTEXT() REPRESENTATION_CONTEXT('2D SPACE',''
  ) );
#2776 = PCURVE('',#2777,#2782);
#2777 = PLANE('',#2778);
#2778 = AXIS2_PLACEMENT_3D('',#2779,#2780,#2781);
#2779 = CARTESIAN_POINT('',(575.,1.445E+03,954.3));
#2780 = DIRECTION('',(0.,-1.,0.));
#2781 = DIRECTION('',(1.,0.,0.));
#2782 = DEFINITIONAL_REPRESENTATION('',(#2783),#2787);
#2783 = CIRCLE('',#2784,62.5);
#2784 = AXIS2_PLACEMENT_2D('',#2785,#2786);
#2785 = CARTESIAN_POINT('',(2.800517391441E-15,-3.049687284658E-15));
#2786 = DIRECTION('',(1.,0.));
#2787 = ( GEOMETRIC_REPRESENTATION_CONTEXT(2) 
PARAMETRIC_REPRESENTATION_CONTEXT() REPRESENTATION_CONTEXT('2D SPACE',''
  ) );
#2788 = ADVANCED_FACE('',(#2789),#2777,.F.);
#2789 = FACE_BOUND('',#2790,.F.);
#2790 = EDGE_LOOP('',(#2791));
#2791 = ORIENTED_EDGE('',*,*,#2762,.T.);
#2792 = ADVANCED_FACE('',(#2793),#2749,.T.);
#2793 = FACE_BOUND('',#2794,.T.);
#2794 = EDGE_LOOP('',(#2795));
#2795 = ORIENTED_EDGE('',*,*,#2734,.T.);
#2796 = ( GEOMETRIC_REPRESENTATION_CONTEXT(3) 
GLOBAL_UNCERTAINTY_ASSIGNED_CONTEXT((#2800)) 
GLOBAL_UNIT_ASSIGNED_CONTEXT((#2797,#2798,#2799)) REPRESENTATION_CONTEXT
('Context #1','3D Context with UNIT and UNCERTAINTY') );
#2797 = ( LENGTH_UNIT() NAMED_UNIT(*) SI_UNIT(.MILLI.,.METRE.) );
#2798 = ( NAMED_UNIT(*) PLANE_ANGLE_UNIT() SI_UNIT($,.RADIAN.) );
#2799 = ( NAMED_UNIT(*) SI_UNIT($,.STERADIAN.) SOLID_ANGLE_UNIT() );
#2800 = UNCERTAINTY_MEASURE_WITH_UNIT(LENGTH_MEASURE(1.E-07),#2797,
  'distance_accuracy_value','confusion accuracy');
#2801 = CONTEXT_DEPENDENT_SHAPE_REPRESENTATION(#2802,#2804);
#2802 = ( REPRESENTATION_RELATIONSHIP('','',#2697,#10) 
REPRESENTATION_RELATIONSHIP_WITH_TRANSFORMATION(#2803) 
SHAPE_REPRESENTATION_RELATIONSHIP() );
#2803 = ITEM_DEFINED_TRANSFORMATION('','',#11,#35);
#2804 = PRODUCT_DEFINITION_SHAPE('Placement','Placement of an item',
  #2805);
#2805 = NEXT_ASSEMBLY_USAGE_OCCURRENCE('1314','ROT_CHUCK_ALLOCATION','',
  #5,#2692,$);
#2806 = PRODUCT_RELATED_PRODUCT_CATEGORY('part',$,(#2694));
#2807 = MECHANICAL_DESIGN_GEOMETRIC_PRESENTATION_REPRESENTATION('',(
    #2808),#2796);
#2808 = STYLED_ITEM('color',(#2809),#2698);
#2809 = PRESENTATION_STYLE_ASSIGNMENT((#2810));
#2810 = SURFACE_STYLE_USAGE(.BOTH.,#2811);
#2811 = SURFACE_SIDE_STYLE('',(#2812));
#2812 = SURFACE_STYLE_FILL_AREA(#2813);
#2813 = FILL_AREA_STYLE('',(#2814));
#2814 = FILL_AREA_STYLE_COLOUR('',#2815);
#2815 = COLOUR_RGB('',0.750000000934,0.250000000672,0.620000000292);
#2816 = MECHANICAL_DESIGN_GEOMETRIC_PRESENTATION_REPRESENTATION('',(
    #2817),#2679);
#2817 = STYLED_ITEM('color',(#2818),#2349);
#2818 = PRESENTATION_STYLE_ASSIGNMENT((#2819));
#2819 = SURFACE_STYLE_USAGE(.BOTH.,#2820);
#2820 = SURFACE_SIDE_STYLE('',(#2821));
#2821 = SURFACE_STYLE_FILL_AREA(#2822);
#2822 = FILL_AREA_STYLE('',(#2823));
#2823 = FILL_AREA_STYLE_COLOUR('',#2815);
#2824 = MECHANICAL_DESIGN_GEOMETRIC_PRESENTATION_REPRESENTATION('',(
    #2825),#2330);
#2825 = STYLED_ITEM('color',(#2826),#2000);
#2826 = PRESENTATION_STYLE_ASSIGNMENT((#2827));
#2827 = SURFACE_STYLE_USAGE(.BOTH.,#2828);
#2828 = SURFACE_SIDE_STYLE('',(#2829));
#2829 = SURFACE_STYLE_FILL_AREA(#2830);
#2830 = FILL_AREA_STYLE('',(#2831));
#2831 = FILL_AREA_STYLE_COLOUR('',#2832);
#2832 = COLOUR_RGB('',0.120000001395,0.480000004686,0.649999988539);
#2833 = MECHANICAL_DESIGN_GEOMETRIC_PRESENTATION_REPRESENTATION('',(
    #2834),#683);
#2834 = STYLED_ITEM('color',(#2835),#53);
#2835 = PRESENTATION_STYLE_ASSIGNMENT((#2836));
#2836 = SURFACE_STYLE_USAGE(.BOTH.,#2837);
#2837 = SURFACE_SIDE_STYLE('',(#2838));
#2838 = SURFACE_STYLE_FILL_AREA(#2839);
#2839 = FILL_AREA_STYLE('',(#2840));
#2840 = FILL_AREA_STYLE_COLOUR('',#2832);
#2841 = MECHANICAL_DESIGN_GEOMETRIC_PRESENTATION_REPRESENTATION('',(
    #2842),#1332);
#2842 = STYLED_ITEM('color',(#2843),#702);
#2843 = PRESENTATION_STYLE_ASSIGNMENT((#2844));
#2844 = SURFACE_STYLE_USAGE(.BOTH.,#2845);
#2845 = SURFACE_SIDE_STYLE('',(#2846));
#2846 = SURFACE_STYLE_FILL_AREA(#2847);
#2847 = FILL_AREA_STYLE('',(#2848));
#2848 = FILL_AREA_STYLE_COLOUR('',#2832);
#2849 = MECHANICAL_DESIGN_GEOMETRIC_PRESENTATION_REPRESENTATION('',(
    #2850),#1981);
#2850 = STYLED_ITEM('color',(#2851),#1351);
#2851 = PRESENTATION_STYLE_ASSIGNMENT((#2852));
#2852 = SURFACE_STYLE_USAGE(.BOTH.,#2853);
#2853 = SURFACE_SIDE_STYLE('',(#2854));
#2854 = SURFACE_STYLE_FILL_AREA(#2855);
#2855 = FILL_AREA_STYLE('',(#2856));
#2856 = FILL_AREA_STYLE_COLOUR('',#2832);
ENDSEC;
END-ISO-10303-21;
