ISO-10303-21;
HEADER;
FILE_DESCRIPTION(('Open CASCADE Model'),'2;1');
FILE_NAME('Open CASCADE Shape Model','2026-09-28T05:03:41',('Author'),(
    'Open CASCADE'),'Open CASCADE STEP processor 7.9','Open CASCADE 7.9'
  ,'Unknown');
FILE_SCHEMA(('AUTOMOTIVE_DESIGN { 1 0 10303 214 1 1 1 1 }'));
ENDSEC;
DATA;
#1 = APPLICATION_PROTOCOL_DEFINITION('international standard',
  'automotive_design',2000,#2);
#2 = APPLICATION_CONTEXT(
  'core data for automotive mechanical design processes');
#3 = SHAPE_DEFINITION_REPRESENTATION(#4,#10);
#4 = PRODUCT_DEFINITION_SHAPE('','',#5);
#5 = PRODUCT_DEFINITION('design','',#6,#9);
#6 = PRODUCT_DEFINITION_FORMATION('','',#7);
#7 = PRODUCT('Open CASCADE STEP translator 7.9 9',
  'Open CASCADE STEP translator 7.9 9','',(#8));
#8 = PRODUCT_CONTEXT('',#2,'mechanical');
#9 = PRODUCT_DEFINITION_CONTEXT('part definition',#2,'design');
#10 = ADVANCED_BREP_SHAPE_REPRESENTATION('',(#11,#15),#2187);
#11 = AXIS2_PLACEMENT_3D('',#12,#13,#14);
#12 = CARTESIAN_POINT('',(0.,0.,0.));
#13 = DIRECTION('',(0.,0.,1.));
#14 = DIRECTION('',(1.,0.,-0.));
#15 = MANIFOLD_SOLID_BREP('',#16);
#16 = CLOSED_SHELL('',(#17,#137,#475,#546,#595,#714,#768,#822,#871,#926,
    #980,#1034,#1153,#1207,#1261,#1310,#1365,#1672,#1727,#1731,#1786,
    #1790,#1845,#1849,#1904,#1908,#1963,#1967,#2022,#2026,#2081,#2085,
    #2140,#2144,#2180));
#17 = ADVANCED_FACE('',(#18),#32,.F.);
#18 = FACE_BOUND('',#19,.F.);
#19 = EDGE_LOOP('',(#20,#55,#83,#111));
#20 = ORIENTED_EDGE('',*,*,#21,.F.);
#21 = EDGE_CURVE('',#22,#24,#26,.T.);
#22 = VERTEX_POINT('',#23);
#23 = CARTESIAN_POINT('',(0.,25.,0.));
#24 = VERTEX_POINT('',#25);
#25 = CARTESIAN_POINT('',(0.,25.,100.));
#26 = SURFACE_CURVE('',#27,(#31,#43),.PCURVE_S1.);
#27 = LINE('',#28,#29);
#28 = CARTESIAN_POINT('',(0.,25.,0.));
#29 = VECTOR('',#30,1.);
#30 = DIRECTION('',(0.,0.,1.));
#31 = PCURVE('',#32,#37);
#32 = PLANE('',#33);
#33 = AXIS2_PLACEMENT_3D('',#34,#35,#36);
#34 = CARTESIAN_POINT('',(0.,25.,0.));
#35 = DIRECTION('',(1.,0.,0.));
#36 = DIRECTION('',(0.,0.,1.));
#37 = DEFINITIONAL_REPRESENTATION('',(#38),#42);
#38 = LINE('',#39,#40);
#39 = CARTESIAN_POINT('',(0.,0.));
#40 = VECTOR('',#41,1.);
#41 = DIRECTION('',(1.,0.));
#42 = ( GEOMETRIC_REPRESENTATION_CONTEXT(2) 
PARAMETRIC_REPRESENTATION_CONTEXT() REPRESENTATION_CONTEXT('2D SPACE',''
  ) );
#43 = PCURVE('',#44,#49);
#44 = PLANE('',#45);
#45 = AXIS2_PLACEMENT_3D('',#46,#47,#48);
#46 = CARTESIAN_POINT('',(0.,25.,0.));
#47 = DIRECTION('',(0.,1.,0.));
#48 = DIRECTION('',(0.,0.,1.));
#49 = DEFINITIONAL_REPRESENTATION('',(#50),#54);
#50 = LINE('',#51,#52);
#51 = CARTESIAN_POINT('',(0.,0.));
#52 = VECTOR('',#53,1.);
#53 = DIRECTION('',(1.,0.));
#54 = ( GEOMETRIC_REPRESENTATION_CONTEXT(2) 
PARAMETRIC_REPRESENTATION_CONTEXT() REPRESENTATION_CONTEXT('2D SPACE',''
  ) );
#55 = ORIENTED_EDGE('',*,*,#56,.T.);
#56 = EDGE_CURVE('',#22,#57,#59,.T.);
#57 = VERTEX_POINT('',#58);
#58 = CARTESIAN_POINT('',(0.,155.5,0.));
#59 = SURFACE_CURVE('',#60,(#64,#71),.PCURVE_S1.);
#60 = LINE('',#61,#62);
#61 = CARTESIAN_POINT('',(0.,25.,0.));
#62 = VECTOR('',#63,1.);
#63 = DIRECTION('',(0.,1.,0.));
#64 = PCURVE('',#32,#65);
#65 = DEFINITIONAL_REPRESENTATION('',(#66),#70);
#66 = LINE('',#67,#68);
#67 = CARTESIAN_POINT('',(0.,0.));
#68 = VECTOR('',#69,1.);
#69 = DIRECTION('',(0.,-1.));
#70 = ( GEOMETRIC_REPRESENTATION_CONTEXT(2) 
PARAMETRIC_REPRESENTATION_CONTEXT() REPRESENTATION_CONTEXT('2D SPACE',''
  ) );
#71 = PCURVE('',#72,#77);
#72 = PLANE('',#73);
#73 = AXIS2_PLACEMENT_3D('',#74,#75,#76);
#74 = CARTESIAN_POINT('',(0.,25.,0.));
#75 = DIRECTION('',(0.,0.,1.));
#76 = DIRECTION('',(1.,0.,0.));
#77 = DEFINITIONAL_REPRESENTATION('',(#78),#82);
#78 = LINE('',#79,#80);
#79 = CARTESIAN_POINT('',(0.,0.));
#80 = VECTOR('',#81,1.);
#81 = DIRECTION('',(0.,1.));
#82 = ( GEOMETRIC_REPRESENTATION_CONTEXT(2) 
PARAMETRIC_REPRESENTATION_CONTEXT() REPRESENTATION_CONTEXT('2D SPACE',''
  ) );
#83 = ORIENTED_EDGE('',*,*,#84,.T.);
#84 = EDGE_CURVE('',#57,#85,#87,.T.);
#85 = VERTEX_POINT('',#86);
#86 = CARTESIAN_POINT('',(0.,155.5,100.));
#87 = SURFACE_CURVE('',#88,(#92,#99),.PCURVE_S1.);
#88 = LINE('',#89,#90);
#89 = CARTESIAN_POINT('',(0.,155.5,0.));
#90 = VECTOR('',#91,1.);
#91 = DIRECTION('',(0.,0.,1.));
#92 = PCURVE('',#32,#93);
#93 = DEFINITIONAL_REPRESENTATION('',(#94),#98);
#94 = LINE('',#95,#96);
#95 = CARTESIAN_POINT('',(0.,-130.5));
#96 = VECTOR('',#97,1.);
#97 = DIRECTION('',(1.,0.));
#98 = ( GEOMETRIC_REPRESENTATION_CONTEXT(2) 
PARAMETRIC_REPRESENTATION_CONTEXT() REPRESENTATION_CONTEXT('2D SPACE',''
  ) );
#99 = PCURVE('',#100,#105);
#100 = PLANE('',#101);
#101 = AXIS2_PLACEMENT_3D('',#102,#103,#104);
#102 = CARTESIAN_POINT('',(0.,155.5,0.));
#103 = DIRECTION('',(0.,1.,0.));
#104 = DIRECTION('',(0.,0.,1.));
#105 = DEFINITIONAL_REPRESENTATION('',(#106),#110);
#106 = LINE('',#107,#108);
#107 = CARTESIAN_POINT('',(0.,0.));
#108 = VECTOR('',#109,1.);
#109 = DIRECTION('',(1.,0.));
#110 = ( GEOMETRIC_REPRESENTATION_CONTEXT(2) 
PARAMETRIC_REPRESENTATION_CONTEXT() REPRESENTATION_CONTEXT('2D SPACE',''
  ) );
#111 = ORIENTED_EDGE('',*,*,#112,.F.);
#112 = EDGE_CURVE('',#24,#85,#113,.T.);
#113 = SURFACE_CURVE('',#114,(#118,#125),.PCURVE_S1.);
#114 = LINE('',#115,#116);
#115 = CARTESIAN_POINT('',(0.,25.,100.));
#116 = VECTOR('',#117,1.);
#117 = DIRECTION('',(0.,1.,0.));
#118 = PCURVE('',#32,#119);
#119 = DEFINITIONAL_REPRESENTATION('',(#120),#124);
#120 = LINE('',#121,#122);
#121 = CARTESIAN_POINT('',(100.,0.));
#122 = VECTOR('',#123,1.);
#123 = DIRECTION('',(0.,-1.));
#124 = ( GEOMETRIC_REPRESENTATION_CONTEXT(2) 
PARAMETRIC_REPRESENTATION_CONTEXT() REPRESENTATION_CONTEXT('2D SPACE',''
  ) );
#125 = PCURVE('',#126,#131);
#126 = PLANE('',#127);
#127 = AXIS2_PLACEMENT_3D('',#128,#129,#130);
#128 = CARTESIAN_POINT('',(0.,25.,100.));
#129 = DIRECTION('',(0.,0.,1.));
#130 = DIRECTION('',(1.,0.,0.));
#131 = DEFINITIONAL_REPRESENTATION('',(#132),#136);
#132 = LINE('',#133,#134);
#133 = CARTESIAN_POINT('',(0.,0.));
#134 = VECTOR('',#135,1.);
#135 = DIRECTION('',(0.,1.));
#136 = ( GEOMETRIC_REPRESENTATION_CONTEXT(2) 
PARAMETRIC_REPRESENTATION_CONTEXT() REPRESENTATION_CONTEXT('2D SPACE',''
  ) );
#137 = ADVANCED_FACE('',(#138),#72,.F.);
#138 = FACE_BOUND('',#139,.F.);
#139 = EDGE_LOOP('',(#140,#163,#164,#187,#215,#243,#271,#304,#337,#365,
    #393,#421,#449));
#140 = ORIENTED_EDGE('',*,*,#141,.F.);
#141 = EDGE_CURVE('',#57,#142,#144,.T.);
#142 = VERTEX_POINT('',#143);
#143 = CARTESIAN_POINT('',(130.,155.5,0.));
#144 = SURFACE_CURVE('',#145,(#149,#156),.PCURVE_S1.);
#145 = LINE('',#146,#147);
#146 = CARTESIAN_POINT('',(0.,155.5,0.));
#147 = VECTOR('',#148,1.);
#148 = DIRECTION('',(1.,0.,0.));
#149 = PCURVE('',#72,#150);
#150 = DEFINITIONAL_REPRESENTATION('',(#151),#155);
#151 = LINE('',#152,#153);
#152 = CARTESIAN_POINT('',(0.,130.5));
#153 = VECTOR('',#154,1.);
#154 = DIRECTION('',(1.,0.));
#155 = ( GEOMETRIC_REPRESENTATION_CONTEXT(2) 
PARAMETRIC_REPRESENTATION_CONTEXT() REPRESENTATION_CONTEXT('2D SPACE',''
  ) );
#156 = PCURVE('',#100,#157);
#157 = DEFINITIONAL_REPRESENTATION('',(#158),#162);
#158 = LINE('',#159,#160);
#159 = CARTESIAN_POINT('',(0.,0.));
#160 = VECTOR('',#161,1.);
#161 = DIRECTION('',(0.,1.));
#162 = ( GEOMETRIC_REPRESENTATION_CONTEXT(2) 
PARAMETRIC_REPRESENTATION_CONTEXT() REPRESENTATION_CONTEXT('2D SPACE',''
  ) );
#163 = ORIENTED_EDGE('',*,*,#56,.F.);
#164 = ORIENTED_EDGE('',*,*,#165,.T.);
#165 = EDGE_CURVE('',#22,#166,#168,.T.);
#166 = VERTEX_POINT('',#167);
#167 = CARTESIAN_POINT('',(43.5,25.,0.));
#168 = SURFACE_CURVE('',#169,(#173,#180),.PCURVE_S1.);
#169 = LINE('',#170,#171);
#170 = CARTESIAN_POINT('',(0.,25.,0.));
#171 = VECTOR('',#172,1.);
#172 = DIRECTION('',(1.,0.,0.));
#173 = PCURVE('',#72,#174);
#174 = DEFINITIONAL_REPRESENTATION('',(#175),#179);
#175 = LINE('',#176,#177);
#176 = CARTESIAN_POINT('',(0.,0.));
#177 = VECTOR('',#178,1.);
#178 = DIRECTION('',(1.,0.));
#179 = ( GEOMETRIC_REPRESENTATION_CONTEXT(2) 
PARAMETRIC_REPRESENTATION_CONTEXT() REPRESENTATION_CONTEXT('2D SPACE',''
  ) );
#180 = PCURVE('',#44,#181);
#181 = DEFINITIONAL_REPRESENTATION('',(#182),#186);
#182 = LINE('',#183,#184);
#183 = CARTESIAN_POINT('',(0.,0.));
#184 = VECTOR('',#185,1.);
#185 = DIRECTION('',(0.,1.));
#186 = ( GEOMETRIC_REPRESENTATION_CONTEXT(2) 
PARAMETRIC_REPRESENTATION_CONTEXT() REPRESENTATION_CONTEXT('2D SPACE',''
  ) );
#187 = ORIENTED_EDGE('',*,*,#188,.F.);
#188 = EDGE_CURVE('',#189,#166,#191,.T.);
#189 = VERTEX_POINT('',#190);
#190 = CARTESIAN_POINT('',(43.5,0.,0.));
#191 = SURFACE_CURVE('',#192,(#196,#203),.PCURVE_S1.);
#192 = LINE('',#193,#194);
#193 = CARTESIAN_POINT('',(43.5,0.,0.));
#194 = VECTOR('',#195,1.);
#195 = DIRECTION('',(0.,1.,0.));
#196 = PCURVE('',#72,#197);
#197 = DEFINITIONAL_REPRESENTATION('',(#198),#202);
#198 = LINE('',#199,#200);
#199 = CARTESIAN_POINT('',(43.5,-25.));
#200 = VECTOR('',#201,1.);
#201 = DIRECTION('',(0.,1.));
#202 = ( GEOMETRIC_REPRESENTATION_CONTEXT(2) 
PARAMETRIC_REPRESENTATION_CONTEXT() REPRESENTATION_CONTEXT('2D SPACE',''
  ) );
#203 = PCURVE('',#204,#209);
#204 = PLANE('',#205);
#205 = AXIS2_PLACEMENT_3D('',#206,#207,#208);
#206 = CARTESIAN_POINT('',(43.5,0.,0.));
#207 = DIRECTION('',(1.,0.,0.));
#208 = DIRECTION('',(0.,0.,1.));
#209 = DEFINITIONAL_REPRESENTATION('',(#210),#214);
#210 = LINE('',#211,#212);
#211 = CARTESIAN_POINT('',(0.,0.));
#212 = VECTOR('',#213,1.);
#213 = DIRECTION('',(0.,-1.));
#214 = ( GEOMETRIC_REPRESENTATION_CONTEXT(2) 
PARAMETRIC_REPRESENTATION_CONTEXT() REPRESENTATION_CONTEXT('2D SPACE',''
  ) );
#215 = ORIENTED_EDGE('',*,*,#216,.T.);
#216 = EDGE_CURVE('',#189,#217,#219,.T.);
#217 = VERTEX_POINT('',#218);
#218 = CARTESIAN_POINT('',(63.5,0.,0.));
#219 = SURFACE_CURVE('',#220,(#224,#231),.PCURVE_S1.);
#220 = LINE('',#221,#222);
#221 = CARTESIAN_POINT('',(43.5,0.,0.));
#222 = VECTOR('',#223,1.);
#223 = DIRECTION('',(1.,0.,0.));
#224 = PCURVE('',#72,#225);
#225 = DEFINITIONAL_REPRESENTATION('',(#226),#230);
#226 = LINE('',#227,#228);
#227 = CARTESIAN_POINT('',(43.5,-25.));
#228 = VECTOR('',#229,1.);
#229 = DIRECTION('',(1.,0.));
#230 = ( GEOMETRIC_REPRESENTATION_CONTEXT(2) 
PARAMETRIC_REPRESENTATION_CONTEXT() REPRESENTATION_CONTEXT('2D SPACE',''
  ) );
#231 = PCURVE('',#232,#237);
#232 = PLANE('',#233);
#233 = AXIS2_PLACEMENT_3D('',#234,#235,#236);
#234 = CARTESIAN_POINT('',(43.5,0.,0.));
#235 = DIRECTION('',(0.,1.,0.));
#236 = DIRECTION('',(0.,0.,1.));
#237 = DEFINITIONAL_REPRESENTATION('',(#238),#242);
#238 = LINE('',#239,#240);
#239 = CARTESIAN_POINT('',(0.,0.));
#240 = VECTOR('',#241,1.);
#241 = DIRECTION('',(0.,1.));
#242 = ( GEOMETRIC_REPRESENTATION_CONTEXT(2) 
PARAMETRIC_REPRESENTATION_CONTEXT() REPRESENTATION_CONTEXT('2D SPACE',''
  ) );
#243 = ORIENTED_EDGE('',*,*,#244,.F.);
#244 = EDGE_CURVE('',#245,#217,#247,.T.);
#245 = VERTEX_POINT('',#246);
#246 = CARTESIAN_POINT('',(63.5,37.521432946392,0.));
#247 = SURFACE_CURVE('',#248,(#252,#259),.PCURVE_S1.);
#248 = LINE('',#249,#250);
#249 = CARTESIAN_POINT('',(63.5,37.521432946392,0.));
#250 = VECTOR('',#251,1.);
#251 = DIRECTION('',(0.,-1.,0.));
#252 = PCURVE('',#72,#253);
#253 = DEFINITIONAL_REPRESENTATION('',(#254),#258);
#254 = LINE('',#255,#256);
#255 = CARTESIAN_POINT('',(63.5,12.521432946392));
#256 = VECTOR('',#257,1.);
#257 = DIRECTION('',(0.,-1.));
#258 = ( GEOMETRIC_REPRESENTATION_CONTEXT(2) 
PARAMETRIC_REPRESENTATION_CONTEXT() REPRESENTATION_CONTEXT('2D SPACE',''
  ) );
#259 = PCURVE('',#260,#265);
#260 = PLANE('',#261);
#261 = AXIS2_PLACEMENT_3D('',#262,#263,#264);
#262 = CARTESIAN_POINT('',(63.5,-1.,-1.));
#263 = DIRECTION('',(1.,0.,0.));
#264 = DIRECTION('',(0.,0.,1.));
#265 = DEFINITIONAL_REPRESENTATION('',(#266),#270);
#266 = LINE('',#267,#268);
#267 = CARTESIAN_POINT('',(1.,-38.52143294639));
#268 = VECTOR('',#269,1.);
#269 = DIRECTION('',(0.,1.));
#270 = ( GEOMETRIC_REPRESENTATION_CONTEXT(2) 
PARAMETRIC_REPRESENTATION_CONTEXT() REPRESENTATION_CONTEXT('2D SPACE',''
  ) );
#271 = ORIENTED_EDGE('',*,*,#272,.T.);
#272 = EDGE_CURVE('',#245,#273,#275,.T.);
#273 = VERTEX_POINT('',#274);
#274 = CARTESIAN_POINT('',(117.5,90.,0.));
#275 = SURFACE_CURVE('',#276,(#281,#292),.PCURVE_S1.);
#276 = CIRCLE('',#277,52.5);
#277 = AXIS2_PLACEMENT_3D('',#278,#279,#280);
#278 = CARTESIAN_POINT('',(65.,90.,0.));
#279 = DIRECTION('',(0.,0.,-1.));
#280 = DIRECTION('',(1.,0.,0.));
#281 = PCURVE('',#72,#282);
#282 = DEFINITIONAL_REPRESENTATION('',(#283),#291);
#283 = ( BOUNDED_CURVE() B_SPLINE_CURVE(2,(#284,#285,#286,#287,#288,#289
,#290),.UNSPECIFIED.,.T.,.F.) B_SPLINE_CURVE_WITH_KNOTS((1,2,2,2,2,1),(
    -2.094395102393,0.,2.094395102393,4.188790204786,6.28318530718,
8.377580409573),.UNSPECIFIED.) CURVE() GEOMETRIC_REPRESENTATION_ITEM() 
RATIONAL_B_SPLINE_CURVE((1.,0.5,1.,0.5,1.,0.5,1.)) REPRESENTATION_ITEM(
  '') );
#284 = CARTESIAN_POINT('',(117.5,65.));
#285 = CARTESIAN_POINT('',(117.5,-25.93266739736));
#286 = CARTESIAN_POINT('',(38.75,19.533666301317));
#287 = CARTESIAN_POINT('',(-40.,65.));
#288 = CARTESIAN_POINT('',(38.75,110.46633369868));
#289 = CARTESIAN_POINT('',(117.5,155.93266739736));
#290 = CARTESIAN_POINT('',(117.5,65.));
#291 = ( GEOMETRIC_REPRESENTATION_CONTEXT(2) 
PARAMETRIC_REPRESENTATION_CONTEXT() REPRESENTATION_CONTEXT('2D SPACE',''
  ) );
#292 = PCURVE('',#293,#298);
#293 = CYLINDRICAL_SURFACE('',#294,52.5);
#294 = AXIS2_PLACEMENT_3D('',#295,#296,#297);
#295 = CARTESIAN_POINT('',(65.,90.,-1.));
#296 = DIRECTION('',(-0.,-0.,-1.));
#297 = DIRECTION('',(1.,0.,0.));
#298 = DEFINITIONAL_REPRESENTATION('',(#299),#303);
#299 = LINE('',#300,#301);
#300 = CARTESIAN_POINT('',(-6.28318530718,-1.));
#301 = VECTOR('',#302,1.);
#302 = DIRECTION('',(1.,-0.));
#303 = ( GEOMETRIC_REPRESENTATION_CONTEXT(2) 
PARAMETRIC_REPRESENTATION_CONTEXT() REPRESENTATION_CONTEXT('2D SPACE',''
  ) );
#304 = ORIENTED_EDGE('',*,*,#305,.T.);
#305 = EDGE_CURVE('',#273,#306,#308,.T.);
#306 = VERTEX_POINT('',#307);
#307 = CARTESIAN_POINT('',(66.5,37.521432946392,0.));
#308 = SURFACE_CURVE('',#309,(#314,#325),.PCURVE_S1.);
#309 = CIRCLE('',#310,52.5);
#310 = AXIS2_PLACEMENT_3D('',#311,#312,#313);
#311 = CARTESIAN_POINT('',(65.,90.,0.));
#312 = DIRECTION('',(0.,0.,-1.));
#313 = DIRECTION('',(1.,0.,0.));
#314 = PCURVE('',#72,#315);
#315 = DEFINITIONAL_REPRESENTATION('',(#316),#324);
#316 = ( BOUNDED_CURVE() B_SPLINE_CURVE(2,(#317,#318,#319,#320,#321,#322
,#323),.UNSPECIFIED.,.T.,.F.) B_SPLINE_CURVE_WITH_KNOTS((1,2,2,2,2,1),(
    -2.094395102393,0.,2.094395102393,4.188790204786,6.28318530718,
8.377580409573),.UNSPECIFIED.) CURVE() GEOMETRIC_REPRESENTATION_ITEM() 
RATIONAL_B_SPLINE_CURVE((1.,0.5,1.,0.5,1.,0.5,1.)) REPRESENTATION_ITEM(
  '') );
#317 = CARTESIAN_POINT('',(117.5,65.));
#318 = CARTESIAN_POINT('',(117.5,-25.93266739736));
#319 = CARTESIAN_POINT('',(38.75,19.533666301317));
#320 = CARTESIAN_POINT('',(-40.,65.));
#321 = CARTESIAN_POINT('',(38.75,110.46633369868));
#322 = CARTESIAN_POINT('',(117.5,155.93266739736));
#323 = CARTESIAN_POINT('',(117.5,65.));
#324 = ( GEOMETRIC_REPRESENTATION_CONTEXT(2) 
PARAMETRIC_REPRESENTATION_CONTEXT() REPRESENTATION_CONTEXT('2D SPACE',''
  ) );
#325 = PCURVE('',#326,#331);
#326 = CYLINDRICAL_SURFACE('',#327,52.5);
#327 = AXIS2_PLACEMENT_3D('',#328,#329,#330);
#328 = CARTESIAN_POINT('',(65.,90.,-1.));
#329 = DIRECTION('',(-0.,-0.,-1.));
#330 = DIRECTION('',(1.,0.,0.));
#331 = DEFINITIONAL_REPRESENTATION('',(#332),#336);
#332 = LINE('',#333,#334);
#333 = CARTESIAN_POINT('',(-6.28318530718,-1.));
#334 = VECTOR('',#335,1.);
#335 = DIRECTION('',(1.,-0.));
#336 = ( GEOMETRIC_REPRESENTATION_CONTEXT(2) 
PARAMETRIC_REPRESENTATION_CONTEXT() REPRESENTATION_CONTEXT('2D SPACE',''
  ) );
#337 = ORIENTED_EDGE('',*,*,#338,.F.);
#338 = EDGE_CURVE('',#339,#306,#341,.T.);
#339 = VERTEX_POINT('',#340);
#340 = CARTESIAN_POINT('',(66.5,0.,0.));
#341 = SURFACE_CURVE('',#342,(#346,#353),.PCURVE_S1.);
#342 = LINE('',#343,#344);
#343 = CARTESIAN_POINT('',(66.5,0.,0.));
#344 = VECTOR('',#345,1.);
#345 = DIRECTION('',(0.,1.,0.));
#346 = PCURVE('',#72,#347);
#347 = DEFINITIONAL_REPRESENTATION('',(#348),#352);
#348 = LINE('',#349,#350);
#349 = CARTESIAN_POINT('',(66.5,-25.));
#350 = VECTOR('',#351,1.);
#351 = DIRECTION('',(0.,1.));
#352 = ( GEOMETRIC_REPRESENTATION_CONTEXT(2) 
PARAMETRIC_REPRESENTATION_CONTEXT() REPRESENTATION_CONTEXT('2D SPACE',''
  ) );
#353 = PCURVE('',#354,#359);
#354 = PLANE('',#355);
#355 = AXIS2_PLACEMENT_3D('',#356,#357,#358);
#356 = CARTESIAN_POINT('',(66.5,-1.,-1.));
#357 = DIRECTION('',(1.,0.,0.));
#358 = DIRECTION('',(0.,0.,1.));
#359 = DEFINITIONAL_REPRESENTATION('',(#360),#364);
#360 = LINE('',#361,#362);
#361 = CARTESIAN_POINT('',(1.,-1.));
#362 = VECTOR('',#363,1.);
#363 = DIRECTION('',(0.,-1.));
#364 = ( GEOMETRIC_REPRESENTATION_CONTEXT(2) 
PARAMETRIC_REPRESENTATION_CONTEXT() REPRESENTATION_CONTEXT('2D SPACE',''
  ) );
#365 = ORIENTED_EDGE('',*,*,#366,.T.);
#366 = EDGE_CURVE('',#339,#367,#369,.T.);
#367 = VERTEX_POINT('',#368);
#368 = CARTESIAN_POINT('',(86.5,0.,0.));
#369 = SURFACE_CURVE('',#370,(#374,#381),.PCURVE_S1.);
#370 = LINE('',#371,#372);
#371 = CARTESIAN_POINT('',(43.5,0.,0.));
#372 = VECTOR('',#373,1.);
#373 = DIRECTION('',(1.,0.,0.));
#374 = PCURVE('',#72,#375);
#375 = DEFINITIONAL_REPRESENTATION('',(#376),#380);
#376 = LINE('',#377,#378);
#377 = CARTESIAN_POINT('',(43.5,-25.));
#378 = VECTOR('',#379,1.);
#379 = DIRECTION('',(1.,0.));
#380 = ( GEOMETRIC_REPRESENTATION_CONTEXT(2) 
PARAMETRIC_REPRESENTATION_CONTEXT() REPRESENTATION_CONTEXT('2D SPACE',''
  ) );
#381 = PCURVE('',#382,#387);
#382 = PLANE('',#383);
#383 = AXIS2_PLACEMENT_3D('',#384,#385,#386);
#384 = CARTESIAN_POINT('',(43.5,0.,0.));
#385 = DIRECTION('',(0.,1.,0.));
#386 = DIRECTION('',(0.,0.,1.));
#387 = DEFINITIONAL_REPRESENTATION('',(#388),#392);
#388 = LINE('',#389,#390);
#389 = CARTESIAN_POINT('',(0.,0.));
#390 = VECTOR('',#391,1.);
#391 = DIRECTION('',(0.,1.));
#392 = ( GEOMETRIC_REPRESENTATION_CONTEXT(2) 
PARAMETRIC_REPRESENTATION_CONTEXT() REPRESENTATION_CONTEXT('2D SPACE',''
  ) );
#393 = ORIENTED_EDGE('',*,*,#394,.T.);
#394 = EDGE_CURVE('',#367,#395,#397,.T.);
#395 = VERTEX_POINT('',#396);
#396 = CARTESIAN_POINT('',(86.5,25.,0.));
#397 = SURFACE_CURVE('',#398,(#402,#409),.PCURVE_S1.);
#398 = LINE('',#399,#400);
#399 = CARTESIAN_POINT('',(86.5,0.,0.));
#400 = VECTOR('',#401,1.);
#401 = DIRECTION('',(0.,1.,0.));
#402 = PCURVE('',#72,#403);
#403 = DEFINITIONAL_REPRESENTATION('',(#404),#408);
#404 = LINE('',#405,#406);
#405 = CARTESIAN_POINT('',(86.5,-25.));
#406 = VECTOR('',#407,1.);
#407 = DIRECTION('',(0.,1.));
#408 = ( GEOMETRIC_REPRESENTATION_CONTEXT(2) 
PARAMETRIC_REPRESENTATION_CONTEXT() REPRESENTATION_CONTEXT('2D SPACE',''
  ) );
#409 = PCURVE('',#410,#415);
#410 = PLANE('',#411);
#411 = AXIS2_PLACEMENT_3D('',#412,#413,#414);
#412 = CARTESIAN_POINT('',(86.5,0.,0.));
#413 = DIRECTION('',(1.,0.,0.));
#414 = DIRECTION('',(0.,0.,1.));
#415 = DEFINITIONAL_REPRESENTATION('',(#416),#420);
#416 = LINE('',#417,#418);
#417 = CARTESIAN_POINT('',(0.,0.));
#418 = VECTOR('',#419,1.);
#419 = DIRECTION('',(0.,-1.));
#420 = ( GEOMETRIC_REPRESENTATION_CONTEXT(2) 
PARAMETRIC_REPRESENTATION_CONTEXT() REPRESENTATION_CONTEXT('2D SPACE',''
  ) );
#421 = ORIENTED_EDGE('',*,*,#422,.T.);
#422 = EDGE_CURVE('',#395,#423,#425,.T.);
#423 = VERTEX_POINT('',#424);
#424 = CARTESIAN_POINT('',(130.,25.,0.));
#425 = SURFACE_CURVE('',#426,(#430,#437),.PCURVE_S1.);
#426 = LINE('',#427,#428);
#427 = CARTESIAN_POINT('',(0.,25.,0.));
#428 = VECTOR('',#429,1.);
#429 = DIRECTION('',(1.,0.,0.));
#430 = PCURVE('',#72,#431);
#431 = DEFINITIONAL_REPRESENTATION('',(#432),#436);
#432 = LINE('',#433,#434);
#433 = CARTESIAN_POINT('',(0.,0.));
#434 = VECTOR('',#435,1.);
#435 = DIRECTION('',(1.,0.));
#436 = ( GEOMETRIC_REPRESENTATION_CONTEXT(2) 
PARAMETRIC_REPRESENTATION_CONTEXT() REPRESENTATION_CONTEXT('2D SPACE',''
  ) );
#437 = PCURVE('',#438,#443);
#438 = PLANE('',#439);
#439 = AXIS2_PLACEMENT_3D('',#440,#441,#442);
#440 = CARTESIAN_POINT('',(0.,25.,0.));
#441 = DIRECTION('',(0.,1.,0.));
#442 = DIRECTION('',(0.,0.,1.));
#443 = DEFINITIONAL_REPRESENTATION('',(#444),#448);
#444 = LINE('',#445,#446);
#445 = CARTESIAN_POINT('',(0.,0.));
#446 = VECTOR('',#447,1.);
#447 = DIRECTION('',(0.,1.));
#448 = ( GEOMETRIC_REPRESENTATION_CONTEXT(2) 
PARAMETRIC_REPRESENTATION_CONTEXT() REPRESENTATION_CONTEXT('2D SPACE',''
  ) );
#449 = ORIENTED_EDGE('',*,*,#450,.T.);
#450 = EDGE_CURVE('',#423,#142,#451,.T.);
#451 = SURFACE_CURVE('',#452,(#456,#463),.PCURVE_S1.);
#452 = LINE('',#453,#454);
#453 = CARTESIAN_POINT('',(130.,25.,0.));
#454 = VECTOR('',#455,1.);
#455 = DIRECTION('',(0.,1.,0.));
#456 = PCURVE('',#72,#457);
#457 = DEFINITIONAL_REPRESENTATION('',(#458),#462);
#458 = LINE('',#459,#460);
#459 = CARTESIAN_POINT('',(130.,0.));
#460 = VECTOR('',#461,1.);
#461 = DIRECTION('',(0.,1.));
#462 = ( GEOMETRIC_REPRESENTATION_CONTEXT(2) 
PARAMETRIC_REPRESENTATION_CONTEXT() REPRESENTATION_CONTEXT('2D SPACE',''
  ) );
#463 = PCURVE('',#464,#469);
#464 = PLANE('',#465);
#465 = AXIS2_PLACEMENT_3D('',#466,#467,#468);
#466 = CARTESIAN_POINT('',(130.,25.,0.));
#467 = DIRECTION('',(1.,0.,0.));
#468 = DIRECTION('',(0.,0.,1.));
#469 = DEFINITIONAL_REPRESENTATION('',(#470),#474);
#470 = LINE('',#471,#472);
#471 = CARTESIAN_POINT('',(0.,0.));
#472 = VECTOR('',#473,1.);
#473 = DIRECTION('',(0.,-1.));
#474 = ( GEOMETRIC_REPRESENTATION_CONTEXT(2) 
PARAMETRIC_REPRESENTATION_CONTEXT() REPRESENTATION_CONTEXT('2D SPACE',''
  ) );
#475 = ADVANCED_FACE('',(#476),#464,.T.);
#476 = FACE_BOUND('',#477,.T.);
#477 = EDGE_LOOP('',(#478,#501,#502,#525));
#478 = ORIENTED_EDGE('',*,*,#479,.F.);
#479 = EDGE_CURVE('',#423,#480,#482,.T.);
#480 = VERTEX_POINT('',#481);
#481 = CARTESIAN_POINT('',(130.,25.,100.));
#482 = SURFACE_CURVE('',#483,(#487,#494),.PCURVE_S1.);
#483 = LINE('',#484,#485);
#484 = CARTESIAN_POINT('',(130.,25.,0.));
#485 = VECTOR('',#486,1.);
#486 = DIRECTION('',(0.,0.,1.));
#487 = PCURVE('',#464,#488);
#488 = DEFINITIONAL_REPRESENTATION('',(#489),#493);
#489 = LINE('',#490,#491);
#490 = CARTESIAN_POINT('',(0.,0.));
#491 = VECTOR('',#492,1.);
#492 = DIRECTION('',(1.,0.));
#493 = ( GEOMETRIC_REPRESENTATION_CONTEXT(2) 
PARAMETRIC_REPRESENTATION_CONTEXT() REPRESENTATION_CONTEXT('2D SPACE',''
  ) );
#494 = PCURVE('',#438,#495);
#495 = DEFINITIONAL_REPRESENTATION('',(#496),#500);
#496 = LINE('',#497,#498);
#497 = CARTESIAN_POINT('',(0.,130.));
#498 = VECTOR('',#499,1.);
#499 = DIRECTION('',(1.,0.));
#500 = ( GEOMETRIC_REPRESENTATION_CONTEXT(2) 
PARAMETRIC_REPRESENTATION_CONTEXT() REPRESENTATION_CONTEXT('2D SPACE',''
  ) );
#501 = ORIENTED_EDGE('',*,*,#450,.T.);
#502 = ORIENTED_EDGE('',*,*,#503,.T.);
#503 = EDGE_CURVE('',#142,#504,#506,.T.);
#504 = VERTEX_POINT('',#505);
#505 = CARTESIAN_POINT('',(130.,155.5,100.));
#506 = SURFACE_CURVE('',#507,(#511,#518),.PCURVE_S1.);
#507 = LINE('',#508,#509);
#508 = CARTESIAN_POINT('',(130.,155.5,0.));
#509 = VECTOR('',#510,1.);
#510 = DIRECTION('',(0.,0.,1.));
#511 = PCURVE('',#464,#512);
#512 = DEFINITIONAL_REPRESENTATION('',(#513),#517);
#513 = LINE('',#514,#515);
#514 = CARTESIAN_POINT('',(0.,-130.5));
#515 = VECTOR('',#516,1.);
#516 = DIRECTION('',(1.,0.));
#517 = ( GEOMETRIC_REPRESENTATION_CONTEXT(2) 
PARAMETRIC_REPRESENTATION_CONTEXT() REPRESENTATION_CONTEXT('2D SPACE',''
  ) );
#518 = PCURVE('',#100,#519);
#519 = DEFINITIONAL_REPRESENTATION('',(#520),#524);
#520 = LINE('',#521,#522);
#521 = CARTESIAN_POINT('',(0.,130.));
#522 = VECTOR('',#523,1.);
#523 = DIRECTION('',(1.,0.));
#524 = ( GEOMETRIC_REPRESENTATION_CONTEXT(2) 
PARAMETRIC_REPRESENTATION_CONTEXT() REPRESENTATION_CONTEXT('2D SPACE',''
  ) );
#525 = ORIENTED_EDGE('',*,*,#526,.F.);
#526 = EDGE_CURVE('',#480,#504,#527,.T.);
#527 = SURFACE_CURVE('',#528,(#532,#539),.PCURVE_S1.);
#528 = LINE('',#529,#530);
#529 = CARTESIAN_POINT('',(130.,25.,100.));
#530 = VECTOR('',#531,1.);
#531 = DIRECTION('',(0.,1.,0.));
#532 = PCURVE('',#464,#533);
#533 = DEFINITIONAL_REPRESENTATION('',(#534),#538);
#534 = LINE('',#535,#536);
#535 = CARTESIAN_POINT('',(100.,0.));
#536 = VECTOR('',#537,1.);
#537 = DIRECTION('',(0.,-1.));
#538 = ( GEOMETRIC_REPRESENTATION_CONTEXT(2) 
PARAMETRIC_REPRESENTATION_CONTEXT() REPRESENTATION_CONTEXT('2D SPACE',''
  ) );
#539 = PCURVE('',#126,#540);
#540 = DEFINITIONAL_REPRESENTATION('',(#541),#545);
#541 = LINE('',#542,#543);
#542 = CARTESIAN_POINT('',(130.,0.));
#543 = VECTOR('',#544,1.);
#544 = DIRECTION('',(0.,1.));
#545 = ( GEOMETRIC_REPRESENTATION_CONTEXT(2) 
PARAMETRIC_REPRESENTATION_CONTEXT() REPRESENTATION_CONTEXT('2D SPACE',''
  ) );
#546 = ADVANCED_FACE('',(#547),#438,.F.);
#547 = FACE_BOUND('',#548,.F.);
#548 = EDGE_LOOP('',(#549,#550,#573,#594));
#549 = ORIENTED_EDGE('',*,*,#422,.F.);
#550 = ORIENTED_EDGE('',*,*,#551,.T.);
#551 = EDGE_CURVE('',#395,#552,#554,.T.);
#552 = VERTEX_POINT('',#553);
#553 = CARTESIAN_POINT('',(86.5,25.,100.));
#554 = SURFACE_CURVE('',#555,(#559,#566),.PCURVE_S1.);
#555 = LINE('',#556,#557);
#556 = CARTESIAN_POINT('',(86.5,25.,0.));
#557 = VECTOR('',#558,1.);
#558 = DIRECTION('',(0.,0.,1.));
#559 = PCURVE('',#438,#560);
#560 = DEFINITIONAL_REPRESENTATION('',(#561),#565);
#561 = LINE('',#562,#563);
#562 = CARTESIAN_POINT('',(0.,86.5));
#563 = VECTOR('',#564,1.);
#564 = DIRECTION('',(1.,0.));
#565 = ( GEOMETRIC_REPRESENTATION_CONTEXT(2) 
PARAMETRIC_REPRESENTATION_CONTEXT() REPRESENTATION_CONTEXT('2D SPACE',''
  ) );
#566 = PCURVE('',#410,#567);
#567 = DEFINITIONAL_REPRESENTATION('',(#568),#572);
#568 = LINE('',#569,#570);
#569 = CARTESIAN_POINT('',(0.,-25.));
#570 = VECTOR('',#571,1.);
#571 = DIRECTION('',(1.,0.));
#572 = ( GEOMETRIC_REPRESENTATION_CONTEXT(2) 
PARAMETRIC_REPRESENTATION_CONTEXT() REPRESENTATION_CONTEXT('2D SPACE',''
  ) );
#573 = ORIENTED_EDGE('',*,*,#574,.T.);
#574 = EDGE_CURVE('',#552,#480,#575,.T.);
#575 = SURFACE_CURVE('',#576,(#580,#587),.PCURVE_S1.);
#576 = LINE('',#577,#578);
#577 = CARTESIAN_POINT('',(0.,25.,100.));
#578 = VECTOR('',#579,1.);
#579 = DIRECTION('',(1.,0.,0.));
#580 = PCURVE('',#438,#581);
#581 = DEFINITIONAL_REPRESENTATION('',(#582),#586);
#582 = LINE('',#583,#584);
#583 = CARTESIAN_POINT('',(100.,0.));
#584 = VECTOR('',#585,1.);
#585 = DIRECTION('',(0.,1.));
#586 = ( GEOMETRIC_REPRESENTATION_CONTEXT(2) 
PARAMETRIC_REPRESENTATION_CONTEXT() REPRESENTATION_CONTEXT('2D SPACE',''
  ) );
#587 = PCURVE('',#126,#588);
#588 = DEFINITIONAL_REPRESENTATION('',(#589),#593);
#589 = LINE('',#590,#591);
#590 = CARTESIAN_POINT('',(0.,0.));
#591 = VECTOR('',#592,1.);
#592 = DIRECTION('',(1.,0.));
#593 = ( GEOMETRIC_REPRESENTATION_CONTEXT(2) 
PARAMETRIC_REPRESENTATION_CONTEXT() REPRESENTATION_CONTEXT('2D SPACE',''
  ) );
#594 = ORIENTED_EDGE('',*,*,#479,.F.);
#595 = ADVANCED_FACE('',(#596,#644,#679),#410,.T.);
#596 = FACE_BOUND('',#597,.T.);
#597 = EDGE_LOOP('',(#598,#621,#622,#623));
#598 = ORIENTED_EDGE('',*,*,#599,.F.);
#599 = EDGE_CURVE('',#367,#600,#602,.T.);
#600 = VERTEX_POINT('',#601);
#601 = CARTESIAN_POINT('',(86.5,0.,100.));
#602 = SURFACE_CURVE('',#603,(#607,#614),.PCURVE_S1.);
#603 = LINE('',#604,#605);
#604 = CARTESIAN_POINT('',(86.5,0.,0.));
#605 = VECTOR('',#606,1.);
#606 = DIRECTION('',(0.,0.,1.));
#607 = PCURVE('',#410,#608);
#608 = DEFINITIONAL_REPRESENTATION('',(#609),#613);
#609 = LINE('',#610,#611);
#610 = CARTESIAN_POINT('',(0.,0.));
#611 = VECTOR('',#612,1.);
#612 = DIRECTION('',(1.,0.));
#613 = ( GEOMETRIC_REPRESENTATION_CONTEXT(2) 
PARAMETRIC_REPRESENTATION_CONTEXT() REPRESENTATION_CONTEXT('2D SPACE',''
  ) );
#614 = PCURVE('',#382,#615);
#615 = DEFINITIONAL_REPRESENTATION('',(#616),#620);
#616 = LINE('',#617,#618);
#617 = CARTESIAN_POINT('',(0.,43.));
#618 = VECTOR('',#619,1.);
#619 = DIRECTION('',(1.,0.));
#620 = ( GEOMETRIC_REPRESENTATION_CONTEXT(2) 
PARAMETRIC_REPRESENTATION_CONTEXT() REPRESENTATION_CONTEXT('2D SPACE',''
  ) );
#621 = ORIENTED_EDGE('',*,*,#394,.T.);
#622 = ORIENTED_EDGE('',*,*,#551,.T.);
#623 = ORIENTED_EDGE('',*,*,#624,.F.);
#624 = EDGE_CURVE('',#600,#552,#625,.T.);
#625 = SURFACE_CURVE('',#626,(#630,#637),.PCURVE_S1.);
#626 = LINE('',#627,#628);
#627 = CARTESIAN_POINT('',(86.5,0.,100.));
#628 = VECTOR('',#629,1.);
#629 = DIRECTION('',(0.,1.,0.));
#630 = PCURVE('',#410,#631);
#631 = DEFINITIONAL_REPRESENTATION('',(#632),#636);
#632 = LINE('',#633,#634);
#633 = CARTESIAN_POINT('',(100.,0.));
#634 = VECTOR('',#635,1.);
#635 = DIRECTION('',(0.,-1.));
#636 = ( GEOMETRIC_REPRESENTATION_CONTEXT(2) 
PARAMETRIC_REPRESENTATION_CONTEXT() REPRESENTATION_CONTEXT('2D SPACE',''
  ) );
#637 = PCURVE('',#126,#638);
#638 = DEFINITIONAL_REPRESENTATION('',(#639),#643);
#639 = LINE('',#640,#641);
#640 = CARTESIAN_POINT('',(86.5,-25.));
#641 = VECTOR('',#642,1.);
#642 = DIRECTION('',(0.,1.));
#643 = ( GEOMETRIC_REPRESENTATION_CONTEXT(2) 
PARAMETRIC_REPRESENTATION_CONTEXT() REPRESENTATION_CONTEXT('2D SPACE',''
  ) );
#644 = FACE_BOUND('',#645,.T.);
#645 = EDGE_LOOP('',(#646));
#646 = ORIENTED_EDGE('',*,*,#647,.T.);
#647 = EDGE_CURVE('',#648,#648,#650,.T.);
#648 = VERTEX_POINT('',#649);
#649 = CARTESIAN_POINT('',(86.5,16.75,25.));
#650 = SURFACE_CURVE('',#651,(#656,#667),.PCURVE_S1.);
#651 = CIRCLE('',#652,4.25);
#652 = AXIS2_PLACEMENT_3D('',#653,#654,#655);
#653 = CARTESIAN_POINT('',(86.5,12.5,25.));
#654 = DIRECTION('',(-1.,0.,0.));
#655 = DIRECTION('',(0.,1.,0.));
#656 = PCURVE('',#410,#657);
#657 = DEFINITIONAL_REPRESENTATION('',(#658),#666);
#658 = ( BOUNDED_CURVE() B_SPLINE_CURVE(2,(#659,#660,#661,#662,#663,#664
,#665),.UNSPECIFIED.,.T.,.F.) B_SPLINE_CURVE_WITH_KNOTS((1,2,2,2,2,1),(
    -2.094395102393,0.,2.094395102393,4.188790204786,6.28318530718,
8.377580409573),.UNSPECIFIED.) CURVE() GEOMETRIC_REPRESENTATION_ITEM() 
RATIONAL_B_SPLINE_CURVE((1.,0.5,1.,0.5,1.,0.5,1.)) REPRESENTATION_ITEM(
  '') );
#659 = CARTESIAN_POINT('',(25.,-16.75));
#660 = CARTESIAN_POINT('',(17.638784067832,-16.75));
#661 = CARTESIAN_POINT('',(21.319392033916,-10.375));
#662 = CARTESIAN_POINT('',(25.,-4.));
#663 = CARTESIAN_POINT('',(28.680607966084,-10.375));
#664 = CARTESIAN_POINT('',(32.361215932168,-16.75));
#665 = CARTESIAN_POINT('',(25.,-16.75));
#666 = ( GEOMETRIC_REPRESENTATION_CONTEXT(2) 
PARAMETRIC_REPRESENTATION_CONTEXT() REPRESENTATION_CONTEXT('2D SPACE',''
  ) );
#667 = PCURVE('',#668,#673);
#668 = CYLINDRICAL_SURFACE('',#669,4.25);
#669 = AXIS2_PLACEMENT_3D('',#670,#671,#672);
#670 = CARTESIAN_POINT('',(42.5,12.5,25.));
#671 = DIRECTION('',(-1.,0.,-0.));
#672 = DIRECTION('',(0.,1.,0.));
#673 = DEFINITIONAL_REPRESENTATION('',(#674),#678);
#674 = LINE('',#675,#676);
#675 = CARTESIAN_POINT('',(-6.28318530718,-44.));
#676 = VECTOR('',#677,1.);
#677 = DIRECTION('',(1.,-0.));
#678 = ( GEOMETRIC_REPRESENTATION_CONTEXT(2) 
PARAMETRIC_REPRESENTATION_CONTEXT() REPRESENTATION_CONTEXT('2D SPACE',''
  ) );
#679 = FACE_BOUND('',#680,.T.);
#680 = EDGE_LOOP('',(#681));
#681 = ORIENTED_EDGE('',*,*,#682,.T.);
#682 = EDGE_CURVE('',#683,#683,#685,.T.);
#683 = VERTEX_POINT('',#684);
#684 = CARTESIAN_POINT('',(86.5,16.75,85.));
#685 = SURFACE_CURVE('',#686,(#691,#702),.PCURVE_S1.);
#686 = CIRCLE('',#687,4.25);
#687 = AXIS2_PLACEMENT_3D('',#688,#689,#690);
#688 = CARTESIAN_POINT('',(86.5,12.5,85.));
#689 = DIRECTION('',(-1.,0.,0.));
#690 = DIRECTION('',(0.,1.,0.));
#691 = PCURVE('',#410,#692);
#692 = DEFINITIONAL_REPRESENTATION('',(#693),#701);
#693 = ( BOUNDED_CURVE() B_SPLINE_CURVE(2,(#694,#695,#696,#697,#698,#699
,#700),.UNSPECIFIED.,.T.,.F.) B_SPLINE_CURVE_WITH_KNOTS((1,2,2,2,2,1),(
    -2.094395102393,0.,2.094395102393,4.188790204786,6.28318530718,
8.377580409573),.UNSPECIFIED.) CURVE() GEOMETRIC_REPRESENTATION_ITEM() 
RATIONAL_B_SPLINE_CURVE((1.,0.5,1.,0.5,1.,0.5,1.)) REPRESENTATION_ITEM(
  '') );
#694 = CARTESIAN_POINT('',(85.,-16.75));
#695 = CARTESIAN_POINT('',(77.638784067832,-16.75));
#696 = CARTESIAN_POINT('',(81.319392033916,-10.375));
#697 = CARTESIAN_POINT('',(85.,-4.));
#698 = CARTESIAN_POINT('',(88.680607966084,-10.375));
#699 = CARTESIAN_POINT('',(92.361215932168,-16.75));
#700 = CARTESIAN_POINT('',(85.,-16.75));
#701 = ( GEOMETRIC_REPRESENTATION_CONTEXT(2) 
PARAMETRIC_REPRESENTATION_CONTEXT() REPRESENTATION_CONTEXT('2D SPACE',''
  ) );
#702 = PCURVE('',#703,#708);
#703 = CYLINDRICAL_SURFACE('',#704,4.25);
#704 = AXIS2_PLACEMENT_3D('',#705,#706,#707);
#705 = CARTESIAN_POINT('',(42.5,12.5,85.));
#706 = DIRECTION('',(-1.,0.,-0.));
#707 = DIRECTION('',(0.,1.,0.));
#708 = DEFINITIONAL_REPRESENTATION('',(#709),#713);
#709 = LINE('',#710,#711);
#710 = CARTESIAN_POINT('',(-6.28318530718,-44.));
#711 = VECTOR('',#712,1.);
#712 = DIRECTION('',(1.,-0.));
#713 = ( GEOMETRIC_REPRESENTATION_CONTEXT(2) 
PARAMETRIC_REPRESENTATION_CONTEXT() REPRESENTATION_CONTEXT('2D SPACE',''
  ) );
#714 = ADVANCED_FACE('',(#715),#703,.F.);
#715 = FACE_BOUND('',#716,.T.);
#716 = EDGE_LOOP('',(#717,#745,#766,#767));
#717 = ORIENTED_EDGE('',*,*,#718,.T.);
#718 = EDGE_CURVE('',#719,#719,#721,.T.);
#719 = VERTEX_POINT('',#720);
#720 = CARTESIAN_POINT('',(66.5,16.75,85.));
#721 = SURFACE_CURVE('',#722,(#727,#734),.PCURVE_S1.);
#722 = CIRCLE('',#723,4.25);
#723 = AXIS2_PLACEMENT_3D('',#724,#725,#726);
#724 = CARTESIAN_POINT('',(66.5,12.5,85.));
#725 = DIRECTION('',(-1.,0.,0.));
#726 = DIRECTION('',(0.,1.,0.));
#727 = PCURVE('',#703,#728);
#728 = DEFINITIONAL_REPRESENTATION('',(#729),#733);
#729 = LINE('',#730,#731);
#730 = CARTESIAN_POINT('',(-6.28318530718,-24.));
#731 = VECTOR('',#732,1.);
#732 = DIRECTION('',(1.,-0.));
#733 = ( GEOMETRIC_REPRESENTATION_CONTEXT(2) 
PARAMETRIC_REPRESENTATION_CONTEXT() REPRESENTATION_CONTEXT('2D SPACE',''
  ) );
#734 = PCURVE('',#354,#735);
#735 = DEFINITIONAL_REPRESENTATION('',(#736),#744);
#736 = ( BOUNDED_CURVE() B_SPLINE_CURVE(2,(#737,#738,#739,#740,#741,#742
,#743),.UNSPECIFIED.,.T.,.F.) B_SPLINE_CURVE_WITH_KNOTS((1,2,2,2,2,1),(
    -2.094395102393,0.,2.094395102393,4.188790204786,6.28318530718,
8.377580409573),.UNSPECIFIED.) CURVE() GEOMETRIC_REPRESENTATION_ITEM() 
RATIONAL_B_SPLINE_CURVE((1.,0.5,1.,0.5,1.,0.5,1.)) REPRESENTATION_ITEM(
  '') );
#737 = CARTESIAN_POINT('',(86.,-17.75));
#738 = CARTESIAN_POINT('',(78.638784067832,-17.75));
#739 = CARTESIAN_POINT('',(82.319392033916,-11.375));
#740 = CARTESIAN_POINT('',(86.,-5.));
#741 = CARTESIAN_POINT('',(89.680607966084,-11.375));
#742 = CARTESIAN_POINT('',(93.361215932168,-17.75));
#743 = CARTESIAN_POINT('',(86.,-17.75));
#744 = ( GEOMETRIC_REPRESENTATION_CONTEXT(2) 
PARAMETRIC_REPRESENTATION_CONTEXT() REPRESENTATION_CONTEXT('2D SPACE',''
  ) );
#745 = ORIENTED_EDGE('',*,*,#746,.T.);
#746 = EDGE_CURVE('',#719,#683,#747,.T.);
#747 = SEAM_CURVE('',#748,(#752,#759),.PCURVE_S1.);
#748 = LINE('',#749,#750);
#749 = CARTESIAN_POINT('',(42.5,16.75,85.));
#750 = VECTOR('',#751,1.);
#751 = DIRECTION('',(1.,0.,0.));
#752 = PCURVE('',#703,#753);
#753 = DEFINITIONAL_REPRESENTATION('',(#754),#758);
#754 = LINE('',#755,#756);
#755 = CARTESIAN_POINT('',(-6.28318530718,0.));
#756 = VECTOR('',#757,1.);
#757 = DIRECTION('',(-0.,-1.));
#758 = ( GEOMETRIC_REPRESENTATION_CONTEXT(2) 
PARAMETRIC_REPRESENTATION_CONTEXT() REPRESENTATION_CONTEXT('2D SPACE',''
  ) );
#759 = PCURVE('',#703,#760);
#760 = DEFINITIONAL_REPRESENTATION('',(#761),#765);
#761 = LINE('',#762,#763);
#762 = CARTESIAN_POINT('',(-0.,0.));
#763 = VECTOR('',#764,1.);
#764 = DIRECTION('',(-0.,-1.));
#765 = ( GEOMETRIC_REPRESENTATION_CONTEXT(2) 
PARAMETRIC_REPRESENTATION_CONTEXT() REPRESENTATION_CONTEXT('2D SPACE',''
  ) );
#766 = ORIENTED_EDGE('',*,*,#682,.F.);
#767 = ORIENTED_EDGE('',*,*,#746,.F.);
#768 = ADVANCED_FACE('',(#769),#668,.F.);
#769 = FACE_BOUND('',#770,.T.);
#770 = EDGE_LOOP('',(#771,#799,#820,#821));
#771 = ORIENTED_EDGE('',*,*,#772,.T.);
#772 = EDGE_CURVE('',#773,#773,#775,.T.);
#773 = VERTEX_POINT('',#774);
#774 = CARTESIAN_POINT('',(66.5,16.75,25.));
#775 = SURFACE_CURVE('',#776,(#781,#788),.PCURVE_S1.);
#776 = CIRCLE('',#777,4.25);
#777 = AXIS2_PLACEMENT_3D('',#778,#779,#780);
#778 = CARTESIAN_POINT('',(66.5,12.5,25.));
#779 = DIRECTION('',(-1.,0.,0.));
#780 = DIRECTION('',(0.,1.,0.));
#781 = PCURVE('',#668,#782);
#782 = DEFINITIONAL_REPRESENTATION('',(#783),#787);
#783 = LINE('',#784,#785);
#784 = CARTESIAN_POINT('',(-6.28318530718,-24.));
#785 = VECTOR('',#786,1.);
#786 = DIRECTION('',(1.,-0.));
#787 = ( GEOMETRIC_REPRESENTATION_CONTEXT(2) 
PARAMETRIC_REPRESENTATION_CONTEXT() REPRESENTATION_CONTEXT('2D SPACE',''
  ) );
#788 = PCURVE('',#354,#789);
#789 = DEFINITIONAL_REPRESENTATION('',(#790),#798);
#790 = ( BOUNDED_CURVE() B_SPLINE_CURVE(2,(#791,#792,#793,#794,#795,#796
,#797),.UNSPECIFIED.,.T.,.F.) B_SPLINE_CURVE_WITH_KNOTS((1,2,2,2,2,1),(
    -2.094395102393,0.,2.094395102393,4.188790204786,6.28318530718,
8.377580409573),.UNSPECIFIED.) CURVE() GEOMETRIC_REPRESENTATION_ITEM() 
RATIONAL_B_SPLINE_CURVE((1.,0.5,1.,0.5,1.,0.5,1.)) REPRESENTATION_ITEM(
  '') );
#791 = CARTESIAN_POINT('',(26.,-17.75));
#792 = CARTESIAN_POINT('',(18.638784067832,-17.75));
#793 = CARTESIAN_POINT('',(22.319392033916,-11.375));
#794 = CARTESIAN_POINT('',(26.,-5.));
#795 = CARTESIAN_POINT('',(29.680607966084,-11.375));
#796 = CARTESIAN_POINT('',(33.361215932168,-17.75));
#797 = CARTESIAN_POINT('',(26.,-17.75));
#798 = ( GEOMETRIC_REPRESENTATION_CONTEXT(2) 
PARAMETRIC_REPRESENTATION_CONTEXT() REPRESENTATION_CONTEXT('2D SPACE',''
  ) );
#799 = ORIENTED_EDGE('',*,*,#800,.T.);
#800 = EDGE_CURVE('',#773,#648,#801,.T.);
#801 = SEAM_CURVE('',#802,(#806,#813),.PCURVE_S1.);
#802 = LINE('',#803,#804);
#803 = CARTESIAN_POINT('',(42.5,16.75,25.));
#804 = VECTOR('',#805,1.);
#805 = DIRECTION('',(1.,0.,0.));
#806 = PCURVE('',#668,#807);
#807 = DEFINITIONAL_REPRESENTATION('',(#808),#812);
#808 = LINE('',#809,#810);
#809 = CARTESIAN_POINT('',(-6.28318530718,0.));
#810 = VECTOR('',#811,1.);
#811 = DIRECTION('',(-0.,-1.));
#812 = ( GEOMETRIC_REPRESENTATION_CONTEXT(2) 
PARAMETRIC_REPRESENTATION_CONTEXT() REPRESENTATION_CONTEXT('2D SPACE',''
  ) );
#813 = PCURVE('',#668,#814);
#814 = DEFINITIONAL_REPRESENTATION('',(#815),#819);
#815 = LINE('',#816,#817);
#816 = CARTESIAN_POINT('',(-0.,0.));
#817 = VECTOR('',#818,1.);
#818 = DIRECTION('',(-0.,-1.));
#819 = ( GEOMETRIC_REPRESENTATION_CONTEXT(2) 
PARAMETRIC_REPRESENTATION_CONTEXT() REPRESENTATION_CONTEXT('2D SPACE',''
  ) );
#820 = ORIENTED_EDGE('',*,*,#647,.F.);
#821 = ORIENTED_EDGE('',*,*,#800,.F.);
#822 = ADVANCED_FACE('',(#823),#382,.F.);
#823 = FACE_BOUND('',#824,.F.);
#824 = EDGE_LOOP('',(#825,#826,#849,#870));
#825 = ORIENTED_EDGE('',*,*,#366,.F.);
#826 = ORIENTED_EDGE('',*,*,#827,.F.);
#827 = EDGE_CURVE('',#828,#339,#830,.T.);
#828 = VERTEX_POINT('',#829);
#829 = CARTESIAN_POINT('',(66.5,0.,100.));
#830 = SURFACE_CURVE('',#831,(#835,#842),.PCURVE_S1.);
#831 = LINE('',#832,#833);
#832 = CARTESIAN_POINT('',(66.5,0.,-0.5));
#833 = VECTOR('',#834,1.);
#834 = DIRECTION('',(0.,0.,-1.));
#835 = PCURVE('',#382,#836);
#836 = DEFINITIONAL_REPRESENTATION('',(#837),#841);
#837 = LINE('',#838,#839);
#838 = CARTESIAN_POINT('',(-0.5,23.));
#839 = VECTOR('',#840,1.);
#840 = DIRECTION('',(-1.,0.));
#841 = ( GEOMETRIC_REPRESENTATION_CONTEXT(2) 
PARAMETRIC_REPRESENTATION_CONTEXT() REPRESENTATION_CONTEXT('2D SPACE',''
  ) );
#842 = PCURVE('',#354,#843);
#843 = DEFINITIONAL_REPRESENTATION('',(#844),#848);
#844 = LINE('',#845,#846);
#845 = CARTESIAN_POINT('',(0.5,-1.));
#846 = VECTOR('',#847,1.);
#847 = DIRECTION('',(-1.,0.));
#848 = ( GEOMETRIC_REPRESENTATION_CONTEXT(2) 
PARAMETRIC_REPRESENTATION_CONTEXT() REPRESENTATION_CONTEXT('2D SPACE',''
  ) );
#849 = ORIENTED_EDGE('',*,*,#850,.T.);
#850 = EDGE_CURVE('',#828,#600,#851,.T.);
#851 = SURFACE_CURVE('',#852,(#856,#863),.PCURVE_S1.);
#852 = LINE('',#853,#854);
#853 = CARTESIAN_POINT('',(43.5,0.,100.));
#854 = VECTOR('',#855,1.);
#855 = DIRECTION('',(1.,0.,0.));
#856 = PCURVE('',#382,#857);
#857 = DEFINITIONAL_REPRESENTATION('',(#858),#862);
#858 = LINE('',#859,#860);
#859 = CARTESIAN_POINT('',(100.,0.));
#860 = VECTOR('',#861,1.);
#861 = DIRECTION('',(0.,1.));
#862 = ( GEOMETRIC_REPRESENTATION_CONTEXT(2) 
PARAMETRIC_REPRESENTATION_CONTEXT() REPRESENTATION_CONTEXT('2D SPACE',''
  ) );
#863 = PCURVE('',#126,#864);
#864 = DEFINITIONAL_REPRESENTATION('',(#865),#869);
#865 = LINE('',#866,#867);
#866 = CARTESIAN_POINT('',(43.5,-25.));
#867 = VECTOR('',#868,1.);
#868 = DIRECTION('',(1.,0.));
#869 = ( GEOMETRIC_REPRESENTATION_CONTEXT(2) 
PARAMETRIC_REPRESENTATION_CONTEXT() REPRESENTATION_CONTEXT('2D SPACE',''
  ) );
#870 = ORIENTED_EDGE('',*,*,#599,.F.);
#871 = ADVANCED_FACE('',(#872,#920,#923),#354,.F.);
#872 = FACE_BOUND('',#873,.F.);
#873 = EDGE_LOOP('',(#874,#897,#898,#899));
#874 = ORIENTED_EDGE('',*,*,#875,.T.);
#875 = EDGE_CURVE('',#876,#828,#878,.T.);
#876 = VERTEX_POINT('',#877);
#877 = CARTESIAN_POINT('',(66.5,37.521432946392,100.));
#878 = SURFACE_CURVE('',#879,(#883,#890),.PCURVE_S1.);
#879 = LINE('',#880,#881);
#880 = CARTESIAN_POINT('',(66.5,37.521432946392,100.));
#881 = VECTOR('',#882,1.);
#882 = DIRECTION('',(0.,-1.,0.));
#883 = PCURVE('',#354,#884);
#884 = DEFINITIONAL_REPRESENTATION('',(#885),#889);
#885 = LINE('',#886,#887);
#886 = CARTESIAN_POINT('',(101.,-38.52143294639));
#887 = VECTOR('',#888,1.);
#888 = DIRECTION('',(0.,1.));
#889 = ( GEOMETRIC_REPRESENTATION_CONTEXT(2) 
PARAMETRIC_REPRESENTATION_CONTEXT() REPRESENTATION_CONTEXT('2D SPACE',''
  ) );
#890 = PCURVE('',#126,#891);
#891 = DEFINITIONAL_REPRESENTATION('',(#892),#896);
#892 = LINE('',#893,#894);
#893 = CARTESIAN_POINT('',(66.5,12.521432946392));
#894 = VECTOR('',#895,1.);
#895 = DIRECTION('',(0.,-1.));
#896 = ( GEOMETRIC_REPRESENTATION_CONTEXT(2) 
PARAMETRIC_REPRESENTATION_CONTEXT() REPRESENTATION_CONTEXT('2D SPACE',''
  ) );
#897 = ORIENTED_EDGE('',*,*,#827,.T.);
#898 = ORIENTED_EDGE('',*,*,#338,.T.);
#899 = ORIENTED_EDGE('',*,*,#900,.F.);
#900 = EDGE_CURVE('',#876,#306,#901,.T.);
#901 = SURFACE_CURVE('',#902,(#906,#913),.PCURVE_S1.);
#902 = LINE('',#903,#904);
#903 = CARTESIAN_POINT('',(66.5,37.521432946392,-1.));
#904 = VECTOR('',#905,1.);
#905 = DIRECTION('',(-0.,-0.,-1.));
#906 = PCURVE('',#354,#907);
#907 = DEFINITIONAL_REPRESENTATION('',(#908),#912);
#908 = LINE('',#909,#910);
#909 = CARTESIAN_POINT('',(0.,-38.52143294639));
#910 = VECTOR('',#911,1.);
#911 = DIRECTION('',(-1.,0.));
#912 = ( GEOMETRIC_REPRESENTATION_CONTEXT(2) 
PARAMETRIC_REPRESENTATION_CONTEXT() REPRESENTATION_CONTEXT('2D SPACE',''
  ) );
#913 = PCURVE('',#326,#914);
#914 = DEFINITIONAL_REPRESENTATION('',(#915),#919);
#915 = LINE('',#916,#917);
#916 = CARTESIAN_POINT('',(-4.740964297654,0.));
#917 = VECTOR('',#918,1.);
#918 = DIRECTION('',(-0.,1.));
#919 = ( GEOMETRIC_REPRESENTATION_CONTEXT(2) 
PARAMETRIC_REPRESENTATION_CONTEXT() REPRESENTATION_CONTEXT('2D SPACE',''
  ) );
#920 = FACE_BOUND('',#921,.F.);
#921 = EDGE_LOOP('',(#922));
#922 = ORIENTED_EDGE('',*,*,#772,.T.);
#923 = FACE_BOUND('',#924,.F.);
#924 = EDGE_LOOP('',(#925));
#925 = ORIENTED_EDGE('',*,*,#718,.T.);
#926 = ADVANCED_FACE('',(#927),#326,.F.);
#927 = FACE_BOUND('',#928,.T.);
#928 = EDGE_LOOP('',(#929,#957,#978,#979));
#929 = ORIENTED_EDGE('',*,*,#930,.F.);
#930 = EDGE_CURVE('',#931,#876,#933,.T.);
#931 = VERTEX_POINT('',#932);
#932 = CARTESIAN_POINT('',(117.5,90.,100.));
#933 = SURFACE_CURVE('',#934,(#939,#946),.PCURVE_S1.);
#934 = CIRCLE('',#935,52.5);
#935 = AXIS2_PLACEMENT_3D('',#936,#937,#938);
#936 = CARTESIAN_POINT('',(65.,90.,100.));
#937 = DIRECTION('',(0.,0.,-1.));
#938 = DIRECTION('',(1.,0.,0.));
#939 = PCURVE('',#326,#940);
#940 = DEFINITIONAL_REPRESENTATION('',(#941),#945);
#941 = LINE('',#942,#943);
#942 = CARTESIAN_POINT('',(-6.28318530718,-101.));
#943 = VECTOR('',#944,1.);
#944 = DIRECTION('',(1.,-0.));
#945 = ( GEOMETRIC_REPRESENTATION_CONTEXT(2) 
PARAMETRIC_REPRESENTATION_CONTEXT() REPRESENTATION_CONTEXT('2D SPACE',''
  ) );
#946 = PCURVE('',#126,#947);
#947 = DEFINITIONAL_REPRESENTATION('',(#948),#956);
#948 = ( BOUNDED_CURVE() B_SPLINE_CURVE(2,(#949,#950,#951,#952,#953,#954
,#955),.UNSPECIFIED.,.T.,.F.) B_SPLINE_CURVE_WITH_KNOTS((1,2,2,2,2,1),(
    -2.094395102393,0.,2.094395102393,4.188790204786,6.28318530718,
8.377580409573),.UNSPECIFIED.) CURVE() GEOMETRIC_REPRESENTATION_ITEM() 
RATIONAL_B_SPLINE_CURVE((1.,0.5,1.,0.5,1.,0.5,1.)) REPRESENTATION_ITEM(
  '') );
#949 = CARTESIAN_POINT('',(117.5,65.));
#950 = CARTESIAN_POINT('',(117.5,-25.93266739736));
#951 = CARTESIAN_POINT('',(38.75,19.533666301317));
#952 = CARTESIAN_POINT('',(-40.,65.));
#953 = CARTESIAN_POINT('',(38.75,110.46633369868));
#954 = CARTESIAN_POINT('',(117.5,155.93266739736));
#955 = CARTESIAN_POINT('',(117.5,65.));
#956 = ( GEOMETRIC_REPRESENTATION_CONTEXT(2) 
PARAMETRIC_REPRESENTATION_CONTEXT() REPRESENTATION_CONTEXT('2D SPACE',''
  ) );
#957 = ORIENTED_EDGE('',*,*,#958,.F.);
#958 = EDGE_CURVE('',#273,#931,#959,.T.);
#959 = SURFACE_CURVE('',#960,(#964,#971),.PCURVE_S1.);
#960 = LINE('',#961,#962);
#961 = CARTESIAN_POINT('',(117.5,90.,-1.));
#962 = VECTOR('',#963,1.);
#963 = DIRECTION('',(0.,0.,1.));
#964 = PCURVE('',#326,#965);
#965 = DEFINITIONAL_REPRESENTATION('',(#966),#970);
#966 = LINE('',#967,#968);
#967 = CARTESIAN_POINT('',(-6.28318530718,0.));
#968 = VECTOR('',#969,1.);
#969 = DIRECTION('',(-0.,-1.));
#970 = ( GEOMETRIC_REPRESENTATION_CONTEXT(2) 
PARAMETRIC_REPRESENTATION_CONTEXT() REPRESENTATION_CONTEXT('2D SPACE',''
  ) );
#971 = PCURVE('',#293,#972);
#972 = DEFINITIONAL_REPRESENTATION('',(#973),#977);
#973 = LINE('',#974,#975);
#974 = CARTESIAN_POINT('',(-0.,0.));
#975 = VECTOR('',#976,1.);
#976 = DIRECTION('',(-0.,-1.));
#977 = ( GEOMETRIC_REPRESENTATION_CONTEXT(2) 
PARAMETRIC_REPRESENTATION_CONTEXT() REPRESENTATION_CONTEXT('2D SPACE',''
  ) );
#978 = ORIENTED_EDGE('',*,*,#305,.T.);
#979 = ORIENTED_EDGE('',*,*,#900,.F.);
#980 = ADVANCED_FACE('',(#981),#293,.F.);
#981 = FACE_BOUND('',#982,.T.);
#982 = EDGE_LOOP('',(#983,#984,#985,#1013));
#983 = ORIENTED_EDGE('',*,*,#272,.T.);
#984 = ORIENTED_EDGE('',*,*,#958,.T.);
#985 = ORIENTED_EDGE('',*,*,#986,.F.);
#986 = EDGE_CURVE('',#987,#931,#989,.T.);
#987 = VERTEX_POINT('',#988);
#988 = CARTESIAN_POINT('',(63.5,37.521432946392,100.));
#989 = SURFACE_CURVE('',#990,(#995,#1002),.PCURVE_S1.);
#990 = CIRCLE('',#991,52.5);
#991 = AXIS2_PLACEMENT_3D('',#992,#993,#994);
#992 = CARTESIAN_POINT('',(65.,90.,100.));
#993 = DIRECTION('',(0.,0.,-1.));
#994 = DIRECTION('',(1.,0.,0.));
#995 = PCURVE('',#293,#996);
#996 = DEFINITIONAL_REPRESENTATION('',(#997),#1001);
#997 = LINE('',#998,#999);
#998 = CARTESIAN_POINT('',(-6.28318530718,-101.));
#999 = VECTOR('',#1000,1.);
#1000 = DIRECTION('',(1.,-0.));
#1001 = ( GEOMETRIC_REPRESENTATION_CONTEXT(2) 
PARAMETRIC_REPRESENTATION_CONTEXT() REPRESENTATION_CONTEXT('2D SPACE',''
  ) );
#1002 = PCURVE('',#126,#1003);
#1003 = DEFINITIONAL_REPRESENTATION('',(#1004),#1012);
#1004 = ( BOUNDED_CURVE() B_SPLINE_CURVE(2,(#1005,#1006,#1007,#1008,
#1009,#1010,#1011),.UNSPECIFIED.,.T.,.F.) B_SPLINE_CURVE_WITH_KNOTS((1,2
    ,2,2,2,1),(-2.094395102393,0.,2.094395102393,4.188790204786,
6.28318530718,8.377580409573),.UNSPECIFIED.) CURVE() 
GEOMETRIC_REPRESENTATION_ITEM() RATIONAL_B_SPLINE_CURVE((1.,0.5,1.,0.5,
1.,0.5,1.)) REPRESENTATION_ITEM('') );
#1005 = CARTESIAN_POINT('',(117.5,65.));
#1006 = CARTESIAN_POINT('',(117.5,-25.93266739736));
#1007 = CARTESIAN_POINT('',(38.75,19.533666301317));
#1008 = CARTESIAN_POINT('',(-40.,65.));
#1009 = CARTESIAN_POINT('',(38.75,110.46633369868));
#1010 = CARTESIAN_POINT('',(117.5,155.93266739736));
#1011 = CARTESIAN_POINT('',(117.5,65.));
#1012 = ( GEOMETRIC_REPRESENTATION_CONTEXT(2) 
PARAMETRIC_REPRESENTATION_CONTEXT() REPRESENTATION_CONTEXT('2D SPACE',''
  ) );
#1013 = ORIENTED_EDGE('',*,*,#1014,.T.);
#1014 = EDGE_CURVE('',#987,#245,#1015,.T.);
#1015 = SURFACE_CURVE('',#1016,(#1020,#1027),.PCURVE_S1.);
#1016 = LINE('',#1017,#1018);
#1017 = CARTESIAN_POINT('',(63.5,37.521432946392,-1.));
#1018 = VECTOR('',#1019,1.);
#1019 = DIRECTION('',(-0.,-0.,-1.));
#1020 = PCURVE('',#293,#1021);
#1021 = DEFINITIONAL_REPRESENTATION('',(#1022),#1026);
#1022 = LINE('',#1023,#1024);
#1023 = CARTESIAN_POINT('',(-4.683813663115,0.));
#1024 = VECTOR('',#1025,1.);
#1025 = DIRECTION('',(-0.,1.));
#1026 = ( GEOMETRIC_REPRESENTATION_CONTEXT(2) 
PARAMETRIC_REPRESENTATION_CONTEXT() REPRESENTATION_CONTEXT('2D SPACE',''
  ) );
#1027 = PCURVE('',#260,#1028);
#1028 = DEFINITIONAL_REPRESENTATION('',(#1029),#1033);
#1029 = LINE('',#1030,#1031);
#1030 = CARTESIAN_POINT('',(0.,-38.52143294639));
#1031 = VECTOR('',#1032,1.);
#1032 = DIRECTION('',(-1.,0.));
#1033 = ( GEOMETRIC_REPRESENTATION_CONTEXT(2) 
PARAMETRIC_REPRESENTATION_CONTEXT() REPRESENTATION_CONTEXT('2D SPACE',''
  ) );
#1034 = ADVANCED_FACE('',(#1035,#1083,#1118),#260,.T.);
#1035 = FACE_BOUND('',#1036,.T.);
#1036 = EDGE_LOOP('',(#1037,#1060,#1081,#1082));
#1037 = ORIENTED_EDGE('',*,*,#1038,.F.);
#1038 = EDGE_CURVE('',#1039,#987,#1041,.T.);
#1039 = VERTEX_POINT('',#1040);
#1040 = CARTESIAN_POINT('',(63.5,0.,100.));
#1041 = SURFACE_CURVE('',#1042,(#1046,#1053),.PCURVE_S1.);
#1042 = LINE('',#1043,#1044);
#1043 = CARTESIAN_POINT('',(63.5,0.,100.));
#1044 = VECTOR('',#1045,1.);
#1045 = DIRECTION('',(0.,1.,0.));
#1046 = PCURVE('',#260,#1047);
#1047 = DEFINITIONAL_REPRESENTATION('',(#1048),#1052);
#1048 = LINE('',#1049,#1050);
#1049 = CARTESIAN_POINT('',(101.,-1.));
#1050 = VECTOR('',#1051,1.);
#1051 = DIRECTION('',(0.,-1.));
#1052 = ( GEOMETRIC_REPRESENTATION_CONTEXT(2) 
PARAMETRIC_REPRESENTATION_CONTEXT() REPRESENTATION_CONTEXT('2D SPACE',''
  ) );
#1053 = PCURVE('',#126,#1054);
#1054 = DEFINITIONAL_REPRESENTATION('',(#1055),#1059);
#1055 = LINE('',#1056,#1057);
#1056 = CARTESIAN_POINT('',(63.5,-25.));
#1057 = VECTOR('',#1058,1.);
#1058 = DIRECTION('',(0.,1.));
#1059 = ( GEOMETRIC_REPRESENTATION_CONTEXT(2) 
PARAMETRIC_REPRESENTATION_CONTEXT() REPRESENTATION_CONTEXT('2D SPACE',''
  ) );
#1060 = ORIENTED_EDGE('',*,*,#1061,.T.);
#1061 = EDGE_CURVE('',#1039,#217,#1062,.T.);
#1062 = SURFACE_CURVE('',#1063,(#1067,#1074),.PCURVE_S1.);
#1063 = LINE('',#1064,#1065);
#1064 = CARTESIAN_POINT('',(63.5,0.,-0.5));
#1065 = VECTOR('',#1066,1.);
#1066 = DIRECTION('',(0.,0.,-1.));
#1067 = PCURVE('',#260,#1068);
#1068 = DEFINITIONAL_REPRESENTATION('',(#1069),#1073);
#1069 = LINE('',#1070,#1071);
#1070 = CARTESIAN_POINT('',(0.5,-1.));
#1071 = VECTOR('',#1072,1.);
#1072 = DIRECTION('',(-1.,0.));
#1073 = ( GEOMETRIC_REPRESENTATION_CONTEXT(2) 
PARAMETRIC_REPRESENTATION_CONTEXT() REPRESENTATION_CONTEXT('2D SPACE',''
  ) );
#1074 = PCURVE('',#232,#1075);
#1075 = DEFINITIONAL_REPRESENTATION('',(#1076),#1080);
#1076 = LINE('',#1077,#1078);
#1077 = CARTESIAN_POINT('',(-0.5,20.));
#1078 = VECTOR('',#1079,1.);
#1079 = DIRECTION('',(-1.,0.));
#1080 = ( GEOMETRIC_REPRESENTATION_CONTEXT(2) 
PARAMETRIC_REPRESENTATION_CONTEXT() REPRESENTATION_CONTEXT('2D SPACE',''
  ) );
#1081 = ORIENTED_EDGE('',*,*,#244,.F.);
#1082 = ORIENTED_EDGE('',*,*,#1014,.F.);
#1083 = FACE_BOUND('',#1084,.T.);
#1084 = EDGE_LOOP('',(#1085));
#1085 = ORIENTED_EDGE('',*,*,#1086,.T.);
#1086 = EDGE_CURVE('',#1087,#1087,#1089,.T.);
#1087 = VERTEX_POINT('',#1088);
#1088 = CARTESIAN_POINT('',(63.5,16.75,25.));
#1089 = SURFACE_CURVE('',#1090,(#1095,#1106),.PCURVE_S1.);
#1090 = CIRCLE('',#1091,4.25);
#1091 = AXIS2_PLACEMENT_3D('',#1092,#1093,#1094);
#1092 = CARTESIAN_POINT('',(63.5,12.5,25.));
#1093 = DIRECTION('',(-1.,0.,0.));
#1094 = DIRECTION('',(0.,1.,0.));
#1095 = PCURVE('',#260,#1096);
#1096 = DEFINITIONAL_REPRESENTATION('',(#1097),#1105);
#1097 = ( BOUNDED_CURVE() B_SPLINE_CURVE(2,(#1098,#1099,#1100,#1101,
#1102,#1103,#1104),.UNSPECIFIED.,.T.,.F.) B_SPLINE_CURVE_WITH_KNOTS((1,2
    ,2,2,2,1),(-2.094395102393,0.,2.094395102393,4.188790204786,
6.28318530718,8.377580409573),.UNSPECIFIED.) CURVE() 
GEOMETRIC_REPRESENTATION_ITEM() RATIONAL_B_SPLINE_CURVE((1.,0.5,1.,0.5,
1.,0.5,1.)) REPRESENTATION_ITEM('') );
#1098 = CARTESIAN_POINT('',(26.,-17.75));
#1099 = CARTESIAN_POINT('',(18.638784067832,-17.75));
#1100 = CARTESIAN_POINT('',(22.319392033916,-11.375));
#1101 = CARTESIAN_POINT('',(26.,-5.));
#1102 = CARTESIAN_POINT('',(29.680607966084,-11.375));
#1103 = CARTESIAN_POINT('',(33.361215932168,-17.75));
#1104 = CARTESIAN_POINT('',(26.,-17.75));
#1105 = ( GEOMETRIC_REPRESENTATION_CONTEXT(2) 
PARAMETRIC_REPRESENTATION_CONTEXT() REPRESENTATION_CONTEXT('2D SPACE',''
  ) );
#1106 = PCURVE('',#1107,#1112);
#1107 = CYLINDRICAL_SURFACE('',#1108,4.25);
#1108 = AXIS2_PLACEMENT_3D('',#1109,#1110,#1111);
#1109 = CARTESIAN_POINT('',(42.5,12.5,25.));
#1110 = DIRECTION('',(-1.,0.,-0.));
#1111 = DIRECTION('',(0.,1.,0.));
#1112 = DEFINITIONAL_REPRESENTATION('',(#1113),#1117);
#1113 = LINE('',#1114,#1115);
#1114 = CARTESIAN_POINT('',(-6.28318530718,-21.));
#1115 = VECTOR('',#1116,1.);
#1116 = DIRECTION('',(1.,-0.));
#1117 = ( GEOMETRIC_REPRESENTATION_CONTEXT(2) 
PARAMETRIC_REPRESENTATION_CONTEXT() REPRESENTATION_CONTEXT('2D SPACE',''
  ) );
#1118 = FACE_BOUND('',#1119,.T.);
#1119 = EDGE_LOOP('',(#1120));
#1120 = ORIENTED_EDGE('',*,*,#1121,.T.);
#1121 = EDGE_CURVE('',#1122,#1122,#1124,.T.);
#1122 = VERTEX_POINT('',#1123);
#1123 = CARTESIAN_POINT('',(63.5,16.75,85.));
#1124 = SURFACE_CURVE('',#1125,(#1130,#1141),.PCURVE_S1.);
#1125 = CIRCLE('',#1126,4.25);
#1126 = AXIS2_PLACEMENT_3D('',#1127,#1128,#1129);
#1127 = CARTESIAN_POINT('',(63.5,12.5,85.));
#1128 = DIRECTION('',(-1.,0.,0.));
#1129 = DIRECTION('',(0.,1.,0.));
#1130 = PCURVE('',#260,#1131);
#1131 = DEFINITIONAL_REPRESENTATION('',(#1132),#1140);
#1132 = ( BOUNDED_CURVE() B_SPLINE_CURVE(2,(#1133,#1134,#1135,#1136,
#1137,#1138,#1139),.UNSPECIFIED.,.T.,.F.) B_SPLINE_CURVE_WITH_KNOTS((1,2
    ,2,2,2,1),(-2.094395102393,0.,2.094395102393,4.188790204786,
6.28318530718,8.377580409573),.UNSPECIFIED.) CURVE() 
GEOMETRIC_REPRESENTATION_ITEM() RATIONAL_B_SPLINE_CURVE((1.,0.5,1.,0.5,
1.,0.5,1.)) REPRESENTATION_ITEM('') );
#1133 = CARTESIAN_POINT('',(86.,-17.75));
#1134 = CARTESIAN_POINT('',(78.638784067832,-17.75));
#1135 = CARTESIAN_POINT('',(82.319392033916,-11.375));
#1136 = CARTESIAN_POINT('',(86.,-5.));
#1137 = CARTESIAN_POINT('',(89.680607966084,-11.375));
#1138 = CARTESIAN_POINT('',(93.361215932168,-17.75));
#1139 = CARTESIAN_POINT('',(86.,-17.75));
#1140 = ( GEOMETRIC_REPRESENTATION_CONTEXT(2) 
PARAMETRIC_REPRESENTATION_CONTEXT() REPRESENTATION_CONTEXT('2D SPACE',''
  ) );
#1141 = PCURVE('',#1142,#1147);
#1142 = CYLINDRICAL_SURFACE('',#1143,4.25);
#1143 = AXIS2_PLACEMENT_3D('',#1144,#1145,#1146);
#1144 = CARTESIAN_POINT('',(42.5,12.5,85.));
#1145 = DIRECTION('',(-1.,0.,-0.));
#1146 = DIRECTION('',(0.,1.,0.));
#1147 = DEFINITIONAL_REPRESENTATION('',(#1148),#1152);
#1148 = LINE('',#1149,#1150);
#1149 = CARTESIAN_POINT('',(-6.28318530718,-21.));
#1150 = VECTOR('',#1151,1.);
#1151 = DIRECTION('',(1.,-0.));
#1152 = ( GEOMETRIC_REPRESENTATION_CONTEXT(2) 
PARAMETRIC_REPRESENTATION_CONTEXT() REPRESENTATION_CONTEXT('2D SPACE',''
  ) );
#1153 = ADVANCED_FACE('',(#1154),#1142,.F.);
#1154 = FACE_BOUND('',#1155,.T.);
#1155 = EDGE_LOOP('',(#1156,#1184,#1205,#1206));
#1156 = ORIENTED_EDGE('',*,*,#1157,.T.);
#1157 = EDGE_CURVE('',#1158,#1158,#1160,.T.);
#1158 = VERTEX_POINT('',#1159);
#1159 = CARTESIAN_POINT('',(43.5,16.75,85.));
#1160 = SURFACE_CURVE('',#1161,(#1166,#1173),.PCURVE_S1.);
#1161 = CIRCLE('',#1162,4.25);
#1162 = AXIS2_PLACEMENT_3D('',#1163,#1164,#1165);
#1163 = CARTESIAN_POINT('',(43.5,12.5,85.));
#1164 = DIRECTION('',(-1.,0.,0.));
#1165 = DIRECTION('',(0.,1.,0.));
#1166 = PCURVE('',#1142,#1167);
#1167 = DEFINITIONAL_REPRESENTATION('',(#1168),#1172);
#1168 = LINE('',#1169,#1170);
#1169 = CARTESIAN_POINT('',(-6.28318530718,-1.));
#1170 = VECTOR('',#1171,1.);
#1171 = DIRECTION('',(1.,-0.));
#1172 = ( GEOMETRIC_REPRESENTATION_CONTEXT(2) 
PARAMETRIC_REPRESENTATION_CONTEXT() REPRESENTATION_CONTEXT('2D SPACE',''
  ) );
#1173 = PCURVE('',#204,#1174);
#1174 = DEFINITIONAL_REPRESENTATION('',(#1175),#1183);
#1175 = ( BOUNDED_CURVE() B_SPLINE_CURVE(2,(#1176,#1177,#1178,#1179,
#1180,#1181,#1182),.UNSPECIFIED.,.T.,.F.) B_SPLINE_CURVE_WITH_KNOTS((1,2
    ,2,2,2,1),(-2.094395102393,0.,2.094395102393,4.188790204786,
6.28318530718,8.377580409573),.UNSPECIFIED.) CURVE() 
GEOMETRIC_REPRESENTATION_ITEM() RATIONAL_B_SPLINE_CURVE((1.,0.5,1.,0.5,
1.,0.5,1.)) REPRESENTATION_ITEM('') );
#1176 = CARTESIAN_POINT('',(85.,-16.75));
#1177 = CARTESIAN_POINT('',(77.638784067832,-16.75));
#1178 = CARTESIAN_POINT('',(81.319392033916,-10.375));
#1179 = CARTESIAN_POINT('',(85.,-4.));
#1180 = CARTESIAN_POINT('',(88.680607966084,-10.375));
#1181 = CARTESIAN_POINT('',(92.361215932168,-16.75));
#1182 = CARTESIAN_POINT('',(85.,-16.75));
#1183 = ( GEOMETRIC_REPRESENTATION_CONTEXT(2) 
PARAMETRIC_REPRESENTATION_CONTEXT() REPRESENTATION_CONTEXT('2D SPACE',''
  ) );
#1184 = ORIENTED_EDGE('',*,*,#1185,.T.);
#1185 = EDGE_CURVE('',#1158,#1122,#1186,.T.);
#1186 = SEAM_CURVE('',#1187,(#1191,#1198),.PCURVE_S1.);
#1187 = LINE('',#1188,#1189);
#1188 = CARTESIAN_POINT('',(42.5,16.75,85.));
#1189 = VECTOR('',#1190,1.);
#1190 = DIRECTION('',(1.,0.,0.));
#1191 = PCURVE('',#1142,#1192);
#1192 = DEFINITIONAL_REPRESENTATION('',(#1193),#1197);
#1193 = LINE('',#1194,#1195);
#1194 = CARTESIAN_POINT('',(-6.28318530718,0.));
#1195 = VECTOR('',#1196,1.);
#1196 = DIRECTION('',(-0.,-1.));
#1197 = ( GEOMETRIC_REPRESENTATION_CONTEXT(2) 
PARAMETRIC_REPRESENTATION_CONTEXT() REPRESENTATION_CONTEXT('2D SPACE',''
  ) );
#1198 = PCURVE('',#1142,#1199);
#1199 = DEFINITIONAL_REPRESENTATION('',(#1200),#1204);
#1200 = LINE('',#1201,#1202);
#1201 = CARTESIAN_POINT('',(-0.,0.));
#1202 = VECTOR('',#1203,1.);
#1203 = DIRECTION('',(-0.,-1.));
#1204 = ( GEOMETRIC_REPRESENTATION_CONTEXT(2) 
PARAMETRIC_REPRESENTATION_CONTEXT() REPRESENTATION_CONTEXT('2D SPACE',''
  ) );
#1205 = ORIENTED_EDGE('',*,*,#1121,.F.);
#1206 = ORIENTED_EDGE('',*,*,#1185,.F.);
#1207 = ADVANCED_FACE('',(#1208),#1107,.F.);
#1208 = FACE_BOUND('',#1209,.T.);
#1209 = EDGE_LOOP('',(#1210,#1238,#1259,#1260));
#1210 = ORIENTED_EDGE('',*,*,#1211,.T.);
#1211 = EDGE_CURVE('',#1212,#1212,#1214,.T.);
#1212 = VERTEX_POINT('',#1213);
#1213 = CARTESIAN_POINT('',(43.5,16.75,25.));
#1214 = SURFACE_CURVE('',#1215,(#1220,#1227),.PCURVE_S1.);
#1215 = CIRCLE('',#1216,4.25);
#1216 = AXIS2_PLACEMENT_3D('',#1217,#1218,#1219);
#1217 = CARTESIAN_POINT('',(43.5,12.5,25.));
#1218 = DIRECTION('',(-1.,0.,0.));
#1219 = DIRECTION('',(0.,1.,0.));
#1220 = PCURVE('',#1107,#1221);
#1221 = DEFINITIONAL_REPRESENTATION('',(#1222),#1226);
#1222 = LINE('',#1223,#1224);
#1223 = CARTESIAN_POINT('',(-6.28318530718,-1.));
#1224 = VECTOR('',#1225,1.);
#1225 = DIRECTION('',(1.,-0.));
#1226 = ( GEOMETRIC_REPRESENTATION_CONTEXT(2) 
PARAMETRIC_REPRESENTATION_CONTEXT() REPRESENTATION_CONTEXT('2D SPACE',''
  ) );
#1227 = PCURVE('',#204,#1228);
#1228 = DEFINITIONAL_REPRESENTATION('',(#1229),#1237);
#1229 = ( BOUNDED_CURVE() B_SPLINE_CURVE(2,(#1230,#1231,#1232,#1233,
#1234,#1235,#1236),.UNSPECIFIED.,.T.,.F.) B_SPLINE_CURVE_WITH_KNOTS((1,2
    ,2,2,2,1),(-2.094395102393,0.,2.094395102393,4.188790204786,
6.28318530718,8.377580409573),.UNSPECIFIED.) CURVE() 
GEOMETRIC_REPRESENTATION_ITEM() RATIONAL_B_SPLINE_CURVE((1.,0.5,1.,0.5,
1.,0.5,1.)) REPRESENTATION_ITEM('') );
#1230 = CARTESIAN_POINT('',(25.,-16.75));
#1231 = CARTESIAN_POINT('',(17.638784067832,-16.75));
#1232 = CARTESIAN_POINT('',(21.319392033916,-10.375));
#1233 = CARTESIAN_POINT('',(25.,-4.));
#1234 = CARTESIAN_POINT('',(28.680607966084,-10.375));
#1235 = CARTESIAN_POINT('',(32.361215932168,-16.75));
#1236 = CARTESIAN_POINT('',(25.,-16.75));
#1237 = ( GEOMETRIC_REPRESENTATION_CONTEXT(2) 
PARAMETRIC_REPRESENTATION_CONTEXT() REPRESENTATION_CONTEXT('2D SPACE',''
  ) );
#1238 = ORIENTED_EDGE('',*,*,#1239,.T.);
#1239 = EDGE_CURVE('',#1212,#1087,#1240,.T.);
#1240 = SEAM_CURVE('',#1241,(#1245,#1252),.PCURVE_S1.);
#1241 = LINE('',#1242,#1243);
#1242 = CARTESIAN_POINT('',(42.5,16.75,25.));
#1243 = VECTOR('',#1244,1.);
#1244 = DIRECTION('',(1.,0.,0.));
#1245 = PCURVE('',#1107,#1246);
#1246 = DEFINITIONAL_REPRESENTATION('',(#1247),#1251);
#1247 = LINE('',#1248,#1249);
#1248 = CARTESIAN_POINT('',(-6.28318530718,0.));
#1249 = VECTOR('',#1250,1.);
#1250 = DIRECTION('',(-0.,-1.));
#1251 = ( GEOMETRIC_REPRESENTATION_CONTEXT(2) 
PARAMETRIC_REPRESENTATION_CONTEXT() REPRESENTATION_CONTEXT('2D SPACE',''
  ) );
#1252 = PCURVE('',#1107,#1253);
#1253 = DEFINITIONAL_REPRESENTATION('',(#1254),#1258);
#1254 = LINE('',#1255,#1256);
#1255 = CARTESIAN_POINT('',(-0.,0.));
#1256 = VECTOR('',#1257,1.);
#1257 = DIRECTION('',(-0.,-1.));
#1258 = ( GEOMETRIC_REPRESENTATION_CONTEXT(2) 
PARAMETRIC_REPRESENTATION_CONTEXT() REPRESENTATION_CONTEXT('2D SPACE',''
  ) );
#1259 = ORIENTED_EDGE('',*,*,#1086,.F.);
#1260 = ORIENTED_EDGE('',*,*,#1239,.F.);
#1261 = ADVANCED_FACE('',(#1262),#232,.F.);
#1262 = FACE_BOUND('',#1263,.F.);
#1263 = EDGE_LOOP('',(#1264,#1265,#1288,#1309));
#1264 = ORIENTED_EDGE('',*,*,#216,.F.);
#1265 = ORIENTED_EDGE('',*,*,#1266,.T.);
#1266 = EDGE_CURVE('',#189,#1267,#1269,.T.);
#1267 = VERTEX_POINT('',#1268);
#1268 = CARTESIAN_POINT('',(43.5,0.,100.));
#1269 = SURFACE_CURVE('',#1270,(#1274,#1281),.PCURVE_S1.);
#1270 = LINE('',#1271,#1272);
#1271 = CARTESIAN_POINT('',(43.5,0.,0.));
#1272 = VECTOR('',#1273,1.);
#1273 = DIRECTION('',(0.,0.,1.));
#1274 = PCURVE('',#232,#1275);
#1275 = DEFINITIONAL_REPRESENTATION('',(#1276),#1280);
#1276 = LINE('',#1277,#1278);
#1277 = CARTESIAN_POINT('',(0.,0.));
#1278 = VECTOR('',#1279,1.);
#1279 = DIRECTION('',(1.,0.));
#1280 = ( GEOMETRIC_REPRESENTATION_CONTEXT(2) 
PARAMETRIC_REPRESENTATION_CONTEXT() REPRESENTATION_CONTEXT('2D SPACE',''
  ) );
#1281 = PCURVE('',#204,#1282);
#1282 = DEFINITIONAL_REPRESENTATION('',(#1283),#1287);
#1283 = LINE('',#1284,#1285);
#1284 = CARTESIAN_POINT('',(0.,0.));
#1285 = VECTOR('',#1286,1.);
#1286 = DIRECTION('',(1.,0.));
#1287 = ( GEOMETRIC_REPRESENTATION_CONTEXT(2) 
PARAMETRIC_REPRESENTATION_CONTEXT() REPRESENTATION_CONTEXT('2D SPACE',''
  ) );
#1288 = ORIENTED_EDGE('',*,*,#1289,.T.);
#1289 = EDGE_CURVE('',#1267,#1039,#1290,.T.);
#1290 = SURFACE_CURVE('',#1291,(#1295,#1302),.PCURVE_S1.);
#1291 = LINE('',#1292,#1293);
#1292 = CARTESIAN_POINT('',(43.5,0.,100.));
#1293 = VECTOR('',#1294,1.);
#1294 = DIRECTION('',(1.,0.,0.));
#1295 = PCURVE('',#232,#1296);
#1296 = DEFINITIONAL_REPRESENTATION('',(#1297),#1301);
#1297 = LINE('',#1298,#1299);
#1298 = CARTESIAN_POINT('',(100.,0.));
#1299 = VECTOR('',#1300,1.);
#1300 = DIRECTION('',(0.,1.));
#1301 = ( GEOMETRIC_REPRESENTATION_CONTEXT(2) 
PARAMETRIC_REPRESENTATION_CONTEXT() REPRESENTATION_CONTEXT('2D SPACE',''
  ) );
#1302 = PCURVE('',#126,#1303);
#1303 = DEFINITIONAL_REPRESENTATION('',(#1304),#1308);
#1304 = LINE('',#1305,#1306);
#1305 = CARTESIAN_POINT('',(43.5,-25.));
#1306 = VECTOR('',#1307,1.);
#1307 = DIRECTION('',(1.,0.));
#1308 = ( GEOMETRIC_REPRESENTATION_CONTEXT(2) 
PARAMETRIC_REPRESENTATION_CONTEXT() REPRESENTATION_CONTEXT('2D SPACE',''
  ) );
#1309 = ORIENTED_EDGE('',*,*,#1061,.T.);
#1310 = ADVANCED_FACE('',(#1311,#1359,#1362),#204,.F.);
#1311 = FACE_BOUND('',#1312,.F.);
#1312 = EDGE_LOOP('',(#1313,#1314,#1315,#1338));
#1313 = ORIENTED_EDGE('',*,*,#1266,.F.);
#1314 = ORIENTED_EDGE('',*,*,#188,.T.);
#1315 = ORIENTED_EDGE('',*,*,#1316,.T.);
#1316 = EDGE_CURVE('',#166,#1317,#1319,.T.);
#1317 = VERTEX_POINT('',#1318);
#1318 = CARTESIAN_POINT('',(43.5,25.,100.));
#1319 = SURFACE_CURVE('',#1320,(#1324,#1331),.PCURVE_S1.);
#1320 = LINE('',#1321,#1322);
#1321 = CARTESIAN_POINT('',(43.5,25.,0.));
#1322 = VECTOR('',#1323,1.);
#1323 = DIRECTION('',(0.,0.,1.));
#1324 = PCURVE('',#204,#1325);
#1325 = DEFINITIONAL_REPRESENTATION('',(#1326),#1330);
#1326 = LINE('',#1327,#1328);
#1327 = CARTESIAN_POINT('',(0.,-25.));
#1328 = VECTOR('',#1329,1.);
#1329 = DIRECTION('',(1.,0.));
#1330 = ( GEOMETRIC_REPRESENTATION_CONTEXT(2) 
PARAMETRIC_REPRESENTATION_CONTEXT() REPRESENTATION_CONTEXT('2D SPACE',''
  ) );
#1331 = PCURVE('',#44,#1332);
#1332 = DEFINITIONAL_REPRESENTATION('',(#1333),#1337);
#1333 = LINE('',#1334,#1335);
#1334 = CARTESIAN_POINT('',(0.,43.5));
#1335 = VECTOR('',#1336,1.);
#1336 = DIRECTION('',(1.,0.));
#1337 = ( GEOMETRIC_REPRESENTATION_CONTEXT(2) 
PARAMETRIC_REPRESENTATION_CONTEXT() REPRESENTATION_CONTEXT('2D SPACE',''
  ) );
#1338 = ORIENTED_EDGE('',*,*,#1339,.F.);
#1339 = EDGE_CURVE('',#1267,#1317,#1340,.T.);
#1340 = SURFACE_CURVE('',#1341,(#1345,#1352),.PCURVE_S1.);
#1341 = LINE('',#1342,#1343);
#1342 = CARTESIAN_POINT('',(43.5,0.,100.));
#1343 = VECTOR('',#1344,1.);
#1344 = DIRECTION('',(0.,1.,0.));
#1345 = PCURVE('',#204,#1346);
#1346 = DEFINITIONAL_REPRESENTATION('',(#1347),#1351);
#1347 = LINE('',#1348,#1349);
#1348 = CARTESIAN_POINT('',(100.,0.));
#1349 = VECTOR('',#1350,1.);
#1350 = DIRECTION('',(0.,-1.));
#1351 = ( GEOMETRIC_REPRESENTATION_CONTEXT(2) 
PARAMETRIC_REPRESENTATION_CONTEXT() REPRESENTATION_CONTEXT('2D SPACE',''
  ) );
#1352 = PCURVE('',#126,#1353);
#1353 = DEFINITIONAL_REPRESENTATION('',(#1354),#1358);
#1354 = LINE('',#1355,#1356);
#1355 = CARTESIAN_POINT('',(43.5,-25.));
#1356 = VECTOR('',#1357,1.);
#1357 = DIRECTION('',(0.,1.));
#1358 = ( GEOMETRIC_REPRESENTATION_CONTEXT(2) 
PARAMETRIC_REPRESENTATION_CONTEXT() REPRESENTATION_CONTEXT('2D SPACE',''
  ) );
#1359 = FACE_BOUND('',#1360,.F.);
#1360 = EDGE_LOOP('',(#1361));
#1361 = ORIENTED_EDGE('',*,*,#1211,.T.);
#1362 = FACE_BOUND('',#1363,.F.);
#1363 = EDGE_LOOP('',(#1364));
#1364 = ORIENTED_EDGE('',*,*,#1157,.T.);
#1365 = ADVANCED_FACE('',(#1366,#1392,#1427,#1462,#1497,#1532,#1567,
    #1602,#1637),#100,.T.);
#1366 = FACE_BOUND('',#1367,.T.);
#1367 = EDGE_LOOP('',(#1368,#1369,#1370,#1391));
#1368 = ORIENTED_EDGE('',*,*,#141,.F.);
#1369 = ORIENTED_EDGE('',*,*,#84,.T.);
#1370 = ORIENTED_EDGE('',*,*,#1371,.T.);
#1371 = EDGE_CURVE('',#85,#504,#1372,.T.);
#1372 = SURFACE_CURVE('',#1373,(#1377,#1384),.PCURVE_S1.);
#1373 = LINE('',#1374,#1375);
#1374 = CARTESIAN_POINT('',(0.,155.5,100.));
#1375 = VECTOR('',#1376,1.);
#1376 = DIRECTION('',(1.,0.,0.));
#1377 = PCURVE('',#100,#1378);
#1378 = DEFINITIONAL_REPRESENTATION('',(#1379),#1383);
#1379 = LINE('',#1380,#1381);
#1380 = CARTESIAN_POINT('',(100.,0.));
#1381 = VECTOR('',#1382,1.);
#1382 = DIRECTION('',(0.,1.));
#1383 = ( GEOMETRIC_REPRESENTATION_CONTEXT(2) 
PARAMETRIC_REPRESENTATION_CONTEXT() REPRESENTATION_CONTEXT('2D SPACE',''
  ) );
#1384 = PCURVE('',#126,#1385);
#1385 = DEFINITIONAL_REPRESENTATION('',(#1386),#1390);
#1386 = LINE('',#1387,#1388);
#1387 = CARTESIAN_POINT('',(0.,130.5));
#1388 = VECTOR('',#1389,1.);
#1389 = DIRECTION('',(1.,0.));
#1390 = ( GEOMETRIC_REPRESENTATION_CONTEXT(2) 
PARAMETRIC_REPRESENTATION_CONTEXT() REPRESENTATION_CONTEXT('2D SPACE',''
  ) );
#1391 = ORIENTED_EDGE('',*,*,#503,.F.);
#1392 = FACE_BOUND('',#1393,.T.);
#1393 = EDGE_LOOP('',(#1394));
#1394 = ORIENTED_EDGE('',*,*,#1395,.T.);
#1395 = EDGE_CURVE('',#1396,#1396,#1398,.T.);
#1396 = VERTEX_POINT('',#1397);
#1397 = CARTESIAN_POINT('',(23.,155.5,7.));
#1398 = SURFACE_CURVE('',#1399,(#1404,#1415),.PCURVE_S1.);
#1399 = CIRCLE('',#1400,3.);
#1400 = AXIS2_PLACEMENT_3D('',#1401,#1402,#1403);
#1401 = CARTESIAN_POINT('',(20.,155.5,7.));
#1402 = DIRECTION('',(0.,-1.,0.));
#1403 = DIRECTION('',(1.,0.,0.));
#1404 = PCURVE('',#100,#1405);
#1405 = DEFINITIONAL_REPRESENTATION('',(#1406),#1414);
#1406 = ( BOUNDED_CURVE() B_SPLINE_CURVE(2,(#1407,#1408,#1409,#1410,
#1411,#1412,#1413),.UNSPECIFIED.,.T.,.F.) B_SPLINE_CURVE_WITH_KNOTS((1,2
    ,2,2,2,1),(-2.094395102393,0.,2.094395102393,4.188790204786,
6.28318530718,8.377580409573),.UNSPECIFIED.) CURVE() 
GEOMETRIC_REPRESENTATION_ITEM() RATIONAL_B_SPLINE_CURVE((1.,0.5,1.,0.5,
1.,0.5,1.)) REPRESENTATION_ITEM('') );
#1407 = CARTESIAN_POINT('',(7.,23.));
#1408 = CARTESIAN_POINT('',(12.196152422707,23.));
#1409 = CARTESIAN_POINT('',(9.598076211353,18.5));
#1410 = CARTESIAN_POINT('',(7.,14.));
#1411 = CARTESIAN_POINT('',(4.401923788647,18.5));
#1412 = CARTESIAN_POINT('',(1.803847577293,23.));
#1413 = CARTESIAN_POINT('',(7.,23.));
#1414 = ( GEOMETRIC_REPRESENTATION_CONTEXT(2) 
PARAMETRIC_REPRESENTATION_CONTEXT() REPRESENTATION_CONTEXT('2D SPACE',''
  ) );
#1415 = PCURVE('',#1416,#1421);
#1416 = CYLINDRICAL_SURFACE('',#1417,3.);
#1417 = AXIS2_PLACEMENT_3D('',#1418,#1419,#1420);
#1418 = CARTESIAN_POINT('',(20.,155.5,7.));
#1419 = DIRECTION('',(0.,1.,-0.));
#1420 = DIRECTION('',(1.,0.,0.));
#1421 = DEFINITIONAL_REPRESENTATION('',(#1422),#1426);
#1422 = LINE('',#1423,#1424);
#1423 = CARTESIAN_POINT('',(-0.,0.));
#1424 = VECTOR('',#1425,1.);
#1425 = DIRECTION('',(-1.,0.));
#1426 = ( GEOMETRIC_REPRESENTATION_CONTEXT(2) 
PARAMETRIC_REPRESENTATION_CONTEXT() REPRESENTATION_CONTEXT('2D SPACE',''
  ) );
#1427 = FACE_BOUND('',#1428,.T.);
#1428 = EDGE_LOOP('',(#1429));
#1429 = ORIENTED_EDGE('',*,*,#1430,.T.);
#1430 = EDGE_CURVE('',#1431,#1431,#1433,.T.);
#1431 = VERTEX_POINT('',#1432);
#1432 = CARTESIAN_POINT('',(23.,155.5,33.));
#1433 = SURFACE_CURVE('',#1434,(#1439,#1450),.PCURVE_S1.);
#1434 = CIRCLE('',#1435,3.);
#1435 = AXIS2_PLACEMENT_3D('',#1436,#1437,#1438);
#1436 = CARTESIAN_POINT('',(20.,155.5,33.));
#1437 = DIRECTION('',(0.,-1.,0.));
#1438 = DIRECTION('',(1.,0.,0.));
#1439 = PCURVE('',#100,#1440);
#1440 = DEFINITIONAL_REPRESENTATION('',(#1441),#1449);
#1441 = ( BOUNDED_CURVE() B_SPLINE_CURVE(2,(#1442,#1443,#1444,#1445,
#1446,#1447,#1448),.UNSPECIFIED.,.T.,.F.) B_SPLINE_CURVE_WITH_KNOTS((1,2
    ,2,2,2,1),(-2.094395102393,0.,2.094395102393,4.188790204786,
6.28318530718,8.377580409573),.UNSPECIFIED.) CURVE() 
GEOMETRIC_REPRESENTATION_ITEM() RATIONAL_B_SPLINE_CURVE((1.,0.5,1.,0.5,
1.,0.5,1.)) REPRESENTATION_ITEM('') );
#1442 = CARTESIAN_POINT('',(33.,23.));
#1443 = CARTESIAN_POINT('',(38.196152422707,23.));
#1444 = CARTESIAN_POINT('',(35.598076211353,18.5));
#1445 = CARTESIAN_POINT('',(33.,14.));
#1446 = CARTESIAN_POINT('',(30.401923788647,18.5));
#1447 = CARTESIAN_POINT('',(27.803847577293,23.));
#1448 = CARTESIAN_POINT('',(33.,23.));
#1449 = ( GEOMETRIC_REPRESENTATION_CONTEXT(2) 
PARAMETRIC_REPRESENTATION_CONTEXT() REPRESENTATION_CONTEXT('2D SPACE',''
  ) );
#1450 = PCURVE('',#1451,#1456);
#1451 = CYLINDRICAL_SURFACE('',#1452,3.);
#1452 = AXIS2_PLACEMENT_3D('',#1453,#1454,#1455);
#1453 = CARTESIAN_POINT('',(20.,155.5,33.));
#1454 = DIRECTION('',(0.,1.,-0.));
#1455 = DIRECTION('',(1.,0.,0.));
#1456 = DEFINITIONAL_REPRESENTATION('',(#1457),#1461);
#1457 = LINE('',#1458,#1459);
#1458 = CARTESIAN_POINT('',(-0.,0.));
#1459 = VECTOR('',#1460,1.);
#1460 = DIRECTION('',(-1.,0.));
#1461 = ( GEOMETRIC_REPRESENTATION_CONTEXT(2) 
PARAMETRIC_REPRESENTATION_CONTEXT() REPRESENTATION_CONTEXT('2D SPACE',''
  ) );
#1462 = FACE_BOUND('',#1463,.T.);
#1463 = EDGE_LOOP('',(#1464));
#1464 = ORIENTED_EDGE('',*,*,#1465,.T.);
#1465 = EDGE_CURVE('',#1466,#1466,#1468,.T.);
#1466 = VERTEX_POINT('',#1467);
#1467 = CARTESIAN_POINT('',(23.,155.5,59.));
#1468 = SURFACE_CURVE('',#1469,(#1474,#1485),.PCURVE_S1.);
#1469 = CIRCLE('',#1470,3.);
#1470 = AXIS2_PLACEMENT_3D('',#1471,#1472,#1473);
#1471 = CARTESIAN_POINT('',(20.,155.5,59.));
#1472 = DIRECTION('',(0.,-1.,0.));
#1473 = DIRECTION('',(1.,0.,0.));
#1474 = PCURVE('',#100,#1475);
#1475 = DEFINITIONAL_REPRESENTATION('',(#1476),#1484);
#1476 = ( BOUNDED_CURVE() B_SPLINE_CURVE(2,(#1477,#1478,#1479,#1480,
#1481,#1482,#1483),.UNSPECIFIED.,.T.,.F.) B_SPLINE_CURVE_WITH_KNOTS((1,2
    ,2,2,2,1),(-2.094395102393,0.,2.094395102393,4.188790204786,
6.28318530718,8.377580409573),.UNSPECIFIED.) CURVE() 
GEOMETRIC_REPRESENTATION_ITEM() RATIONAL_B_SPLINE_CURVE((1.,0.5,1.,0.5,
1.,0.5,1.)) REPRESENTATION_ITEM('') );
#1477 = CARTESIAN_POINT('',(59.,23.));
#1478 = CARTESIAN_POINT('',(64.196152422707,23.));
#1479 = CARTESIAN_POINT('',(61.598076211353,18.5));
#1480 = CARTESIAN_POINT('',(59.,14.));
#1481 = CARTESIAN_POINT('',(56.401923788647,18.5));
#1482 = CARTESIAN_POINT('',(53.803847577293,23.));
#1483 = CARTESIAN_POINT('',(59.,23.));
#1484 = ( GEOMETRIC_REPRESENTATION_CONTEXT(2) 
PARAMETRIC_REPRESENTATION_CONTEXT() REPRESENTATION_CONTEXT('2D SPACE',''
  ) );
#1485 = PCURVE('',#1486,#1491);
#1486 = CYLINDRICAL_SURFACE('',#1487,3.);
#1487 = AXIS2_PLACEMENT_3D('',#1488,#1489,#1490);
#1488 = CARTESIAN_POINT('',(20.,155.5,59.));
#1489 = DIRECTION('',(0.,1.,-0.));
#1490 = DIRECTION('',(1.,0.,0.));
#1491 = DEFINITIONAL_REPRESENTATION('',(#1492),#1496);
#1492 = LINE('',#1493,#1494);
#1493 = CARTESIAN_POINT('',(-0.,0.));
#1494 = VECTOR('',#1495,1.);
#1495 = DIRECTION('',(-1.,0.));
#1496 = ( GEOMETRIC_REPRESENTATION_CONTEXT(2) 
PARAMETRIC_REPRESENTATION_CONTEXT() REPRESENTATION_CONTEXT('2D SPACE',''
  ) );
#1497 = FACE_BOUND('',#1498,.T.);
#1498 = EDGE_LOOP('',(#1499));
#1499 = ORIENTED_EDGE('',*,*,#1500,.T.);
#1500 = EDGE_CURVE('',#1501,#1501,#1503,.T.);
#1501 = VERTEX_POINT('',#1502);
#1502 = CARTESIAN_POINT('',(23.,155.5,85.));
#1503 = SURFACE_CURVE('',#1504,(#1509,#1520),.PCURVE_S1.);
#1504 = CIRCLE('',#1505,3.);
#1505 = AXIS2_PLACEMENT_3D('',#1506,#1507,#1508);
#1506 = CARTESIAN_POINT('',(20.,155.5,85.));
#1507 = DIRECTION('',(0.,-1.,0.));
#1508 = DIRECTION('',(1.,0.,0.));
#1509 = PCURVE('',#100,#1510);
#1510 = DEFINITIONAL_REPRESENTATION('',(#1511),#1519);
#1511 = ( BOUNDED_CURVE() B_SPLINE_CURVE(2,(#1512,#1513,#1514,#1515,
#1516,#1517,#1518),.UNSPECIFIED.,.T.,.F.) B_SPLINE_CURVE_WITH_KNOTS((1,2
    ,2,2,2,1),(-2.094395102393,0.,2.094395102393,4.188790204786,
6.28318530718,8.377580409573),.UNSPECIFIED.) CURVE() 
GEOMETRIC_REPRESENTATION_ITEM() RATIONAL_B_SPLINE_CURVE((1.,0.5,1.,0.5,
1.,0.5,1.)) REPRESENTATION_ITEM('') );
#1512 = CARTESIAN_POINT('',(85.,23.));
#1513 = CARTESIAN_POINT('',(90.196152422707,23.));
#1514 = CARTESIAN_POINT('',(87.598076211353,18.5));
#1515 = CARTESIAN_POINT('',(85.,14.));
#1516 = CARTESIAN_POINT('',(82.401923788647,18.5));
#1517 = CARTESIAN_POINT('',(79.803847577293,23.));
#1518 = CARTESIAN_POINT('',(85.,23.));
#1519 = ( GEOMETRIC_REPRESENTATION_CONTEXT(2) 
PARAMETRIC_REPRESENTATION_CONTEXT() REPRESENTATION_CONTEXT('2D SPACE',''
  ) );
#1520 = PCURVE('',#1521,#1526);
#1521 = CYLINDRICAL_SURFACE('',#1522,3.);
#1522 = AXIS2_PLACEMENT_3D('',#1523,#1524,#1525);
#1523 = CARTESIAN_POINT('',(20.,155.5,85.));
#1524 = DIRECTION('',(0.,1.,-0.));
#1525 = DIRECTION('',(1.,0.,0.));
#1526 = DEFINITIONAL_REPRESENTATION('',(#1527),#1531);
#1527 = LINE('',#1528,#1529);
#1528 = CARTESIAN_POINT('',(-0.,0.));
#1529 = VECTOR('',#1530,1.);
#1530 = DIRECTION('',(-1.,0.));
#1531 = ( GEOMETRIC_REPRESENTATION_CONTEXT(2) 
PARAMETRIC_REPRESENTATION_CONTEXT() REPRESENTATION_CONTEXT('2D SPACE',''
  ) );
#1532 = FACE_BOUND('',#1533,.T.);
#1533 = EDGE_LOOP('',(#1534));
#1534 = ORIENTED_EDGE('',*,*,#1535,.T.);
#1535 = EDGE_CURVE('',#1536,#1536,#1538,.T.);
#1536 = VERTEX_POINT('',#1537);
#1537 = CARTESIAN_POINT('',(113.,155.5,7.));
#1538 = SURFACE_CURVE('',#1539,(#1544,#1555),.PCURVE_S1.);
#1539 = CIRCLE('',#1540,3.);
#1540 = AXIS2_PLACEMENT_3D('',#1541,#1542,#1543);
#1541 = CARTESIAN_POINT('',(110.,155.5,7.));
#1542 = DIRECTION('',(0.,-1.,0.));
#1543 = DIRECTION('',(1.,0.,0.));
#1544 = PCURVE('',#100,#1545);
#1545 = DEFINITIONAL_REPRESENTATION('',(#1546),#1554);
#1546 = ( BOUNDED_CURVE() B_SPLINE_CURVE(2,(#1547,#1548,#1549,#1550,
#1551,#1552,#1553),.UNSPECIFIED.,.T.,.F.) B_SPLINE_CURVE_WITH_KNOTS((1,2
    ,2,2,2,1),(-2.094395102393,0.,2.094395102393,4.188790204786,
6.28318530718,8.377580409573),.UNSPECIFIED.) CURVE() 
GEOMETRIC_REPRESENTATION_ITEM() RATIONAL_B_SPLINE_CURVE((1.,0.5,1.,0.5,
1.,0.5,1.)) REPRESENTATION_ITEM('') );
#1547 = CARTESIAN_POINT('',(7.,113.));
#1548 = CARTESIAN_POINT('',(12.196152422707,113.));
#1549 = CARTESIAN_POINT('',(9.598076211353,108.5));
#1550 = CARTESIAN_POINT('',(7.,104.));
#1551 = CARTESIAN_POINT('',(4.401923788647,108.5));
#1552 = CARTESIAN_POINT('',(1.803847577293,113.));
#1553 = CARTESIAN_POINT('',(7.,113.));
#1554 = ( GEOMETRIC_REPRESENTATION_CONTEXT(2) 
PARAMETRIC_REPRESENTATION_CONTEXT() REPRESENTATION_CONTEXT('2D SPACE',''
  ) );
#1555 = PCURVE('',#1556,#1561);
#1556 = CYLINDRICAL_SURFACE('',#1557,3.);
#1557 = AXIS2_PLACEMENT_3D('',#1558,#1559,#1560);
#1558 = CARTESIAN_POINT('',(110.,155.5,7.));
#1559 = DIRECTION('',(0.,1.,-0.));
#1560 = DIRECTION('',(1.,0.,0.));
#1561 = DEFINITIONAL_REPRESENTATION('',(#1562),#1566);
#1562 = LINE('',#1563,#1564);
#1563 = CARTESIAN_POINT('',(-0.,0.));
#1564 = VECTOR('',#1565,1.);
#1565 = DIRECTION('',(-1.,0.));
#1566 = ( GEOMETRIC_REPRESENTATION_CONTEXT(2) 
PARAMETRIC_REPRESENTATION_CONTEXT() REPRESENTATION_CONTEXT('2D SPACE',''
  ) );
#1567 = FACE_BOUND('',#1568,.T.);
#1568 = EDGE_LOOP('',(#1569));
#1569 = ORIENTED_EDGE('',*,*,#1570,.T.);
#1570 = EDGE_CURVE('',#1571,#1571,#1573,.T.);
#1571 = VERTEX_POINT('',#1572);
#1572 = CARTESIAN_POINT('',(113.,155.5,33.));
#1573 = SURFACE_CURVE('',#1574,(#1579,#1590),.PCURVE_S1.);
#1574 = CIRCLE('',#1575,3.);
#1575 = AXIS2_PLACEMENT_3D('',#1576,#1577,#1578);
#1576 = CARTESIAN_POINT('',(110.,155.5,33.));
#1577 = DIRECTION('',(0.,-1.,0.));
#1578 = DIRECTION('',(1.,0.,0.));
#1579 = PCURVE('',#100,#1580);
#1580 = DEFINITIONAL_REPRESENTATION('',(#1581),#1589);
#1581 = ( BOUNDED_CURVE() B_SPLINE_CURVE(2,(#1582,#1583,#1584,#1585,
#1586,#1587,#1588),.UNSPECIFIED.,.T.,.F.) B_SPLINE_CURVE_WITH_KNOTS((1,2
    ,2,2,2,1),(-2.094395102393,0.,2.094395102393,4.188790204786,
6.28318530718,8.377580409573),.UNSPECIFIED.) CURVE() 
GEOMETRIC_REPRESENTATION_ITEM() RATIONAL_B_SPLINE_CURVE((1.,0.5,1.,0.5,
1.,0.5,1.)) REPRESENTATION_ITEM('') );
#1582 = CARTESIAN_POINT('',(33.,113.));
#1583 = CARTESIAN_POINT('',(38.196152422707,113.));
#1584 = CARTESIAN_POINT('',(35.598076211353,108.5));
#1585 = CARTESIAN_POINT('',(33.,104.));
#1586 = CARTESIAN_POINT('',(30.401923788647,108.5));
#1587 = CARTESIAN_POINT('',(27.803847577293,113.));
#1588 = CARTESIAN_POINT('',(33.,113.));
#1589 = ( GEOMETRIC_REPRESENTATION_CONTEXT(2) 
PARAMETRIC_REPRESENTATION_CONTEXT() REPRESENTATION_CONTEXT('2D SPACE',''
  ) );
#1590 = PCURVE('',#1591,#1596);
#1591 = CYLINDRICAL_SURFACE('',#1592,3.);
#1592 = AXIS2_PLACEMENT_3D('',#1593,#1594,#1595);
#1593 = CARTESIAN_POINT('',(110.,155.5,33.));
#1594 = DIRECTION('',(0.,1.,-0.));
#1595 = DIRECTION('',(1.,0.,0.));
#1596 = DEFINITIONAL_REPRESENTATION('',(#1597),#1601);
#1597 = LINE('',#1598,#1599);
#1598 = CARTESIAN_POINT('',(-0.,0.));
#1599 = VECTOR('',#1600,1.);
#1600 = DIRECTION('',(-1.,0.));
#1601 = ( GEOMETRIC_REPRESENTATION_CONTEXT(2) 
PARAMETRIC_REPRESENTATION_CONTEXT() REPRESENTATION_CONTEXT('2D SPACE',''
  ) );
#1602 = FACE_BOUND('',#1603,.T.);
#1603 = EDGE_LOOP('',(#1604));
#1604 = ORIENTED_EDGE('',*,*,#1605,.T.);
#1605 = EDGE_CURVE('',#1606,#1606,#1608,.T.);
#1606 = VERTEX_POINT('',#1607);
#1607 = CARTESIAN_POINT('',(113.,155.5,59.));
#1608 = SURFACE_CURVE('',#1609,(#1614,#1625),.PCURVE_S1.);
#1609 = CIRCLE('',#1610,3.);
#1610 = AXIS2_PLACEMENT_3D('',#1611,#1612,#1613);
#1611 = CARTESIAN_POINT('',(110.,155.5,59.));
#1612 = DIRECTION('',(0.,-1.,0.));
#1613 = DIRECTION('',(1.,0.,0.));
#1614 = PCURVE('',#100,#1615);
#1615 = DEFINITIONAL_REPRESENTATION('',(#1616),#1624);
#1616 = ( BOUNDED_CURVE() B_SPLINE_CURVE(2,(#1617,#1618,#1619,#1620,
#1621,#1622,#1623),.UNSPECIFIED.,.T.,.F.) B_SPLINE_CURVE_WITH_KNOTS((1,2
    ,2,2,2,1),(-2.094395102393,0.,2.094395102393,4.188790204786,
6.28318530718,8.377580409573),.UNSPECIFIED.) CURVE() 
GEOMETRIC_REPRESENTATION_ITEM() RATIONAL_B_SPLINE_CURVE((1.,0.5,1.,0.5,
1.,0.5,1.)) REPRESENTATION_ITEM('') );
#1617 = CARTESIAN_POINT('',(59.,113.));
#1618 = CARTESIAN_POINT('',(64.196152422707,113.));
#1619 = CARTESIAN_POINT('',(61.598076211353,108.5));
#1620 = CARTESIAN_POINT('',(59.,104.));
#1621 = CARTESIAN_POINT('',(56.401923788647,108.5));
#1622 = CARTESIAN_POINT('',(53.803847577293,113.));
#1623 = CARTESIAN_POINT('',(59.,113.));
#1624 = ( GEOMETRIC_REPRESENTATION_CONTEXT(2) 
PARAMETRIC_REPRESENTATION_CONTEXT() REPRESENTATION_CONTEXT('2D SPACE',''
  ) );
#1625 = PCURVE('',#1626,#1631);
#1626 = CYLINDRICAL_SURFACE('',#1627,3.);
#1627 = AXIS2_PLACEMENT_3D('',#1628,#1629,#1630);
#1628 = CARTESIAN_POINT('',(110.,155.5,59.));
#1629 = DIRECTION('',(0.,1.,-0.));
#1630 = DIRECTION('',(1.,0.,0.));
#1631 = DEFINITIONAL_REPRESENTATION('',(#1632),#1636);
#1632 = LINE('',#1633,#1634);
#1633 = CARTESIAN_POINT('',(-0.,0.));
#1634 = VECTOR('',#1635,1.);
#1635 = DIRECTION('',(-1.,0.));
#1636 = ( GEOMETRIC_REPRESENTATION_CONTEXT(2) 
PARAMETRIC_REPRESENTATION_CONTEXT() REPRESENTATION_CONTEXT('2D SPACE',''
  ) );
#1637 = FACE_BOUND('',#1638,.T.);
#1638 = EDGE_LOOP('',(#1639));
#1639 = ORIENTED_EDGE('',*,*,#1640,.T.);
#1640 = EDGE_CURVE('',#1641,#1641,#1643,.T.);
#1641 = VERTEX_POINT('',#1642);
#1642 = CARTESIAN_POINT('',(113.,155.5,85.));
#1643 = SURFACE_CURVE('',#1644,(#1649,#1660),.PCURVE_S1.);
#1644 = CIRCLE('',#1645,3.);
#1645 = AXIS2_PLACEMENT_3D('',#1646,#1647,#1648);
#1646 = CARTESIAN_POINT('',(110.,155.5,85.));
#1647 = DIRECTION('',(0.,-1.,0.));
#1648 = DIRECTION('',(1.,0.,0.));
#1649 = PCURVE('',#100,#1650);
#1650 = DEFINITIONAL_REPRESENTATION('',(#1651),#1659);
#1651 = ( BOUNDED_CURVE() B_SPLINE_CURVE(2,(#1652,#1653,#1654,#1655,
#1656,#1657,#1658),.UNSPECIFIED.,.T.,.F.) B_SPLINE_CURVE_WITH_KNOTS((1,2
    ,2,2,2,1),(-2.094395102393,0.,2.094395102393,4.188790204786,
6.28318530718,8.377580409573),.UNSPECIFIED.) CURVE() 
GEOMETRIC_REPRESENTATION_ITEM() RATIONAL_B_SPLINE_CURVE((1.,0.5,1.,0.5,
1.,0.5,1.)) REPRESENTATION_ITEM('') );
#1652 = CARTESIAN_POINT('',(85.,113.));
#1653 = CARTESIAN_POINT('',(90.196152422707,113.));
#1654 = CARTESIAN_POINT('',(87.598076211353,108.5));
#1655 = CARTESIAN_POINT('',(85.,104.));
#1656 = CARTESIAN_POINT('',(82.401923788647,108.5));
#1657 = CARTESIAN_POINT('',(79.803847577293,113.));
#1658 = CARTESIAN_POINT('',(85.,113.));
#1659 = ( GEOMETRIC_REPRESENTATION_CONTEXT(2) 
PARAMETRIC_REPRESENTATION_CONTEXT() REPRESENTATION_CONTEXT('2D SPACE',''
  ) );
#1660 = PCURVE('',#1661,#1666);
#1661 = CYLINDRICAL_SURFACE('',#1662,3.);
#1662 = AXIS2_PLACEMENT_3D('',#1663,#1664,#1665);
#1663 = CARTESIAN_POINT('',(110.,155.5,85.));
#1664 = DIRECTION('',(0.,1.,-0.));
#1665 = DIRECTION('',(1.,0.,0.));
#1666 = DEFINITIONAL_REPRESENTATION('',(#1667),#1671);
#1667 = LINE('',#1668,#1669);
#1668 = CARTESIAN_POINT('',(-0.,0.));
#1669 = VECTOR('',#1670,1.);
#1670 = DIRECTION('',(-1.,0.));
#1671 = ( GEOMETRIC_REPRESENTATION_CONTEXT(2) 
PARAMETRIC_REPRESENTATION_CONTEXT() REPRESENTATION_CONTEXT('2D SPACE',''
  ) );
#1672 = ADVANCED_FACE('',(#1673),#1661,.F.);
#1673 = FACE_BOUND('',#1674,.T.);
#1674 = EDGE_LOOP('',(#1675,#1698,#1725,#1726));
#1675 = ORIENTED_EDGE('',*,*,#1676,.T.);
#1676 = EDGE_CURVE('',#1641,#1677,#1679,.T.);
#1677 = VERTEX_POINT('',#1678);
#1678 = CARTESIAN_POINT('',(113.,138.5,85.));
#1679 = SEAM_CURVE('',#1680,(#1684,#1691),.PCURVE_S1.);
#1680 = LINE('',#1681,#1682);
#1681 = CARTESIAN_POINT('',(113.,155.5,85.));
#1682 = VECTOR('',#1683,1.);
#1683 = DIRECTION('',(0.,-1.,0.));
#1684 = PCURVE('',#1661,#1685);
#1685 = DEFINITIONAL_REPRESENTATION('',(#1686),#1690);
#1686 = LINE('',#1687,#1688);
#1687 = CARTESIAN_POINT('',(-0.,0.));
#1688 = VECTOR('',#1689,1.);
#1689 = DIRECTION('',(-0.,-1.));
#1690 = ( GEOMETRIC_REPRESENTATION_CONTEXT(2) 
PARAMETRIC_REPRESENTATION_CONTEXT() REPRESENTATION_CONTEXT('2D SPACE',''
  ) );
#1691 = PCURVE('',#1661,#1692);
#1692 = DEFINITIONAL_REPRESENTATION('',(#1693),#1697);
#1693 = LINE('',#1694,#1695);
#1694 = CARTESIAN_POINT('',(-6.28318530718,0.));
#1695 = VECTOR('',#1696,1.);
#1696 = DIRECTION('',(-0.,-1.));
#1697 = ( GEOMETRIC_REPRESENTATION_CONTEXT(2) 
PARAMETRIC_REPRESENTATION_CONTEXT() REPRESENTATION_CONTEXT('2D SPACE',''
  ) );
#1698 = ORIENTED_EDGE('',*,*,#1699,.T.);
#1699 = EDGE_CURVE('',#1677,#1677,#1700,.T.);
#1700 = SURFACE_CURVE('',#1701,(#1706,#1713),.PCURVE_S1.);
#1701 = CIRCLE('',#1702,3.);
#1702 = AXIS2_PLACEMENT_3D('',#1703,#1704,#1705);
#1703 = CARTESIAN_POINT('',(110.,138.5,85.));
#1704 = DIRECTION('',(0.,-1.,0.));
#1705 = DIRECTION('',(1.,0.,0.));
#1706 = PCURVE('',#1661,#1707);
#1707 = DEFINITIONAL_REPRESENTATION('',(#1708),#1712);
#1708 = LINE('',#1709,#1710);
#1709 = CARTESIAN_POINT('',(-0.,-17.));
#1710 = VECTOR('',#1711,1.);
#1711 = DIRECTION('',(-1.,0.));
#1712 = ( GEOMETRIC_REPRESENTATION_CONTEXT(2) 
PARAMETRIC_REPRESENTATION_CONTEXT() REPRESENTATION_CONTEXT('2D SPACE',''
  ) );
#1713 = PCURVE('',#1714,#1719);
#1714 = PLANE('',#1715);
#1715 = AXIS2_PLACEMENT_3D('',#1716,#1717,#1718);
#1716 = CARTESIAN_POINT('',(110.,138.5,85.));
#1717 = DIRECTION('',(0.,-1.,0.));
#1718 = DIRECTION('',(1.,0.,0.));
#1719 = DEFINITIONAL_REPRESENTATION('',(#1720),#1724);
#1720 = CIRCLE('',#1721,3.);
#1721 = AXIS2_PLACEMENT_2D('',#1722,#1723);
#1722 = CARTESIAN_POINT('',(0.,0.));
#1723 = DIRECTION('',(1.,0.));
#1724 = ( GEOMETRIC_REPRESENTATION_CONTEXT(2) 
PARAMETRIC_REPRESENTATION_CONTEXT() REPRESENTATION_CONTEXT('2D SPACE',''
  ) );
#1725 = ORIENTED_EDGE('',*,*,#1676,.F.);
#1726 = ORIENTED_EDGE('',*,*,#1640,.F.);
#1727 = ADVANCED_FACE('',(#1728),#1714,.F.);
#1728 = FACE_BOUND('',#1729,.F.);
#1729 = EDGE_LOOP('',(#1730));
#1730 = ORIENTED_EDGE('',*,*,#1699,.T.);
#1731 = ADVANCED_FACE('',(#1732),#1626,.F.);
#1732 = FACE_BOUND('',#1733,.T.);
#1733 = EDGE_LOOP('',(#1734,#1757,#1784,#1785));
#1734 = ORIENTED_EDGE('',*,*,#1735,.T.);
#1735 = EDGE_CURVE('',#1606,#1736,#1738,.T.);
#1736 = VERTEX_POINT('',#1737);
#1737 = CARTESIAN_POINT('',(113.,138.5,59.));
#1738 = SEAM_CURVE('',#1739,(#1743,#1750),.PCURVE_S1.);
#1739 = LINE('',#1740,#1741);
#1740 = CARTESIAN_POINT('',(113.,155.5,59.));
#1741 = VECTOR('',#1742,1.);
#1742 = DIRECTION('',(0.,-1.,0.));
#1743 = PCURVE('',#1626,#1744);
#1744 = DEFINITIONAL_REPRESENTATION('',(#1745),#1749);
#1745 = LINE('',#1746,#1747);
#1746 = CARTESIAN_POINT('',(-0.,0.));
#1747 = VECTOR('',#1748,1.);
#1748 = DIRECTION('',(-0.,-1.));
#1749 = ( GEOMETRIC_REPRESENTATION_CONTEXT(2) 
PARAMETRIC_REPRESENTATION_CONTEXT() REPRESENTATION_CONTEXT('2D SPACE',''
  ) );
#1750 = PCURVE('',#1626,#1751);
#1751 = DEFINITIONAL_REPRESENTATION('',(#1752),#1756);
#1752 = LINE('',#1753,#1754);
#1753 = CARTESIAN_POINT('',(-6.28318530718,0.));
#1754 = VECTOR('',#1755,1.);
#1755 = DIRECTION('',(-0.,-1.));
#1756 = ( GEOMETRIC_REPRESENTATION_CONTEXT(2) 
PARAMETRIC_REPRESENTATION_CONTEXT() REPRESENTATION_CONTEXT('2D SPACE',''
  ) );
#1757 = ORIENTED_EDGE('',*,*,#1758,.T.);
#1758 = EDGE_CURVE('',#1736,#1736,#1759,.T.);
#1759 = SURFACE_CURVE('',#1760,(#1765,#1772),.PCURVE_S1.);
#1760 = CIRCLE('',#1761,3.);
#1761 = AXIS2_PLACEMENT_3D('',#1762,#1763,#1764);
#1762 = CARTESIAN_POINT('',(110.,138.5,59.));
#1763 = DIRECTION('',(0.,-1.,0.));
#1764 = DIRECTION('',(1.,0.,0.));
#1765 = PCURVE('',#1626,#1766);
#1766 = DEFINITIONAL_REPRESENTATION('',(#1767),#1771);
#1767 = LINE('',#1768,#1769);
#1768 = CARTESIAN_POINT('',(-0.,-17.));
#1769 = VECTOR('',#1770,1.);
#1770 = DIRECTION('',(-1.,0.));
#1771 = ( GEOMETRIC_REPRESENTATION_CONTEXT(2) 
PARAMETRIC_REPRESENTATION_CONTEXT() REPRESENTATION_CONTEXT('2D SPACE',''
  ) );
#1772 = PCURVE('',#1773,#1778);
#1773 = PLANE('',#1774);
#1774 = AXIS2_PLACEMENT_3D('',#1775,#1776,#1777);
#1775 = CARTESIAN_POINT('',(110.,138.5,59.));
#1776 = DIRECTION('',(0.,-1.,0.));
#1777 = DIRECTION('',(1.,0.,0.));
#1778 = DEFINITIONAL_REPRESENTATION('',(#1779),#1783);
#1779 = CIRCLE('',#1780,3.);
#1780 = AXIS2_PLACEMENT_2D('',#1781,#1782);
#1781 = CARTESIAN_POINT('',(0.,0.));
#1782 = DIRECTION('',(1.,0.));
#1783 = ( GEOMETRIC_REPRESENTATION_CONTEXT(2) 
PARAMETRIC_REPRESENTATION_CONTEXT() REPRESENTATION_CONTEXT('2D SPACE',''
  ) );
#1784 = ORIENTED_EDGE('',*,*,#1735,.F.);
#1785 = ORIENTED_EDGE('',*,*,#1605,.F.);
#1786 = ADVANCED_FACE('',(#1787),#1773,.F.);
#1787 = FACE_BOUND('',#1788,.F.);
#1788 = EDGE_LOOP('',(#1789));
#1789 = ORIENTED_EDGE('',*,*,#1758,.T.);
#1790 = ADVANCED_FACE('',(#1791),#1591,.F.);
#1791 = FACE_BOUND('',#1792,.T.);
#1792 = EDGE_LOOP('',(#1793,#1816,#1843,#1844));
#1793 = ORIENTED_EDGE('',*,*,#1794,.T.);
#1794 = EDGE_CURVE('',#1571,#1795,#1797,.T.);
#1795 = VERTEX_POINT('',#1796);
#1796 = CARTESIAN_POINT('',(113.,138.5,33.));
#1797 = SEAM_CURVE('',#1798,(#1802,#1809),.PCURVE_S1.);
#1798 = LINE('',#1799,#1800);
#1799 = CARTESIAN_POINT('',(113.,155.5,33.));
#1800 = VECTOR('',#1801,1.);
#1801 = DIRECTION('',(0.,-1.,0.));
#1802 = PCURVE('',#1591,#1803);
#1803 = DEFINITIONAL_REPRESENTATION('',(#1804),#1808);
#1804 = LINE('',#1805,#1806);
#1805 = CARTESIAN_POINT('',(-0.,0.));
#1806 = VECTOR('',#1807,1.);
#1807 = DIRECTION('',(-0.,-1.));
#1808 = ( GEOMETRIC_REPRESENTATION_CONTEXT(2) 
PARAMETRIC_REPRESENTATION_CONTEXT() REPRESENTATION_CONTEXT('2D SPACE',''
  ) );
#1809 = PCURVE('',#1591,#1810);
#1810 = DEFINITIONAL_REPRESENTATION('',(#1811),#1815);
#1811 = LINE('',#1812,#1813);
#1812 = CARTESIAN_POINT('',(-6.28318530718,0.));
#1813 = VECTOR('',#1814,1.);
#1814 = DIRECTION('',(-0.,-1.));
#1815 = ( GEOMETRIC_REPRESENTATION_CONTEXT(2) 
PARAMETRIC_REPRESENTATION_CONTEXT() REPRESENTATION_CONTEXT('2D SPACE',''
  ) );
#1816 = ORIENTED_EDGE('',*,*,#1817,.T.);
#1817 = EDGE_CURVE('',#1795,#1795,#1818,.T.);
#1818 = SURFACE_CURVE('',#1819,(#1824,#1831),.PCURVE_S1.);
#1819 = CIRCLE('',#1820,3.);
#1820 = AXIS2_PLACEMENT_3D('',#1821,#1822,#1823);
#1821 = CARTESIAN_POINT('',(110.,138.5,33.));
#1822 = DIRECTION('',(0.,-1.,0.));
#1823 = DIRECTION('',(1.,0.,0.));
#1824 = PCURVE('',#1591,#1825);
#1825 = DEFINITIONAL_REPRESENTATION('',(#1826),#1830);
#1826 = LINE('',#1827,#1828);
#1827 = CARTESIAN_POINT('',(-0.,-17.));
#1828 = VECTOR('',#1829,1.);
#1829 = DIRECTION('',(-1.,0.));
#1830 = ( GEOMETRIC_REPRESENTATION_CONTEXT(2) 
PARAMETRIC_REPRESENTATION_CONTEXT() REPRESENTATION_CONTEXT('2D SPACE',''
  ) );
#1831 = PCURVE('',#1832,#1837);
#1832 = PLANE('',#1833);
#1833 = AXIS2_PLACEMENT_3D('',#1834,#1835,#1836);
#1834 = CARTESIAN_POINT('',(110.,138.5,33.));
#1835 = DIRECTION('',(0.,-1.,0.));
#1836 = DIRECTION('',(1.,0.,0.));
#1837 = DEFINITIONAL_REPRESENTATION('',(#1838),#1842);
#1838 = CIRCLE('',#1839,3.);
#1839 = AXIS2_PLACEMENT_2D('',#1840,#1841);
#1840 = CARTESIAN_POINT('',(0.,0.));
#1841 = DIRECTION('',(1.,0.));
#1842 = ( GEOMETRIC_REPRESENTATION_CONTEXT(2) 
PARAMETRIC_REPRESENTATION_CONTEXT() REPRESENTATION_CONTEXT('2D SPACE',''
  ) );
#1843 = ORIENTED_EDGE('',*,*,#1794,.F.);
#1844 = ORIENTED_EDGE('',*,*,#1570,.F.);
#1845 = ADVANCED_FACE('',(#1846),#1832,.F.);
#1846 = FACE_BOUND('',#1847,.F.);
#1847 = EDGE_LOOP('',(#1848));
#1848 = ORIENTED_EDGE('',*,*,#1817,.T.);
#1849 = ADVANCED_FACE('',(#1850),#1556,.F.);
#1850 = FACE_BOUND('',#1851,.T.);
#1851 = EDGE_LOOP('',(#1852,#1875,#1902,#1903));
#1852 = ORIENTED_EDGE('',*,*,#1853,.T.);
#1853 = EDGE_CURVE('',#1536,#1854,#1856,.T.);
#1854 = VERTEX_POINT('',#1855);
#1855 = CARTESIAN_POINT('',(113.,138.5,7.));
#1856 = SEAM_CURVE('',#1857,(#1861,#1868),.PCURVE_S1.);
#1857 = LINE('',#1858,#1859);
#1858 = CARTESIAN_POINT('',(113.,155.5,7.));
#1859 = VECTOR('',#1860,1.);
#1860 = DIRECTION('',(0.,-1.,0.));
#1861 = PCURVE('',#1556,#1862);
#1862 = DEFINITIONAL_REPRESENTATION('',(#1863),#1867);
#1863 = LINE('',#1864,#1865);
#1864 = CARTESIAN_POINT('',(-0.,0.));
#1865 = VECTOR('',#1866,1.);
#1866 = DIRECTION('',(-0.,-1.));
#1867 = ( GEOMETRIC_REPRESENTATION_CONTEXT(2) 
PARAMETRIC_REPRESENTATION_CONTEXT() REPRESENTATION_CONTEXT('2D SPACE',''
  ) );
#1868 = PCURVE('',#1556,#1869);
#1869 = DEFINITIONAL_REPRESENTATION('',(#1870),#1874);
#1870 = LINE('',#1871,#1872);
#1871 = CARTESIAN_POINT('',(-6.28318530718,0.));
#1872 = VECTOR('',#1873,1.);
#1873 = DIRECTION('',(-0.,-1.));
#1874 = ( GEOMETRIC_REPRESENTATION_CONTEXT(2) 
PARAMETRIC_REPRESENTATION_CONTEXT() REPRESENTATION_CONTEXT('2D SPACE',''
  ) );
#1875 = ORIENTED_EDGE('',*,*,#1876,.T.);
#1876 = EDGE_CURVE('',#1854,#1854,#1877,.T.);
#1877 = SURFACE_CURVE('',#1878,(#1883,#1890),.PCURVE_S1.);
#1878 = CIRCLE('',#1879,3.);
#1879 = AXIS2_PLACEMENT_3D('',#1880,#1881,#1882);
#1880 = CARTESIAN_POINT('',(110.,138.5,7.));
#1881 = DIRECTION('',(0.,-1.,0.));
#1882 = DIRECTION('',(1.,0.,0.));
#1883 = PCURVE('',#1556,#1884);
#1884 = DEFINITIONAL_REPRESENTATION('',(#1885),#1889);
#1885 = LINE('',#1886,#1887);
#1886 = CARTESIAN_POINT('',(-0.,-17.));
#1887 = VECTOR('',#1888,1.);
#1888 = DIRECTION('',(-1.,0.));
#1889 = ( GEOMETRIC_REPRESENTATION_CONTEXT(2) 
PARAMETRIC_REPRESENTATION_CONTEXT() REPRESENTATION_CONTEXT('2D SPACE',''
  ) );
#1890 = PCURVE('',#1891,#1896);
#1891 = PLANE('',#1892);
#1892 = AXIS2_PLACEMENT_3D('',#1893,#1894,#1895);
#1893 = CARTESIAN_POINT('',(110.,138.5,7.));
#1894 = DIRECTION('',(0.,-1.,0.));
#1895 = DIRECTION('',(1.,0.,0.));
#1896 = DEFINITIONAL_REPRESENTATION('',(#1897),#1901);
#1897 = CIRCLE('',#1898,3.);
#1898 = AXIS2_PLACEMENT_2D('',#1899,#1900);
#1899 = CARTESIAN_POINT('',(0.,0.));
#1900 = DIRECTION('',(1.,0.));
#1901 = ( GEOMETRIC_REPRESENTATION_CONTEXT(2) 
PARAMETRIC_REPRESENTATION_CONTEXT() REPRESENTATION_CONTEXT('2D SPACE',''
  ) );
#1902 = ORIENTED_EDGE('',*,*,#1853,.F.);
#1903 = ORIENTED_EDGE('',*,*,#1535,.F.);
#1904 = ADVANCED_FACE('',(#1905),#1891,.F.);
#1905 = FACE_BOUND('',#1906,.F.);
#1906 = EDGE_LOOP('',(#1907));
#1907 = ORIENTED_EDGE('',*,*,#1876,.T.);
#1908 = ADVANCED_FACE('',(#1909),#1521,.F.);
#1909 = FACE_BOUND('',#1910,.T.);
#1910 = EDGE_LOOP('',(#1911,#1934,#1961,#1962));
#1911 = ORIENTED_EDGE('',*,*,#1912,.T.);
#1912 = EDGE_CURVE('',#1501,#1913,#1915,.T.);
#1913 = VERTEX_POINT('',#1914);
#1914 = CARTESIAN_POINT('',(23.,138.5,85.));
#1915 = SEAM_CURVE('',#1916,(#1920,#1927),.PCURVE_S1.);
#1916 = LINE('',#1917,#1918);
#1917 = CARTESIAN_POINT('',(23.,155.5,85.));
#1918 = VECTOR('',#1919,1.);
#1919 = DIRECTION('',(0.,-1.,0.));
#1920 = PCURVE('',#1521,#1921);
#1921 = DEFINITIONAL_REPRESENTATION('',(#1922),#1926);
#1922 = LINE('',#1923,#1924);
#1923 = CARTESIAN_POINT('',(-0.,0.));
#1924 = VECTOR('',#1925,1.);
#1925 = DIRECTION('',(-0.,-1.));
#1926 = ( GEOMETRIC_REPRESENTATION_CONTEXT(2) 
PARAMETRIC_REPRESENTATION_CONTEXT() REPRESENTATION_CONTEXT('2D SPACE',''
  ) );
#1927 = PCURVE('',#1521,#1928);
#1928 = DEFINITIONAL_REPRESENTATION('',(#1929),#1933);
#1929 = LINE('',#1930,#1931);
#1930 = CARTESIAN_POINT('',(-6.28318530718,0.));
#1931 = VECTOR('',#1932,1.);
#1932 = DIRECTION('',(-0.,-1.));
#1933 = ( GEOMETRIC_REPRESENTATION_CONTEXT(2) 
PARAMETRIC_REPRESENTATION_CONTEXT() REPRESENTATION_CONTEXT('2D SPACE',''
  ) );
#1934 = ORIENTED_EDGE('',*,*,#1935,.T.);
#1935 = EDGE_CURVE('',#1913,#1913,#1936,.T.);
#1936 = SURFACE_CURVE('',#1937,(#1942,#1949),.PCURVE_S1.);
#1937 = CIRCLE('',#1938,3.);
#1938 = AXIS2_PLACEMENT_3D('',#1939,#1940,#1941);
#1939 = CARTESIAN_POINT('',(20.,138.5,85.));
#1940 = DIRECTION('',(0.,-1.,0.));
#1941 = DIRECTION('',(1.,0.,0.));
#1942 = PCURVE('',#1521,#1943);
#1943 = DEFINITIONAL_REPRESENTATION('',(#1944),#1948);
#1944 = LINE('',#1945,#1946);
#1945 = CARTESIAN_POINT('',(-0.,-17.));
#1946 = VECTOR('',#1947,1.);
#1947 = DIRECTION('',(-1.,0.));
#1948 = ( GEOMETRIC_REPRESENTATION_CONTEXT(2) 
PARAMETRIC_REPRESENTATION_CONTEXT() REPRESENTATION_CONTEXT('2D SPACE',''
  ) );
#1949 = PCURVE('',#1950,#1955);
#1950 = PLANE('',#1951);
#1951 = AXIS2_PLACEMENT_3D('',#1952,#1953,#1954);
#1952 = CARTESIAN_POINT('',(20.,138.5,85.));
#1953 = DIRECTION('',(0.,-1.,0.));
#1954 = DIRECTION('',(1.,0.,0.));
#1955 = DEFINITIONAL_REPRESENTATION('',(#1956),#1960);
#1956 = CIRCLE('',#1957,3.);
#1957 = AXIS2_PLACEMENT_2D('',#1958,#1959);
#1958 = CARTESIAN_POINT('',(0.,0.));
#1959 = DIRECTION('',(1.,0.));
#1960 = ( GEOMETRIC_REPRESENTATION_CONTEXT(2) 
PARAMETRIC_REPRESENTATION_CONTEXT() REPRESENTATION_CONTEXT('2D SPACE',''
  ) );
#1961 = ORIENTED_EDGE('',*,*,#1912,.F.);
#1962 = ORIENTED_EDGE('',*,*,#1500,.F.);
#1963 = ADVANCED_FACE('',(#1964),#1950,.F.);
#1964 = FACE_BOUND('',#1965,.F.);
#1965 = EDGE_LOOP('',(#1966));
#1966 = ORIENTED_EDGE('',*,*,#1935,.T.);
#1967 = ADVANCED_FACE('',(#1968),#1486,.F.);
#1968 = FACE_BOUND('',#1969,.T.);
#1969 = EDGE_LOOP('',(#1970,#1993,#2020,#2021));
#1970 = ORIENTED_EDGE('',*,*,#1971,.T.);
#1971 = EDGE_CURVE('',#1466,#1972,#1974,.T.);
#1972 = VERTEX_POINT('',#1973);
#1973 = CARTESIAN_POINT('',(23.,138.5,59.));
#1974 = SEAM_CURVE('',#1975,(#1979,#1986),.PCURVE_S1.);
#1975 = LINE('',#1976,#1977);
#1976 = CARTESIAN_POINT('',(23.,155.5,59.));
#1977 = VECTOR('',#1978,1.);
#1978 = DIRECTION('',(0.,-1.,0.));
#1979 = PCURVE('',#1486,#1980);
#1980 = DEFINITIONAL_REPRESENTATION('',(#1981),#1985);
#1981 = LINE('',#1982,#1983);
#1982 = CARTESIAN_POINT('',(-0.,0.));
#1983 = VECTOR('',#1984,1.);
#1984 = DIRECTION('',(-0.,-1.));
#1985 = ( GEOMETRIC_REPRESENTATION_CONTEXT(2) 
PARAMETRIC_REPRESENTATION_CONTEXT() REPRESENTATION_CONTEXT('2D SPACE',''
  ) );
#1986 = PCURVE('',#1486,#1987);
#1987 = DEFINITIONAL_REPRESENTATION('',(#1988),#1992);
#1988 = LINE('',#1989,#1990);
#1989 = CARTESIAN_POINT('',(-6.28318530718,0.));
#1990 = VECTOR('',#1991,1.);
#1991 = DIRECTION('',(-0.,-1.));
#1992 = ( GEOMETRIC_REPRESENTATION_CONTEXT(2) 
PARAMETRIC_REPRESENTATION_CONTEXT() REPRESENTATION_CONTEXT('2D SPACE',''
  ) );
#1993 = ORIENTED_EDGE('',*,*,#1994,.T.);
#1994 = EDGE_CURVE('',#1972,#1972,#1995,.T.);
#1995 = SURFACE_CURVE('',#1996,(#2001,#2008),.PCURVE_S1.);
#1996 = CIRCLE('',#1997,3.);
#1997 = AXIS2_PLACEMENT_3D('',#1998,#1999,#2000);
#1998 = CARTESIAN_POINT('',(20.,138.5,59.));
#1999 = DIRECTION('',(0.,-1.,0.));
#2000 = DIRECTION('',(1.,0.,0.));
#2001 = PCURVE('',#1486,#2002);
#2002 = DEFINITIONAL_REPRESENTATION('',(#2003),#2007);
#2003 = LINE('',#2004,#2005);
#2004 = CARTESIAN_POINT('',(-0.,-17.));
#2005 = VECTOR('',#2006,1.);
#2006 = DIRECTION('',(-1.,0.));
#2007 = ( GEOMETRIC_REPRESENTATION_CONTEXT(2) 
PARAMETRIC_REPRESENTATION_CONTEXT() REPRESENTATION_CONTEXT('2D SPACE',''
  ) );
#2008 = PCURVE('',#2009,#2014);
#2009 = PLANE('',#2010);
#2010 = AXIS2_PLACEMENT_3D('',#2011,#2012,#2013);
#2011 = CARTESIAN_POINT('',(20.,138.5,59.));
#2012 = DIRECTION('',(0.,-1.,0.));
#2013 = DIRECTION('',(1.,0.,0.));
#2014 = DEFINITIONAL_REPRESENTATION('',(#2015),#2019);
#2015 = CIRCLE('',#2016,3.);
#2016 = AXIS2_PLACEMENT_2D('',#2017,#2018);
#2017 = CARTESIAN_POINT('',(0.,0.));
#2018 = DIRECTION('',(1.,0.));
#2019 = ( GEOMETRIC_REPRESENTATION_CONTEXT(2) 
PARAMETRIC_REPRESENTATION_CONTEXT() REPRESENTATION_CONTEXT('2D SPACE',''
  ) );
#2020 = ORIENTED_EDGE('',*,*,#1971,.F.);
#2021 = ORIENTED_EDGE('',*,*,#1465,.F.);
#2022 = ADVANCED_FACE('',(#2023),#2009,.F.);
#2023 = FACE_BOUND('',#2024,.F.);
#2024 = EDGE_LOOP('',(#2025));
#2025 = ORIENTED_EDGE('',*,*,#1994,.T.);
#2026 = ADVANCED_FACE('',(#2027),#1451,.F.);
#2027 = FACE_BOUND('',#2028,.T.);
#2028 = EDGE_LOOP('',(#2029,#2052,#2079,#2080));
#2029 = ORIENTED_EDGE('',*,*,#2030,.T.);
#2030 = EDGE_CURVE('',#1431,#2031,#2033,.T.);
#2031 = VERTEX_POINT('',#2032);
#2032 = CARTESIAN_POINT('',(23.,138.5,33.));
#2033 = SEAM_CURVE('',#2034,(#2038,#2045),.PCURVE_S1.);
#2034 = LINE('',#2035,#2036);
#2035 = CARTESIAN_POINT('',(23.,155.5,33.));
#2036 = VECTOR('',#2037,1.);
#2037 = DIRECTION('',(0.,-1.,0.));
#2038 = PCURVE('',#1451,#2039);
#2039 = DEFINITIONAL_REPRESENTATION('',(#2040),#2044);
#2040 = LINE('',#2041,#2042);
#2041 = CARTESIAN_POINT('',(-0.,0.));
#2042 = VECTOR('',#2043,1.);
#2043 = DIRECTION('',(-0.,-1.));
#2044 = ( GEOMETRIC_REPRESENTATION_CONTEXT(2) 
PARAMETRIC_REPRESENTATION_CONTEXT() REPRESENTATION_CONTEXT('2D SPACE',''
  ) );
#2045 = PCURVE('',#1451,#2046);
#2046 = DEFINITIONAL_REPRESENTATION('',(#2047),#2051);
#2047 = LINE('',#2048,#2049);
#2048 = CARTESIAN_POINT('',(-6.28318530718,0.));
#2049 = VECTOR('',#2050,1.);
#2050 = DIRECTION('',(-0.,-1.));
#2051 = ( GEOMETRIC_REPRESENTATION_CONTEXT(2) 
PARAMETRIC_REPRESENTATION_CONTEXT() REPRESENTATION_CONTEXT('2D SPACE',''
  ) );
#2052 = ORIENTED_EDGE('',*,*,#2053,.T.);
#2053 = EDGE_CURVE('',#2031,#2031,#2054,.T.);
#2054 = SURFACE_CURVE('',#2055,(#2060,#2067),.PCURVE_S1.);
#2055 = CIRCLE('',#2056,3.);
#2056 = AXIS2_PLACEMENT_3D('',#2057,#2058,#2059);
#2057 = CARTESIAN_POINT('',(20.,138.5,33.));
#2058 = DIRECTION('',(0.,-1.,0.));
#2059 = DIRECTION('',(1.,0.,0.));
#2060 = PCURVE('',#1451,#2061);
#2061 = DEFINITIONAL_REPRESENTATION('',(#2062),#2066);
#2062 = LINE('',#2063,#2064);
#2063 = CARTESIAN_POINT('',(-0.,-17.));
#2064 = VECTOR('',#2065,1.);
#2065 = DIRECTION('',(-1.,0.));
#2066 = ( GEOMETRIC_REPRESENTATION_CONTEXT(2) 
PARAMETRIC_REPRESENTATION_CONTEXT() REPRESENTATION_CONTEXT('2D SPACE',''
  ) );
#2067 = PCURVE('',#2068,#2073);
#2068 = PLANE('',#2069);
#2069 = AXIS2_PLACEMENT_3D('',#2070,#2071,#2072);
#2070 = CARTESIAN_POINT('',(20.,138.5,33.));
#2071 = DIRECTION('',(0.,-1.,0.));
#2072 = DIRECTION('',(1.,0.,0.));
#2073 = DEFINITIONAL_REPRESENTATION('',(#2074),#2078);
#2074 = CIRCLE('',#2075,3.);
#2075 = AXIS2_PLACEMENT_2D('',#2076,#2077);
#2076 = CARTESIAN_POINT('',(0.,0.));
#2077 = DIRECTION('',(1.,0.));
#2078 = ( GEOMETRIC_REPRESENTATION_CONTEXT(2) 
PARAMETRIC_REPRESENTATION_CONTEXT() REPRESENTATION_CONTEXT('2D SPACE',''
  ) );
#2079 = ORIENTED_EDGE('',*,*,#2030,.F.);
#2080 = ORIENTED_EDGE('',*,*,#1430,.F.);
#2081 = ADVANCED_FACE('',(#2082),#2068,.F.);
#2082 = FACE_BOUND('',#2083,.F.);
#2083 = EDGE_LOOP('',(#2084));
#2084 = ORIENTED_EDGE('',*,*,#2053,.T.);
#2085 = ADVANCED_FACE('',(#2086),#1416,.F.);
#2086 = FACE_BOUND('',#2087,.T.);
#2087 = EDGE_LOOP('',(#2088,#2111,#2138,#2139));
#2088 = ORIENTED_EDGE('',*,*,#2089,.T.);
#2089 = EDGE_CURVE('',#1396,#2090,#2092,.T.);
#2090 = VERTEX_POINT('',#2091);
#2091 = CARTESIAN_POINT('',(23.,138.5,7.));
#2092 = SEAM_CURVE('',#2093,(#2097,#2104),.PCURVE_S1.);
#2093 = LINE('',#2094,#2095);
#2094 = CARTESIAN_POINT('',(23.,155.5,7.));
#2095 = VECTOR('',#2096,1.);
#2096 = DIRECTION('',(0.,-1.,0.));
#2097 = PCURVE('',#1416,#2098);
#2098 = DEFINITIONAL_REPRESENTATION('',(#2099),#2103);
#2099 = LINE('',#2100,#2101);
#2100 = CARTESIAN_POINT('',(-0.,0.));
#2101 = VECTOR('',#2102,1.);
#2102 = DIRECTION('',(-0.,-1.));
#2103 = ( GEOMETRIC_REPRESENTATION_CONTEXT(2) 
PARAMETRIC_REPRESENTATION_CONTEXT() REPRESENTATION_CONTEXT('2D SPACE',''
  ) );
#2104 = PCURVE('',#1416,#2105);
#2105 = DEFINITIONAL_REPRESENTATION('',(#2106),#2110);
#2106 = LINE('',#2107,#2108);
#2107 = CARTESIAN_POINT('',(-6.28318530718,0.));
#2108 = VECTOR('',#2109,1.);
#2109 = DIRECTION('',(-0.,-1.));
#2110 = ( GEOMETRIC_REPRESENTATION_CONTEXT(2) 
PARAMETRIC_REPRESENTATION_CONTEXT() REPRESENTATION_CONTEXT('2D SPACE',''
  ) );
#2111 = ORIENTED_EDGE('',*,*,#2112,.T.);
#2112 = EDGE_CURVE('',#2090,#2090,#2113,.T.);
#2113 = SURFACE_CURVE('',#2114,(#2119,#2126),.PCURVE_S1.);
#2114 = CIRCLE('',#2115,3.);
#2115 = AXIS2_PLACEMENT_3D('',#2116,#2117,#2118);
#2116 = CARTESIAN_POINT('',(20.,138.5,7.));
#2117 = DIRECTION('',(0.,-1.,0.));
#2118 = DIRECTION('',(1.,0.,0.));
#2119 = PCURVE('',#1416,#2120);
#2120 = DEFINITIONAL_REPRESENTATION('',(#2121),#2125);
#2121 = LINE('',#2122,#2123);
#2122 = CARTESIAN_POINT('',(-0.,-17.));
#2123 = VECTOR('',#2124,1.);
#2124 = DIRECTION('',(-1.,0.));
#2125 = ( GEOMETRIC_REPRESENTATION_CONTEXT(2) 
PARAMETRIC_REPRESENTATION_CONTEXT() REPRESENTATION_CONTEXT('2D SPACE',''
  ) );
#2126 = PCURVE('',#2127,#2132);
#2127 = PLANE('',#2128);
#2128 = AXIS2_PLACEMENT_3D('',#2129,#2130,#2131);
#2129 = CARTESIAN_POINT('',(20.,138.5,7.));
#2130 = DIRECTION('',(0.,-1.,0.));
#2131 = DIRECTION('',(1.,0.,0.));
#2132 = DEFINITIONAL_REPRESENTATION('',(#2133),#2137);
#2133 = CIRCLE('',#2134,3.);
#2134 = AXIS2_PLACEMENT_2D('',#2135,#2136);
#2135 = CARTESIAN_POINT('',(0.,0.));
#2136 = DIRECTION('',(1.,0.));
#2137 = ( GEOMETRIC_REPRESENTATION_CONTEXT(2) 
PARAMETRIC_REPRESENTATION_CONTEXT() REPRESENTATION_CONTEXT('2D SPACE',''
  ) );
#2138 = ORIENTED_EDGE('',*,*,#2089,.F.);
#2139 = ORIENTED_EDGE('',*,*,#1395,.F.);
#2140 = ADVANCED_FACE('',(#2141),#2127,.F.);
#2141 = FACE_BOUND('',#2142,.F.);
#2142 = EDGE_LOOP('',(#2143));
#2143 = ORIENTED_EDGE('',*,*,#2112,.T.);
#2144 = ADVANCED_FACE('',(#2145),#126,.T.);
#2145 = FACE_BOUND('',#2146,.T.);
#2146 = EDGE_LOOP('',(#2147,#2148,#2149,#2170,#2171,#2172,#2173,#2174,
    #2175,#2176,#2177,#2178,#2179));
#2147 = ORIENTED_EDGE('',*,*,#1371,.F.);
#2148 = ORIENTED_EDGE('',*,*,#112,.F.);
#2149 = ORIENTED_EDGE('',*,*,#2150,.T.);
#2150 = EDGE_CURVE('',#24,#1317,#2151,.T.);
#2151 = SURFACE_CURVE('',#2152,(#2156,#2163),.PCURVE_S1.);
#2152 = LINE('',#2153,#2154);
#2153 = CARTESIAN_POINT('',(0.,25.,100.));
#2154 = VECTOR('',#2155,1.);
#2155 = DIRECTION('',(1.,0.,0.));
#2156 = PCURVE('',#126,#2157);
#2157 = DEFINITIONAL_REPRESENTATION('',(#2158),#2162);
#2158 = LINE('',#2159,#2160);
#2159 = CARTESIAN_POINT('',(0.,0.));
#2160 = VECTOR('',#2161,1.);
#2161 = DIRECTION('',(1.,0.));
#2162 = ( GEOMETRIC_REPRESENTATION_CONTEXT(2) 
PARAMETRIC_REPRESENTATION_CONTEXT() REPRESENTATION_CONTEXT('2D SPACE',''
  ) );
#2163 = PCURVE('',#44,#2164);
#2164 = DEFINITIONAL_REPRESENTATION('',(#2165),#2169);
#2165 = LINE('',#2166,#2167);
#2166 = CARTESIAN_POINT('',(100.,0.));
#2167 = VECTOR('',#2168,1.);
#2168 = DIRECTION('',(0.,1.));
#2169 = ( GEOMETRIC_REPRESENTATION_CONTEXT(2) 
PARAMETRIC_REPRESENTATION_CONTEXT() REPRESENTATION_CONTEXT('2D SPACE',''
  ) );
#2170 = ORIENTED_EDGE('',*,*,#1339,.F.);
#2171 = ORIENTED_EDGE('',*,*,#1289,.T.);
#2172 = ORIENTED_EDGE('',*,*,#1038,.T.);
#2173 = ORIENTED_EDGE('',*,*,#986,.T.);
#2174 = ORIENTED_EDGE('',*,*,#930,.T.);
#2175 = ORIENTED_EDGE('',*,*,#875,.T.);
#2176 = ORIENTED_EDGE('',*,*,#850,.T.);
#2177 = ORIENTED_EDGE('',*,*,#624,.T.);
#2178 = ORIENTED_EDGE('',*,*,#574,.T.);
#2179 = ORIENTED_EDGE('',*,*,#526,.T.);
#2180 = ADVANCED_FACE('',(#2181),#44,.F.);
#2181 = FACE_BOUND('',#2182,.F.);
#2182 = EDGE_LOOP('',(#2183,#2184,#2185,#2186));
#2183 = ORIENTED_EDGE('',*,*,#165,.F.);
#2184 = ORIENTED_EDGE('',*,*,#21,.T.);
#2185 = ORIENTED_EDGE('',*,*,#2150,.T.);
#2186 = ORIENTED_EDGE('',*,*,#1316,.F.);
#2187 = ( GEOMETRIC_REPRESENTATION_CONTEXT(3) 
GLOBAL_UNCERTAINTY_ASSIGNED_CONTEXT((#2191)) 
GLOBAL_UNIT_ASSIGNED_CONTEXT((#2188,#2189,#2190)) REPRESENTATION_CONTEXT
('Context #1','3D Context with UNIT and UNCERTAINTY') );
#2188 = ( LENGTH_UNIT() NAMED_UNIT(*) SI_UNIT(.MILLI.,.METRE.) );
#2189 = ( NAMED_UNIT(*) PLANE_ANGLE_UNIT() SI_UNIT($,.RADIAN.) );
#2190 = ( NAMED_UNIT(*) SI_UNIT($,.STERADIAN.) SOLID_ANGLE_UNIT() );
#2191 = UNCERTAINTY_MEASURE_WITH_UNIT(LENGTH_MEASURE(1.E-07),#2188,
  'distance_accuracy_value','confusion accuracy');
#2192 = PRODUCT_RELATED_PRODUCT_CATEGORY('part',$,(#7));
ENDSEC;
END-ISO-10303-21;
