part_number,quantity,material,procured_stock,length_mm,thickness_mm,bounds_local_mm,individual_export_guarded,status,notes
MF_LEG_1_1,1,steel,steel,949.2,,"[0.0, 0.0, 0.0, 50.8, 50.8, 949.2]",False,ENGINEERING DEFINITION - REVIEW BEFORE FABRICATION,"50.8 x 50.8 x 3.048 mm nominal hollow tube; square-corner idealization | Welded structure: nominal square tube corners; stock corner radii are not precision mating datums. | Sandserviceport:Ø30weldbung,M20×1.5removableplug. Fillonlyafterallwelding/coating;weightactualdryballast."
MF_LEG_1_2,1,steel,steel,949.2,,"[0.0, 0.0, 0.0, 50.8, 50.8, 949.2]",False,ENGINEERING DEFINITION - REVIEW BEFORE FABRICATION,"50.8 x 50.8 x 3.048 mm nominal hollow tube; square-corner idealization | Welded structure: nominal square tube corners; stock corner radii are not precision mating datums. | Sandserviceport:Ø30weldbung,M20×1.5removableplug. Fillonlyafterallwelding/coating;weightactualdryballast."
MF_LEG_1_3,1,steel,steel,949.2,,"[0.0, 0.0, 0.0, 50.8, 50.8, 949.2]",False,ENGINEERING DEFINITION - REVIEW BEFORE FABRICATION,"50.8 x 50.8 x 3.048 mm nominal hollow tube; square-corner idealization | Welded structure: nominal square tube corners; stock corner radii are not precision mating datums. | Sandserviceport:Ø30weldbung,M20×1.5removableplug. Fillonlyafterallwelding/coating;weightactualdryballast."
MF_TOP_Y_1,1,steel,steel,1450.0,,"[0.0, 0.0, 0.0, 50.8, 1450.0, 50.8]",False,ENGINEERING DEFINITION - REVIEW BEFORE FABRICATION,"50.8 x 50.8 x 3.048 mm nominal hollow tube; square-corner idealization | Welded structure: nominal square tube corners; stock corner radii are not precision mating datums. | Sandserviceport:Ø30weldbung,M20×1.5removableplug. Fillonlyafterallwelding/coating;weightactualdryballast."
MF_LOWER_SIDE_1_1,1,steel,steel,648.8,,"[0.0, 0.0, 0.0, 50.8, 648.8, 50.8]",False,ENGINEERING DEFINITION - REVIEW BEFORE FABRICATION,"50.8 x 50.8 x 3.048 mm nominal hollow tube; square-corner idealization | Welded structure: nominal square tube corners; stock corner radii are not precision mating datums. | Sandserviceport:Ø30weldbung,M20×1.5removableplug. Fillonlyafterallwelding/coating;weightactualdryballast."
MF_LOWER_SIDE_1_2,1,steel,steel,648.7999999999998,,"[0.0, 0.0, 0.0, 50.8, 648.8, 50.8]",False,ENGINEERING DEFINITION - REVIEW BEFORE FABRICATION,"50.8 x 50.8 x 3.048 mm nominal hollow tube; square-corner idealization | Welded structure: nominal square tube corners; stock corner radii are not precision mating datums. | Sandserviceport:Ø30weldbung,M20×1.5removableplug. Fillonlyafterallwelding/coating;weightactualdryballast."
RAIL_CAP_1_BLANK,1,steel,steel,,,"[0.0, 0.0, 0.0, 100.0, 1450.0, 7.9375]",False,ENGINEERING DEFINITION - REVIEW BEFORE FABRICATION,"1450 x 100 x 7.9375 mm blank; 5/16-inch US-stock adaptation | Welded structure: nominal square tube corners; stock corner radii are not precision mating datums. | Raised6mm:underside1056/top1063.9375;continuousmachinedspacerunderrailcap. | Y stop/switch bracket: Ø6.6 holes at X66.5/1083.5, Y90/140/1410/1442; within inboard cap overhang, clear of spacer. | Y stop/switch bracket: Ø6.6 holes at X66.5/1083.5, Y90/140/1410/1442; within inboard cap overhang, clear of spacer. | Y stop/switch bracket: Ø6.6 holes at X66.5/1083.5, Y90/140/1410/1442; within inboard cap overhang, clear of spacer. | Y stop/switch bracket: Ø6.6 holes at X66.5/1083.5, Y90/140/1410/1442; within inboard cap overhang, clear of spacer."
MF_LEG_2_1,1,steel,steel,949.2,,"[0.0, 0.0, 0.0, 50.8, 50.8, 949.2]",False,ENGINEERING DEFINITION - REVIEW BEFORE FABRICATION,"50.8 x 50.8 x 3.048 mm nominal hollow tube; square-corner idealization | Welded structure: nominal square tube corners; stock corner radii are not precision mating datums. | Sandserviceport:Ø30weldbung,M20×1.5removableplug. Fillonlyafterallwelding/coating;weightactualdryballast."
MF_LEG_2_2,1,steel,steel,949.2,,"[0.0, 0.0, 0.0, 50.8, 50.8, 949.2]",False,ENGINEERING DEFINITION - REVIEW BEFORE FABRICATION,"50.8 x 50.8 x 3.048 mm nominal hollow tube; square-corner idealization | Welded structure: nominal square tube corners; stock corner radii are not precision mating datums. | Sandserviceport:Ø30weldbung,M20×1.5removableplug. Fillonlyafterallwelding/coating;weightactualdryballast."
MF_LEG_2_3,1,steel,steel,949.2,,"[0.0, 0.0, 0.0, 50.8, 50.8, 949.2]",False,ENGINEERING DEFINITION - REVIEW BEFORE FABRICATION,"50.8 x 50.8 x 3.048 mm nominal hollow tube; square-corner idealization | Welded structure: nominal square tube corners; stock corner radii are not precision mating datums. | Sandserviceport:Ø30weldbung,M20×1.5removableplug. Fillonlyafterallwelding/coating;weightactualdryballast."
MF_TOP_Y_2,1,steel,steel,1450.0,,"[0.0, 0.0, 0.0, 50.8, 1450.0, 50.8]",False,ENGINEERING DEFINITION - REVIEW BEFORE FABRICATION,"50.8 x 50.8 x 3.048 mm nominal hollow tube; square-corner idealization | Welded structure: nominal square tube corners; stock corner radii are not precision mating datums. | Sandserviceport:Ø30weldbung,M20×1.5removableplug. Fillonlyafterallwelding/coating;weightactualdryballast."
MF_LOWER_SIDE_2_1,1,steel,steel,648.8,,"[0.0, 0.0, 0.0, 50.8, 648.8, 50.8]",False,ENGINEERING DEFINITION - REVIEW BEFORE FABRICATION,"50.8 x 50.8 x 3.048 mm nominal hollow tube; square-corner idealization | Welded structure: nominal square tube corners; stock corner radii are not precision mating datums. | Sandserviceport:Ø30weldbung,M20×1.5removableplug. Fillonlyafterallwelding/coating;weightactualdryballast."
MF_LOWER_SIDE_2_2,1,steel,steel,648.7999999999998,,"[0.0, 0.0, 0.0, 50.8, 648.8, 50.8]",False,ENGINEERING DEFINITION - REVIEW BEFORE FABRICATION,"50.8 x 50.8 x 3.048 mm nominal hollow tube; square-corner idealization | Welded structure: nominal square tube corners; stock corner radii are not precision mating datums. | Sandserviceport:Ø30weldbung,M20×1.5removableplug. Fillonlyafterallwelding/coating;weightactualdryballast."
RAIL_CAP_2_BLANK,1,steel,steel,,,"[0.0, 0.0, 0.0, 100.0, 1450.0, 7.9375]",False,ENGINEERING DEFINITION - REVIEW BEFORE FABRICATION,"1450 x 100 x 7.9375 mm blank; 5/16-inch US-stock adaptation | Welded structure: nominal square tube corners; stock corner radii are not precision mating datums. | Raised6mm:underside1056/top1063.9375;continuousmachinedspacerunderrailcap. | Y stop/switch bracket: Ø6.6 holes at X66.5/1083.5, Y90/140/1410/1442; within inboard cap overhang, clear of spacer. | Y stop/switch bracket: Ø6.6 holes at X66.5/1083.5, Y90/140/1410/1442; within inboard cap overhang, clear of spacer. | Y stop/switch bracket: Ø6.6 holes at X66.5/1083.5, Y90/140/1410/1442; within inboard cap overhang, clear of spacer. | Y stop/switch bracket: Ø6.6 holes at X66.5/1083.5, Y90/140/1410/1442; within inboard cap overhang, clear of spacer."
MF_END_FRONT_LOW,1,steel,steel,1048.4,,"[0.0, 0.0, 0.0, 1048.4, 50.8, 50.8]",False,ENGINEERING DEFINITION - REVIEW BEFORE FABRICATION,"50.8 x 50.8 x 3.048 mm nominal hollow tube; square-corner idealization | Welded structure: nominal square tube corners; stock corner radii are not precision mating datums. | Sandserviceport:Ø30weldbung,M20×1.5removableplug. Fillonlyafterallwelding/coating;weightactualdryballast."
MF_END_REAR_LOW,1,steel,steel,1048.4,,"[0.0, 0.0, 0.0, 1048.4, 50.8, 50.8]",False,ENGINEERING DEFINITION - REVIEW BEFORE FABRICATION,"50.8 x 50.8 x 3.048 mm nominal hollow tube; square-corner idealization | Welded structure: nominal square tube corners; stock corner radii are not precision mating datums. | Sandserviceport:Ø30weldbung,M20×1.5removableplug. Fillonlyafterallwelding/coating;weightactualdryballast."
MF_END_FRONT_UPPER,1,steel,steel,1048.4,,"[0.0, 0.0, 0.0, 1048.4, 50.8, 50.8]",False,ENGINEERING DEFINITION - REVIEW BEFORE FABRICATION,"50.8 x 50.8 x 3.048 mm nominal hollow tube; square-corner idealization | Welded structure: nominal square tube corners; stock corner radii are not precision mating datums. | Sandserviceport:Ø30weldbung,M20×1.5removableplug. Fillonlyafterallwelding/coating;weightactualdryballast."
MF_END_REAR_UPPER,1,steel,steel,1048.4,,"[0.0, 0.0, 0.0, 1048.4, 50.8, 50.8]",False,ENGINEERING DEFINITION - REVIEW BEFORE FABRICATION,"50.8 x 50.8 x 3.048 mm nominal hollow tube; square-corner idealization | Welded structure: nominal square tube corners; stock corner radii are not precision mating datums. | Sandserviceport:Ø30weldbung,M20×1.5removableplug. Fillonlyafterallwelding/coating;weightactualdryballast."
MF_RECEIVER_LEDGER_1,1,steel,steel,1450.0,,"[0.0, 0.0, 0.0, 50.8, 1450.0, 50.8]",False,ENGINEERING DEFINITION - REVIEW BEFORE FABRICATION,"50.8 x 50.8 x 3.048 mm nominal hollow tube; square-corner idealization | Welded structure: nominal square tube corners; stock corner radii are not precision mating datums. | Sandserviceport:Ø30weldbung,M20×1.5removableplug. Fillonlyafterallwelding/coating;weightactualdryballast. | Front removable seat: two OD18 compression/thread sleeves at global X88.0, Y45/85; bores through both walls. Weld sleeves before ballast; finish top flush Z840. Do not drill a sand-filled member."
MF_RECEIVER_LEDGER_2,1,steel,steel,1450.0,,"[0.0, 0.0, 0.0, 50.8, 1450.0, 50.8]",False,ENGINEERING DEFINITION - REVIEW BEFORE FABRICATION,"50.8 x 50.8 x 3.048 mm nominal hollow tube; square-corner idealization | Welded structure: nominal square tube corners; stock corner radii are not precision mating datums. | Sandserviceport:Ø30weldbung,M20×1.5removableplug. Fillonlyafterallwelding/coating;weightactualdryballast. | Front removable seat: two OD18 compression/thread sleeves at global X1062.0, Y45/85; bores through both walls. Weld sleeves before ballast; finish top flush Z840. Do not drill a sand-filled member."
CAP_SPACER,2,A36 steel,A36 steel; finish-machine6.000mmfrom1/4in6.35mmstock,,6,"[0.0, 0.0, 0.0, 50.8, 1450.0, 6.0]",False,ENGINEERING DEFINITION - REVIEW BEFORE FABRICATION,Finish-machine6mmfrom1/4instock;capfastenerpatterncoordinatedwithmotionmodule.
FT_PAD,6,A36steel1/2in,A36steel1/2in,,12.7,"[0.0, 0.0, 0.0, 80.0, 80.0, 12.7]",False,ENGINEERING DEFINITION - REVIEW BEFORE FABRICATION,MilltopØ32×2deepjack-headseat. FourØ9optionalanchorholes;flooranchorchoiceis site-specific.
FT_LEG_CLOSURE,6,A36 steel,A36 steel; finish-machine6.000mmfrom1/4in6.35mmstock,,6,"[0.0, 0.0, 0.0, 50.8, 50.8, 6.0]",False,ENGINEERING DEFINITION - REVIEW BEFORE FABRICATION,WeldM16nutaboveclosurebeforeclosingleg. Continuous3mmfilletclosure-to-leg.
STD_M16_NUT,12,M16grade8nut24AF×13,M16grade8nut24AF×13,,,"[-13.8564, -12.0, 0.0, 13.8564, 12.0, 13.0]",True,PURCHASED ENVELOPE - VERIFY INTERFACE,
STD_M16x100_HEX,6,M16x100fullythreadedclass8.8,M16x100fullythreadedclass8.8,,,"[-13.8564, -12.0, 0.0, 13.8564, 12.0, 110.0]",True,PURCHASED ENVELOPE - VERIFY INTERFACE,Jackheadrestsrecessedonthefloorpad.±8mmlevelingrange;retightenjamnutandrecheckthreadengagement. No casters.
FB_SIDE_L_1,1,A5001x1x.083tube,A5001x1x.083tube,912.9940196956386,,"[0.0, 0.0, -0.0, 25.4, 617.9739, 705.8589]",False,ENGINEERING DEFINITION - REVIEW BEFORE FABRICATION,"Square-endnominalbrace;25.4×25.4×2.1082section. Weldinnerfaceto3mmgussets,3mmfilletsminimum50mmaccessibleedges."
FB_TRIANGLE_160_1,4,A36 steel,A36 steel,,3,"[0.0, 0.0, 0.0, 160.0, 160.0, 3.0]",False,ENGINEERING DEFINITION - REVIEW BEFORE FABRICATION,160mmlegsprovide>50mmbraceoverlap;3mmcontinuousfilletwheregussetoverlapsleg/rail.
FB_TRIANGLE_160_-1,4,A36 steel,A36 steel,,3,"[-160.0, -160.0, 0.0, 0.0, 0.0, 3.0]",False,ENGINEERING DEFINITION - REVIEW BEFORE FABRICATION,160mmlegsprovide>50mmbraceoverlap;3mmcontinuousfilletwheregussetoverlapsleg/rail.
FB_SIDE_L_2,1,A5001x1x.083tube,A5001x1x.083tube,912.9940196956386,,"[0.0, -0.0, -0.0, 25.4, 617.9739, 705.8589]",False,ENGINEERING DEFINITION - REVIEW BEFORE FABRICATION,"Square-endnominalbrace;25.4×25.4×2.1082section. Weldinnerfaceto3mmgussets,3mmfilletsminimum50mmaccessibleedges."
FB_SIDE_R_1,1,A5001x1x.083tube,A5001x1x.083tube,912.9940196956386,,"[0.0, 0.0, -0.0, 25.4, 617.9739, 705.8589]",False,ENGINEERING DEFINITION - REVIEW BEFORE FABRICATION,"Square-endnominalbrace;25.4×25.4×2.1082section. Weldinnerfaceto3mmgussets,3mmfilletsminimum50mmaccessibleedges."
FB_SIDE_R_2,1,A5001x1x.083tube,A5001x1x.083tube,912.9940196956386,,"[0.0, -0.0, -0.0, 25.4, 617.9739, 705.8589]",False,ENGINEERING DEFINITION - REVIEW BEFORE FABRICATION,"Square-endnominalbrace;25.4×25.4×2.1082section. Weldinnerfaceto3mmgussets,3mmfilletsminimum50mmaccessibleedges."
FB_REAR,1,A5001x1x.083tube,A5001x1x.083tube,1213.177315976523,,"[0.0, 0.0, 0.0, 1012.8296, 25.4, 710.1033]",False,ENGINEERING DEFINITION - REVIEW BEFORE FABRICATION,"ReardiagonalinsideframeatY1370.8..1396.2,clearofreservoir."
FB_REAR_GUSSET_LOW,1,A36 steel,A36 steel,,3,"[0.0, 0.0, 0.0, 160.0, 160.0, 3.0]",False,ENGINEERING DEFINITION - REVIEW BEFORE FABRICATION,Lowergussetnotches25.4×30.8aroundexistinglowersiderail.
FB_REAR_GUSSET_HIGH,1,A36 steel,A36 steel,,3,"[-160.0, -160.0, 0.0, 0.0, 0.0, 3.0]",False,ENGINEERING DEFINITION - REVIEW BEFORE FABRICATION,Lowergussetnotches25.4×30.8aroundexistinglowersiderail.
PAN_BEARER_1,1,A5002x2x.120tube,A5002x2x.120tube,1016.4,,"[0.0, 0.0, 0.0, 1016.4, 50.8, 50.8]",False,ENGINEERING DEFINITION - REVIEW BEFORE FABRICATION,Finishedtubeendsweldto8mmendplates;boltedinside8mmhangers. TopZ730.
PB_HANGER,6,A36 steel,A36 steel; finish-machine8.000mmfrom3/8in9.525mmstock,,8,"[0.0, 0.0, 0.0, 80.0, 144.2, 8.0]",False,ENGINEERING DEFINITION - REVIEW BEFORE FABRICATION,4×M8through-tapped:predrill6.8;CADusesnominalthreadenvelope. Weldtopedgeunderledgerwith3mmfilletsbothaccessible sides.
PB_END,6,A36 steel,A36 steel; finish-machine8.000mmfrom3/8in9.525mmstock,,8,"[0.0, 0.0, 0.0, 80.0, 130.0, 8.0]",False,ENGINEERING DEFINITION - REVIEW BEFORE FABRICATION,Weldtubetoendplate3mmfillets;matchfixturetobothhangerfacesbeforewelding.
STD_M8x16_SOCKET,40,M8x16class8.8,M8x16class8.8,,,"[-6.5, -6.5, 0.0, 6.5, 6.5, 24.0]",True,PURCHASED ENVELOPE - VERIFY INTERFACE,
STD_M8_WASHER,28,M8flatwasher16×8.4×1.6,M8flatwasher16×8.4×1.6,,,"[-8.0, -8.0, 0.0, 8.0, 8.0, 1.6]",True,PURCHASED ENVELOPE - VERIFY INTERFACE,
STD_M6_WELDNUT,30,M6weldnut,M6weldnut,,,"[-5.7735, -5.0, 0.0, 5.7735, 5.0, 5.0]",True,PURCHASED ENVELOPE - VERIFY INTERFACE,
PAN_BEARER_2,1,A5002x2x.120tube,A5002x2x.120tube,1016.4,,"[0.0, 0.0, 0.0, 1016.4, 50.8, 50.8]",False,ENGINEERING DEFINITION - REVIEW BEFORE FABRICATION,Finishedtubeendsweldto8mmendplates;boltedinside8mmhangers. TopZ730.
PAN_BEARER_3,1,A5002x2x.120tube,A5002x2x.120tube,1016.4,,"[0.0, 0.0, 0.0, 1016.4, 50.8, 50.8]",False,ENGINEERING DEFINITION - REVIEW BEFORE FABRICATION,Finishedtubeendsweldto8mmendplates;boltedinside8mmhangers. TopZ730.
TS_OUTER_TIE,2,A5002x2x.120tube,A5002x2x.120tube,648.8,,"[0.0, 0.0, 0.0, 50.8, 648.8, 50.8]",False,ENGINEERING DEFINITION - REVIEW BEFORE FABRICATION,Weldendsdirectlytomiddle/rearlegfaces. TopZ175.
TS_CROSS,3,A5002x2x.120tube,A5002x2x.120tube,1048.4,,"[0.0, 0.0, 0.0, 1048.4, 50.8, 50.8]",False,ENGINEERING DEFINITION - REVIEW BEFORE FABRICATION,Continuous3mmendfillets;reservoirfloorrestsontop. RearcleanoutneckatY1260isclear.
SAND_ENDCAP_2IN,8,A36 steel,"A36 steel; purchase0.120in sheet,verifyactualgauge",,3.048,"[0.0, 0.0, 0.0, 50.8, 50.8, 3.048]",False,ENGINEERING DEFINITION - REVIEW BEFORE FABRICATION,Continuouslyweldclosurebeforeballastfilling. Neverweldwithsand/waterincompartment.
SAND_M20_BUNG,18,Machinedmildsteel,Machinedmildsteel,,,"[-15.0, -15.0, 0.0, 15.0, 15.0, 10.0]",False,ENGINEERING DEFINITION - REVIEW BEFORE FABRICATION,"OD30×10;M20×1.5female,predrill18.5beforetap;nominalthreadenvelopeinSTEP. Continuouswatertightweldtotube."
SAND_M20_PLUG,18,CustomM20×1.5steelplug,CustomM20×1.5steelplug,,,"[-14.0, -14.0, 0.0, 14.0, 14.0, 16.0]",False,ENGINEERING DEFINITION - REVIEW BEFORE FABRICATION,"Turn20mmthread×10long,28mmhead×6,6mmhexsocket4deep;sealwasherorremovabledustsealant."
WP_FLOOR,1,A36 steel 0.120in sheet,"A36 steel 0.120in sheet; purchase0.120in sheet,verifyactualgauge",,3.048,"[0.0, 0.0, 0.0, 920.0, 1200.06, 3.048]",False,ENGINEERING DEFINITION - REVIEW BEFORE FABRICATION,"Install at 1% downward slope toward rear. Continuous watertight seam welds. | Two48.5mmweldneckclearanceholes:drainand1.5instandpipe. No bend allowance required. | Drain center is0.35mm above absolute rear floor edge; residual film requires cleaning. | Rev H: Ø21.6 normal hole at world XY(385,1255) receives the vertical refill riser; seal weld annulus, leak-test and coat after welding."
WP_SIDE,2,A36 steel,"A36 steel; purchase0.120in sheet,verifyactualgauge",,3.048,"[0.0, 3.0482, 0.0, 1200.0, 100.0, 3.048]",False,ENGINEERING DEFINITION - REVIEW BEFORE FABRICATION,Miter/fit lower seam to tilted floor; nominal corner weld gap<=0.1mm from 1% floor projection.
WP_END_FRONT,1,A36 steel,"A36 steel; purchase0.120in sheet,verifyactualgauge",,3.048,"[0.0, 0.0, 0.0, 913.904, 84.9518, 3.048]",False,ENGINEERING DEFINITION - REVIEW BEFORE FABRICATION,Welded end plate; dress local 0.031mm slope mismatch before welding.
WP_END_REAR,1,A36 steel,"A36 steel; purchase0.120in sheet,verifyactualgauge",,3.048,"[0.0, 0.0, 0.0, 913.904, 96.9214, 3.048]",False,ENGINEERING DEFINITION - REVIEW BEFORE FABRICATION,Welded end plate; dress local 0.031mm slope mismatch before welding.
WP_DRAIN_NECK,1,NPS1.5 schedule40 steel pipe,NPS1.5 schedule40 steel pipe,45,,"[-24.15, -24.15, 0.0, 24.15, 24.15, 45.0]",False,ENGINEERING DEFINITION - REVIEW BEFORE FABRICATION,"OD48.3 ID40.9 per Wheatland schedule40 table. Flush upper end to floor; continuous weld. | https://www.wheatland.com/wp-content/uploads/2017/12/Schedule-40-Submittal-Sheet.pdf | Rev I supersedes the old lower1.5NPT thread: keep lower end plain, square and prepared for sealed butt-weld to I_DRAIN_UPPER_SLEEVE. Do not thread it."
WP_OVERFLOW_STANDPIPE,1,NPS1.5 schedule40 steel pipe,NPS1.5 schedule40 steel pipe,375,,"[-24.15, -24.15, 0.0, 24.15, 24.15, 375.0]",False,ENGINEERING DEFINITION - REVIEW BEFORE FABRICATION,Top edgeZ825 establishes pan overflow. Lower outletZ450 air-gaps above reservoir inlet. | https://www.wheatland.com/wp-content/uploads/2017/12/Schedule-40-Submittal-Sheet.pdf
WP_CRADLE_WEB_1_1,1,A36 steel,A36 steel; finish-machine6.000mmfrom1/4in6.35mmstock,,6,"[0.0, 0.0, 0.0, 900.0, 16.24, 6.0]",False,ENGINEERING DEFINITION - REVIEW BEFORE FABRICATION,Weld web to bearer. Grind upper edge to measured floor slope; do not force-distort pan.
WP_CRADLE_WEB_1_2,1,A36 steel,A36 steel; finish-machine6.000mmfrom1/4in6.35mmstock,,6,"[0.0, 0.0, 0.0, 900.0, 15.792, 6.0]",False,ENGINEERING DEFINITION - REVIEW BEFORE FABRICATION,Weld web to bearer. Grind upper edge to measured floor slope; do not force-distort pan.
WP_CRADLE_WEB_2_1,1,A36 steel,A36 steel; finish-machine6.000mmfrom1/4in6.35mmstock,,6,"[0.0, 0.0, 0.0, 900.0, 11.24, 6.0]",False,ENGINEERING DEFINITION - REVIEW BEFORE FABRICATION,Weld web to bearer. Grind upper edge to measured floor slope; do not force-distort pan.
WP_CRADLE_WEB_2_2,1,A36 steel,A36 steel; finish-machine6.000mmfrom1/4in6.35mmstock,,6,"[0.0, 0.0, 0.0, 900.0, 10.792, 6.0]",False,ENGINEERING DEFINITION - REVIEW BEFORE FABRICATION,Weld web to bearer. Grind upper edge to measured floor slope; do not force-distort pan.
WP_CRADLE_WEB_3_1,1,A36 steel,A36 steel; finish-machine6.000mmfrom1/4in6.35mmstock,,6,"[0.0, 0.0, 0.0, 900.0, 6.49, 6.0]",False,ENGINEERING DEFINITION - REVIEW BEFORE FABRICATION,Weld web to bearer. Grind upper edge to measured floor slope; do not force-distort pan.
WP_CRADLE_WEB_3_2,1,A36 steel,A36 steel; finish-machine6.000mmfrom1/4in6.35mmstock,,6,"[0.0, 0.0, 0.0, 900.0, 6.042, 6.0]",False,ENGINEERING DEFINITION - REVIEW BEFORE FABRICATION,Weld web to bearer. Grind upper edge to measured floor slope; do not force-distort pan.
WP_HOLD_TAB_1,1,A36 steel,A36 steel; finish-machine6.000mmfrom1/4in6.35mmstock,,6,"[0.0, 0.0, 0.0, 26.0, 30.0, 6.0]",False,ENGINEERING DEFINITION - REVIEW BEFORE FABRICATION,"Continuous6mm-side-edge weld to pan side. M6x40 restraint, not part of routing load path."
WP_HOLD_SPACER_1,1,A36 steel,A36 steel,19.244152396190202,,"[-6.0, -6.0, 0.0, 6.0, 6.0, 19.2442]",False,ENGINEERING DEFINITION - REVIEW BEFORE FABRICATION,Machined spacer between bearer top and pan tab. Seats without pulling pan out of shape.
STD_M6x40_SOCKET,6,M6x40class8.8,M6x40class8.8,,,"[-5.0, -5.0, 0.0, 5.0, 5.0, 46.0]",True,PURCHASED ENVELOPE - VERIFY INTERFACE,
WP_HOLD_TAB_2,1,A36 steel,A36 steel; finish-machine6.000mmfrom1/4in6.35mmstock,,6,"[0.0, 0.0, 0.0, 26.0, 30.0, 6.0]",False,ENGINEERING DEFINITION - REVIEW BEFORE FABRICATION,"Continuous6mm-side-edge weld to pan side. M6x40 restraint, not part of routing load path."
WP_HOLD_SPACER_2,1,A36 steel,A36 steel,19.244152396190202,,"[-6.0, -6.0, 0.0, 6.0, 6.0, 19.2442]",False,ENGINEERING DEFINITION - REVIEW BEFORE FABRICATION,Machined spacer between bearer top and pan tab. Seats without pulling pan out of shape.
WP_HOLD_TAB_3,1,A36 steel,A36 steel; finish-machine6.000mmfrom1/4in6.35mmstock,,6,"[0.0, 0.0, 0.0, 26.0, 30.0, 6.0]",False,ENGINEERING DEFINITION - REVIEW BEFORE FABRICATION,"Continuous6mm-side-edge weld to pan side. M6x40 restraint, not part of routing load path."
WP_HOLD_SPACER_3,1,A36 steel,A36 steel,9.494152396190202,,"[-6.0, -6.0, 0.0, 6.0, 6.0, 9.4942]",False,ENGINEERING DEFINITION - REVIEW BEFORE FABRICATION,Machined spacer between bearer top and pan tab. Seats without pulling pan out of shape.
WP_HOLD_TAB_4,1,A36 steel,A36 steel; finish-machine6.000mmfrom1/4in6.35mmstock,,6,"[0.0, 0.0, 0.0, 26.0, 30.0, 6.0]",False,ENGINEERING DEFINITION - REVIEW BEFORE FABRICATION,"Continuous6mm-side-edge weld to pan side. M6x40 restraint, not part of routing load path."
WP_HOLD_SPACER_4,1,A36 steel,A36 steel,9.494152396190202,,"[-6.0, -6.0, 0.0, 6.0, 6.0, 9.4942]",False,ENGINEERING DEFINITION - REVIEW BEFORE FABRICATION,Machined spacer between bearer top and pan tab. Seats without pulling pan out of shape.
WP_COMB,2,A36 steel,A36 steel; finish-machine6.000mmfrom1/4in6.35mmstock,,6,"[0.0, 3.5982, 0.0, 1120.0, 60.0, 6.0]",False,ENGINEERING DEFINITION - REVIEW BEFORE FABRICATION,"Continuous lower edge follows floor. Stitch weld to floor, alternating sides; slots3.6wide toZ775 seat."
WP_SLAT,19,A36 steel,"A36 steel; purchase0.120in sheet,verifyactualgauge",,3.048,"[0.0, 0.0, 0.0, 880.0, 75.0, 3.048]",False,ENGINEERING DEFINITION - REVIEW BEFORE FABRICATION,Replaceable loose slat;75height yields topZ850. No welding to comb. | Rev G: relieve upper 22 mm over each 35 mm end. Central X170..980 remains at Z850 (810 mm support width); relieved ends top Z828 clear the bed seats/feet. Comb stations X195/955 unchanged.
WT_FLOOR,1,A36 steel,"A36 steel; purchase0.120in sheet,verifyactualgauge",,3.048,"[0.0, 0.0, 0.0, 906.096, 606.096, 3.048]",False,ENGINEERING DEFINITION - REVIEW BEFORE FABRICATION,"Weld continuously to all walls. Floor drain allows washout; permanently vented, never pressure/vacuum-rated."
WT_SIDE,2,A36 steel,"A36 steel; purchase0.120in sheet,verifyactualgauge",,3.048,"[0.0, 0.0, 0.0, 606.096, 250.0, 3.048]",False,ENGINEERING DEFINITION - REVIEW BEFORE FABRICATION,
WT_FRONT,1,A36 steel,"A36 steel; purchase0.120in sheet,verifyactualgauge",,3.048,"[0.0, 0.0, 0.0, 900.0, 250.0, 3.048]",False,ENGINEERING DEFINITION - REVIEW BEFORE FABRICATION,
WT_REAR,1,A36 steel,"A36 steel; purchase0.120in sheet,verifyactualgauge",,3.048,"[0.0, 0.0, 0.0, 900.0, 250.0, 3.048]",False,ENGINEERING DEFINITION - REVIEW BEFORE FABRICATION,Rear port is the clarified pickup. The emergency overflow uses the separate internal standpipe through the floor.
WT_SETTLING_WEIR,1,A36 steel,"A36 steel; purchase0.120in sheet,verifyactualgauge",,3.048,"[0.0, 0.0, 0.0, 900.0, 50.0, 3.048]",False,ENGINEERING DEFINITION - REVIEW BEFORE FABRICATION,Weld bottom and sides;topZ228.048. Retainssettledmaterialwithouttrappingexcesswater.
WT_PICKUP_PIPE,1,NPS0.5 schedule40 steel pipe,NPS0.5 schedule40 steel pipe,608.048,,"[-10.65, -10.65, 0.0, 10.65, 10.65, 608.048]",False,ENGINEERING DEFINITION - REVIEW BEFORE FABRICATION,"Axis+Y;open intake is25mm above internalfloor,inclarifiedfrontbay. Sealbafflepenetration. | Rearexternalend1/2NPTmale. Pumptripat55mmaboveinternalfloor. | https://www.wheatland.com/wp-content/uploads/2017/12/Schedule-40-Submittal-Sheet.pdf"
WT_EMERGENCY_OVERFLOW,1,NPS1.5 schedule40 steel pipe,NPS1.5 schedule40 steel pipe,292,,"[-24.15, -24.15, 0.0, 24.15, 24.15, 292.0]",False,ENGINEERING DEFINITION - REVIEW BEFORE FABRICATION,"Internal standpipe crest Z420.048,242mm above reservoir floor. Open outlet below tank atZ128.048 must route to a visible drain; never cap. | https://www.wheatland.com/wp-content/uploads/2017/12/Schedule-40-Submittal-Sheet.pdf"
WT_CLEANOUT_NECK,1,NPS1.5 schedule40 steel pipe,NPS1.5 schedule40 steel pipe,62.048,,"[-24.15, -24.15, 0.0, 24.15, 24.15, 62.048]",False,ENGINEERING DEFINITION - REVIEW BEFORE FABRICATION,"Flush upper end with tank inner floor; lower end is plain, welded to the fabricated flange. The old1.5 NPT cap callout is superseded. | Tank must be emptied and isolated before loosening the cleanout cover. This large opening is for washout, not controlled draining of115 L."
WT_RIM_FRONT,1,A36 steel,A36 steel; finish-machine6.000mmfrom1/4in6.35mmstock,,6,"[0.0, 0.0, 0.0, 966.096, 30.0, 6.0]",False,ENGINEERING DEFINITION - REVIEW BEFORE FABRICATION,Continuous external wall weld. M6 weld nuts below each bolt hole; remove lid for tank washout.
WT_RIM_REAR,1,A36 steel,A36 steel; finish-machine6.000mmfrom1/4in6.35mmstock,,6,"[0.0, 0.0, 0.0, 966.096, 30.0, 6.0]",False,ENGINEERING DEFINITION - REVIEW BEFORE FABRICATION,Continuous external wall weld. M6 weld nuts below each bolt hole; remove lid for tank washout.
WT_RIM_LEFT,1,A36 steel,A36 steel; finish-machine6.000mmfrom1/4in6.35mmstock,,6,"[0.0, 0.0, 0.0, 30.0, 606.096, 6.0]",False,ENGINEERING DEFINITION - REVIEW BEFORE FABRICATION,Continuous external wall weld. M6 weld nuts below each bolt hole; remove lid for tank washout.
WT_RIM_RIGHT,1,A36 steel,A36 steel; finish-machine6.000mmfrom1/4in6.35mmstock,,6,"[0.0, 0.0, 0.0, 30.0, 606.096, 6.0]",False,ENGINEERING DEFINITION - REVIEW BEFORE FABRICATION,Continuous external wall weld. M6 weld nuts below each bolt hole; remove lid for tank washout.
WT_GASKET,1,"2mm EPDM gasket, compatible media required","2mm EPDM gasket, compatible media required",,2,"[0.0, 0.0, 0.0, 966.096, 666.096, 2.0]",False,ENGINEERING DEFINITION - REVIEW BEFORE FABRICATION,"Knife-cut; do not use metal laser program. Permanently vented cover, not a pressure seal."
WT_LID,1,A36 steel,"A36 steel; purchase0.120in sheet,verifyactualgauge",,3.048,"[0.0, 0.0, 0.0, 966.096, 666.096, 3.048]",False,ENGINEERING DEFINITION - REVIEW BEFORE FABRICATION,"Catch-basket hatch166x126. Separate55mm overflow entry and33.6mm vent pipe penetration. | Rev H: routine washout is through two independent service openings; the equipment lid remains installed. | The full lid is a major-disassembly item, not a verified routine removal. Drain and isolate before opening either hatch."
STD_M6x20_SOCKET,38,M6x20 class8.8,M6x20 class8.8,,,"[-5.0, -5.0, 0.0, 5.0, 5.0, 26.0]",True,PURCHASED ENVELOPE - VERIFY INTERFACE,
WT_VENT_NECK,1,NPS1 schedule40 steel pipe,NPS1 schedule40 steel pipe,60,,"[-16.7, -16.7, 0.0, 16.7, 16.7, 60.0]",False,ENGINEERING DEFINITION - REVIEW BEFORE FABRICATION,Permanently open vent. Fit coarse removable stainless insect/debris mesh; inspect for blockage. No compressed-air connection.
WT_BASKET_BASE,1,304 stainless1.5mm,304 stainless1.5mm,,1.5,"[0.0, 0.0, 0.0, 160.0, 120.0, 1.5]",False,ENGINEERING DEFINITION - REVIEW BEFORE FABRICATION,Ø6 coarse perforations; abrasive fines pass to settling tank. Removable for cleaning.
WT_BASKET_SIDE,2,304 stainless1.5mm,304 stainless1.5mm,,1.5,"[0.0, 0.0, 0.0, 120.0, 98.5, 1.5]",False,ENGINEERING DEFINITION - REVIEW BEFORE FABRICATION,
WT_BASKET_END,2,304 stainless1.5mm,304 stainless1.5mm,,1.5,"[0.0, 0.0, 0.0, 157.0, 98.5, 1.5]",False,ENGINEERING DEFINITION - REVIEW BEFORE FABRICATION,
WT_BASKET_RIM,1,304 stainless2mm,304 stainless2mm,,2,"[0.0, 0.0, 0.0, 180.0, 140.0, 2.0]",False,ENGINEERING DEFINITION - REVIEW BEFORE FABRICATION,Rim seats on lid with7mm minimum overlap around hatch; entire basket lifts vertically100mm before rearward removal.
WT_BASKET_SPLASH_COVER,1,304 stainless1.5mm,304 stainless1.5mm,,1.5,"[0.0, 0.0, 0.0, 180.0, 140.0, 1.5]",False,ENGINEERING DEFINITION - REVIEW BEFORE FABRICATION,Loose removable splash cover;58mm open inlet remains vented. Drain outlet is above inlet with air gap.
PUMP_TRAY,1,A36 steel,"A36 steel; purchase0.120in sheet,verifyactualgauge",,3.048,"[0.0, 0.0, 0.0, 250.0, 126.0, 3.048]",False,ENGINEERING DEFINITION - REVIEW BEFORE FABRICATION,"FourØ5pumpmounts:58longitudinal×85transverse,210mmfamilydrawing. Receipt-checkselected31seriesbracketbeforefinaldrill. | Pumpfootthicknessandportaxisnotpublished;M4mountboltlengthisreceipt-selected. Flexiblehoseconnectionsrequired. | Rev I head faces+X: world foot boresX806/864,Y850.5/935.5; supersedes previousX866/924 locations. Receipt-check feet before drilling."
PUMP_SPACER,4,A36 steel,A36 steel,13.856,,"[-6.0, -6.0, 0.0, 6.0, 6.0, 13.856]",False,ENGINEERING DEFINITION - REVIEW BEFORE FABRICATION,OD12ID6.6steelspacer;lidandtrayremaindemountableforwashout.
STD_M6x35_SOCKET,20,M6x35class8.8,M6x35class8.8,,,"[-5.0, -5.0, 0.0, 5.0, 5.0, 41.0]",True,PURCHASED ENVELOPE - VERIFY INTERFACE,
BUY_SFDP2_018_120_31,1,Purchased24V7Lminpump,Purchased24V7Lminpump,,,"[0.0, -0.0, 0.0, 210.0, 86.0, 114.5]",True,PURCHASED CLEARANCE ENVELOPE - RECEIPT VERIFY BRACKET AND PORTS,210×86×114.5manufacturerfamilyenvelope;notinternalpumpgeometry.3/8NPTportsviaflexible1/2inhoseadapters. | Exactmountfootthicknessnotpublished;selectM4boltsafterreceipt. | Rev I placement: head toward+X/right plumbing bay.180deg rotation changes world foot columns toX806/864; no inferred port centers.
VENT_SCREEN_SLEEVE,1,304stainlessmachinedsleeve,304stainlessmachinedsleeve,,,"[-19.7, -19.7, -0.0, 19.7, 19.7, 12.0]",False,ENGINEERING DEFINITION - REVIEW BEFORE FABRICATION,"ID33.8OD39.4length12;2×M4radialtap,opposed. Perforatedcapweldedtosleeve;removeforscreenwashing."
VENT_PERFORATED_CAP,1,304stainless1.5mm,304stainless1.5mm,,,"[-19.7, -19.7, 0.0, 19.7, 19.7, 1.5]",False,ENGINEERING DEFINITION - REVIEW BEFORE FABRICATION,"Ø39.4×1.5disc,12Ø3 holes on the ±3/±9 grid with four corners omitted;84.82mm² nominal open area,neverpaintorplug. Coarsedebrisguard,notfiltermedia."
STD_M4x3_GRUB,2,M4x3grubscrew,M4x3grubscrew,,,"[-2.0, -2.0, 0.0, 2.0, 2.0, 3.0]",True,PURCHASED ENVELOPE - VERIFY INTERFACE,
OVERFLOW_CATCH_FLOOR,1,304 stainless1.5mm,304 stainless1.5mm,,1.5,"[0.0, 0.0, 0.0, 600.0, 250.0, 1.5]",False,ENGINEERING DEFINITION - REVIEW BEFORE FABRICATION,"Welded open catch vessel,8.85L internal capacity. Keep visible and empty; investigate any water in it before restarting."
OVERFLOW_CATCH_SIDE,2,304 stainless1.5mm,304 stainless1.5mm,,1.5,"[0.0, 0.0, 0.0, 250.0, 60.0, 1.5]",False,ENGINEERING DEFINITION - REVIEW BEFORE FABRICATION,
OVERFLOW_CATCH_END,2,304 stainless1.5mm,304 stainless1.5mm,,1.5,"[0.0, 0.0, 0.0, 597.0, 60.0, 1.5]",False,ENGINEERING DEFINITION - REVIEW BEFORE FABRICATION,
OVERFLOW_CATCH_PAD,4,"NBR rubber30mm rod,cut15mm","NBR rubber30mm rod,cut15mm",15,,"[-15.0, -15.0, 0.0, 15.0, 15.0, 15.0]",False,ENGINEERING DEFINITION - REVIEW BEFORE FABRICATION,Bond pads beneath the removable catch vessel; inspect condition during washout.
FLOAT_BACKRAIL_PAN,3,304stainless6mm,304stainless6mm; finish-machine6.000mmfrom1/4in6.35mmstock,,6,"[0.0, 0.0, 0.0, 50.0, 155.0, 6.0]",False,ENGINEERING DEFINITION - REVIEW BEFORE FABRICATION,Slot height adjustment; weld two standoffs to wet face of wall. No new pan/tank wall penetrations.
FLOAT_STANDOFF,10,304stainlessbar,304stainlessbar,7.952,,"[-6.0, -6.0, 0.0, 6.0, 6.0, 7.952]",False,ENGINEERING DEFINITION - REVIEW BEFORE FABRICATION,"OD12×7.952solidstandoff,continuousfilletatbothends."
FLOAT_SLIDER,5,304stainless0.120insheet,"304stainless0.120insheet; purchase0.120in sheet,verifyactualgauge",,3.048,"[0.0, 0.0, 0.0, 44.0, 25.0, 3.048]",False,ENGINEERING DEFINITION - REVIEW BEFORE FABRICATION,
FLOAT_LEDGE,5,304stainless0.120insheet,"304stainless0.120insheet; purchase0.120in sheet,verifyactualgauge",,3.048,"[0.0, 0.0, 0.0, 35.952, 44.0, 3.048]",False,ENGINEERING DEFINITION - REVIEW BEFORE FABRICATION,M10sensorclearance10.5;weldrearledgetoslidertop. Floatthreadclampswithsuppliernut. Wetcalibrate;nominalmountZisnottripZ.
STD_M6x16_SOCKET,10,M6x16stainlesssocket,M6x16stainlesssocket,,,"[-5.0, -5.0, 0.0, 5.0, 5.0, 22.0]",True,PURCHASED ENVELOPE - VERIFY INTERFACE,
STD_M6_STAINLESS_NUT,10,M6stainlessnut,M6stainlessnut,,,"[-5.7735, -5.0, 0.0, 5.7735, 5.0, 5.0]",True,PURCHASED ENVELOPE - VERIFY INTERFACE,
BUY_FOCMKEAS_M10_65MM,5,Purchasedstainlessreedfloat,Purchasedstainlessreedfloat,,,"[-13.0, -13.0, 0.0, 13.0, 13.0, 68.048]",True,PURCHASED SERVICE ENVELOPE - WET CALIBRATE TRIP PLANE,"Seller65mmoverall/M10/Ø26;conservative60mmunderledgebodyenvelope. Actualbodyshapeandtripoffsetnotpublished. | TargettripZ=810;PAN_EMPTYislowlevelplus60sdrain,notanabsolutedrydetector."
BUY_FLOAT_M10_MOUNTNUT,5,SuppliedM10floatmountnut,SuppliedM10floatmountnut,,,"[-9.815, -8.5, 0.0, 9.815, 8.5, 5.0]",True,PURCHASED ENVELOPE - VERIFY INTERFACE,"Nominal17AF×5mountnutenvelope;usesensorsuppliednutandsealingwasher,confirmactualthreadpitch."
FLOAT_GUARD_FLOOR,4,304stainless1mm,304stainless1mm,,1,"[0.0, 0.0, 0.0, 36.0, 40.0, 1.0]",False,ENGINEERING DEFINITION - REVIEW BEFORE FABRICATION,
FLOAT_GUARD_SIDE,5,304stainless1mm,304stainless1mm,,1,"[0.0, 0.0, 0.0, 40.0, 61.0, 1.0]",False,ENGINEERING DEFINITION - REVIEW BEFORE FABRICATION,Slottedremovableguard;upperedgesweldtofloatledgeunderside. Brushcleanandtestfreefloattravel.
FLOAT_PAN_MIN_GUARD_SIDE_2,1,304stainless1mm,304stainless1mm,,,"[0.0, 0.0, 0.0, 1.0, 40.0, 61.0]",False,ENGINEERING DEFINITION - REVIEW BEFORE FABRICATION,Slottedremovableguard;upperedgesweldtofloatledgeunderside. Brushcleanandtestfreefloattravel. | Two 12 mm cylindrical access cuts along world X at the M6 clamp axes. Use the individual STEP for these guard cutouts; no through-cut DXF is issued for the intersecting notch.
FLOAT_PAN_MIN_GUARD_END_1,1,304stainless1mm,304stainless1mm,,,"[0.0, -0.0, 0.0, 34.0, 1.0, 61.0]",False,ENGINEERING DEFINITION - REVIEW BEFORE FABRICATION,Two 12 mm cylindrical access cuts along world X at the M6 clamp axes. Use the individual STEP for these guard cutouts; no through-cut DXF is issued for the intersecting notch.
FLOAT_PAN_MIN_GUARD_END_2,1,304stainless1mm,304stainless1mm,,,"[0.0, -0.0, 0.0, 34.0, 1.0, 61.0]",False,ENGINEERING DEFINITION - REVIEW BEFORE FABRICATION,Two 12 mm cylindrical access cuts along world X at the M6 clamp axes. Use the individual STEP for these guard cutouts; no through-cut DXF is issued for the intersecting notch.
FLOAT_PAN_FILL_GUARD_SIDE_2,1,304stainless1mm,304stainless1mm,,,"[0.0, 0.0, 0.0, 1.0, 40.0, 61.0]",False,ENGINEERING DEFINITION - REVIEW BEFORE FABRICATION,Slottedremovableguard;upperedgesweldtofloatledgeunderside. Brushcleanandtestfreefloattravel. | Two 12 mm cylindrical access cuts along world X at the M6 clamp axes. Use the individual STEP for these guard cutouts; no through-cut DXF is issued for the intersecting notch.
FLOAT_PAN_FILL_GUARD_END_1,1,304stainless1mm,304stainless1mm,,,"[0.0, -0.0, 0.0, 34.0, 1.0, 61.0]",False,ENGINEERING DEFINITION - REVIEW BEFORE FABRICATION,Two 12 mm cylindrical access cuts along world X at the M6 clamp axes. Use the individual STEP for these guard cutouts; no through-cut DXF is issued for the intersecting notch.
FLOAT_PAN_FILL_GUARD_END_2,1,304stainless1mm,304stainless1mm,,,"[0.0, -0.0, 0.0, 34.0, 1.0, 61.0]",False,ENGINEERING DEFINITION - REVIEW BEFORE FABRICATION,Two 12 mm cylindrical access cuts along world X at the M6 clamp axes. Use the individual STEP for these guard cutouts; no through-cut DXF is issued for the intersecting notch.
FLOAT_PAN_HH_GUARD_SIDE_2,1,304stainless1mm,304stainless1mm,,,"[0.0, 0.0, 0.0, 1.0, 40.0, 61.0]",False,ENGINEERING DEFINITION - REVIEW BEFORE FABRICATION,Slottedremovableguard;upperedgesweldtofloatledgeunderside. Brushcleanandtestfreefloattravel. | Two 12 mm cylindrical access cuts along world X at the M6 clamp axes. Use the individual STEP for these guard cutouts; no through-cut DXF is issued for the intersecting notch.
FLOAT_PAN_HH_GUARD_END_1,1,304stainless1mm,304stainless1mm,,,"[0.0, -0.0, 0.0, 34.0, 1.0, 61.0]",False,ENGINEERING DEFINITION - REVIEW BEFORE FABRICATION,Two 12 mm cylindrical access cuts along world X at the M6 clamp axes. Use the individual STEP for these guard cutouts; no through-cut DXF is issued for the intersecting notch.
FLOAT_PAN_HH_GUARD_END_2,1,304stainless1mm,304stainless1mm,,,"[0.0, -0.0, 0.0, 34.0, 1.0, 61.0]",False,ENGINEERING DEFINITION - REVIEW BEFORE FABRICATION,Two 12 mm cylindrical access cuts along world X at the M6 clamp axes. Use the individual STEP for these guard cutouts; no through-cut DXF is issued for the intersecting notch.
FLOAT_BACKRAIL_PAN_EMPTY,1,304stainless6mm,304stainless6mm; finish-machine6.000mmfrom1/4in6.35mmstock,,6,"[0.0, 0.0, 0.0, 50.0, 155.0, 6.0]",False,ENGINEERING DEFINITION - REVIEW BEFORE FABRICATION,Slot height adjustment; weld two standoffs to wet face of wall. No new pan/tank wall penetrations. | Restricted PAN_EMPTY carrier mount Z812..832 nominal; do not extend slots downward. Lowest bolt-axis limit including 0.3 mm slot/shank radial play is mount Z811.7.
FLOAT_GUARD_FLOOR_PAN_EMPTY,1,304stainless1mm,304stainless1mm,,1,"[0.0, 0.0, 0.0, 36.0, 40.0, 1.0]",False,ENGINEERING DEFINITION - REVIEW BEFORE FABRICATION,"PAN_EMPTY installed guard underside Z750 at carrier mount Z812; floor footprint X978..1014, Y1177..1217. Nominal closest pan-floor clearance is 10.671 mm before fabrication tolerances. | Maintain at least 8 mm actual clear gap across the entire guard footprint after welding, with the carrier clamped at its lowest allowed setting. This allows 2.37 mm total pan/guard/datum variation after 0.3 mm bolt-slot play; rework the bracket if the gauge fails. | Removable for brushing/washout; the 8 mm clean gap is not permission to accumulate sludge. Wet-calibrate PAN_EMPTY and prove the remaining 60 s drain empties the usable pan before enabling a bed change. No dry-pan claim from this float alone."
FLOAT_PAN_EMPTY_GUARD_SIDE_2,1,304stainless1mm,304stainless1mm,,,"[0.0, 0.0, 0.0, 1.0, 40.0, 61.0]",False,ENGINEERING DEFINITION - REVIEW BEFORE FABRICATION,Slottedremovableguard;upperedgesweldtofloatledgeunderside. Brushcleanandtestfreefloattravel. | Two 12 mm cylindrical access cuts along world X at the M6 clamp axes. Use the individual STEP for these guard cutouts; no through-cut DXF is issued for the intersecting notch.
FLOAT_PAN_EMPTY_GUARD_END_1,1,304stainless1mm,304stainless1mm,,,"[0.0, -0.0, 0.0, 34.0, 1.0, 61.0]",False,ENGINEERING DEFINITION - REVIEW BEFORE FABRICATION,Two 12 mm cylindrical access cuts along world X at the M6 clamp axes. Use the individual STEP for these guard cutouts; no through-cut DXF is issued for the intersecting notch.
FLOAT_PAN_EMPTY_GUARD_END_2,1,304stainless1mm,304stainless1mm,,,"[0.0, -0.0, 0.0, 34.0, 1.0, 61.0]",False,ENGINEERING DEFINITION - REVIEW BEFORE FABRICATION,Two 12 mm cylindrical access cuts along world X at the M6 clamp axes. Use the individual STEP for these guard cutouts; no through-cut DXF is issued for the intersecting notch.
FLOAT_BACKRAIL_TANK,1,304stainless6mm,304stainless6mm; finish-machine6.000mmfrom1/4in6.35mmstock,,6,"[0.0, 0.0, 0.0, 50.0, 115.0, 6.0]",False,ENGINEERING DEFINITION - REVIEW BEFORE FABRICATION,Slot height adjustment; weld two standoffs to wet face of wall. No new pan/tank wall penetrations.
FLOAT_TANK_LOW_GUARD_SIDE_2,1,304stainless1mm,304stainless1mm,,,"[0.0, 0.0, 0.0, 1.0, 40.0, 61.0]",False,ENGINEERING DEFINITION - REVIEW BEFORE FABRICATION,Slottedremovableguard;upperedgesweldtofloatledgeunderside. Brushcleanandtestfreefloattravel. | Two 12 mm cylindrical access cuts along world X at the M6 clamp axes. Use the individual STEP for these guard cutouts; no through-cut DXF is issued for the intersecting notch.
FLOAT_TANK_LOW_GUARD_END_1,1,304stainless1mm,304stainless1mm,,,"[0.0, -0.0, 0.0, 34.0, 1.0, 61.0]",False,ENGINEERING DEFINITION - REVIEW BEFORE FABRICATION,Two 12 mm cylindrical access cuts along world X at the M6 clamp axes. Use the individual STEP for these guard cutouts; no through-cut DXF is issued for the intersecting notch.
FLOAT_TANK_LOW_GUARD_END_2,1,304stainless1mm,304stainless1mm,,,"[0.0, 0.0, 0.0, 34.0, 1.0, 61.0]",False,ENGINEERING DEFINITION - REVIEW BEFORE FABRICATION,Two 12 mm cylindrical access cuts along world X at the M6 clamp axes. Use the individual STEP for these guard cutouts; no through-cut DXF is issued for the intersecting notch.
G_FRONT_SEAT_ROUND,1,A36 steel,A36 steel; finish-machine6.000mmfrom1/4in6.35mmstock,,6,"[0.0, 0.0, 0.0, 90.0, 80.0, 6.0]",False,ENGINEERING DEFINITION - REVIEW BEFORE FABRICATION,"6 mm steel plate bears on the ledger top over 26.6 mm width. Finish seat after welding; nominal pan rim gap 5 mm, plasma support plane clearance 4 mm. | After welding, drill 6.8 and tap M8 through plate and attached boss. Match-ream left locator to 6.03 +0.01/-0.00; right slot is relieved along X. Measure actual dowels before final reaming. | REMOVABLE front seat: two M8x20 screws with washers attach it to welded, threaded compression sleeves in the ledger. Do not weld this seat to the ledger. | Park beam 1 on its side on beam 2 before unbolting either front seat. Refit the seats, map all four beam elevations and re-probe after conversion; clearance bolts do not establish precision relocation."
G_FRONT_LEDGER_M8_SLEEVE,4,Machined steel,Machined steel,,,"[-9.0, -9.0, 0.0, 9.0, 9.0, 50.8]",False,ENGINEERING DEFINITION - REVIEW BEFORE FABRICATION,"OD18 x 50.8 compression sleeve, nominal M8 thread envelope. Predrill 6.8 and tap M8x1.25 at least 22 deep from the top after welding to BOTH ledger walls; finish flush. Check seat-to-ledger load transfer before fabrication release."
STD_M8x20_SOCKET,4,Steel M8x20,Steel M8x20,,,"[-6.5, -6.5, 0.0, 6.5, 6.5, 28.0]",True,PURCHASED ENVELOPE - VERIFY INTERFACE,Remove only with front beam independently supported on beam 2. Qualify preload and repeat seating; no automatic return-to-zero is claimed. | Rev I current preload definition is in output/design-finish-2026-09-26/structure/JOINTS.md; historical 12/6 N m torque examples are not instructions for this joint. Do not substitute ordinary bolt-table torque for extrusion/bridge limits.
G_M8_SEAT_BOSS,8,Machined steel,Machined steel,,,"[-10.0, -10.0, 0.0, 10.0, 10.0, 6.0]",False,ENGINEERING DEFINITION - REVIEW BEFORE FABRICATION,OD20 x 6 boss bears against the underside of the 6 mm seat plate; continuous 3 mm circular fillet. Drill/tap M8 through both pieces after welding. No gap-bridging nut weld.
G_FRONT_SEAT_RELIEVED,1,A36 steel,A36 steel; finish-machine6.000mmfrom1/4in6.35mmstock,,6,"[0.0, 0.0, 0.0, 90.0, 80.0, 6.0]",False,ENGINEERING DEFINITION - REVIEW BEFORE FABRICATION,"6 mm steel plate bears on the ledger top over 26.6 mm width. Finish seat after welding; nominal pan rim gap 5 mm, plasma support plane clearance 4 mm. | After welding, drill 6.8 and tap M8 through plate and attached boss. Match-ream left locator to 6.03 +0.01/-0.00; right slot is relieved along X. Measure actual dowels before final reaming. | REMOVABLE front seat: two M8x20 screws with washers attach it to welded, threaded compression sleeves in the ledger. Do not weld this seat to the ledger. | Park beam 1 on its side on beam 2 before unbolting either front seat. Refit the seats, map all four beam elevations and re-probe after conversion; clearance bolts do not establish precision relocation."
G_BED_BEAM_924,3,A5002x2x.120tube,A5002x2x.120tube,924,,"[0.0, 0.0, 0.0, 924.0, 50.8, 50.8]",False,ENGINEERING DEFINITION - REVIEW BEFORE FABRICATION,"924 mm single 2 x 2 x .120 transverse beam. Top Z920.8. End feet are removable with the beam; storage rack receives it on its side. | Two 18 mm access bores pass both walls for captive welded compression sleeves. Four top-wall M6 stations are drilled/tapped with internal bosses. | Routing-force capacity and welded-frame compliance are not released. Map and shim beam seats before installing cut-only aluminum panels. | Rev H storage sleeve: through both side walls and stacking pad at X123.0, global Z895.4. OD10 sleeve welded flush at front wall and pad outer face before coating. | Rev H storage sleeve: through both side walls and stacking pad at X1027.0, global Z895.4. OD10 sleeve welded flush at front wall and pad outer face before coating."
H_BEAM_STACK_PAD_1,4,A36 steel,A36 steel; finish-machine6.000mmfrom1/4in6.35mmstock,,6,"[0.0, 0.0, 0.0, 50.0, 50.8, 6.0]",False,ENGINEERING DEFINITION - REVIEW BEFORE FABRICATION,"Weld 6 mm pad to rear side of beam. In storage orientation this is a bearing pad for one upper beam; no fixed upper shelf blocks the incoming lower beam. Secure stored stacks against accidental movement before operation. | Rev H storage sleeve: through both side walls and stacking pad at X123.0, global Z895.4. OD10 sleeve welded flush at front wall and pad outer face before coating."
H_BEAM_STACK_PAD_2,4,A36 steel,A36 steel; finish-machine6.000mmfrom1/4in6.35mmstock,,6,"[0.0, 0.0, 0.0, 50.0, 50.8, 6.0]",False,ENGINEERING DEFINITION - REVIEW BEFORE FABRICATION,"Weld 6 mm pad to rear side of beam. In storage orientation this is a bearing pad for one upper beam; no fixed upper shelf blocks the incoming lower beam. Secure stored stacks against accidental movement before operation. | Rev H storage sleeve: through both side walls and stacking pad at X1027.0, global Z895.4. OD10 sleeve welded flush at front wall and pad outer face before coating."
G_BEAM_FOOT_BASE,8,A36 steel,A36 steel; finish-machine6.000mmfrom1/4in6.35mmstock,,6,"[0.0, 0.0, 0.0, 50.0, 50.8, 6.0]",False,ENGINEERING DEFINITION - REVIEW BEFORE FABRICATION,"Weld base, vertical foot and beam before final fitting. Locator pin press fit must use measured pin and reamed bore."
G_BEAM_FOOT_18,8,A36 steel,A36 steel,,,"[0.0, 0.0, 0.0, 50.0, 50.8, 18.0]",False,ENGINEERING DEFINITION - REVIEW BEFORE FABRICATION,18 mm high fabricated hollow foot; continuous 3 mm welds to base and beam.
G_BEAM_COMPRESSION_SLEEVE,8,Machined steel,Machined steel,,,"[-9.0, -9.0, 0.0, 9.0, 9.0, 66.8]",False,ENGINEERING DEFINITION - REVIEW BEFORE FABRICATION,OD18 ID9 x 66.8. Weld to foot base and beam bottom wall before closing foot. Head seat Z912.8; M8 head finishes flush at Z920.8.
G_LOCATOR_6x12,8,Hardened steel pin,Hardened steel pin,,,"[-3.0, -3.0, 0.0, 3.0, 3.0, 12.0]",True,PURCHASED ENVELOPE - VERIFY INTERFACE,"4 mm projects below foot. Left pin enters round seat, right enters X-relieved seat. Confirm actual pin tolerance and retention; do not press an unmeasured pin into a nominal CAD bore."
STD_M8x80_SOCKET,8,M8x80 steel,M8x80 steel,,,"[-6.5, -6.5, 0.0, 6.5, 6.5, 88.0]",True,PURCHASED ENVELOPE - VERIFY INTERFACE,Remove after panels. Stored head-down in the guided hardware rack. Torque remains subject to qualification of seat weld and ledger wall. | Rev I current preload definition is in output/design-finish-2026-09-26/structure/JOINTS.md; historical 12/6 N m torque examples are not instructions for this joint. Do not substitute ordinary bolt-table torque for extrusion/bridge limits.
G_M6_BEAM_BOSS,16,A36 steel,A36 steel,,,"[-8.0, -8.0, 0.0, 8.0, 8.0, 8.0]",False,ENGINEERING DEFINITION - REVIEW BEFORE FABRICATION,Weld under beam top wall while access is available; drill 5 and tap M6 through boss and wall after welding.
G_PANEL_CLAMP_20x30,16,A36 steel,A36 steel; finish-machine6.000mmfrom1/4in6.35mmstock,,6,"[0.0, 0.0, 0.0, 20.0, 30.0, 6.0]",False,ENGINEERING DEFINITION - REVIEW BEFORE FABRICATION,Removable 20 x 30 x 6 clamp bridge. End bridges overlap one panel; intermediate bridges span the 10 mm panel gap. Qualify contact and preload on actual extrusion.
G_CLAMP_SPACER_19_5,16,A36 steel,A36 steel,,,"[-4.0, -4.0, 0.0, 4.0, 4.0, 19.5]",False,ENGINEERING DEFINITION - REVIEW BEFORE FABRICATION,"0.5 mm nominal below the clamped panel face; spacer limits gross bridge deflection, does not establish a torque rating."
STD_M6_WASHER_12,28,Steel washer,Steel washer,,,"[-6.0, -6.0, 0.0, 6.0, 6.0, 1.6]",True,PURCHASED ENVELOPE - VERIFY INTERFACE,
G_SEAT_ROUND,3,A36 steel,A36 steel; finish-machine6.000mmfrom1/4in6.35mmstock,,6,"[0.0, 0.0, 0.0, 90.0, 80.0, 6.0]",False,ENGINEERING DEFINITION - REVIEW BEFORE FABRICATION,"6 mm steel plate bears on the ledger top over 26.6 mm width. Finish seat after welding; nominal pan rim gap 5 mm, plasma support plane clearance 4 mm. | Continuous 3 mm fillets along accessible ledger contact edges. Verify actual tube corner and weld access before fabrication. | After welding, drill 6.8 and tap M8 through plate and attached boss. Match-ream left locator to 6.03 +0.01/-0.00; right slot is relieved along X. Measure actual dowels before final reaming."
G_SEAT_RELIEVED,3,A36 steel,A36 steel; finish-machine6.000mmfrom1/4in6.35mmstock,,6,"[0.0, 0.0, 0.0, 90.0, 80.0, 6.0]",False,ENGINEERING DEFINITION - REVIEW BEFORE FABRICATION,"6 mm steel plate bears on the ledger top over 26.6 mm width. Finish seat after welding; nominal pan rim gap 5 mm, plasma support plane clearance 4 mm. | Continuous 3 mm fillets along accessible ledger contact edges. Verify actual tube corner and weld access before fabrication. | After welding, drill 6.8 and tap M8 through plate and attached boss. Match-ream left locator to 6.03 +0.01/-0.00; right slot is relieved along X. Measure actual dowels before final reaming."
H_BED_BEAM_924_TEMP_LOCATORS,1,A5002x2x.120tube,A5002x2x.120tube,924,,"[0.0, 0.0, 0.0, 924.0, 50.8, 50.8]",False,ENGINEERING DEFINITION - REVIEW BEFORE FABRICATION,"924 mm single 2 x 2 x .120 transverse beam. Top Z920.8. End feet are removable with the beam; storage rack receives it on its side. | Two 18 mm access bores pass both walls for captive welded compression sleeves. Four top-wall M6 stations are drilled/tapped with internal bosses. | Routing-force capacity and welded-frame compliance are not released. Map and shim beam seats before installing cut-only aluminum panels. | Rev H storage sleeve: through both side walls and stacking pad at X123.0, global Z895.4. OD10 sleeve welded flush at front wall and pad outer face before coating. | Rev H storage sleeve: through both side walls and stacking pad at X1027.0, global Z895.4. OD10 sleeve welded flush at front wall and pad outer face before coating."
BUY_20100_CUT_397,30,Purchased6063T5profile,Purchased6063T5profile,,,"[-0.0, -0.0, -0.0, 100.0, 397.0, 20.0]",True,PURCHASED ENVELOPE - VERIFY INTERFACE,"Purchased 1220 mm strip: cut three 397 mm pieces per bar; 29 mm remains for actual kerfs/end trim. Ten bars make thirty pieces. Verify actual length and saw kerf before cutting. | Supplier-section reconstruction, not a certified manufacturing profile or load rating."
G_PANEL_TIE_1,12,Aluminum alloy unverified,Aluminum alloy unverified,,9.525,"[0.0, 0.0, 0.0, 250.0, 20.0, 9.525]",False,ENGINEERING DEFINITION - REVIEW BEFORE FABRICATION,250 x 20 x 9.525 finished tie fits within a 12 x 12 inch blank. Twenty-four required; inventory quantity/alloy and any facing of half-inch stock remain unverified. | The two half-width ties both bolt to the common middle extrusion. No butt-joint strength is assumed between the ties. | 10 x 5.5 slots allow +/-2.25 mm lateral shank movement to absorb actual strip-width stack. Use 15 mm washers entirely on the 20 mm tie width.
STD_M5x16_BUTTON,76,Steel M5x16,Steel M5x16,,,"[-4.75, -4.75, -2.75, 4.75, 4.75, 16.0]",True,PURCHASED ENVELOPE - VERIFY INTERFACE,
STD_M5_WASHER_15,72,Steel washer,Steel washer,,,"[-7.5, -7.5, 0.0, 7.5, 7.5, 1.5]",True,PURCHASED ENVELOPE - VERIFY INTERFACE,
STD_DIN562_M5,72,Steel square nut,Steel square nut,,,"[-4.0, -4.0, 0.0, 4.0, 4.0, 2.7]",True,PURCHASED ENVELOPE - VERIFY INTERFACE,Bottom-slot lip carries clamp preload. Establish controlled tightening on a representative joint; no unsupported torque is issued.
G_PANEL_TIE_2,12,Aluminum alloy unverified,Aluminum alloy unverified,,9.525,"[0.0, 0.0, 0.0, 250.0, 20.0, 9.525]",False,ENGINEERING DEFINITION - REVIEW BEFORE FABRICATION,250 x 20 x 9.525 finished tie fits within a 12 x 12 inch blank. Twenty-four required; inventory quantity/alloy and any facing of half-inch stock remain unverified. | The two half-width ties both bolt to the common middle extrusion. No butt-joint strength is assumed between the ties. | 10 x 5.5 slots allow +/-2.25 mm lateral shank movement to absorb actual strip-width stack. Use 15 mm washers entirely on the 20 mm tie width.
G_SPOIL_R1_1,1,MDF 18 mm finished,MDF 18 mm finished,,18,"[0.0, 0.0, 0.0, 393.5, 343.5, 18.0]",False,ENGINEERING DEFINITION - REVIEW BEFORE FABRICATION,Finished Z958.8. The entire board lies within nominal X175..975/Y121.4..1121.4 center travel. Skim the six accessible pieces individually with suitable cutter clearance checked. | Re-probe work zero and check coplanarity following reinstallation. This does not make unsurfaced aluminum or welded seats precision datums.
STD_M5x20_CSK,24,Steel M5x20,Steel M5x20,,,"[-5.0, -5.0, 0.0, 5.0, 5.0, 20.0]",True,PURCHASED ENVELOPE - VERIFY INTERFACE,Rev I current preload definition is in output/design-finish-2026-09-26/structure/JOINTS.md; historical 12/6 N m torque examples are not instructions for this joint. Do not substitute ordinary bolt-table torque for extrusion/bridge limits.
G_SPOIL_R1_2,1,MDF 18 mm finished,MDF 18 mm finished,,18,"[0.0, 0.0, 0.0, 393.5, 343.5, 18.0]",False,ENGINEERING DEFINITION - REVIEW BEFORE FABRICATION,Finished Z958.8. The entire board lies within nominal X175..975/Y121.4..1121.4 center travel. Skim the six accessible pieces individually with suitable cutter clearance checked. | Re-probe work zero and check coplanarity following reinstallation. This does not make unsurfaced aluminum or welded seats precision datums.
G_SPOIL_R2_1,1,MDF 18 mm finished,MDF 18 mm finished,,18,"[0.0, 0.0, 0.0, 393.5, 397.0, 18.0]",False,ENGINEERING DEFINITION - REVIEW BEFORE FABRICATION,Finished Z958.8. The entire board lies within nominal X175..975/Y121.4..1121.4 center travel. Skim the six accessible pieces individually with suitable cutter clearance checked. | Re-probe work zero and check coplanarity following reinstallation. This does not make unsurfaced aluminum or welded seats precision datums.
G_SPOIL_R2_2,1,MDF 18 mm finished,MDF 18 mm finished,,18,"[0.0, 0.0, 0.0, 393.5, 397.0, 18.0]",False,ENGINEERING DEFINITION - REVIEW BEFORE FABRICATION,Finished Z958.8. The entire board lies within nominal X175..975/Y121.4..1121.4 center travel. Skim the six accessible pieces individually with suitable cutter clearance checked. | Re-probe work zero and check coplanarity following reinstallation. This does not make unsurfaced aluminum or welded seats precision datums.
G_SPOIL_R3_1,1,MDF 18 mm finished,MDF 18 mm finished,,18,"[0.0, 0.0, 0.0, 393.5, 219.5, 18.0]",False,ENGINEERING DEFINITION - REVIEW BEFORE FABRICATION,Finished Z958.8. The entire board lies within nominal X175..975/Y121.4..1121.4 center travel. Skim the six accessible pieces individually with suitable cutter clearance checked. | Re-probe work zero and check coplanarity following reinstallation. This does not make unsurfaced aluminum or welded seats precision datums.
G_SPOIL_R3_2,1,MDF 18 mm finished,MDF 18 mm finished,,18,"[0.0, 0.0, 0.0, 393.5, 219.5, 18.0]",False,ENGINEERING DEFINITION - REVIEW BEFORE FABRICATION,Finished Z958.8. The entire board lies within nominal X175..975/Y121.4..1121.4 center travel. Skim the six accessible pieces individually with suitable cutter clearance checked. | Re-probe work zero and check coplanarity following reinstallation. This does not make unsurfaced aluminum or welded seats precision datums.
G_RACK_PANEL_FORK,2,Steel 30x30x3 tube,Steel 30x30x3 tube,194.2,,"[0.0, 0.0, 0.0, 30.0, 194.2, 30.0]",False,ENGINEERING DEFINITION - REVIEW BEFORE FABRICATION,Continuous 3 mm fillet to rear face of front tie at Y50.8. No member crosses cabinet door width above Z165. Dry stored bed parts only.
I_RACK_PANEL_WEB_SOCKET_RELIEF,2,A36 steel,A36 steel; finish-machine6.000mmfrom1/4in6.35mmstock,,6,"[0.0, 0.0, 0.0, 245.0, 15.4, 6.0]",False,ENGINEERING DEFINITION - REVIEW BEFORE FABRICATION,"Continuous web links panel shelf to the fork and front tie. | 28 x5 upper-edge relief at worldZ162, station96..124 clears the socket projection and underside weld. Remaining web height10.4; square notch corners may be eased within the removed material."
I_RACK_PANEL_SEAT_1,1,A36 steel,A36 steel; finish-machine8.000mmfrom3/8in9.525mmstock,,8,"[0.0, 0.0, 0.0, 45.0, 245.0, 8.0]",False,ENGINEERING DEFINITION - REVIEW BEFORE FABRICATION,"Rev I seat45 x245 x8; widened outward5 mm to support the full underside socket weld. Top remainsZ175. Socket carries rod bending through40 mm bearing length; bottom screw retains axially, not as a cantilever fixing."
G_RACK_PANEL_GUIDE,14,A36 steel,A36 steel,,2,"[0.0, 0.0, 0.0, 40.0, 25.0, 2.0]",False,ENGINEERING DEFINITION - REVIEW BEFORE FABRICATION,Deburr and fit nonabrasive replaceable edge pads within the nominal gap; prove as-built panel clearances before loading.
I_RACK_PANEL_SEAT_2,1,A36 steel,A36 steel; finish-machine8.000mmfrom3/8in9.525mmstock,,8,"[0.0, 0.0, 0.0, 45.0, 245.0, 8.0]",False,ENGINEERING DEFINITION - REVIEW BEFORE FABRICATION,"Rev I seat45 x245 x8; widened outward5 mm to support the full underside socket weld. Top remainsZ175. Socket carries rod bending through40 mm bearing length; bottom screw retains axially, not as a cantilever fixing."
G_RACK_BEAM_SHELF_1,1,A36 steel,A36 steel; finish-machine6.000mmfrom1/4in6.35mmstock,,6,"[0.0, 0.0, 0.0, 79.2, 172.0, 6.0]",False,ENGINEERING DEFINITION - REVIEW BEFORE FABRICATION,"Shelf welds to inner face of front leg over Y0..50.8; triangular webs support the projecting plate. Left shelf ends at X130, preserving a board-transfer lane beginning X135. | Two stack locking holes at Y25.4/115.4 and separate parked-bolt holes Y20/120. Match drill after welding. M6 stack bolts are mandatory before operating with the bed stored."
G_RACK_BEAM_GUSSET_1_80,2,A36 steel,A36 steel,,3,"[0.0, 0.0, 0.0, 79.2, 80.0, 3.0]",False,ENGINEERING DEFINITION - REVIEW BEFORE FABRICATION,"3 mm continuous fillet to leg and shelf. Storage-only support, not a machining load path."
G_RACK_BEAM_SHELF_2,1,A36 steel,A36 steel; finish-machine6.000mmfrom1/4in6.35mmstock,,6,"[0.0, 0.0, 0.0, 114.2, 172.0, 6.0]",False,ENGINEERING DEFINITION - REVIEW BEFORE FABRICATION,"Shelf welds to inner face of front leg over Y0..50.8; triangular webs support the projecting plate. Left shelf ends at X130, preserving a board-transfer lane beginning X135. | Two stack locking holes at Y25.4/115.4 and separate parked-bolt holes Y20/120. Match drill after welding. M6 stack bolts are mandatory before operating with the bed stored."
G_RACK_BEAM_GUSSET_2_80,2,A36 steel,A36 steel,,3,"[0.0, 0.0, 0.0, 114.2, 80.0, 3.0]",False,ENGINEERING DEFINITION - REVIEW BEFORE FABRICATION,"3 mm continuous fillet to leg and shelf. Storage-only support, not a machining load path."
G_RACK_SPOIL_ARM,2,A36 steel,A36 steel; finish-machine6.000mmfrom1/4in6.35mmstock,,6,"[0.0, 0.0, 0.0, 219.2, 30.0, 6.0]",False,ENGINEERING DEFINITION - REVIEW BEFORE FABRICATION,Weld arm to inner face of left lower-side rail at Z230; arm stays beyond the stored board edges.
G_RACK_SPOIL_DROP,2,A36 steel,A36 steel; finish-machine6.000mmfrom1/4in6.35mmstock,,6,"[0.0, 0.0, 0.0, 160.0, 49.0, 6.0]",False,ENGINEERING DEFINITION - REVIEW BEFORE FABRICATION,
G_RACK_SPOIL_FOOT,2,A36 steel,A36 steel; finish-machine6.000mmfrom1/4in6.35mmstock,,6,"[0.0, 0.0, 0.0, 160.0, 30.0, 6.0]",False,ENGINEERING DEFINITION - REVIEW BEFORE FABRICATION,
G_RACK_SPOIL_GUIDE,14,A36 steel,A36 steel,,2,"[0.0, 0.0, 0.0, 17.0, 25.0, 2.0]",False,ENGINEERING DEFINITION - REVIEW BEFORE FABRICATION,
G_RACK_SPOIL_RUNNER,6,A36 steel,A36 steel; finish-machine6.000mmfrom1/4in6.35mmstock,,6,"[0.0, 0.0, 0.0, 18.0, 365.0, 6.0]",False,ENGINEERING DEFINITION - REVIEW BEFORE FABRICATION,Continuous support between front and rear rack feet. Supports all three board lengths; shorter boards do not rely on reaching the rear foot. Weld ends to the rack feet.
G_HW_MOUNT_WEB,1,A36 steel,A36 steel,,3,"[0.0, 0.0, 0.0, 25.0, 90.0, 3.0]",False,ENGINEERING DEFINITION - REVIEW BEFORE FABRICATION,Weld to outside of CAB_UPRIGHT_1 before painting. Rack is removable with the cabinet cage.
G_HW_MOUNT_SHELF,1,A36 steel,A36 steel; finish-machine6.000mmfrom1/4in6.35mmstock,,6,"[0.0, 0.0, 0.0, 49.3, 40.0, 6.0]",False,ENGINEERING DEFINITION - REVIEW BEFORE FABRICATION,
G_HW_TRAY_FLOOR,1,A36 steel,A36 steel,,3,"[0.0, 0.0, 0.0, 45.0, 405.0, 3.0]",False,ENGINEERING DEFINITION - REVIEW BEFORE FABRICATION,
G_HW_TRAY_SIDE,2,A36 steel,A36 steel,,3,"[0.0, 0.0, 0.0, 405.0, 28.0, 3.0]",False,ENGINEERING DEFINITION - REVIEW BEFORE FABRICATION,
G_HW_TRAY_END,2,A36 steel,A36 steel,,3,"[0.0, 0.0, 0.0, 45.0, 28.0, 3.0]",False,ENGINEERING DEFINITION - REVIEW BEFORE FABRICATION,
G_HW_DRAWBOLT_GUIDE,1,A36 steel,A36 steel,,3,"[0.0, 0.0, 0.0, 45.0, 80.0, 3.0]",False,ENGINEERING DEFINITION - REVIEW BEFORE FABRICATION,Holes guide the eight removed M8 bolts standing head-down in the tray.
G_HW_DRAWBOLT_GUIDE_RISER,2,A36 steel,A36 steel,,3,"[0.0, 0.0, 0.0, 80.0, 8.0, 3.0]",False,ENGINEERING DEFINITION - REVIEW BEFORE FABRICATION,
G_FRONT_SEAT_TRAY_FLOOR,1,A36 steel,A36 steel,,3,"[0.0, 0.0, 0.0, 210.0, 120.0, 3.0]",False,ENGINEERING DEFINITION - REVIEW BEFORE FABRICATION,Seal-weld this small dry hardware tray to the removable reservoir lid. Two front seats lie face down; four mounting screws and washers occupy its front row.
G_FRONT_SEAT_TRAY_SIDE,2,A36 steel,A36 steel,,3,"[0.0, 0.0, 0.0, 120.0, 20.0, 3.0]",False,ENGINEERING DEFINITION - REVIEW BEFORE FABRICATION,
G_FRONT_SEAT_TRAY_END,2,A36 steel,A36 steel,,3,"[0.0, 0.0, 0.0, 204.0, 20.0, 3.0]",False,ENGINEERING DEFINITION - REVIEW BEFORE FABRICATION,
TOOL_PARK_BASE,2,A36 steel,"A36 steel; purchase0.120in sheet,verifyactualgauge",,3.048,"[0.0, 0.0, 0.0, 30.0, 110.0, 3.048]",False,ENGINEERING DEFINITION - REVIEW BEFORE FABRICATION,"Spindle is parked horizontally along X, inside the rear bay. Disconnect power before removing it from the head."
TOOL_PARK_CRADLE,2,A36 steel,A36 steel,,,"[0.0, 0.0, 0.0, 110.0, 166.856, 6.0]",False,ENGINEERING DEFINITION - REVIEW BEFORE FABRICATION,"110mm wide,6mm thick;65.6mm open-top cradle centered at Y1080/Z600. Weld bottom to base with3mm fillets. | Two6x16mm strap slots at local X10/100,Z130. Use two25mm cam straps to retain the spindle."
HW_BOLT_BIN_FLOOR,1,A36 steel,"A36 steel; purchase0.120in sheet,verifyactualgauge",,3.048,"[0.0, 0.0, 0.0, 200.0, 100.0, 3.048]",False,ENGINEERING DEFINITION - REVIEW BEFORE FABRICATION,"Retains the four removed module drawdown bolts and lift shackles, inside the stand. Tack the tray to the removable reservoir lid."
HW_BOLT_BIN_SIDE,2,A36 steel,"A36 steel; purchase0.120in sheet,verifyactualgauge",,3.048,"[0.0, 0.0, 0.0, 100.0, 26.952, 3.048]",False,ENGINEERING DEFINITION - REVIEW BEFORE FABRICATION,
HW_BOLT_BIN_END,2,A36 steel,"A36 steel; purchase0.120in sheet,verifyactualgauge",,3.048,"[0.0, 0.0, 0.0, 193.904, 26.952, 3.048]",False,ENGINEERING DEFINITION - REVIEW BEFORE FABRICATION,
CAB_STRINGER,2,A5001x1x.083tube,A5001x1x.083tube,499.2,,"[0.0, 0.0, 0.0, 25.4, 499.2, 25.4]",False,ENGINEERING DEFINITION - REVIEW BEFORE FABRICATION,"Bridges the undersides of pan bearers 1 and 2 with 25 mm underlap each end, outboard of the enclosure width. | Drill two Ø6.0 clearance holes along local +Z through BOTH tube walls: local X12.7, Y12.6 and Y486.8 from the square-cut end. These bores are cut into the individual STEP. | The Ø6.0 bores provide 0.25 mm nominal radial clearance to the modeled Ø5.5 #12 shank. The screw self-drills only the bearer wall. The cage unbolts without disturbing the bearers or pan."
STD_12-14x38_TEK,4,#12-14x38 self-drilling screw,#12-14x38 self-drilling screw,,,"[-5.5, -5.5, 0.0, 5.5, 5.5, 38.0]",True,PURCHASED ENVELOPE - VERIFY INTERFACE,Head bears under the stringer; shank passes the pre-drilled stringer walls and self-drills the pan-bearer bottom wall.
CAB_UPRIGHT,2,A5001x1x.083tube,A5001x1x.083tube,488.80000000000007,,"[0.0, 0.0, 0.0, 25.4, 25.4, 488.8]",False,ENGINEERING DEFINITION - REVIEW BEFORE FABRICATION,"Welded T to its stringer at the top; both back rails weld across the pair. Fabricate the cage as one weldment, then bolt it up into the bearers."
CAB_RAIL,2,A5001x1x.083tube,A5001x1x.083tube,444.6,,"[0.0, 0.0, 0.0, 444.6, 25.4, 25.4]",False,ENGINEERING DEFINITION - REVIEW BEFORE FABRICATION,"Horizontal back rail welded across both uprights; carries the enclosure back-panel bolts. | Transfer-drill the two Ø6.6 bolt holes per rail from the selected enclosure back panel; nominal stations X460/X690. | Rev I: actual twoØ6.6 holes through both rail walls at worldX460/690 and rail centerZ; localX107.3/337.3,Y-axis. Match-drill enclosure, fit sealed washers."
STD_M6x45_SOCKET,4,M6x45 socket screw,M6x45 socket screw,,,"[-5.0, -5.0, 0.0, 5.0, 5.0, 51.0]",True,PURCHASED ENVELOPE - VERIFY INTERFACE,Through the enclosure back panel and both rail walls; nyloc at the rear face. Positions are nominal until the vendor back panel is transfer-drilled. | Rev I hole geometry is explicit; bonded sealing washer/interface thickness remains receipt-fit with enclosure.
STD_M6_NYLOC,12,M6 nyloc nut,M6 nyloc nut,,,"[-5.7735, -5.0, 0.0, 5.7735, 5.0, 6.0]",True,PURCHASED ENVELOPE - VERIFY INTERFACE,
CAB_DRIP_CAP,1,Mild steel1.5mm,Mild steel1.5mm,,1.5,"[0.0, 0.0, 0.0, 436.4, 233.2117, 1.5]",False,ENGINEERING DEFINITION - REVIEW BEFORE FABRICATION,"Flat 436.4 x 233.211660 x 1.5 mm roof, mounted rear high at 1% slope; four Ø5.5 holes at the DXF coordinates. No bends or bend allowance. | Continuously seal-weld the separate 20 mm front lip to the roof underside along the front edge. Control distortion, leak-test, then coat all faces; do not weld galvanized sheet. | Support and retention come from four cage tabs and M5 fasteners. No attachment to, or assumed load bearing by, the purchased enclosure. | Rear and side edges are intentionally plain so the shield can withdraw 230 mm forward parallel to its 1% slope, then lower 100 mm into the front bay for hand removal. Remove all four M5 bolts/nuts first. Confirm the actual enclosure door and hinge envelope before release. | After welding and coating, check at least 2 mm roof-to-enclosure clearance and 1 mm clearance to the bearer along the withdrawal path; adjust or remake tabs/shield if either check fails. These are as-built checks, not assumed vendor tolerances."
CAB_DRIP_FRONT_LIP,1,Mild steel1.5mm,Mild steel1.5mm,,1.5,"[0.0, 0.0, 0.0, 436.4, 20.0, 1.5]",False,ENGINEERING DEFINITION - REVIEW BEFORE FABRICATION,Flat 436.4 x 20 x 1.5 mm front drip lip. Top edge meets roof underside; exterior front face lies at roof local Y0. Continuous sealed weld; no bend allowance. | Installed lip is ahead of the nominal cabinet door plane. Selected enclosure latch/hinge motion remains to be checked.
CAB_CAP_TAB_LEFT,2,A36 steel0.120insheet,"A36 steel0.120insheet; purchase0.120in sheet,verifyactualgauge",,3.048,"[0.0, 0.0, 0.0, 19.1, 30.0, 3.048]",False,ENGINEERING DEFINITION - REVIEW BEFORE FABRICATION,"Weld outer 30 mm edge to the inner vertical face of its cage stringer. Tab upper face follows the roof 1% slope and touches its underside; tack using the drilled roof as an alignment fixture, then remove roof before final welding. | Ø5.5 through-hole takes M5 retaining bolt. Deburr both bearing faces; coat weldment before final assembly. This tab does not bear on the enclosure."
STD_M5x20_SOCKET,4,M5x20 class8.8 socket screw,M5x20 class8.8 socket screw,,,"[-4.25, -4.25, 0.0, 4.25, 4.25, 25.0]",True,PURCHASED ENVELOPE - VERIFY INTERFACE,"Through Ø5.5 roof/tab holes, normal to the 1% roof plane. Remove bolt and nut before withdrawing the shield."
STD_M5_NYLOC,12,M5 nyloc nut,M5 nyloc nut,,,"[-4.6188, -4.0, 0.0, 4.6188, 4.0, 5.0]",True,PURCHASED ENVELOPE - VERIFY INTERFACE,"Nominal 8AF x 5 envelope; retained below cage tab, outside enclosure side wall."
CAB_CAP_TAB_RIGHT,2,A36 steel0.120insheet,"A36 steel0.120insheet; purchase0.120in sheet,verifyactualgauge",,3.048,"[0.0, 0.0, 0.0, 19.1, 30.0, 3.048]",False,ENGINEERING DEFINITION - REVIEW BEFORE FABRICATION,"Weld outer 30 mm edge to the inner vertical face of its cage stringer. Tab upper face follows the roof 1% slope and touches its underside; tack using the drilled roof as an alignment fixture, then remove roof before final welding. | Ø5.5 through-hole takes M5 retaining bolt. Deburr both bearing faces; coat weldment before final assembly. This tab does not bear on the enclosure."
Y_DATUM_BAR,2,Machined steel8×45 bar,Machined steel8×45 bar,1450,,"[0.0, 0.0, 0.0, 8.0, 1450.0, 45.0]",True,INTERFACE HOLD - INDIVIDUAL EXPORT GUARDED,Weld to upper chassis inner face before finish-machining. Rail seat flatness target0.05/1000; parallelism target0.05 overtravel. | Rail fastening holes are transfer-drilled from actual purchased rail; hole locations remain a supplier hold. Do not flame-cut the rail seat.
PURCHASED_HGR20_1420,2,iMetrx steel guide rail,iMetrx steel guide rail,,,"[0.0, 0.0, 0.0, 1420.0, 20.0, 17.5]",True,PURCHASED CLEARANCE ENVELOPE - NOT MATERIAL MASS,"Sourced section: width20, height17.5. Hole D9.5 counterbore8.5 deep, through6. | Factory hole pitch and end datum HOLD: drawing P40/E20 does not close on1500. No invented rail screw coordinates. | Cut Y rail to1420 using abrasive-rated process, deburr; verify usable factory end holes before final cut."
Y_SHOE_L,1,6061-T6 aluminum12.7,6061-T6 aluminum12.7,,12.7,"[0.0, 0.0, 0.0, 280.0, 131.3, 12.7]",False,ENGINEERING DEFINITION - REVIEW BEFORE FABRICATION,"Loweredge1011 clears in-footprint beam transfer. EightM5 screws connect two guide blocks;4M6 connect end-foot bracket. | Y block centers180 apart. Raised gantry beam center80 mm behind Y guide midpoint. | 33×7.35 clearance window for thrust-link flange,0.5 mm all-round clearance. | Additional fourØ6.6 link-bracket mounting holes; see3D and matching flat coordinates. | Additional fourØ6.6 link-bracket mounting holes; see3D and matching flat coordinates. | Additional fourØ6.6 link-bracket mounting holes; see3D and matching flat coordinates. | Additional fourØ6.6 link-bracket mounting holes; see3D and matching flat coordinates."
PURCHASED_HGH20CA,8,iMetrx HGH20CA block,iMetrx HGH20CA block,,,"[0.0, 0.0, 0.0, 77.5, 44.0, 30.0]",True,PURCHASED CLEARANCE ENVELOPE - NOT MATERIAL MASS,"Published77.5×44×30 envelope; output4×M5 depth6, along36×across32. | Envelope omits bearing internals and seals. Source rating is iMetrx, not a HIWIN certification."
STD_M5x18_SOCKET,32,"M5 class 8.8 socket screw, nominal threads","M5 class 8.8 socket screw, nominal threads",,,"[-4.25, -4.25, 0.0, 4.25, 4.25, 23.0]",True,PURCHASED ENVELOPE - VERIFY INTERFACE,
GANTRY_END_BRACKET_L,1,6061-T6 machined billet,6061-T6 machined billet,,,"[0.0, 0.0, -70.0, 150.0, 80.0, 12.7]",False,ENGINEERING DEFINITION - REVIEW BEFORE FABRICATION,"Integral12.7 thick horizontal flange and70 mm downstand. No welded aluminum joint. | 4M8 underside T-slot fasteners. FourM6 threaded downstand holes,5.0 pilot; thread representation nominal."
STD_M6x22_SOCKET,8,"M6 class 8.8 socket screw, nominal threads","M6 class 8.8 socket screw, nominal threads",,,"[-5.0, -5.0, 0.0, 5.0, 5.0, 28.0]",True,PURCHASED ENVELOPE - VERIFY INTERFACE,
PURCHASED_HMS40_1000,2,KHMOS HMS40 drive-only module,KHMOS HMS40 drive-only module,,,"[0.0, 0.0, 0.0, 1125.0, 42.0, 60.0]",True,PURCHASED CLEARANCE ENVELOPE - NOT MATERIAL MASS,"Published body length S+125, end section42×60. Internal voids/rails not represented. | Selected screw lead10 mm. Assembly endpoint datum and base nut cavity require supplier confirmation."
HMS40_M57_MOTOR,3,HMS40 inline57×56 stepper motor,HMS40 inline57×56 stepper motor,,,"[0.0, 0.0, 0.0, 56.0, 57.0, 57.0]",True,PURCHASED CLEARANCE ENVELOPE - NOT MATERIAL MASS,Motor current/torque-speed/cable outlet not published in the recovered drawing.
HMS40_MOTOR_BRACKET,3,KHMOS bracket clearance envelope,KHMOS bracket clearance envelope,,,"[0.0, 0.0, 0.0, 20.0, 60.0, 75.0]",True,PURCHASED CLEARANCE ENVELOPE - NOT MATERIAL MASS,75 mm maximum bracket height; connector clearance remains HOLD.
HMS40_CARRIAGE_INTERFACE,3,KHMOS sourced top mating envelope,KHMOS sourced top mating envelope,,,"[0.0, 0.0, 0.0, 65.0, 48.0, 5.5]",True,PURCHASED CLEARANCE ENVELOPE - NOT MATERIAL MASS,"Output plane65.5 above base. Published4×M4 depth10 at30×30; along offsets16/46, transverse9/39. | Only exposed envelope above body max is separate; not a 5.5 mm actual carriage thickness."
HMS40_DRIVE_SHOE_6p35,2,6061-T6 aluminum 6.35,6061-T6 aluminum 6.35,,6.35,"[0.0, 0.0, 0.0, 65.0, 48.0, 6.35]",False,ENGINEERING DEFINITION - REVIEW BEFORE FABRICATION,"4×Ø4.5 through, Ø8 counterbore4.35 deep. M4×10 seats on2 mm web,8 mm thread engagement. | Drive-only shoe; do not transfer router overturning moment through HMS40."
STD_M4x10_SOCKET,16,"M4 class 8.8 socket screw, nominal threads","M4 class 8.8 socket screw, nominal threads",,,"[-3.5, -3.5, 0.0, 3.5, 3.5, 14.0]",True,PURCHASED ENVELOPE - VERIFY INTERFACE,
Y_LINK_SUPPORT_L,1,6061-T6 machined integral bracket,6061-T6 machined integral bracket,,,"[0.0, 0.0, -40.0, 103.1, 32.0, 6.35]",False,ENGINEERING DEFINITION - REVIEW BEFORE FABRICATION,103.1×32×6.35 horizontal flange with8×32×40 downstand. FourØ5.0 pilot holes cross downstand; tapM6×1 through8 mm. | TwoØ3.3 pilots on horizontal flange:tapM4×0.7 through. M4×12 clevis screws engage6 mm. FourM6×20 shoe screws engage7.3 mm.
MOTION_CLEVIS_BILLET,6,6061-T6 machined billet40×48×32,6061-T6 machined billet40×48×32,,,"[0.0, 0.0, 0.0, 40.0, 48.0, 32.0]",False,ENGINEERING DEFINITION - REVIEW BEFORE FABRICATION,"Mill7 mm gap between6 mm side ears. Pin axis19 mm above mounting sole. Ream common pin bore6H7 through both ears in one setup. | TwoØ4.5 base holes at(20,5)/(20,43); mount withM4×12 into6 mm minimum M4×0.7 engagement."
ISO7379_D6_L20_M5,6,"ISO7379 shoulder screw6×20,M5","ISO7379 shoulder screw6×20,M5",,,"[-5.0, -5.0, -10.0, 5.0, 5.0, 25.0]",True,PURCHASED ENVELOPE - VERIFY INTERFACE,Smooth6 mm shoulder crosses both ears and inner race. M5 prevailing-torque nut retains; do not run threaded shank in bearing.
SHIM_6p1x10x0p5,12,Hardened bearing spacer,Hardened bearing spacer,,,"[-5.0, -5.0, 0.0, 5.0, 5.0, 0.5]",True,PURCHASED ENVELOPE - VERIFY INTERFACE,
WASHER_6p4x12x1,6,Hardened steel washer,Hardened steel washer,,,"[-6.0, -6.0, 0.0, 6.0, 6.0, 1.0]",True,PURCHASED ENVELOPE - VERIFY INTERFACE,
WASHER_5p3x10x1,6,Steel washer,Steel washer,,,"[-5.0, -5.0, 0.0, 5.0, 5.0, 1.0]",True,PURCHASED ENVELOPE - VERIFY INTERFACE,
M5_PREVAILING_NUT,6,M5 prevailing torque locknut,M5 prevailing torque locknut,,,"[-4.6188, -4.0, 0.0, 4.6188, 4.0, 5.0]",True,PURCHASED ENVELOPE - VERIFY INTERFACE,
STD_M4x12_SOCKET,24,"M4 class 8.8 socket screw, nominal threads","M4 class 8.8 socket screw, nominal threads",,,"[-3.5, -3.5, 0.0, 3.5, 3.5, 16.0]",True,PURCHASED ENVELOPE - VERIFY INTERFACE,
SKF_SA6C,3,SKF steel/PTFE spherical rod end,SKF steel/PTFE spherical rod end,,,"[0.0, 0.0, 0.0, 6.0, 22.0, 22.0]",True,PURCHASED CLEARANCE ENVELOPE - NOT MATERIAL MASS,"SKF SA6C RH /SAL6C LH, bore6, eye22 maximum, inner width6, center-to-thread-end36, M6×1, thread16. | SKF catalog dynamic3.6 kN/static8.15 kN and13 degree tilt. Design thrust250 N; rating ratio14.4 dynamic before fatigue/application factors."
INCLUDED_SKF_ROD_END_SHANK,6,Included shank envelope; NOT a separate purchased item,Included shank envelope; NOT a separate purchased item,,,"[0.0, 0.0, 0.0, 6.0, 26.0, 6.0]",True,PURCHASED CLEARANCE ENVELOPE - NOT MATERIAL MASS,Clearance representation split from rod-end head to avoid Boolean tangency artifacts; included in SKF SA6C/SAL6C assembly.
SKF_SAL6C,3,SKF steel/PTFE spherical rod end,SKF steel/PTFE spherical rod end,,,"[0.0, 0.0, 0.0, 6.0, 22.0, 22.0]",True,PURCHASED CLEARANCE ENVELOPE - NOT MATERIAL MASS,"SKF SA6C RH /SAL6C LH, bore6, eye22 maximum, inner width6, center-to-thread-end36, M6×1, thread16. | SKF catalog dynamic3.6 kN/static8.15 kN and13 degree tilt. Design thrust250 N; rating ratio14.4 dynamic before fatigue/application factors."
LINK_COUPLER_M6_RHLH_28,3,"1215 steel12AF hex,28 long","1215 steel12AF hex,28 long",,,"[-0.0, 0.0, -0.0, 12.0, 28.0, 13.8564]",False,ENGINEERING DEFINITION - REVIEW BEFORE FABRICATION,"DrillØ5 through. TapM6×1 RH fromone end andLH fromother end, each12 deep. MarkLH end withcircumferential groove. | Set80 mm eye centers:10 mm thread engagement each end,8 mm internalgap. Never reduce engagement below9 mm."
M6_RH_JAM_NUT,3,M6×1 RH steel jamnut10AF×5,M6×1 RH steel jamnut10AF×5,,,"[-0.0, 0.0, 0.0, 10.0, 5.0, 11.547]",True,PURCHASED ENVELOPE - VERIFY INTERFACE,Hold coupler while tightening both jamnuts. Witness-mark after homing/squaring.
M6_LH_JAM_NUT,3,M6×1 LH steel jamnut10AF×5,M6×1 LH steel jamnut10AF×5,,,"[-0.0, 0.0, 0.0, 10.0, 5.0, 11.547]",True,PURCHASED ENVELOPE - VERIFY INTERFACE,Hold coupler while tightening both jamnuts. Witness-mark after homing/squaring.
Y_SHOE_R,1,6061-T6 aluminum12.7,6061-T6 aluminum12.7,,12.7,"[0.0, 0.0, 0.0, 280.0, 131.3, 12.7]",False,ENGINEERING DEFINITION - REVIEW BEFORE FABRICATION,"Loweredge1011 clears in-footprint beam transfer. EightM5 screws connect two guide blocks;4M6 connect end-foot bracket. | Y block centers180 apart. Raised gantry beam center80 mm behind Y guide midpoint. | 33×7.35 clearance window for thrust-link flange,0.5 mm all-round clearance. | Additional fourØ6.6 link-bracket mounting holes; see3D and matching flat coordinates. | Additional fourØ6.6 link-bracket mounting holes; see3D and matching flat coordinates. | Additional fourØ6.6 link-bracket mounting holes; see3D and matching flat coordinates. | Additional fourØ6.6 link-bracket mounting holes; see3D and matching flat coordinates."
GANTRY_END_BRACKET_R,1,6061-T6 machined billet,6061-T6 machined billet,,,"[0.0, 0.0, -70.0, 150.0, 80.0, 12.7]",False,ENGINEERING DEFINITION - REVIEW BEFORE FABRICATION,"Integral12.7 thick horizontal flange and70 mm downstand. No welded aluminum joint. | 4M8 underside T-slot fasteners. FourM6 threaded downstand holes,5.0 pilot; thread representation nominal."
Y_LINK_SUPPORT_R,1,6061-T6 machined integral bracket,6061-T6 machined integral bracket,,,"[0.0, 0.0, -40.0, 103.1, 32.0, 6.35]",False,ENGINEERING DEFINITION - REVIEW BEFORE FABRICATION,103.1×32×6.35 horizontal flange with8×32×40 downstand. FourØ5.0 pilot holes cross downstand; tapM6×1 through8 mm. | TwoØ3.3 pilots on horizontal flange:tapM4×0.7 through. M4×12 clevis screws engage6 mm. FourM6×20 shoe screws engage7.3 mm.
8020_40-8080_1200,1,80/20 40-8080 aluminum purchased profile,80/20 40-8080 aluminum purchased profile,,,"[0.0, 0.0, 0.0, 1200.0, 80.0, 80.0]",True,PURCHASED CLEARANCE ENVELOPE - NOT MATERIAL MASS,"Actual profile1200×80×80, eight slots at20/60 face offsets. Outer clearance envelope; cavities/T-slots omitted. | Manufacturer Ix=Iy171.6341 cm4, mass6.428 kg/m; do not use envelope volume for mass or inertia."
8020_40-3915_M8_TNUT,16,80/20 40-3915 M8×1.25 T-nut,80/20 40-3915 M8×1.25 T-nut,,,"[0.0, 0.0, 0.0, 22.0, 13.7, 5.9]",True,PURCHASED CLEARANCE ENVELOPE - NOT MATERIAL MASS,"Manufacturer22×13.7×5.9 maximum rectangular envelope; body seating4.32 mm below profile face. | M8×16 projects11.3 mm:5.9 mm nut fully engaged,1.08 mm tail projection; nominal root clearance3.55 mm."
X_GUIDE_FACE,1,6061-T6 aluminum12.7,6061-T6 aluminum12.7,,12.7,"[0.0, 0.0, 0.0, 1200.0, 112.0, 12.7]",True,INTERFACE HOLD - INDIVIDUAL EXPORT GUARDED,M8 beam-slot attachment coordinates are defined; HGR20 factory holes must be transferred after the actual rail pattern is confirmed. | Face spansZ1143..1255; rails centeredZ1165/1225. Mill both rail seats coplanar0.03 before assembling.
PURCHASED_HGR20_1200,2,iMetrx steel guide rail,iMetrx steel guide rail,,,"[0.0, 0.0, 0.0, 1200.0, 20.0, 17.5]",True,PURCHASED CLEARANCE ENVELOPE - NOT MATERIAL MASS,"Sourced section: width20, height17.5. Hole D9.5 counterbore8.5 deep, through6. | Factory hole pitch and end datum HOLD: drawing P40/E20 does not close on1500. No invented rail screw coordinates. | Cut Y rail to1420 using abrasive-rated process, deburr; verify usable factory end holes before final cut."
Z_CARRIER,1,6061-T6 aluminum12.7,6061-T6 aluminum12.7,,12.7,"[0.0, 0.0, 0.0, 260.0, 170.2, 12.7]",True,INTERFACE HOLD - INDIVIDUAL EXPORT GUARDED,16M5 connect four X guide blocks. Z module fixing holes are NOT invented: bottom slot coordinates/engagement and complete output-height drawing remain HOLD. | The Z module base mounting must be positively fastened before machining or commissioning. | Four additionalØ6.6 link-bridge mounting holes; matching flat coordinates included. | Four additionalØ6.6 link-bridge mounting holes; matching flat coordinates included. | Four additionalØ6.6 link-bridge mounting holes; matching flat coordinates included. | Four additionalØ6.6 link-bridge mounting holes; matching flat coordinates included.
PURCHASED_HMS40_800,1,KHMOS HMS40 drive-only module,KHMOS HMS40 drive-only module,,,"[0.0, 0.0, 0.0, 925.0, 42.0, 60.0]",True,PURCHASED CLEARANCE ENVELOPE - NOT MATERIAL MASS,"Published body length S+125, end section42×60. Internal voids/rails not represented. | Selected screw lead10 mm. Assembly endpoint datum and base nut cavity require supplier confirmation."
HMS40_DRIVE_SHOE_19p05,1,6061-T6 aluminum 19.05,6061-T6 aluminum 19.05,,19.05,"[0.0, 0.0, 0.0, 65.0, 48.0, 19.05]",False,ENGINEERING DEFINITION - REVIEW BEFORE FABRICATION,"4×Ø4.5 through, Ø8 counterbore17.05 deep. M4×10 seats on2 mm web,8 mm thread engagement. | Drive-only shoe; do not transfer router overturning moment through HMS40."
X_LINK_SUPPORT,1,6061-T6 machined integral bracket,6061-T6 machined integral bracket,,,"[0.0, 0.0, -30.0, 156.0, 120.8, 6.35]",False,ENGINEERING DEFINITION - REVIEW BEFORE FABRICATION,"156 mm front flange narrows to36 mm at rear;120.8 projection,6.35 thick. Integral156×8×30 downstand. FourØ5 pilots cross downstand;tapM6×1 through8. | TwoØ3.3 upper pilots:tapM4×0.7 through6.35. Bridge transfers thrust to X carrier with4M6×20,7.3 mm engagement."
RATTMOTOR_ZBX80_100,1,RATTMMOTOR ZBX80 base envelope,RATTMMOTOR ZBX80 base envelope,,,"[0.0, 0.0, 0.0, 80.0, 20.0, 219.0]",True,PURCHASED CLEARANCE ENVELOPE - NOT MATERIAL MASS,"Owner-supplied listing drawing (25 Sep 2026): body 219 long x 80 wide with 12 mm end blocks, 330 overall including the NEMA23 (57 sq) motor; matches this envelope. | Exact base-slot fastening interface remains HOLD; base fastening is measure-on-receipt."
ZBX80_END_BOTTOM,1,ZBX80 sourced endplate envelope,ZBX80 sourced endplate envelope,,,"[0.0, 0.0, 0.0, 80.0, 67.0, 12.0]",True,PURCHASED CLEARANCE ENVELOPE - NOT MATERIAL MASS,
ZBX80_END_TOP,1,ZBX80 sourced endplate envelope,ZBX80 sourced endplate envelope,,,"[0.0, 0.0, 0.0, 80.0, 78.0, 12.0]",True,PURCHASED CLEARANCE ENVELOPE - NOT MATERIAL MASS,
CANDIDATE_23HS30-5004D-B280,1,Purchased replacement brake motor clearance envelope; not mass solid,Purchased replacement brake motor clearance envelope; not mass solid,,,"[0.0, 0.0, 0.0, 57.0, 57.0, 116.5]",True,REPLACEMENT CANDIDATE - COUPLING/PILOT HOLD - INDIVIDUAL EXPORT GUARDED,"Candidate replacement, not an add-on to the original single-ended motor. Source: https://www.omc-stepperonline.com/nema-23-stepper-motor-2-0nm-283-22oz-in-with-24v-4-5w-electromagnetic-brake-23hs30-5004d-b280 | 57 x 57 x 116.5 body; shaft diameter8 x21 long, D-flat15. Body extends60.5 above the old56 envelope. | Two-phase1.8 degree, 5 A/phase, 2.0 N.m holding; brake power-off type, 2.8 N.m static,24 V/4.5 W. | Motor mount pilot, four mounting holes, shaft alignment/engagement and coupling bore remain unverified against ZBX80. Shaft and cables not silently included in this body solid. | Brake does not bypass coupling, ballscrew or attachment failure. Static rating is not an emergency-stop energy rating. | Brake must engage before driver torque is removed; release only after motor torque is established. Brake coil uses a separately rated24 V switched circuit, never a motor phase or logic pin."
ZBX80_UPPER_CLEARANCE,1,ZBX80 motor bracket/coupler clearance envelope,ZBX80 motor bracket/coupler clearance envelope,,,"[0.0, 0.0, 0.0, 80.0, 78.0, 55.0]",True,PURCHASED CLEARANCE ENVELOPE - NOT MATERIAL MASS,"Original stock module overall envelope is 330 mm from Z1040 to1370. The optional 116.5 mm brake-motor body extends the current reserved overall envelope to390.5 mm, ending atZ1430.5. | This body reserves the coupling/bracket zone only. Actual motor pilot, shaft, coupling and connector projections are unverified and are not modeled as established hardware."
ZBX80_OUTPUT_INTERFACE_HOLD,1,ZBX80 partial sourced carriage envelope,ZBX80 partial sourced carriage envelope,,,"[0.0, 0.0, 0.0, 90.0, 35.0, 50.0]",True,PURCHASED CLEARANCE ENVELOPE - NOT MATERIAL MASS,"Exact-ASIN top view gives a 90 x 50 output carriage. The 70 mm transverse dimension joins the smaller diameter5 fixing holes; it does not qualify the larger assembly bores as tool attachments. | Output height, along-travel fixing pitch, thread/depth and tool access remain unmeasured. Rev H reserves an 80 mm stack only as a placement assumption and uses an undrilled output-interface blank, without assumed adjustment slots."
H_TOOL_ADAPTER_TRANSFER_BLANK,1,6061-T6 aluminum12.7,6061-T6 aluminum12.7,,12.7,"[0.0, 0.0, 0.0, 110.0, 110.0, 12.7]",True,INTERFACE HOLD - INDIVIDUAL EXPORT GUARDED,"Rev H transfer-drill blank: obsolete assumed output slots removed. No output attachment fasteners are invented. | Record output height and all four fixing-hole coordinates, thread/pitch, usable depth and access before machining this guarded plate. | Custom tool-side four M6 clearance holes and rear counterbores are defined; Z output attachment is not released. | The present 80 mm output stack is a placement assumption, not a supplier measurement."
SPINDLE_B0BF5R3LNC,1,1.5 kW110V ER11 air-cooled spindle,1.5 kW110V ER11 air-cooled spindle,,,"[-32.5, -32.5, 0.0, 32.5, 32.5, 259.0]",True,PURCHASED CLEARANCE ENVELOPE - NOT MATERIAL MASS,"Exact selected diameter65, overall259, mass2.7 kg. Router tip/body reference here is a clearance assumption pending collet/tool drawing. | Custom split clamp is defined independently of the supplied kit clamp. Only Z-output adapter remains guarded. Remove entire tool before bed swap."
STD_M6x60_SOCKET,2,"M6 class 8.8 socket screw, nominal threads","M6 class 8.8 socket screw, nominal threads",,,"[-5.0, -5.0, 0.0, 5.0, 5.0, 66.0]",True,PURCHASED ENVELOPE - VERIFY INTERFACE,
SPINDLE_SPLIT_CLAMP_REAR,1,6061-T6 aluminum billet,6061-T6 aluminum billet,,,"[0.0, -0.0, 0.0, 110.0, 45.25, 40.0]",False,ENGINEERING DEFINITION - REVIEW BEFORE FABRICATION,"Width110, height40, assembled depth90.5; split gap0.50. BoreØ65.00/+0.03 with the split shim installed and both pinch bolts snug. | Rear:four blindM6×1 holes atX±45, Ø5 pilot17 deep, tap15 deep; mount screwsM6×20 engage13.3 through6.7 mm adapter web. | Pinch screws2×M6×60 atX±47. Rear split face:Ø5 pilot17 deep,tapM6×1 depth15. Front halfØ6.6 through; nominal engagement14.75. | Deburr bore edges0.3 maximum. Initial pinch torque3 N·m, verify spindle housing is retained without local deformation. Remove tool before bed swap."
SPINDLE_SPLIT_CLAMP_FRONT,1,6061-T6 aluminum billet,6061-T6 aluminum billet,,,"[0.0, 0.0, 0.0, 110.0, 44.75, 40.0]",False,ENGINEERING DEFINITION - REVIEW BEFORE FABRICATION,"Width110, height40, assembled depth90.5; split gap0.50. BoreØ65.00/+0.03 with the split shim installed and both pinch bolts snug. | Rear:four blindM6×1 holes atX±45, Ø5 pilot17 deep, tap15 deep; mount screwsM6×20 engage13.3 through6.7 mm adapter web. | Pinch screws2×M6×60 atX±47. Rear split face:Ø5 pilot17 deep,tapM6×1 depth15. Front halfØ6.6 through; nominal engagement14.75. | Deburr bore edges0.3 maximum. Initial pinch torque3 N·m, verify spindle housing is retained without local deformation. Remove tool before bed swap."
STD_M3x14_SOCKET,6,"M3 class 8.8 socket screw, nominal threads","M3 class 8.8 socket screw, nominal threads",,,"[-2.75, -2.75, 0.0, 2.75, 2.75, 17.0]",True,PURCHASED ENVELOPE - VERIFY INTERFACE,
Y_STOP_L_FRONT_BRACKET,1,"Welded A36 steel6.35 base/post,3 switch upright","Welded A36 steel6.35 base/post,3 switch upright",,,"[0.0, 0.0, 0.0, 43.3, 71.0, 56.35]",False,ENGINEERING DEFINITION - REVIEW BEFORE FABRICATION,"Mechanical contact atY carriage268/1282;2 mm software margin to electrical trip273/1277,then5 mm to buffer. | Weld steel bracket continuously3 mm fillets along base/post. Switch holesØ2.5 pilot,tapM3×0.5 through3. Buffer holesØ3.3 pilot,tapM4×0.7 through6.35. | Low-speed commissioning crash buffer only. At600 mm/min and20 mm/s² stopping distance2.5 mm before latency; higher feeds need measured stop-distance verification."
Y_STOP_L_FRONT_BUFFER,1,EPDM70A rubber8 mm,EPDM70A rubber8 mm,,,"[0.0, 0.0, 0.0, 15.8, 8.0, 30.0]",False,ENGINEERING DEFINITION - REVIEW BEFORE FABRICATION,"Mechanical contact atY carriage268/1282;2 mm software margin to electrical trip273/1277,then5 mm to buffer. | Weld steel bracket continuously3 mm fillets along base/post. Switch holesØ2.5 pilot,tapM3×0.5 through3. Buffer holesØ3.3 pilot,tapM4×0.7 through6.35. | Low-speed commissioning crash buffer only. At600 mm/min and20 mm/s² stopping distance2.5 mm before latency; higher feeds need measured stop-distance verification."
STD_M6x25_SOCKET,8,"M6 class 8.8 socket screw, nominal threads","M6 class 8.8 socket screw, nominal threads",,,"[-5.0, -5.0, 0.0, 5.0, 5.0, 31.0]",True,PURCHASED ENVELOPE - VERIFY INTERFACE,
STD_M6_NUT,8,M6 class8 steel nut,M6 class8 steel nut,,,"[-5.7735, -5.0, 0.0, 5.7735, 5.0, 5.0]",True,PURCHASED ENVELOPE - VERIFY INTERFACE,
OMRON_D2VW-01L2-1M,3,Omron sealed gold-contact roller microswitch,Omron sealed gold-contact roller microswitch,,,"[0.0, 0.0, 0.0, 33.0, 10.3, 15.9]",True,PURCHASED CLEARANCE ENVELOPE - NOT MATERIAL MASS,"D2VW-01L2-1M,SPDT with300 mm molded lead. Body33×10.3×15.9; mounting holes22.2×10.3 diagonal,Ø3.1. | Use COM black and NC red; insulate unused NO blue.24 V isolated input at5 mA; do not connect24 V to Kraken pins. | M3 mounting torque0.39–0.59 N·m. Roller operating position20.7±1.2 above bodybase; PT4 max,OT1.6 min. Cam continues on flat land."
INCLUDED_D2VW_ROLLER,3,"Included roller envelope, not a separate purchase","Included roller envelope, not a separate purchase",,,"[-0.0, -0.0, 0.0, 4.8, 4.8, 4.8]",True,PURCHASED CLEARANCE ENVELOPE - NOT MATERIAL MASS,Roller body only; small moving lever is omitted. Position follows the modeled cam without penetrating it.
Y_STOP_L_REAR_BRACKET,1,"Welded A36 steel6.35 base/post,3 switch upright","Welded A36 steel6.35 base/post,3 switch upright",,,"[0.0, 0.0, 0.0, 43.3, 50.0, 56.35]",False,ENGINEERING DEFINITION - REVIEW BEFORE FABRICATION,"Mechanical contact atY carriage268/1282;2 mm software margin to electrical trip273/1277,then5 mm to buffer. | Weld steel bracket continuously3 mm fillets along base/post. Switch holesØ2.5 pilot,tapM3×0.5 through3. Buffer holesØ3.3 pilot,tapM4×0.7 through6.35. | Low-speed commissioning crash buffer only. At600 mm/min and20 mm/s² stopping distance2.5 mm before latency; higher feeds need measured stop-distance verification."
Y_STOP_L_REAR_BUFFER,1,EPDM70A rubber8 mm,EPDM70A rubber8 mm,,,"[0.0, 0.0, 0.0, 15.8, 8.0, 30.0]",False,ENGINEERING DEFINITION - REVIEW BEFORE FABRICATION,"Mechanical contact atY carriage268/1282;2 mm software margin to electrical trip273/1277,then5 mm to buffer. | Weld steel bracket continuously3 mm fillets along base/post. Switch holesØ2.5 pilot,tapM3×0.5 through3. Buffer holesØ3.3 pilot,tapM4×0.7 through6.35. | Low-speed commissioning crash buffer only. At600 mm/min and20 mm/s² stopping distance2.5 mm before latency; higher feeds need measured stop-distance verification."
Y_CAM_L_FRONT,1,Machined A36 steel cam and3 mm attachment web,Machined A36 steel cam and3 mm attachment web,,,"[0.0, 0.0, 0.0, 26.8, 30.0, 28.3]",False,ENGINEERING DEFINITION - REVIEW BEFORE FABRICATION,"10 mm ramp reduces underside from1127 to1120.7, followed by20 mm flat land. Cam is a switch actuator, not a hard stop. | TwoM4×10 screws into8 mm-deep threads; adjust switch trip with bracket before final pinning."
Y_STOP_R_FRONT_BRACKET,1,"Welded A36 steel6.35 base/post,3 switch upright","Welded A36 steel6.35 base/post,3 switch upright",,,"[-0.0, 0.0, 0.0, 43.3, 71.0, 56.35]",False,ENGINEERING DEFINITION - REVIEW BEFORE FABRICATION,"Mechanical contact atY carriage268/1282;2 mm software margin to electrical trip273/1277,then5 mm to buffer. | Weld steel bracket continuously3 mm fillets along base/post. Switch holesØ2.5 pilot,tapM3×0.5 through3. Buffer holesØ3.3 pilot,tapM4×0.7 through6.35. | Low-speed commissioning crash buffer only. At600 mm/min and20 mm/s² stopping distance2.5 mm before latency; higher feeds need measured stop-distance verification."
Y_STOP_R_FRONT_BUFFER,1,EPDM70A rubber8 mm,EPDM70A rubber8 mm,,,"[-0.0, 0.0, 0.0, 15.8, 8.0, 30.0]",False,ENGINEERING DEFINITION - REVIEW BEFORE FABRICATION,"Mechanical contact atY carriage268/1282;2 mm software margin to electrical trip273/1277,then5 mm to buffer. | Weld steel bracket continuously3 mm fillets along base/post. Switch holesØ2.5 pilot,tapM3×0.5 through3. Buffer holesØ3.3 pilot,tapM4×0.7 through6.35. | Low-speed commissioning crash buffer only. At600 mm/min and20 mm/s² stopping distance2.5 mm before latency; higher feeds need measured stop-distance verification."
Y_STOP_R_REAR_BRACKET,1,"Welded A36 steel6.35 base/post,3 switch upright","Welded A36 steel6.35 base/post,3 switch upright",,,"[-0.0, 0.0, 0.0, 43.3, 50.0, 56.35]",False,ENGINEERING DEFINITION - REVIEW BEFORE FABRICATION,"Mechanical contact atY carriage268/1282;2 mm software margin to electrical trip273/1277,then5 mm to buffer. | Weld steel bracket continuously3 mm fillets along base/post. Switch holesØ2.5 pilot,tapM3×0.5 through3. Buffer holesØ3.3 pilot,tapM4×0.7 through6.35. | Low-speed commissioning crash buffer only. At600 mm/min and20 mm/s² stopping distance2.5 mm before latency; higher feeds need measured stop-distance verification."
Y_STOP_R_REAR_BUFFER,1,EPDM70A rubber8 mm,EPDM70A rubber8 mm,,,"[-0.0, 0.0, 0.0, 15.8, 8.0, 30.0]",False,ENGINEERING DEFINITION - REVIEW BEFORE FABRICATION,"Mechanical contact atY carriage268/1282;2 mm software margin to electrical trip273/1277,then5 mm to buffer. | Weld steel bracket continuously3 mm fillets along base/post. Switch holesØ2.5 pilot,tapM3×0.5 through3. Buffer holesØ3.3 pilot,tapM4×0.7 through6.35. | Low-speed commissioning crash buffer only. At600 mm/min and20 mm/s² stopping distance2.5 mm before latency; higher feeds need measured stop-distance verification."
Y_CAM_R_FRONT,1,Machined A36 steel cam and3 mm attachment web,Machined A36 steel cam and3 mm attachment web,,,"[-0.0, 0.0, 0.0, 26.8, 30.0, 28.3]",False,ENGINEERING DEFINITION - REVIEW BEFORE FABRICATION,"10 mm ramp reduces underside from1127 to1120.7, followed by20 mm flat land. Cam is a switch actuator, not a hard stop. | TwoM4×10 screws into8 mm-deep threads; adjust switch trip with bracket before final pinning."
STD_M6x55_SOCKET,4,"M6 class 8.8 socket screw, nominal threads","M6 class 8.8 socket screw, nominal threads",,,"[-5.0, -5.0, 0.0, 5.0, 5.0, 61.0]",True,PURCHASED ENVELOPE - VERIFY INTERFACE,
X_STOP_LEFT_BODY,1,Machined A36 steel stop block; left switch bracket welded3 mm fillets,Machined A36 steel stop block; left switch bracket welded3 mm fillets,,,"[0.0, 0.0, 0.0, 47.0, 52.4, 49.0]",False,ENGINEERING DEFINITION - REVIEW BEFORE FABRICATION,"Hard contact atheadX168/982. Normal soft travel175..975; home trip173 adjusted atlow speed. | Block20×45×26,2×Ø6.6 through45. Buffer screw threads:M4×0.7 depth10,Ø3.3 pilot11 frominner side. | Left switch bracket holes:Ø2.5 pilot,TAP M3×0.5 through3;switch screw torque0.39–0.59 N·m."
X_STOP_LEFT_BUFFER,1,EPDM70A rubber8,EPDM70A rubber8,,,"[0.0, 0.0, 0.0, 8.0, 14.0, 20.0]",False,ENGINEERING DEFINITION - REVIEW BEFORE FABRICATION,"Hard contact atheadX168/982. Normal soft travel175..975; home trip173 adjusted atlow speed. | Block20×45×26,2×Ø6.6 through45. Buffer screw threads:M4×0.7 depth10,Ø3.3 pilot11 frominner side. | Left switch bracket holes:Ø2.5 pilot,TAP M3×0.5 through3;switch screw torque0.39–0.59 N·m."
X_STOP_RIGHT_BODY,1,Machined A36 steel stop block; left switch bracket welded3 mm fillets,Machined A36 steel stop block; left switch bracket welded3 mm fillets,,,"[0.0, 0.0, 0.0, 20.0, 45.0, 26.0]",False,ENGINEERING DEFINITION - REVIEW BEFORE FABRICATION,"Hard contact atheadX168/982. Normal soft travel175..975; home trip173 adjusted atlow speed. | Block20×45×26,2×Ø6.6 through45. Buffer screw threads:M4×0.7 depth10,Ø3.3 pilot11 frominner side. | Left switch bracket holes:Ø2.5 pilot,TAP M3×0.5 through3;switch screw torque0.39–0.59 N·m."
X_STOP_RIGHT_BUFFER,1,EPDM70A rubber8,EPDM70A rubber8,,,"[0.0, 0.0, 0.0, 8.0, 14.0, 20.0]",False,ENGINEERING DEFINITION - REVIEW BEFORE FABRICATION,"Hard contact atheadX168/982. Normal soft travel175..975; home trip173 adjusted atlow speed. | Block20×45×26,2×Ø6.6 through45. Buffer screw threads:M4×0.7 depth10,Ø3.3 pilot11 frominner side. | Left switch bracket holes:Ø2.5 pilot,TAP M3×0.5 through3;switch screw torque0.39–0.59 N·m."
ISO7380_M4x8_BUTTON,2,M4×8 button-head screw7.6×2.2,M4×8 button-head screw7.6×2.2,,,"[-3.8, -3.8, 0.0, 3.8, 3.8, 10.2]",True,PURCHASED ENVELOPE - VERIFY INTERFACE,Cam web counterboreØ8×2.2 deep leaves0.8 mm;7.2 mm thread engagement. Cam carries only microswitch operating force.
X_HOME_CAM,1,A36 steel machined cam,A36 steel machined cam,,,"[0.0, 0.0, 0.0, 30.0, 20.0, 28.3]",False,ENGINEERING DEFINITION - REVIEW BEFORE FABRICATION,"30×20 ramp cam,10 mm ramp followed by20 mm land. TwoØ4.5 attachment holes."
H_NUT_STRIP_ROW_1,4,Low carbon steel,Low carbon steel,,2.7,"[0.0, 0.0, 0.0, 8.0, 391.0, 2.7]",False,ENGINEERING DEFINITION - REVIEW BEFORE FABRICATION,"Two M5 tapped stations replace loose DIN562 nuts. Machine steel strip to 8 x 2.7 mm, break edges; 391 mm length leaves 3 mm at each panel end. | Two M3 flat-point retaining screws bear on the slot floor and hold the strip shoulders under the lips. They remain installed during every conversion. No extrusion drilling. | Set retention only, not structural routing preload. Verify actual slot dimensions, thread engagement and controlled spoilboard tightening on a sample before duplicating."
STD_M3x5_FLAT_POINT_SET,24,Steel M3 flat point set screw,Steel M3 flat point set screw,,,"[-1.5, -1.5, 0.0, 1.5, 1.5, 5.0]",True,PURCHASED ENVELOPE - VERIFY INTERFACE,"M3 x 5 flat-point retaining screw, nominal cylindrical thread envelope. Accessible through the 6.2 mm slot mouth at panel end, outside the spoilboard. Verify engagement/retention on the purchased profile."
H_NUT_STRIP_ROW_2,4,Low carbon steel,Low carbon steel,,2.7,"[0.0, 0.0, 0.0, 8.0, 391.0, 2.7]",False,ENGINEERING DEFINITION - REVIEW BEFORE FABRICATION,"Two M5 tapped stations replace loose DIN562 nuts. Machine steel strip to 8 x 2.7 mm, break edges; 391 mm length leaves 3 mm at each panel end. | Two M3 flat-point retaining screws bear on the slot floor and hold the strip shoulders under the lips. They remain installed during every conversion. No extrusion drilling. | Set retention only, not structural routing preload. Verify actual slot dimensions, thread engagement and controlled spoilboard tightening on a sample before duplicating."
H_NUT_STRIP_ROW_3,4,Low carbon steel,Low carbon steel,,2.7,"[0.0, 0.0, 0.0, 8.0, 391.0, 2.7]",False,ENGINEERING DEFINITION - REVIEW BEFORE FABRICATION,"Two M5 tapped stations replace loose DIN562 nuts. Machine steel strip to 8 x 2.7 mm, break edges; 391 mm length leaves 3 mm at each panel end. | Two M3 flat-point retaining screws bear on the slot floor and hold the strip shoulders under the lips. They remain installed during every conversion. No extrusion drilling. | Set retention only, not structural routing preload. Verify actual slot dimensions, thread engagement and controlled spoilboard tightening on a sample before duplicating."
H_STACK_COMPRESSION_SLEEVE_56_8,8,Steel tube OD10 ID6.6,Steel tube OD10 ID6.6,56.8,,"[-5.0, -5.0, 0.0, 5.0, 5.0, 56.8]",False,ENGINEERING DEFINITION - REVIEW BEFORE FABRICATION,"OD10 / ID6.6 x 56.8, axis along Y in router mode. Weld flush through both beam walls and the 6 mm stacking pad. In storage these sleeves align vertically; no crushing of hollow beam walls."
STD_M6x130_FULLTHREAD_SOCKET,4,Steel class 8.8 M6 full thread,Steel class 8.8 M6 full thread,,,"[-5.0, -5.0, 0.0, 5.0, 5.0, 136.0]",True,PURCHASED ENVELOPE - VERIFY INTERFACE,"FULL THREAD REQUIRED over the usable 130 mm length: the parked nut sits near the head. A normal long partial-thread socket screw cannot clamp in the parking position. Verify the purchased full-thread variant before ordering. | Park clamped through separate empty-shelf hole in router mode. In storage, bolt both beams through welded sleeves and shelf; washers and M6 nut under shelf. Tighten only to qualified sleeve/rack preload."
STD_M6_HEX_NUT,7,Steel M6 nut,Steel M6 nut,,,"[-5.7735, -5.0, 0.0, 5.7735, 5.0, 5.0]",True,PURCHASED ENVELOPE - VERIFY INTERFACE,
H_TEMP_BOX_C_FRAME,2,Low carbon steel 12.7 mm,Low carbon steel 12.7 mm,,12.7,"[0.0, 0.0, 0.0, 98.0, 116.0, 12.7]",False,ENGINEERING DEFINITION - REVIEW BEFORE FABRICATION,"Temporary boxed keeper around beam 1 resting on beam 2. Capture opening Y438..520, Z869..973; nominal beam1 side body begins Y439.1 and ends Z971.6. | Slide C-frame from the rear after beam1 is resting. Insert front gate and both M5 screws; engage transverse M6 locator screw in beam2 sleeve before releasing either front seat. | This is a containment fixture, not a lifting attachment. Verify actual beam stack fit and handling load before use. Remove both complete fixtures before lifting beam1."
H_TEMP_BOX_GATE,2,Low carbon steel,Low carbon steel,,,"[0.0, 6.0, 0.0, 10.0, 110.0, 12.7]",False,ENGINEERING DEFINITION - REVIEW BEFORE FABRICATION,"10 x 104 x 12.7 removable gate; drill/tap M5 axially at each end, 12 mm minimum engagement depth. Actual screws engage nominal 10 mm."
H_TEMP_SPACER_16_1,2,Steel tube,Steel tube,,,"[75.9, 26.4, 0.35, 92.0, 38.4, 12.35]",False,ENGINEERING DEFINITION - REVIEW BEFORE FABRICATION,OD12 ID6.4 x16.1 spacer between beam2 rear wall and clip back spine.
H_TEMP_LOCATOR_SLEEVE_50_8,2,Machined steel,Machined steel,50.8,,"[-5.0, -5.0, 0.0, 5.0, 5.0, 50.8]",False,ENGINEERING DEFINITION - REVIEW BEFORE FABRICATION,OD10 x50.8 welded flush through both beam2 walls. Drill 5 and tap M6 x1 through after welding; nominal thread envelope ID6. Temporary box-clip locator uses the rear end.
H_TEMP_TRAY_FLOOR,1,A36 steel,A36 steel,,3,"[0.0, 0.0, 0.0, 115.0, 266.0, 3.0]",False,ENGINEERING DEFINITION - REVIEW BEFORE FABRICATION,Seal-weld small dry fixture tray to reservoir lid; fit to actual lid flatness. Two complete box clips lie flat in the tray.
H_TEMP_TRAY_SIDE,2,A36 steel,A36 steel,,3,"[0.0, 0.0, 0.0, 266.0, 16.0, 3.0]",False,ENGINEERING DEFINITION - REVIEW BEFORE FABRICATION,
H_TEMP_TRAY_END,2,A36 steel,A36 steel,,3,"[0.0, 0.0, 0.0, 115.0, 16.0, 3.0]",False,ENGINEERING DEFINITION - REVIEW BEFORE FABRICATION,
H_PANEL_HOOP_TOP,2,A36 steel,A36 steel,,3,"[0.0, 0.0, 0.0, 30.0, 247.0, 3.0]",False,ENGINEERING DEFINITION - REVIEW BEFORE FABRICATION,"3 mm steel top bar, with separate 20 mm end skirts seal-welded underneath. Nominal panel top Z572; bar underside Z573.5 gives 1.5 mm lift clearance. | Two removable hoops fit outside X325..825 panel width. They contain upward escape and fore/aft top motion; bolts into steel rack seats give positive attachment. | Before conversion separate the upper bars at their M6 screws and stage them in the lid pockets. Then release and stage the bare rods on their saddles. After storing boards, reinstall rods before loading panels. Install top bars after all six panels are seated and before lowering beams."
H_PANEL_HOOP_SKIRT,4,A36 steel,A36 steel,,3,"[0.0, 0.0, 0.0, 30.0, 20.0, 3.0]",False,ENGINEERING DEFINITION - REVIEW BEFORE FABRICATION,Weld to underside of top bar; front inside face Y4 and rear inside face Y244 give nominal 3.0 /3.225 mm clearance to panel bundle.
I_PANEL_HOOP_ROD_14x398_5,2,Machined steel round bar; certified yield >=300 MPa,Machined steel round bar; certified yield >=300 MPa,398.5,,"[-7.0, -7.0, 0.0, 7.0, 7.0, 398.5]",False,ENGINEERING DEFINITION - REVIEW BEFORE FABRICATION,"Diameter14.00 +/-0.05; length398.5. Drill5/tapM6 both ends at least15 deep. No coating on receiver engagement length or saddle contact. | Lower40 mm is laterally supported by the socket. Storage-retention design case100 N horizontal at one rod top; no lifting or personnel load. | The specified minimum material yield300 MPa is a procurement acceptance requirement, not an assertion about unidentified scrap."
STD_M6x12_CSK,2,Steel M6x12,Steel M6x12,,,"[-6.0, -6.0, 0.0, 6.0, 6.0, 12.0]",True,PURCHASED ENVELOPE - VERIFY INTERFACE,
STD_M6x20_CSK,2,Steel M6x20 class8.8,Steel M6x20 class8.8,,,"[-6.0, -6.0, 0.0, 6.0, 6.0, 20.0]",True,PURCHASED ENVELOPE - VERIFY INTERFACE,"Rev I M6x20 countersunk screw replaces M6x12;9 mm nominal engagement into rod after socket base. Release after upper bar removal, then lift rod60 mm to clear40 mm socket. Axial retention only."
I_PANEL_HOOP_STAGE_SADDLE_14,2,Fabricated steel tube 20x30x2,Fabricated steel tube 20x30x2,,,"[0.0, 0.0, 0.0, 20.0, 30.0, 110.0]",False,ENGINEERING DEFINITION - REVIEW BEFORE FABRICATION,Revised matching diameter14 open saddle; rod centerZ543.096 unchanged. Finish to actual shaft; no thick liner or paint within nominal fit.
H_PANEL_HOOP_POCKET_END,4,A36 steel,A36 steel,,3,"[0.0, 0.0, 0.0, 40.0, 10.0, 3.0]",False,ENGINEERING DEFINITION - REVIEW BEFORE FABRICATION,Weld this 10 mm-high dry receiving pocket to the lid. It restrains the upright top bar while the rod is absent. Insert bar 12 mm high then lower onto lid; no unsupported balancing on an edge.
H_PANEL_HOOP_POCKET_SIDE,4,A36 steel,A36 steel,,3,"[0.0, 0.0, 0.0, 25.0, 10.0, 3.0]",False,ENGINEERING DEFINITION - REVIEW BEFORE FABRICATION,
H_SPOIL_GUARD_ARM,1,A36 steel,A36 steel; finish-machine6.000mmfrom1/4in6.35mmstock,,6,"[0.0, 0.0, 0.0, 79.2, 30.0, 6.0]",False,ENGINEERING DEFINITION - REVIEW BEFORE FABRICATION,"Weld to inner face/top region of lower left side rail, matching existing spoil-rack arm elevation. Added arm carries the guard post only. | Rev H final assembly places this hinge/index support 30 mm aft of its local drawing datum; see assembly. Rear index ear Y510..514 clears short-board endY469.5."
H_SPOIL_GUARD_POST_340,1,Steel fabricated 20x30x2 tube,Steel fabricated 20x30x2 tube,340,,"[0.0, 0.0, 0.0, 20.0, 30.0, 340.0]",False,ENGINEERING DEFINITION - REVIEW BEFORE FABRICATION,Weld post onto added rack arm. Top half-round relief OD16.6 clears rotating hinge sleeve; pivot center X120/Z570. | Rev H final assembly places this hinge/index support 30 mm aft of its local drawing datum; see assembly. Rear index ear Y510..514 clears short-board endY469.5.
H_SPOIL_GUARD_FRONT_EAR,1,A36 steel,A36 steel,,4,"[0.0, 0.0, 0.0, 20.0, 30.0, 4.0]",False,ENGINEERING DEFINITION - REVIEW BEFORE FABRICATION,Weld to front face of post; pivot clearance bore. | Rev H final assembly places this hinge/index support 30 mm aft of its local drawing datum; see assembly. Rear index ear Y510..514 clears short-board endY469.5.
H_SPOIL_GUARD_INDEX_EAR,1,A36 steel,A36 steel,,4,"[0.0, 0.0, 0.0, 40.0, 51.0, 4.0]",False,ENGINEERING DEFINITION - REVIEW BEFORE FABRICATION,"Weld to rear face of post. Three holes: pivot, CLOSED index X140/Z570, OPEN index X120/Z590. Keep rear ear at Y480..484 beyond the short boards endingY469.5. | Rev H final assembly places this hinge/index support 30 mm aft of its local drawing datum; see assembly. Rear index ear Y510..514 clears short-board endY469.5."
H_SPOIL_GUARD_TOP,1,A36 steel,A36 steel; finish-machine6.000mmfrom1/4in6.35mmstock,,6,"[0.0, 0.0, 0.0, 147.0, 411.0, 6.0]",False,ENGINEERING DEFINITION - REVIEW BEFORE FABRICATION,Open guard is indexed vertically inside X111..127. Closed cap underside Z573 is 4.5 mm above the tallest stored boards. | Weld separate front/rear/right skirts and hinge carrier to cap. Positive index bolt must engage the selected OPEN or CLOSED station. No unsupported snap-latch assumption.
H_SPOIL_GUARD_END_SKIRT,2,A36 steel,A36 steel,,3,"[0.0, 0.0, 0.0, 147.0, 10.0, 3.0]",False,ENGINEERING DEFINITION - REVIEW BEFORE FABRICATION,
H_SPOIL_GUARD_RIGHT,1,A36 steel,A36 steel,,3,"[0.0, 0.0, 0.0, 402.0, 10.0, 3.0]",False,ENGINEERING DEFINITION - REVIEW BEFORE FABRICATION,
H_SPOIL_GUARD_HINGE_CARRIER,1,Welded steel hinge assembly,Welded steel hinge assembly,,,"[112.0, 454.0, 562.0, 265.0, 479.5, 579.0]",False,ENGINEERING DEFINITION - REVIEW BEFORE FABRICATION,"OD16 ID6.6 x22 hinge sleeve; two 140 x6 x6 welded bridges reach the cap right border, with full 6 mm butt-weld seams at X265. Rear 20x6x10 tab has Ø6.6 index hole at radius20. Individual STEP is in assembly coordinates. Fit pivot freely after welding. | Rev H final assembly places this hinge/index support 30 mm aft of its local drawing datum; see assembly. Rear index ear Y510..514 clears short-board endY469.5."
STD_M6x50_SOCKET,1,Steel M6x50,Steel M6x50,,,"[-5.0, -5.0, 0.0, 5.0, 5.0, 56.0]",True,PURCHASED ENVELOPE - VERIFY INTERFACE,Rev H final assembly places this hinge/index support 30 mm aft of its local drawing datum; see assembly. Rear index ear Y510..514 clears short-board endY469.5.
STD_M6_INDEX_BOLT,1,Steel M6 hardware,Steel M6 hardware,,,"[-5.0, -5.0, 0.0, 5.0, 5.0, 26.0]",True,PURCHASED ENVELOPE - VERIFY INTERFACE,Rev H final assembly places this hinge/index support 30 mm aft of its local drawing datum; see assembly. Rear index ear Y510..514 clears short-board endY469.5.
STD_M6_INDEX_WASHER,1,Steel M6 hardware,Steel M6 hardware,,,"[-6.0, -6.0, 0.0, 6.0, 6.0, 1.6]",True,PURCHASED ENVELOPE - VERIFY INTERFACE,Rev H final assembly places this hinge/index support 30 mm aft of its local drawing datum; see assembly. Rear index ear Y510..514 clears short-board endY469.5.
STD_M6_INDEX_NUT,1,Steel M6 hardware,Steel M6 hardware,,,"[-5.7735, -5.0, 0.0, 5.7735, 5.0, 5.0]",True,PURCHASED ENVELOPE - VERIFY INTERFACE,Rev H final assembly places this hinge/index support 30 mm aft of its local drawing datum; see assembly. Rear index ear Y510..514 clears short-board endY469.5.
H_WT_CLARIFIED_GASKET,1,2mm EPDM gasket; verify coolant compatibility,2mm EPDM gasket; verify coolant compatibility,,2,"[0.0, 0.0, 0.0, 360.0, 215.0, 2.0]",False,ENGINEERING DEFINITION - REVIEW BEFORE FABRICATION,"Knife cut, not a metal cutting program. Splash seal only; tank remains permanently vented."
H_WT_CLARIFIED_COVER,1,A36 steel0.120in sheet,"A36 steel0.120in sheet; purchase0.120in sheet,verifyactualgauge",,3.048,"[0.0, 0.0, 0.0, 360.0, 215.0, 3.048]",False,ENGINEERING DEFINITION - REVIEW BEFORE FABRICATION,"Six M5x16 screws into underside weld nuts. Remove screws before lifting; retain gasket on the fixed lid. | Lift 50 mm, move forward to parking Y935.000, rotate +90 degrees about the cover lower/front edge, then lower into both 40 mm deep parking pockets. | Open position is service only. Confirm the panel is fully seated in both pockets; do not operate machine with a hatch open. | These are vacuum-wand/long-brush washout openings; tank cleaning efficacy is a physical commissioning check."
H_WT_PULL_TAB,2,A36 steel3mm,A36 steel3mm,,3,"[0.0, 0.0, 0.0, 20.0, 30.0, 3.0]",False,ENGINEERING DEFINITION - REVIEW BEFORE FABRICATION,Weld20 mm lower edge to cover top; deburr12 mm lifting-hook hole. Cover and tab move as one weldment. This is not a rated hoist point.
STD_M5_WELDNUT,12,M5 weld nut,M5 weld nut,,,"[-4.6188, -4.0, 0.0, 4.6188, 4.0, 4.0]",True,PURCHASED ENVELOPE - VERIFY INTERFACE,
STD_M5x16_SOCKET,12,M5x16 socket screw,M5x16 socket screw,,,"[-4.25, -4.25, 0.0, 4.25, 4.25, 21.0]",True,PURCHASED ENVELOPE - VERIFY INTERFACE,
H_WT_PARK_FLOOR,4,A36 steel,A36 steel,,3,"[0.0, 0.0, 0.0, 40.0, 14.0, 3.0]",False,ENGINEERING DEFINITION - REVIEW BEFORE FABRICATION,Seal weld perimeter to equipment lid; bottom support for service cover.
H_WT_PARK_FACE,8,A36 steel,A36 steel,,3,"[0.0, 0.0, 0.0, 40.0, 40.0, 3.0]",False,ENGINEERING DEFINITION - REVIEW BEFORE FABRICATION,Weld to pocket floor; installed inner gap is 8 mm for the 3.048 mm cover.
H_WT_PARK_END,4,A36 steel,A36 steel,,3,"[0.0, 0.0, 0.0, 8.0, 40.0, 3.0]",False,ENGINEERING DEFINITION - REVIEW BEFORE FABRICATION,Weld bottom edge to lid just beyond the service cover ends; limits sideways movement.
H_WT_SETTLING_GASKET,1,2mm EPDM gasket; verify coolant compatibility,2mm EPDM gasket; verify coolant compatibility,,2,"[0.0, 0.0, 0.0, 310.0, 140.0, 2.0]",False,ENGINEERING DEFINITION - REVIEW BEFORE FABRICATION,"Knife cut, not a metal cutting program. Splash seal only; tank remains permanently vented."
H_WT_SETTLING_COVER,1,A36 steel0.120in sheet,"A36 steel0.120in sheet; purchase0.120in sheet,verifyactualgauge",,3.048,"[0.0, 0.0, 0.0, 310.0, 140.0, 3.048]",False,ENGINEERING DEFINITION - REVIEW BEFORE FABRICATION,"Six M5x16 screws into underside weld nuts. Remove screws before lifting; retain gasket on the fixed lid. | Lift 50 mm, move forward to parking Y1168.000, rotate +90 degrees about the cover lower/front edge, then lower into both 40 mm deep parking pockets. | Open position is service only. Confirm the panel is fully seated in both pockets; do not operate machine with a hatch open. | These are vacuum-wand/long-brush washout openings; tank cleaning efficacy is a physical commissioning check."
H_REFILL_MITER_SPOUT,1,"NPS0.5 schedule40 steel pipe, welded miter assembly","NPS0.5 schedule40 steel pipe, welded miter assembly",,,"[374.35, 1204.35, 695.0, 395.65, 1265.65, 895.65]",False,ENGINEERING DEFINITION - REVIEW BEFORE FABRICATION,"Fabricated pipe OD21.3 ID15.8 mm. Centerline: (385,1255,695)->(385,1255,885)->(385,1215,885)->(385,1215,865). | Two 90-degree turns use paired 45-degree miters. Use individual blank allowance and fit/weld to this centerline; pressure/leak test before assembly. | Three centerline segment lengths 190/40/20 mm; these are not square-end blank lengths. Long-point miter blank allowances are 200.65/61.3/30.65 mm before dressing/thread allowance. | Bottom end is 1/2 NPT male, receipt-fit reinforced hose adapter. Top discharge remains open: no downstream valve/nozzle. | Outlet low edge Z865 gives 30 mm nominal air gap above Z835 pan rim, exceeding the specified 25 mm minimum. Maintain at least25 mm as built."
H_REFILL_STAY,1,A36 steel6mm,A36 steel6mm; finish-machine6.000mmfrom1/4in6.35mmstock,,6,"[0.0, 0.0, 0.0, 26.0, 50.0, 6.0]",False,ENGINEERING DEFINITION - REVIEW BEFORE FABRICATION,Weld rear26 mm edge to pan rear inner wall atY1301.952. Fit/weld the open radial relief to the riser after pan welding; do not force the floor. | Open radius relief is a48-segment contour at nominalR10.9. STEP and DXF share this exact outline; dress before welding.
H_WT_WASHOUT_FLANGE,1,A36 steel6mm,A36 steel6mm; finish-machine6.000mmfrom1/4in6.35mmstock,,6,"[-45.0, -45.0, 0.0, 45.0, 45.0, 6.0]",False,ENGINEERING DEFINITION - REVIEW BEFORE FABRICATION,Diameter90 nominal128-sided flange with48.5 bore; lower pipe end seats at flange topZ116. Continuous seal weld around pipe. | Four6.6 holes on70 pitch circle at45/135/225/315 degrees. Rear shelf crossmember stays untouched.
H_WT_WASHOUT_GASKET,1,2mm EPDM gasket; verify coolant compatibility,2mm EPDM gasket; verify coolant compatibility,,2,"[-45.0, -45.0, 0.0, 45.0, 45.0, 2.0]",False,ENGINEERING DEFINITION - REVIEW BEFORE FABRICATION,Knife cut. Vented gravity tank only; not a pressure-rated flange.
H_WT_WASHOUT_COVER,1,A36 steel4mm,A36 steel4mm,,4,"[-45.0, -45.0, 0.0, 45.0, 45.0, 4.0]",False,ENGINEERING DEFINITION - REVIEW BEFORE FABRICATION,Flat blank with four clearance holes. Cover removal requires the empty isolated tank and a washout catch beneath.
STD_M6x25_SOCKET_HEAD_DOWN,4,M6x25 socket screw,M6x25 socket screw,,,"[-5.0, -5.0, 0.0, 5.0, 5.0, 31.0]",True,PURCHASED ENVELOPE - VERIFY INTERFACE,
STD_M6_WASHER,8,M6 plain washer,M6 plain washer,,,"[-6.0, -6.0, 0.0, 6.0, 6.0, 1.6]",True,PURCHASED ENVELOPE - VERIFY INTERFACE,
I_PANEL_ROD_SOCKET_18_2x51,2,Machined low carbon steel; yield >=250 MPa,Machined low carbon steel; yield >=250 MPa,51,,"[-9.1, -9.1, 0.0, 9.1, 9.1, 51.0]",False,ENGINEERING DEFINITION - REVIEW BEFORE FABRICATION,"Turn OD18.2 x51. Guide bore14.20 +0.05/-0.00,40 deep from TOP. Axial throughhole6.6; bottom90deg countersink12.6x3 deep. | Fit through8 mm rack seat with3 mm lower projection. Continuous3 mm fillet under seat ONLY. Finish guide bore after welding; no paint in bore. Deburr entrance without reducing full bearing length. | Actual diametral sliding clearance0.15..0.30 mm with specified rod tolerance. Socket topZ215 gives40 mm engagement. Nominal panel side clearance0.9 mm; verify >=0.5 mm after welding."
I_ROD_SOCKET_WELD_3,2,E70 weld deposit,E70 weld deposit,,,"[-12.1, -12.1, 0.0, 12.1, 12.1, 3.0]",False,ENGINEERING DEFINITION - REVIEW BEFORE FABRICATION,Nominal3 mm continuous underside fillet. Weld geometry is included for clearance; preparation and sound fusion require shop qualification.
I_DRAIN_REDUCER_SUPPORT,1,A36 steel,A36 steel; finish-machine6.000mmfrom1/4in6.35mmstock,,6,"[-30.0, -30.0, 0.0, 30.0, 35.0, 6.0]",False,ENGINEERING DEFINITION - REVIEW BEFORE FABRICATION,"Flat reducer/support plate. Weld NPS1.5 upper sleeve to upper face and NPS1 lower nipple through bore, then leak-test. | Rear straight60 mm edge meets the lower edge of the separate pan-wall support strap. Weld to strap; does not bear on reservoir lid."
I_DRAIN_UPPER_SLEEVE,1,A36 steel,A36 steel,12.398152,,"[-24.15, -24.15, 0.0, 24.15, 24.15, 12.3982]",False,ENGINEERING DEFINITION - REVIEW BEFORE FABRICATION,NPS1.5 SCH40 OD48.3/ID40.9. Upper end butts existing pan neck atZ693.398152; continuous sealed weld. Lower end seats on reducer plate.
I_DRAIN_WALL_STRAP,1,A36 steel,"A36 steel; purchase0.120in sheet,verifyactualgauge",,3.048,"[0.0, 0.0, 0.0, 60.0, 90.0, 3.048]",False,ENGINEERING DEFINITION - REVIEW BEFORE FABRICATION,"Flat60x90x3.048 support. Upper27 mm attaches outside pan rear wall; lower edge supports reducer ledge. Seal weld to pan after confirming pan remains square. | This strap carries valve/pipe dead weight; no hose or operator loads are permitted on the actuator. | Rear face datumY1308.128 leaves0.080mm nominal fit-up gap to pan rear wall/floor projection; bridge with continuous weld, not a bolted load path."
BUY_USS_MSV00009,1,A36 steel,A36 steel,,,"[-40.8, -107.0, -0.0, 40.8, 24.5, 72.0]",True,SOURCED PURCHASED ALLOCATION - FACE LENGTH AND STEM OFFSET MUST BE RECEIPT VERIFIED,"https://file.ussolid.com/content/JFMSV/MSV-physical-size.pdf pages3-4: exact SKU stainless1in full-port, L72,d25,H49; actuator81.6x62.1x58. | Actuator faces forward(-Y). Stem-side extent conservatively107 mm from pipe axis; H is not an explicit port-axis offset. This is an outer allocation, not the manufacturer solid. | Manufacturer product photo separately labels about81 mm overall. Fit upper/lower nipples after measuring the received valve; do not order prefabricated cut nipples from this nominal face stack. | 1in FNPT both ends; 24V2wire normally-closed auto-return; no inferred position feedback. Keep actuator dry and below its40C ambient limit."
I_DRAIN_UPPER_NIPPLE,1,A36 steel,A36 steel,45,,"[-16.7, -16.7, 0.0, 16.7, 16.7, 45.0]",True,GUARDED FIT-TO-ASSEMBLY PIPE - NPT END AND LENGTH REQUIRE RECEIVED VALVE,"Nominal45 mm NPS1 SCH40 stub; upper end flush reducer top681. Lower1NPT thread is represented by clearance only. | Fit and mark after valve is hand/makeup assembled to its maker guidance. Nominal16 mm engagement is an allocation, not specified tightening or manufactured length."
I_DRAIN_LOWER_NIPPLE,1,A36 steel,A36 steel,56,,"[-16.7, -16.7, 0.0, 16.7, 16.7, 56.0]",True,GUARDED FIT-TO-ASSEMBLY PIPE - NPT END AND LENGTH REQUIRE RECEIVED VALVE,Lower plain end welds into top flange with bottom flushZ542. Upper1NPT engages valve; nominal face datum580. | Cut final length after valve assembly to hold fixed flange lower faceZ542; unknown thread makeup must not be imposed on the pan.
I_DRAIN_FIXED_FLANGE,1,A36 steel6mm,A36 steel6mm; finish-machine6.000mmfrom1/4in6.35mmstock,,6,"[-45.0, -45.0, 0.0, 45.0, 45.0, 6.0]",False,ENGINEERING DEFINITION - REVIEW BEFORE FABRICATION,"FourØ6.6 holes on70 PCD at45/135/225/315deg. Dimensioned removable gravity tail connection, no purchased union. | Empty pan and isolate pump before removing all four bolts. Lower6, move90 forward, lift40, move140 right, move90 rearward, then lower47.904 into its parking cup."
I_DRAIN_TAIL_GASKET,1,2mm EPDM; verify coolant compatibility,2mm EPDM; verify coolant compatibility,,2,"[-45.0, -45.0, 0.0, 45.0, 45.0, 2.0]",False,ENGINEERING DEFINITION - REVIEW BEFORE FABRICATION,"FourØ6.6 holes on70 PCD at45/135/225/315deg. Dimensioned removable gravity tail connection, no purchased union. | Empty pan and isolate pump before removing all four bolts. Lower6, move90 forward, lift40, move140 right, move90 rearward, then lower47.904 into its parking cup."
I_DRAIN_TAIL_FLANGE,1,A36 steel6mm,A36 steel6mm; finish-machine6.000mmfrom1/4in6.35mmstock,,6,"[-45.0, -45.0, 0.0, 45.0, 45.0, 6.0]",False,ENGINEERING DEFINITION - REVIEW BEFORE FABRICATION,"FourØ6.6 holes on70 PCD at45/135/225/315deg. Dimensioned removable gravity tail connection, no purchased union. | Empty pan and isolate pump before removing all four bolts. Lower6, move90 forward, lift40, move140 right, move90 rearward, then lower47.904 into its parking cup."
I_DRAIN_TAIL,1,A36 steel,A36 steel,90,,"[-16.7, -16.7, 0.0, 16.7, 16.7, 90.0]",False,ENGINEERING DEFINITION - REVIEW BEFORE FABRICATION,"NPS1 SCH40 straight90 mm. Upper end flush top of lower flangeZ540; continuous weld at flange bore. Lower outletZ450,13.404 mm above basket splash cover."
STD_M6x30_HEAD_DOWN,4,A36 steel,A36 steel,,,"[-5.0, -5.0, 0.0, 5.0, 5.0, 36.0]",True,PURCHASED ENVELOPE - VERIFY INTERFACE,
I_DRAIN_PARK_BASE,1,A36 steel,A36 steel,,3,"[0.0, 0.0, 0.0, 40.0, 60.0, 3.0]",False,ENGINEERING DEFINITION - REVIEW BEFORE FABRICATION,Weld the three supported edges to lid; right edge overhangs existing lid1.952mm. Supports detached gravity tail only.
I_DRAIN_PARK_COLLAR,1,A36 steel,A36 steel,35,,"[-20.0, -20.0, 0.0, 20.0, 20.0, 35.0]",False,ENGINEERING DEFINITION - REVIEW BEFORE FABRICATION,"Fabricated35 mm collar, ID35.0, OD40.0. Weld bottom to base. Lower pipe into cup until end restsZ436.096; flange thenZ520.096."
BUY_VEVOR_SPT_500_400_200_BODY,1,A36 steel,A36 steel,,,"[0.0, 0.0, 0.0, 400.0, 200.0, 500.0]",True,SOURCED BODY ALLOCATION - VENDOR FLANGES/HINGES/LATCH AND MODIFICATION ACCEPTANCE HELD,"https://www.vevor.com/electrical-enclosure-c_10749/vevor-20x16x8-carbon-steel-electrical-enclosure-wall-mount-junction-box-ip65-p_010399775149 | Published500x400x200 outer;1.5 steel; interior497x397x166.5. Outer shell is a simplified manufacturer allocation, not a fabrication drawing of the bought box. | New custom back holes atX460/690,Z190/620: drill with cage in place and deburr; fit bonded sealing washers. They replace the unknown vendor pendant mounting pattern. | Two145x80 bottom windows defined in assembly, each covered by a separate gasketed175x110 gland plate. Verify they do not intersect the received vendor outlet cutout/returns before cutting. Enclosure rating after modification is not asserted."
I_CABINET_DOOR_ALLOCATION,1,A36 steel,A36 steel,,,"[0.0, 0.0, 0.0, 397.0, 33.5, 497.0]",True,ACCESS-CLOSURE ALLOCATION - HINGE/LATCH DRAWING NOT AVAILABLE; NO OPENING CERTIFICATION,"Uses sourced usable-depth exclusion, not assumed physical33.5mm solid door. Actual folded return, hinge pin, lock and opening angle must be checked on selected VEVOR model. | Service the cabinet only with router panels installed and front storage bay empty. No cabinet access is required during normal in-footprint bed conversion."
I_CABINET_BACKPLATE,1,Vendor galvanized backplate2mm,Vendor galvanized backplate2mm,,2,"[0.0, 0.0, 0.0, 350.0, 450.0, 2.0]",True,SOURCED350x450 PANEL - STANDOFF DATUM AND VENDOR RETENTION HELD,"Component faceY420; envelope planeX400..750,Z190..640. Purchased350x450x2 dimensions; Y422 is design placement pending receipt measurement. | Keep component projections toY300..420,10mm clear around panel perimeter, and separate mains/VFD from24V/signal wiring. Root controls authority defines allocation/netlist. | No electronics thermal or EMC qualification follows from shell clearance."
I_CAB_GLAND_MAINS,1,304 stainless2mm,304 stainless2mm,,2,"[0.0, 0.0, 0.0, 175.0, 110.0, 2.0]",False,ENGINEERING DEFINITION - REVIEW BEFORE FABRICATION,"Flat removable gland plate under cabinet floor; deburr bores. Mains and signal plates are separate to preserve wiring segregation. | Hole diameters nominalM20/M16 clearance only. Select glands for actual cable OD, sealing and EMC termination; unused entries need rated blank plugs. | Before cutting purchased enclosure, verify these footprints avoid vendor bottom returns/cutout; failed acceptance requires redesigned plates, not open holes."
I_CAB_GLAND_GASKET_MAINS,1,2mm closed-cell EPDM,2mm closed-cell EPDM,,2,"[0.0, 0.0, 0.0, 175.0, 110.0, 2.0]",False,ENGINEERING DEFINITION - REVIEW BEFORE FABRICATION,Knife-cut gasket; outside145x80 opening. Compression/ingress test required after assembly.
STD_M5x16_HEAD_DOWN,8,A36 steel,A36 steel,,,"[-4.25, -4.25, 0.0, 4.25, 4.25, 21.0]",True,PURCHASED ENVELOPE - VERIFY INTERFACE,
I_CAB_GLAND_SIGNAL,1,304 stainless2mm,304 stainless2mm,,2,"[0.0, 0.0, 0.0, 175.0, 110.0, 2.0]",False,ENGINEERING DEFINITION - REVIEW BEFORE FABRICATION,"Flat removable gland plate under cabinet floor; deburr bores. Mains and signal plates are separate to preserve wiring segregation. | Hole diameters nominalM20/M16 clearance only. Select glands for actual cable OD, sealing and EMC termination; unused entries need rated blank plugs. | Before cutting purchased enclosure, verify these footprints avoid vendor bottom returns/cutout; failed acceptance requires redesigned plates, not open holes."
I_CAB_GLAND_GASKET_SIGNAL,1,2mm closed-cell EPDM,2mm closed-cell EPDM,,2,"[0.0, 0.0, 0.0, 175.0, 110.0, 2.0]",False,ENGINEERING DEFINITION - REVIEW BEFORE FABRICATION,Knife-cut gasket; outside145x80 opening. Compression/ingress test required after assembly.
PARKER_801_6_PRESSURE_ROUTE,1,A36 steel,A36 steel,876.99111843111,,"[377.05, 912.05, 570.0, 987.95, 1210.0, 672.95]",True,DEFINED ROUTE - FIELD-TRIM ENDS / APPROVED82SERIES CONNECTIONS STILL REQUIRED,"https://www.parker.com/content/dam/Parker-com/Literature/Hose-Products-Division/Websphere-Supporting-Literature/FCG_HPD-Thermal-Management-Hoses-Bulletin.pdf | Parker801-6:3/8in nominal ID,15.9mm OD,350psi,75mm minimum bend radius. All three designed bendsR80mm; bracketed routing retained after end fitting. | Do not substitute unreinforced tube or generic barbs. Use matching Parker82 series fittings; verify liquid/additive and diaphragm-pump pulsation compatibility. Hose pressure exceeds120psi pump shutoff; fittings also must exceed it. | Centerline length is hose-routing length only; cut allowance must account for actual fitting insertion and measured pump/spout interfaces. Endpoint locations are routing datums, not claims of pump port coordinates. | Maintain at leastR80 at every bend after fitting. No loose loops may intrude into hatch or bed-conversion sweep."
I_REFILL_SPOUT_CONNECTION_ZONE,1,A36 steel,A36 steel,,,"[0.0, 0.0, 0.0, 40.0, 65.0, 50.0]",True,ADJUSTABLE END CONNECTION ZONE - RECEIPT SELECT 1/2FNPT ELBOW AND82SERIES ADAPTER,"Allowed fitting volumeX365..405/Y1210..1275/Z645..695; connects existing1/2MNPT spout end to3/8hose routing datum(385,1210,665). | This is not a fabricated elbow or released port location. Selected threaded elbow/adapter must physically fit this zone and permit hose bend without forcing spout; otherwise revise and recheck."
I_HOSE_CLAMP_UPPER,3,Mild steel20x37x14 offcut,Mild steel20x37x14 offcut,,,"[0.0, 0.0, -0.0, 20.0, 37.0, 14.0]",False,ENGINEERING DEFINITION - REVIEW BEFORE FABRICATION,"20x37x14 split block,halfØ20 bore axislocal+X atY20; matchingupper/lower split plane at hose centerZ665. | TwoØ4.5 through holes localX10,Y5/33. Fit2mm EPDM liner around15.9mm hose; do not clamp directly on rubber or crush hose. Remove lower block for hose replacement."
I_HOSE_CLAMP_LOWER,3,Mild steel20x37x14 offcut,Mild steel20x37x14 offcut,,,"[0.0, 0.0, 0.0, 20.0, 37.0, 14.0]",False,ENGINEERING DEFINITION - REVIEW BEFORE FABRICATION,"20x37x14 split block,halfØ20 bore axislocal+X atY20; matchingupper/lower split plane at hose centerZ665. | TwoØ4.5 through holes localX10,Y5/33. Fit2mm EPDM liner around15.9mm hose; do not clamp directly on rubber or crush hose. Remove lower block for hose replacement."
I_HOSE_CLAMP_STRAP,3,A36 steel,A36 steel,,3,"[0.0, 0.0, 0.0, 20.0, 45.0, 3.0]",False,ENGINEERING DEFINITION - REVIEW BEFORE FABRICATION,"Steel20x45x3 support strap, welded to bearer3 front faceY1150 overZ679.2..710. Weld or bolt a STEEL upper block; aluminum upper block needs bolted lug and is not released by this detail."
STD_M4x35_HEAD_DOWN,6,A36 steel,A36 steel,,,"[-3.5, -3.5, 0.0, 3.5, 3.5, 39.0]",True,PURCHASED ENVELOPE - VERIFY INTERFACE,
STD_M4_NYLOC,6,A36 steel,A36 steel,,,"[-4.0415, -3.5, 0.0, 4.0415, 3.5, 4.0]",True,PURCHASED ENVELOPE - VERIFY INTERFACE,
I_SUCTION_HOSE,1,A36 steel,A36 steel,1664.99111843111,,"[172.05, 1042.05, 280.0, 1127.95, 1365.95, 717.95]",True,DEFINED SUCTION ROUTE - FIELD-FIT END82SERIES CONNECTIONS REQUIRED,"https://www.parker.com/content/dam/Parker-com/Literature/Hose-Products-Division/Websphere-Supporting-Literature/FCG_HPD-Thermal-Management-Hoses-Bulletin.pdf | Parker801-6,3/8ID,15.9OD,350psi,28inHg vacuum rating,minR75; designedR80. Rear main runY1358/Z710 stays ahead of braceY1370.8 and above staged bed hoops. | Endpoint(180,1358,280) is upper end of a field-selected1/2FNPT elbow/82series adapter on existing pickup, not the pickup port itself atZ203.048. | Endpoint(1120,1050,620) connects within rear strainer end zone after port position receipt measurement. No guessed strainer port-axis is asserted."
I_SUCTION_STANCHION,1,A36 steel,A36 steel; finish-machine6.000mmfrom1/4in6.35mmstock,,6,"[0.0, 0.0, 0.0, 20.0, 490.0, 6.0]",False,ENGINEERING DEFINITION - REVIEW BEFORE FABRICATION,20x490x6 strip outside lid rear edge. Two welded stand-off arms connect to tank rear wall; keeps hose ahead of rear brace.
I_SUCTION_STANDOFF,2,A36 steel,A36 steel; finish-machine6.000mmfrom1/4in6.35mmstock,,6,"[0.0, 0.0, 0.0, 20.0, 30.952, 6.0]",False,ENGINEERING DEFINITION - REVIEW BEFORE FABRICATION,Weld front20mm edge to outer reservoir rear wall; rear edge meets stanchionY1349. No tank penetration.
I_SUCTION_GUIDE,2,A36 steel,A36 steel,,3,"[0.0, 0.0, 0.0, 35.0, 32.0, 3.0]",False,ENGINEERING DEFINITION - REVIEW BEFORE FABRICATION,Feed hose throughØ20 before end fittings; fit split soft liner and deburr. Left6mm of side edge welds to stanchion; not a hydraulic joint.
I_SUCTION_REAR_EYE,2,A36 steel,A36 steel; finish-machine6.000mmfrom1/4in6.35mmstock,,6,"[0.0, 0.0, 0.0, 61.872, 26.0, 6.0]",False,ENGINEERING DEFINITION - REVIEW BEFORE FABRICATION,"Rear hose guideØ20 onX-axis atY1358,Z710; add split liner. Front edge welds to separate pan-wall strap."
I_SUCTION_REAR_STRAP,2,A36 steel,"A36 steel; purchase0.120in sheet,verifyactualgauge",,3.048,"[0.0, 0.0, 0.0, 20.0, 68.0, 3.048]",False,ENGINEERING DEFINITION - REVIEW BEFORE FABRICATION,Upper27mm seal-welds outside pan rear wall.0.08mm fit-up clearance to nominal wall; rear eye carries hose only.
BUY_SEAFLO_SFWS_500_02,1,A36 steel,A36 steel,,,"[0.0, 0.0, 0.0, 97.0, 167.0, 117.0]",True,SOURCED L/H ALLOCATION - TRANSVERSE WIDTH AND PORT AXIS ACCEPTANCE HELD,"https://www.seaflo.com/uploads/allimg/20251113/1-25111323053E18.jpg | SFWS-500-02 drawing:body length97,barb-to-barb167,overall height117mm;1/2NPT,50mesh316screen. | 97mm transverse acceptance width is reserved, not dimensioned by supplier. Verify actual body fits clear97mm between carrier uprights and beneath620mm top straps before fabrication. | Whole strainer lifts120mm after four top screws and both hose connections are removed. Bowl washing occurs after removal from carrier; never loosen a suction fitting with pump enabled."
I_STRAINER_POST,2,1x1x.083steel tube,1x1x.083steel tube,57.904,,"[0.0, 0.0, 0.0, 25.4, 25.4, 57.904]",False,ENGINEERING DEFINITION - REVIEW BEFORE FABRICATION,Seal weld to lid; right-side tray support using brace stock.
I_STRAINER_POST_CAP,2,A36 steel,A36 steel,,3,"[0.0, 0.0, 0.0, 25.4, 25.4, 3.0]",False,ENGINEERING DEFINITION - REVIEW BEFORE FABRICATION,Weld cap to tube end; M6 weld nut beneath atcenter.
I_STRAINER_TRAY,1,A36 steel,A36 steel; finish-machine6.000mmfrom1/4in6.35mmstock,,6,"[0.0, 0.0, 0.0, 145.0, 187.0, 6.0]",False,ENGINEERING DEFINITION - REVIEW BEFORE FABRICATION,"6mm steel cantilever tray; twoM6 bolts into capped posts. Strainer weight rests on tray through fitted soft pads, not its hoses. | Right edgeX1150 is machine-plan boundary. Do not add outward projecting fittings. Source width acceptance and fit padding remain before fabrication."
I_STRAINER_UPRIGHT,4,A36 steel,A36 steel,,3,"[0.0, 0.0, 0.0, 10.0, 117.0, 3.0]",False,ENGINEERING DEFINITION - REVIEW BEFORE FABRICATION,Weld lower10mm edge to tray; clear inner width97mm.
I_STRAINER_LAND,4,A36 steel,A36 steel,,3,"[0.0, 0.0, 0.0, 10.0, 15.0, 3.0]",False,ENGINEERING DEFINITION - REVIEW BEFORE FABRICATION,Weld rear edge to upright; M4 weld nut below overhang.
STD_M4_WELDNUT,4,A36 steel,A36 steel,,,"[-4.0415, -3.5, 0.0, 4.0415, 3.5, 4.0]",True,PURCHASED ENVELOPE - VERIFY INTERFACE,
STD_M4x16_SOCKET,4,A36 steel,A36 steel,,,"[-3.5, -3.5, 0.0, 3.5, 3.5, 20.0]",True,PURCHASED ENVELOPE - VERIFY INTERFACE,
I_STRAINER_TOP,2,A36 steel,A36 steel,,3,"[0.0, 0.0, 0.0, 117.0, 15.0, 3.0]",False,ENGINEERING DEFINITION - REVIEW BEFORE FABRICATION,Remove bothM4 bolts and lift this top bridge before removing strainer. Soft padding secures bought strainer in carrier; never load its bowl threads.
I_HEAD_BACKPLATE,1,6061-T6 aluminium 3/8 in,6061-T6 aluminium 3/8 in,,9.525,"[0.0, 0.0, 0.0, 110.0, 130.0, 9.525]",False,ENGINEERING DEFINITION - REVIEW BEFORE FABRICATION,Four M6x1 tapped holes on custom 90 x 26 mm tool-side pattern. Minor diameter5 modeled; tap through. | This plate bolts to Rev H custom adapter from its rear. It does not establish the purchased Z output fixing pattern. | Rod and stop tapped coordinates are defined in the local STEP. Crossbars are matched and jig-bored.
I_HEAD_CROSSBAR_1,1,6061-T6 aluminium,6061-T6 aluminium,,,"[0.0, -0.0, 0.0, 110.0, 12.0, 25.0]",False,ENGINEERING DEFINITION - REVIEW BEFORE FABRICATION,Ø8 H7 matched rod sockets depth6; nominal geometry shown. Ø4.5 coaxial end-screw access. | Two Ø4.5 front mounting holes. M4x30 screws engage5mm into tapped backplate. Jig bore both rod centers together.
I_STD_M4x30_z_SOCKET,4,"Steel ISO4762 socket screw, nominal thread envelope","Steel ISO4762 socket screw, nominal thread envelope",,,"[-3.5, -3.5, 0.0, 3.5, 3.5, 34.0]",True,PURCHASED ENVELOPE - VERIFY INTERFACE,Specified unknurled socket heads: M3 diameter5.5/height3; M4 diameter7/height4. Enlarged knurled heads require new clearance check. | https://www.accu.co.uk/api/product-datasheet?id=151797
I_HEAD_CROSSBAR_2,1,6061-T6 aluminium,6061-T6 aluminium,,,"[0.0, -0.0, 0.0, 110.0, 12.0, 25.0]",False,ENGINEERING DEFINITION - REVIEW BEFORE FABRICATION,Ø8 H7 matched rod sockets depth6; nominal geometry shown. Ø4.5 coaxial end-screw access. | Two Ø4.5 front mounting holes. M4x30 screws engage5mm into tapped backplate. Jig bore both rod centers together.
I_HEAD_ROD_8x118_M4_ENDS,2,Ground stainless shaft Ø8 h6,Ground stainless shaft Ø8 h6,,,"[-4.0, -0.0, -4.0, 4.0, 118.0, 4.0]",False,ENGINEERING DEFINITION - REVIEW BEFORE FABRICATION,"Finish length118.0; axial M4x0.7 blind tap each end, usable depth10, pilot12. Hardened stock requires machinable ends or ground shaft made to drawing."
I_STD_M4x16_y_SOCKET,4,"Steel ISO4762 socket screw, nominal thread envelope","Steel ISO4762 socket screw, nominal thread envelope",,,"[-3.5, -0.0, -3.5, 3.5, 20.0, 3.5]",True,PURCHASED ENVELOPE - VERIFY INTERFACE,Specified unknurled socket heads: M3 diameter5.5/height3; M4 diameter7/height4. Enlarged knurled heads require new clearance check. | https://www.accu.co.uk/api/product-datasheet?id=151797
I_HEAD_FLOAT_CARRIAGE,1,6061-T6 aluminium,6061-T6 aluminium,,,"[0.0, -0.0, -0.0, 110.0, 72.0, 22.0]",False,ENGINEERING DEFINITION - REVIEW BEFORE FABRICATION,"Two Ø15 slip-fit bearing housings. Bearing retention comes from bolted end caps, never crush-fit preload. | Internal pocket X43..67 / Y45..59 / Z11..27 captures the fixed8mm tall stop: metal lower/upper travel limits0 and6. | Ream housings and jig align with ground shafts. Verify gravity return over full travel after wiring/lead installation."
IGUS_RJ4JP_01_08,4,igus J4 polymer bearing,igus J4 polymer bearing,,,"[-7.5, -0.0, -7.5, 7.5, 24.0, 7.5]",True,PURCHASED ENVELOPE - VERIFY INTERFACE,Manufacturer nominal ID8 / OD15 / length24. Internal clearance shown0.04; installed fit must be checked. | https://igus.partcommunity.com/3d-cad-models/rj4jp-01-linear-bearings-igus?info=igus%2Fdrylin_lineargleitlager%2Fr_runde_wellen_schnell_leise%2Frj4jp_01.prj
I_HEAD_BUSH_SPACER_23p85,2,Acetal bearing spacer,Acetal bearing spacer,,,"[-7.4, -0.0, -7.4, 7.4, 23.85, 7.4]",False,ENGINEERING DEFINITION - REVIEW BEFORE FABRICATION,OD14.8 / ID9 / length23.85. Combined nominal bushing/spacer stack71.85 leaves0.15mm axial clearance between caps72mm apart. Verify actual0.10..0.20mm clearance after assembly.
I_HEAD_BEARING_CAP_1,1,304 stainless 2mm,304 stainless 2mm,,2,"[0.0, 0.0, 0.0, 110.0, 22.0, 2.0]",False,ENGINEERING DEFINITION - REVIEW BEFORE FABRICATION,
I_STD_M3x8_y_SOCKET,8,"Steel ISO4762 socket screw, nominal thread envelope","Steel ISO4762 socket screw, nominal thread envelope",,,"[-2.75, 3.0, -2.75, 2.75, 14.0, 2.75]",True,PURCHASED ENVELOPE - VERIFY INTERFACE,Specified unknurled socket heads: M3 diameter5.5/height3; M4 diameter7/height4. Enlarged knurled heads require new clearance check. | https://www.accu.co.uk/api/product-datasheet?id=642039
I_HEAD_BEARING_CAP_2,1,304 stainless 2mm,304 stainless 2mm,,2,"[0.0, 0.0, 0.0, 110.0, 22.0, 2.0]",False,ENGINEERING DEFINITION - REVIEW BEFORE FABRICATION,
I_HEAD_FLOAT_STOP,1,6061-T6 aluminium,6061-T6 aluminium,,,"[0.0, 0.0, 0.0, 20.0, 8.0, 15.475]",False,ENGINEERING DEFINITION - REVIEW BEFORE FABRICATION,Rigid captured block controls both float travel ends; fit before carriage. No spring is needed to carry a falling head: the closed slot retains it. | Replaceable0.2mm stop shims may be fitted only with corresponding travel and probe offset recalibration. Nominal definition has no shim.
I_STD_M4x16_z_SOCKET,4,"Steel ISO4762 socket screw, nominal thread envelope","Steel ISO4762 socket screw, nominal thread envelope",,,"[-3.5, -3.5, 0.0, 3.5, 3.5, 20.0]",True,PURCHASED ENVELOPE - VERIFY INTERFACE,Specified unknurled socket heads: M3 diameter5.5/height3; M4 diameter7/height4. Enlarged knurled heads require new clearance check. | https://www.accu.co.uk/api/product-datasheet?id=151797
I_HEAD_SEAT_CONE,1,Hardened steel contact insert,Hardened steel contact insert,,,"[-5.0, -5.0, -6.0, 5.0, 5.0, 6.0]",False,ENGINEERING DEFINITION - REVIEW BEFORE FABRICATION,M4x0.7 integral6mm spigot into float body; fixture-machine contact height after assembly. | Cone90deg / V90deg / flat establishes a six-constraint coupling. Harden/contact polish; inspect contact blue before force tests.
I_HEAD_BALL_BUTTON_R3,3,Hardened spherical steel contact R3,Hardened spherical steel contact R3,,,"[-3.0, -3.0, -3.0, 3.0, 3.0, 3.7574]",False,ENGINEERING DEFINITION - REVIEW BEFORE FABRICATION,"Custom R3 hemispherical contact, Ø3.8 shank; M3 internal fixing thread. All three identical."
I_HEAD_SEAT_V,1,Hardened steel contact insert,Hardened steel contact insert,,,"[-10.0, -6.0, -6.0, 10.0, 6.0, 6.0]",False,ENGINEERING DEFINITION - REVIEW BEFORE FABRICATION,M4x0.7 integral6mm spigot into float body; fixture-machine contact height after assembly. | Cone90deg / V90deg / flat establishes a six-constraint coupling. Harden/contact polish; inspect contact blue before force tests.
I_HEAD_SEAT_FLAT,1,Hardened steel contact insert,Hardened steel contact insert,,,"[-5.0, -5.0, -6.0, 5.0, 5.0, 3.2426]",False,ENGINEERING DEFINITION - REVIEW BEFORE FABRICATION,M4x0.7 integral6mm spigot into float body; fixture-machine contact height after assembly. | Cone90deg / V90deg / flat establishes a six-constraint coupling. Harden/contact polish; inspect contact blue before force tests.
I_HEAD_RELEASE_PLATE,1,Low carbon steel 1/4in,Low carbon steel 1/4in,,6.35,"[0.0, 0.0, 0.0, 110.0, 97.0, 6.35]",False,ENGINEERING DEFINITION - REVIEW BEFORE FABRICATION,Steel back face is the magnet target. Three kinematic locator buttons fasten from the front. | Keep mating face uncoated/flat; corrosion film and swarf change both retention and repeatability. Clean before seating.
I_STD_M3x7_z_SOCKET,3,"Steel ISO4762 socket screw, nominal thread envelope","Steel ISO4762 socket screw, nominal thread envelope",,,"[-2.75, -2.75, 0.0, 2.75, 2.75, 10.0]",True,PURCHASED ENVELOPE - VERIFY INTERFACE,Specified unknurled socket heads: M3 diameter5.5/height3; M4 diameter7/height4. Enlarged knurled heads require new clearance check. | https://www.accu.co.uk/api/product-datasheet?id=642039
I_HEAD_MAGNET_SPACER_3p8,3,Aluminium,Aluminium,,,"[-10.25, -10.25, 0.0, 10.25, 10.25, 3.8]",False,ENGINEERING DEFINITION - REVIEW BEFORE FABRICATION,"3.8 mm nominal spacer leaves0.2mm magnet-to-target gap. Force qualification requires actual gap, coating and measured lead load."
SUPERMAGNETE_CSN_20,3,Purchased N38 magnet in Q235 cup,Purchased N38 magnet in Q235 cup,,,"[-10.0, -10.0, 0.0, 10.0, 10.0, 6.0]",True,PURCHASED ENVELOPE - VERIFY INTERFACE,"Manufacturer20x6mm, bore4.5 / countersink9.46x2.48;87.3N nominal direct steel pull,80C maximum. | https://www.supermagnete.de/eng/data_sheet_CSN-20.pdf | The catalog direct-contact pull is NOT the release force at this0.2mm gap. Set and record actual force after assembly."
I_STD_M4x16_CSK,3,M4 countersunk steel screw,M4 countersunk steel screw,,,"[-4.48, -4.48, 0.0, 4.48, 4.48, 16.0]",True,PURCHASED ENVELOPE - VERIFY INTERFACE,"ISO10642 M4x16 overall length, head diameter8.96 and height2.48;90deg conservative cone envelope. Supplier countersink diameter9.46 leaves0.25mm radial clearance. | https://www.accu.co.uk/countersunk-socket-head-screws/251236-SSK-M4-16-A2-R360"
I_HEAD_CLAMP_REAR,1,6061-T6 aluminium,6061-T6 aluminium,,,"[0.0, 0.0, 0.0, 90.0, 40.0, 30.0]",False,ENGINEERING DEFINITION - REVIEW BEFORE FABRICATION,FinishØ48 bore across matched assembled halves with0.5mm spacer in split. Rear half attaches through steel release plate. | FourM4 rear attachment taps depth12 usable; twoM4 pinch screws. Pinch torque must be set by actual torch allowable clamp load.
I_HEAD_CLAMP_FRONT,1,6061-T6 aluminium,6061-T6 aluminium,,,"[0.0, -0.0, -0.0, 90.0, 40.0, 30.0]",False,ENGINEERING DEFINITION - REVIEW BEFORE FABRICATION,FinishØ48 bore across matched assembled halves with0.5mm spacer in split. Rear half attaches through steel release plate. | FourM4 rear attachment taps depth12 usable; twoM4 pinch screws. Pinch torque must be set by actual torch allowable clamp load.
I_STD_M4x14_z_SOCKET,4,"Steel ISO4762 socket screw, nominal thread envelope","Steel ISO4762 socket screw, nominal thread envelope",,,"[-3.5, -3.5, 10.0, 3.5, 3.5, 28.0]",True,PURCHASED ENVELOPE - VERIFY INTERFACE,Specified unknurled socket heads: M3 diameter5.5/height3; M4 diameter7/height4. Enlarged knurled heads require new clearance check. | https://www.accu.co.uk/api/product-datasheet?id=151797
I_STD_M4x40_z_SOCKET,2,"Steel ISO4762 socket screw, nominal thread envelope","Steel ISO4762 socket screw, nominal thread envelope",,,"[-3.5, -3.5, 0.0, 3.5, 3.5, 44.0]",True,PURCHASED ENVELOPE - VERIFY INTERFACE,Specified unknurled socket heads: M3 diameter5.5/height3; M4 diameter7/height4. Enlarged knurled heads require new clearance check. | https://www.accu.co.uk/api/product-datasheet?id=151797
I_HEAD_INSERT_REAR,1,Machinable insulating insert blank; grade/temperature verify,Machinable insulating insert blank; grade/temperature verify,,,"[6.0013, -0.0, 6.0, 53.9987, 40.0, 29.75]",True,MEASURED INTERFACE REQUIRED - INDIVIDUAL EXPORT GUARDED,"Default is an unbored physical split blank, not an assumed torch diameter. | Bore only from explicit diameter/roundness/40mm straight-zone record. Actual torch thermal limits and allowed clamp force remain required."
I_HEAD_INSERT_FRONT,1,Machinable insulating insert blank; grade/temperature verify,Machinable insulating insert blank; grade/temperature verify,,,"[6.0013, -0.0, 0.0, 53.9987, 40.0, 23.75]",True,MEASURED INTERFACE REQUIRED - INDIVIDUAL EXPORT GUARDED,"Default is an unbored physical split blank, not an assumed torch diameter. | Bore only from explicit diameter/roundness/40mm straight-zone record. Actual torch thermal limits and allowed clamp force remain required."
I_HEAD_SPLASH_SCREEN,1,304 stainless 1.5mm,304 stainless 1.5mm,,1.5,"[0.0, 0.0, 0.0, 110.0, 60.5, 1.5]",False,ENGINEERING DEFINITION - REVIEW BEFORE FABRICATION,"Flat110x60.5x1.5 screen, Ø50 clearance opening. Weld two separate10x10x1.5 tabs; no unspecified bends. | Does not replace thermal qualification: magnet maximum80C and actual insert/lead temperatures must be measured. No aluminum-water plasma cutting is authorized by this model."
I_HEAD_SPLASH_TAB_5,1,304 stainless 1.5mm,304 stainless 1.5mm,,1.5,"[0.0, 0.0, 0.0, 10.0, 10.0, 1.5]",False,ENGINEERING DEFINITION - REVIEW BEFORE FABRICATION,"Bottom10mm edge welded to screen rear upper edge; local hole at5,6."
I_STD_M3x6_z_SOCKET,8,"Steel ISO4762 socket screw, nominal thread envelope","Steel ISO4762 socket screw, nominal thread envelope",,,"[-2.75, -2.75, 0.0, 2.75, 2.75, 9.0]",True,PURCHASED ENVELOPE - VERIFY INTERFACE,Specified unknurled socket heads: M3 diameter5.5/height3; M4 diameter7/height4. Enlarged knurled heads require new clearance check. | https://www.accu.co.uk/api/product-datasheet?id=642039
I_HEAD_SPLASH_TAB_105,1,304 stainless 1.5mm,304 stainless 1.5mm,,1.5,"[0.0, 0.0, 0.0, 10.0, 10.0, 1.5]",False,ENGINEERING DEFINITION - REVIEW BEFORE FABRICATION,"Bottom10mm edge welded to screen rear upper edge; local hole at5,6."
I_HEAD_FLOAT_CAM,1,Acetal cam,Acetal cam,,,"[0.0, -0.0, 0.0, 22.0, 32.0, 16.0]",False,ENGINEERING DEFINITION - REVIEW BEFORE FABRICATION,Pin mount datum39.5; conservative2.2mm pin has lowest contact edge atY111.55. Ramp crosses real switch range at1.0..1.65mm float. | Dwell maintains6.1mm normal position from the datum through remaining travel; TTPmax5.1 leaves1mm mechanical reserve. | Probe initially at1mm/s and calibrate actual offset and stopping distance. Cam clears a defined corner relief in the release plate.
I_STD_M3x10_z_SOCKET,4,"Steel ISO4762 socket screw, nominal thread envelope","Steel ISO4762 socket screw, nominal thread envelope",,,"[-2.75, -2.75, 0.0, 2.75, 2.75, 13.0]",True,PURCHASED ENVELOPE - VERIFY INTERFACE,Specified unknurled socket heads: M3 diameter5.5/height3; M4 diameter7/height4. Enlarged knurled heads require new clearance check. | https://www.accu.co.uk/api/product-datasheet?id=642039
OMRON_D2HW_C202MR,1,Omron sealed switch mating envelope,Omron sealed switch mating envelope,,,"[0.0, -1.5, 0.0, 18.5, 6.8, 6.5]",True,PURCHASED ENVELOPE - VERIFY INTERFACE,"https://omronfs.omron.com/en_US/ecb/products/pdf/en-d2hw.pdf | 18.5x5.3x6.5 conservative case; M3mount centers13mm. Locating postØ3 projects1.5. | Pin-plunger operating position6.4±0.2 from mount datum; FPmax7.2 / TTPmax5.1. IP67 body, protect unsealed lead ends."
I_SWITCH_PLUNGER_FLOAT_SWITCH,1,Switch plunger kinematic envelope,Switch plunger kinematic envelope,,,"[-1.1, -1.1, 0.0, 1.1, 1.1, 4.2]",True,PURCHASED ENVELOPE - VERIFY INTERFACE,
I_HEAD_FLOAT_SWITCH_BRACKET,1,6061-T6 aluminium machined L bracket,6061-T6 aluminium machined L bracket,,,"[0.0, -0.0, 0.0, 26.0, 14.0, 8.0]",False,ENGINEERING DEFINITION - REVIEW BEFORE FABRICATION,Upper mounting face faces the switch.13mm M3/post centers; foot supports from upper guide crossbar front.
I_STD_M3x10_y_SOCKET,4,"Steel ISO4762 socket screw, nominal thread envelope","Steel ISO4762 socket screw, nominal thread envelope",,,"[-2.75, -3.0, -2.75, 2.75, 10.0, 2.75]",True,PURCHASED ENVELOPE - VERIFY INTERFACE,Specified unknurled socket heads: M3 diameter5.5/height3; M4 diameter7/height4. Enlarged knurled heads require new clearance check. | https://www.accu.co.uk/api/product-datasheet?id=642039
I_HEAD_FLOAT_SWITCH_FOOT_SPACER_0,1,Aluminium spacer,Aluminium spacer,,,"[-3.0, -3.0, 0.0, 3.0, 3.0, 0.775]",False,ENGINEERING DEFINITION - REVIEW BEFORE FABRICATION,
I_STD_M3x8_z_SOCKET,2,"Steel ISO4762 socket screw, nominal thread envelope","Steel ISO4762 socket screw, nominal thread envelope",,,"[-2.75, -2.75, 0.0, 2.75, 2.75, 11.0]",True,PURCHASED ENVELOPE - VERIFY INTERFACE,Specified unknurled socket heads: M3 diameter5.5/height3; M4 diameter7/height4. Enlarged knurled heads require new clearance check. | https://www.accu.co.uk/api/product-datasheet?id=642039
I_HEAD_FLOAT_SWITCH_FOOT_SPACER_1,1,Aluminium spacer,Aluminium spacer,,,"[-3.0, -3.0, 0.0, 3.0, 3.0, 0.775]",False,ENGINEERING DEFINITION - REVIEW BEFORE FABRICATION,
OMRON_D2HW_C203MR,3,Omron sealed switch mating envelope,Omron sealed switch mating envelope,,,"[0.0, -1.5, 0.0, 18.5, 6.8, 6.5]",True,PURCHASED ENVELOPE - VERIFY INTERFACE,"https://omronfs.omron.com/en_US/ecb/products/pdf/en-d2hw.pdf | 18.5x5.3x6.5 conservative case; M3mount centers13mm. Locating postØ3 projects1.5. | Pin-plunger operating position6.4±0.2 from mount datum; FPmax7.2 / TTPmax5.1. IP67 body, protect unsealed lead ends."
I_SWITCH_PLUNGER_PRESENCE_LEFT,1,Switch plunger kinematic envelope,Switch plunger kinematic envelope,,,"[-1.1, -1.1, 0.0, 1.1, 1.1, 2.8]",True,PURCHASED ENVELOPE - VERIFY INTERFACE,
I_HEAD_PRESENCE_LEFT_BRACKET,1,6061-T6 aluminium machined L bracket,6061-T6 aluminium machined L bracket,,,"[0.0, 0.0, 0.0, 26.0, 14.0, 8.0]",False,ENGINEERING DEFINITION - REVIEW BEFORE FABRICATION,"6mm thick upright tappedM3; Ø3.05 locating pocket and screw centers13.0. TwoM3 feet fasten into supporting plate/body. | Locating post pocket is clearance in this envelope; fit switch and set trip using measured shim stack, then record installed actuation."
I_SWITCH_PLUNGER_PRESENCE_RIGHT,1,Switch plunger kinematic envelope,Switch plunger kinematic envelope,,,"[-1.1, -1.1, 0.0, 1.1, 1.1, 2.8]",True,PURCHASED ENVELOPE - VERIFY INTERFACE,
I_HEAD_PRESENCE_RIGHT_BRACKET,1,6061-T6 aluminium machined L bracket,6061-T6 aluminium machined L bracket,,,"[0.0, 0.0, 0.0, 26.0, 14.0, 8.0]",False,ENGINEERING DEFINITION - REVIEW BEFORE FABRICATION,"6mm thick upright tappedM3; Ø3.05 locating pocket and screw centers13.0. TwoM3 feet fasten into supporting plate/body. | Locating post pocket is clearance in this envelope; fit switch and set trip using measured shim stack, then record installed actuation."
I_SWITCH_PLUNGER_PRESENCE_TOP,1,Switch plunger kinematic envelope,Switch plunger kinematic envelope,,,"[-1.1, -1.1, 0.0, 1.1, 1.1, 2.8]",True,PURCHASED ENVELOPE - VERIFY INTERFACE,
I_HEAD_PRESENCE_TOP_BRACKET,1,6061-T6 aluminium machined L bracket,6061-T6 aluminium machined L bracket,,,"[0.0, 0.0, 0.0, 36.0, 14.0, 8.0]",False,ENGINEERING DEFINITION - REVIEW BEFORE FABRICATION,"6mm thick upright tappedM3; Ø3.05 locating pocket and screw centers13.0. TwoM3 feet fasten into supporting plate/body. | Locating post pocket is clearance in this envelope; fit switch and set trip using measured shim stack, then record installed actuation."
I_HEAD_LEAD_SADDLE,1,Aluminium fixed lead saddle,Aluminium fixed lead saddle,,,"[0.0, 0.0, 0.0, 32.0, 12.0, 15.0]",False,ENGINEERING DEFINITION - REVIEW BEFORE FABRICATION,"Open saddle accepts reusable insulated strap up to20mm wide. Fixed upper-crossbar attachment takes supply-lead drag off floating carriage. | Actual lead OD, minimum bend radius, slack loop and strap selection remain measurement inputs. No unmeasured cable is modeled."
I_HEAD_TETHER_EYE_FIXED,1,6061-T6 aluminium eye block,6061-T6 aluminium eye block,,,"[0.0, 0.0, 0.0, 12.0, 16.0, 12.0]",False,ENGINEERING DEFINITION - REVIEW BEFORE FABRICATION,Separate4mm tether passage and4.5mm screw clearance. Fit rated nonconductive tether with enough slack for6mm float/8mm normal release; qualify arrest load.
I_HEAD_TETHER_EYE_RELEASE,1,6061-T6 aluminium eye block,6061-T6 aluminium eye block,,,"[0.0, -0.0, 0.0, 16.0, 12.0, 12.0]",False,ENGINEERING DEFINITION - REVIEW BEFORE FABRICATION,Separate4mm tether passage and4.5mm screw clearance. Fit rated nonconductive tether with enough slack for6mm float/8mm normal release; qualify arrest load.
I_HEAD_PARK_FOOT_1,1,Low carbon steel 1/4in,Low carbon steel 1/4in,,6.35,"[0.0, 0.0, 0.0, 40.0, 30.0, 6.35]",False,ENGINEERING DEFINITION - REVIEW BEFORE FABRICATION,Four10mm-long3mm fillet welds at separated corners onto equipment lid. Coat and leak-test after fabrication. | M5x0.8 through tap in first two feet; bottom screw tip remains0.525mm above lid. Third foot is a support only.
I_HEAD_PARK_PAD_1,1,Machined steel support pad,Machined steel support pad,,,"[-6.0, -6.0, 0.0, 6.0, 6.0, 2.65]",False,ENGINEERING DEFINITION - REVIEW BEFORE FABRICATION,Machine3mm stock to2.65mm. Two small edge welds retain pad to its foot; keep weld below the top datum. Confirm support coplanarity and screw tip clearance after welding.
I_STD_M5x18_SOCKET,2,M5x18 steel socket screw,M5x18 steel socket screw,,,"[-4.25, -4.25, 0.0, 4.25, 4.25, 23.0]",True,PURCHASED ENVELOPE - VERIFY INTERFACE,
I_HEAD_PARK_FOOT_2,1,Low carbon steel 1/4in,Low carbon steel 1/4in,,6.35,"[0.0, 0.0, 0.0, 40.0, 30.0, 6.35]",False,ENGINEERING DEFINITION - REVIEW BEFORE FABRICATION,Four10mm-long3mm fillet welds at separated corners onto equipment lid. Coat and leak-test after fabrication. | M5x0.8 through tap in first two feet; bottom screw tip remains0.525mm above lid. Third foot is a support only.
I_HEAD_PARK_PAD_2,1,Machined steel support pad,Machined steel support pad,,,"[-6.0, -6.0, 0.0, 6.0, 6.0, 2.65]",False,ENGINEERING DEFINITION - REVIEW BEFORE FABRICATION,Machine3mm stock to2.65mm. Two small edge welds retain pad to its foot; keep weld below the top datum. Confirm support coplanarity and screw tip clearance after welding.
I_HEAD_PARK_FOOT_3,1,Low carbon steel 1/4in,Low carbon steel 1/4in,,6.35,"[0.0, 0.0, 0.0, 40.0, 30.0, 6.35]",False,ENGINEERING DEFINITION - REVIEW BEFORE FABRICATION,Four10mm-long3mm fillet welds at separated corners onto equipment lid. Coat and leak-test after fabrication. | M5x0.8 through tap in first two feet; bottom screw tip remains0.525mm above lid. Third foot is a support only.
I_HEAD_PARK_PAD_3,1,Machined steel support pad,Machined steel support pad,,,"[-6.0, -6.0, 0.0, 6.0, 6.0, 2.65]",False,ENGINEERING DEFINITION - REVIEW BEFORE FABRICATION,Machine3mm stock to2.65mm. Two small edge welds retain pad to its foot; keep weld below the top datum. Confirm support coplanarity and screw tip clearance after welding.
I_STD_M6x16_SOCKET,4,M6x16 steel socket screw,M6x16 steel socket screw,,,"[-5.1, -5.1, 0.0, 5.1, 5.1, 22.0]",True,PURCHASED ENVELOPE - VERIFY INTERFACE,"New plasma-head mount screw:16mm under-head length,9.3mm engagement after6.7mm adapter web. Do not substitute the router20mm screw."
