ISO-10303-21;
HEADER;
FILE_DESCRIPTION(('Open CASCADE Model'),'2;1');
FILE_NAME('Open CASCADE Shape Model','2026-09-26T14:24:05',('Author'),(
    'Open CASCADE'),'Open CASCADE STEP processor 7.8','Open CASCADE 7.8'
  ,'Unknown');
FILE_SCHEMA(('AUTOMOTIVE_DESIGN { 1 0 10303 214 1 1 1 1 }'));
ENDSEC;
DATA;
#1 = APPLICATION_PROTOCOL_DEFINITION('international standard',
  'automotive_design',2000,#2);
#2 = APPLICATION_CONTEXT(
  'core data for automotive mechanical design processes');
#3 = SHAPE_DEFINITION_REPRESENTATION(#4,#10);
#4 = PRODUCT_DEFINITION_SHAPE('','',#5);
#5 = PRODUCT_DEFINITION('design','',#6,#9);
#6 = PRODUCT_DEFINITION_FORMATION('','',#7);
#7 = PRODUCT('Open CASCADE STEP translator 7.8 133',
  'Open CASCADE STEP translator 7.8 133','',(#8));
#8 = PRODUCT_CONTEXT('',#2,'mechanical');
#9 = PRODUCT_DEFINITION_CONTEXT('part definition',#2,'design');
#10 = ADVANCED_BREP_SHAPE_REPRESENTATION('',(#11,#15),#2133);
#11 = AXIS2_PLACEMENT_3D('',#12,#13,#14);
#12 = CARTESIAN_POINT('',(0.,0.,0.));
#13 = DIRECTION('',(0.,0.,1.));
#14 = DIRECTION('',(1.,0.,-0.));
#15 = MANIFOLD_SOLID_BREP('',#16);
#16 = CLOSED_SHELL('',(#17,#251,#467,#726,#845,#1012,#1143,#1312,#1541,
    #1688,#1701,#1728,#1755,#1782,#1809,#1836,#1863,#1890,#1917,#1944,
    #1971,#1998,#2025,#2052,#2079,#2106));
#17 = ADVANCED_FACE('',(#18,#137),#32,.F.);
#18 = FACE_BOUND('',#19,.F.);
#19 = EDGE_LOOP('',(#20,#55,#83,#111));
#20 = ORIENTED_EDGE('',*,*,#21,.F.);
#21 = EDGE_CURVE('',#22,#24,#26,.T.);
#22 = VERTEX_POINT('',#23);
#23 = CARTESIAN_POINT('',(0.,0.,0.));
#24 = VERTEX_POINT('',#25);
#25 = CARTESIAN_POINT('',(0.,0.,50.8));
#26 = SURFACE_CURVE('',#27,(#31,#43),.PCURVE_S1.);
#27 = LINE('',#28,#29);
#28 = CARTESIAN_POINT('',(0.,0.,0.));
#29 = VECTOR('',#30,1.);
#30 = DIRECTION('',(0.,0.,1.));
#31 = PCURVE('',#32,#37);
#32 = PLANE('',#33);
#33 = AXIS2_PLACEMENT_3D('',#34,#35,#36);
#34 = CARTESIAN_POINT('',(0.,0.,0.));
#35 = DIRECTION('',(1.,0.,0.));
#36 = DIRECTION('',(0.,0.,1.));
#37 = DEFINITIONAL_REPRESENTATION('',(#38),#42);
#38 = LINE('',#39,#40);
#39 = CARTESIAN_POINT('',(0.,0.));
#40 = VECTOR('',#41,1.);
#41 = DIRECTION('',(1.,0.));
#42 = ( GEOMETRIC_REPRESENTATION_CONTEXT(2) 
PARAMETRIC_REPRESENTATION_CONTEXT() REPRESENTATION_CONTEXT('2D SPACE',''
  ) );
#43 = PCURVE('',#44,#49);
#44 = PLANE('',#45);
#45 = AXIS2_PLACEMENT_3D('',#46,#47,#48);
#46 = CARTESIAN_POINT('',(0.,0.,0.));
#47 = DIRECTION('',(0.,1.,0.));
#48 = DIRECTION('',(0.,0.,1.));
#49 = DEFINITIONAL_REPRESENTATION('',(#50),#54);
#50 = LINE('',#51,#52);
#51 = CARTESIAN_POINT('',(0.,0.));
#52 = VECTOR('',#53,1.);
#53 = DIRECTION('',(1.,0.));
#54 = ( GEOMETRIC_REPRESENTATION_CONTEXT(2) 
PARAMETRIC_REPRESENTATION_CONTEXT() REPRESENTATION_CONTEXT('2D SPACE',''
  ) );
#55 = ORIENTED_EDGE('',*,*,#56,.T.);
#56 = EDGE_CURVE('',#22,#57,#59,.T.);
#57 = VERTEX_POINT('',#58);
#58 = CARTESIAN_POINT('',(0.,50.8,0.));
#59 = SURFACE_CURVE('',#60,(#64,#71),.PCURVE_S1.);
#60 = LINE('',#61,#62);
#61 = CARTESIAN_POINT('',(0.,0.,0.));
#62 = VECTOR('',#63,1.);
#63 = DIRECTION('',(0.,1.,0.));
#64 = PCURVE('',#32,#65);
#65 = DEFINITIONAL_REPRESENTATION('',(#66),#70);
#66 = LINE('',#67,#68);
#67 = CARTESIAN_POINT('',(0.,0.));
#68 = VECTOR('',#69,1.);
#69 = DIRECTION('',(0.,-1.));
#70 = ( GEOMETRIC_REPRESENTATION_CONTEXT(2) 
PARAMETRIC_REPRESENTATION_CONTEXT() REPRESENTATION_CONTEXT('2D SPACE',''
  ) );
#71 = PCURVE('',#72,#77);
#72 = PLANE('',#73);
#73 = AXIS2_PLACEMENT_3D('',#74,#75,#76);
#74 = CARTESIAN_POINT('',(0.,0.,0.));
#75 = DIRECTION('',(0.,0.,1.));
#76 = DIRECTION('',(1.,0.,0.));
#77 = DEFINITIONAL_REPRESENTATION('',(#78),#82);
#78 = LINE('',#79,#80);
#79 = CARTESIAN_POINT('',(0.,0.));
#80 = VECTOR('',#81,1.);
#81 = DIRECTION('',(0.,1.));
#82 = ( GEOMETRIC_REPRESENTATION_CONTEXT(2) 
PARAMETRIC_REPRESENTATION_CONTEXT() REPRESENTATION_CONTEXT('2D SPACE',''
  ) );
#83 = ORIENTED_EDGE('',*,*,#84,.T.);
#84 = EDGE_CURVE('',#57,#85,#87,.T.);
#85 = VERTEX_POINT('',#86);
#86 = CARTESIAN_POINT('',(0.,50.8,50.8));
#87 = SURFACE_CURVE('',#88,(#92,#99),.PCURVE_S1.);
#88 = LINE('',#89,#90);
#89 = CARTESIAN_POINT('',(0.,50.8,0.));
#90 = VECTOR('',#91,1.);
#91 = DIRECTION('',(0.,0.,1.));
#92 = PCURVE('',#32,#93);
#93 = DEFINITIONAL_REPRESENTATION('',(#94),#98);
#94 = LINE('',#95,#96);
#95 = CARTESIAN_POINT('',(0.,-50.8));
#96 = VECTOR('',#97,1.);
#97 = DIRECTION('',(1.,0.));
#98 = ( GEOMETRIC_REPRESENTATION_CONTEXT(2) 
PARAMETRIC_REPRESENTATION_CONTEXT() REPRESENTATION_CONTEXT('2D SPACE',''
  ) );
#99 = PCURVE('',#100,#105);
#100 = PLANE('',#101);
#101 = AXIS2_PLACEMENT_3D('',#102,#103,#104);
#102 = CARTESIAN_POINT('',(0.,50.8,0.));
#103 = DIRECTION('',(0.,1.,0.));
#104 = DIRECTION('',(0.,0.,1.));
#105 = DEFINITIONAL_REPRESENTATION('',(#106),#110);
#106 = LINE('',#107,#108);
#107 = CARTESIAN_POINT('',(0.,0.));
#108 = VECTOR('',#109,1.);
#109 = DIRECTION('',(1.,0.));
#110 = ( GEOMETRIC_REPRESENTATION_CONTEXT(2) 
PARAMETRIC_REPRESENTATION_CONTEXT() REPRESENTATION_CONTEXT('2D SPACE',''
  ) );
#111 = ORIENTED_EDGE('',*,*,#112,.F.);
#112 = EDGE_CURVE('',#24,#85,#113,.T.);
#113 = SURFACE_CURVE('',#114,(#118,#125),.PCURVE_S1.);
#114 = LINE('',#115,#116);
#115 = CARTESIAN_POINT('',(0.,0.,50.8));
#116 = VECTOR('',#117,1.);
#117 = DIRECTION('',(0.,1.,0.));
#118 = PCURVE('',#32,#119);
#119 = DEFINITIONAL_REPRESENTATION('',(#120),#124);
#120 = LINE('',#121,#122);
#121 = CARTESIAN_POINT('',(50.8,0.));
#122 = VECTOR('',#123,1.);
#123 = DIRECTION('',(0.,-1.));
#124 = ( GEOMETRIC_REPRESENTATION_CONTEXT(2) 
PARAMETRIC_REPRESENTATION_CONTEXT() REPRESENTATION_CONTEXT('2D SPACE',''
  ) );
#125 = PCURVE('',#126,#131);
#126 = PLANE('',#127);
#127 = AXIS2_PLACEMENT_3D('',#128,#129,#130);
#128 = CARTESIAN_POINT('',(0.,0.,50.8));
#129 = DIRECTION('',(0.,0.,1.));
#130 = DIRECTION('',(1.,0.,0.));
#131 = DEFINITIONAL_REPRESENTATION('',(#132),#136);
#132 = LINE('',#133,#134);
#133 = CARTESIAN_POINT('',(0.,0.));
#134 = VECTOR('',#135,1.);
#135 = DIRECTION('',(0.,1.));
#136 = ( GEOMETRIC_REPRESENTATION_CONTEXT(2) 
PARAMETRIC_REPRESENTATION_CONTEXT() REPRESENTATION_CONTEXT('2D SPACE',''
  ) );
#137 = FACE_BOUND('',#138,.F.);
#138 = EDGE_LOOP('',(#139,#169,#197,#225));
#139 = ORIENTED_EDGE('',*,*,#140,.T.);
#140 = EDGE_CURVE('',#141,#143,#145,.T.);
#141 = VERTEX_POINT('',#142);
#142 = CARTESIAN_POINT('',(0.,47.752,3.048));
#143 = VERTEX_POINT('',#144);
#144 = CARTESIAN_POINT('',(0.,3.048,3.048));
#145 = SURFACE_CURVE('',#146,(#150,#157),.PCURVE_S1.);
#146 = LINE('',#147,#148);
#147 = CARTESIAN_POINT('',(0.,1.524,3.048));
#148 = VECTOR('',#149,1.);
#149 = DIRECTION('',(0.,-1.,0.));
#150 = PCURVE('',#32,#151);
#151 = DEFINITIONAL_REPRESENTATION('',(#152),#156);
#152 = LINE('',#153,#154);
#153 = CARTESIAN_POINT('',(3.048,-1.524));
#154 = VECTOR('',#155,1.);
#155 = DIRECTION('',(0.,1.));
#156 = ( GEOMETRIC_REPRESENTATION_CONTEXT(2) 
PARAMETRIC_REPRESENTATION_CONTEXT() REPRESENTATION_CONTEXT('2D SPACE',''
  ) );
#157 = PCURVE('',#158,#163);
#158 = PLANE('',#159);
#159 = AXIS2_PLACEMENT_3D('',#160,#161,#162);
#160 = CARTESIAN_POINT('',(-1.,3.048,3.048));
#161 = DIRECTION('',(0.,0.,1.));
#162 = DIRECTION('',(1.,0.,0.));
#163 = DEFINITIONAL_REPRESENTATION('',(#164),#168);
#164 = LINE('',#165,#166);
#165 = CARTESIAN_POINT('',(1.,-1.524));
#166 = VECTOR('',#167,1.);
#167 = DIRECTION('',(0.,-1.));
#168 = ( GEOMETRIC_REPRESENTATION_CONTEXT(2) 
PARAMETRIC_REPRESENTATION_CONTEXT() REPRESENTATION_CONTEXT('2D SPACE',''
  ) );
#169 = ORIENTED_EDGE('',*,*,#170,.T.);
#170 = EDGE_CURVE('',#143,#171,#173,.T.);
#171 = VERTEX_POINT('',#172);
#172 = CARTESIAN_POINT('',(0.,3.048,47.752));
#173 = SURFACE_CURVE('',#174,(#178,#185),.PCURVE_S1.);
#174 = LINE('',#175,#176);
#175 = CARTESIAN_POINT('',(0.,3.048,1.524));
#176 = VECTOR('',#177,1.);
#177 = DIRECTION('',(0.,0.,1.));
#178 = PCURVE('',#32,#179);
#179 = DEFINITIONAL_REPRESENTATION('',(#180),#184);
#180 = LINE('',#181,#182);
#181 = CARTESIAN_POINT('',(1.524,-3.048));
#182 = VECTOR('',#183,1.);
#183 = DIRECTION('',(1.,0.));
#184 = ( GEOMETRIC_REPRESENTATION_CONTEXT(2) 
PARAMETRIC_REPRESENTATION_CONTEXT() REPRESENTATION_CONTEXT('2D SPACE',''
  ) );
#185 = PCURVE('',#186,#191);
#186 = PLANE('',#187);
#187 = AXIS2_PLACEMENT_3D('',#188,#189,#190);
#188 = CARTESIAN_POINT('',(-1.,3.048,3.048));
#189 = DIRECTION('',(0.,1.,0.));
#190 = DIRECTION('',(0.,0.,1.));
#191 = DEFINITIONAL_REPRESENTATION('',(#192),#196);
#192 = LINE('',#193,#194);
#193 = CARTESIAN_POINT('',(-1.524,1.));
#194 = VECTOR('',#195,1.);
#195 = DIRECTION('',(1.,0.));
#196 = ( GEOMETRIC_REPRESENTATION_CONTEXT(2) 
PARAMETRIC_REPRESENTATION_CONTEXT() REPRESENTATION_CONTEXT('2D SPACE',''
  ) );
#197 = ORIENTED_EDGE('',*,*,#198,.F.);
#198 = EDGE_CURVE('',#199,#171,#201,.T.);
#199 = VERTEX_POINT('',#200);
#200 = CARTESIAN_POINT('',(0.,47.752,47.752));
#201 = SURFACE_CURVE('',#202,(#206,#213),.PCURVE_S1.);
#202 = LINE('',#203,#204);
#203 = CARTESIAN_POINT('',(0.,1.524,47.752));
#204 = VECTOR('',#205,1.);
#205 = DIRECTION('',(0.,-1.,0.));
#206 = PCURVE('',#32,#207);
#207 = DEFINITIONAL_REPRESENTATION('',(#208),#212);
#208 = LINE('',#209,#210);
#209 = CARTESIAN_POINT('',(47.752,-1.524));
#210 = VECTOR('',#211,1.);
#211 = DIRECTION('',(0.,1.));
#212 = ( GEOMETRIC_REPRESENTATION_CONTEXT(2) 
PARAMETRIC_REPRESENTATION_CONTEXT() REPRESENTATION_CONTEXT('2D SPACE',''
  ) );
#213 = PCURVE('',#214,#219);
#214 = PLANE('',#215);
#215 = AXIS2_PLACEMENT_3D('',#216,#217,#218);
#216 = CARTESIAN_POINT('',(-1.,3.048,47.752));
#217 = DIRECTION('',(0.,0.,1.));
#218 = DIRECTION('',(1.,0.,0.));
#219 = DEFINITIONAL_REPRESENTATION('',(#220),#224);
#220 = LINE('',#221,#222);
#221 = CARTESIAN_POINT('',(1.,-1.524));
#222 = VECTOR('',#223,1.);
#223 = DIRECTION('',(0.,-1.));
#224 = ( GEOMETRIC_REPRESENTATION_CONTEXT(2) 
PARAMETRIC_REPRESENTATION_CONTEXT() REPRESENTATION_CONTEXT('2D SPACE',''
  ) );
#225 = ORIENTED_EDGE('',*,*,#226,.F.);
#226 = EDGE_CURVE('',#141,#199,#227,.T.);
#227 = SURFACE_CURVE('',#228,(#232,#239),.PCURVE_S1.);
#228 = LINE('',#229,#230);
#229 = CARTESIAN_POINT('',(0.,47.752,1.524));
#230 = VECTOR('',#231,1.);
#231 = DIRECTION('',(0.,0.,1.));
#232 = PCURVE('',#32,#233);
#233 = DEFINITIONAL_REPRESENTATION('',(#234),#238);
#234 = LINE('',#235,#236);
#235 = CARTESIAN_POINT('',(1.524,-47.752));
#236 = VECTOR('',#237,1.);
#237 = DIRECTION('',(1.,0.));
#238 = ( GEOMETRIC_REPRESENTATION_CONTEXT(2) 
PARAMETRIC_REPRESENTATION_CONTEXT() REPRESENTATION_CONTEXT('2D SPACE',''
  ) );
#239 = PCURVE('',#240,#245);
#240 = PLANE('',#241);
#241 = AXIS2_PLACEMENT_3D('',#242,#243,#244);
#242 = CARTESIAN_POINT('',(-1.,47.752,3.048));
#243 = DIRECTION('',(0.,1.,0.));
#244 = DIRECTION('',(0.,0.,1.));
#245 = DEFINITIONAL_REPRESENTATION('',(#246),#250);
#246 = LINE('',#247,#248);
#247 = CARTESIAN_POINT('',(-1.524,1.));
#248 = VECTOR('',#249,1.);
#249 = DIRECTION('',(1.,0.));
#250 = ( GEOMETRIC_REPRESENTATION_CONTEXT(2) 
PARAMETRIC_REPRESENTATION_CONTEXT() REPRESENTATION_CONTEXT('2D SPACE',''
  ) );
#251 = ADVANCED_FACE('',(#252,#327,#362,#397,#432),#44,.F.);
#252 = FACE_BOUND('',#253,.F.);
#253 = EDGE_LOOP('',(#254,#277,#278,#301));
#254 = ORIENTED_EDGE('',*,*,#255,.F.);
#255 = EDGE_CURVE('',#22,#256,#258,.T.);
#256 = VERTEX_POINT('',#257);
#257 = CARTESIAN_POINT('',(924.,0.,0.));
#258 = SURFACE_CURVE('',#259,(#263,#270),.PCURVE_S1.);
#259 = LINE('',#260,#261);
#260 = CARTESIAN_POINT('',(0.,0.,0.));
#261 = VECTOR('',#262,1.);
#262 = DIRECTION('',(1.,0.,0.));
#263 = PCURVE('',#44,#264);
#264 = DEFINITIONAL_REPRESENTATION('',(#265),#269);
#265 = LINE('',#266,#267);
#266 = CARTESIAN_POINT('',(0.,0.));
#267 = VECTOR('',#268,1.);
#268 = DIRECTION('',(0.,1.));
#269 = ( GEOMETRIC_REPRESENTATION_CONTEXT(2) 
PARAMETRIC_REPRESENTATION_CONTEXT() REPRESENTATION_CONTEXT('2D SPACE',''
  ) );
#270 = PCURVE('',#72,#271);
#271 = DEFINITIONAL_REPRESENTATION('',(#272),#276);
#272 = LINE('',#273,#274);
#273 = CARTESIAN_POINT('',(0.,0.));
#274 = VECTOR('',#275,1.);
#275 = DIRECTION('',(1.,0.));
#276 = ( GEOMETRIC_REPRESENTATION_CONTEXT(2) 
PARAMETRIC_REPRESENTATION_CONTEXT() REPRESENTATION_CONTEXT('2D SPACE',''
  ) );
#277 = ORIENTED_EDGE('',*,*,#21,.T.);
#278 = ORIENTED_EDGE('',*,*,#279,.T.);
#279 = EDGE_CURVE('',#24,#280,#282,.T.);
#280 = VERTEX_POINT('',#281);
#281 = CARTESIAN_POINT('',(924.,0.,50.8));
#282 = SURFACE_CURVE('',#283,(#287,#294),.PCURVE_S1.);
#283 = LINE('',#284,#285);
#284 = CARTESIAN_POINT('',(0.,0.,50.8));
#285 = VECTOR('',#286,1.);
#286 = DIRECTION('',(1.,0.,0.));
#287 = PCURVE('',#44,#288);
#288 = DEFINITIONAL_REPRESENTATION('',(#289),#293);
#289 = LINE('',#290,#291);
#290 = CARTESIAN_POINT('',(50.8,0.));
#291 = VECTOR('',#292,1.);
#292 = DIRECTION('',(0.,1.));
#293 = ( GEOMETRIC_REPRESENTATION_CONTEXT(2) 
PARAMETRIC_REPRESENTATION_CONTEXT() REPRESENTATION_CONTEXT('2D SPACE',''
  ) );
#294 = PCURVE('',#126,#295);
#295 = DEFINITIONAL_REPRESENTATION('',(#296),#300);
#296 = LINE('',#297,#298);
#297 = CARTESIAN_POINT('',(0.,0.));
#298 = VECTOR('',#299,1.);
#299 = DIRECTION('',(1.,0.));
#300 = ( GEOMETRIC_REPRESENTATION_CONTEXT(2) 
PARAMETRIC_REPRESENTATION_CONTEXT() REPRESENTATION_CONTEXT('2D SPACE',''
  ) );
#301 = ORIENTED_EDGE('',*,*,#302,.F.);
#302 = EDGE_CURVE('',#256,#280,#303,.T.);
#303 = SURFACE_CURVE('',#304,(#308,#315),.PCURVE_S1.);
#304 = LINE('',#305,#306);
#305 = CARTESIAN_POINT('',(924.,0.,0.));
#306 = VECTOR('',#307,1.);
#307 = DIRECTION('',(0.,0.,1.));
#308 = PCURVE('',#44,#309);
#309 = DEFINITIONAL_REPRESENTATION('',(#310),#314);
#310 = LINE('',#311,#312);
#311 = CARTESIAN_POINT('',(0.,924.));
#312 = VECTOR('',#313,1.);
#313 = DIRECTION('',(1.,0.));
#314 = ( GEOMETRIC_REPRESENTATION_CONTEXT(2) 
PARAMETRIC_REPRESENTATION_CONTEXT() REPRESENTATION_CONTEXT('2D SPACE',''
  ) );
#315 = PCURVE('',#316,#321);
#316 = PLANE('',#317);
#317 = AXIS2_PLACEMENT_3D('',#318,#319,#320);
#318 = CARTESIAN_POINT('',(924.,0.,0.));
#319 = DIRECTION('',(1.,0.,0.));
#320 = DIRECTION('',(0.,0.,1.));
#321 = DEFINITIONAL_REPRESENTATION('',(#322),#326);
#322 = LINE('',#323,#324);
#323 = CARTESIAN_POINT('',(0.,0.));
#324 = VECTOR('',#325,1.);
#325 = DIRECTION('',(1.,0.));
#326 = ( GEOMETRIC_REPRESENTATION_CONTEXT(2) 
PARAMETRIC_REPRESENTATION_CONTEXT() REPRESENTATION_CONTEXT('2D SPACE',''
  ) );
#327 = FACE_BOUND('',#328,.F.);
#328 = EDGE_LOOP('',(#329));
#329 = ORIENTED_EDGE('',*,*,#330,.T.);
#330 = EDGE_CURVE('',#331,#331,#333,.T.);
#331 = VERTEX_POINT('',#332);
#332 = CARTESIAN_POINT('',(15.,0.,25.4));
#333 = SURFACE_CURVE('',#334,(#339,#350),.PCURVE_S1.);
#334 = CIRCLE('',#335,5.);
#335 = AXIS2_PLACEMENT_3D('',#336,#337,#338);
#336 = CARTESIAN_POINT('',(10.,0.,25.4));
#337 = DIRECTION('',(0.,-1.,0.));
#338 = DIRECTION('',(1.,0.,0.));
#339 = PCURVE('',#44,#340);
#340 = DEFINITIONAL_REPRESENTATION('',(#341),#349);
#341 = ( BOUNDED_CURVE() B_SPLINE_CURVE(2,(#342,#343,#344,#345,#346,#347
,#348),.UNSPECIFIED.,.T.,.F.) B_SPLINE_CURVE_WITH_KNOTS((1,2,2,2,2,1),(
    -2.094395102393,0.,2.094395102393,4.188790204786,6.28318530718,
8.377580409573),.UNSPECIFIED.) CURVE() GEOMETRIC_REPRESENTATION_ITEM() 
RATIONAL_B_SPLINE_CURVE((1.,0.5,1.,0.5,1.,0.5,1.)) REPRESENTATION_ITEM(
  '') );
#342 = CARTESIAN_POINT('',(25.4,15.));
#343 = CARTESIAN_POINT('',(34.060254037844,15.));
#344 = CARTESIAN_POINT('',(29.730127018922,7.5));
#345 = CARTESIAN_POINT('',(25.4,1.7763568394E-15));
#346 = CARTESIAN_POINT('',(21.069872981078,7.5));
#347 = CARTESIAN_POINT('',(16.739745962156,15.));
#348 = CARTESIAN_POINT('',(25.4,15.));
#349 = ( GEOMETRIC_REPRESENTATION_CONTEXT(2) 
PARAMETRIC_REPRESENTATION_CONTEXT() REPRESENTATION_CONTEXT('2D SPACE',''
  ) );
#350 = PCURVE('',#351,#356);
#351 = CYLINDRICAL_SURFACE('',#352,5.);
#352 = AXIS2_PLACEMENT_3D('',#353,#354,#355);
#353 = CARTESIAN_POINT('',(10.,-1.,25.4));
#354 = DIRECTION('',(0.,-1.,0.));
#355 = DIRECTION('',(1.,0.,0.));
#356 = DEFINITIONAL_REPRESENTATION('',(#357),#361);
#357 = LINE('',#358,#359);
#358 = CARTESIAN_POINT('',(-6.28318530718,-1.));
#359 = VECTOR('',#360,1.);
#360 = DIRECTION('',(1.,-0.));
#361 = ( GEOMETRIC_REPRESENTATION_CONTEXT(2) 
PARAMETRIC_REPRESENTATION_CONTEXT() REPRESENTATION_CONTEXT('2D SPACE',''
  ) );
#362 = FACE_BOUND('',#363,.F.);
#363 = EDGE_LOOP('',(#364));
#364 = ORIENTED_EDGE('',*,*,#365,.T.);
#365 = EDGE_CURVE('',#366,#366,#368,.T.);
#366 = VERTEX_POINT('',#367);
#367 = CARTESIAN_POINT('',(248.35,0.,25.4));
#368 = SURFACE_CURVE('',#369,(#374,#385),.PCURVE_S1.);
#369 = CIRCLE('',#370,5.);
#370 = AXIS2_PLACEMENT_3D('',#371,#372,#373);
#371 = CARTESIAN_POINT('',(243.35,0.,25.4));
#372 = DIRECTION('',(0.,-1.,0.));
#373 = DIRECTION('',(1.,0.,0.));
#374 = PCURVE('',#44,#375);
#375 = DEFINITIONAL_REPRESENTATION('',(#376),#384);
#376 = ( BOUNDED_CURVE() B_SPLINE_CURVE(2,(#377,#378,#379,#380,#381,#382
,#383),.UNSPECIFIED.,.T.,.F.) B_SPLINE_CURVE_WITH_KNOTS((1,2,2,2,2,1),(
    -2.094395102393,0.,2.094395102393,4.188790204786,6.28318530718,
8.377580409573),.UNSPECIFIED.) CURVE() GEOMETRIC_REPRESENTATION_ITEM() 
RATIONAL_B_SPLINE_CURVE((1.,0.5,1.,0.5,1.,0.5,1.)) REPRESENTATION_ITEM(
  '') );
#377 = CARTESIAN_POINT('',(25.4,248.35));
#378 = CARTESIAN_POINT('',(34.060254037844,248.35));
#379 = CARTESIAN_POINT('',(29.730127018922,240.85));
#380 = CARTESIAN_POINT('',(25.4,233.35));
#381 = CARTESIAN_POINT('',(21.069872981078,240.85));
#382 = CARTESIAN_POINT('',(16.739745962156,248.35));
#383 = CARTESIAN_POINT('',(25.4,248.35));
#384 = ( GEOMETRIC_REPRESENTATION_CONTEXT(2) 
PARAMETRIC_REPRESENTATION_CONTEXT() REPRESENTATION_CONTEXT('2D SPACE',''
  ) );
#385 = PCURVE('',#386,#391);
#386 = CYLINDRICAL_SURFACE('',#387,5.);
#387 = AXIS2_PLACEMENT_3D('',#388,#389,#390);
#388 = CARTESIAN_POINT('',(243.35,-1.,25.4));
#389 = DIRECTION('',(0.,-1.,0.));
#390 = DIRECTION('',(1.,0.,0.));
#391 = DEFINITIONAL_REPRESENTATION('',(#392),#396);
#392 = LINE('',#393,#394);
#393 = CARTESIAN_POINT('',(-6.28318530718,-1.));
#394 = VECTOR('',#395,1.);
#395 = DIRECTION('',(1.,-0.));
#396 = ( GEOMETRIC_REPRESENTATION_CONTEXT(2) 
PARAMETRIC_REPRESENTATION_CONTEXT() REPRESENTATION_CONTEXT('2D SPACE',''
  ) );
#397 = FACE_BOUND('',#398,.F.);
#398 = EDGE_LOOP('',(#399));
#399 = ORIENTED_EDGE('',*,*,#400,.T.);
#400 = EDGE_CURVE('',#401,#401,#403,.T.);
#401 = VERTEX_POINT('',#402);
#402 = CARTESIAN_POINT('',(678.35,0.,25.4));
#403 = SURFACE_CURVE('',#404,(#409,#420),.PCURVE_S1.);
#404 = CIRCLE('',#405,5.);
#405 = AXIS2_PLACEMENT_3D('',#406,#407,#408);
#406 = CARTESIAN_POINT('',(673.35,0.,25.4));
#407 = DIRECTION('',(0.,-1.,0.));
#408 = DIRECTION('',(1.,0.,0.));
#409 = PCURVE('',#44,#410);
#410 = DEFINITIONAL_REPRESENTATION('',(#411),#419);
#411 = ( BOUNDED_CURVE() B_SPLINE_CURVE(2,(#412,#413,#414,#415,#416,#417
,#418),.UNSPECIFIED.,.T.,.F.) B_SPLINE_CURVE_WITH_KNOTS((1,2,2,2,2,1),(
    -2.094395102393,0.,2.094395102393,4.188790204786,6.28318530718,
8.377580409573),.UNSPECIFIED.) CURVE() GEOMETRIC_REPRESENTATION_ITEM() 
RATIONAL_B_SPLINE_CURVE((1.,0.5,1.,0.5,1.,0.5,1.)) REPRESENTATION_ITEM(
  '') );
#412 = CARTESIAN_POINT('',(25.4,678.35));
#413 = CARTESIAN_POINT('',(34.060254037844,678.35));
#414 = CARTESIAN_POINT('',(29.730127018922,670.85));
#415 = CARTESIAN_POINT('',(25.4,663.35));
#416 = CARTESIAN_POINT('',(21.069872981078,670.85));
#417 = CARTESIAN_POINT('',(16.739745962156,678.35));
#418 = CARTESIAN_POINT('',(25.4,678.35));
#419 = ( GEOMETRIC_REPRESENTATION_CONTEXT(2) 
PARAMETRIC_REPRESENTATION_CONTEXT() REPRESENTATION_CONTEXT('2D SPACE',''
  ) );
#420 = PCURVE('',#421,#426);
#421 = CYLINDRICAL_SURFACE('',#422,5.);
#422 = AXIS2_PLACEMENT_3D('',#423,#424,#425);
#423 = CARTESIAN_POINT('',(673.35,-1.,25.4));
#424 = DIRECTION('',(0.,-1.,0.));
#425 = DIRECTION('',(1.,0.,0.));
#426 = DEFINITIONAL_REPRESENTATION('',(#427),#431);
#427 = LINE('',#428,#429);
#428 = CARTESIAN_POINT('',(-6.28318530718,-1.));
#429 = VECTOR('',#430,1.);
#430 = DIRECTION('',(1.,-0.));
#431 = ( GEOMETRIC_REPRESENTATION_CONTEXT(2) 
PARAMETRIC_REPRESENTATION_CONTEXT() REPRESENTATION_CONTEXT('2D SPACE',''
  ) );
#432 = FACE_BOUND('',#433,.F.);
#433 = EDGE_LOOP('',(#434));
#434 = ORIENTED_EDGE('',*,*,#435,.T.);
#435 = EDGE_CURVE('',#436,#436,#438,.T.);
#436 = VERTEX_POINT('',#437);
#437 = CARTESIAN_POINT('',(919.,0.,25.4));
#438 = SURFACE_CURVE('',#439,(#444,#455),.PCURVE_S1.);
#439 = CIRCLE('',#440,5.);
#440 = AXIS2_PLACEMENT_3D('',#441,#442,#443);
#441 = CARTESIAN_POINT('',(914.,0.,25.4));
#442 = DIRECTION('',(0.,-1.,0.));
#443 = DIRECTION('',(1.,0.,0.));
#444 = PCURVE('',#44,#445);
#445 = DEFINITIONAL_REPRESENTATION('',(#446),#454);
#446 = ( BOUNDED_CURVE() B_SPLINE_CURVE(2,(#447,#448,#449,#450,#451,#452
,#453),.UNSPECIFIED.,.T.,.F.) B_SPLINE_CURVE_WITH_KNOTS((1,2,2,2,2,1),(
    -2.094395102393,0.,2.094395102393,4.188790204786,6.28318530718,
8.377580409573),.UNSPECIFIED.) CURVE() GEOMETRIC_REPRESENTATION_ITEM() 
RATIONAL_B_SPLINE_CURVE((1.,0.5,1.,0.5,1.,0.5,1.)) REPRESENTATION_ITEM(
  '') );
#447 = CARTESIAN_POINT('',(25.4,919.));
#448 = CARTESIAN_POINT('',(34.060254037844,919.));
#449 = CARTESIAN_POINT('',(29.730127018922,911.5));
#450 = CARTESIAN_POINT('',(25.4,904.));
#451 = CARTESIAN_POINT('',(21.069872981078,911.5));
#452 = CARTESIAN_POINT('',(16.739745962156,919.));
#453 = CARTESIAN_POINT('',(25.4,919.));
#454 = ( GEOMETRIC_REPRESENTATION_CONTEXT(2) 
PARAMETRIC_REPRESENTATION_CONTEXT() REPRESENTATION_CONTEXT('2D SPACE',''
  ) );
#455 = PCURVE('',#456,#461);
#456 = CYLINDRICAL_SURFACE('',#457,5.);
#457 = AXIS2_PLACEMENT_3D('',#458,#459,#460);
#458 = CARTESIAN_POINT('',(914.,-1.,25.4));
#459 = DIRECTION('',(0.,-1.,0.));
#460 = DIRECTION('',(1.,0.,0.));
#461 = DEFINITIONAL_REPRESENTATION('',(#462),#466);
#462 = LINE('',#463,#464);
#463 = CARTESIAN_POINT('',(-6.28318530718,-1.));
#464 = VECTOR('',#465,1.);
#465 = DIRECTION('',(1.,-0.));
#466 = ( GEOMETRIC_REPRESENTATION_CONTEXT(2) 
PARAMETRIC_REPRESENTATION_CONTEXT() REPRESENTATION_CONTEXT('2D SPACE',''
  ) );
#467 = ADVANCED_FACE('',(#468,#516,#551,#586,#621,#656,#691),#126,.T.);
#468 = FACE_BOUND('',#469,.T.);
#469 = EDGE_LOOP('',(#470,#471,#472,#495));
#470 = ORIENTED_EDGE('',*,*,#112,.F.);
#471 = ORIENTED_EDGE('',*,*,#279,.T.);
#472 = ORIENTED_EDGE('',*,*,#473,.T.);
#473 = EDGE_CURVE('',#280,#474,#476,.T.);
#474 = VERTEX_POINT('',#475);
#475 = CARTESIAN_POINT('',(924.,50.8,50.8));
#476 = SURFACE_CURVE('',#477,(#481,#488),.PCURVE_S1.);
#477 = LINE('',#478,#479);
#478 = CARTESIAN_POINT('',(924.,0.,50.8));
#479 = VECTOR('',#480,1.);
#480 = DIRECTION('',(0.,1.,0.));
#481 = PCURVE('',#126,#482);
#482 = DEFINITIONAL_REPRESENTATION('',(#483),#487);
#483 = LINE('',#484,#485);
#484 = CARTESIAN_POINT('',(924.,0.));
#485 = VECTOR('',#486,1.);
#486 = DIRECTION('',(0.,1.));
#487 = ( GEOMETRIC_REPRESENTATION_CONTEXT(2) 
PARAMETRIC_REPRESENTATION_CONTEXT() REPRESENTATION_CONTEXT('2D SPACE',''
  ) );
#488 = PCURVE('',#316,#489);
#489 = DEFINITIONAL_REPRESENTATION('',(#490),#494);
#490 = LINE('',#491,#492);
#491 = CARTESIAN_POINT('',(50.8,0.));
#492 = VECTOR('',#493,1.);
#493 = DIRECTION('',(0.,-1.));
#494 = ( GEOMETRIC_REPRESENTATION_CONTEXT(2) 
PARAMETRIC_REPRESENTATION_CONTEXT() REPRESENTATION_CONTEXT('2D SPACE',''
  ) );
#495 = ORIENTED_EDGE('',*,*,#496,.F.);
#496 = EDGE_CURVE('',#85,#474,#497,.T.);
#497 = SURFACE_CURVE('',#498,(#502,#509),.PCURVE_S1.);
#498 = LINE('',#499,#500);
#499 = CARTESIAN_POINT('',(0.,50.8,50.8));
#500 = VECTOR('',#501,1.);
#501 = DIRECTION('',(1.,0.,0.));
#502 = PCURVE('',#126,#503);
#503 = DEFINITIONAL_REPRESENTATION('',(#504),#508);
#504 = LINE('',#505,#506);
#505 = CARTESIAN_POINT('',(0.,50.8));
#506 = VECTOR('',#507,1.);
#507 = DIRECTION('',(1.,0.));
#508 = ( GEOMETRIC_REPRESENTATION_CONTEXT(2) 
PARAMETRIC_REPRESENTATION_CONTEXT() REPRESENTATION_CONTEXT('2D SPACE',''
  ) );
#509 = PCURVE('',#100,#510);
#510 = DEFINITIONAL_REPRESENTATION('',(#511),#515);
#511 = LINE('',#512,#513);
#512 = CARTESIAN_POINT('',(50.8,0.));
#513 = VECTOR('',#514,1.);
#514 = DIRECTION('',(0.,1.));
#515 = ( GEOMETRIC_REPRESENTATION_CONTEXT(2) 
PARAMETRIC_REPRESENTATION_CONTEXT() REPRESENTATION_CONTEXT('2D SPACE',''
  ) );
#516 = FACE_BOUND('',#517,.T.);
#517 = EDGE_LOOP('',(#518));
#518 = ORIENTED_EDGE('',*,*,#519,.T.);
#519 = EDGE_CURVE('',#520,#520,#522,.T.);
#520 = VERTEX_POINT('',#521);
#521 = CARTESIAN_POINT('',(34.,15.4,50.8));
#522 = SURFACE_CURVE('',#523,(#528,#539),.PCURVE_S1.);
#523 = CIRCLE('',#524,9.);
#524 = AXIS2_PLACEMENT_3D('',#525,#526,#527);
#525 = CARTESIAN_POINT('',(25.,15.4,50.8));
#526 = DIRECTION('',(0.,0.,-1.));
#527 = DIRECTION('',(1.,0.,0.));
#528 = PCURVE('',#126,#529);
#529 = DEFINITIONAL_REPRESENTATION('',(#530),#538);
#530 = ( BOUNDED_CURVE() B_SPLINE_CURVE(2,(#531,#532,#533,#534,#535,#536
,#537),.UNSPECIFIED.,.T.,.F.) B_SPLINE_CURVE_WITH_KNOTS((1,2,2,2,2,1),(
    -2.094395102393,0.,2.094395102393,4.188790204786,6.28318530718,
8.377580409573),.UNSPECIFIED.) CURVE() GEOMETRIC_REPRESENTATION_ITEM() 
RATIONAL_B_SPLINE_CURVE((1.,0.5,1.,0.5,1.,0.5,1.)) REPRESENTATION_ITEM(
  '') );
#531 = CARTESIAN_POINT('',(34.,15.4));
#532 = CARTESIAN_POINT('',(34.,-0.18845726812));
#533 = CARTESIAN_POINT('',(20.5,7.60577136594));
#534 = CARTESIAN_POINT('',(7.,15.4));
#535 = CARTESIAN_POINT('',(20.5,23.19422863406));
#536 = CARTESIAN_POINT('',(34.,30.98845726812));
#537 = CARTESIAN_POINT('',(34.,15.4));
#538 = ( GEOMETRIC_REPRESENTATION_CONTEXT(2) 
PARAMETRIC_REPRESENTATION_CONTEXT() REPRESENTATION_CONTEXT('2D SPACE',''
  ) );
#539 = PCURVE('',#540,#545);
#540 = CYLINDRICAL_SURFACE('',#541,9.);
#541 = AXIS2_PLACEMENT_3D('',#542,#543,#544);
#542 = CARTESIAN_POINT('',(25.,15.4,-1.));
#543 = DIRECTION('',(0.,-0.,-1.));
#544 = DIRECTION('',(1.,0.,0.));
#545 = DEFINITIONAL_REPRESENTATION('',(#546),#550);
#546 = LINE('',#547,#548);
#547 = CARTESIAN_POINT('',(-6.28318530718,-51.8));
#548 = VECTOR('',#549,1.);
#549 = DIRECTION('',(1.,-0.));
#550 = ( GEOMETRIC_REPRESENTATION_CONTEXT(2) 
PARAMETRIC_REPRESENTATION_CONTEXT() REPRESENTATION_CONTEXT('2D SPACE',''
  ) );
#551 = FACE_BOUND('',#552,.T.);
#552 = EDGE_LOOP('',(#553));
#553 = ORIENTED_EDGE('',*,*,#554,.T.);
#554 = EDGE_CURVE('',#555,#555,#557,.T.);
#555 = VERTEX_POINT('',#556);
#556 = CARTESIAN_POINT('',(908.,15.4,50.8));
#557 = SURFACE_CURVE('',#558,(#563,#574),.PCURVE_S1.);
#558 = CIRCLE('',#559,9.);
#559 = AXIS2_PLACEMENT_3D('',#560,#561,#562);
#560 = CARTESIAN_POINT('',(899.,15.4,50.8));
#561 = DIRECTION('',(0.,0.,-1.));
#562 = DIRECTION('',(1.,0.,0.));
#563 = PCURVE('',#126,#564);
#564 = DEFINITIONAL_REPRESENTATION('',(#565),#573);
#565 = ( BOUNDED_CURVE() B_SPLINE_CURVE(2,(#566,#567,#568,#569,#570,#571
,#572),.UNSPECIFIED.,.T.,.F.) B_SPLINE_CURVE_WITH_KNOTS((1,2,2,2,2,1),(
    -2.094395102393,0.,2.094395102393,4.188790204786,6.28318530718,
8.377580409573),.UNSPECIFIED.) CURVE() GEOMETRIC_REPRESENTATION_ITEM() 
RATIONAL_B_SPLINE_CURVE((1.,0.5,1.,0.5,1.,0.5,1.)) REPRESENTATION_ITEM(
  '') );
#566 = CARTESIAN_POINT('',(908.,15.4));
#567 = CARTESIAN_POINT('',(908.,-0.18845726812));
#568 = CARTESIAN_POINT('',(894.5,7.60577136594));
#569 = CARTESIAN_POINT('',(881.,15.4));
#570 = CARTESIAN_POINT('',(894.5,23.19422863406));
#571 = CARTESIAN_POINT('',(908.,30.98845726812));
#572 = CARTESIAN_POINT('',(908.,15.4));
#573 = ( GEOMETRIC_REPRESENTATION_CONTEXT(2) 
PARAMETRIC_REPRESENTATION_CONTEXT() REPRESENTATION_CONTEXT('2D SPACE',''
  ) );
#574 = PCURVE('',#575,#580);
#575 = CYLINDRICAL_SURFACE('',#576,9.);
#576 = AXIS2_PLACEMENT_3D('',#577,#578,#579);
#577 = CARTESIAN_POINT('',(899.,15.4,-1.));
#578 = DIRECTION('',(0.,-0.,-1.));
#579 = DIRECTION('',(1.,0.,0.));
#580 = DEFINITIONAL_REPRESENTATION('',(#581),#585);
#581 = LINE('',#582,#583);
#582 = CARTESIAN_POINT('',(-6.28318530718,-51.8));
#583 = VECTOR('',#584,1.);
#584 = DIRECTION('',(1.,-0.));
#585 = ( GEOMETRIC_REPRESENTATION_CONTEXT(2) 
PARAMETRIC_REPRESENTATION_CONTEXT() REPRESENTATION_CONTEXT('2D SPACE',''
  ) );
#586 = FACE_BOUND('',#587,.T.);
#587 = EDGE_LOOP('',(#588));
#588 = ORIENTED_EDGE('',*,*,#589,.T.);
#589 = EDGE_CURVE('',#590,#590,#592,.T.);
#590 = VERTEX_POINT('',#591);
#591 = CARTESIAN_POINT('',(13.5,25.4,50.8));
#592 = SURFACE_CURVE('',#593,(#598,#609),.PCURVE_S1.);
#593 = CIRCLE('',#594,3.);
#594 = AXIS2_PLACEMENT_3D('',#595,#596,#597);
#595 = CARTESIAN_POINT('',(10.5,25.4,50.8));
#596 = DIRECTION('',(0.,0.,-1.));
#597 = DIRECTION('',(1.,0.,0.));
#598 = PCURVE('',#126,#599);
#599 = DEFINITIONAL_REPRESENTATION('',(#600),#608);
#600 = ( BOUNDED_CURVE() B_SPLINE_CURVE(2,(#601,#602,#603,#604,#605,#606
,#607),.UNSPECIFIED.,.T.,.F.) B_SPLINE_CURVE_WITH_KNOTS((1,2,2,2,2,1),(
    -2.094395102393,0.,2.094395102393,4.188790204786,6.28318530718,
8.377580409573),.UNSPECIFIED.) CURVE() GEOMETRIC_REPRESENTATION_ITEM() 
RATIONAL_B_SPLINE_CURVE((1.,0.5,1.,0.5,1.,0.5,1.)) REPRESENTATION_ITEM(
  '') );
#601 = CARTESIAN_POINT('',(13.5,25.4));
#602 = CARTESIAN_POINT('',(13.5,20.203847577293));
#603 = CARTESIAN_POINT('',(9.,22.801923788647));
#604 = CARTESIAN_POINT('',(4.5,25.4));
#605 = CARTESIAN_POINT('',(9.,27.998076211353));
#606 = CARTESIAN_POINT('',(13.5,30.596152422707));
#607 = CARTESIAN_POINT('',(13.5,25.4));
#608 = ( GEOMETRIC_REPRESENTATION_CONTEXT(2) 
PARAMETRIC_REPRESENTATION_CONTEXT() REPRESENTATION_CONTEXT('2D SPACE',''
  ) );
#609 = PCURVE('',#610,#615);
#610 = CYLINDRICAL_SURFACE('',#611,3.);
#611 = AXIS2_PLACEMENT_3D('',#612,#613,#614);
#612 = CARTESIAN_POINT('',(10.5,25.4,46.8));
#613 = DIRECTION('',(0.,-0.,-1.));
#614 = DIRECTION('',(1.,0.,0.));
#615 = DEFINITIONAL_REPRESENTATION('',(#616),#620);
#616 = LINE('',#617,#618);
#617 = CARTESIAN_POINT('',(-6.28318530718,-4.));
#618 = VECTOR('',#619,1.);
#619 = DIRECTION('',(1.,-0.));
#620 = ( GEOMETRIC_REPRESENTATION_CONTEXT(2) 
PARAMETRIC_REPRESENTATION_CONTEXT() REPRESENTATION_CONTEXT('2D SPACE',''
  ) );
#621 = FACE_BOUND('',#622,.T.);
#622 = EDGE_LOOP('',(#623));
#623 = ORIENTED_EDGE('',*,*,#624,.T.);
#624 = EDGE_CURVE('',#625,#625,#627,.T.);
#625 = VERTEX_POINT('',#626);
#626 = CARTESIAN_POINT('',(413.5,25.4,50.8));
#627 = SURFACE_CURVE('',#628,(#633,#644),.PCURVE_S1.);
#628 = CIRCLE('',#629,3.);
#629 = AXIS2_PLACEMENT_3D('',#630,#631,#632);
#630 = CARTESIAN_POINT('',(410.5,25.4,50.8));
#631 = DIRECTION('',(0.,0.,-1.));
#632 = DIRECTION('',(1.,0.,0.));
#633 = PCURVE('',#126,#634);
#634 = DEFINITIONAL_REPRESENTATION('',(#635),#643);
#635 = ( BOUNDED_CURVE() B_SPLINE_CURVE(2,(#636,#637,#638,#639,#640,#641
,#642),.UNSPECIFIED.,.T.,.F.) B_SPLINE_CURVE_WITH_KNOTS((1,2,2,2,2,1),(
    -2.094395102393,0.,2.094395102393,4.188790204786,6.28318530718,
8.377580409573),.UNSPECIFIED.) CURVE() GEOMETRIC_REPRESENTATION_ITEM() 
RATIONAL_B_SPLINE_CURVE((1.,0.5,1.,0.5,1.,0.5,1.)) REPRESENTATION_ITEM(
  '') );
#636 = CARTESIAN_POINT('',(413.5,25.4));
#637 = CARTESIAN_POINT('',(413.5,20.203847577293));
#638 = CARTESIAN_POINT('',(409.,22.801923788647));
#639 = CARTESIAN_POINT('',(404.5,25.4));
#640 = CARTESIAN_POINT('',(409.,27.998076211353));
#641 = CARTESIAN_POINT('',(413.5,30.596152422707));
#642 = CARTESIAN_POINT('',(413.5,25.4));
#643 = ( GEOMETRIC_REPRESENTATION_CONTEXT(2) 
PARAMETRIC_REPRESENTATION_CONTEXT() REPRESENTATION_CONTEXT('2D SPACE',''
  ) );
#644 = PCURVE('',#645,#650);
#645 = CYLINDRICAL_SURFACE('',#646,3.);
#646 = AXIS2_PLACEMENT_3D('',#647,#648,#649);
#647 = CARTESIAN_POINT('',(410.5,25.4,46.8));
#648 = DIRECTION('',(0.,-0.,-1.));
#649 = DIRECTION('',(1.,0.,0.));
#650 = DEFINITIONAL_REPRESENTATION('',(#651),#655);
#651 = LINE('',#652,#653);
#652 = CARTESIAN_POINT('',(-6.28318530718,-4.));
#653 = VECTOR('',#654,1.);
#654 = DIRECTION('',(1.,-0.));
#655 = ( GEOMETRIC_REPRESENTATION_CONTEXT(2) 
PARAMETRIC_REPRESENTATION_CONTEXT() REPRESENTATION_CONTEXT('2D SPACE',''
  ) );
#656 = FACE_BOUND('',#657,.T.);
#657 = EDGE_LOOP('',(#658));
#658 = ORIENTED_EDGE('',*,*,#659,.T.);
#659 = EDGE_CURVE('',#660,#660,#662,.T.);
#660 = VERTEX_POINT('',#661);
#661 = CARTESIAN_POINT('',(516.5,25.4,50.8));
#662 = SURFACE_CURVE('',#663,(#668,#679),.PCURVE_S1.);
#663 = CIRCLE('',#664,3.);
#664 = AXIS2_PLACEMENT_3D('',#665,#666,#667);
#665 = CARTESIAN_POINT('',(513.5,25.4,50.8));
#666 = DIRECTION('',(0.,0.,-1.));
#667 = DIRECTION('',(1.,0.,0.));
#668 = PCURVE('',#126,#669);
#669 = DEFINITIONAL_REPRESENTATION('',(#670),#678);
#670 = ( BOUNDED_CURVE() B_SPLINE_CURVE(2,(#671,#672,#673,#674,#675,#676
,#677),.UNSPECIFIED.,.T.,.F.) B_SPLINE_CURVE_WITH_KNOTS((1,2,2,2,2,1),(
    -2.094395102393,0.,2.094395102393,4.188790204786,6.28318530718,
8.377580409573),.UNSPECIFIED.) CURVE() GEOMETRIC_REPRESENTATION_ITEM() 
RATIONAL_B_SPLINE_CURVE((1.,0.5,1.,0.5,1.,0.5,1.)) REPRESENTATION_ITEM(
  '') );
#671 = CARTESIAN_POINT('',(516.5,25.4));
#672 = CARTESIAN_POINT('',(516.5,20.203847577293));
#673 = CARTESIAN_POINT('',(512.,22.801923788647));
#674 = CARTESIAN_POINT('',(507.5,25.4));
#675 = CARTESIAN_POINT('',(512.,27.998076211353));
#676 = CARTESIAN_POINT('',(516.5,30.596152422707));
#677 = CARTESIAN_POINT('',(516.5,25.4));
#678 = ( GEOMETRIC_REPRESENTATION_CONTEXT(2) 
PARAMETRIC_REPRESENTATION_CONTEXT() REPRESENTATION_CONTEXT('2D SPACE',''
  ) );
#679 = PCURVE('',#680,#685);
#680 = CYLINDRICAL_SURFACE('',#681,3.);
#681 = AXIS2_PLACEMENT_3D('',#682,#683,#684);
#682 = CARTESIAN_POINT('',(513.5,25.4,46.8));
#683 = DIRECTION('',(0.,-0.,-1.));
#684 = DIRECTION('',(1.,0.,0.));
#685 = DEFINITIONAL_REPRESENTATION('',(#686),#690);
#686 = LINE('',#687,#688);
#687 = CARTESIAN_POINT('',(-6.28318530718,-4.));
#688 = VECTOR('',#689,1.);
#689 = DIRECTION('',(1.,-0.));
#690 = ( GEOMETRIC_REPRESENTATION_CONTEXT(2) 
PARAMETRIC_REPRESENTATION_CONTEXT() REPRESENTATION_CONTEXT('2D SPACE',''
  ) );
#691 = FACE_BOUND('',#692,.T.);
#692 = EDGE_LOOP('',(#693));
#693 = ORIENTED_EDGE('',*,*,#694,.T.);
#694 = EDGE_CURVE('',#695,#695,#697,.T.);
#695 = VERTEX_POINT('',#696);
#696 = CARTESIAN_POINT('',(916.5,25.4,50.8));
#697 = SURFACE_CURVE('',#698,(#703,#714),.PCURVE_S1.);
#698 = CIRCLE('',#699,3.);
#699 = AXIS2_PLACEMENT_3D('',#700,#701,#702);
#700 = CARTESIAN_POINT('',(913.5,25.4,50.8));
#701 = DIRECTION('',(0.,0.,-1.));
#702 = DIRECTION('',(1.,0.,0.));
#703 = PCURVE('',#126,#704);
#704 = DEFINITIONAL_REPRESENTATION('',(#705),#713);
#705 = ( BOUNDED_CURVE() B_SPLINE_CURVE(2,(#706,#707,#708,#709,#710,#711
,#712),.UNSPECIFIED.,.T.,.F.) B_SPLINE_CURVE_WITH_KNOTS((1,2,2,2,2,1),(
    -2.094395102393,0.,2.094395102393,4.188790204786,6.28318530718,
8.377580409573),.UNSPECIFIED.) CURVE() GEOMETRIC_REPRESENTATION_ITEM() 
RATIONAL_B_SPLINE_CURVE((1.,0.5,1.,0.5,1.,0.5,1.)) REPRESENTATION_ITEM(
  '') );
#706 = CARTESIAN_POINT('',(916.5,25.4));
#707 = CARTESIAN_POINT('',(916.5,20.203847577293));
#708 = CARTESIAN_POINT('',(912.,22.801923788647));
#709 = CARTESIAN_POINT('',(907.5,25.4));
#710 = CARTESIAN_POINT('',(912.,27.998076211353));
#711 = CARTESIAN_POINT('',(916.5,30.596152422707));
#712 = CARTESIAN_POINT('',(916.5,25.4));
#713 = ( GEOMETRIC_REPRESENTATION_CONTEXT(2) 
PARAMETRIC_REPRESENTATION_CONTEXT() REPRESENTATION_CONTEXT('2D SPACE',''
  ) );
#714 = PCURVE('',#715,#720);
#715 = CYLINDRICAL_SURFACE('',#716,3.);
#716 = AXIS2_PLACEMENT_3D('',#717,#718,#719);
#717 = CARTESIAN_POINT('',(913.5,25.4,46.8));
#718 = DIRECTION('',(0.,-0.,-1.));
#719 = DIRECTION('',(1.,0.,0.));
#720 = DEFINITIONAL_REPRESENTATION('',(#721),#725);
#721 = LINE('',#722,#723);
#722 = CARTESIAN_POINT('',(-6.28318530718,-4.));
#723 = VECTOR('',#724,1.);
#724 = DIRECTION('',(1.,-0.));
#725 = ( GEOMETRIC_REPRESENTATION_CONTEXT(2) 
PARAMETRIC_REPRESENTATION_CONTEXT() REPRESENTATION_CONTEXT('2D SPACE',''
  ) );
#726 = ADVANCED_FACE('',(#727,#775,#810),#72,.F.);
#727 = FACE_BOUND('',#728,.F.);
#728 = EDGE_LOOP('',(#729,#730,#731,#754));
#729 = ORIENTED_EDGE('',*,*,#56,.F.);
#730 = ORIENTED_EDGE('',*,*,#255,.T.);
#731 = ORIENTED_EDGE('',*,*,#732,.T.);
#732 = EDGE_CURVE('',#256,#733,#735,.T.);
#733 = VERTEX_POINT('',#734);
#734 = CARTESIAN_POINT('',(924.,50.8,0.));
#735 = SURFACE_CURVE('',#736,(#740,#747),.PCURVE_S1.);
#736 = LINE('',#737,#738);
#737 = CARTESIAN_POINT('',(924.,0.,0.));
#738 = VECTOR('',#739,1.);
#739 = DIRECTION('',(0.,1.,0.));
#740 = PCURVE('',#72,#741);
#741 = DEFINITIONAL_REPRESENTATION('',(#742),#746);
#742 = LINE('',#743,#744);
#743 = CARTESIAN_POINT('',(924.,0.));
#744 = VECTOR('',#745,1.);
#745 = DIRECTION('',(0.,1.));
#746 = ( GEOMETRIC_REPRESENTATION_CONTEXT(2) 
PARAMETRIC_REPRESENTATION_CONTEXT() REPRESENTATION_CONTEXT('2D SPACE',''
  ) );
#747 = PCURVE('',#316,#748);
#748 = DEFINITIONAL_REPRESENTATION('',(#749),#753);
#749 = LINE('',#750,#751);
#750 = CARTESIAN_POINT('',(0.,0.));
#751 = VECTOR('',#752,1.);
#752 = DIRECTION('',(0.,-1.));
#753 = ( GEOMETRIC_REPRESENTATION_CONTEXT(2) 
PARAMETRIC_REPRESENTATION_CONTEXT() REPRESENTATION_CONTEXT('2D SPACE',''
  ) );
#754 = ORIENTED_EDGE('',*,*,#755,.F.);
#755 = EDGE_CURVE('',#57,#733,#756,.T.);
#756 = SURFACE_CURVE('',#757,(#761,#768),.PCURVE_S1.);
#757 = LINE('',#758,#759);
#758 = CARTESIAN_POINT('',(0.,50.8,0.));
#759 = VECTOR('',#760,1.);
#760 = DIRECTION('',(1.,0.,0.));
#761 = PCURVE('',#72,#762);
#762 = DEFINITIONAL_REPRESENTATION('',(#763),#767);
#763 = LINE('',#764,#765);
#764 = CARTESIAN_POINT('',(0.,50.8));
#765 = VECTOR('',#766,1.);
#766 = DIRECTION('',(1.,0.));
#767 = ( GEOMETRIC_REPRESENTATION_CONTEXT(2) 
PARAMETRIC_REPRESENTATION_CONTEXT() REPRESENTATION_CONTEXT('2D SPACE',''
  ) );
#768 = PCURVE('',#100,#769);
#769 = DEFINITIONAL_REPRESENTATION('',(#770),#774);
#770 = LINE('',#771,#772);
#771 = CARTESIAN_POINT('',(0.,0.));
#772 = VECTOR('',#773,1.);
#773 = DIRECTION('',(0.,1.));
#774 = ( GEOMETRIC_REPRESENTATION_CONTEXT(2) 
PARAMETRIC_REPRESENTATION_CONTEXT() REPRESENTATION_CONTEXT('2D SPACE',''
  ) );
#775 = FACE_BOUND('',#776,.F.);
#776 = EDGE_LOOP('',(#777));
#777 = ORIENTED_EDGE('',*,*,#778,.T.);
#778 = EDGE_CURVE('',#779,#779,#781,.T.);
#779 = VERTEX_POINT('',#780);
#780 = CARTESIAN_POINT('',(34.,15.4,0.));
#781 = SURFACE_CURVE('',#782,(#787,#798),.PCURVE_S1.);
#782 = CIRCLE('',#783,9.);
#783 = AXIS2_PLACEMENT_3D('',#784,#785,#786);
#784 = CARTESIAN_POINT('',(25.,15.4,0.));
#785 = DIRECTION('',(0.,0.,-1.));
#786 = DIRECTION('',(1.,0.,0.));
#787 = PCURVE('',#72,#788);
#788 = DEFINITIONAL_REPRESENTATION('',(#789),#797);
#789 = ( BOUNDED_CURVE() B_SPLINE_CURVE(2,(#790,#791,#792,#793,#794,#795
,#796),.UNSPECIFIED.,.T.,.F.) B_SPLINE_CURVE_WITH_KNOTS((1,2,2,2,2,1),(
    -2.094395102393,0.,2.094395102393,4.188790204786,6.28318530718,
8.377580409573),.UNSPECIFIED.) CURVE() GEOMETRIC_REPRESENTATION_ITEM() 
RATIONAL_B_SPLINE_CURVE((1.,0.5,1.,0.5,1.,0.5,1.)) REPRESENTATION_ITEM(
  '') );
#790 = CARTESIAN_POINT('',(34.,15.4));
#791 = CARTESIAN_POINT('',(34.,-0.18845726812));
#792 = CARTESIAN_POINT('',(20.5,7.60577136594));
#793 = CARTESIAN_POINT('',(7.,15.4));
#794 = CARTESIAN_POINT('',(20.5,23.19422863406));
#795 = CARTESIAN_POINT('',(34.,30.98845726812));
#796 = CARTESIAN_POINT('',(34.,15.4));
#797 = ( GEOMETRIC_REPRESENTATION_CONTEXT(2) 
PARAMETRIC_REPRESENTATION_CONTEXT() REPRESENTATION_CONTEXT('2D SPACE',''
  ) );
#798 = PCURVE('',#799,#804);
#799 = CYLINDRICAL_SURFACE('',#800,9.);
#800 = AXIS2_PLACEMENT_3D('',#801,#802,#803);
#801 = CARTESIAN_POINT('',(25.,15.4,-1.));
#802 = DIRECTION('',(0.,-0.,-1.));
#803 = DIRECTION('',(1.,0.,0.));
#804 = DEFINITIONAL_REPRESENTATION('',(#805),#809);
#805 = LINE('',#806,#807);
#806 = CARTESIAN_POINT('',(-6.28318530718,-1.));
#807 = VECTOR('',#808,1.);
#808 = DIRECTION('',(1.,-0.));
#809 = ( GEOMETRIC_REPRESENTATION_CONTEXT(2) 
PARAMETRIC_REPRESENTATION_CONTEXT() REPRESENTATION_CONTEXT('2D SPACE',''
  ) );
#810 = FACE_BOUND('',#811,.F.);
#811 = EDGE_LOOP('',(#812));
#812 = ORIENTED_EDGE('',*,*,#813,.T.);
#813 = EDGE_CURVE('',#814,#814,#816,.T.);
#814 = VERTEX_POINT('',#815);
#815 = CARTESIAN_POINT('',(908.,15.4,0.));
#816 = SURFACE_CURVE('',#817,(#822,#833),.PCURVE_S1.);
#817 = CIRCLE('',#818,9.);
#818 = AXIS2_PLACEMENT_3D('',#819,#820,#821);
#819 = CARTESIAN_POINT('',(899.,15.4,0.));
#820 = DIRECTION('',(0.,0.,-1.));
#821 = DIRECTION('',(1.,0.,0.));
#822 = PCURVE('',#72,#823);
#823 = DEFINITIONAL_REPRESENTATION('',(#824),#832);
#824 = ( BOUNDED_CURVE() B_SPLINE_CURVE(2,(#825,#826,#827,#828,#829,#830
,#831),.UNSPECIFIED.,.T.,.F.) B_SPLINE_CURVE_WITH_KNOTS((1,2,2,2,2,1),(
    -2.094395102393,0.,2.094395102393,4.188790204786,6.28318530718,
8.377580409573),.UNSPECIFIED.) CURVE() GEOMETRIC_REPRESENTATION_ITEM() 
RATIONAL_B_SPLINE_CURVE((1.,0.5,1.,0.5,1.,0.5,1.)) REPRESENTATION_ITEM(
  '') );
#825 = CARTESIAN_POINT('',(908.,15.4));
#826 = CARTESIAN_POINT('',(908.,-0.18845726812));
#827 = CARTESIAN_POINT('',(894.5,7.60577136594));
#828 = CARTESIAN_POINT('',(881.,15.4));
#829 = CARTESIAN_POINT('',(894.5,23.19422863406));
#830 = CARTESIAN_POINT('',(908.,30.98845726812));
#831 = CARTESIAN_POINT('',(908.,15.4));
#832 = ( GEOMETRIC_REPRESENTATION_CONTEXT(2) 
PARAMETRIC_REPRESENTATION_CONTEXT() REPRESENTATION_CONTEXT('2D SPACE',''
  ) );
#833 = PCURVE('',#834,#839);
#834 = CYLINDRICAL_SURFACE('',#835,9.);
#835 = AXIS2_PLACEMENT_3D('',#836,#837,#838);
#836 = CARTESIAN_POINT('',(899.,15.4,-1.));
#837 = DIRECTION('',(0.,-0.,-1.));
#838 = DIRECTION('',(1.,0.,0.));
#839 = DEFINITIONAL_REPRESENTATION('',(#840),#844);
#840 = LINE('',#841,#842);
#841 = CARTESIAN_POINT('',(-6.28318530718,-1.));
#842 = VECTOR('',#843,1.);
#843 = DIRECTION('',(1.,-0.));
#844 = ( GEOMETRIC_REPRESENTATION_CONTEXT(2) 
PARAMETRIC_REPRESENTATION_CONTEXT() REPRESENTATION_CONTEXT('2D SPACE',''
  ) );
#845 = ADVANCED_FACE('',(#846,#872,#907,#942,#977),#100,.T.);
#846 = FACE_BOUND('',#847,.T.);
#847 = EDGE_LOOP('',(#848,#849,#850,#851));
#848 = ORIENTED_EDGE('',*,*,#755,.F.);
#849 = ORIENTED_EDGE('',*,*,#84,.T.);
#850 = ORIENTED_EDGE('',*,*,#496,.T.);
#851 = ORIENTED_EDGE('',*,*,#852,.F.);
#852 = EDGE_CURVE('',#733,#474,#853,.T.);
#853 = SURFACE_CURVE('',#854,(#858,#865),.PCURVE_S1.);
#854 = LINE('',#855,#856);
#855 = CARTESIAN_POINT('',(924.,50.8,0.));
#856 = VECTOR('',#857,1.);
#857 = DIRECTION('',(0.,0.,1.));
#858 = PCURVE('',#100,#859);
#859 = DEFINITIONAL_REPRESENTATION('',(#860),#864);
#860 = LINE('',#861,#862);
#861 = CARTESIAN_POINT('',(0.,924.));
#862 = VECTOR('',#863,1.);
#863 = DIRECTION('',(1.,0.));
#864 = ( GEOMETRIC_REPRESENTATION_CONTEXT(2) 
PARAMETRIC_REPRESENTATION_CONTEXT() REPRESENTATION_CONTEXT('2D SPACE',''
  ) );
#865 = PCURVE('',#316,#866);
#866 = DEFINITIONAL_REPRESENTATION('',(#867),#871);
#867 = LINE('',#868,#869);
#868 = CARTESIAN_POINT('',(0.,-50.8));
#869 = VECTOR('',#870,1.);
#870 = DIRECTION('',(1.,0.));
#871 = ( GEOMETRIC_REPRESENTATION_CONTEXT(2) 
PARAMETRIC_REPRESENTATION_CONTEXT() REPRESENTATION_CONTEXT('2D SPACE',''
  ) );
#872 = FACE_BOUND('',#873,.T.);
#873 = EDGE_LOOP('',(#874));
#874 = ORIENTED_EDGE('',*,*,#875,.T.);
#875 = EDGE_CURVE('',#876,#876,#878,.T.);
#876 = VERTEX_POINT('',#877);
#877 = CARTESIAN_POINT('',(15.,50.8,25.4));
#878 = SURFACE_CURVE('',#879,(#884,#895),.PCURVE_S1.);
#879 = CIRCLE('',#880,5.);
#880 = AXIS2_PLACEMENT_3D('',#881,#882,#883);
#881 = CARTESIAN_POINT('',(10.,50.8,25.4));
#882 = DIRECTION('',(0.,-1.,0.));
#883 = DIRECTION('',(1.,0.,0.));
#884 = PCURVE('',#100,#885);
#885 = DEFINITIONAL_REPRESENTATION('',(#886),#894);
#886 = ( BOUNDED_CURVE() B_SPLINE_CURVE(2,(#887,#888,#889,#890,#891,#892
,#893),.UNSPECIFIED.,.T.,.F.) B_SPLINE_CURVE_WITH_KNOTS((1,2,2,2,2,1),(
    -2.094395102393,0.,2.094395102393,4.188790204786,6.28318530718,
8.377580409573),.UNSPECIFIED.) CURVE() GEOMETRIC_REPRESENTATION_ITEM() 
RATIONAL_B_SPLINE_CURVE((1.,0.5,1.,0.5,1.,0.5,1.)) REPRESENTATION_ITEM(
  '') );
#887 = CARTESIAN_POINT('',(25.4,15.));
#888 = CARTESIAN_POINT('',(34.060254037844,15.));
#889 = CARTESIAN_POINT('',(29.730127018922,7.5));
#890 = CARTESIAN_POINT('',(25.4,1.7763568394E-15));
#891 = CARTESIAN_POINT('',(21.069872981078,7.5));
#892 = CARTESIAN_POINT('',(16.739745962156,15.));
#893 = CARTESIAN_POINT('',(25.4,15.));
#894 = ( GEOMETRIC_REPRESENTATION_CONTEXT(2) 
PARAMETRIC_REPRESENTATION_CONTEXT() REPRESENTATION_CONTEXT('2D SPACE',''
  ) );
#895 = PCURVE('',#896,#901);
#896 = CYLINDRICAL_SURFACE('',#897,5.);
#897 = AXIS2_PLACEMENT_3D('',#898,#899,#900);
#898 = CARTESIAN_POINT('',(10.,-1.,25.4));
#899 = DIRECTION('',(0.,-1.,0.));
#900 = DIRECTION('',(1.,0.,0.));
#901 = DEFINITIONAL_REPRESENTATION('',(#902),#906);
#902 = LINE('',#903,#904);
#903 = CARTESIAN_POINT('',(-6.28318530718,-51.8));
#904 = VECTOR('',#905,1.);
#905 = DIRECTION('',(1.,-0.));
#906 = ( GEOMETRIC_REPRESENTATION_CONTEXT(2) 
PARAMETRIC_REPRESENTATION_CONTEXT() REPRESENTATION_CONTEXT('2D SPACE',''
  ) );
#907 = FACE_BOUND('',#908,.T.);
#908 = EDGE_LOOP('',(#909));
#909 = ORIENTED_EDGE('',*,*,#910,.T.);
#910 = EDGE_CURVE('',#911,#911,#913,.T.);
#911 = VERTEX_POINT('',#912);
#912 = CARTESIAN_POINT('',(248.35,50.8,25.4));
#913 = SURFACE_CURVE('',#914,(#919,#930),.PCURVE_S1.);
#914 = CIRCLE('',#915,5.);
#915 = AXIS2_PLACEMENT_3D('',#916,#917,#918);
#916 = CARTESIAN_POINT('',(243.35,50.8,25.4));
#917 = DIRECTION('',(0.,-1.,0.));
#918 = DIRECTION('',(1.,0.,0.));
#919 = PCURVE('',#100,#920);
#920 = DEFINITIONAL_REPRESENTATION('',(#921),#929);
#921 = ( BOUNDED_CURVE() B_SPLINE_CURVE(2,(#922,#923,#924,#925,#926,#927
,#928),.UNSPECIFIED.,.T.,.F.) B_SPLINE_CURVE_WITH_KNOTS((1,2,2,2,2,1),(
    -2.094395102393,0.,2.094395102393,4.188790204786,6.28318530718,
8.377580409573),.UNSPECIFIED.) CURVE() GEOMETRIC_REPRESENTATION_ITEM() 
RATIONAL_B_SPLINE_CURVE((1.,0.5,1.,0.5,1.,0.5,1.)) REPRESENTATION_ITEM(
  '') );
#922 = CARTESIAN_POINT('',(25.4,248.35));
#923 = CARTESIAN_POINT('',(34.060254037844,248.35));
#924 = CARTESIAN_POINT('',(29.730127018922,240.85));
#925 = CARTESIAN_POINT('',(25.4,233.35));
#926 = CARTESIAN_POINT('',(21.069872981078,240.85));
#927 = CARTESIAN_POINT('',(16.739745962156,248.35));
#928 = CARTESIAN_POINT('',(25.4,248.35));
#929 = ( GEOMETRIC_REPRESENTATION_CONTEXT(2) 
PARAMETRIC_REPRESENTATION_CONTEXT() REPRESENTATION_CONTEXT('2D SPACE',''
  ) );
#930 = PCURVE('',#931,#936);
#931 = CYLINDRICAL_SURFACE('',#932,5.);
#932 = AXIS2_PLACEMENT_3D('',#933,#934,#935);
#933 = CARTESIAN_POINT('',(243.35,-1.,25.4));
#934 = DIRECTION('',(0.,-1.,0.));
#935 = DIRECTION('',(1.,0.,0.));
#936 = DEFINITIONAL_REPRESENTATION('',(#937),#941);
#937 = LINE('',#938,#939);
#938 = CARTESIAN_POINT('',(-6.28318530718,-51.8));
#939 = VECTOR('',#940,1.);
#940 = DIRECTION('',(1.,-0.));
#941 = ( GEOMETRIC_REPRESENTATION_CONTEXT(2) 
PARAMETRIC_REPRESENTATION_CONTEXT() REPRESENTATION_CONTEXT('2D SPACE',''
  ) );
#942 = FACE_BOUND('',#943,.T.);
#943 = EDGE_LOOP('',(#944));
#944 = ORIENTED_EDGE('',*,*,#945,.T.);
#945 = EDGE_CURVE('',#946,#946,#948,.T.);
#946 = VERTEX_POINT('',#947);
#947 = CARTESIAN_POINT('',(678.35,50.8,25.4));
#948 = SURFACE_CURVE('',#949,(#954,#965),.PCURVE_S1.);
#949 = CIRCLE('',#950,5.);
#950 = AXIS2_PLACEMENT_3D('',#951,#952,#953);
#951 = CARTESIAN_POINT('',(673.35,50.8,25.4));
#952 = DIRECTION('',(0.,-1.,0.));
#953 = DIRECTION('',(1.,0.,0.));
#954 = PCURVE('',#100,#955);
#955 = DEFINITIONAL_REPRESENTATION('',(#956),#964);
#956 = ( BOUNDED_CURVE() B_SPLINE_CURVE(2,(#957,#958,#959,#960,#961,#962
,#963),.UNSPECIFIED.,.T.,.F.) B_SPLINE_CURVE_WITH_KNOTS((1,2,2,2,2,1),(
    -2.094395102393,0.,2.094395102393,4.188790204786,6.28318530718,
8.377580409573),.UNSPECIFIED.) CURVE() GEOMETRIC_REPRESENTATION_ITEM() 
RATIONAL_B_SPLINE_CURVE((1.,0.5,1.,0.5,1.,0.5,1.)) REPRESENTATION_ITEM(
  '') );
#957 = CARTESIAN_POINT('',(25.4,678.35));
#958 = CARTESIAN_POINT('',(34.060254037844,678.35));
#959 = CARTESIAN_POINT('',(29.730127018922,670.85));
#960 = CARTESIAN_POINT('',(25.4,663.35));
#961 = CARTESIAN_POINT('',(21.069872981078,670.85));
#962 = CARTESIAN_POINT('',(16.739745962156,678.35));
#963 = CARTESIAN_POINT('',(25.4,678.35));
#964 = ( GEOMETRIC_REPRESENTATION_CONTEXT(2) 
PARAMETRIC_REPRESENTATION_CONTEXT() REPRESENTATION_CONTEXT('2D SPACE',''
  ) );
#965 = PCURVE('',#966,#971);
#966 = CYLINDRICAL_SURFACE('',#967,5.);
#967 = AXIS2_PLACEMENT_3D('',#968,#969,#970);
#968 = CARTESIAN_POINT('',(673.35,-1.,25.4));
#969 = DIRECTION('',(0.,-1.,0.));
#970 = DIRECTION('',(1.,0.,0.));
#971 = DEFINITIONAL_REPRESENTATION('',(#972),#976);
#972 = LINE('',#973,#974);
#973 = CARTESIAN_POINT('',(-6.28318530718,-51.8));
#974 = VECTOR('',#975,1.);
#975 = DIRECTION('',(1.,-0.));
#976 = ( GEOMETRIC_REPRESENTATION_CONTEXT(2) 
PARAMETRIC_REPRESENTATION_CONTEXT() REPRESENTATION_CONTEXT('2D SPACE',''
  ) );
#977 = FACE_BOUND('',#978,.T.);
#978 = EDGE_LOOP('',(#979));
#979 = ORIENTED_EDGE('',*,*,#980,.T.);
#980 = EDGE_CURVE('',#981,#981,#983,.T.);
#981 = VERTEX_POINT('',#982);
#982 = CARTESIAN_POINT('',(919.,50.8,25.4));
#983 = SURFACE_CURVE('',#984,(#989,#1000),.PCURVE_S1.);
#984 = CIRCLE('',#985,5.);
#985 = AXIS2_PLACEMENT_3D('',#986,#987,#988);
#986 = CARTESIAN_POINT('',(914.,50.8,25.4));
#987 = DIRECTION('',(0.,-1.,0.));
#988 = DIRECTION('',(1.,0.,0.));
#989 = PCURVE('',#100,#990);
#990 = DEFINITIONAL_REPRESENTATION('',(#991),#999);
#991 = ( BOUNDED_CURVE() B_SPLINE_CURVE(2,(#992,#993,#994,#995,#996,#997
,#998),.UNSPECIFIED.,.T.,.F.) B_SPLINE_CURVE_WITH_KNOTS((1,2,2,2,2,1),(
    -2.094395102393,0.,2.094395102393,4.188790204786,6.28318530718,
8.377580409573),.UNSPECIFIED.) CURVE() GEOMETRIC_REPRESENTATION_ITEM() 
RATIONAL_B_SPLINE_CURVE((1.,0.5,1.,0.5,1.,0.5,1.)) REPRESENTATION_ITEM(
  '') );
#992 = CARTESIAN_POINT('',(25.4,919.));
#993 = CARTESIAN_POINT('',(34.060254037844,919.));
#994 = CARTESIAN_POINT('',(29.730127018922,911.5));
#995 = CARTESIAN_POINT('',(25.4,904.));
#996 = CARTESIAN_POINT('',(21.069872981078,911.5));
#997 = CARTESIAN_POINT('',(16.739745962156,919.));
#998 = CARTESIAN_POINT('',(25.4,919.));
#999 = ( GEOMETRIC_REPRESENTATION_CONTEXT(2) 
PARAMETRIC_REPRESENTATION_CONTEXT() REPRESENTATION_CONTEXT('2D SPACE',''
  ) );
#1000 = PCURVE('',#1001,#1006);
#1001 = CYLINDRICAL_SURFACE('',#1002,5.);
#1002 = AXIS2_PLACEMENT_3D('',#1003,#1004,#1005);
#1003 = CARTESIAN_POINT('',(914.,-1.,25.4));
#1004 = DIRECTION('',(0.,-1.,0.));
#1005 = DIRECTION('',(1.,0.,0.));
#1006 = DEFINITIONAL_REPRESENTATION('',(#1007),#1011);
#1007 = LINE('',#1008,#1009);
#1008 = CARTESIAN_POINT('',(-6.28318530718,-51.8));
#1009 = VECTOR('',#1010,1.);
#1010 = DIRECTION('',(1.,-0.));
#1011 = ( GEOMETRIC_REPRESENTATION_CONTEXT(2) 
PARAMETRIC_REPRESENTATION_CONTEXT() REPRESENTATION_CONTEXT('2D SPACE',''
  ) );
#1012 = ADVANCED_FACE('',(#1013,#1083,#1113),#158,.T.);
#1013 = FACE_BOUND('',#1014,.T.);
#1014 = EDGE_LOOP('',(#1015,#1038,#1039,#1062));
#1015 = ORIENTED_EDGE('',*,*,#1016,.F.);
#1016 = EDGE_CURVE('',#141,#1017,#1019,.T.);
#1017 = VERTEX_POINT('',#1018);
#1018 = CARTESIAN_POINT('',(924.,47.752,3.048));
#1019 = SURFACE_CURVE('',#1020,(#1024,#1031),.PCURVE_S1.);
#1020 = LINE('',#1021,#1022);
#1021 = CARTESIAN_POINT('',(-1.,47.752,3.048));
#1022 = VECTOR('',#1023,1.);
#1023 = DIRECTION('',(1.,0.,0.));
#1024 = PCURVE('',#158,#1025);
#1025 = DEFINITIONAL_REPRESENTATION('',(#1026),#1030);
#1026 = LINE('',#1027,#1028);
#1027 = CARTESIAN_POINT('',(0.,44.704));
#1028 = VECTOR('',#1029,1.);
#1029 = DIRECTION('',(1.,0.));
#1030 = ( GEOMETRIC_REPRESENTATION_CONTEXT(2) 
PARAMETRIC_REPRESENTATION_CONTEXT() REPRESENTATION_CONTEXT('2D SPACE',''
  ) );
#1031 = PCURVE('',#240,#1032);
#1032 = DEFINITIONAL_REPRESENTATION('',(#1033),#1037);
#1033 = LINE('',#1034,#1035);
#1034 = CARTESIAN_POINT('',(0.,0.));
#1035 = VECTOR('',#1036,1.);
#1036 = DIRECTION('',(0.,1.));
#1037 = ( GEOMETRIC_REPRESENTATION_CONTEXT(2) 
PARAMETRIC_REPRESENTATION_CONTEXT() REPRESENTATION_CONTEXT('2D SPACE',''
  ) );
#1038 = ORIENTED_EDGE('',*,*,#140,.T.);
#1039 = ORIENTED_EDGE('',*,*,#1040,.T.);
#1040 = EDGE_CURVE('',#143,#1041,#1043,.T.);
#1041 = VERTEX_POINT('',#1042);
#1042 = CARTESIAN_POINT('',(924.,3.048,3.048));
#1043 = SURFACE_CURVE('',#1044,(#1048,#1055),.PCURVE_S1.);
#1044 = LINE('',#1045,#1046);
#1045 = CARTESIAN_POINT('',(-1.,3.048,3.048));
#1046 = VECTOR('',#1047,1.);
#1047 = DIRECTION('',(1.,0.,0.));
#1048 = PCURVE('',#158,#1049);
#1049 = DEFINITIONAL_REPRESENTATION('',(#1050),#1054);
#1050 = LINE('',#1051,#1052);
#1051 = CARTESIAN_POINT('',(0.,0.));
#1052 = VECTOR('',#1053,1.);
#1053 = DIRECTION('',(1.,0.));
#1054 = ( GEOMETRIC_REPRESENTATION_CONTEXT(2) 
PARAMETRIC_REPRESENTATION_CONTEXT() REPRESENTATION_CONTEXT('2D SPACE',''
  ) );
#1055 = PCURVE('',#186,#1056);
#1056 = DEFINITIONAL_REPRESENTATION('',(#1057),#1061);
#1057 = LINE('',#1058,#1059);
#1058 = CARTESIAN_POINT('',(0.,0.));
#1059 = VECTOR('',#1060,1.);
#1060 = DIRECTION('',(0.,1.));
#1061 = ( GEOMETRIC_REPRESENTATION_CONTEXT(2) 
PARAMETRIC_REPRESENTATION_CONTEXT() REPRESENTATION_CONTEXT('2D SPACE',''
  ) );
#1062 = ORIENTED_EDGE('',*,*,#1063,.F.);
#1063 = EDGE_CURVE('',#1017,#1041,#1064,.T.);
#1064 = SURFACE_CURVE('',#1065,(#1069,#1076),.PCURVE_S1.);
#1065 = LINE('',#1066,#1067);
#1066 = CARTESIAN_POINT('',(924.,1.524,3.048));
#1067 = VECTOR('',#1068,1.);
#1068 = DIRECTION('',(0.,-1.,0.));
#1069 = PCURVE('',#158,#1070);
#1070 = DEFINITIONAL_REPRESENTATION('',(#1071),#1075);
#1071 = LINE('',#1072,#1073);
#1072 = CARTESIAN_POINT('',(925.,-1.524));
#1073 = VECTOR('',#1074,1.);
#1074 = DIRECTION('',(0.,-1.));
#1075 = ( GEOMETRIC_REPRESENTATION_CONTEXT(2) 
PARAMETRIC_REPRESENTATION_CONTEXT() REPRESENTATION_CONTEXT('2D SPACE',''
  ) );
#1076 = PCURVE('',#316,#1077);
#1077 = DEFINITIONAL_REPRESENTATION('',(#1078),#1082);
#1078 = LINE('',#1079,#1080);
#1079 = CARTESIAN_POINT('',(3.048,-1.524));
#1080 = VECTOR('',#1081,1.);
#1081 = DIRECTION('',(0.,1.));
#1082 = ( GEOMETRIC_REPRESENTATION_CONTEXT(2) 
PARAMETRIC_REPRESENTATION_CONTEXT() REPRESENTATION_CONTEXT('2D SPACE',''
  ) );
#1083 = FACE_BOUND('',#1084,.T.);
#1084 = EDGE_LOOP('',(#1085));
#1085 = ORIENTED_EDGE('',*,*,#1086,.T.);
#1086 = EDGE_CURVE('',#1087,#1087,#1089,.T.);
#1087 = VERTEX_POINT('',#1088);
#1088 = CARTESIAN_POINT('',(34.,15.4,3.048));
#1089 = SURFACE_CURVE('',#1090,(#1095,#1106),.PCURVE_S1.);
#1090 = CIRCLE('',#1091,9.);
#1091 = AXIS2_PLACEMENT_3D('',#1092,#1093,#1094);
#1092 = CARTESIAN_POINT('',(25.,15.4,3.048));
#1093 = DIRECTION('',(0.,0.,-1.));
#1094 = DIRECTION('',(1.,0.,0.));
#1095 = PCURVE('',#158,#1096);
#1096 = DEFINITIONAL_REPRESENTATION('',(#1097),#1105);
#1097 = ( BOUNDED_CURVE() B_SPLINE_CURVE(2,(#1098,#1099,#1100,#1101,
#1102,#1103,#1104),.UNSPECIFIED.,.T.,.F.) B_SPLINE_CURVE_WITH_KNOTS((1,2
    ,2,2,2,1),(-2.094395102393,0.,2.094395102393,4.188790204786,
6.28318530718,8.377580409573),.UNSPECIFIED.) CURVE() 
GEOMETRIC_REPRESENTATION_ITEM() RATIONAL_B_SPLINE_CURVE((1.,0.5,1.,0.5,
1.,0.5,1.)) REPRESENTATION_ITEM('') );
#1098 = CARTESIAN_POINT('',(35.,12.352));
#1099 = CARTESIAN_POINT('',(35.,-3.23645726812));
#1100 = CARTESIAN_POINT('',(21.5,4.55777136594));
#1101 = CARTESIAN_POINT('',(8.,12.352));
#1102 = CARTESIAN_POINT('',(21.5,20.14622863406));
#1103 = CARTESIAN_POINT('',(35.,27.94045726812));
#1104 = CARTESIAN_POINT('',(35.,12.352));
#1105 = ( GEOMETRIC_REPRESENTATION_CONTEXT(2) 
PARAMETRIC_REPRESENTATION_CONTEXT() REPRESENTATION_CONTEXT('2D SPACE',''
  ) );
#1106 = PCURVE('',#799,#1107);
#1107 = DEFINITIONAL_REPRESENTATION('',(#1108),#1112);
#1108 = LINE('',#1109,#1110);
#1109 = CARTESIAN_POINT('',(-6.28318530718,-4.048));
#1110 = VECTOR('',#1111,1.);
#1111 = DIRECTION('',(1.,-0.));
#1112 = ( GEOMETRIC_REPRESENTATION_CONTEXT(2) 
PARAMETRIC_REPRESENTATION_CONTEXT() REPRESENTATION_CONTEXT('2D SPACE',''
  ) );
#1113 = FACE_BOUND('',#1114,.T.);
#1114 = EDGE_LOOP('',(#1115));
#1115 = ORIENTED_EDGE('',*,*,#1116,.T.);
#1116 = EDGE_CURVE('',#1117,#1117,#1119,.T.);
#1117 = VERTEX_POINT('',#1118);
#1118 = CARTESIAN_POINT('',(908.,15.4,3.048));
#1119 = SURFACE_CURVE('',#1120,(#1125,#1136),.PCURVE_S1.);
#1120 = CIRCLE('',#1121,9.);
#1121 = AXIS2_PLACEMENT_3D('',#1122,#1123,#1124);
#1122 = CARTESIAN_POINT('',(899.,15.4,3.048));
#1123 = DIRECTION('',(0.,0.,-1.));
#1124 = DIRECTION('',(1.,0.,0.));
#1125 = PCURVE('',#158,#1126);
#1126 = DEFINITIONAL_REPRESENTATION('',(#1127),#1135);
#1127 = ( BOUNDED_CURVE() B_SPLINE_CURVE(2,(#1128,#1129,#1130,#1131,
#1132,#1133,#1134),.UNSPECIFIED.,.T.,.F.) B_SPLINE_CURVE_WITH_KNOTS((1,2
    ,2,2,2,1),(-2.094395102393,0.,2.094395102393,4.188790204786,
6.28318530718,8.377580409573),.UNSPECIFIED.) CURVE() 
GEOMETRIC_REPRESENTATION_ITEM() RATIONAL_B_SPLINE_CURVE((1.,0.5,1.,0.5,
1.,0.5,1.)) REPRESENTATION_ITEM('') );
#1128 = CARTESIAN_POINT('',(909.,12.352));
#1129 = CARTESIAN_POINT('',(909.,-3.23645726812));
#1130 = CARTESIAN_POINT('',(895.5,4.55777136594));
#1131 = CARTESIAN_POINT('',(882.,12.352));
#1132 = CARTESIAN_POINT('',(895.5,20.14622863406));
#1133 = CARTESIAN_POINT('',(909.,27.94045726812));
#1134 = CARTESIAN_POINT('',(909.,12.352));
#1135 = ( GEOMETRIC_REPRESENTATION_CONTEXT(2) 
PARAMETRIC_REPRESENTATION_CONTEXT() REPRESENTATION_CONTEXT('2D SPACE',''
  ) );
#1136 = PCURVE('',#834,#1137);
#1137 = DEFINITIONAL_REPRESENTATION('',(#1138),#1142);
#1138 = LINE('',#1139,#1140);
#1139 = CARTESIAN_POINT('',(-6.28318530718,-4.048));
#1140 = VECTOR('',#1141,1.);
#1141 = DIRECTION('',(1.,-0.));
#1142 = ( GEOMETRIC_REPRESENTATION_CONTEXT(2) 
PARAMETRIC_REPRESENTATION_CONTEXT() REPRESENTATION_CONTEXT('2D SPACE',''
  ) );
#1143 = ADVANCED_FACE('',(#1144,#1192,#1222,#1252,#1282),#240,.F.);
#1144 = FACE_BOUND('',#1145,.F.);
#1145 = EDGE_LOOP('',(#1146,#1147,#1148,#1171));
#1146 = ORIENTED_EDGE('',*,*,#1016,.F.);
#1147 = ORIENTED_EDGE('',*,*,#226,.T.);
#1148 = ORIENTED_EDGE('',*,*,#1149,.T.);
#1149 = EDGE_CURVE('',#199,#1150,#1152,.T.);
#1150 = VERTEX_POINT('',#1151);
#1151 = CARTESIAN_POINT('',(924.,47.752,47.752));
#1152 = SURFACE_CURVE('',#1153,(#1157,#1164),.PCURVE_S1.);
#1153 = LINE('',#1154,#1155);
#1154 = CARTESIAN_POINT('',(-1.,47.752,47.752));
#1155 = VECTOR('',#1156,1.);
#1156 = DIRECTION('',(1.,0.,0.));
#1157 = PCURVE('',#240,#1158);
#1158 = DEFINITIONAL_REPRESENTATION('',(#1159),#1163);
#1159 = LINE('',#1160,#1161);
#1160 = CARTESIAN_POINT('',(44.704,0.));
#1161 = VECTOR('',#1162,1.);
#1162 = DIRECTION('',(0.,1.));
#1163 = ( GEOMETRIC_REPRESENTATION_CONTEXT(2) 
PARAMETRIC_REPRESENTATION_CONTEXT() REPRESENTATION_CONTEXT('2D SPACE',''
  ) );
#1164 = PCURVE('',#214,#1165);
#1165 = DEFINITIONAL_REPRESENTATION('',(#1166),#1170);
#1166 = LINE('',#1167,#1168);
#1167 = CARTESIAN_POINT('',(0.,44.704));
#1168 = VECTOR('',#1169,1.);
#1169 = DIRECTION('',(1.,0.));
#1170 = ( GEOMETRIC_REPRESENTATION_CONTEXT(2) 
PARAMETRIC_REPRESENTATION_CONTEXT() REPRESENTATION_CONTEXT('2D SPACE',''
  ) );
#1171 = ORIENTED_EDGE('',*,*,#1172,.F.);
#1172 = EDGE_CURVE('',#1017,#1150,#1173,.T.);
#1173 = SURFACE_CURVE('',#1174,(#1178,#1185),.PCURVE_S1.);
#1174 = LINE('',#1175,#1176);
#1175 = CARTESIAN_POINT('',(924.,47.752,1.524));
#1176 = VECTOR('',#1177,1.);
#1177 = DIRECTION('',(0.,0.,1.));
#1178 = PCURVE('',#240,#1179);
#1179 = DEFINITIONAL_REPRESENTATION('',(#1180),#1184);
#1180 = LINE('',#1181,#1182);
#1181 = CARTESIAN_POINT('',(-1.524,925.));
#1182 = VECTOR('',#1183,1.);
#1183 = DIRECTION('',(1.,0.));
#1184 = ( GEOMETRIC_REPRESENTATION_CONTEXT(2) 
PARAMETRIC_REPRESENTATION_CONTEXT() REPRESENTATION_CONTEXT('2D SPACE',''
  ) );
#1185 = PCURVE('',#316,#1186);
#1186 = DEFINITIONAL_REPRESENTATION('',(#1187),#1191);
#1187 = LINE('',#1188,#1189);
#1188 = CARTESIAN_POINT('',(1.524,-47.752));
#1189 = VECTOR('',#1190,1.);
#1190 = DIRECTION('',(1.,0.));
#1191 = ( GEOMETRIC_REPRESENTATION_CONTEXT(2) 
PARAMETRIC_REPRESENTATION_CONTEXT() REPRESENTATION_CONTEXT('2D SPACE',''
  ) );
#1192 = FACE_BOUND('',#1193,.F.);
#1193 = EDGE_LOOP('',(#1194));
#1194 = ORIENTED_EDGE('',*,*,#1195,.T.);
#1195 = EDGE_CURVE('',#1196,#1196,#1198,.T.);
#1196 = VERTEX_POINT('',#1197);
#1197 = CARTESIAN_POINT('',(15.,47.752,25.4));
#1198 = SURFACE_CURVE('',#1199,(#1204,#1215),.PCURVE_S1.);
#1199 = CIRCLE('',#1200,5.);
#1200 = AXIS2_PLACEMENT_3D('',#1201,#1202,#1203);
#1201 = CARTESIAN_POINT('',(10.,47.752,25.4));
#1202 = DIRECTION('',(0.,-1.,0.));
#1203 = DIRECTION('',(1.,0.,0.));
#1204 = PCURVE('',#240,#1205);
#1205 = DEFINITIONAL_REPRESENTATION('',(#1206),#1214);
#1206 = ( BOUNDED_CURVE() B_SPLINE_CURVE(2,(#1207,#1208,#1209,#1210,
#1211,#1212,#1213),.UNSPECIFIED.,.T.,.F.) B_SPLINE_CURVE_WITH_KNOTS((1,2
    ,2,2,2,1),(-2.094395102393,0.,2.094395102393,4.188790204786,
6.28318530718,8.377580409573),.UNSPECIFIED.) CURVE() 
GEOMETRIC_REPRESENTATION_ITEM() RATIONAL_B_SPLINE_CURVE((1.,0.5,1.,0.5,
1.,0.5,1.)) REPRESENTATION_ITEM('') );
#1207 = CARTESIAN_POINT('',(22.352,16.));
#1208 = CARTESIAN_POINT('',(31.012254037844,16.));
#1209 = CARTESIAN_POINT('',(26.682127018922,8.5));
#1210 = CARTESIAN_POINT('',(22.352,1.));
#1211 = CARTESIAN_POINT('',(18.021872981078,8.5));
#1212 = CARTESIAN_POINT('',(13.691745962156,16.));
#1213 = CARTESIAN_POINT('',(22.352,16.));
#1214 = ( GEOMETRIC_REPRESENTATION_CONTEXT(2) 
PARAMETRIC_REPRESENTATION_CONTEXT() REPRESENTATION_CONTEXT('2D SPACE',''
  ) );
#1215 = PCURVE('',#896,#1216);
#1216 = DEFINITIONAL_REPRESENTATION('',(#1217),#1221);
#1217 = LINE('',#1218,#1219);
#1218 = CARTESIAN_POINT('',(-6.28318530718,-48.752));
#1219 = VECTOR('',#1220,1.);
#1220 = DIRECTION('',(1.,-0.));
#1221 = ( GEOMETRIC_REPRESENTATION_CONTEXT(2) 
PARAMETRIC_REPRESENTATION_CONTEXT() REPRESENTATION_CONTEXT('2D SPACE',''
  ) );
#1222 = FACE_BOUND('',#1223,.F.);
#1223 = EDGE_LOOP('',(#1224));
#1224 = ORIENTED_EDGE('',*,*,#1225,.T.);
#1225 = EDGE_CURVE('',#1226,#1226,#1228,.T.);
#1226 = VERTEX_POINT('',#1227);
#1227 = CARTESIAN_POINT('',(248.35,47.752,25.4));
#1228 = SURFACE_CURVE('',#1229,(#1234,#1245),.PCURVE_S1.);
#1229 = CIRCLE('',#1230,5.);
#1230 = AXIS2_PLACEMENT_3D('',#1231,#1232,#1233);
#1231 = CARTESIAN_POINT('',(243.35,47.752,25.4));
#1232 = DIRECTION('',(0.,-1.,0.));
#1233 = DIRECTION('',(1.,0.,0.));
#1234 = PCURVE('',#240,#1235);
#1235 = DEFINITIONAL_REPRESENTATION('',(#1236),#1244);
#1236 = ( BOUNDED_CURVE() B_SPLINE_CURVE(2,(#1237,#1238,#1239,#1240,
#1241,#1242,#1243),.UNSPECIFIED.,.T.,.F.) B_SPLINE_CURVE_WITH_KNOTS((1,2
    ,2,2,2,1),(-2.094395102393,0.,2.094395102393,4.188790204786,
6.28318530718,8.377580409573),.UNSPECIFIED.) CURVE() 
GEOMETRIC_REPRESENTATION_ITEM() RATIONAL_B_SPLINE_CURVE((1.,0.5,1.,0.5,
1.,0.5,1.)) REPRESENTATION_ITEM('') );
#1237 = CARTESIAN_POINT('',(22.352,249.35));
#1238 = CARTESIAN_POINT('',(31.012254037844,249.35));
#1239 = CARTESIAN_POINT('',(26.682127018922,241.85));
#1240 = CARTESIAN_POINT('',(22.352,234.35));
#1241 = CARTESIAN_POINT('',(18.021872981078,241.85));
#1242 = CARTESIAN_POINT('',(13.691745962156,249.35));
#1243 = CARTESIAN_POINT('',(22.352,249.35));
#1244 = ( GEOMETRIC_REPRESENTATION_CONTEXT(2) 
PARAMETRIC_REPRESENTATION_CONTEXT() REPRESENTATION_CONTEXT('2D SPACE',''
  ) );
#1245 = PCURVE('',#931,#1246);
#1246 = DEFINITIONAL_REPRESENTATION('',(#1247),#1251);
#1247 = LINE('',#1248,#1249);
#1248 = CARTESIAN_POINT('',(-6.28318530718,-48.752));
#1249 = VECTOR('',#1250,1.);
#1250 = DIRECTION('',(1.,-0.));
#1251 = ( GEOMETRIC_REPRESENTATION_CONTEXT(2) 
PARAMETRIC_REPRESENTATION_CONTEXT() REPRESENTATION_CONTEXT('2D SPACE',''
  ) );
#1252 = FACE_BOUND('',#1253,.F.);
#1253 = EDGE_LOOP('',(#1254));
#1254 = ORIENTED_EDGE('',*,*,#1255,.T.);
#1255 = EDGE_CURVE('',#1256,#1256,#1258,.T.);
#1256 = VERTEX_POINT('',#1257);
#1257 = CARTESIAN_POINT('',(678.35,47.752,25.4));
#1258 = SURFACE_CURVE('',#1259,(#1264,#1275),.PCURVE_S1.);
#1259 = CIRCLE('',#1260,5.);
#1260 = AXIS2_PLACEMENT_3D('',#1261,#1262,#1263);
#1261 = CARTESIAN_POINT('',(673.35,47.752,25.4));
#1262 = DIRECTION('',(0.,-1.,0.));
#1263 = DIRECTION('',(1.,0.,0.));
#1264 = PCURVE('',#240,#1265);
#1265 = DEFINITIONAL_REPRESENTATION('',(#1266),#1274);
#1266 = ( BOUNDED_CURVE() B_SPLINE_CURVE(2,(#1267,#1268,#1269,#1270,
#1271,#1272,#1273),.UNSPECIFIED.,.T.,.F.) B_SPLINE_CURVE_WITH_KNOTS((1,2
    ,2,2,2,1),(-2.094395102393,0.,2.094395102393,4.188790204786,
6.28318530718,8.377580409573),.UNSPECIFIED.) CURVE() 
GEOMETRIC_REPRESENTATION_ITEM() RATIONAL_B_SPLINE_CURVE((1.,0.5,1.,0.5,
1.,0.5,1.)) REPRESENTATION_ITEM('') );
#1267 = CARTESIAN_POINT('',(22.352,679.35));
#1268 = CARTESIAN_POINT('',(31.012254037844,679.35));
#1269 = CARTESIAN_POINT('',(26.682127018922,671.85));
#1270 = CARTESIAN_POINT('',(22.352,664.35));
#1271 = CARTESIAN_POINT('',(18.021872981078,671.85));
#1272 = CARTESIAN_POINT('',(13.691745962156,679.35));
#1273 = CARTESIAN_POINT('',(22.352,679.35));
#1274 = ( GEOMETRIC_REPRESENTATION_CONTEXT(2) 
PARAMETRIC_REPRESENTATION_CONTEXT() REPRESENTATION_CONTEXT('2D SPACE',''
  ) );
#1275 = PCURVE('',#966,#1276);
#1276 = DEFINITIONAL_REPRESENTATION('',(#1277),#1281);
#1277 = LINE('',#1278,#1279);
#1278 = CARTESIAN_POINT('',(-6.28318530718,-48.752));
#1279 = VECTOR('',#1280,1.);
#1280 = DIRECTION('',(1.,-0.));
#1281 = ( GEOMETRIC_REPRESENTATION_CONTEXT(2) 
PARAMETRIC_REPRESENTATION_CONTEXT() REPRESENTATION_CONTEXT('2D SPACE',''
  ) );
#1282 = FACE_BOUND('',#1283,.F.);
#1283 = EDGE_LOOP('',(#1284));
#1284 = ORIENTED_EDGE('',*,*,#1285,.T.);
#1285 = EDGE_CURVE('',#1286,#1286,#1288,.T.);
#1286 = VERTEX_POINT('',#1287);
#1287 = CARTESIAN_POINT('',(919.,47.752,25.4));
#1288 = SURFACE_CURVE('',#1289,(#1294,#1305),.PCURVE_S1.);
#1289 = CIRCLE('',#1290,5.);
#1290 = AXIS2_PLACEMENT_3D('',#1291,#1292,#1293);
#1291 = CARTESIAN_POINT('',(914.,47.752,25.4));
#1292 = DIRECTION('',(0.,-1.,0.));
#1293 = DIRECTION('',(1.,0.,0.));
#1294 = PCURVE('',#240,#1295);
#1295 = DEFINITIONAL_REPRESENTATION('',(#1296),#1304);
#1296 = ( BOUNDED_CURVE() B_SPLINE_CURVE(2,(#1297,#1298,#1299,#1300,
#1301,#1302,#1303),.UNSPECIFIED.,.T.,.F.) B_SPLINE_CURVE_WITH_KNOTS((1,2
    ,2,2,2,1),(-2.094395102393,0.,2.094395102393,4.188790204786,
6.28318530718,8.377580409573),.UNSPECIFIED.) CURVE() 
GEOMETRIC_REPRESENTATION_ITEM() RATIONAL_B_SPLINE_CURVE((1.,0.5,1.,0.5,
1.,0.5,1.)) REPRESENTATION_ITEM('') );
#1297 = CARTESIAN_POINT('',(22.352,920.));
#1298 = CARTESIAN_POINT('',(31.012254037844,920.));
#1299 = CARTESIAN_POINT('',(26.682127018922,912.5));
#1300 = CARTESIAN_POINT('',(22.352,905.));
#1301 = CARTESIAN_POINT('',(18.021872981078,912.5));
#1302 = CARTESIAN_POINT('',(13.691745962156,920.));
#1303 = CARTESIAN_POINT('',(22.352,920.));
#1304 = ( GEOMETRIC_REPRESENTATION_CONTEXT(2) 
PARAMETRIC_REPRESENTATION_CONTEXT() REPRESENTATION_CONTEXT('2D SPACE',''
  ) );
#1305 = PCURVE('',#1001,#1306);
#1306 = DEFINITIONAL_REPRESENTATION('',(#1307),#1311);
#1307 = LINE('',#1308,#1309);
#1308 = CARTESIAN_POINT('',(-6.28318530718,-48.752));
#1309 = VECTOR('',#1310,1.);
#1310 = DIRECTION('',(1.,-0.));
#1311 = ( GEOMETRIC_REPRESENTATION_CONTEXT(2) 
PARAMETRIC_REPRESENTATION_CONTEXT() REPRESENTATION_CONTEXT('2D SPACE',''
  ) );
#1312 = ADVANCED_FACE('',(#1313,#1361,#1391,#1421,#1451,#1481,#1511),
  #214,.F.);
#1313 = FACE_BOUND('',#1314,.F.);
#1314 = EDGE_LOOP('',(#1315,#1316,#1317,#1340));
#1315 = ORIENTED_EDGE('',*,*,#1149,.F.);
#1316 = ORIENTED_EDGE('',*,*,#198,.T.);
#1317 = ORIENTED_EDGE('',*,*,#1318,.T.);
#1318 = EDGE_CURVE('',#171,#1319,#1321,.T.);
#1319 = VERTEX_POINT('',#1320);
#1320 = CARTESIAN_POINT('',(924.,3.048,47.752));
#1321 = SURFACE_CURVE('',#1322,(#1326,#1333),.PCURVE_S1.);
#1322 = LINE('',#1323,#1324);
#1323 = CARTESIAN_POINT('',(-1.,3.048,47.752));
#1324 = VECTOR('',#1325,1.);
#1325 = DIRECTION('',(1.,0.,0.));
#1326 = PCURVE('',#214,#1327);
#1327 = DEFINITIONAL_REPRESENTATION('',(#1328),#1332);
#1328 = LINE('',#1329,#1330);
#1329 = CARTESIAN_POINT('',(0.,0.));
#1330 = VECTOR('',#1331,1.);
#1331 = DIRECTION('',(1.,0.));
#1332 = ( GEOMETRIC_REPRESENTATION_CONTEXT(2) 
PARAMETRIC_REPRESENTATION_CONTEXT() REPRESENTATION_CONTEXT('2D SPACE',''
  ) );
#1333 = PCURVE('',#186,#1334);
#1334 = DEFINITIONAL_REPRESENTATION('',(#1335),#1339);
#1335 = LINE('',#1336,#1337);
#1336 = CARTESIAN_POINT('',(44.704,0.));
#1337 = VECTOR('',#1338,1.);
#1338 = DIRECTION('',(0.,1.));
#1339 = ( GEOMETRIC_REPRESENTATION_CONTEXT(2) 
PARAMETRIC_REPRESENTATION_CONTEXT() REPRESENTATION_CONTEXT('2D SPACE',''
  ) );
#1340 = ORIENTED_EDGE('',*,*,#1341,.F.);
#1341 = EDGE_CURVE('',#1150,#1319,#1342,.T.);
#1342 = SURFACE_CURVE('',#1343,(#1347,#1354),.PCURVE_S1.);
#1343 = LINE('',#1344,#1345);
#1344 = CARTESIAN_POINT('',(924.,1.524,47.752));
#1345 = VECTOR('',#1346,1.);
#1346 = DIRECTION('',(0.,-1.,0.));
#1347 = PCURVE('',#214,#1348);
#1348 = DEFINITIONAL_REPRESENTATION('',(#1349),#1353);
#1349 = LINE('',#1350,#1351);
#1350 = CARTESIAN_POINT('',(925.,-1.524));
#1351 = VECTOR('',#1352,1.);
#1352 = DIRECTION('',(0.,-1.));
#1353 = ( GEOMETRIC_REPRESENTATION_CONTEXT(2) 
PARAMETRIC_REPRESENTATION_CONTEXT() REPRESENTATION_CONTEXT('2D SPACE',''
  ) );
#1354 = PCURVE('',#316,#1355);
#1355 = DEFINITIONAL_REPRESENTATION('',(#1356),#1360);
#1356 = LINE('',#1357,#1358);
#1357 = CARTESIAN_POINT('',(47.752,-1.524));
#1358 = VECTOR('',#1359,1.);
#1359 = DIRECTION('',(0.,1.));
#1360 = ( GEOMETRIC_REPRESENTATION_CONTEXT(2) 
PARAMETRIC_REPRESENTATION_CONTEXT() REPRESENTATION_CONTEXT('2D SPACE',''
  ) );
#1361 = FACE_BOUND('',#1362,.F.);
#1362 = EDGE_LOOP('',(#1363));
#1363 = ORIENTED_EDGE('',*,*,#1364,.T.);
#1364 = EDGE_CURVE('',#1365,#1365,#1367,.T.);
#1365 = VERTEX_POINT('',#1366);
#1366 = CARTESIAN_POINT('',(34.,15.4,47.752));
#1367 = SURFACE_CURVE('',#1368,(#1373,#1384),.PCURVE_S1.);
#1368 = CIRCLE('',#1369,9.);
#1369 = AXIS2_PLACEMENT_3D('',#1370,#1371,#1372);
#1370 = CARTESIAN_POINT('',(25.,15.4,47.752));
#1371 = DIRECTION('',(0.,0.,-1.));
#1372 = DIRECTION('',(1.,0.,0.));
#1373 = PCURVE('',#214,#1374);
#1374 = DEFINITIONAL_REPRESENTATION('',(#1375),#1383);
#1375 = ( BOUNDED_CURVE() B_SPLINE_CURVE(2,(#1376,#1377,#1378,#1379,
#1380,#1381,#1382),.UNSPECIFIED.,.T.,.F.) B_SPLINE_CURVE_WITH_KNOTS((1,2
    ,2,2,2,1),(-2.094395102393,0.,2.094395102393,4.188790204786,
6.28318530718,8.377580409573),.UNSPECIFIED.) CURVE() 
GEOMETRIC_REPRESENTATION_ITEM() RATIONAL_B_SPLINE_CURVE((1.,0.5,1.,0.5,
1.,0.5,1.)) REPRESENTATION_ITEM('') );
#1376 = CARTESIAN_POINT('',(35.,12.352));
#1377 = CARTESIAN_POINT('',(35.,-3.23645726812));
#1378 = CARTESIAN_POINT('',(21.5,4.55777136594));
#1379 = CARTESIAN_POINT('',(8.,12.352));
#1380 = CARTESIAN_POINT('',(21.5,20.14622863406));
#1381 = CARTESIAN_POINT('',(35.,27.94045726812));
#1382 = CARTESIAN_POINT('',(35.,12.352));
#1383 = ( GEOMETRIC_REPRESENTATION_CONTEXT(2) 
PARAMETRIC_REPRESENTATION_CONTEXT() REPRESENTATION_CONTEXT('2D SPACE',''
  ) );
#1384 = PCURVE('',#540,#1385);
#1385 = DEFINITIONAL_REPRESENTATION('',(#1386),#1390);
#1386 = LINE('',#1387,#1388);
#1387 = CARTESIAN_POINT('',(-6.28318530718,-48.752));
#1388 = VECTOR('',#1389,1.);
#1389 = DIRECTION('',(1.,-0.));
#1390 = ( GEOMETRIC_REPRESENTATION_CONTEXT(2) 
PARAMETRIC_REPRESENTATION_CONTEXT() REPRESENTATION_CONTEXT('2D SPACE',''
  ) );
#1391 = FACE_BOUND('',#1392,.F.);
#1392 = EDGE_LOOP('',(#1393));
#1393 = ORIENTED_EDGE('',*,*,#1394,.T.);
#1394 = EDGE_CURVE('',#1395,#1395,#1397,.T.);
#1395 = VERTEX_POINT('',#1396);
#1396 = CARTESIAN_POINT('',(908.,15.4,47.752));
#1397 = SURFACE_CURVE('',#1398,(#1403,#1414),.PCURVE_S1.);
#1398 = CIRCLE('',#1399,9.);
#1399 = AXIS2_PLACEMENT_3D('',#1400,#1401,#1402);
#1400 = CARTESIAN_POINT('',(899.,15.4,47.752));
#1401 = DIRECTION('',(0.,0.,-1.));
#1402 = DIRECTION('',(1.,0.,0.));
#1403 = PCURVE('',#214,#1404);
#1404 = DEFINITIONAL_REPRESENTATION('',(#1405),#1413);
#1405 = ( BOUNDED_CURVE() B_SPLINE_CURVE(2,(#1406,#1407,#1408,#1409,
#1410,#1411,#1412),.UNSPECIFIED.,.T.,.F.) B_SPLINE_CURVE_WITH_KNOTS((1,2
    ,2,2,2,1),(-2.094395102393,0.,2.094395102393,4.188790204786,
6.28318530718,8.377580409573),.UNSPECIFIED.) CURVE() 
GEOMETRIC_REPRESENTATION_ITEM() RATIONAL_B_SPLINE_CURVE((1.,0.5,1.,0.5,
1.,0.5,1.)) REPRESENTATION_ITEM('') );
#1406 = CARTESIAN_POINT('',(909.,12.352));
#1407 = CARTESIAN_POINT('',(909.,-3.23645726812));
#1408 = CARTESIAN_POINT('',(895.5,4.55777136594));
#1409 = CARTESIAN_POINT('',(882.,12.352));
#1410 = CARTESIAN_POINT('',(895.5,20.14622863406));
#1411 = CARTESIAN_POINT('',(909.,27.94045726812));
#1412 = CARTESIAN_POINT('',(909.,12.352));
#1413 = ( GEOMETRIC_REPRESENTATION_CONTEXT(2) 
PARAMETRIC_REPRESENTATION_CONTEXT() REPRESENTATION_CONTEXT('2D SPACE',''
  ) );
#1414 = PCURVE('',#575,#1415);
#1415 = DEFINITIONAL_REPRESENTATION('',(#1416),#1420);
#1416 = LINE('',#1417,#1418);
#1417 = CARTESIAN_POINT('',(-6.28318530718,-48.752));
#1418 = VECTOR('',#1419,1.);
#1419 = DIRECTION('',(1.,-0.));
#1420 = ( GEOMETRIC_REPRESENTATION_CONTEXT(2) 
PARAMETRIC_REPRESENTATION_CONTEXT() REPRESENTATION_CONTEXT('2D SPACE',''
  ) );
#1421 = FACE_BOUND('',#1422,.F.);
#1422 = EDGE_LOOP('',(#1423));
#1423 = ORIENTED_EDGE('',*,*,#1424,.T.);
#1424 = EDGE_CURVE('',#1425,#1425,#1427,.T.);
#1425 = VERTEX_POINT('',#1426);
#1426 = CARTESIAN_POINT('',(13.5,25.4,47.752));
#1427 = SURFACE_CURVE('',#1428,(#1433,#1444),.PCURVE_S1.);
#1428 = CIRCLE('',#1429,3.);
#1429 = AXIS2_PLACEMENT_3D('',#1430,#1431,#1432);
#1430 = CARTESIAN_POINT('',(10.5,25.4,47.752));
#1431 = DIRECTION('',(0.,0.,-1.));
#1432 = DIRECTION('',(1.,0.,0.));
#1433 = PCURVE('',#214,#1434);
#1434 = DEFINITIONAL_REPRESENTATION('',(#1435),#1443);
#1435 = ( BOUNDED_CURVE() B_SPLINE_CURVE(2,(#1436,#1437,#1438,#1439,
#1440,#1441,#1442),.UNSPECIFIED.,.T.,.F.) B_SPLINE_CURVE_WITH_KNOTS((1,2
    ,2,2,2,1),(-2.094395102393,0.,2.094395102393,4.188790204786,
6.28318530718,8.377580409573),.UNSPECIFIED.) CURVE() 
GEOMETRIC_REPRESENTATION_ITEM() RATIONAL_B_SPLINE_CURVE((1.,0.5,1.,0.5,
1.,0.5,1.)) REPRESENTATION_ITEM('') );
#1436 = CARTESIAN_POINT('',(14.5,22.352));
#1437 = CARTESIAN_POINT('',(14.5,17.155847577293));
#1438 = CARTESIAN_POINT('',(10.,19.753923788647));
#1439 = CARTESIAN_POINT('',(5.5,22.352));
#1440 = CARTESIAN_POINT('',(10.,24.950076211353));
#1441 = CARTESIAN_POINT('',(14.5,27.548152422707));
#1442 = CARTESIAN_POINT('',(14.5,22.352));
#1443 = ( GEOMETRIC_REPRESENTATION_CONTEXT(2) 
PARAMETRIC_REPRESENTATION_CONTEXT() REPRESENTATION_CONTEXT('2D SPACE',''
  ) );
#1444 = PCURVE('',#610,#1445);
#1445 = DEFINITIONAL_REPRESENTATION('',(#1446),#1450);
#1446 = LINE('',#1447,#1448);
#1447 = CARTESIAN_POINT('',(-6.28318530718,-0.952));
#1448 = VECTOR('',#1449,1.);
#1449 = DIRECTION('',(1.,-0.));
#1450 = ( GEOMETRIC_REPRESENTATION_CONTEXT(2) 
PARAMETRIC_REPRESENTATION_CONTEXT() REPRESENTATION_CONTEXT('2D SPACE',''
  ) );
#1451 = FACE_BOUND('',#1452,.F.);
#1452 = EDGE_LOOP('',(#1453));
#1453 = ORIENTED_EDGE('',*,*,#1454,.T.);
#1454 = EDGE_CURVE('',#1455,#1455,#1457,.T.);
#1455 = VERTEX_POINT('',#1456);
#1456 = CARTESIAN_POINT('',(413.5,25.4,47.752));
#1457 = SURFACE_CURVE('',#1458,(#1463,#1474),.PCURVE_S1.);
#1458 = CIRCLE('',#1459,3.);
#1459 = AXIS2_PLACEMENT_3D('',#1460,#1461,#1462);
#1460 = CARTESIAN_POINT('',(410.5,25.4,47.752));
#1461 = DIRECTION('',(0.,0.,-1.));
#1462 = DIRECTION('',(1.,0.,0.));
#1463 = PCURVE('',#214,#1464);
#1464 = DEFINITIONAL_REPRESENTATION('',(#1465),#1473);
#1465 = ( BOUNDED_CURVE() B_SPLINE_CURVE(2,(#1466,#1467,#1468,#1469,
#1470,#1471,#1472),.UNSPECIFIED.,.T.,.F.) B_SPLINE_CURVE_WITH_KNOTS((1,2
    ,2,2,2,1),(-2.094395102393,0.,2.094395102393,4.188790204786,
6.28318530718,8.377580409573),.UNSPECIFIED.) CURVE() 
GEOMETRIC_REPRESENTATION_ITEM() RATIONAL_B_SPLINE_CURVE((1.,0.5,1.,0.5,
1.,0.5,1.)) REPRESENTATION_ITEM('') );
#1466 = CARTESIAN_POINT('',(414.5,22.352));
#1467 = CARTESIAN_POINT('',(414.5,17.155847577293));
#1468 = CARTESIAN_POINT('',(410.,19.753923788647));
#1469 = CARTESIAN_POINT('',(405.5,22.352));
#1470 = CARTESIAN_POINT('',(410.,24.950076211353));
#1471 = CARTESIAN_POINT('',(414.5,27.548152422707));
#1472 = CARTESIAN_POINT('',(414.5,22.352));
#1473 = ( GEOMETRIC_REPRESENTATION_CONTEXT(2) 
PARAMETRIC_REPRESENTATION_CONTEXT() REPRESENTATION_CONTEXT('2D SPACE',''
  ) );
#1474 = PCURVE('',#645,#1475);
#1475 = DEFINITIONAL_REPRESENTATION('',(#1476),#1480);
#1476 = LINE('',#1477,#1478);
#1477 = CARTESIAN_POINT('',(-6.28318530718,-0.952));
#1478 = VECTOR('',#1479,1.);
#1479 = DIRECTION('',(1.,-0.));
#1480 = ( GEOMETRIC_REPRESENTATION_CONTEXT(2) 
PARAMETRIC_REPRESENTATION_CONTEXT() REPRESENTATION_CONTEXT('2D SPACE',''
  ) );
#1481 = FACE_BOUND('',#1482,.F.);
#1482 = EDGE_LOOP('',(#1483));
#1483 = ORIENTED_EDGE('',*,*,#1484,.T.);
#1484 = EDGE_CURVE('',#1485,#1485,#1487,.T.);
#1485 = VERTEX_POINT('',#1486);
#1486 = CARTESIAN_POINT('',(516.5,25.4,47.752));
#1487 = SURFACE_CURVE('',#1488,(#1493,#1504),.PCURVE_S1.);
#1488 = CIRCLE('',#1489,3.);
#1489 = AXIS2_PLACEMENT_3D('',#1490,#1491,#1492);
#1490 = CARTESIAN_POINT('',(513.5,25.4,47.752));
#1491 = DIRECTION('',(0.,0.,-1.));
#1492 = DIRECTION('',(1.,0.,0.));
#1493 = PCURVE('',#214,#1494);
#1494 = DEFINITIONAL_REPRESENTATION('',(#1495),#1503);
#1495 = ( BOUNDED_CURVE() B_SPLINE_CURVE(2,(#1496,#1497,#1498,#1499,
#1500,#1501,#1502),.UNSPECIFIED.,.T.,.F.) B_SPLINE_CURVE_WITH_KNOTS((1,2
    ,2,2,2,1),(-2.094395102393,0.,2.094395102393,4.188790204786,
6.28318530718,8.377580409573),.UNSPECIFIED.) CURVE() 
GEOMETRIC_REPRESENTATION_ITEM() RATIONAL_B_SPLINE_CURVE((1.,0.5,1.,0.5,
1.,0.5,1.)) REPRESENTATION_ITEM('') );
#1496 = CARTESIAN_POINT('',(517.5,22.352));
#1497 = CARTESIAN_POINT('',(517.5,17.155847577293));
#1498 = CARTESIAN_POINT('',(513.,19.753923788647));
#1499 = CARTESIAN_POINT('',(508.5,22.352));
#1500 = CARTESIAN_POINT('',(513.,24.950076211353));
#1501 = CARTESIAN_POINT('',(517.5,27.548152422707));
#1502 = CARTESIAN_POINT('',(517.5,22.352));
#1503 = ( GEOMETRIC_REPRESENTATION_CONTEXT(2) 
PARAMETRIC_REPRESENTATION_CONTEXT() REPRESENTATION_CONTEXT('2D SPACE',''
  ) );
#1504 = PCURVE('',#680,#1505);
#1505 = DEFINITIONAL_REPRESENTATION('',(#1506),#1510);
#1506 = LINE('',#1507,#1508);
#1507 = CARTESIAN_POINT('',(-6.28318530718,-0.952));
#1508 = VECTOR('',#1509,1.);
#1509 = DIRECTION('',(1.,-0.));
#1510 = ( GEOMETRIC_REPRESENTATION_CONTEXT(2) 
PARAMETRIC_REPRESENTATION_CONTEXT() REPRESENTATION_CONTEXT('2D SPACE',''
  ) );
#1511 = FACE_BOUND('',#1512,.F.);
#1512 = EDGE_LOOP('',(#1513));
#1513 = ORIENTED_EDGE('',*,*,#1514,.T.);
#1514 = EDGE_CURVE('',#1515,#1515,#1517,.T.);
#1515 = VERTEX_POINT('',#1516);
#1516 = CARTESIAN_POINT('',(916.5,25.4,47.752));
#1517 = SURFACE_CURVE('',#1518,(#1523,#1534),.PCURVE_S1.);
#1518 = CIRCLE('',#1519,3.);
#1519 = AXIS2_PLACEMENT_3D('',#1520,#1521,#1522);
#1520 = CARTESIAN_POINT('',(913.5,25.4,47.752));
#1521 = DIRECTION('',(0.,0.,-1.));
#1522 = DIRECTION('',(1.,0.,0.));
#1523 = PCURVE('',#214,#1524);
#1524 = DEFINITIONAL_REPRESENTATION('',(#1525),#1533);
#1525 = ( BOUNDED_CURVE() B_SPLINE_CURVE(2,(#1526,#1527,#1528,#1529,
#1530,#1531,#1532),.UNSPECIFIED.,.T.,.F.) B_SPLINE_CURVE_WITH_KNOTS((1,2
    ,2,2,2,1),(-2.094395102393,0.,2.094395102393,4.188790204786,
6.28318530718,8.377580409573),.UNSPECIFIED.) CURVE() 
GEOMETRIC_REPRESENTATION_ITEM() RATIONAL_B_SPLINE_CURVE((1.,0.5,1.,0.5,
1.,0.5,1.)) REPRESENTATION_ITEM('') );
#1526 = CARTESIAN_POINT('',(917.5,22.352));
#1527 = CARTESIAN_POINT('',(917.5,17.155847577293));
#1528 = CARTESIAN_POINT('',(913.,19.753923788647));
#1529 = CARTESIAN_POINT('',(908.5,22.352));
#1530 = CARTESIAN_POINT('',(913.,24.950076211353));
#1531 = CARTESIAN_POINT('',(917.5,27.548152422707));
#1532 = CARTESIAN_POINT('',(917.5,22.352));
#1533 = ( GEOMETRIC_REPRESENTATION_CONTEXT(2) 
PARAMETRIC_REPRESENTATION_CONTEXT() REPRESENTATION_CONTEXT('2D SPACE',''
  ) );
#1534 = PCURVE('',#715,#1535);
#1535 = DEFINITIONAL_REPRESENTATION('',(#1536),#1540);
#1536 = LINE('',#1537,#1538);
#1537 = CARTESIAN_POINT('',(-6.28318530718,-0.952));
#1538 = VECTOR('',#1539,1.);
#1539 = DIRECTION('',(1.,-0.));
#1540 = ( GEOMETRIC_REPRESENTATION_CONTEXT(2) 
PARAMETRIC_REPRESENTATION_CONTEXT() REPRESENTATION_CONTEXT('2D SPACE',''
  ) );
#1541 = ADVANCED_FACE('',(#1542,#1568,#1598,#1628,#1658),#186,.T.);
#1542 = FACE_BOUND('',#1543,.T.);
#1543 = EDGE_LOOP('',(#1544,#1545,#1546,#1547));
#1544 = ORIENTED_EDGE('',*,*,#1040,.F.);
#1545 = ORIENTED_EDGE('',*,*,#170,.T.);
#1546 = ORIENTED_EDGE('',*,*,#1318,.T.);
#1547 = ORIENTED_EDGE('',*,*,#1548,.F.);
#1548 = EDGE_CURVE('',#1041,#1319,#1549,.T.);
#1549 = SURFACE_CURVE('',#1550,(#1554,#1561),.PCURVE_S1.);
#1550 = LINE('',#1551,#1552);
#1551 = CARTESIAN_POINT('',(924.,3.048,1.524));
#1552 = VECTOR('',#1553,1.);
#1553 = DIRECTION('',(0.,0.,1.));
#1554 = PCURVE('',#186,#1555);
#1555 = DEFINITIONAL_REPRESENTATION('',(#1556),#1560);
#1556 = LINE('',#1557,#1558);
#1557 = CARTESIAN_POINT('',(-1.524,925.));
#1558 = VECTOR('',#1559,1.);
#1559 = DIRECTION('',(1.,0.));
#1560 = ( GEOMETRIC_REPRESENTATION_CONTEXT(2) 
PARAMETRIC_REPRESENTATION_CONTEXT() REPRESENTATION_CONTEXT('2D SPACE',''
  ) );
#1561 = PCURVE('',#316,#1562);
#1562 = DEFINITIONAL_REPRESENTATION('',(#1563),#1567);
#1563 = LINE('',#1564,#1565);
#1564 = CARTESIAN_POINT('',(1.524,-3.048));
#1565 = VECTOR('',#1566,1.);
#1566 = DIRECTION('',(1.,0.));
#1567 = ( GEOMETRIC_REPRESENTATION_CONTEXT(2) 
PARAMETRIC_REPRESENTATION_CONTEXT() REPRESENTATION_CONTEXT('2D SPACE',''
  ) );
#1568 = FACE_BOUND('',#1569,.T.);
#1569 = EDGE_LOOP('',(#1570));
#1570 = ORIENTED_EDGE('',*,*,#1571,.T.);
#1571 = EDGE_CURVE('',#1572,#1572,#1574,.T.);
#1572 = VERTEX_POINT('',#1573);
#1573 = CARTESIAN_POINT('',(15.,3.048,25.4));
#1574 = SURFACE_CURVE('',#1575,(#1580,#1591),.PCURVE_S1.);
#1575 = CIRCLE('',#1576,5.);
#1576 = AXIS2_PLACEMENT_3D('',#1577,#1578,#1579);
#1577 = CARTESIAN_POINT('',(10.,3.048,25.4));
#1578 = DIRECTION('',(0.,-1.,0.));
#1579 = DIRECTION('',(1.,0.,0.));
#1580 = PCURVE('',#186,#1581);
#1581 = DEFINITIONAL_REPRESENTATION('',(#1582),#1590);
#1582 = ( BOUNDED_CURVE() B_SPLINE_CURVE(2,(#1583,#1584,#1585,#1586,
#1587,#1588,#1589),.UNSPECIFIED.,.T.,.F.) B_SPLINE_CURVE_WITH_KNOTS((1,2
    ,2,2,2,1),(-2.094395102393,0.,2.094395102393,4.188790204786,
6.28318530718,8.377580409573),.UNSPECIFIED.) CURVE() 
GEOMETRIC_REPRESENTATION_ITEM() RATIONAL_B_SPLINE_CURVE((1.,0.5,1.,0.5,
1.,0.5,1.)) REPRESENTATION_ITEM('') );
#1583 = CARTESIAN_POINT('',(22.352,16.));
#1584 = CARTESIAN_POINT('',(31.012254037844,16.));
#1585 = CARTESIAN_POINT('',(26.682127018922,8.5));
#1586 = CARTESIAN_POINT('',(22.352,1.));
#1587 = CARTESIAN_POINT('',(18.021872981078,8.5));
#1588 = CARTESIAN_POINT('',(13.691745962156,16.));
#1589 = CARTESIAN_POINT('',(22.352,16.));
#1590 = ( GEOMETRIC_REPRESENTATION_CONTEXT(2) 
PARAMETRIC_REPRESENTATION_CONTEXT() REPRESENTATION_CONTEXT('2D SPACE',''
  ) );
#1591 = PCURVE('',#351,#1592);
#1592 = DEFINITIONAL_REPRESENTATION('',(#1593),#1597);
#1593 = LINE('',#1594,#1595);
#1594 = CARTESIAN_POINT('',(-6.28318530718,-4.048));
#1595 = VECTOR('',#1596,1.);
#1596 = DIRECTION('',(1.,-0.));
#1597 = ( GEOMETRIC_REPRESENTATION_CONTEXT(2) 
PARAMETRIC_REPRESENTATION_CONTEXT() REPRESENTATION_CONTEXT('2D SPACE',''
  ) );
#1598 = FACE_BOUND('',#1599,.T.);
#1599 = EDGE_LOOP('',(#1600));
#1600 = ORIENTED_EDGE('',*,*,#1601,.T.);
#1601 = EDGE_CURVE('',#1602,#1602,#1604,.T.);
#1602 = VERTEX_POINT('',#1603);
#1603 = CARTESIAN_POINT('',(248.35,3.048,25.4));
#1604 = SURFACE_CURVE('',#1605,(#1610,#1621),.PCURVE_S1.);
#1605 = CIRCLE('',#1606,5.);
#1606 = AXIS2_PLACEMENT_3D('',#1607,#1608,#1609);
#1607 = CARTESIAN_POINT('',(243.35,3.048,25.4));
#1608 = DIRECTION('',(0.,-1.,0.));
#1609 = DIRECTION('',(1.,0.,0.));
#1610 = PCURVE('',#186,#1611);
#1611 = DEFINITIONAL_REPRESENTATION('',(#1612),#1620);
#1612 = ( BOUNDED_CURVE() B_SPLINE_CURVE(2,(#1613,#1614,#1615,#1616,
#1617,#1618,#1619),.UNSPECIFIED.,.T.,.F.) B_SPLINE_CURVE_WITH_KNOTS((1,2
    ,2,2,2,1),(-2.094395102393,0.,2.094395102393,4.188790204786,
6.28318530718,8.377580409573),.UNSPECIFIED.) CURVE() 
GEOMETRIC_REPRESENTATION_ITEM() RATIONAL_B_SPLINE_CURVE((1.,0.5,1.,0.5,
1.,0.5,1.)) REPRESENTATION_ITEM('') );
#1613 = CARTESIAN_POINT('',(22.352,249.35));
#1614 = CARTESIAN_POINT('',(31.012254037844,249.35));
#1615 = CARTESIAN_POINT('',(26.682127018922,241.85));
#1616 = CARTESIAN_POINT('',(22.352,234.35));
#1617 = CARTESIAN_POINT('',(18.021872981078,241.85));
#1618 = CARTESIAN_POINT('',(13.691745962156,249.35));
#1619 = CARTESIAN_POINT('',(22.352,249.35));
#1620 = ( GEOMETRIC_REPRESENTATION_CONTEXT(2) 
PARAMETRIC_REPRESENTATION_CONTEXT() REPRESENTATION_CONTEXT('2D SPACE',''
  ) );
#1621 = PCURVE('',#386,#1622);
#1622 = DEFINITIONAL_REPRESENTATION('',(#1623),#1627);
#1623 = LINE('',#1624,#1625);
#1624 = CARTESIAN_POINT('',(-6.28318530718,-4.048));
#1625 = VECTOR('',#1626,1.);
#1626 = DIRECTION('',(1.,-0.));
#1627 = ( GEOMETRIC_REPRESENTATION_CONTEXT(2) 
PARAMETRIC_REPRESENTATION_CONTEXT() REPRESENTATION_CONTEXT('2D SPACE',''
  ) );
#1628 = FACE_BOUND('',#1629,.T.);
#1629 = EDGE_LOOP('',(#1630));
#1630 = ORIENTED_EDGE('',*,*,#1631,.T.);
#1631 = EDGE_CURVE('',#1632,#1632,#1634,.T.);
#1632 = VERTEX_POINT('',#1633);
#1633 = CARTESIAN_POINT('',(678.35,3.048,25.4));
#1634 = SURFACE_CURVE('',#1635,(#1640,#1651),.PCURVE_S1.);
#1635 = CIRCLE('',#1636,5.);
#1636 = AXIS2_PLACEMENT_3D('',#1637,#1638,#1639);
#1637 = CARTESIAN_POINT('',(673.35,3.048,25.4));
#1638 = DIRECTION('',(0.,-1.,0.));
#1639 = DIRECTION('',(1.,0.,0.));
#1640 = PCURVE('',#186,#1641);
#1641 = DEFINITIONAL_REPRESENTATION('',(#1642),#1650);
#1642 = ( BOUNDED_CURVE() B_SPLINE_CURVE(2,(#1643,#1644,#1645,#1646,
#1647,#1648,#1649),.UNSPECIFIED.,.T.,.F.) B_SPLINE_CURVE_WITH_KNOTS((1,2
    ,2,2,2,1),(-2.094395102393,0.,2.094395102393,4.188790204786,
6.28318530718,8.377580409573),.UNSPECIFIED.) CURVE() 
GEOMETRIC_REPRESENTATION_ITEM() RATIONAL_B_SPLINE_CURVE((1.,0.5,1.,0.5,
1.,0.5,1.)) REPRESENTATION_ITEM('') );
#1643 = CARTESIAN_POINT('',(22.352,679.35));
#1644 = CARTESIAN_POINT('',(31.012254037844,679.35));
#1645 = CARTESIAN_POINT('',(26.682127018922,671.85));
#1646 = CARTESIAN_POINT('',(22.352,664.35));
#1647 = CARTESIAN_POINT('',(18.021872981078,671.85));
#1648 = CARTESIAN_POINT('',(13.691745962156,679.35));
#1649 = CARTESIAN_POINT('',(22.352,679.35));
#1650 = ( GEOMETRIC_REPRESENTATION_CONTEXT(2) 
PARAMETRIC_REPRESENTATION_CONTEXT() REPRESENTATION_CONTEXT('2D SPACE',''
  ) );
#1651 = PCURVE('',#421,#1652);
#1652 = DEFINITIONAL_REPRESENTATION('',(#1653),#1657);
#1653 = LINE('',#1654,#1655);
#1654 = CARTESIAN_POINT('',(-6.28318530718,-4.048));
#1655 = VECTOR('',#1656,1.);
#1656 = DIRECTION('',(1.,-0.));
#1657 = ( GEOMETRIC_REPRESENTATION_CONTEXT(2) 
PARAMETRIC_REPRESENTATION_CONTEXT() REPRESENTATION_CONTEXT('2D SPACE',''
  ) );
#1658 = FACE_BOUND('',#1659,.T.);
#1659 = EDGE_LOOP('',(#1660));
#1660 = ORIENTED_EDGE('',*,*,#1661,.T.);
#1661 = EDGE_CURVE('',#1662,#1662,#1664,.T.);
#1662 = VERTEX_POINT('',#1663);
#1663 = CARTESIAN_POINT('',(919.,3.048,25.4));
#1664 = SURFACE_CURVE('',#1665,(#1670,#1681),.PCURVE_S1.);
#1665 = CIRCLE('',#1666,5.);
#1666 = AXIS2_PLACEMENT_3D('',#1667,#1668,#1669);
#1667 = CARTESIAN_POINT('',(914.,3.048,25.4));
#1668 = DIRECTION('',(0.,-1.,0.));
#1669 = DIRECTION('',(1.,0.,0.));
#1670 = PCURVE('',#186,#1671);
#1671 = DEFINITIONAL_REPRESENTATION('',(#1672),#1680);
#1672 = ( BOUNDED_CURVE() B_SPLINE_CURVE(2,(#1673,#1674,#1675,#1676,
#1677,#1678,#1679),.UNSPECIFIED.,.T.,.F.) B_SPLINE_CURVE_WITH_KNOTS((1,2
    ,2,2,2,1),(-2.094395102393,0.,2.094395102393,4.188790204786,
6.28318530718,8.377580409573),.UNSPECIFIED.) CURVE() 
GEOMETRIC_REPRESENTATION_ITEM() RATIONAL_B_SPLINE_CURVE((1.,0.5,1.,0.5,
1.,0.5,1.)) REPRESENTATION_ITEM('') );
#1673 = CARTESIAN_POINT('',(22.352,920.));
#1674 = CARTESIAN_POINT('',(31.012254037844,920.));
#1675 = CARTESIAN_POINT('',(26.682127018922,912.5));
#1676 = CARTESIAN_POINT('',(22.352,905.));
#1677 = CARTESIAN_POINT('',(18.021872981078,912.5));
#1678 = CARTESIAN_POINT('',(13.691745962156,920.));
#1679 = CARTESIAN_POINT('',(22.352,920.));
#1680 = ( GEOMETRIC_REPRESENTATION_CONTEXT(2) 
PARAMETRIC_REPRESENTATION_CONTEXT() REPRESENTATION_CONTEXT('2D SPACE',''
  ) );
#1681 = PCURVE('',#456,#1682);
#1682 = DEFINITIONAL_REPRESENTATION('',(#1683),#1687);
#1683 = LINE('',#1684,#1685);
#1684 = CARTESIAN_POINT('',(-6.28318530718,-4.048));
#1685 = VECTOR('',#1686,1.);
#1686 = DIRECTION('',(1.,-0.));
#1687 = ( GEOMETRIC_REPRESENTATION_CONTEXT(2) 
PARAMETRIC_REPRESENTATION_CONTEXT() REPRESENTATION_CONTEXT('2D SPACE',''
  ) );
#1688 = ADVANCED_FACE('',(#1689,#1695),#316,.T.);
#1689 = FACE_BOUND('',#1690,.T.);
#1690 = EDGE_LOOP('',(#1691,#1692,#1693,#1694));
#1691 = ORIENTED_EDGE('',*,*,#302,.F.);
#1692 = ORIENTED_EDGE('',*,*,#732,.T.);
#1693 = ORIENTED_EDGE('',*,*,#852,.T.);
#1694 = ORIENTED_EDGE('',*,*,#473,.F.);
#1695 = FACE_BOUND('',#1696,.T.);
#1696 = EDGE_LOOP('',(#1697,#1698,#1699,#1700));
#1697 = ORIENTED_EDGE('',*,*,#1063,.T.);
#1698 = ORIENTED_EDGE('',*,*,#1548,.T.);
#1699 = ORIENTED_EDGE('',*,*,#1341,.F.);
#1700 = ORIENTED_EDGE('',*,*,#1172,.F.);
#1701 = ADVANCED_FACE('',(#1702),#351,.F.);
#1702 = FACE_BOUND('',#1703,.T.);
#1703 = EDGE_LOOP('',(#1704,#1705,#1726,#1727));
#1704 = ORIENTED_EDGE('',*,*,#330,.T.);
#1705 = ORIENTED_EDGE('',*,*,#1706,.T.);
#1706 = EDGE_CURVE('',#331,#1572,#1707,.T.);
#1707 = SEAM_CURVE('',#1708,(#1712,#1719),.PCURVE_S1.);
#1708 = LINE('',#1709,#1710);
#1709 = CARTESIAN_POINT('',(15.,-1.,25.4));
#1710 = VECTOR('',#1711,1.);
#1711 = DIRECTION('',(0.,1.,0.));
#1712 = PCURVE('',#351,#1713);
#1713 = DEFINITIONAL_REPRESENTATION('',(#1714),#1718);
#1714 = LINE('',#1715,#1716);
#1715 = CARTESIAN_POINT('',(-6.28318530718,0.));
#1716 = VECTOR('',#1717,1.);
#1717 = DIRECTION('',(-0.,-1.));
#1718 = ( GEOMETRIC_REPRESENTATION_CONTEXT(2) 
PARAMETRIC_REPRESENTATION_CONTEXT() REPRESENTATION_CONTEXT('2D SPACE',''
  ) );
#1719 = PCURVE('',#351,#1720);
#1720 = DEFINITIONAL_REPRESENTATION('',(#1721),#1725);
#1721 = LINE('',#1722,#1723);
#1722 = CARTESIAN_POINT('',(-0.,0.));
#1723 = VECTOR('',#1724,1.);
#1724 = DIRECTION('',(-0.,-1.));
#1725 = ( GEOMETRIC_REPRESENTATION_CONTEXT(2) 
PARAMETRIC_REPRESENTATION_CONTEXT() REPRESENTATION_CONTEXT('2D SPACE',''
  ) );
#1726 = ORIENTED_EDGE('',*,*,#1571,.F.);
#1727 = ORIENTED_EDGE('',*,*,#1706,.F.);
#1728 = ADVANCED_FACE('',(#1729),#386,.F.);
#1729 = FACE_BOUND('',#1730,.T.);
#1730 = EDGE_LOOP('',(#1731,#1732,#1753,#1754));
#1731 = ORIENTED_EDGE('',*,*,#365,.T.);
#1732 = ORIENTED_EDGE('',*,*,#1733,.T.);
#1733 = EDGE_CURVE('',#366,#1602,#1734,.T.);
#1734 = SEAM_CURVE('',#1735,(#1739,#1746),.PCURVE_S1.);
#1735 = LINE('',#1736,#1737);
#1736 = CARTESIAN_POINT('',(248.35,-1.,25.4));
#1737 = VECTOR('',#1738,1.);
#1738 = DIRECTION('',(0.,1.,0.));
#1739 = PCURVE('',#386,#1740);
#1740 = DEFINITIONAL_REPRESENTATION('',(#1741),#1745);
#1741 = LINE('',#1742,#1743);
#1742 = CARTESIAN_POINT('',(-6.28318530718,0.));
#1743 = VECTOR('',#1744,1.);
#1744 = DIRECTION('',(-0.,-1.));
#1745 = ( GEOMETRIC_REPRESENTATION_CONTEXT(2) 
PARAMETRIC_REPRESENTATION_CONTEXT() REPRESENTATION_CONTEXT('2D SPACE',''
  ) );
#1746 = PCURVE('',#386,#1747);
#1747 = DEFINITIONAL_REPRESENTATION('',(#1748),#1752);
#1748 = LINE('',#1749,#1750);
#1749 = CARTESIAN_POINT('',(-0.,0.));
#1750 = VECTOR('',#1751,1.);
#1751 = DIRECTION('',(-0.,-1.));
#1752 = ( GEOMETRIC_REPRESENTATION_CONTEXT(2) 
PARAMETRIC_REPRESENTATION_CONTEXT() REPRESENTATION_CONTEXT('2D SPACE',''
  ) );
#1753 = ORIENTED_EDGE('',*,*,#1601,.F.);
#1754 = ORIENTED_EDGE('',*,*,#1733,.F.);
#1755 = ADVANCED_FACE('',(#1756),#421,.F.);
#1756 = FACE_BOUND('',#1757,.T.);
#1757 = EDGE_LOOP('',(#1758,#1759,#1780,#1781));
#1758 = ORIENTED_EDGE('',*,*,#400,.T.);
#1759 = ORIENTED_EDGE('',*,*,#1760,.T.);
#1760 = EDGE_CURVE('',#401,#1632,#1761,.T.);
#1761 = SEAM_CURVE('',#1762,(#1766,#1773),.PCURVE_S1.);
#1762 = LINE('',#1763,#1764);
#1763 = CARTESIAN_POINT('',(678.35,-1.,25.4));
#1764 = VECTOR('',#1765,1.);
#1765 = DIRECTION('',(0.,1.,0.));
#1766 = PCURVE('',#421,#1767);
#1767 = DEFINITIONAL_REPRESENTATION('',(#1768),#1772);
#1768 = LINE('',#1769,#1770);
#1769 = CARTESIAN_POINT('',(-6.28318530718,0.));
#1770 = VECTOR('',#1771,1.);
#1771 = DIRECTION('',(-0.,-1.));
#1772 = ( GEOMETRIC_REPRESENTATION_CONTEXT(2) 
PARAMETRIC_REPRESENTATION_CONTEXT() REPRESENTATION_CONTEXT('2D SPACE',''
  ) );
#1773 = PCURVE('',#421,#1774);
#1774 = DEFINITIONAL_REPRESENTATION('',(#1775),#1779);
#1775 = LINE('',#1776,#1777);
#1776 = CARTESIAN_POINT('',(-0.,0.));
#1777 = VECTOR('',#1778,1.);
#1778 = DIRECTION('',(-0.,-1.));
#1779 = ( GEOMETRIC_REPRESENTATION_CONTEXT(2) 
PARAMETRIC_REPRESENTATION_CONTEXT() REPRESENTATION_CONTEXT('2D SPACE',''
  ) );
#1780 = ORIENTED_EDGE('',*,*,#1631,.F.);
#1781 = ORIENTED_EDGE('',*,*,#1760,.F.);
#1782 = ADVANCED_FACE('',(#1783),#456,.F.);
#1783 = FACE_BOUND('',#1784,.T.);
#1784 = EDGE_LOOP('',(#1785,#1786,#1807,#1808));
#1785 = ORIENTED_EDGE('',*,*,#435,.T.);
#1786 = ORIENTED_EDGE('',*,*,#1787,.T.);
#1787 = EDGE_CURVE('',#436,#1662,#1788,.T.);
#1788 = SEAM_CURVE('',#1789,(#1793,#1800),.PCURVE_S1.);
#1789 = LINE('',#1790,#1791);
#1790 = CARTESIAN_POINT('',(919.,-1.,25.4));
#1791 = VECTOR('',#1792,1.);
#1792 = DIRECTION('',(0.,1.,0.));
#1793 = PCURVE('',#456,#1794);
#1794 = DEFINITIONAL_REPRESENTATION('',(#1795),#1799);
#1795 = LINE('',#1796,#1797);
#1796 = CARTESIAN_POINT('',(-6.28318530718,0.));
#1797 = VECTOR('',#1798,1.);
#1798 = DIRECTION('',(-0.,-1.));
#1799 = ( GEOMETRIC_REPRESENTATION_CONTEXT(2) 
PARAMETRIC_REPRESENTATION_CONTEXT() REPRESENTATION_CONTEXT('2D SPACE',''
  ) );
#1800 = PCURVE('',#456,#1801);
#1801 = DEFINITIONAL_REPRESENTATION('',(#1802),#1806);
#1802 = LINE('',#1803,#1804);
#1803 = CARTESIAN_POINT('',(-0.,0.));
#1804 = VECTOR('',#1805,1.);
#1805 = DIRECTION('',(-0.,-1.));
#1806 = ( GEOMETRIC_REPRESENTATION_CONTEXT(2) 
PARAMETRIC_REPRESENTATION_CONTEXT() REPRESENTATION_CONTEXT('2D SPACE',''
  ) );
#1807 = ORIENTED_EDGE('',*,*,#1661,.F.);
#1808 = ORIENTED_EDGE('',*,*,#1787,.F.);
#1809 = ADVANCED_FACE('',(#1810),#540,.F.);
#1810 = FACE_BOUND('',#1811,.T.);
#1811 = EDGE_LOOP('',(#1812,#1813,#1834,#1835));
#1812 = ORIENTED_EDGE('',*,*,#1364,.T.);
#1813 = ORIENTED_EDGE('',*,*,#1814,.T.);
#1814 = EDGE_CURVE('',#1365,#520,#1815,.T.);
#1815 = SEAM_CURVE('',#1816,(#1820,#1827),.PCURVE_S1.);
#1816 = LINE('',#1817,#1818);
#1817 = CARTESIAN_POINT('',(34.,15.4,-1.));
#1818 = VECTOR('',#1819,1.);
#1819 = DIRECTION('',(0.,0.,1.));
#1820 = PCURVE('',#540,#1821);
#1821 = DEFINITIONAL_REPRESENTATION('',(#1822),#1826);
#1822 = LINE('',#1823,#1824);
#1823 = CARTESIAN_POINT('',(-6.28318530718,0.));
#1824 = VECTOR('',#1825,1.);
#1825 = DIRECTION('',(-0.,-1.));
#1826 = ( GEOMETRIC_REPRESENTATION_CONTEXT(2) 
PARAMETRIC_REPRESENTATION_CONTEXT() REPRESENTATION_CONTEXT('2D SPACE',''
  ) );
#1827 = PCURVE('',#540,#1828);
#1828 = DEFINITIONAL_REPRESENTATION('',(#1829),#1833);
#1829 = LINE('',#1830,#1831);
#1830 = CARTESIAN_POINT('',(-0.,0.));
#1831 = VECTOR('',#1832,1.);
#1832 = DIRECTION('',(-0.,-1.));
#1833 = ( GEOMETRIC_REPRESENTATION_CONTEXT(2) 
PARAMETRIC_REPRESENTATION_CONTEXT() REPRESENTATION_CONTEXT('2D SPACE',''
  ) );
#1834 = ORIENTED_EDGE('',*,*,#519,.F.);
#1835 = ORIENTED_EDGE('',*,*,#1814,.F.);
#1836 = ADVANCED_FACE('',(#1837),#575,.F.);
#1837 = FACE_BOUND('',#1838,.T.);
#1838 = EDGE_LOOP('',(#1839,#1840,#1861,#1862));
#1839 = ORIENTED_EDGE('',*,*,#1394,.T.);
#1840 = ORIENTED_EDGE('',*,*,#1841,.T.);
#1841 = EDGE_CURVE('',#1395,#555,#1842,.T.);
#1842 = SEAM_CURVE('',#1843,(#1847,#1854),.PCURVE_S1.);
#1843 = LINE('',#1844,#1845);
#1844 = CARTESIAN_POINT('',(908.,15.4,-1.));
#1845 = VECTOR('',#1846,1.);
#1846 = DIRECTION('',(0.,0.,1.));
#1847 = PCURVE('',#575,#1848);
#1848 = DEFINITIONAL_REPRESENTATION('',(#1849),#1853);
#1849 = LINE('',#1850,#1851);
#1850 = CARTESIAN_POINT('',(-6.28318530718,0.));
#1851 = VECTOR('',#1852,1.);
#1852 = DIRECTION('',(-0.,-1.));
#1853 = ( GEOMETRIC_REPRESENTATION_CONTEXT(2) 
PARAMETRIC_REPRESENTATION_CONTEXT() REPRESENTATION_CONTEXT('2D SPACE',''
  ) );
#1854 = PCURVE('',#575,#1855);
#1855 = DEFINITIONAL_REPRESENTATION('',(#1856),#1860);
#1856 = LINE('',#1857,#1858);
#1857 = CARTESIAN_POINT('',(-0.,0.));
#1858 = VECTOR('',#1859,1.);
#1859 = DIRECTION('',(-0.,-1.));
#1860 = ( GEOMETRIC_REPRESENTATION_CONTEXT(2) 
PARAMETRIC_REPRESENTATION_CONTEXT() REPRESENTATION_CONTEXT('2D SPACE',''
  ) );
#1861 = ORIENTED_EDGE('',*,*,#554,.F.);
#1862 = ORIENTED_EDGE('',*,*,#1841,.F.);
#1863 = ADVANCED_FACE('',(#1864),#610,.F.);
#1864 = FACE_BOUND('',#1865,.T.);
#1865 = EDGE_LOOP('',(#1866,#1867,#1888,#1889));
#1866 = ORIENTED_EDGE('',*,*,#1424,.T.);
#1867 = ORIENTED_EDGE('',*,*,#1868,.T.);
#1868 = EDGE_CURVE('',#1425,#590,#1869,.T.);
#1869 = SEAM_CURVE('',#1870,(#1874,#1881),.PCURVE_S1.);
#1870 = LINE('',#1871,#1872);
#1871 = CARTESIAN_POINT('',(13.5,25.4,46.8));
#1872 = VECTOR('',#1873,1.);
#1873 = DIRECTION('',(0.,0.,1.));
#1874 = PCURVE('',#610,#1875);
#1875 = DEFINITIONAL_REPRESENTATION('',(#1876),#1880);
#1876 = LINE('',#1877,#1878);
#1877 = CARTESIAN_POINT('',(-6.28318530718,0.));
#1878 = VECTOR('',#1879,1.);
#1879 = DIRECTION('',(-0.,-1.));
#1880 = ( GEOMETRIC_REPRESENTATION_CONTEXT(2) 
PARAMETRIC_REPRESENTATION_CONTEXT() REPRESENTATION_CONTEXT('2D SPACE',''
  ) );
#1881 = PCURVE('',#610,#1882);
#1882 = DEFINITIONAL_REPRESENTATION('',(#1883),#1887);
#1883 = LINE('',#1884,#1885);
#1884 = CARTESIAN_POINT('',(-0.,0.));
#1885 = VECTOR('',#1886,1.);
#1886 = DIRECTION('',(-0.,-1.));
#1887 = ( GEOMETRIC_REPRESENTATION_CONTEXT(2) 
PARAMETRIC_REPRESENTATION_CONTEXT() REPRESENTATION_CONTEXT('2D SPACE',''
  ) );
#1888 = ORIENTED_EDGE('',*,*,#589,.F.);
#1889 = ORIENTED_EDGE('',*,*,#1868,.F.);
#1890 = ADVANCED_FACE('',(#1891),#645,.F.);
#1891 = FACE_BOUND('',#1892,.T.);
#1892 = EDGE_LOOP('',(#1893,#1894,#1915,#1916));
#1893 = ORIENTED_EDGE('',*,*,#1454,.T.);
#1894 = ORIENTED_EDGE('',*,*,#1895,.T.);
#1895 = EDGE_CURVE('',#1455,#625,#1896,.T.);
#1896 = SEAM_CURVE('',#1897,(#1901,#1908),.PCURVE_S1.);
#1897 = LINE('',#1898,#1899);
#1898 = CARTESIAN_POINT('',(413.5,25.4,46.8));
#1899 = VECTOR('',#1900,1.);
#1900 = DIRECTION('',(0.,0.,1.));
#1901 = PCURVE('',#645,#1902);
#1902 = DEFINITIONAL_REPRESENTATION('',(#1903),#1907);
#1903 = LINE('',#1904,#1905);
#1904 = CARTESIAN_POINT('',(-6.28318530718,0.));
#1905 = VECTOR('',#1906,1.);
#1906 = DIRECTION('',(-0.,-1.));
#1907 = ( GEOMETRIC_REPRESENTATION_CONTEXT(2) 
PARAMETRIC_REPRESENTATION_CONTEXT() REPRESENTATION_CONTEXT('2D SPACE',''
  ) );
#1908 = PCURVE('',#645,#1909);
#1909 = DEFINITIONAL_REPRESENTATION('',(#1910),#1914);
#1910 = LINE('',#1911,#1912);
#1911 = CARTESIAN_POINT('',(-0.,0.));
#1912 = VECTOR('',#1913,1.);
#1913 = DIRECTION('',(-0.,-1.));
#1914 = ( GEOMETRIC_REPRESENTATION_CONTEXT(2) 
PARAMETRIC_REPRESENTATION_CONTEXT() REPRESENTATION_CONTEXT('2D SPACE',''
  ) );
#1915 = ORIENTED_EDGE('',*,*,#624,.F.);
#1916 = ORIENTED_EDGE('',*,*,#1895,.F.);
#1917 = ADVANCED_FACE('',(#1918),#680,.F.);
#1918 = FACE_BOUND('',#1919,.T.);
#1919 = EDGE_LOOP('',(#1920,#1921,#1942,#1943));
#1920 = ORIENTED_EDGE('',*,*,#1484,.T.);
#1921 = ORIENTED_EDGE('',*,*,#1922,.T.);
#1922 = EDGE_CURVE('',#1485,#660,#1923,.T.);
#1923 = SEAM_CURVE('',#1924,(#1928,#1935),.PCURVE_S1.);
#1924 = LINE('',#1925,#1926);
#1925 = CARTESIAN_POINT('',(516.5,25.4,46.8));
#1926 = VECTOR('',#1927,1.);
#1927 = DIRECTION('',(0.,0.,1.));
#1928 = PCURVE('',#680,#1929);
#1929 = DEFINITIONAL_REPRESENTATION('',(#1930),#1934);
#1930 = LINE('',#1931,#1932);
#1931 = CARTESIAN_POINT('',(-6.28318530718,0.));
#1932 = VECTOR('',#1933,1.);
#1933 = DIRECTION('',(-0.,-1.));
#1934 = ( GEOMETRIC_REPRESENTATION_CONTEXT(2) 
PARAMETRIC_REPRESENTATION_CONTEXT() REPRESENTATION_CONTEXT('2D SPACE',''
  ) );
#1935 = PCURVE('',#680,#1936);
#1936 = DEFINITIONAL_REPRESENTATION('',(#1937),#1941);
#1937 = LINE('',#1938,#1939);
#1938 = CARTESIAN_POINT('',(-0.,0.));
#1939 = VECTOR('',#1940,1.);
#1940 = DIRECTION('',(-0.,-1.));
#1941 = ( GEOMETRIC_REPRESENTATION_CONTEXT(2) 
PARAMETRIC_REPRESENTATION_CONTEXT() REPRESENTATION_CONTEXT('2D SPACE',''
  ) );
#1942 = ORIENTED_EDGE('',*,*,#659,.F.);
#1943 = ORIENTED_EDGE('',*,*,#1922,.F.);
#1944 = ADVANCED_FACE('',(#1945),#715,.F.);
#1945 = FACE_BOUND('',#1946,.T.);
#1946 = EDGE_LOOP('',(#1947,#1948,#1969,#1970));
#1947 = ORIENTED_EDGE('',*,*,#1514,.T.);
#1948 = ORIENTED_EDGE('',*,*,#1949,.T.);
#1949 = EDGE_CURVE('',#1515,#695,#1950,.T.);
#1950 = SEAM_CURVE('',#1951,(#1955,#1962),.PCURVE_S1.);
#1951 = LINE('',#1952,#1953);
#1952 = CARTESIAN_POINT('',(916.5,25.4,46.8));
#1953 = VECTOR('',#1954,1.);
#1954 = DIRECTION('',(0.,0.,1.));
#1955 = PCURVE('',#715,#1956);
#1956 = DEFINITIONAL_REPRESENTATION('',(#1957),#1961);
#1957 = LINE('',#1958,#1959);
#1958 = CARTESIAN_POINT('',(-6.28318530718,0.));
#1959 = VECTOR('',#1960,1.);
#1960 = DIRECTION('',(-0.,-1.));
#1961 = ( GEOMETRIC_REPRESENTATION_CONTEXT(2) 
PARAMETRIC_REPRESENTATION_CONTEXT() REPRESENTATION_CONTEXT('2D SPACE',''
  ) );
#1962 = PCURVE('',#715,#1963);
#1963 = DEFINITIONAL_REPRESENTATION('',(#1964),#1968);
#1964 = LINE('',#1965,#1966);
#1965 = CARTESIAN_POINT('',(-0.,0.));
#1966 = VECTOR('',#1967,1.);
#1967 = DIRECTION('',(-0.,-1.));
#1968 = ( GEOMETRIC_REPRESENTATION_CONTEXT(2) 
PARAMETRIC_REPRESENTATION_CONTEXT() REPRESENTATION_CONTEXT('2D SPACE',''
  ) );
#1969 = ORIENTED_EDGE('',*,*,#694,.F.);
#1970 = ORIENTED_EDGE('',*,*,#1949,.F.);
#1971 = ADVANCED_FACE('',(#1972),#799,.F.);
#1972 = FACE_BOUND('',#1973,.T.);
#1973 = EDGE_LOOP('',(#1974,#1975,#1996,#1997));
#1974 = ORIENTED_EDGE('',*,*,#778,.T.);
#1975 = ORIENTED_EDGE('',*,*,#1976,.T.);
#1976 = EDGE_CURVE('',#779,#1087,#1977,.T.);
#1977 = SEAM_CURVE('',#1978,(#1982,#1989),.PCURVE_S1.);
#1978 = LINE('',#1979,#1980);
#1979 = CARTESIAN_POINT('',(34.,15.4,-1.));
#1980 = VECTOR('',#1981,1.);
#1981 = DIRECTION('',(0.,0.,1.));
#1982 = PCURVE('',#799,#1983);
#1983 = DEFINITIONAL_REPRESENTATION('',(#1984),#1988);
#1984 = LINE('',#1985,#1986);
#1985 = CARTESIAN_POINT('',(-6.28318530718,0.));
#1986 = VECTOR('',#1987,1.);
#1987 = DIRECTION('',(-0.,-1.));
#1988 = ( GEOMETRIC_REPRESENTATION_CONTEXT(2) 
PARAMETRIC_REPRESENTATION_CONTEXT() REPRESENTATION_CONTEXT('2D SPACE',''
  ) );
#1989 = PCURVE('',#799,#1990);
#1990 = DEFINITIONAL_REPRESENTATION('',(#1991),#1995);
#1991 = LINE('',#1992,#1993);
#1992 = CARTESIAN_POINT('',(-0.,0.));
#1993 = VECTOR('',#1994,1.);
#1994 = DIRECTION('',(-0.,-1.));
#1995 = ( GEOMETRIC_REPRESENTATION_CONTEXT(2) 
PARAMETRIC_REPRESENTATION_CONTEXT() REPRESENTATION_CONTEXT('2D SPACE',''
  ) );
#1996 = ORIENTED_EDGE('',*,*,#1086,.F.);
#1997 = ORIENTED_EDGE('',*,*,#1976,.F.);
#1998 = ADVANCED_FACE('',(#1999),#834,.F.);
#1999 = FACE_BOUND('',#2000,.T.);
#2000 = EDGE_LOOP('',(#2001,#2002,#2023,#2024));
#2001 = ORIENTED_EDGE('',*,*,#813,.T.);
#2002 = ORIENTED_EDGE('',*,*,#2003,.T.);
#2003 = EDGE_CURVE('',#814,#1117,#2004,.T.);
#2004 = SEAM_CURVE('',#2005,(#2009,#2016),.PCURVE_S1.);
#2005 = LINE('',#2006,#2007);
#2006 = CARTESIAN_POINT('',(908.,15.4,-1.));
#2007 = VECTOR('',#2008,1.);
#2008 = DIRECTION('',(0.,0.,1.));
#2009 = PCURVE('',#834,#2010);
#2010 = DEFINITIONAL_REPRESENTATION('',(#2011),#2015);
#2011 = LINE('',#2012,#2013);
#2012 = CARTESIAN_POINT('',(-6.28318530718,0.));
#2013 = VECTOR('',#2014,1.);
#2014 = DIRECTION('',(-0.,-1.));
#2015 = ( GEOMETRIC_REPRESENTATION_CONTEXT(2) 
PARAMETRIC_REPRESENTATION_CONTEXT() REPRESENTATION_CONTEXT('2D SPACE',''
  ) );
#2016 = PCURVE('',#834,#2017);
#2017 = DEFINITIONAL_REPRESENTATION('',(#2018),#2022);
#2018 = LINE('',#2019,#2020);
#2019 = CARTESIAN_POINT('',(-0.,0.));
#2020 = VECTOR('',#2021,1.);
#2021 = DIRECTION('',(-0.,-1.));
#2022 = ( GEOMETRIC_REPRESENTATION_CONTEXT(2) 
PARAMETRIC_REPRESENTATION_CONTEXT() REPRESENTATION_CONTEXT('2D SPACE',''
  ) );
#2023 = ORIENTED_EDGE('',*,*,#1116,.F.);
#2024 = ORIENTED_EDGE('',*,*,#2003,.F.);
#2025 = ADVANCED_FACE('',(#2026),#896,.F.);
#2026 = FACE_BOUND('',#2027,.T.);
#2027 = EDGE_LOOP('',(#2028,#2029,#2050,#2051));
#2028 = ORIENTED_EDGE('',*,*,#1195,.T.);
#2029 = ORIENTED_EDGE('',*,*,#2030,.T.);
#2030 = EDGE_CURVE('',#1196,#876,#2031,.T.);
#2031 = SEAM_CURVE('',#2032,(#2036,#2043),.PCURVE_S1.);
#2032 = LINE('',#2033,#2034);
#2033 = CARTESIAN_POINT('',(15.,-1.,25.4));
#2034 = VECTOR('',#2035,1.);
#2035 = DIRECTION('',(0.,1.,0.));
#2036 = PCURVE('',#896,#2037);
#2037 = DEFINITIONAL_REPRESENTATION('',(#2038),#2042);
#2038 = LINE('',#2039,#2040);
#2039 = CARTESIAN_POINT('',(-6.28318530718,0.));
#2040 = VECTOR('',#2041,1.);
#2041 = DIRECTION('',(-0.,-1.));
#2042 = ( GEOMETRIC_REPRESENTATION_CONTEXT(2) 
PARAMETRIC_REPRESENTATION_CONTEXT() REPRESENTATION_CONTEXT('2D SPACE',''
  ) );
#2043 = PCURVE('',#896,#2044);
#2044 = DEFINITIONAL_REPRESENTATION('',(#2045),#2049);
#2045 = LINE('',#2046,#2047);
#2046 = CARTESIAN_POINT('',(-0.,0.));
#2047 = VECTOR('',#2048,1.);
#2048 = DIRECTION('',(-0.,-1.));
#2049 = ( GEOMETRIC_REPRESENTATION_CONTEXT(2) 
PARAMETRIC_REPRESENTATION_CONTEXT() REPRESENTATION_CONTEXT('2D SPACE',''
  ) );
#2050 = ORIENTED_EDGE('',*,*,#875,.F.);
#2051 = ORIENTED_EDGE('',*,*,#2030,.F.);
#2052 = ADVANCED_FACE('',(#2053),#931,.F.);
#2053 = FACE_BOUND('',#2054,.T.);
#2054 = EDGE_LOOP('',(#2055,#2056,#2077,#2078));
#2055 = ORIENTED_EDGE('',*,*,#1225,.T.);
#2056 = ORIENTED_EDGE('',*,*,#2057,.T.);
#2057 = EDGE_CURVE('',#1226,#911,#2058,.T.);
#2058 = SEAM_CURVE('',#2059,(#2063,#2070),.PCURVE_S1.);
#2059 = LINE('',#2060,#2061);
#2060 = CARTESIAN_POINT('',(248.35,-1.,25.4));
#2061 = VECTOR('',#2062,1.);
#2062 = DIRECTION('',(0.,1.,0.));
#2063 = PCURVE('',#931,#2064);
#2064 = DEFINITIONAL_REPRESENTATION('',(#2065),#2069);
#2065 = LINE('',#2066,#2067);
#2066 = CARTESIAN_POINT('',(-6.28318530718,0.));
#2067 = VECTOR('',#2068,1.);
#2068 = DIRECTION('',(-0.,-1.));
#2069 = ( GEOMETRIC_REPRESENTATION_CONTEXT(2) 
PARAMETRIC_REPRESENTATION_CONTEXT() REPRESENTATION_CONTEXT('2D SPACE',''
  ) );
#2070 = PCURVE('',#931,#2071);
#2071 = DEFINITIONAL_REPRESENTATION('',(#2072),#2076);
#2072 = LINE('',#2073,#2074);
#2073 = CARTESIAN_POINT('',(-0.,0.));
#2074 = VECTOR('',#2075,1.);
#2075 = DIRECTION('',(-0.,-1.));
#2076 = ( GEOMETRIC_REPRESENTATION_CONTEXT(2) 
PARAMETRIC_REPRESENTATION_CONTEXT() REPRESENTATION_CONTEXT('2D SPACE',''
  ) );
#2077 = ORIENTED_EDGE('',*,*,#910,.F.);
#2078 = ORIENTED_EDGE('',*,*,#2057,.F.);
#2079 = ADVANCED_FACE('',(#2080),#966,.F.);
#2080 = FACE_BOUND('',#2081,.T.);
#2081 = EDGE_LOOP('',(#2082,#2083,#2104,#2105));
#2082 = ORIENTED_EDGE('',*,*,#1255,.T.);
#2083 = ORIENTED_EDGE('',*,*,#2084,.T.);
#2084 = EDGE_CURVE('',#1256,#946,#2085,.T.);
#2085 = SEAM_CURVE('',#2086,(#2090,#2097),.PCURVE_S1.);
#2086 = LINE('',#2087,#2088);
#2087 = CARTESIAN_POINT('',(678.35,-1.,25.4));
#2088 = VECTOR('',#2089,1.);
#2089 = DIRECTION('',(0.,1.,0.));
#2090 = PCURVE('',#966,#2091);
#2091 = DEFINITIONAL_REPRESENTATION('',(#2092),#2096);
#2092 = LINE('',#2093,#2094);
#2093 = CARTESIAN_POINT('',(-6.28318530718,0.));
#2094 = VECTOR('',#2095,1.);
#2095 = DIRECTION('',(-0.,-1.));
#2096 = ( GEOMETRIC_REPRESENTATION_CONTEXT(2) 
PARAMETRIC_REPRESENTATION_CONTEXT() REPRESENTATION_CONTEXT('2D SPACE',''
  ) );
#2097 = PCURVE('',#966,#2098);
#2098 = DEFINITIONAL_REPRESENTATION('',(#2099),#2103);
#2099 = LINE('',#2100,#2101);
#2100 = CARTESIAN_POINT('',(-0.,0.));
#2101 = VECTOR('',#2102,1.);
#2102 = DIRECTION('',(-0.,-1.));
#2103 = ( GEOMETRIC_REPRESENTATION_CONTEXT(2) 
PARAMETRIC_REPRESENTATION_CONTEXT() REPRESENTATION_CONTEXT('2D SPACE',''
  ) );
#2104 = ORIENTED_EDGE('',*,*,#945,.F.);
#2105 = ORIENTED_EDGE('',*,*,#2084,.F.);
#2106 = ADVANCED_FACE('',(#2107),#1001,.F.);
#2107 = FACE_BOUND('',#2108,.T.);
#2108 = EDGE_LOOP('',(#2109,#2110,#2131,#2132));
#2109 = ORIENTED_EDGE('',*,*,#1285,.T.);
#2110 = ORIENTED_EDGE('',*,*,#2111,.T.);
#2111 = EDGE_CURVE('',#1286,#981,#2112,.T.);
#2112 = SEAM_CURVE('',#2113,(#2117,#2124),.PCURVE_S1.);
#2113 = LINE('',#2114,#2115);
#2114 = CARTESIAN_POINT('',(919.,-1.,25.4));
#2115 = VECTOR('',#2116,1.);
#2116 = DIRECTION('',(0.,1.,0.));
#2117 = PCURVE('',#1001,#2118);
#2118 = DEFINITIONAL_REPRESENTATION('',(#2119),#2123);
#2119 = LINE('',#2120,#2121);
#2120 = CARTESIAN_POINT('',(-6.28318530718,0.));
#2121 = VECTOR('',#2122,1.);
#2122 = DIRECTION('',(-0.,-1.));
#2123 = ( GEOMETRIC_REPRESENTATION_CONTEXT(2) 
PARAMETRIC_REPRESENTATION_CONTEXT() REPRESENTATION_CONTEXT('2D SPACE',''
  ) );
#2124 = PCURVE('',#1001,#2125);
#2125 = DEFINITIONAL_REPRESENTATION('',(#2126),#2130);
#2126 = LINE('',#2127,#2128);
#2127 = CARTESIAN_POINT('',(-0.,0.));
#2128 = VECTOR('',#2129,1.);
#2129 = DIRECTION('',(-0.,-1.));
#2130 = ( GEOMETRIC_REPRESENTATION_CONTEXT(2) 
PARAMETRIC_REPRESENTATION_CONTEXT() REPRESENTATION_CONTEXT('2D SPACE',''
  ) );
#2131 = ORIENTED_EDGE('',*,*,#980,.F.);
#2132 = ORIENTED_EDGE('',*,*,#2111,.F.);
#2133 = ( GEOMETRIC_REPRESENTATION_CONTEXT(3) 
GLOBAL_UNCERTAINTY_ASSIGNED_CONTEXT((#2137)) 
GLOBAL_UNIT_ASSIGNED_CONTEXT((#2134,#2135,#2136)) REPRESENTATION_CONTEXT
('Context #1','3D Context with UNIT and UNCERTAINTY') );
#2134 = ( LENGTH_UNIT() NAMED_UNIT(*) SI_UNIT(.MILLI.,.METRE.) );
#2135 = ( NAMED_UNIT(*) PLANE_ANGLE_UNIT() SI_UNIT($,.RADIAN.) );
#2136 = ( NAMED_UNIT(*) SI_UNIT($,.STERADIAN.) SOLID_ANGLE_UNIT() );
#2137 = UNCERTAINTY_MEASURE_WITH_UNIT(LENGTH_MEASURE(1.E-07),#2134,
  'distance_accuracy_value','confusion accuracy');
#2138 = PRODUCT_RELATED_PRODUCT_CATEGORY('part',$,(#7));
ENDSEC;
END-ISO-10303-21;
