ISO-10303-21;
HEADER;
FILE_DESCRIPTION(('Open CASCADE Model'),'2;1');
FILE_NAME('Open CASCADE Shape Model','2026-09-26T14:24:09',('Author'),(
    'Open CASCADE'),'Open CASCADE STEP processor 7.8','Open CASCADE 7.8'
  ,'Unknown');
FILE_SCHEMA(('AUTOMOTIVE_DESIGN { 1 0 10303 214 1 1 1 1 }'));
ENDSEC;
DATA;
#1 = APPLICATION_PROTOCOL_DEFINITION('international standard',
  'automotive_design',2000,#2);
#2 = APPLICATION_CONTEXT(
  'core data for automotive mechanical design processes');
#3 = SHAPE_DEFINITION_REPRESENTATION(#4,#10);
#4 = PRODUCT_DEFINITION_SHAPE('','',#5);
#5 = PRODUCT_DEFINITION('design','',#6,#9);
#6 = PRODUCT_DEFINITION_FORMATION('','',#7);
#7 = PRODUCT('Open CASCADE STEP translator 7.8 243',
  'Open CASCADE STEP translator 7.8 243','',(#8));
#8 = PRODUCT_CONTEXT('',#2,'mechanical');
#9 = PRODUCT_DEFINITION_CONTEXT('part definition',#2,'design');
#10 = ADVANCED_BREP_SHAPE_REPRESENTATION('',(#11,#15),#10385);
#11 = AXIS2_PLACEMENT_3D('',#12,#13,#14);
#12 = CARTESIAN_POINT('',(0.,0.,0.));
#13 = DIRECTION('',(0.,0.,1.));
#14 = DIRECTION('',(1.,0.,-0.));
#15 = MANIFOLD_SOLID_BREP('',#16);
#16 = CLOSED_SHELL('',(#17,#137,#213,#289,#3923,#6922,#6949,#6976,#7003,
    #7030,#7057,#7084,#7111,#7138,#7165,#7192,#7219,#7246,#7273,#7300,
    #7327,#7354,#7381,#7408,#7435,#7462,#7489,#7516,#7543,#7570,#7597,
    #7624,#7651,#7678,#7705,#7732,#7759,#7786,#7813,#7840,#7867,#7894,
    #7921,#7948,#7975,#8002,#8029,#8056,#8083,#8110,#8137,#8164,#8191,
    #8218,#8245,#8272,#8299,#8326,#8353,#8380,#8407,#8434,#8461,#8488,
    #8515,#8542,#8569,#8596,#8623,#8650,#8677,#8704,#8731,#8758,#8785,
    #8812,#8839,#8866,#8893,#8920,#8947,#8974,#9001,#9028,#9055,#9082,
    #9109,#9136,#9163,#9190,#9217,#9244,#9271,#9298,#9325,#9352,#9379,
    #9406,#9433,#9460,#9487,#9514,#9541,#9568,#9595,#9622,#9649,#9676,
    #9703,#9730,#9757,#9784,#9811,#9838,#9865,#9892,#9919,#9946,#9973,
    #10000,#10027,#10054,#10081,#10108,#10135,#10162,#10189,#10216,
    #10243,#10270,#10277,#10304,#10331,#10358));
#17 = ADVANCED_FACE('',(#18),#32,.F.);
#18 = FACE_BOUND('',#19,.F.);
#19 = EDGE_LOOP('',(#20,#55,#83,#111));
#20 = ORIENTED_EDGE('',*,*,#21,.T.);
#21 = EDGE_CURVE('',#22,#24,#26,.T.);
#22 = VERTEX_POINT('',#23);
#23 = CARTESIAN_POINT('',(45.,0.,0.));
#24 = VERTEX_POINT('',#25);
#25 = CARTESIAN_POINT('',(45.,0.,4.));
#26 = SURFACE_CURVE('',#27,(#31,#43),.PCURVE_S1.);
#27 = LINE('',#28,#29);
#28 = CARTESIAN_POINT('',(45.,0.,0.));
#29 = VECTOR('',#30,1.);
#30 = DIRECTION('',(0.,0.,1.));
#31 = PCURVE('',#32,#37);
#32 = PLANE('',#33);
#33 = AXIS2_PLACEMENT_3D('',#34,#35,#36);
#34 = CARTESIAN_POINT('',(45.,0.,0.));
#35 = DIRECTION('',(-0.999698818696,-2.454122852291E-02,0.));
#36 = DIRECTION('',(-2.454122852291E-02,0.999698818696,0.));
#37 = DEFINITIONAL_REPRESENTATION('',(#38),#42);
#38 = LINE('',#39,#40);
#39 = CARTESIAN_POINT('',(0.,0.));
#40 = VECTOR('',#41,1.);
#41 = DIRECTION('',(0.,-1.));
#42 = ( GEOMETRIC_REPRESENTATION_CONTEXT(2) 
PARAMETRIC_REPRESENTATION_CONTEXT() REPRESENTATION_CONTEXT('2D SPACE',''
  ) );
#43 = PCURVE('',#44,#49);
#44 = PLANE('',#45);
#45 = AXIS2_PLACEMENT_3D('',#46,#47,#48);
#46 = CARTESIAN_POINT('',(44.945795529233,-2.208045344734,0.));
#47 = DIRECTION('',(-0.999698818696,2.454122852291E-02,0.));
#48 = DIRECTION('',(2.454122852291E-02,0.999698818696,0.));
#49 = DEFINITIONAL_REPRESENTATION('',(#50),#54);
#50 = LINE('',#51,#52);
#51 = CARTESIAN_POINT('',(2.208710567062,0.));
#52 = VECTOR('',#53,1.);
#53 = DIRECTION('',(0.,-1.));
#54 = ( GEOMETRIC_REPRESENTATION_CONTEXT(2) 
PARAMETRIC_REPRESENTATION_CONTEXT() REPRESENTATION_CONTEXT('2D SPACE',''
  ) );
#55 = ORIENTED_EDGE('',*,*,#56,.T.);
#56 = EDGE_CURVE('',#24,#57,#59,.T.);
#57 = VERTEX_POINT('',#58);
#58 = CARTESIAN_POINT('',(44.945795529233,2.208045344734,4.));
#59 = SURFACE_CURVE('',#60,(#64,#71),.PCURVE_S1.);
#60 = LINE('',#61,#62);
#61 = CARTESIAN_POINT('',(45.,0.,4.));
#62 = VECTOR('',#63,1.);
#63 = DIRECTION('',(-2.454122852291E-02,0.999698818696,0.));
#64 = PCURVE('',#32,#65);
#65 = DEFINITIONAL_REPRESENTATION('',(#66),#70);
#66 = LINE('',#67,#68);
#67 = CARTESIAN_POINT('',(0.,-4.));
#68 = VECTOR('',#69,1.);
#69 = DIRECTION('',(1.,0.));
#70 = ( GEOMETRIC_REPRESENTATION_CONTEXT(2) 
PARAMETRIC_REPRESENTATION_CONTEXT() REPRESENTATION_CONTEXT('2D SPACE',''
  ) );
#71 = PCURVE('',#72,#77);
#72 = PLANE('',#73);
#73 = AXIS2_PLACEMENT_3D('',#74,#75,#76);
#74 = CARTESIAN_POINT('',(2.010626545971E-15,2.395473033285E-15,4.));
#75 = DIRECTION('',(0.,0.,1.));
#76 = DIRECTION('',(1.,0.,-0.));
#77 = DEFINITIONAL_REPRESENTATION('',(#78),#82);
#78 = LINE('',#79,#80);
#79 = CARTESIAN_POINT('',(45.,-2.395473033285E-15));
#80 = VECTOR('',#81,1.);
#81 = DIRECTION('',(-2.454122852291E-02,0.999698818696));
#82 = ( GEOMETRIC_REPRESENTATION_CONTEXT(2) 
PARAMETRIC_REPRESENTATION_CONTEXT() REPRESENTATION_CONTEXT('2D SPACE',''
  ) );
#83 = ORIENTED_EDGE('',*,*,#84,.F.);
#84 = EDGE_CURVE('',#85,#57,#87,.T.);
#85 = VERTEX_POINT('',#86);
#86 = CARTESIAN_POINT('',(44.945795529233,2.208045344734,0.));
#87 = SURFACE_CURVE('',#88,(#92,#99),.PCURVE_S1.);
#88 = LINE('',#89,#90);
#89 = CARTESIAN_POINT('',(44.945795529233,2.208045344734,0.));
#90 = VECTOR('',#91,1.);
#91 = DIRECTION('',(0.,0.,1.));
#92 = PCURVE('',#32,#93);
#93 = DEFINITIONAL_REPRESENTATION('',(#94),#98);
#94 = LINE('',#95,#96);
#95 = CARTESIAN_POINT('',(2.208710567062,0.));
#96 = VECTOR('',#97,1.);
#97 = DIRECTION('',(0.,-1.));
#98 = ( GEOMETRIC_REPRESENTATION_CONTEXT(2) 
PARAMETRIC_REPRESENTATION_CONTEXT() REPRESENTATION_CONTEXT('2D SPACE',''
  ) );
#99 = PCURVE('',#100,#105);
#100 = PLANE('',#101);
#101 = AXIS2_PLACEMENT_3D('',#102,#103,#104);
#102 = CARTESIAN_POINT('',(44.945795529233,2.208045344734,0.));
#103 = DIRECTION('',(-0.997290456679,-7.356456359967E-02,0.));
#104 = DIRECTION('',(-7.356456359967E-02,0.997290456679,0.));
#105 = DEFINITIONAL_REPRESENTATION('',(#106),#110);
#106 = LINE('',#107,#108);
#107 = CARTESIAN_POINT('',(0.,0.));
#108 = VECTOR('',#109,1.);
#109 = DIRECTION('',(0.,-1.));
#110 = ( GEOMETRIC_REPRESENTATION_CONTEXT(2) 
PARAMETRIC_REPRESENTATION_CONTEXT() REPRESENTATION_CONTEXT('2D SPACE',''
  ) );
#111 = ORIENTED_EDGE('',*,*,#112,.F.);
#112 = EDGE_CURVE('',#22,#85,#113,.T.);
#113 = SURFACE_CURVE('',#114,(#118,#125),.PCURVE_S1.);
#114 = LINE('',#115,#116);
#115 = CARTESIAN_POINT('',(45.,0.,0.));
#116 = VECTOR('',#117,1.);
#117 = DIRECTION('',(-2.454122852291E-02,0.999698818696,0.));
#118 = PCURVE('',#32,#119);
#119 = DEFINITIONAL_REPRESENTATION('',(#120),#124);
#120 = LINE('',#121,#122);
#121 = CARTESIAN_POINT('',(0.,0.));
#122 = VECTOR('',#123,1.);
#123 = DIRECTION('',(1.,0.));
#124 = ( GEOMETRIC_REPRESENTATION_CONTEXT(2) 
PARAMETRIC_REPRESENTATION_CONTEXT() REPRESENTATION_CONTEXT('2D SPACE',''
  ) );
#125 = PCURVE('',#126,#131);
#126 = PLANE('',#127);
#127 = AXIS2_PLACEMENT_3D('',#128,#129,#130);
#128 = CARTESIAN_POINT('',(2.010626545971E-15,2.395473033285E-15,0.));
#129 = DIRECTION('',(0.,0.,1.));
#130 = DIRECTION('',(1.,0.,-0.));
#131 = DEFINITIONAL_REPRESENTATION('',(#132),#136);
#132 = LINE('',#133,#134);
#133 = CARTESIAN_POINT('',(45.,-2.395473033285E-15));
#134 = VECTOR('',#135,1.);
#135 = DIRECTION('',(-2.454122852291E-02,0.999698818696));
#136 = ( GEOMETRIC_REPRESENTATION_CONTEXT(2) 
PARAMETRIC_REPRESENTATION_CONTEXT() REPRESENTATION_CONTEXT('2D SPACE',''
  ) );
#137 = ADVANCED_FACE('',(#138),#44,.F.);
#138 = FACE_BOUND('',#139,.F.);
#139 = EDGE_LOOP('',(#140,#170,#191,#192));
#140 = ORIENTED_EDGE('',*,*,#141,.T.);
#141 = EDGE_CURVE('',#142,#144,#146,.T.);
#142 = VERTEX_POINT('',#143);
#143 = CARTESIAN_POINT('',(44.945795529233,-2.208045344734,0.));
#144 = VERTEX_POINT('',#145);
#145 = CARTESIAN_POINT('',(44.945795529233,-2.208045344734,4.));
#146 = SURFACE_CURVE('',#147,(#151,#158),.PCURVE_S1.);
#147 = LINE('',#148,#149);
#148 = CARTESIAN_POINT('',(44.945795529233,-2.208045344734,0.));
#149 = VECTOR('',#150,1.);
#150 = DIRECTION('',(0.,0.,1.));
#151 = PCURVE('',#44,#152);
#152 = DEFINITIONAL_REPRESENTATION('',(#153),#157);
#153 = LINE('',#154,#155);
#154 = CARTESIAN_POINT('',(0.,0.));
#155 = VECTOR('',#156,1.);
#156 = DIRECTION('',(0.,-1.));
#157 = ( GEOMETRIC_REPRESENTATION_CONTEXT(2) 
PARAMETRIC_REPRESENTATION_CONTEXT() REPRESENTATION_CONTEXT('2D SPACE',''
  ) );
#158 = PCURVE('',#159,#164);
#159 = PLANE('',#160);
#160 = AXIS2_PLACEMENT_3D('',#161,#162,#163);
#161 = CARTESIAN_POINT('',(44.783312700249,-4.41077131483,0.));
#162 = DIRECTION('',(-0.997290456679,7.356456359967E-02,0.));
#163 = DIRECTION('',(7.356456359967E-02,0.997290456679,0.));
#164 = DEFINITIONAL_REPRESENTATION('',(#165),#169);
#165 = LINE('',#166,#167);
#166 = CARTESIAN_POINT('',(2.208710567062,0.));
#167 = VECTOR('',#168,1.);
#168 = DIRECTION('',(0.,-1.));
#169 = ( GEOMETRIC_REPRESENTATION_CONTEXT(2) 
PARAMETRIC_REPRESENTATION_CONTEXT() REPRESENTATION_CONTEXT('2D SPACE',''
  ) );
#170 = ORIENTED_EDGE('',*,*,#171,.T.);
#171 = EDGE_CURVE('',#144,#24,#172,.T.);
#172 = SURFACE_CURVE('',#173,(#177,#184),.PCURVE_S1.);
#173 = LINE('',#174,#175);
#174 = CARTESIAN_POINT('',(44.945795529233,-2.208045344734,4.));
#175 = VECTOR('',#176,1.);
#176 = DIRECTION('',(2.454122852291E-02,0.999698818696,0.));
#177 = PCURVE('',#44,#178);
#178 = DEFINITIONAL_REPRESENTATION('',(#179),#183);
#179 = LINE('',#180,#181);
#180 = CARTESIAN_POINT('',(0.,-4.));
#181 = VECTOR('',#182,1.);
#182 = DIRECTION('',(1.,0.));
#183 = ( GEOMETRIC_REPRESENTATION_CONTEXT(2) 
PARAMETRIC_REPRESENTATION_CONTEXT() REPRESENTATION_CONTEXT('2D SPACE',''
  ) );
#184 = PCURVE('',#72,#185);
#185 = DEFINITIONAL_REPRESENTATION('',(#186),#190);
#186 = LINE('',#187,#188);
#187 = CARTESIAN_POINT('',(44.945795529233,-2.208045344734));
#188 = VECTOR('',#189,1.);
#189 = DIRECTION('',(2.454122852291E-02,0.999698818696));
#190 = ( GEOMETRIC_REPRESENTATION_CONTEXT(2) 
PARAMETRIC_REPRESENTATION_CONTEXT() REPRESENTATION_CONTEXT('2D SPACE',''
  ) );
#191 = ORIENTED_EDGE('',*,*,#21,.F.);
#192 = ORIENTED_EDGE('',*,*,#193,.F.);
#193 = EDGE_CURVE('',#142,#22,#194,.T.);
#194 = SURFACE_CURVE('',#195,(#199,#206),.PCURVE_S1.);
#195 = LINE('',#196,#197);
#196 = CARTESIAN_POINT('',(44.945795529233,-2.208045344734,0.));
#197 = VECTOR('',#198,1.);
#198 = DIRECTION('',(2.454122852291E-02,0.999698818696,0.));
#199 = PCURVE('',#44,#200);
#200 = DEFINITIONAL_REPRESENTATION('',(#201),#205);
#201 = LINE('',#202,#203);
#202 = CARTESIAN_POINT('',(0.,0.));
#203 = VECTOR('',#204,1.);
#204 = DIRECTION('',(1.,0.));
#205 = ( GEOMETRIC_REPRESENTATION_CONTEXT(2) 
PARAMETRIC_REPRESENTATION_CONTEXT() REPRESENTATION_CONTEXT('2D SPACE',''
  ) );
#206 = PCURVE('',#126,#207);
#207 = DEFINITIONAL_REPRESENTATION('',(#208),#212);
#208 = LINE('',#209,#210);
#209 = CARTESIAN_POINT('',(44.945795529233,-2.208045344734));
#210 = VECTOR('',#211,1.);
#211 = DIRECTION('',(2.454122852291E-02,0.999698818696));
#212 = ( GEOMETRIC_REPRESENTATION_CONTEXT(2) 
PARAMETRIC_REPRESENTATION_CONTEXT() REPRESENTATION_CONTEXT('2D SPACE',''
  ) );
#213 = ADVANCED_FACE('',(#214),#100,.F.);
#214 = FACE_BOUND('',#215,.F.);
#215 = EDGE_LOOP('',(#216,#217,#240,#268));
#216 = ORIENTED_EDGE('',*,*,#84,.T.);
#217 = ORIENTED_EDGE('',*,*,#218,.T.);
#218 = EDGE_CURVE('',#57,#219,#221,.T.);
#219 = VERTEX_POINT('',#220);
#220 = CARTESIAN_POINT('',(44.783312700249,4.41077131483,4.));
#221 = SURFACE_CURVE('',#222,(#226,#233),.PCURVE_S1.);
#222 = LINE('',#223,#224);
#223 = CARTESIAN_POINT('',(44.945795529233,2.208045344734,4.));
#224 = VECTOR('',#225,1.);
#225 = DIRECTION('',(-7.356456359967E-02,0.997290456679,0.));
#226 = PCURVE('',#100,#227);
#227 = DEFINITIONAL_REPRESENTATION('',(#228),#232);
#228 = LINE('',#229,#230);
#229 = CARTESIAN_POINT('',(0.,-4.));
#230 = VECTOR('',#231,1.);
#231 = DIRECTION('',(1.,0.));
#232 = ( GEOMETRIC_REPRESENTATION_CONTEXT(2) 
PARAMETRIC_REPRESENTATION_CONTEXT() REPRESENTATION_CONTEXT('2D SPACE',''
  ) );
#233 = PCURVE('',#72,#234);
#234 = DEFINITIONAL_REPRESENTATION('',(#235),#239);
#235 = LINE('',#236,#237);
#236 = CARTESIAN_POINT('',(44.945795529233,2.208045344734));
#237 = VECTOR('',#238,1.);
#238 = DIRECTION('',(-7.356456359967E-02,0.997290456679));
#239 = ( GEOMETRIC_REPRESENTATION_CONTEXT(2) 
PARAMETRIC_REPRESENTATION_CONTEXT() REPRESENTATION_CONTEXT('2D SPACE',''
  ) );
#240 = ORIENTED_EDGE('',*,*,#241,.F.);
#241 = EDGE_CURVE('',#242,#219,#244,.T.);
#242 = VERTEX_POINT('',#243);
#243 = CARTESIAN_POINT('',(44.783312700249,4.41077131483,0.));
#244 = SURFACE_CURVE('',#245,(#249,#256),.PCURVE_S1.);
#245 = LINE('',#246,#247);
#246 = CARTESIAN_POINT('',(44.783312700249,4.41077131483,0.));
#247 = VECTOR('',#248,1.);
#248 = DIRECTION('',(0.,0.,1.));
#249 = PCURVE('',#100,#250);
#250 = DEFINITIONAL_REPRESENTATION('',(#251),#255);
#251 = LINE('',#252,#253);
#252 = CARTESIAN_POINT('',(2.208710567062,0.));
#253 = VECTOR('',#254,1.);
#254 = DIRECTION('',(0.,-1.));
#255 = ( GEOMETRIC_REPRESENTATION_CONTEXT(2) 
PARAMETRIC_REPRESENTATION_CONTEXT() REPRESENTATION_CONTEXT('2D SPACE',''
  ) );
#256 = PCURVE('',#257,#262);
#257 = PLANE('',#258);
#258 = AXIS2_PLACEMENT_3D('',#259,#260,#261);
#259 = CARTESIAN_POINT('',(44.783312700249,4.41077131483,0.));
#260 = DIRECTION('',(-0.992479534599,-0.122410675199,0.));
#261 = DIRECTION('',(-0.122410675199,0.992479534599,0.));
#262 = DEFINITIONAL_REPRESENTATION('',(#263),#267);
#263 = LINE('',#264,#265);
#264 = CARTESIAN_POINT('',(0.,0.));
#265 = VECTOR('',#266,1.);
#266 = DIRECTION('',(0.,-1.));
#267 = ( GEOMETRIC_REPRESENTATION_CONTEXT(2) 
PARAMETRIC_REPRESENTATION_CONTEXT() REPRESENTATION_CONTEXT('2D SPACE',''
  ) );
#268 = ORIENTED_EDGE('',*,*,#269,.F.);
#269 = EDGE_CURVE('',#85,#242,#270,.T.);
#270 = SURFACE_CURVE('',#271,(#275,#282),.PCURVE_S1.);
#271 = LINE('',#272,#273);
#272 = CARTESIAN_POINT('',(44.945795529233,2.208045344734,0.));
#273 = VECTOR('',#274,1.);
#274 = DIRECTION('',(-7.356456359967E-02,0.997290456679,0.));
#275 = PCURVE('',#100,#276);
#276 = DEFINITIONAL_REPRESENTATION('',(#277),#281);
#277 = LINE('',#278,#279);
#278 = CARTESIAN_POINT('',(0.,0.));
#279 = VECTOR('',#280,1.);
#280 = DIRECTION('',(1.,0.));
#281 = ( GEOMETRIC_REPRESENTATION_CONTEXT(2) 
PARAMETRIC_REPRESENTATION_CONTEXT() REPRESENTATION_CONTEXT('2D SPACE',''
  ) );
#282 = PCURVE('',#126,#283);
#283 = DEFINITIONAL_REPRESENTATION('',(#284),#288);
#284 = LINE('',#285,#286);
#285 = CARTESIAN_POINT('',(44.945795529233,2.208045344734));
#286 = VECTOR('',#287,1.);
#287 = DIRECTION('',(-7.356456359967E-02,0.997290456679));
#288 = ( GEOMETRIC_REPRESENTATION_CONTEXT(2) 
PARAMETRIC_REPRESENTATION_CONTEXT() REPRESENTATION_CONTEXT('2D SPACE',''
  ) );
#289 = ADVANCED_FACE('',(#290,#3783,#3818,#3853,#3888),#126,.F.);
#290 = FACE_BOUND('',#291,.F.);
#291 = EDGE_LOOP('',(#292,#293,#294,#317,#345,#373,#401,#429,#457,#485,
    #513,#541,#569,#597,#625,#653,#681,#709,#737,#765,#793,#821,#849,
    #877,#905,#933,#961,#989,#1017,#1045,#1073,#1101,#1129,#1157,#1185,
    #1213,#1241,#1269,#1297,#1325,#1353,#1381,#1409,#1437,#1465,#1493,
    #1521,#1549,#1577,#1605,#1633,#1661,#1689,#1717,#1745,#1773,#1801,
    #1829,#1857,#1885,#1913,#1941,#1969,#1997,#2025,#2053,#2081,#2109,
    #2137,#2165,#2193,#2221,#2249,#2277,#2305,#2333,#2361,#2389,#2417,
    #2445,#2473,#2501,#2529,#2557,#2585,#2613,#2641,#2669,#2697,#2725,
    #2753,#2781,#2809,#2837,#2865,#2893,#2921,#2949,#2977,#3005,#3033,
    #3061,#3089,#3117,#3145,#3173,#3201,#3229,#3257,#3285,#3313,#3341,
    #3369,#3397,#3425,#3453,#3481,#3509,#3537,#3565,#3593,#3621,#3649,
    #3677,#3705,#3733,#3761,#3782));
#292 = ORIENTED_EDGE('',*,*,#112,.T.);
#293 = ORIENTED_EDGE('',*,*,#269,.T.);
#294 = ORIENTED_EDGE('',*,*,#295,.T.);
#295 = EDGE_CURVE('',#242,#296,#298,.T.);
#296 = VERTEX_POINT('',#297);
#297 = CARTESIAN_POINT('',(44.512942948415,6.602871350491,0.));
#298 = SURFACE_CURVE('',#299,(#303,#310),.PCURVE_S1.);
#299 = LINE('',#300,#301);
#300 = CARTESIAN_POINT('',(44.783312700249,4.41077131483,0.));
#301 = VECTOR('',#302,1.);
#302 = DIRECTION('',(-0.122410675199,0.992479534599,0.));
#303 = PCURVE('',#126,#304);
#304 = DEFINITIONAL_REPRESENTATION('',(#305),#309);
#305 = LINE('',#306,#307);
#306 = CARTESIAN_POINT('',(44.783312700249,4.41077131483));
#307 = VECTOR('',#308,1.);
#308 = DIRECTION('',(-0.122410675199,0.992479534599));
#309 = ( GEOMETRIC_REPRESENTATION_CONTEXT(2) 
PARAMETRIC_REPRESENTATION_CONTEXT() REPRESENTATION_CONTEXT('2D SPACE',''
  ) );
#310 = PCURVE('',#257,#311);
#311 = DEFINITIONAL_REPRESENTATION('',(#312),#316);
#312 = LINE('',#313,#314);
#313 = CARTESIAN_POINT('',(0.,0.));
#314 = VECTOR('',#315,1.);
#315 = DIRECTION('',(1.,0.));
#316 = ( GEOMETRIC_REPRESENTATION_CONTEXT(2) 
PARAMETRIC_REPRESENTATION_CONTEXT() REPRESENTATION_CONTEXT('2D SPACE',''
  ) );
#317 = ORIENTED_EDGE('',*,*,#318,.T.);
#318 = EDGE_CURVE('',#296,#319,#321,.T.);
#319 = VERTEX_POINT('',#320);
#320 = CARTESIAN_POINT('',(44.135337618145,8.779064490726,0.));
#321 = SURFACE_CURVE('',#322,(#326,#333),.PCURVE_S1.);
#322 = LINE('',#323,#324);
#323 = CARTESIAN_POINT('',(44.512942948415,6.602871350491,0.));
#324 = VECTOR('',#325,1.);
#325 = DIRECTION('',(-0.17096188876,0.985277642389,0.));
#326 = PCURVE('',#126,#327);
#327 = DEFINITIONAL_REPRESENTATION('',(#328),#332);
#328 = LINE('',#329,#330);
#329 = CARTESIAN_POINT('',(44.512942948415,6.602871350491));
#330 = VECTOR('',#331,1.);
#331 = DIRECTION('',(-0.17096188876,0.985277642389));
#332 = ( GEOMETRIC_REPRESENTATION_CONTEXT(2) 
PARAMETRIC_REPRESENTATION_CONTEXT() REPRESENTATION_CONTEXT('2D SPACE',''
  ) );
#333 = PCURVE('',#334,#339);
#334 = PLANE('',#335);
#335 = AXIS2_PLACEMENT_3D('',#336,#337,#338);
#336 = CARTESIAN_POINT('',(44.512942948415,6.602871350491,0.));
#337 = DIRECTION('',(-0.985277642389,-0.17096188876,0.));
#338 = DIRECTION('',(-0.17096188876,0.985277642389,0.));
#339 = DEFINITIONAL_REPRESENTATION('',(#340),#344);
#340 = LINE('',#341,#342);
#341 = CARTESIAN_POINT('',(0.,0.));
#342 = VECTOR('',#343,1.);
#343 = DIRECTION('',(1.,0.));
#344 = ( GEOMETRIC_REPRESENTATION_CONTEXT(2) 
PARAMETRIC_REPRESENTATION_CONTEXT() REPRESENTATION_CONTEXT('2D SPACE',''
  ) );
#345 = ORIENTED_EDGE('',*,*,#346,.T.);
#346 = EDGE_CURVE('',#319,#347,#349,.T.);
#347 = VERTEX_POINT('',#348);
#348 = CARTESIAN_POINT('',(43.651406393754,10.934108095647,0.));
#349 = SURFACE_CURVE('',#350,(#354,#361),.PCURVE_S1.);
#350 = LINE('',#351,#352);
#351 = CARTESIAN_POINT('',(44.135337618145,8.779064490726,0.));
#352 = VECTOR('',#353,1.);
#353 = DIRECTION('',(-0.219101240157,0.975702130039,0.));
#354 = PCURVE('',#126,#355);
#355 = DEFINITIONAL_REPRESENTATION('',(#356),#360);
#356 = LINE('',#357,#358);
#357 = CARTESIAN_POINT('',(44.135337618145,8.779064490726));
#358 = VECTOR('',#359,1.);
#359 = DIRECTION('',(-0.219101240157,0.975702130039));
#360 = ( GEOMETRIC_REPRESENTATION_CONTEXT(2) 
PARAMETRIC_REPRESENTATION_CONTEXT() REPRESENTATION_CONTEXT('2D SPACE',''
  ) );
#361 = PCURVE('',#362,#367);
#362 = PLANE('',#363);
#363 = AXIS2_PLACEMENT_3D('',#364,#365,#366);
#364 = CARTESIAN_POINT('',(44.135337618145,8.779064490726,0.));
#365 = DIRECTION('',(-0.975702130039,-0.219101240157,0.));
#366 = DIRECTION('',(-0.219101240157,0.975702130039,0.));
#367 = DEFINITIONAL_REPRESENTATION('',(#368),#372);
#368 = LINE('',#369,#370);
#369 = CARTESIAN_POINT('',(0.,0.));
#370 = VECTOR('',#371,1.);
#371 = DIRECTION('',(1.,0.));
#372 = ( GEOMETRIC_REPRESENTATION_CONTEXT(2) 
PARAMETRIC_REPRESENTATION_CONTEXT() REPRESENTATION_CONTEXT('2D SPACE',''
  ) );
#373 = ORIENTED_EDGE('',*,*,#374,.T.);
#374 = EDGE_CURVE('',#347,#375,#377,.T.);
#375 = VERTEX_POINT('',#376);
#376 = CARTESIAN_POINT('',(43.062315107949,13.062810476451,0.));
#377 = SURFACE_CURVE('',#378,(#382,#389),.PCURVE_S1.);
#378 = LINE('',#379,#380);
#379 = CARTESIAN_POINT('',(43.651406393754,10.934108095647,0.));
#380 = VECTOR('',#381,1.);
#381 = DIRECTION('',(-0.266712757475,0.963776065795,0.));
#382 = PCURVE('',#126,#383);
#383 = DEFINITIONAL_REPRESENTATION('',(#384),#388);
#384 = LINE('',#385,#386);
#385 = CARTESIAN_POINT('',(43.651406393754,10.934108095647));
#386 = VECTOR('',#387,1.);
#387 = DIRECTION('',(-0.266712757475,0.963776065795));
#388 = ( GEOMETRIC_REPRESENTATION_CONTEXT(2) 
PARAMETRIC_REPRESENTATION_CONTEXT() REPRESENTATION_CONTEXT('2D SPACE',''
  ) );
#389 = PCURVE('',#390,#395);
#390 = PLANE('',#391);
#391 = AXIS2_PLACEMENT_3D('',#392,#393,#394);
#392 = CARTESIAN_POINT('',(43.651406393754,10.934108095647,0.));
#393 = DIRECTION('',(-0.963776065795,-0.266712757475,0.));
#394 = DIRECTION('',(-0.266712757475,0.963776065795,0.));
#395 = DEFINITIONAL_REPRESENTATION('',(#396),#400);
#396 = LINE('',#397,#398);
#397 = CARTESIAN_POINT('',(0.,0.));
#398 = VECTOR('',#399,1.);
#399 = DIRECTION('',(1.,0.));
#400 = ( GEOMETRIC_REPRESENTATION_CONTEXT(2) 
PARAMETRIC_REPRESENTATION_CONTEXT() REPRESENTATION_CONTEXT('2D SPACE',''
  ) );
#401 = ORIENTED_EDGE('',*,*,#402,.T.);
#402 = EDGE_CURVE('',#375,#403,#405,.T.);
#403 = VERTEX_POINT('',#404);
#404 = CARTESIAN_POINT('',(42.369482933236,15.16004340265,0.));
#405 = SURFACE_CURVE('',#406,(#410,#417),.PCURVE_S1.);
#406 = LINE('',#407,#408);
#407 = CARTESIAN_POINT('',(43.062315107949,13.062810476451,0.));
#408 = VECTOR('',#409,1.);
#409 = DIRECTION('',(-0.313681740399,0.949528180593,0.));
#410 = PCURVE('',#126,#411);
#411 = DEFINITIONAL_REPRESENTATION('',(#412),#416);
#412 = LINE('',#413,#414);
#413 = CARTESIAN_POINT('',(43.062315107949,13.062810476451));
#414 = VECTOR('',#415,1.);
#415 = DIRECTION('',(-0.313681740399,0.949528180593));
#416 = ( GEOMETRIC_REPRESENTATION_CONTEXT(2) 
PARAMETRIC_REPRESENTATION_CONTEXT() REPRESENTATION_CONTEXT('2D SPACE',''
  ) );
#417 = PCURVE('',#418,#423);
#418 = PLANE('',#419);
#419 = AXIS2_PLACEMENT_3D('',#420,#421,#422);
#420 = CARTESIAN_POINT('',(43.062315107949,13.062810476451,0.));
#421 = DIRECTION('',(-0.949528180593,-0.313681740399,0.));
#422 = DIRECTION('',(-0.313681740399,0.949528180593,0.));
#423 = DEFINITIONAL_REPRESENTATION('',(#424),#428);
#424 = LINE('',#425,#426);
#425 = CARTESIAN_POINT('',(0.,0.));
#426 = VECTOR('',#427,1.);
#427 = DIRECTION('',(1.,0.));
#428 = ( GEOMETRIC_REPRESENTATION_CONTEXT(2) 
PARAMETRIC_REPRESENTATION_CONTEXT() REPRESENTATION_CONTEXT('2D SPACE',''
  ) );
#429 = ORIENTED_EDGE('',*,*,#430,.T.);
#430 = EDGE_CURVE('',#403,#431,#433,.T.);
#431 = VERTEX_POINT('',#432);
#432 = CARTESIAN_POINT('',(41.574578963008,17.220754456429,0.));
#433 = SURFACE_CURVE('',#434,(#438,#445),.PCURVE_S1.);
#434 = LINE('',#435,#436);
#435 = CARTESIAN_POINT('',(42.369482933236,15.16004340265,0.));
#436 = VECTOR('',#437,1.);
#437 = DIRECTION('',(-0.359895036535,0.932992798835,0.));
#438 = PCURVE('',#126,#439);
#439 = DEFINITIONAL_REPRESENTATION('',(#440),#444);
#440 = LINE('',#441,#442);
#441 = CARTESIAN_POINT('',(42.369482933236,15.16004340265));
#442 = VECTOR('',#443,1.);
#443 = DIRECTION('',(-0.359895036535,0.932992798835));
#444 = ( GEOMETRIC_REPRESENTATION_CONTEXT(2) 
PARAMETRIC_REPRESENTATION_CONTEXT() REPRESENTATION_CONTEXT('2D SPACE',''
  ) );
#445 = PCURVE('',#446,#451);
#446 = PLANE('',#447);
#447 = AXIS2_PLACEMENT_3D('',#448,#449,#450);
#448 = CARTESIAN_POINT('',(42.369482933236,15.16004340265,0.));
#449 = DIRECTION('',(-0.932992798835,-0.359895036535,0.));
#450 = DIRECTION('',(-0.359895036535,0.932992798835,0.));
#451 = DEFINITIONAL_REPRESENTATION('',(#452),#456);
#452 = LINE('',#453,#454);
#453 = CARTESIAN_POINT('',(0.,0.));
#454 = VECTOR('',#455,1.);
#455 = DIRECTION('',(1.,0.));
#456 = ( GEOMETRIC_REPRESENTATION_CONTEXT(2) 
PARAMETRIC_REPRESENTATION_CONTEXT() REPRESENTATION_CONTEXT('2D SPACE',''
  ) );
#457 = ORIENTED_EDGE('',*,*,#458,.T.);
#458 = EDGE_CURVE('',#431,#459,#461,.T.);
#459 = VERTEX_POINT('',#460);
#460 = CARTESIAN_POINT('',(40.679518190555,19.239979204363,0.));
#461 = SURFACE_CURVE('',#462,(#466,#473),.PCURVE_S1.);
#462 = LINE('',#463,#464);
#463 = CARTESIAN_POINT('',(41.574578963008,17.220754456429,0.));
#464 = VECTOR('',#465,1.);
#465 = DIRECTION('',(-0.405241314005,0.914209755704,0.));
#466 = PCURVE('',#126,#467);
#467 = DEFINITIONAL_REPRESENTATION('',(#468),#472);
#468 = LINE('',#469,#470);
#469 = CARTESIAN_POINT('',(41.574578963008,17.220754456429));
#470 = VECTOR('',#471,1.);
#471 = DIRECTION('',(-0.405241314005,0.914209755704));
#472 = ( GEOMETRIC_REPRESENTATION_CONTEXT(2) 
PARAMETRIC_REPRESENTATION_CONTEXT() REPRESENTATION_CONTEXT('2D SPACE',''
  ) );
#473 = PCURVE('',#474,#479);
#474 = PLANE('',#475);
#475 = AXIS2_PLACEMENT_3D('',#476,#477,#478);
#476 = CARTESIAN_POINT('',(41.574578963008,17.220754456429,0.));
#477 = DIRECTION('',(-0.914209755704,-0.405241314005,0.));
#478 = DIRECTION('',(-0.405241314005,0.914209755704,0.));
#479 = DEFINITIONAL_REPRESENTATION('',(#480),#484);
#480 = LINE('',#481,#482);
#481 = CARTESIAN_POINT('',(0.,0.));
#482 = VECTOR('',#483,1.);
#483 = DIRECTION('',(1.,0.));
#484 = ( GEOMETRIC_REPRESENTATION_CONTEXT(2) 
PARAMETRIC_REPRESENTATION_CONTEXT() REPRESENTATION_CONTEXT('2D SPACE',''
  ) );
#485 = ORIENTED_EDGE('',*,*,#486,.T.);
#486 = EDGE_CURVE('',#459,#487,#489,.T.);
#487 = VERTEX_POINT('',#488);
#488 = CARTESIAN_POINT('',(39.686456895676,21.21285315717,0.));
#489 = SURFACE_CURVE('',#490,(#494,#501),.PCURVE_S1.);
#490 = LINE('',#491,#492);
#491 = CARTESIAN_POINT('',(40.679518190555,19.239979204363,0.));
#492 = VECTOR('',#493,1.);
#493 = DIRECTION('',(-0.449611329655,0.893224301196,0.));
#494 = PCURVE('',#126,#495);
#495 = DEFINITIONAL_REPRESENTATION('',(#496),#500);
#496 = LINE('',#497,#498);
#497 = CARTESIAN_POINT('',(40.679518190555,19.239979204363));
#498 = VECTOR('',#499,1.);
#499 = DIRECTION('',(-0.449611329655,0.893224301196));
#500 = ( GEOMETRIC_REPRESENTATION_CONTEXT(2) 
PARAMETRIC_REPRESENTATION_CONTEXT() REPRESENTATION_CONTEXT('2D SPACE',''
  ) );
#501 = PCURVE('',#502,#507);
#502 = PLANE('',#503);
#503 = AXIS2_PLACEMENT_3D('',#504,#505,#506);
#504 = CARTESIAN_POINT('',(40.679518190555,19.239979204363,0.));
#505 = DIRECTION('',(-0.893224301196,-0.449611329655,0.));
#506 = DIRECTION('',(-0.449611329655,0.893224301196,0.));
#507 = DEFINITIONAL_REPRESENTATION('',(#508),#512);
#508 = LINE('',#509,#510);
#509 = CARTESIAN_POINT('',(0.,0.));
#510 = VECTOR('',#511,1.);
#511 = DIRECTION('',(1.,0.));
#512 = ( GEOMETRIC_REPRESENTATION_CONTEXT(2) 
PARAMETRIC_REPRESENTATION_CONTEXT() REPRESENTATION_CONTEXT('2D SPACE',''
  ) );
#513 = ORIENTED_EDGE('',*,*,#514,.T.);
#514 = EDGE_CURVE('',#487,#515,#517,.T.);
#515 = VERTEX_POINT('',#516);
#516 = CARTESIAN_POINT('',(38.597787450012,23.134623488695,0.));
#517 = SURFACE_CURVE('',#518,(#522,#529),.PCURVE_S1.);
#518 = LINE('',#519,#520);
#519 = CARTESIAN_POINT('',(39.686456895676,21.21285315717,0.));
#520 = VECTOR('',#521,1.);
#521 = DIRECTION('',(-0.49289819223,0.870086991109,0.));
#522 = PCURVE('',#126,#523);
#523 = DEFINITIONAL_REPRESENTATION('',(#524),#528);
#524 = LINE('',#525,#526);
#525 = CARTESIAN_POINT('',(39.686456895676,21.21285315717));
#526 = VECTOR('',#527,1.);
#527 = DIRECTION('',(-0.49289819223,0.870086991109));
#528 = ( GEOMETRIC_REPRESENTATION_CONTEXT(2) 
PARAMETRIC_REPRESENTATION_CONTEXT() REPRESENTATION_CONTEXT('2D SPACE',''
  ) );
#529 = PCURVE('',#530,#535);
#530 = PLANE('',#531);
#531 = AXIS2_PLACEMENT_3D('',#532,#533,#534);
#532 = CARTESIAN_POINT('',(39.686456895676,21.21285315717,0.));
#533 = DIRECTION('',(-0.870086991109,-0.49289819223,0.));
#534 = DIRECTION('',(-0.49289819223,0.870086991109,0.));
#535 = DEFINITIONAL_REPRESENTATION('',(#536),#540);
#536 = LINE('',#537,#538);
#537 = CARTESIAN_POINT('',(0.,0.));
#538 = VECTOR('',#539,1.);
#539 = DIRECTION('',(1.,0.));
#540 = ( GEOMETRIC_REPRESENTATION_CONTEXT(2) 
PARAMETRIC_REPRESENTATION_CONTEXT() REPRESENTATION_CONTEXT('2D SPACE',''
  ) );
#541 = ORIENTED_EDGE('',*,*,#542,.T.);
#542 = EDGE_CURVE('',#515,#543,#545,.T.);
#543 = VERTEX_POINT('',#544);
#544 = CARTESIAN_POINT('',(37.416132553615,25.000660485882,0.));
#545 = SURFACE_CURVE('',#546,(#550,#557),.PCURVE_S1.);
#546 = LINE('',#547,#548);
#547 = CARTESIAN_POINT('',(38.597787450012,23.134623488695,0.));
#548 = VECTOR('',#549,1.);
#549 = DIRECTION('',(-0.534997619887,0.84485356525,0.));
#550 = PCURVE('',#126,#551);
#551 = DEFINITIONAL_REPRESENTATION('',(#552),#556);
#552 = LINE('',#553,#554);
#553 = CARTESIAN_POINT('',(38.597787450012,23.134623488695));
#554 = VECTOR('',#555,1.);
#555 = DIRECTION('',(-0.534997619887,0.84485356525));
#556 = ( GEOMETRIC_REPRESENTATION_CONTEXT(2) 
PARAMETRIC_REPRESENTATION_CONTEXT() REPRESENTATION_CONTEXT('2D SPACE',''
  ) );
#557 = PCURVE('',#558,#563);
#558 = PLANE('',#559);
#559 = AXIS2_PLACEMENT_3D('',#560,#561,#562);
#560 = CARTESIAN_POINT('',(38.597787450012,23.134623488695,0.));
#561 = DIRECTION('',(-0.84485356525,-0.534997619887,0.));
#562 = DIRECTION('',(-0.534997619887,0.84485356525,0.));
#563 = DEFINITIONAL_REPRESENTATION('',(#564),#568);
#564 = LINE('',#565,#566);
#565 = CARTESIAN_POINT('',(0.,0.));
#566 = VECTOR('',#567,1.);
#567 = DIRECTION('',(1.,0.));
#568 = ( GEOMETRIC_REPRESENTATION_CONTEXT(2) 
PARAMETRIC_REPRESENTATION_CONTEXT() REPRESENTATION_CONTEXT('2D SPACE',''
  ) );
#569 = ORIENTED_EDGE('',*,*,#570,.T.);
#570 = EDGE_CURVE('',#543,#571,#573,.T.);
#571 = VERTEX_POINT('',#572);
#572 = CARTESIAN_POINT('',(36.144338916629,26.80646870216,0.));
#573 = SURFACE_CURVE('',#574,(#578,#585),.PCURVE_S1.);
#574 = LINE('',#575,#576);
#575 = CARTESIAN_POINT('',(37.416132553615,25.000660485882,0.));
#576 = VECTOR('',#577,1.);
#577 = DIRECTION('',(-0.575808191418,0.817584813152,0.));
#578 = PCURVE('',#126,#579);
#579 = DEFINITIONAL_REPRESENTATION('',(#580),#584);
#580 = LINE('',#581,#582);
#581 = CARTESIAN_POINT('',(37.416132553615,25.000660485882));
#582 = VECTOR('',#583,1.);
#583 = DIRECTION('',(-0.575808191418,0.817584813152));
#584 = ( GEOMETRIC_REPRESENTATION_CONTEXT(2) 
PARAMETRIC_REPRESENTATION_CONTEXT() REPRESENTATION_CONTEXT('2D SPACE',''
  ) );
#585 = PCURVE('',#586,#591);
#586 = PLANE('',#587);
#587 = AXIS2_PLACEMENT_3D('',#588,#589,#590);
#588 = CARTESIAN_POINT('',(37.416132553615,25.000660485882,0.));
#589 = DIRECTION('',(-0.817584813152,-0.575808191418,0.));
#590 = DIRECTION('',(-0.575808191418,0.817584813152,0.));
#591 = DEFINITIONAL_REPRESENTATION('',(#592),#596);
#592 = LINE('',#593,#594);
#593 = CARTESIAN_POINT('',(0.,0.));
#594 = VECTOR('',#595,1.);
#595 = DIRECTION('',(1.,0.));
#596 = ( GEOMETRIC_REPRESENTATION_CONTEXT(2) 
PARAMETRIC_REPRESENTATION_CONTEXT() REPRESENTATION_CONTEXT('2D SPACE',''
  ) );
#597 = ORIENTED_EDGE('',*,*,#598,.T.);
#598 = EDGE_CURVE('',#571,#599,#601,.T.);
#599 = VERTEX_POINT('',#600);
#600 = CARTESIAN_POINT('',(34.785470401323,28.547697787364,0.));
#601 = SURFACE_CURVE('',#602,(#606,#613),.PCURVE_S1.);
#602 = LINE('',#603,#604);
#603 = CARTESIAN_POINT('',(36.144338916629,26.80646870216,0.));
#604 = VECTOR('',#605,1.);
#605 = DIRECTION('',(-0.615231590581,0.788346427627,0.));
#606 = PCURVE('',#126,#607);
#607 = DEFINITIONAL_REPRESENTATION('',(#608),#612);
#608 = LINE('',#609,#610);
#609 = CARTESIAN_POINT('',(36.144338916629,26.806468702159));
#610 = VECTOR('',#611,1.);
#611 = DIRECTION('',(-0.615231590581,0.788346427627));
#612 = ( GEOMETRIC_REPRESENTATION_CONTEXT(2) 
PARAMETRIC_REPRESENTATION_CONTEXT() REPRESENTATION_CONTEXT('2D SPACE',''
  ) );
#613 = PCURVE('',#614,#619);
#614 = PLANE('',#615);
#615 = AXIS2_PLACEMENT_3D('',#616,#617,#618);
#616 = CARTESIAN_POINT('',(36.144338916629,26.80646870216,0.));
#617 = DIRECTION('',(-0.788346427627,-0.615231590581,0.));
#618 = DIRECTION('',(-0.615231590581,0.788346427627,0.));
#619 = DEFINITIONAL_REPRESENTATION('',(#620),#624);
#620 = LINE('',#621,#622);
#621 = CARTESIAN_POINT('',(0.,0.));
#622 = VECTOR('',#623,1.);
#623 = DIRECTION('',(1.,0.));
#624 = ( GEOMETRIC_REPRESENTATION_CONTEXT(2) 
PARAMETRIC_REPRESENTATION_CONTEXT() REPRESENTATION_CONTEXT('2D SPACE',''
  ) );
#625 = ORIENTED_EDGE('',*,*,#626,.T.);
#626 = EDGE_CURVE('',#599,#627,#629,.T.);
#627 = VERTEX_POINT('',#628);
#628 = CARTESIAN_POINT('',(33.342800640973,30.220152968116,0.));
#629 = SURFACE_CURVE('',#630,(#634,#641),.PCURVE_S1.);
#630 = LINE('',#631,#632);
#631 = CARTESIAN_POINT('',(34.785470401323,28.547697787364,0.));
#632 = VECTOR('',#633,1.);
#633 = DIRECTION('',(-0.653172842954,0.757208846506,0.));
#634 = PCURVE('',#126,#635);
#635 = DEFINITIONAL_REPRESENTATION('',(#636),#640);
#636 = LINE('',#637,#638);
#637 = CARTESIAN_POINT('',(34.785470401323,28.547697787364));
#638 = VECTOR('',#639,1.);
#639 = DIRECTION('',(-0.653172842954,0.757208846506));
#640 = ( GEOMETRIC_REPRESENTATION_CONTEXT(2) 
PARAMETRIC_REPRESENTATION_CONTEXT() REPRESENTATION_CONTEXT('2D SPACE',''
  ) );
#641 = PCURVE('',#642,#647);
#642 = PLANE('',#643);
#643 = AXIS2_PLACEMENT_3D('',#644,#645,#646);
#644 = CARTESIAN_POINT('',(34.785470401323,28.547697787364,0.));
#645 = DIRECTION('',(-0.757208846506,-0.653172842954,0.));
#646 = DIRECTION('',(-0.653172842954,0.757208846506,0.));
#647 = DEFINITIONAL_REPRESENTATION('',(#648),#652);
#648 = LINE('',#649,#650);
#649 = CARTESIAN_POINT('',(0.,0.));
#650 = VECTOR('',#651,1.);
#651 = DIRECTION('',(1.,0.));
#652 = ( GEOMETRIC_REPRESENTATION_CONTEXT(2) 
PARAMETRIC_REPRESENTATION_CONTEXT() REPRESENTATION_CONTEXT('2D SPACE',''
  ) );
#653 = ORIENTED_EDGE('',*,*,#654,.T.);
#654 = EDGE_CURVE('',#627,#655,#657,.T.);
#655 = VERTEX_POINT('',#656);
#656 = CARTESIAN_POINT('',(31.819805153395,31.819805153395,0.));
#657 = SURFACE_CURVE('',#658,(#662,#669),.PCURVE_S1.);
#658 = LINE('',#659,#660);
#659 = CARTESIAN_POINT('',(33.342800640973,30.220152968116,0.));
#660 = VECTOR('',#661,1.);
#661 = DIRECTION('',(-0.689540544737,0.724247082951,0.));
#662 = PCURVE('',#126,#663);
#663 = DEFINITIONAL_REPRESENTATION('',(#664),#668);
#664 = LINE('',#665,#666);
#665 = CARTESIAN_POINT('',(33.342800640973,30.220152968116));
#666 = VECTOR('',#667,1.);
#667 = DIRECTION('',(-0.689540544737,0.724247082951));
#668 = ( GEOMETRIC_REPRESENTATION_CONTEXT(2) 
PARAMETRIC_REPRESENTATION_CONTEXT() REPRESENTATION_CONTEXT('2D SPACE',''
  ) );
#669 = PCURVE('',#670,#675);
#670 = PLANE('',#671);
#671 = AXIS2_PLACEMENT_3D('',#672,#673,#674);
#672 = CARTESIAN_POINT('',(33.342800640973,30.220152968116,0.));
#673 = DIRECTION('',(-0.724247082951,-0.689540544737,0.));
#674 = DIRECTION('',(-0.689540544737,0.724247082951,0.));
#675 = DEFINITIONAL_REPRESENTATION('',(#676),#680);
#676 = LINE('',#677,#678);
#677 = CARTESIAN_POINT('',(0.,0.));
#678 = VECTOR('',#679,1.);
#679 = DIRECTION('',(1.,0.));
#680 = ( GEOMETRIC_REPRESENTATION_CONTEXT(2) 
PARAMETRIC_REPRESENTATION_CONTEXT() REPRESENTATION_CONTEXT('2D SPACE',''
  ) );
#681 = ORIENTED_EDGE('',*,*,#682,.T.);
#682 = EDGE_CURVE('',#655,#683,#685,.T.);
#683 = VERTEX_POINT('',#684);
#684 = CARTESIAN_POINT('',(30.220152968116,33.342800640973,0.));
#685 = SURFACE_CURVE('',#686,(#690,#697),.PCURVE_S1.);
#686 = LINE('',#687,#688);
#687 = CARTESIAN_POINT('',(31.819805153395,31.819805153395,0.));
#688 = VECTOR('',#689,1.);
#689 = DIRECTION('',(-0.724247082951,0.689540544737,0.));
#690 = PCURVE('',#126,#691);
#691 = DEFINITIONAL_REPRESENTATION('',(#692),#696);
#692 = LINE('',#693,#694);
#693 = CARTESIAN_POINT('',(31.819805153395,31.819805153395));
#694 = VECTOR('',#695,1.);
#695 = DIRECTION('',(-0.724247082951,0.689540544737));
#696 = ( GEOMETRIC_REPRESENTATION_CONTEXT(2) 
PARAMETRIC_REPRESENTATION_CONTEXT() REPRESENTATION_CONTEXT('2D SPACE',''
  ) );
#697 = PCURVE('',#698,#703);
#698 = PLANE('',#699);
#699 = AXIS2_PLACEMENT_3D('',#700,#701,#702);
#700 = CARTESIAN_POINT('',(31.819805153395,31.819805153395,0.));
#701 = DIRECTION('',(-0.689540544737,-0.724247082951,0.));
#702 = DIRECTION('',(-0.724247082951,0.689540544737,0.));
#703 = DEFINITIONAL_REPRESENTATION('',(#704),#708);
#704 = LINE('',#705,#706);
#705 = CARTESIAN_POINT('',(0.,0.));
#706 = VECTOR('',#707,1.);
#707 = DIRECTION('',(1.,0.));
#708 = ( GEOMETRIC_REPRESENTATION_CONTEXT(2) 
PARAMETRIC_REPRESENTATION_CONTEXT() REPRESENTATION_CONTEXT('2D SPACE',''
  ) );
#709 = ORIENTED_EDGE('',*,*,#710,.T.);
#710 = EDGE_CURVE('',#683,#711,#713,.T.);
#711 = VERTEX_POINT('',#712);
#712 = CARTESIAN_POINT('',(28.547697787364,34.785470401323,0.));
#713 = SURFACE_CURVE('',#714,(#718,#725),.PCURVE_S1.);
#714 = LINE('',#715,#716);
#715 = CARTESIAN_POINT('',(30.220152968116,33.342800640973,0.));
#716 = VECTOR('',#717,1.);
#717 = DIRECTION('',(-0.757208846506,0.653172842954,0.));
#718 = PCURVE('',#126,#719);
#719 = DEFINITIONAL_REPRESENTATION('',(#720),#724);
#720 = LINE('',#721,#722);
#721 = CARTESIAN_POINT('',(30.220152968116,33.342800640973));
#722 = VECTOR('',#723,1.);
#723 = DIRECTION('',(-0.757208846506,0.653172842954));
#724 = ( GEOMETRIC_REPRESENTATION_CONTEXT(2) 
PARAMETRIC_REPRESENTATION_CONTEXT() REPRESENTATION_CONTEXT('2D SPACE',''
  ) );
#725 = PCURVE('',#726,#731);
#726 = PLANE('',#727);
#727 = AXIS2_PLACEMENT_3D('',#728,#729,#730);
#728 = CARTESIAN_POINT('',(30.220152968116,33.342800640973,0.));
#729 = DIRECTION('',(-0.653172842954,-0.757208846506,0.));
#730 = DIRECTION('',(-0.757208846506,0.653172842954,0.));
#731 = DEFINITIONAL_REPRESENTATION('',(#732),#736);
#732 = LINE('',#733,#734);
#733 = CARTESIAN_POINT('',(0.,0.));
#734 = VECTOR('',#735,1.);
#735 = DIRECTION('',(1.,0.));
#736 = ( GEOMETRIC_REPRESENTATION_CONTEXT(2) 
PARAMETRIC_REPRESENTATION_CONTEXT() REPRESENTATION_CONTEXT('2D SPACE',''
  ) );
#737 = ORIENTED_EDGE('',*,*,#738,.T.);
#738 = EDGE_CURVE('',#711,#739,#741,.T.);
#739 = VERTEX_POINT('',#740);
#740 = CARTESIAN_POINT('',(26.80646870216,36.144338916629,0.));
#741 = SURFACE_CURVE('',#742,(#746,#753),.PCURVE_S1.);
#742 = LINE('',#743,#744);
#743 = CARTESIAN_POINT('',(28.547697787364,34.785470401323,0.));
#744 = VECTOR('',#745,1.);
#745 = DIRECTION('',(-0.788346427627,0.615231590581,0.));
#746 = PCURVE('',#126,#747);
#747 = DEFINITIONAL_REPRESENTATION('',(#748),#752);
#748 = LINE('',#749,#750);
#749 = CARTESIAN_POINT('',(28.547697787364,34.785470401323));
#750 = VECTOR('',#751,1.);
#751 = DIRECTION('',(-0.788346427627,0.615231590581));
#752 = ( GEOMETRIC_REPRESENTATION_CONTEXT(2) 
PARAMETRIC_REPRESENTATION_CONTEXT() REPRESENTATION_CONTEXT('2D SPACE',''
  ) );
#753 = PCURVE('',#754,#759);
#754 = PLANE('',#755);
#755 = AXIS2_PLACEMENT_3D('',#756,#757,#758);
#756 = CARTESIAN_POINT('',(28.547697787364,34.785470401323,0.));
#757 = DIRECTION('',(-0.615231590581,-0.788346427627,0.));
#758 = DIRECTION('',(-0.788346427627,0.615231590581,0.));
#759 = DEFINITIONAL_REPRESENTATION('',(#760),#764);
#760 = LINE('',#761,#762);
#761 = CARTESIAN_POINT('',(0.,0.));
#762 = VECTOR('',#763,1.);
#763 = DIRECTION('',(1.,0.));
#764 = ( GEOMETRIC_REPRESENTATION_CONTEXT(2) 
PARAMETRIC_REPRESENTATION_CONTEXT() REPRESENTATION_CONTEXT('2D SPACE',''
  ) );
#765 = ORIENTED_EDGE('',*,*,#766,.T.);
#766 = EDGE_CURVE('',#739,#767,#769,.T.);
#767 = VERTEX_POINT('',#768);
#768 = CARTESIAN_POINT('',(25.000660485882,37.416132553615,0.));
#769 = SURFACE_CURVE('',#770,(#774,#781),.PCURVE_S1.);
#770 = LINE('',#771,#772);
#771 = CARTESIAN_POINT('',(26.80646870216,36.144338916629,0.));
#772 = VECTOR('',#773,1.);
#773 = DIRECTION('',(-0.817584813152,0.575808191418,0.));
#774 = PCURVE('',#126,#775);
#775 = DEFINITIONAL_REPRESENTATION('',(#776),#780);
#776 = LINE('',#777,#778);
#777 = CARTESIAN_POINT('',(26.80646870216,36.144338916629));
#778 = VECTOR('',#779,1.);
#779 = DIRECTION('',(-0.817584813152,0.575808191418));
#780 = ( GEOMETRIC_REPRESENTATION_CONTEXT(2) 
PARAMETRIC_REPRESENTATION_CONTEXT() REPRESENTATION_CONTEXT('2D SPACE',''
  ) );
#781 = PCURVE('',#782,#787);
#782 = PLANE('',#783);
#783 = AXIS2_PLACEMENT_3D('',#784,#785,#786);
#784 = CARTESIAN_POINT('',(26.80646870216,36.144338916629,0.));
#785 = DIRECTION('',(-0.575808191418,-0.817584813152,0.));
#786 = DIRECTION('',(-0.817584813152,0.575808191418,0.));
#787 = DEFINITIONAL_REPRESENTATION('',(#788),#792);
#788 = LINE('',#789,#790);
#789 = CARTESIAN_POINT('',(0.,0.));
#790 = VECTOR('',#791,1.);
#791 = DIRECTION('',(1.,0.));
#792 = ( GEOMETRIC_REPRESENTATION_CONTEXT(2) 
PARAMETRIC_REPRESENTATION_CONTEXT() REPRESENTATION_CONTEXT('2D SPACE',''
  ) );
#793 = ORIENTED_EDGE('',*,*,#794,.T.);
#794 = EDGE_CURVE('',#767,#795,#797,.T.);
#795 = VERTEX_POINT('',#796);
#796 = CARTESIAN_POINT('',(23.134623488695,38.597787450012,0.));
#797 = SURFACE_CURVE('',#798,(#802,#809),.PCURVE_S1.);
#798 = LINE('',#799,#800);
#799 = CARTESIAN_POINT('',(25.000660485882,37.416132553615,0.));
#800 = VECTOR('',#801,1.);
#801 = DIRECTION('',(-0.84485356525,0.534997619887,0.));
#802 = PCURVE('',#126,#803);
#803 = DEFINITIONAL_REPRESENTATION('',(#804),#808);
#804 = LINE('',#805,#806);
#805 = CARTESIAN_POINT('',(25.000660485882,37.416132553615));
#806 = VECTOR('',#807,1.);
#807 = DIRECTION('',(-0.84485356525,0.534997619887));
#808 = ( GEOMETRIC_REPRESENTATION_CONTEXT(2) 
PARAMETRIC_REPRESENTATION_CONTEXT() REPRESENTATION_CONTEXT('2D SPACE',''
  ) );
#809 = PCURVE('',#810,#815);
#810 = PLANE('',#811);
#811 = AXIS2_PLACEMENT_3D('',#812,#813,#814);
#812 = CARTESIAN_POINT('',(25.000660485882,37.416132553615,0.));
#813 = DIRECTION('',(-0.534997619887,-0.84485356525,0.));
#814 = DIRECTION('',(-0.84485356525,0.534997619887,0.));
#815 = DEFINITIONAL_REPRESENTATION('',(#816),#820);
#816 = LINE('',#817,#818);
#817 = CARTESIAN_POINT('',(0.,0.));
#818 = VECTOR('',#819,1.);
#819 = DIRECTION('',(1.,0.));
#820 = ( GEOMETRIC_REPRESENTATION_CONTEXT(2) 
PARAMETRIC_REPRESENTATION_CONTEXT() REPRESENTATION_CONTEXT('2D SPACE',''
  ) );
#821 = ORIENTED_EDGE('',*,*,#822,.T.);
#822 = EDGE_CURVE('',#795,#823,#825,.T.);
#823 = VERTEX_POINT('',#824);
#824 = CARTESIAN_POINT('',(21.21285315717,39.686456895676,0.));
#825 = SURFACE_CURVE('',#826,(#830,#837),.PCURVE_S1.);
#826 = LINE('',#827,#828);
#827 = CARTESIAN_POINT('',(23.134623488695,38.597787450012,0.));
#828 = VECTOR('',#829,1.);
#829 = DIRECTION('',(-0.870086991109,0.49289819223,0.));
#830 = PCURVE('',#126,#831);
#831 = DEFINITIONAL_REPRESENTATION('',(#832),#836);
#832 = LINE('',#833,#834);
#833 = CARTESIAN_POINT('',(23.134623488695,38.597787450012));
#834 = VECTOR('',#835,1.);
#835 = DIRECTION('',(-0.870086991109,0.49289819223));
#836 = ( GEOMETRIC_REPRESENTATION_CONTEXT(2) 
PARAMETRIC_REPRESENTATION_CONTEXT() REPRESENTATION_CONTEXT('2D SPACE',''
  ) );
#837 = PCURVE('',#838,#843);
#838 = PLANE('',#839);
#839 = AXIS2_PLACEMENT_3D('',#840,#841,#842);
#840 = CARTESIAN_POINT('',(23.134623488695,38.597787450012,0.));
#841 = DIRECTION('',(-0.49289819223,-0.870086991109,0.));
#842 = DIRECTION('',(-0.870086991109,0.49289819223,0.));
#843 = DEFINITIONAL_REPRESENTATION('',(#844),#848);
#844 = LINE('',#845,#846);
#845 = CARTESIAN_POINT('',(0.,0.));
#846 = VECTOR('',#847,1.);
#847 = DIRECTION('',(1.,0.));
#848 = ( GEOMETRIC_REPRESENTATION_CONTEXT(2) 
PARAMETRIC_REPRESENTATION_CONTEXT() REPRESENTATION_CONTEXT('2D SPACE',''
  ) );
#849 = ORIENTED_EDGE('',*,*,#850,.T.);
#850 = EDGE_CURVE('',#823,#851,#853,.T.);
#851 = VERTEX_POINT('',#852);
#852 = CARTESIAN_POINT('',(19.239979204363,40.679518190555,0.));
#853 = SURFACE_CURVE('',#854,(#858,#865),.PCURVE_S1.);
#854 = LINE('',#855,#856);
#855 = CARTESIAN_POINT('',(21.21285315717,39.686456895676,0.));
#856 = VECTOR('',#857,1.);
#857 = DIRECTION('',(-0.893224301196,0.449611329655,0.));
#858 = PCURVE('',#126,#859);
#859 = DEFINITIONAL_REPRESENTATION('',(#860),#864);
#860 = LINE('',#861,#862);
#861 = CARTESIAN_POINT('',(21.21285315717,39.686456895676));
#862 = VECTOR('',#863,1.);
#863 = DIRECTION('',(-0.893224301196,0.449611329655));
#864 = ( GEOMETRIC_REPRESENTATION_CONTEXT(2) 
PARAMETRIC_REPRESENTATION_CONTEXT() REPRESENTATION_CONTEXT('2D SPACE',''
  ) );
#865 = PCURVE('',#866,#871);
#866 = PLANE('',#867);
#867 = AXIS2_PLACEMENT_3D('',#868,#869,#870);
#868 = CARTESIAN_POINT('',(21.21285315717,39.686456895676,0.));
#869 = DIRECTION('',(-0.449611329655,-0.893224301196,0.));
#870 = DIRECTION('',(-0.893224301196,0.449611329655,0.));
#871 = DEFINITIONAL_REPRESENTATION('',(#872),#876);
#872 = LINE('',#873,#874);
#873 = CARTESIAN_POINT('',(0.,0.));
#874 = VECTOR('',#875,1.);
#875 = DIRECTION('',(1.,0.));
#876 = ( GEOMETRIC_REPRESENTATION_CONTEXT(2) 
PARAMETRIC_REPRESENTATION_CONTEXT() REPRESENTATION_CONTEXT('2D SPACE',''
  ) );
#877 = ORIENTED_EDGE('',*,*,#878,.T.);
#878 = EDGE_CURVE('',#851,#879,#881,.T.);
#879 = VERTEX_POINT('',#880);
#880 = CARTESIAN_POINT('',(17.220754456429,41.574578963008,0.));
#881 = SURFACE_CURVE('',#882,(#886,#893),.PCURVE_S1.);
#882 = LINE('',#883,#884);
#883 = CARTESIAN_POINT('',(19.239979204363,40.679518190555,0.));
#884 = VECTOR('',#885,1.);
#885 = DIRECTION('',(-0.914209755704,0.405241314005,0.));
#886 = PCURVE('',#126,#887);
#887 = DEFINITIONAL_REPRESENTATION('',(#888),#892);
#888 = LINE('',#889,#890);
#889 = CARTESIAN_POINT('',(19.239979204363,40.679518190555));
#890 = VECTOR('',#891,1.);
#891 = DIRECTION('',(-0.914209755704,0.405241314005));
#892 = ( GEOMETRIC_REPRESENTATION_CONTEXT(2) 
PARAMETRIC_REPRESENTATION_CONTEXT() REPRESENTATION_CONTEXT('2D SPACE',''
  ) );
#893 = PCURVE('',#894,#899);
#894 = PLANE('',#895);
#895 = AXIS2_PLACEMENT_3D('',#896,#897,#898);
#896 = CARTESIAN_POINT('',(19.239979204363,40.679518190555,0.));
#897 = DIRECTION('',(-0.405241314005,-0.914209755704,0.));
#898 = DIRECTION('',(-0.914209755704,0.405241314005,0.));
#899 = DEFINITIONAL_REPRESENTATION('',(#900),#904);
#900 = LINE('',#901,#902);
#901 = CARTESIAN_POINT('',(0.,0.));
#902 = VECTOR('',#903,1.);
#903 = DIRECTION('',(1.,0.));
#904 = ( GEOMETRIC_REPRESENTATION_CONTEXT(2) 
PARAMETRIC_REPRESENTATION_CONTEXT() REPRESENTATION_CONTEXT('2D SPACE',''
  ) );
#905 = ORIENTED_EDGE('',*,*,#906,.T.);
#906 = EDGE_CURVE('',#879,#907,#909,.T.);
#907 = VERTEX_POINT('',#908);
#908 = CARTESIAN_POINT('',(15.16004340265,42.369482933236,0.));
#909 = SURFACE_CURVE('',#910,(#914,#921),.PCURVE_S1.);
#910 = LINE('',#911,#912);
#911 = CARTESIAN_POINT('',(17.220754456429,41.574578963008,0.));
#912 = VECTOR('',#913,1.);
#913 = DIRECTION('',(-0.932992798835,0.359895036535,0.));
#914 = PCURVE('',#126,#915);
#915 = DEFINITIONAL_REPRESENTATION('',(#916),#920);
#916 = LINE('',#917,#918);
#917 = CARTESIAN_POINT('',(17.220754456429,41.574578963008));
#918 = VECTOR('',#919,1.);
#919 = DIRECTION('',(-0.932992798835,0.359895036535));
#920 = ( GEOMETRIC_REPRESENTATION_CONTEXT(2) 
PARAMETRIC_REPRESENTATION_CONTEXT() REPRESENTATION_CONTEXT('2D SPACE',''
  ) );
#921 = PCURVE('',#922,#927);
#922 = PLANE('',#923);
#923 = AXIS2_PLACEMENT_3D('',#924,#925,#926);
#924 = CARTESIAN_POINT('',(17.220754456429,41.574578963008,0.));
#925 = DIRECTION('',(-0.359895036535,-0.932992798835,0.));
#926 = DIRECTION('',(-0.932992798835,0.359895036535,0.));
#927 = DEFINITIONAL_REPRESENTATION('',(#928),#932);
#928 = LINE('',#929,#930);
#929 = CARTESIAN_POINT('',(0.,0.));
#930 = VECTOR('',#931,1.);
#931 = DIRECTION('',(1.,0.));
#932 = ( GEOMETRIC_REPRESENTATION_CONTEXT(2) 
PARAMETRIC_REPRESENTATION_CONTEXT() REPRESENTATION_CONTEXT('2D SPACE',''
  ) );
#933 = ORIENTED_EDGE('',*,*,#934,.T.);
#934 = EDGE_CURVE('',#907,#935,#937,.T.);
#935 = VERTEX_POINT('',#936);
#936 = CARTESIAN_POINT('',(13.062810476451,43.062315107949,0.));
#937 = SURFACE_CURVE('',#938,(#942,#949),.PCURVE_S1.);
#938 = LINE('',#939,#940);
#939 = CARTESIAN_POINT('',(15.16004340265,42.369482933236,0.));
#940 = VECTOR('',#941,1.);
#941 = DIRECTION('',(-0.949528180593,0.313681740399,0.));
#942 = PCURVE('',#126,#943);
#943 = DEFINITIONAL_REPRESENTATION('',(#944),#948);
#944 = LINE('',#945,#946);
#945 = CARTESIAN_POINT('',(15.16004340265,42.369482933236));
#946 = VECTOR('',#947,1.);
#947 = DIRECTION('',(-0.949528180593,0.313681740399));
#948 = ( GEOMETRIC_REPRESENTATION_CONTEXT(2) 
PARAMETRIC_REPRESENTATION_CONTEXT() REPRESENTATION_CONTEXT('2D SPACE',''
  ) );
#949 = PCURVE('',#950,#955);
#950 = PLANE('',#951);
#951 = AXIS2_PLACEMENT_3D('',#952,#953,#954);
#952 = CARTESIAN_POINT('',(15.16004340265,42.369482933236,0.));
#953 = DIRECTION('',(-0.313681740399,-0.949528180593,0.));
#954 = DIRECTION('',(-0.949528180593,0.313681740399,0.));
#955 = DEFINITIONAL_REPRESENTATION('',(#956),#960);
#956 = LINE('',#957,#958);
#957 = CARTESIAN_POINT('',(0.,0.));
#958 = VECTOR('',#959,1.);
#959 = DIRECTION('',(1.,0.));
#960 = ( GEOMETRIC_REPRESENTATION_CONTEXT(2) 
PARAMETRIC_REPRESENTATION_CONTEXT() REPRESENTATION_CONTEXT('2D SPACE',''
  ) );
#961 = ORIENTED_EDGE('',*,*,#962,.T.);
#962 = EDGE_CURVE('',#935,#963,#965,.T.);
#963 = VERTEX_POINT('',#964);
#964 = CARTESIAN_POINT('',(10.934108095647,43.651406393754,0.));
#965 = SURFACE_CURVE('',#966,(#970,#977),.PCURVE_S1.);
#966 = LINE('',#967,#968);
#967 = CARTESIAN_POINT('',(13.062810476451,43.062315107949,0.));
#968 = VECTOR('',#969,1.);
#969 = DIRECTION('',(-0.963776065795,0.266712757475,0.));
#970 = PCURVE('',#126,#971);
#971 = DEFINITIONAL_REPRESENTATION('',(#972),#976);
#972 = LINE('',#973,#974);
#973 = CARTESIAN_POINT('',(13.062810476451,43.062315107949));
#974 = VECTOR('',#975,1.);
#975 = DIRECTION('',(-0.963776065795,0.266712757475));
#976 = ( GEOMETRIC_REPRESENTATION_CONTEXT(2) 
PARAMETRIC_REPRESENTATION_CONTEXT() REPRESENTATION_CONTEXT('2D SPACE',''
  ) );
#977 = PCURVE('',#978,#983);
#978 = PLANE('',#979);
#979 = AXIS2_PLACEMENT_3D('',#980,#981,#982);
#980 = CARTESIAN_POINT('',(13.062810476451,43.062315107949,0.));
#981 = DIRECTION('',(-0.266712757475,-0.963776065795,0.));
#982 = DIRECTION('',(-0.963776065795,0.266712757475,0.));
#983 = DEFINITIONAL_REPRESENTATION('',(#984),#988);
#984 = LINE('',#985,#986);
#985 = CARTESIAN_POINT('',(0.,0.));
#986 = VECTOR('',#987,1.);
#987 = DIRECTION('',(1.,0.));
#988 = ( GEOMETRIC_REPRESENTATION_CONTEXT(2) 
PARAMETRIC_REPRESENTATION_CONTEXT() REPRESENTATION_CONTEXT('2D SPACE',''
  ) );
#989 = ORIENTED_EDGE('',*,*,#990,.T.);
#990 = EDGE_CURVE('',#963,#991,#993,.T.);
#991 = VERTEX_POINT('',#992);
#992 = CARTESIAN_POINT('',(8.779064490726,44.135337618145,0.));
#993 = SURFACE_CURVE('',#994,(#998,#1005),.PCURVE_S1.);
#994 = LINE('',#995,#996);
#995 = CARTESIAN_POINT('',(10.934108095647,43.651406393754,0.));
#996 = VECTOR('',#997,1.);
#997 = DIRECTION('',(-0.975702130039,0.219101240157,0.));
#998 = PCURVE('',#126,#999);
#999 = DEFINITIONAL_REPRESENTATION('',(#1000),#1004);
#1000 = LINE('',#1001,#1002);
#1001 = CARTESIAN_POINT('',(10.934108095647,43.651406393754));
#1002 = VECTOR('',#1003,1.);
#1003 = DIRECTION('',(-0.975702130039,0.219101240157));
#1004 = ( GEOMETRIC_REPRESENTATION_CONTEXT(2) 
PARAMETRIC_REPRESENTATION_CONTEXT() REPRESENTATION_CONTEXT('2D SPACE',''
  ) );
#1005 = PCURVE('',#1006,#1011);
#1006 = PLANE('',#1007);
#1007 = AXIS2_PLACEMENT_3D('',#1008,#1009,#1010);
#1008 = CARTESIAN_POINT('',(10.934108095647,43.651406393754,0.));
#1009 = DIRECTION('',(-0.219101240157,-0.975702130039,0.));
#1010 = DIRECTION('',(-0.975702130039,0.219101240157,0.));
#1011 = DEFINITIONAL_REPRESENTATION('',(#1012),#1016);
#1012 = LINE('',#1013,#1014);
#1013 = CARTESIAN_POINT('',(0.,0.));
#1014 = VECTOR('',#1015,1.);
#1015 = DIRECTION('',(1.,0.));
#1016 = ( GEOMETRIC_REPRESENTATION_CONTEXT(2) 
PARAMETRIC_REPRESENTATION_CONTEXT() REPRESENTATION_CONTEXT('2D SPACE',''
  ) );
#1017 = ORIENTED_EDGE('',*,*,#1018,.T.);
#1018 = EDGE_CURVE('',#991,#1019,#1021,.T.);
#1019 = VERTEX_POINT('',#1020);
#1020 = CARTESIAN_POINT('',(6.602871350491,44.512942948415,0.));
#1021 = SURFACE_CURVE('',#1022,(#1026,#1033),.PCURVE_S1.);
#1022 = LINE('',#1023,#1024);
#1023 = CARTESIAN_POINT('',(8.779064490726,44.135337618145,0.));
#1024 = VECTOR('',#1025,1.);
#1025 = DIRECTION('',(-0.985277642389,0.17096188876,0.));
#1026 = PCURVE('',#126,#1027);
#1027 = DEFINITIONAL_REPRESENTATION('',(#1028),#1032);
#1028 = LINE('',#1029,#1030);
#1029 = CARTESIAN_POINT('',(8.779064490726,44.135337618145));
#1030 = VECTOR('',#1031,1.);
#1031 = DIRECTION('',(-0.985277642389,0.17096188876));
#1032 = ( GEOMETRIC_REPRESENTATION_CONTEXT(2) 
PARAMETRIC_REPRESENTATION_CONTEXT() REPRESENTATION_CONTEXT('2D SPACE',''
  ) );
#1033 = PCURVE('',#1034,#1039);
#1034 = PLANE('',#1035);
#1035 = AXIS2_PLACEMENT_3D('',#1036,#1037,#1038);
#1036 = CARTESIAN_POINT('',(8.779064490726,44.135337618145,0.));
#1037 = DIRECTION('',(-0.17096188876,-0.985277642389,0.));
#1038 = DIRECTION('',(-0.985277642389,0.17096188876,0.));
#1039 = DEFINITIONAL_REPRESENTATION('',(#1040),#1044);
#1040 = LINE('',#1041,#1042);
#1041 = CARTESIAN_POINT('',(0.,0.));
#1042 = VECTOR('',#1043,1.);
#1043 = DIRECTION('',(1.,0.));
#1044 = ( GEOMETRIC_REPRESENTATION_CONTEXT(2) 
PARAMETRIC_REPRESENTATION_CONTEXT() REPRESENTATION_CONTEXT('2D SPACE',''
  ) );
#1045 = ORIENTED_EDGE('',*,*,#1046,.T.);
#1046 = EDGE_CURVE('',#1019,#1047,#1049,.T.);
#1047 = VERTEX_POINT('',#1048);
#1048 = CARTESIAN_POINT('',(4.41077131483,44.783312700249,0.));
#1049 = SURFACE_CURVE('',#1050,(#1054,#1061),.PCURVE_S1.);
#1050 = LINE('',#1051,#1052);
#1051 = CARTESIAN_POINT('',(6.602871350491,44.512942948415,0.));
#1052 = VECTOR('',#1053,1.);
#1053 = DIRECTION('',(-0.992479534599,0.122410675199,0.));
#1054 = PCURVE('',#126,#1055);
#1055 = DEFINITIONAL_REPRESENTATION('',(#1056),#1060);
#1056 = LINE('',#1057,#1058);
#1057 = CARTESIAN_POINT('',(6.602871350491,44.512942948415));
#1058 = VECTOR('',#1059,1.);
#1059 = DIRECTION('',(-0.992479534599,0.122410675199));
#1060 = ( GEOMETRIC_REPRESENTATION_CONTEXT(2) 
PARAMETRIC_REPRESENTATION_CONTEXT() REPRESENTATION_CONTEXT('2D SPACE',''
  ) );
#1061 = PCURVE('',#1062,#1067);
#1062 = PLANE('',#1063);
#1063 = AXIS2_PLACEMENT_3D('',#1064,#1065,#1066);
#1064 = CARTESIAN_POINT('',(6.602871350491,44.512942948415,0.));
#1065 = DIRECTION('',(-0.122410675199,-0.992479534599,0.));
#1066 = DIRECTION('',(-0.992479534599,0.122410675199,0.));
#1067 = DEFINITIONAL_REPRESENTATION('',(#1068),#1072);
#1068 = LINE('',#1069,#1070);
#1069 = CARTESIAN_POINT('',(0.,0.));
#1070 = VECTOR('',#1071,1.);
#1071 = DIRECTION('',(1.,0.));
#1072 = ( GEOMETRIC_REPRESENTATION_CONTEXT(2) 
PARAMETRIC_REPRESENTATION_CONTEXT() REPRESENTATION_CONTEXT('2D SPACE',''
  ) );
#1073 = ORIENTED_EDGE('',*,*,#1074,.T.);
#1074 = EDGE_CURVE('',#1047,#1075,#1077,.T.);
#1075 = VERTEX_POINT('',#1076);
#1076 = CARTESIAN_POINT('',(2.208045344734,44.945795529233,0.));
#1077 = SURFACE_CURVE('',#1078,(#1082,#1089),.PCURVE_S1.);
#1078 = LINE('',#1079,#1080);
#1079 = CARTESIAN_POINT('',(4.41077131483,44.783312700249,0.));
#1080 = VECTOR('',#1081,1.);
#1081 = DIRECTION('',(-0.997290456679,7.356456359967E-02,0.));
#1082 = PCURVE('',#126,#1083);
#1083 = DEFINITIONAL_REPRESENTATION('',(#1084),#1088);
#1084 = LINE('',#1085,#1086);
#1085 = CARTESIAN_POINT('',(4.41077131483,44.783312700249));
#1086 = VECTOR('',#1087,1.);
#1087 = DIRECTION('',(-0.997290456679,7.356456359967E-02));
#1088 = ( GEOMETRIC_REPRESENTATION_CONTEXT(2) 
PARAMETRIC_REPRESENTATION_CONTEXT() REPRESENTATION_CONTEXT('2D SPACE',''
  ) );
#1089 = PCURVE('',#1090,#1095);
#1090 = PLANE('',#1091);
#1091 = AXIS2_PLACEMENT_3D('',#1092,#1093,#1094);
#1092 = CARTESIAN_POINT('',(4.41077131483,44.783312700249,0.));
#1093 = DIRECTION('',(-7.356456359967E-02,-0.997290456679,0.));
#1094 = DIRECTION('',(-0.997290456679,7.356456359967E-02,0.));
#1095 = DEFINITIONAL_REPRESENTATION('',(#1096),#1100);
#1096 = LINE('',#1097,#1098);
#1097 = CARTESIAN_POINT('',(0.,0.));
#1098 = VECTOR('',#1099,1.);
#1099 = DIRECTION('',(1.,0.));
#1100 = ( GEOMETRIC_REPRESENTATION_CONTEXT(2) 
PARAMETRIC_REPRESENTATION_CONTEXT() REPRESENTATION_CONTEXT('2D SPACE',''
  ) );
#1101 = ORIENTED_EDGE('',*,*,#1102,.T.);
#1102 = EDGE_CURVE('',#1075,#1103,#1105,.T.);
#1103 = VERTEX_POINT('',#1104);
#1104 = CARTESIAN_POINT('',(2.755455298082E-15,45.,0.));
#1105 = SURFACE_CURVE('',#1106,(#1110,#1117),.PCURVE_S1.);
#1106 = LINE('',#1107,#1108);
#1107 = CARTESIAN_POINT('',(2.208045344734,44.945795529233,0.));
#1108 = VECTOR('',#1109,1.);
#1109 = DIRECTION('',(-0.999698818696,2.454122852291E-02,0.));
#1110 = PCURVE('',#126,#1111);
#1111 = DEFINITIONAL_REPRESENTATION('',(#1112),#1116);
#1112 = LINE('',#1113,#1114);
#1113 = CARTESIAN_POINT('',(2.208045344734,44.945795529233));
#1114 = VECTOR('',#1115,1.);
#1115 = DIRECTION('',(-0.999698818696,2.454122852291E-02));
#1116 = ( GEOMETRIC_REPRESENTATION_CONTEXT(2) 
PARAMETRIC_REPRESENTATION_CONTEXT() REPRESENTATION_CONTEXT('2D SPACE',''
  ) );
#1117 = PCURVE('',#1118,#1123);
#1118 = PLANE('',#1119);
#1119 = AXIS2_PLACEMENT_3D('',#1120,#1121,#1122);
#1120 = CARTESIAN_POINT('',(2.208045344734,44.945795529233,0.));
#1121 = DIRECTION('',(-2.454122852291E-02,-0.999698818696,0.));
#1122 = DIRECTION('',(-0.999698818696,2.454122852291E-02,0.));
#1123 = DEFINITIONAL_REPRESENTATION('',(#1124),#1128);
#1124 = LINE('',#1125,#1126);
#1125 = CARTESIAN_POINT('',(0.,0.));
#1126 = VECTOR('',#1127,1.);
#1127 = DIRECTION('',(1.,0.));
#1128 = ( GEOMETRIC_REPRESENTATION_CONTEXT(2) 
PARAMETRIC_REPRESENTATION_CONTEXT() REPRESENTATION_CONTEXT('2D SPACE',''
  ) );
#1129 = ORIENTED_EDGE('',*,*,#1130,.T.);
#1130 = EDGE_CURVE('',#1103,#1131,#1133,.T.);
#1131 = VERTEX_POINT('',#1132);
#1132 = CARTESIAN_POINT('',(-2.208045344734,44.945795529233,0.));
#1133 = SURFACE_CURVE('',#1134,(#1138,#1145),.PCURVE_S1.);
#1134 = LINE('',#1135,#1136);
#1135 = CARTESIAN_POINT('',(2.755455298082E-15,45.,0.));
#1136 = VECTOR('',#1137,1.);
#1137 = DIRECTION('',(-0.999698818696,-2.454122852291E-02,0.));
#1138 = PCURVE('',#126,#1139);
#1139 = DEFINITIONAL_REPRESENTATION('',(#1140),#1144);
#1140 = LINE('',#1141,#1142);
#1141 = CARTESIAN_POINT('',(7.44828752111E-16,45.));
#1142 = VECTOR('',#1143,1.);
#1143 = DIRECTION('',(-0.999698818696,-2.454122852291E-02));
#1144 = ( GEOMETRIC_REPRESENTATION_CONTEXT(2) 
PARAMETRIC_REPRESENTATION_CONTEXT() REPRESENTATION_CONTEXT('2D SPACE',''
  ) );
#1145 = PCURVE('',#1146,#1151);
#1146 = PLANE('',#1147);
#1147 = AXIS2_PLACEMENT_3D('',#1148,#1149,#1150);
#1148 = CARTESIAN_POINT('',(2.755455298082E-15,45.,0.));
#1149 = DIRECTION('',(2.454122852291E-02,-0.999698818696,0.));
#1150 = DIRECTION('',(-0.999698818696,-2.454122852291E-02,0.));
#1151 = DEFINITIONAL_REPRESENTATION('',(#1152),#1156);
#1152 = LINE('',#1153,#1154);
#1153 = CARTESIAN_POINT('',(0.,0.));
#1154 = VECTOR('',#1155,1.);
#1155 = DIRECTION('',(1.,0.));
#1156 = ( GEOMETRIC_REPRESENTATION_CONTEXT(2) 
PARAMETRIC_REPRESENTATION_CONTEXT() REPRESENTATION_CONTEXT('2D SPACE',''
  ) );
#1157 = ORIENTED_EDGE('',*,*,#1158,.T.);
#1158 = EDGE_CURVE('',#1131,#1159,#1161,.T.);
#1159 = VERTEX_POINT('',#1160);
#1160 = CARTESIAN_POINT('',(-4.41077131483,44.783312700249,0.));
#1161 = SURFACE_CURVE('',#1162,(#1166,#1173),.PCURVE_S1.);
#1162 = LINE('',#1163,#1164);
#1163 = CARTESIAN_POINT('',(-2.208045344734,44.945795529233,0.));
#1164 = VECTOR('',#1165,1.);
#1165 = DIRECTION('',(-0.997290456679,-7.356456359967E-02,0.));
#1166 = PCURVE('',#126,#1167);
#1167 = DEFINITIONAL_REPRESENTATION('',(#1168),#1172);
#1168 = LINE('',#1169,#1170);
#1169 = CARTESIAN_POINT('',(-2.208045344734,44.945795529233));
#1170 = VECTOR('',#1171,1.);
#1171 = DIRECTION('',(-0.997290456679,-7.356456359967E-02));
#1172 = ( GEOMETRIC_REPRESENTATION_CONTEXT(2) 
PARAMETRIC_REPRESENTATION_CONTEXT() REPRESENTATION_CONTEXT('2D SPACE',''
  ) );
#1173 = PCURVE('',#1174,#1179);
#1174 = PLANE('',#1175);
#1175 = AXIS2_PLACEMENT_3D('',#1176,#1177,#1178);
#1176 = CARTESIAN_POINT('',(-2.208045344734,44.945795529233,0.));
#1177 = DIRECTION('',(7.356456359967E-02,-0.997290456679,0.));
#1178 = DIRECTION('',(-0.997290456679,-7.356456359967E-02,0.));
#1179 = DEFINITIONAL_REPRESENTATION('',(#1180),#1184);
#1180 = LINE('',#1181,#1182);
#1181 = CARTESIAN_POINT('',(0.,0.));
#1182 = VECTOR('',#1183,1.);
#1183 = DIRECTION('',(1.,0.));
#1184 = ( GEOMETRIC_REPRESENTATION_CONTEXT(2) 
PARAMETRIC_REPRESENTATION_CONTEXT() REPRESENTATION_CONTEXT('2D SPACE',''
  ) );
#1185 = ORIENTED_EDGE('',*,*,#1186,.T.);
#1186 = EDGE_CURVE('',#1159,#1187,#1189,.T.);
#1187 = VERTEX_POINT('',#1188);
#1188 = CARTESIAN_POINT('',(-6.602871350491,44.512942948415,0.));
#1189 = SURFACE_CURVE('',#1190,(#1194,#1201),.PCURVE_S1.);
#1190 = LINE('',#1191,#1192);
#1191 = CARTESIAN_POINT('',(-4.41077131483,44.783312700249,0.));
#1192 = VECTOR('',#1193,1.);
#1193 = DIRECTION('',(-0.992479534599,-0.122410675199,0.));
#1194 = PCURVE('',#126,#1195);
#1195 = DEFINITIONAL_REPRESENTATION('',(#1196),#1200);
#1196 = LINE('',#1197,#1198);
#1197 = CARTESIAN_POINT('',(-4.41077131483,44.783312700249));
#1198 = VECTOR('',#1199,1.);
#1199 = DIRECTION('',(-0.992479534599,-0.122410675199));
#1200 = ( GEOMETRIC_REPRESENTATION_CONTEXT(2) 
PARAMETRIC_REPRESENTATION_CONTEXT() REPRESENTATION_CONTEXT('2D SPACE',''
  ) );
#1201 = PCURVE('',#1202,#1207);
#1202 = PLANE('',#1203);
#1203 = AXIS2_PLACEMENT_3D('',#1204,#1205,#1206);
#1204 = CARTESIAN_POINT('',(-4.41077131483,44.783312700249,0.));
#1205 = DIRECTION('',(0.122410675199,-0.992479534599,0.));
#1206 = DIRECTION('',(-0.992479534599,-0.122410675199,0.));
#1207 = DEFINITIONAL_REPRESENTATION('',(#1208),#1212);
#1208 = LINE('',#1209,#1210);
#1209 = CARTESIAN_POINT('',(0.,0.));
#1210 = VECTOR('',#1211,1.);
#1211 = DIRECTION('',(1.,0.));
#1212 = ( GEOMETRIC_REPRESENTATION_CONTEXT(2) 
PARAMETRIC_REPRESENTATION_CONTEXT() REPRESENTATION_CONTEXT('2D SPACE',''
  ) );
#1213 = ORIENTED_EDGE('',*,*,#1214,.T.);
#1214 = EDGE_CURVE('',#1187,#1215,#1217,.T.);
#1215 = VERTEX_POINT('',#1216);
#1216 = CARTESIAN_POINT('',(-8.779064490726,44.135337618145,0.));
#1217 = SURFACE_CURVE('',#1218,(#1222,#1229),.PCURVE_S1.);
#1218 = LINE('',#1219,#1220);
#1219 = CARTESIAN_POINT('',(-6.602871350491,44.512942948415,0.));
#1220 = VECTOR('',#1221,1.);
#1221 = DIRECTION('',(-0.985277642389,-0.17096188876,0.));
#1222 = PCURVE('',#126,#1223);
#1223 = DEFINITIONAL_REPRESENTATION('',(#1224),#1228);
#1224 = LINE('',#1225,#1226);
#1225 = CARTESIAN_POINT('',(-6.602871350491,44.512942948415));
#1226 = VECTOR('',#1227,1.);
#1227 = DIRECTION('',(-0.985277642389,-0.17096188876));
#1228 = ( GEOMETRIC_REPRESENTATION_CONTEXT(2) 
PARAMETRIC_REPRESENTATION_CONTEXT() REPRESENTATION_CONTEXT('2D SPACE',''
  ) );
#1229 = PCURVE('',#1230,#1235);
#1230 = PLANE('',#1231);
#1231 = AXIS2_PLACEMENT_3D('',#1232,#1233,#1234);
#1232 = CARTESIAN_POINT('',(-6.602871350491,44.512942948415,0.));
#1233 = DIRECTION('',(0.17096188876,-0.985277642389,0.));
#1234 = DIRECTION('',(-0.985277642389,-0.17096188876,0.));
#1235 = DEFINITIONAL_REPRESENTATION('',(#1236),#1240);
#1236 = LINE('',#1237,#1238);
#1237 = CARTESIAN_POINT('',(0.,0.));
#1238 = VECTOR('',#1239,1.);
#1239 = DIRECTION('',(1.,0.));
#1240 = ( GEOMETRIC_REPRESENTATION_CONTEXT(2) 
PARAMETRIC_REPRESENTATION_CONTEXT() REPRESENTATION_CONTEXT('2D SPACE',''
  ) );
#1241 = ORIENTED_EDGE('',*,*,#1242,.T.);
#1242 = EDGE_CURVE('',#1215,#1243,#1245,.T.);
#1243 = VERTEX_POINT('',#1244);
#1244 = CARTESIAN_POINT('',(-10.93410809564,43.651406393754,0.));
#1245 = SURFACE_CURVE('',#1246,(#1250,#1257),.PCURVE_S1.);
#1246 = LINE('',#1247,#1248);
#1247 = CARTESIAN_POINT('',(-8.779064490726,44.135337618145,0.));
#1248 = VECTOR('',#1249,1.);
#1249 = DIRECTION('',(-0.975702130039,-0.219101240157,0.));
#1250 = PCURVE('',#126,#1251);
#1251 = DEFINITIONAL_REPRESENTATION('',(#1252),#1256);
#1252 = LINE('',#1253,#1254);
#1253 = CARTESIAN_POINT('',(-8.779064490726,44.135337618145));
#1254 = VECTOR('',#1255,1.);
#1255 = DIRECTION('',(-0.975702130039,-0.219101240157));
#1256 = ( GEOMETRIC_REPRESENTATION_CONTEXT(2) 
PARAMETRIC_REPRESENTATION_CONTEXT() REPRESENTATION_CONTEXT('2D SPACE',''
  ) );
#1257 = PCURVE('',#1258,#1263);
#1258 = PLANE('',#1259);
#1259 = AXIS2_PLACEMENT_3D('',#1260,#1261,#1262);
#1260 = CARTESIAN_POINT('',(-8.779064490726,44.135337618145,0.));
#1261 = DIRECTION('',(0.219101240157,-0.975702130039,0.));
#1262 = DIRECTION('',(-0.975702130039,-0.219101240157,0.));
#1263 = DEFINITIONAL_REPRESENTATION('',(#1264),#1268);
#1264 = LINE('',#1265,#1266);
#1265 = CARTESIAN_POINT('',(0.,0.));
#1266 = VECTOR('',#1267,1.);
#1267 = DIRECTION('',(1.,0.));
#1268 = ( GEOMETRIC_REPRESENTATION_CONTEXT(2) 
PARAMETRIC_REPRESENTATION_CONTEXT() REPRESENTATION_CONTEXT('2D SPACE',''
  ) );
#1269 = ORIENTED_EDGE('',*,*,#1270,.T.);
#1270 = EDGE_CURVE('',#1243,#1271,#1273,.T.);
#1271 = VERTEX_POINT('',#1272);
#1272 = CARTESIAN_POINT('',(-13.06281047645,43.062315107949,0.));
#1273 = SURFACE_CURVE('',#1274,(#1278,#1285),.PCURVE_S1.);
#1274 = LINE('',#1275,#1276);
#1275 = CARTESIAN_POINT('',(-10.93410809564,43.651406393754,0.));
#1276 = VECTOR('',#1277,1.);
#1277 = DIRECTION('',(-0.963776065795,-0.266712757475,0.));
#1278 = PCURVE('',#126,#1279);
#1279 = DEFINITIONAL_REPRESENTATION('',(#1280),#1284);
#1280 = LINE('',#1281,#1282);
#1281 = CARTESIAN_POINT('',(-10.93410809564,43.651406393754));
#1282 = VECTOR('',#1283,1.);
#1283 = DIRECTION('',(-0.963776065795,-0.266712757475));
#1284 = ( GEOMETRIC_REPRESENTATION_CONTEXT(2) 
PARAMETRIC_REPRESENTATION_CONTEXT() REPRESENTATION_CONTEXT('2D SPACE',''
  ) );
#1285 = PCURVE('',#1286,#1291);
#1286 = PLANE('',#1287);
#1287 = AXIS2_PLACEMENT_3D('',#1288,#1289,#1290);
#1288 = CARTESIAN_POINT('',(-10.93410809564,43.651406393754,0.));
#1289 = DIRECTION('',(0.266712757475,-0.963776065795,0.));
#1290 = DIRECTION('',(-0.963776065795,-0.266712757475,0.));
#1291 = DEFINITIONAL_REPRESENTATION('',(#1292),#1296);
#1292 = LINE('',#1293,#1294);
#1293 = CARTESIAN_POINT('',(0.,0.));
#1294 = VECTOR('',#1295,1.);
#1295 = DIRECTION('',(1.,0.));
#1296 = ( GEOMETRIC_REPRESENTATION_CONTEXT(2) 
PARAMETRIC_REPRESENTATION_CONTEXT() REPRESENTATION_CONTEXT('2D SPACE',''
  ) );
#1297 = ORIENTED_EDGE('',*,*,#1298,.T.);
#1298 = EDGE_CURVE('',#1271,#1299,#1301,.T.);
#1299 = VERTEX_POINT('',#1300);
#1300 = CARTESIAN_POINT('',(-15.16004340265,42.369482933236,0.));
#1301 = SURFACE_CURVE('',#1302,(#1306,#1313),.PCURVE_S1.);
#1302 = LINE('',#1303,#1304);
#1303 = CARTESIAN_POINT('',(-13.06281047645,43.062315107949,0.));
#1304 = VECTOR('',#1305,1.);
#1305 = DIRECTION('',(-0.949528180593,-0.313681740399,0.));
#1306 = PCURVE('',#126,#1307);
#1307 = DEFINITIONAL_REPRESENTATION('',(#1308),#1312);
#1308 = LINE('',#1309,#1310);
#1309 = CARTESIAN_POINT('',(-13.06281047645,43.062315107949));
#1310 = VECTOR('',#1311,1.);
#1311 = DIRECTION('',(-0.949528180593,-0.313681740399));
#1312 = ( GEOMETRIC_REPRESENTATION_CONTEXT(2) 
PARAMETRIC_REPRESENTATION_CONTEXT() REPRESENTATION_CONTEXT('2D SPACE',''
  ) );
#1313 = PCURVE('',#1314,#1319);
#1314 = PLANE('',#1315);
#1315 = AXIS2_PLACEMENT_3D('',#1316,#1317,#1318);
#1316 = CARTESIAN_POINT('',(-13.06281047645,43.062315107949,0.));
#1317 = DIRECTION('',(0.313681740399,-0.949528180593,0.));
#1318 = DIRECTION('',(-0.949528180593,-0.313681740399,0.));
#1319 = DEFINITIONAL_REPRESENTATION('',(#1320),#1324);
#1320 = LINE('',#1321,#1322);
#1321 = CARTESIAN_POINT('',(0.,0.));
#1322 = VECTOR('',#1323,1.);
#1323 = DIRECTION('',(1.,0.));
#1324 = ( GEOMETRIC_REPRESENTATION_CONTEXT(2) 
PARAMETRIC_REPRESENTATION_CONTEXT() REPRESENTATION_CONTEXT('2D SPACE',''
  ) );
#1325 = ORIENTED_EDGE('',*,*,#1326,.T.);
#1326 = EDGE_CURVE('',#1299,#1327,#1329,.T.);
#1327 = VERTEX_POINT('',#1328);
#1328 = CARTESIAN_POINT('',(-17.22075445642,41.574578963008,0.));
#1329 = SURFACE_CURVE('',#1330,(#1334,#1341),.PCURVE_S1.);
#1330 = LINE('',#1331,#1332);
#1331 = CARTESIAN_POINT('',(-15.16004340265,42.369482933236,0.));
#1332 = VECTOR('',#1333,1.);
#1333 = DIRECTION('',(-0.932992798835,-0.359895036535,0.));
#1334 = PCURVE('',#126,#1335);
#1335 = DEFINITIONAL_REPRESENTATION('',(#1336),#1340);
#1336 = LINE('',#1337,#1338);
#1337 = CARTESIAN_POINT('',(-15.16004340265,42.369482933236));
#1338 = VECTOR('',#1339,1.);
#1339 = DIRECTION('',(-0.932992798835,-0.359895036535));
#1340 = ( GEOMETRIC_REPRESENTATION_CONTEXT(2) 
PARAMETRIC_REPRESENTATION_CONTEXT() REPRESENTATION_CONTEXT('2D SPACE',''
  ) );
#1341 = PCURVE('',#1342,#1347);
#1342 = PLANE('',#1343);
#1343 = AXIS2_PLACEMENT_3D('',#1344,#1345,#1346);
#1344 = CARTESIAN_POINT('',(-15.16004340265,42.369482933236,0.));
#1345 = DIRECTION('',(0.359895036535,-0.932992798835,0.));
#1346 = DIRECTION('',(-0.932992798835,-0.359895036535,0.));
#1347 = DEFINITIONAL_REPRESENTATION('',(#1348),#1352);
#1348 = LINE('',#1349,#1350);
#1349 = CARTESIAN_POINT('',(0.,0.));
#1350 = VECTOR('',#1351,1.);
#1351 = DIRECTION('',(1.,0.));
#1352 = ( GEOMETRIC_REPRESENTATION_CONTEXT(2) 
PARAMETRIC_REPRESENTATION_CONTEXT() REPRESENTATION_CONTEXT('2D SPACE',''
  ) );
#1353 = ORIENTED_EDGE('',*,*,#1354,.T.);
#1354 = EDGE_CURVE('',#1327,#1355,#1357,.T.);
#1355 = VERTEX_POINT('',#1356);
#1356 = CARTESIAN_POINT('',(-19.23997920436,40.679518190555,0.));
#1357 = SURFACE_CURVE('',#1358,(#1362,#1369),.PCURVE_S1.);
#1358 = LINE('',#1359,#1360);
#1359 = CARTESIAN_POINT('',(-17.22075445642,41.574578963008,0.));
#1360 = VECTOR('',#1361,1.);
#1361 = DIRECTION('',(-0.914209755704,-0.405241314005,0.));
#1362 = PCURVE('',#126,#1363);
#1363 = DEFINITIONAL_REPRESENTATION('',(#1364),#1368);
#1364 = LINE('',#1365,#1366);
#1365 = CARTESIAN_POINT('',(-17.22075445642,41.574578963008));
#1366 = VECTOR('',#1367,1.);
#1367 = DIRECTION('',(-0.914209755704,-0.405241314005));
#1368 = ( GEOMETRIC_REPRESENTATION_CONTEXT(2) 
PARAMETRIC_REPRESENTATION_CONTEXT() REPRESENTATION_CONTEXT('2D SPACE',''
  ) );
#1369 = PCURVE('',#1370,#1375);
#1370 = PLANE('',#1371);
#1371 = AXIS2_PLACEMENT_3D('',#1372,#1373,#1374);
#1372 = CARTESIAN_POINT('',(-17.22075445642,41.574578963008,0.));
#1373 = DIRECTION('',(0.405241314005,-0.914209755704,0.));
#1374 = DIRECTION('',(-0.914209755704,-0.405241314005,0.));
#1375 = DEFINITIONAL_REPRESENTATION('',(#1376),#1380);
#1376 = LINE('',#1377,#1378);
#1377 = CARTESIAN_POINT('',(0.,0.));
#1378 = VECTOR('',#1379,1.);
#1379 = DIRECTION('',(1.,0.));
#1380 = ( GEOMETRIC_REPRESENTATION_CONTEXT(2) 
PARAMETRIC_REPRESENTATION_CONTEXT() REPRESENTATION_CONTEXT('2D SPACE',''
  ) );
#1381 = ORIENTED_EDGE('',*,*,#1382,.T.);
#1382 = EDGE_CURVE('',#1355,#1383,#1385,.T.);
#1383 = VERTEX_POINT('',#1384);
#1384 = CARTESIAN_POINT('',(-21.21285315717,39.686456895676,0.));
#1385 = SURFACE_CURVE('',#1386,(#1390,#1397),.PCURVE_S1.);
#1386 = LINE('',#1387,#1388);
#1387 = CARTESIAN_POINT('',(-19.23997920436,40.679518190555,0.));
#1388 = VECTOR('',#1389,1.);
#1389 = DIRECTION('',(-0.893224301196,-0.449611329655,0.));
#1390 = PCURVE('',#126,#1391);
#1391 = DEFINITIONAL_REPRESENTATION('',(#1392),#1396);
#1392 = LINE('',#1393,#1394);
#1393 = CARTESIAN_POINT('',(-19.23997920436,40.679518190555));
#1394 = VECTOR('',#1395,1.);
#1395 = DIRECTION('',(-0.893224301196,-0.449611329655));
#1396 = ( GEOMETRIC_REPRESENTATION_CONTEXT(2) 
PARAMETRIC_REPRESENTATION_CONTEXT() REPRESENTATION_CONTEXT('2D SPACE',''
  ) );
#1397 = PCURVE('',#1398,#1403);
#1398 = PLANE('',#1399);
#1399 = AXIS2_PLACEMENT_3D('',#1400,#1401,#1402);
#1400 = CARTESIAN_POINT('',(-19.23997920436,40.679518190555,0.));
#1401 = DIRECTION('',(0.449611329655,-0.893224301196,0.));
#1402 = DIRECTION('',(-0.893224301196,-0.449611329655,0.));
#1403 = DEFINITIONAL_REPRESENTATION('',(#1404),#1408);
#1404 = LINE('',#1405,#1406);
#1405 = CARTESIAN_POINT('',(0.,0.));
#1406 = VECTOR('',#1407,1.);
#1407 = DIRECTION('',(1.,0.));
#1408 = ( GEOMETRIC_REPRESENTATION_CONTEXT(2) 
PARAMETRIC_REPRESENTATION_CONTEXT() REPRESENTATION_CONTEXT('2D SPACE',''
  ) );
#1409 = ORIENTED_EDGE('',*,*,#1410,.T.);
#1410 = EDGE_CURVE('',#1383,#1411,#1413,.T.);
#1411 = VERTEX_POINT('',#1412);
#1412 = CARTESIAN_POINT('',(-23.13462348869,38.597787450012,0.));
#1413 = SURFACE_CURVE('',#1414,(#1418,#1425),.PCURVE_S1.);
#1414 = LINE('',#1415,#1416);
#1415 = CARTESIAN_POINT('',(-21.21285315717,39.686456895676,0.));
#1416 = VECTOR('',#1417,1.);
#1417 = DIRECTION('',(-0.870086991109,-0.49289819223,0.));
#1418 = PCURVE('',#126,#1419);
#1419 = DEFINITIONAL_REPRESENTATION('',(#1420),#1424);
#1420 = LINE('',#1421,#1422);
#1421 = CARTESIAN_POINT('',(-21.21285315717,39.686456895676));
#1422 = VECTOR('',#1423,1.);
#1423 = DIRECTION('',(-0.870086991109,-0.49289819223));
#1424 = ( GEOMETRIC_REPRESENTATION_CONTEXT(2) 
PARAMETRIC_REPRESENTATION_CONTEXT() REPRESENTATION_CONTEXT('2D SPACE',''
  ) );
#1425 = PCURVE('',#1426,#1431);
#1426 = PLANE('',#1427);
#1427 = AXIS2_PLACEMENT_3D('',#1428,#1429,#1430);
#1428 = CARTESIAN_POINT('',(-21.21285315717,39.686456895676,0.));
#1429 = DIRECTION('',(0.49289819223,-0.870086991109,0.));
#1430 = DIRECTION('',(-0.870086991109,-0.49289819223,0.));
#1431 = DEFINITIONAL_REPRESENTATION('',(#1432),#1436);
#1432 = LINE('',#1433,#1434);
#1433 = CARTESIAN_POINT('',(0.,0.));
#1434 = VECTOR('',#1435,1.);
#1435 = DIRECTION('',(1.,0.));
#1436 = ( GEOMETRIC_REPRESENTATION_CONTEXT(2) 
PARAMETRIC_REPRESENTATION_CONTEXT() REPRESENTATION_CONTEXT('2D SPACE',''
  ) );
#1437 = ORIENTED_EDGE('',*,*,#1438,.T.);
#1438 = EDGE_CURVE('',#1411,#1439,#1441,.T.);
#1439 = VERTEX_POINT('',#1440);
#1440 = CARTESIAN_POINT('',(-25.00066048588,37.416132553615,0.));
#1441 = SURFACE_CURVE('',#1442,(#1446,#1453),.PCURVE_S1.);
#1442 = LINE('',#1443,#1444);
#1443 = CARTESIAN_POINT('',(-23.13462348869,38.597787450012,0.));
#1444 = VECTOR('',#1445,1.);
#1445 = DIRECTION('',(-0.84485356525,-0.534997619887,0.));
#1446 = PCURVE('',#126,#1447);
#1447 = DEFINITIONAL_REPRESENTATION('',(#1448),#1452);
#1448 = LINE('',#1449,#1450);
#1449 = CARTESIAN_POINT('',(-23.13462348869,38.597787450012));
#1450 = VECTOR('',#1451,1.);
#1451 = DIRECTION('',(-0.84485356525,-0.534997619887));
#1452 = ( GEOMETRIC_REPRESENTATION_CONTEXT(2) 
PARAMETRIC_REPRESENTATION_CONTEXT() REPRESENTATION_CONTEXT('2D SPACE',''
  ) );
#1453 = PCURVE('',#1454,#1459);
#1454 = PLANE('',#1455);
#1455 = AXIS2_PLACEMENT_3D('',#1456,#1457,#1458);
#1456 = CARTESIAN_POINT('',(-23.13462348869,38.597787450012,0.));
#1457 = DIRECTION('',(0.534997619887,-0.84485356525,0.));
#1458 = DIRECTION('',(-0.84485356525,-0.534997619887,0.));
#1459 = DEFINITIONAL_REPRESENTATION('',(#1460),#1464);
#1460 = LINE('',#1461,#1462);
#1461 = CARTESIAN_POINT('',(0.,0.));
#1462 = VECTOR('',#1463,1.);
#1463 = DIRECTION('',(1.,0.));
#1464 = ( GEOMETRIC_REPRESENTATION_CONTEXT(2) 
PARAMETRIC_REPRESENTATION_CONTEXT() REPRESENTATION_CONTEXT('2D SPACE',''
  ) );
#1465 = ORIENTED_EDGE('',*,*,#1466,.T.);
#1466 = EDGE_CURVE('',#1439,#1467,#1469,.T.);
#1467 = VERTEX_POINT('',#1468);
#1468 = CARTESIAN_POINT('',(-26.80646870216,36.144338916629,0.));
#1469 = SURFACE_CURVE('',#1470,(#1474,#1481),.PCURVE_S1.);
#1470 = LINE('',#1471,#1472);
#1471 = CARTESIAN_POINT('',(-25.00066048588,37.416132553615,0.));
#1472 = VECTOR('',#1473,1.);
#1473 = DIRECTION('',(-0.817584813152,-0.575808191418,0.));
#1474 = PCURVE('',#126,#1475);
#1475 = DEFINITIONAL_REPRESENTATION('',(#1476),#1480);
#1476 = LINE('',#1477,#1478);
#1477 = CARTESIAN_POINT('',(-25.00066048588,37.416132553615));
#1478 = VECTOR('',#1479,1.);
#1479 = DIRECTION('',(-0.817584813152,-0.575808191418));
#1480 = ( GEOMETRIC_REPRESENTATION_CONTEXT(2) 
PARAMETRIC_REPRESENTATION_CONTEXT() REPRESENTATION_CONTEXT('2D SPACE',''
  ) );
#1481 = PCURVE('',#1482,#1487);
#1482 = PLANE('',#1483);
#1483 = AXIS2_PLACEMENT_3D('',#1484,#1485,#1486);
#1484 = CARTESIAN_POINT('',(-25.00066048588,37.416132553615,0.));
#1485 = DIRECTION('',(0.575808191418,-0.817584813152,0.));
#1486 = DIRECTION('',(-0.817584813152,-0.575808191418,0.));
#1487 = DEFINITIONAL_REPRESENTATION('',(#1488),#1492);
#1488 = LINE('',#1489,#1490);
#1489 = CARTESIAN_POINT('',(0.,0.));
#1490 = VECTOR('',#1491,1.);
#1491 = DIRECTION('',(1.,0.));
#1492 = ( GEOMETRIC_REPRESENTATION_CONTEXT(2) 
PARAMETRIC_REPRESENTATION_CONTEXT() REPRESENTATION_CONTEXT('2D SPACE',''
  ) );
#1493 = ORIENTED_EDGE('',*,*,#1494,.T.);
#1494 = EDGE_CURVE('',#1467,#1495,#1497,.T.);
#1495 = VERTEX_POINT('',#1496);
#1496 = CARTESIAN_POINT('',(-28.54769778736,34.785470401323,0.));
#1497 = SURFACE_CURVE('',#1498,(#1502,#1509),.PCURVE_S1.);
#1498 = LINE('',#1499,#1500);
#1499 = CARTESIAN_POINT('',(-26.80646870216,36.144338916629,0.));
#1500 = VECTOR('',#1501,1.);
#1501 = DIRECTION('',(-0.788346427627,-0.615231590581,0.));
#1502 = PCURVE('',#126,#1503);
#1503 = DEFINITIONAL_REPRESENTATION('',(#1504),#1508);
#1504 = LINE('',#1505,#1506);
#1505 = CARTESIAN_POINT('',(-26.80646870216,36.144338916629));
#1506 = VECTOR('',#1507,1.);
#1507 = DIRECTION('',(-0.788346427627,-0.615231590581));
#1508 = ( GEOMETRIC_REPRESENTATION_CONTEXT(2) 
PARAMETRIC_REPRESENTATION_CONTEXT() REPRESENTATION_CONTEXT('2D SPACE',''
  ) );
#1509 = PCURVE('',#1510,#1515);
#1510 = PLANE('',#1511);
#1511 = AXIS2_PLACEMENT_3D('',#1512,#1513,#1514);
#1512 = CARTESIAN_POINT('',(-26.80646870216,36.144338916629,0.));
#1513 = DIRECTION('',(0.615231590581,-0.788346427627,0.));
#1514 = DIRECTION('',(-0.788346427627,-0.615231590581,0.));
#1515 = DEFINITIONAL_REPRESENTATION('',(#1516),#1520);
#1516 = LINE('',#1517,#1518);
#1517 = CARTESIAN_POINT('',(0.,0.));
#1518 = VECTOR('',#1519,1.);
#1519 = DIRECTION('',(1.,0.));
#1520 = ( GEOMETRIC_REPRESENTATION_CONTEXT(2) 
PARAMETRIC_REPRESENTATION_CONTEXT() REPRESENTATION_CONTEXT('2D SPACE',''
  ) );
#1521 = ORIENTED_EDGE('',*,*,#1522,.T.);
#1522 = EDGE_CURVE('',#1495,#1523,#1525,.T.);
#1523 = VERTEX_POINT('',#1524);
#1524 = CARTESIAN_POINT('',(-30.22015296811,33.342800640973,0.));
#1525 = SURFACE_CURVE('',#1526,(#1530,#1537),.PCURVE_S1.);
#1526 = LINE('',#1527,#1528);
#1527 = CARTESIAN_POINT('',(-28.54769778736,34.785470401323,0.));
#1528 = VECTOR('',#1529,1.);
#1529 = DIRECTION('',(-0.757208846506,-0.653172842954,0.));
#1530 = PCURVE('',#126,#1531);
#1531 = DEFINITIONAL_REPRESENTATION('',(#1532),#1536);
#1532 = LINE('',#1533,#1534);
#1533 = CARTESIAN_POINT('',(-28.54769778736,34.785470401323));
#1534 = VECTOR('',#1535,1.);
#1535 = DIRECTION('',(-0.757208846506,-0.653172842954));
#1536 = ( GEOMETRIC_REPRESENTATION_CONTEXT(2) 
PARAMETRIC_REPRESENTATION_CONTEXT() REPRESENTATION_CONTEXT('2D SPACE',''
  ) );
#1537 = PCURVE('',#1538,#1543);
#1538 = PLANE('',#1539);
#1539 = AXIS2_PLACEMENT_3D('',#1540,#1541,#1542);
#1540 = CARTESIAN_POINT('',(-28.54769778736,34.785470401323,0.));
#1541 = DIRECTION('',(0.653172842954,-0.757208846506,0.));
#1542 = DIRECTION('',(-0.757208846506,-0.653172842954,0.));
#1543 = DEFINITIONAL_REPRESENTATION('',(#1544),#1548);
#1544 = LINE('',#1545,#1546);
#1545 = CARTESIAN_POINT('',(0.,0.));
#1546 = VECTOR('',#1547,1.);
#1547 = DIRECTION('',(1.,0.));
#1548 = ( GEOMETRIC_REPRESENTATION_CONTEXT(2) 
PARAMETRIC_REPRESENTATION_CONTEXT() REPRESENTATION_CONTEXT('2D SPACE',''
  ) );
#1549 = ORIENTED_EDGE('',*,*,#1550,.T.);
#1550 = EDGE_CURVE('',#1523,#1551,#1553,.T.);
#1551 = VERTEX_POINT('',#1552);
#1552 = CARTESIAN_POINT('',(-31.81980515339,31.819805153395,0.));
#1553 = SURFACE_CURVE('',#1554,(#1558,#1565),.PCURVE_S1.);
#1554 = LINE('',#1555,#1556);
#1555 = CARTESIAN_POINT('',(-30.22015296811,33.342800640973,0.));
#1556 = VECTOR('',#1557,1.);
#1557 = DIRECTION('',(-0.724247082951,-0.689540544737,0.));
#1558 = PCURVE('',#126,#1559);
#1559 = DEFINITIONAL_REPRESENTATION('',(#1560),#1564);
#1560 = LINE('',#1561,#1562);
#1561 = CARTESIAN_POINT('',(-30.22015296811,33.342800640973));
#1562 = VECTOR('',#1563,1.);
#1563 = DIRECTION('',(-0.724247082951,-0.689540544737));
#1564 = ( GEOMETRIC_REPRESENTATION_CONTEXT(2) 
PARAMETRIC_REPRESENTATION_CONTEXT() REPRESENTATION_CONTEXT('2D SPACE',''
  ) );
#1565 = PCURVE('',#1566,#1571);
#1566 = PLANE('',#1567);
#1567 = AXIS2_PLACEMENT_3D('',#1568,#1569,#1570);
#1568 = CARTESIAN_POINT('',(-30.22015296811,33.342800640973,0.));
#1569 = DIRECTION('',(0.689540544737,-0.724247082951,0.));
#1570 = DIRECTION('',(-0.724247082951,-0.689540544737,0.));
#1571 = DEFINITIONAL_REPRESENTATION('',(#1572),#1576);
#1572 = LINE('',#1573,#1574);
#1573 = CARTESIAN_POINT('',(0.,0.));
#1574 = VECTOR('',#1575,1.);
#1575 = DIRECTION('',(1.,0.));
#1576 = ( GEOMETRIC_REPRESENTATION_CONTEXT(2) 
PARAMETRIC_REPRESENTATION_CONTEXT() REPRESENTATION_CONTEXT('2D SPACE',''
  ) );
#1577 = ORIENTED_EDGE('',*,*,#1578,.T.);
#1578 = EDGE_CURVE('',#1551,#1579,#1581,.T.);
#1579 = VERTEX_POINT('',#1580);
#1580 = CARTESIAN_POINT('',(-33.34280064097,30.220152968116,0.));
#1581 = SURFACE_CURVE('',#1582,(#1586,#1593),.PCURVE_S1.);
#1582 = LINE('',#1583,#1584);
#1583 = CARTESIAN_POINT('',(-31.81980515339,31.819805153395,0.));
#1584 = VECTOR('',#1585,1.);
#1585 = DIRECTION('',(-0.689540544737,-0.724247082951,0.));
#1586 = PCURVE('',#126,#1587);
#1587 = DEFINITIONAL_REPRESENTATION('',(#1588),#1592);
#1588 = LINE('',#1589,#1590);
#1589 = CARTESIAN_POINT('',(-31.81980515339,31.819805153395));
#1590 = VECTOR('',#1591,1.);
#1591 = DIRECTION('',(-0.689540544737,-0.724247082951));
#1592 = ( GEOMETRIC_REPRESENTATION_CONTEXT(2) 
PARAMETRIC_REPRESENTATION_CONTEXT() REPRESENTATION_CONTEXT('2D SPACE',''
  ) );
#1593 = PCURVE('',#1594,#1599);
#1594 = PLANE('',#1595);
#1595 = AXIS2_PLACEMENT_3D('',#1596,#1597,#1598);
#1596 = CARTESIAN_POINT('',(-31.81980515339,31.819805153395,0.));
#1597 = DIRECTION('',(0.724247082951,-0.689540544737,0.));
#1598 = DIRECTION('',(-0.689540544737,-0.724247082951,0.));
#1599 = DEFINITIONAL_REPRESENTATION('',(#1600),#1604);
#1600 = LINE('',#1601,#1602);
#1601 = CARTESIAN_POINT('',(0.,0.));
#1602 = VECTOR('',#1603,1.);
#1603 = DIRECTION('',(1.,0.));
#1604 = ( GEOMETRIC_REPRESENTATION_CONTEXT(2) 
PARAMETRIC_REPRESENTATION_CONTEXT() REPRESENTATION_CONTEXT('2D SPACE',''
  ) );
#1605 = ORIENTED_EDGE('',*,*,#1606,.T.);
#1606 = EDGE_CURVE('',#1579,#1607,#1609,.T.);
#1607 = VERTEX_POINT('',#1608);
#1608 = CARTESIAN_POINT('',(-34.78547040132,28.547697787364,0.));
#1609 = SURFACE_CURVE('',#1610,(#1614,#1621),.PCURVE_S1.);
#1610 = LINE('',#1611,#1612);
#1611 = CARTESIAN_POINT('',(-33.34280064097,30.220152968116,0.));
#1612 = VECTOR('',#1613,1.);
#1613 = DIRECTION('',(-0.653172842954,-0.757208846506,0.));
#1614 = PCURVE('',#126,#1615);
#1615 = DEFINITIONAL_REPRESENTATION('',(#1616),#1620);
#1616 = LINE('',#1617,#1618);
#1617 = CARTESIAN_POINT('',(-33.34280064097,30.220152968116));
#1618 = VECTOR('',#1619,1.);
#1619 = DIRECTION('',(-0.653172842954,-0.757208846506));
#1620 = ( GEOMETRIC_REPRESENTATION_CONTEXT(2) 
PARAMETRIC_REPRESENTATION_CONTEXT() REPRESENTATION_CONTEXT('2D SPACE',''
  ) );
#1621 = PCURVE('',#1622,#1627);
#1622 = PLANE('',#1623);
#1623 = AXIS2_PLACEMENT_3D('',#1624,#1625,#1626);
#1624 = CARTESIAN_POINT('',(-33.34280064097,30.220152968116,0.));
#1625 = DIRECTION('',(0.757208846506,-0.653172842954,0.));
#1626 = DIRECTION('',(-0.653172842954,-0.757208846506,0.));
#1627 = DEFINITIONAL_REPRESENTATION('',(#1628),#1632);
#1628 = LINE('',#1629,#1630);
#1629 = CARTESIAN_POINT('',(0.,0.));
#1630 = VECTOR('',#1631,1.);
#1631 = DIRECTION('',(1.,0.));
#1632 = ( GEOMETRIC_REPRESENTATION_CONTEXT(2) 
PARAMETRIC_REPRESENTATION_CONTEXT() REPRESENTATION_CONTEXT('2D SPACE',''
  ) );
#1633 = ORIENTED_EDGE('',*,*,#1634,.T.);
#1634 = EDGE_CURVE('',#1607,#1635,#1637,.T.);
#1635 = VERTEX_POINT('',#1636);
#1636 = CARTESIAN_POINT('',(-36.14433891662,26.80646870216,0.));
#1637 = SURFACE_CURVE('',#1638,(#1642,#1649),.PCURVE_S1.);
#1638 = LINE('',#1639,#1640);
#1639 = CARTESIAN_POINT('',(-34.78547040132,28.547697787364,0.));
#1640 = VECTOR('',#1641,1.);
#1641 = DIRECTION('',(-0.615231590581,-0.788346427627,0.));
#1642 = PCURVE('',#126,#1643);
#1643 = DEFINITIONAL_REPRESENTATION('',(#1644),#1648);
#1644 = LINE('',#1645,#1646);
#1645 = CARTESIAN_POINT('',(-34.78547040132,28.547697787364));
#1646 = VECTOR('',#1647,1.);
#1647 = DIRECTION('',(-0.615231590581,-0.788346427627));
#1648 = ( GEOMETRIC_REPRESENTATION_CONTEXT(2) 
PARAMETRIC_REPRESENTATION_CONTEXT() REPRESENTATION_CONTEXT('2D SPACE',''
  ) );
#1649 = PCURVE('',#1650,#1655);
#1650 = PLANE('',#1651);
#1651 = AXIS2_PLACEMENT_3D('',#1652,#1653,#1654);
#1652 = CARTESIAN_POINT('',(-34.78547040132,28.547697787364,0.));
#1653 = DIRECTION('',(0.788346427627,-0.615231590581,0.));
#1654 = DIRECTION('',(-0.615231590581,-0.788346427627,0.));
#1655 = DEFINITIONAL_REPRESENTATION('',(#1656),#1660);
#1656 = LINE('',#1657,#1658);
#1657 = CARTESIAN_POINT('',(0.,0.));
#1658 = VECTOR('',#1659,1.);
#1659 = DIRECTION('',(1.,0.));
#1660 = ( GEOMETRIC_REPRESENTATION_CONTEXT(2) 
PARAMETRIC_REPRESENTATION_CONTEXT() REPRESENTATION_CONTEXT('2D SPACE',''
  ) );
#1661 = ORIENTED_EDGE('',*,*,#1662,.T.);
#1662 = EDGE_CURVE('',#1635,#1663,#1665,.T.);
#1663 = VERTEX_POINT('',#1664);
#1664 = CARTESIAN_POINT('',(-37.41613255361,25.000660485882,0.));
#1665 = SURFACE_CURVE('',#1666,(#1670,#1677),.PCURVE_S1.);
#1666 = LINE('',#1667,#1668);
#1667 = CARTESIAN_POINT('',(-36.14433891662,26.80646870216,0.));
#1668 = VECTOR('',#1669,1.);
#1669 = DIRECTION('',(-0.575808191418,-0.817584813152,0.));
#1670 = PCURVE('',#126,#1671);
#1671 = DEFINITIONAL_REPRESENTATION('',(#1672),#1676);
#1672 = LINE('',#1673,#1674);
#1673 = CARTESIAN_POINT('',(-36.14433891662,26.80646870216));
#1674 = VECTOR('',#1675,1.);
#1675 = DIRECTION('',(-0.575808191418,-0.817584813152));
#1676 = ( GEOMETRIC_REPRESENTATION_CONTEXT(2) 
PARAMETRIC_REPRESENTATION_CONTEXT() REPRESENTATION_CONTEXT('2D SPACE',''
  ) );
#1677 = PCURVE('',#1678,#1683);
#1678 = PLANE('',#1679);
#1679 = AXIS2_PLACEMENT_3D('',#1680,#1681,#1682);
#1680 = CARTESIAN_POINT('',(-36.14433891662,26.80646870216,0.));
#1681 = DIRECTION('',(0.817584813152,-0.575808191418,0.));
#1682 = DIRECTION('',(-0.575808191418,-0.817584813152,0.));
#1683 = DEFINITIONAL_REPRESENTATION('',(#1684),#1688);
#1684 = LINE('',#1685,#1686);
#1685 = CARTESIAN_POINT('',(0.,0.));
#1686 = VECTOR('',#1687,1.);
#1687 = DIRECTION('',(1.,0.));
#1688 = ( GEOMETRIC_REPRESENTATION_CONTEXT(2) 
PARAMETRIC_REPRESENTATION_CONTEXT() REPRESENTATION_CONTEXT('2D SPACE',''
  ) );
#1689 = ORIENTED_EDGE('',*,*,#1690,.T.);
#1690 = EDGE_CURVE('',#1663,#1691,#1693,.T.);
#1691 = VERTEX_POINT('',#1692);
#1692 = CARTESIAN_POINT('',(-38.59778745001,23.134623488695,0.));
#1693 = SURFACE_CURVE('',#1694,(#1698,#1705),.PCURVE_S1.);
#1694 = LINE('',#1695,#1696);
#1695 = CARTESIAN_POINT('',(-37.41613255361,25.000660485882,0.));
#1696 = VECTOR('',#1697,1.);
#1697 = DIRECTION('',(-0.534997619887,-0.84485356525,0.));
#1698 = PCURVE('',#126,#1699);
#1699 = DEFINITIONAL_REPRESENTATION('',(#1700),#1704);
#1700 = LINE('',#1701,#1702);
#1701 = CARTESIAN_POINT('',(-37.41613255361,25.000660485882));
#1702 = VECTOR('',#1703,1.);
#1703 = DIRECTION('',(-0.534997619887,-0.84485356525));
#1704 = ( GEOMETRIC_REPRESENTATION_CONTEXT(2) 
PARAMETRIC_REPRESENTATION_CONTEXT() REPRESENTATION_CONTEXT('2D SPACE',''
  ) );
#1705 = PCURVE('',#1706,#1711);
#1706 = PLANE('',#1707);
#1707 = AXIS2_PLACEMENT_3D('',#1708,#1709,#1710);
#1708 = CARTESIAN_POINT('',(-37.41613255361,25.000660485882,0.));
#1709 = DIRECTION('',(0.84485356525,-0.534997619887,0.));
#1710 = DIRECTION('',(-0.534997619887,-0.84485356525,0.));
#1711 = DEFINITIONAL_REPRESENTATION('',(#1712),#1716);
#1712 = LINE('',#1713,#1714);
#1713 = CARTESIAN_POINT('',(0.,0.));
#1714 = VECTOR('',#1715,1.);
#1715 = DIRECTION('',(1.,0.));
#1716 = ( GEOMETRIC_REPRESENTATION_CONTEXT(2) 
PARAMETRIC_REPRESENTATION_CONTEXT() REPRESENTATION_CONTEXT('2D SPACE',''
  ) );
#1717 = ORIENTED_EDGE('',*,*,#1718,.T.);
#1718 = EDGE_CURVE('',#1691,#1719,#1721,.T.);
#1719 = VERTEX_POINT('',#1720);
#1720 = CARTESIAN_POINT('',(-39.68645689567,21.21285315717,0.));
#1721 = SURFACE_CURVE('',#1722,(#1726,#1733),.PCURVE_S1.);
#1722 = LINE('',#1723,#1724);
#1723 = CARTESIAN_POINT('',(-38.59778745001,23.134623488695,0.));
#1724 = VECTOR('',#1725,1.);
#1725 = DIRECTION('',(-0.49289819223,-0.870086991109,0.));
#1726 = PCURVE('',#126,#1727);
#1727 = DEFINITIONAL_REPRESENTATION('',(#1728),#1732);
#1728 = LINE('',#1729,#1730);
#1729 = CARTESIAN_POINT('',(-38.59778745001,23.134623488695));
#1730 = VECTOR('',#1731,1.);
#1731 = DIRECTION('',(-0.49289819223,-0.870086991109));
#1732 = ( GEOMETRIC_REPRESENTATION_CONTEXT(2) 
PARAMETRIC_REPRESENTATION_CONTEXT() REPRESENTATION_CONTEXT('2D SPACE',''
  ) );
#1733 = PCURVE('',#1734,#1739);
#1734 = PLANE('',#1735);
#1735 = AXIS2_PLACEMENT_3D('',#1736,#1737,#1738);
#1736 = CARTESIAN_POINT('',(-38.59778745001,23.134623488695,0.));
#1737 = DIRECTION('',(0.870086991109,-0.49289819223,0.));
#1738 = DIRECTION('',(-0.49289819223,-0.870086991109,0.));
#1739 = DEFINITIONAL_REPRESENTATION('',(#1740),#1744);
#1740 = LINE('',#1741,#1742);
#1741 = CARTESIAN_POINT('',(0.,0.));
#1742 = VECTOR('',#1743,1.);
#1743 = DIRECTION('',(1.,0.));
#1744 = ( GEOMETRIC_REPRESENTATION_CONTEXT(2) 
PARAMETRIC_REPRESENTATION_CONTEXT() REPRESENTATION_CONTEXT('2D SPACE',''
  ) );
#1745 = ORIENTED_EDGE('',*,*,#1746,.T.);
#1746 = EDGE_CURVE('',#1719,#1747,#1749,.T.);
#1747 = VERTEX_POINT('',#1748);
#1748 = CARTESIAN_POINT('',(-40.67951819055,19.239979204363,0.));
#1749 = SURFACE_CURVE('',#1750,(#1754,#1761),.PCURVE_S1.);
#1750 = LINE('',#1751,#1752);
#1751 = CARTESIAN_POINT('',(-39.68645689567,21.21285315717,0.));
#1752 = VECTOR('',#1753,1.);
#1753 = DIRECTION('',(-0.449611329655,-0.893224301196,0.));
#1754 = PCURVE('',#126,#1755);
#1755 = DEFINITIONAL_REPRESENTATION('',(#1756),#1760);
#1756 = LINE('',#1757,#1758);
#1757 = CARTESIAN_POINT('',(-39.68645689567,21.21285315717));
#1758 = VECTOR('',#1759,1.);
#1759 = DIRECTION('',(-0.449611329655,-0.893224301196));
#1760 = ( GEOMETRIC_REPRESENTATION_CONTEXT(2) 
PARAMETRIC_REPRESENTATION_CONTEXT() REPRESENTATION_CONTEXT('2D SPACE',''
  ) );
#1761 = PCURVE('',#1762,#1767);
#1762 = PLANE('',#1763);
#1763 = AXIS2_PLACEMENT_3D('',#1764,#1765,#1766);
#1764 = CARTESIAN_POINT('',(-39.68645689567,21.21285315717,0.));
#1765 = DIRECTION('',(0.893224301196,-0.449611329655,0.));
#1766 = DIRECTION('',(-0.449611329655,-0.893224301196,0.));
#1767 = DEFINITIONAL_REPRESENTATION('',(#1768),#1772);
#1768 = LINE('',#1769,#1770);
#1769 = CARTESIAN_POINT('',(0.,0.));
#1770 = VECTOR('',#1771,1.);
#1771 = DIRECTION('',(1.,0.));
#1772 = ( GEOMETRIC_REPRESENTATION_CONTEXT(2) 
PARAMETRIC_REPRESENTATION_CONTEXT() REPRESENTATION_CONTEXT('2D SPACE',''
  ) );
#1773 = ORIENTED_EDGE('',*,*,#1774,.T.);
#1774 = EDGE_CURVE('',#1747,#1775,#1777,.T.);
#1775 = VERTEX_POINT('',#1776);
#1776 = CARTESIAN_POINT('',(-41.574578963,17.220754456429,0.));
#1777 = SURFACE_CURVE('',#1778,(#1782,#1789),.PCURVE_S1.);
#1778 = LINE('',#1779,#1780);
#1779 = CARTESIAN_POINT('',(-40.67951819055,19.239979204363,0.));
#1780 = VECTOR('',#1781,1.);
#1781 = DIRECTION('',(-0.405241314005,-0.914209755704,0.));
#1782 = PCURVE('',#126,#1783);
#1783 = DEFINITIONAL_REPRESENTATION('',(#1784),#1788);
#1784 = LINE('',#1785,#1786);
#1785 = CARTESIAN_POINT('',(-40.67951819055,19.239979204363));
#1786 = VECTOR('',#1787,1.);
#1787 = DIRECTION('',(-0.405241314005,-0.914209755704));
#1788 = ( GEOMETRIC_REPRESENTATION_CONTEXT(2) 
PARAMETRIC_REPRESENTATION_CONTEXT() REPRESENTATION_CONTEXT('2D SPACE',''
  ) );
#1789 = PCURVE('',#1790,#1795);
#1790 = PLANE('',#1791);
#1791 = AXIS2_PLACEMENT_3D('',#1792,#1793,#1794);
#1792 = CARTESIAN_POINT('',(-40.67951819055,19.239979204363,0.));
#1793 = DIRECTION('',(0.914209755704,-0.405241314005,0.));
#1794 = DIRECTION('',(-0.405241314005,-0.914209755704,0.));
#1795 = DEFINITIONAL_REPRESENTATION('',(#1796),#1800);
#1796 = LINE('',#1797,#1798);
#1797 = CARTESIAN_POINT('',(0.,0.));
#1798 = VECTOR('',#1799,1.);
#1799 = DIRECTION('',(1.,0.));
#1800 = ( GEOMETRIC_REPRESENTATION_CONTEXT(2) 
PARAMETRIC_REPRESENTATION_CONTEXT() REPRESENTATION_CONTEXT('2D SPACE',''
  ) );
#1801 = ORIENTED_EDGE('',*,*,#1802,.T.);
#1802 = EDGE_CURVE('',#1775,#1803,#1805,.T.);
#1803 = VERTEX_POINT('',#1804);
#1804 = CARTESIAN_POINT('',(-42.36948293323,15.16004340265,0.));
#1805 = SURFACE_CURVE('',#1806,(#1810,#1817),.PCURVE_S1.);
#1806 = LINE('',#1807,#1808);
#1807 = CARTESIAN_POINT('',(-41.574578963,17.220754456429,0.));
#1808 = VECTOR('',#1809,1.);
#1809 = DIRECTION('',(-0.359895036535,-0.932992798835,0.));
#1810 = PCURVE('',#126,#1811);
#1811 = DEFINITIONAL_REPRESENTATION('',(#1812),#1816);
#1812 = LINE('',#1813,#1814);
#1813 = CARTESIAN_POINT('',(-41.574578963,17.220754456429));
#1814 = VECTOR('',#1815,1.);
#1815 = DIRECTION('',(-0.359895036535,-0.932992798835));
#1816 = ( GEOMETRIC_REPRESENTATION_CONTEXT(2) 
PARAMETRIC_REPRESENTATION_CONTEXT() REPRESENTATION_CONTEXT('2D SPACE',''
  ) );
#1817 = PCURVE('',#1818,#1823);
#1818 = PLANE('',#1819);
#1819 = AXIS2_PLACEMENT_3D('',#1820,#1821,#1822);
#1820 = CARTESIAN_POINT('',(-41.574578963,17.220754456429,0.));
#1821 = DIRECTION('',(0.932992798835,-0.359895036535,0.));
#1822 = DIRECTION('',(-0.359895036535,-0.932992798835,0.));
#1823 = DEFINITIONAL_REPRESENTATION('',(#1824),#1828);
#1824 = LINE('',#1825,#1826);
#1825 = CARTESIAN_POINT('',(0.,0.));
#1826 = VECTOR('',#1827,1.);
#1827 = DIRECTION('',(1.,0.));
#1828 = ( GEOMETRIC_REPRESENTATION_CONTEXT(2) 
PARAMETRIC_REPRESENTATION_CONTEXT() REPRESENTATION_CONTEXT('2D SPACE',''
  ) );
#1829 = ORIENTED_EDGE('',*,*,#1830,.T.);
#1830 = EDGE_CURVE('',#1803,#1831,#1833,.T.);
#1831 = VERTEX_POINT('',#1832);
#1832 = CARTESIAN_POINT('',(-43.06231510794,13.062810476451,0.));
#1833 = SURFACE_CURVE('',#1834,(#1838,#1845),.PCURVE_S1.);
#1834 = LINE('',#1835,#1836);
#1835 = CARTESIAN_POINT('',(-42.36948293323,15.16004340265,0.));
#1836 = VECTOR('',#1837,1.);
#1837 = DIRECTION('',(-0.313681740399,-0.949528180593,0.));
#1838 = PCURVE('',#126,#1839);
#1839 = DEFINITIONAL_REPRESENTATION('',(#1840),#1844);
#1840 = LINE('',#1841,#1842);
#1841 = CARTESIAN_POINT('',(-42.36948293323,15.16004340265));
#1842 = VECTOR('',#1843,1.);
#1843 = DIRECTION('',(-0.313681740399,-0.949528180593));
#1844 = ( GEOMETRIC_REPRESENTATION_CONTEXT(2) 
PARAMETRIC_REPRESENTATION_CONTEXT() REPRESENTATION_CONTEXT('2D SPACE',''
  ) );
#1845 = PCURVE('',#1846,#1851);
#1846 = PLANE('',#1847);
#1847 = AXIS2_PLACEMENT_3D('',#1848,#1849,#1850);
#1848 = CARTESIAN_POINT('',(-42.36948293323,15.16004340265,0.));
#1849 = DIRECTION('',(0.949528180593,-0.313681740399,0.));
#1850 = DIRECTION('',(-0.313681740399,-0.949528180593,0.));
#1851 = DEFINITIONAL_REPRESENTATION('',(#1852),#1856);
#1852 = LINE('',#1853,#1854);
#1853 = CARTESIAN_POINT('',(0.,0.));
#1854 = VECTOR('',#1855,1.);
#1855 = DIRECTION('',(1.,0.));
#1856 = ( GEOMETRIC_REPRESENTATION_CONTEXT(2) 
PARAMETRIC_REPRESENTATION_CONTEXT() REPRESENTATION_CONTEXT('2D SPACE',''
  ) );
#1857 = ORIENTED_EDGE('',*,*,#1858,.T.);
#1858 = EDGE_CURVE('',#1831,#1859,#1861,.T.);
#1859 = VERTEX_POINT('',#1860);
#1860 = CARTESIAN_POINT('',(-43.65140639375,10.934108095647,0.));
#1861 = SURFACE_CURVE('',#1862,(#1866,#1873),.PCURVE_S1.);
#1862 = LINE('',#1863,#1864);
#1863 = CARTESIAN_POINT('',(-43.06231510794,13.062810476451,0.));
#1864 = VECTOR('',#1865,1.);
#1865 = DIRECTION('',(-0.266712757475,-0.963776065795,0.));
#1866 = PCURVE('',#126,#1867);
#1867 = DEFINITIONAL_REPRESENTATION('',(#1868),#1872);
#1868 = LINE('',#1869,#1870);
#1869 = CARTESIAN_POINT('',(-43.06231510794,13.062810476451));
#1870 = VECTOR('',#1871,1.);
#1871 = DIRECTION('',(-0.266712757475,-0.963776065795));
#1872 = ( GEOMETRIC_REPRESENTATION_CONTEXT(2) 
PARAMETRIC_REPRESENTATION_CONTEXT() REPRESENTATION_CONTEXT('2D SPACE',''
  ) );
#1873 = PCURVE('',#1874,#1879);
#1874 = PLANE('',#1875);
#1875 = AXIS2_PLACEMENT_3D('',#1876,#1877,#1878);
#1876 = CARTESIAN_POINT('',(-43.06231510794,13.062810476451,0.));
#1877 = DIRECTION('',(0.963776065795,-0.266712757475,0.));
#1878 = DIRECTION('',(-0.266712757475,-0.963776065795,0.));
#1879 = DEFINITIONAL_REPRESENTATION('',(#1880),#1884);
#1880 = LINE('',#1881,#1882);
#1881 = CARTESIAN_POINT('',(0.,0.));
#1882 = VECTOR('',#1883,1.);
#1883 = DIRECTION('',(1.,0.));
#1884 = ( GEOMETRIC_REPRESENTATION_CONTEXT(2) 
PARAMETRIC_REPRESENTATION_CONTEXT() REPRESENTATION_CONTEXT('2D SPACE',''
  ) );
#1885 = ORIENTED_EDGE('',*,*,#1886,.T.);
#1886 = EDGE_CURVE('',#1859,#1887,#1889,.T.);
#1887 = VERTEX_POINT('',#1888);
#1888 = CARTESIAN_POINT('',(-44.13533761814,8.779064490726,0.));
#1889 = SURFACE_CURVE('',#1890,(#1894,#1901),.PCURVE_S1.);
#1890 = LINE('',#1891,#1892);
#1891 = CARTESIAN_POINT('',(-43.65140639375,10.934108095647,0.));
#1892 = VECTOR('',#1893,1.);
#1893 = DIRECTION('',(-0.219101240157,-0.975702130039,0.));
#1894 = PCURVE('',#126,#1895);
#1895 = DEFINITIONAL_REPRESENTATION('',(#1896),#1900);
#1896 = LINE('',#1897,#1898);
#1897 = CARTESIAN_POINT('',(-43.65140639375,10.934108095647));
#1898 = VECTOR('',#1899,1.);
#1899 = DIRECTION('',(-0.219101240157,-0.975702130039));
#1900 = ( GEOMETRIC_REPRESENTATION_CONTEXT(2) 
PARAMETRIC_REPRESENTATION_CONTEXT() REPRESENTATION_CONTEXT('2D SPACE',''
  ) );
#1901 = PCURVE('',#1902,#1907);
#1902 = PLANE('',#1903);
#1903 = AXIS2_PLACEMENT_3D('',#1904,#1905,#1906);
#1904 = CARTESIAN_POINT('',(-43.65140639375,10.934108095647,0.));
#1905 = DIRECTION('',(0.975702130039,-0.219101240157,0.));
#1906 = DIRECTION('',(-0.219101240157,-0.975702130039,0.));
#1907 = DEFINITIONAL_REPRESENTATION('',(#1908),#1912);
#1908 = LINE('',#1909,#1910);
#1909 = CARTESIAN_POINT('',(0.,0.));
#1910 = VECTOR('',#1911,1.);
#1911 = DIRECTION('',(1.,0.));
#1912 = ( GEOMETRIC_REPRESENTATION_CONTEXT(2) 
PARAMETRIC_REPRESENTATION_CONTEXT() REPRESENTATION_CONTEXT('2D SPACE',''
  ) );
#1913 = ORIENTED_EDGE('',*,*,#1914,.T.);
#1914 = EDGE_CURVE('',#1887,#1915,#1917,.T.);
#1915 = VERTEX_POINT('',#1916);
#1916 = CARTESIAN_POINT('',(-44.51294294841,6.602871350491,0.));
#1917 = SURFACE_CURVE('',#1918,(#1922,#1929),.PCURVE_S1.);
#1918 = LINE('',#1919,#1920);
#1919 = CARTESIAN_POINT('',(-44.13533761814,8.779064490726,0.));
#1920 = VECTOR('',#1921,1.);
#1921 = DIRECTION('',(-0.17096188876,-0.985277642389,0.));
#1922 = PCURVE('',#126,#1923);
#1923 = DEFINITIONAL_REPRESENTATION('',(#1924),#1928);
#1924 = LINE('',#1925,#1926);
#1925 = CARTESIAN_POINT('',(-44.13533761814,8.779064490726));
#1926 = VECTOR('',#1927,1.);
#1927 = DIRECTION('',(-0.17096188876,-0.985277642389));
#1928 = ( GEOMETRIC_REPRESENTATION_CONTEXT(2) 
PARAMETRIC_REPRESENTATION_CONTEXT() REPRESENTATION_CONTEXT('2D SPACE',''
  ) );
#1929 = PCURVE('',#1930,#1935);
#1930 = PLANE('',#1931);
#1931 = AXIS2_PLACEMENT_3D('',#1932,#1933,#1934);
#1932 = CARTESIAN_POINT('',(-44.13533761814,8.779064490726,0.));
#1933 = DIRECTION('',(0.985277642389,-0.17096188876,0.));
#1934 = DIRECTION('',(-0.17096188876,-0.985277642389,0.));
#1935 = DEFINITIONAL_REPRESENTATION('',(#1936),#1940);
#1936 = LINE('',#1937,#1938);
#1937 = CARTESIAN_POINT('',(0.,0.));
#1938 = VECTOR('',#1939,1.);
#1939 = DIRECTION('',(1.,0.));
#1940 = ( GEOMETRIC_REPRESENTATION_CONTEXT(2) 
PARAMETRIC_REPRESENTATION_CONTEXT() REPRESENTATION_CONTEXT('2D SPACE',''
  ) );
#1941 = ORIENTED_EDGE('',*,*,#1942,.T.);
#1942 = EDGE_CURVE('',#1915,#1943,#1945,.T.);
#1943 = VERTEX_POINT('',#1944);
#1944 = CARTESIAN_POINT('',(-44.78331270024,4.41077131483,0.));
#1945 = SURFACE_CURVE('',#1946,(#1950,#1957),.PCURVE_S1.);
#1946 = LINE('',#1947,#1948);
#1947 = CARTESIAN_POINT('',(-44.51294294841,6.602871350491,0.));
#1948 = VECTOR('',#1949,1.);
#1949 = DIRECTION('',(-0.122410675199,-0.992479534599,0.));
#1950 = PCURVE('',#126,#1951);
#1951 = DEFINITIONAL_REPRESENTATION('',(#1952),#1956);
#1952 = LINE('',#1953,#1954);
#1953 = CARTESIAN_POINT('',(-44.51294294841,6.602871350491));
#1954 = VECTOR('',#1955,1.);
#1955 = DIRECTION('',(-0.122410675199,-0.992479534599));
#1956 = ( GEOMETRIC_REPRESENTATION_CONTEXT(2) 
PARAMETRIC_REPRESENTATION_CONTEXT() REPRESENTATION_CONTEXT('2D SPACE',''
  ) );
#1957 = PCURVE('',#1958,#1963);
#1958 = PLANE('',#1959);
#1959 = AXIS2_PLACEMENT_3D('',#1960,#1961,#1962);
#1960 = CARTESIAN_POINT('',(-44.51294294841,6.602871350491,0.));
#1961 = DIRECTION('',(0.992479534599,-0.122410675199,0.));
#1962 = DIRECTION('',(-0.122410675199,-0.992479534599,0.));
#1963 = DEFINITIONAL_REPRESENTATION('',(#1964),#1968);
#1964 = LINE('',#1965,#1966);
#1965 = CARTESIAN_POINT('',(0.,0.));
#1966 = VECTOR('',#1967,1.);
#1967 = DIRECTION('',(1.,0.));
#1968 = ( GEOMETRIC_REPRESENTATION_CONTEXT(2) 
PARAMETRIC_REPRESENTATION_CONTEXT() REPRESENTATION_CONTEXT('2D SPACE',''
  ) );
#1969 = ORIENTED_EDGE('',*,*,#1970,.T.);
#1970 = EDGE_CURVE('',#1943,#1971,#1973,.T.);
#1971 = VERTEX_POINT('',#1972);
#1972 = CARTESIAN_POINT('',(-44.94579552923,2.208045344734,0.));
#1973 = SURFACE_CURVE('',#1974,(#1978,#1985),.PCURVE_S1.);
#1974 = LINE('',#1975,#1976);
#1975 = CARTESIAN_POINT('',(-44.78331270024,4.41077131483,0.));
#1976 = VECTOR('',#1977,1.);
#1977 = DIRECTION('',(-7.356456359967E-02,-0.997290456679,0.));
#1978 = PCURVE('',#126,#1979);
#1979 = DEFINITIONAL_REPRESENTATION('',(#1980),#1984);
#1980 = LINE('',#1981,#1982);
#1981 = CARTESIAN_POINT('',(-44.78331270024,4.41077131483));
#1982 = VECTOR('',#1983,1.);
#1983 = DIRECTION('',(-7.356456359967E-02,-0.997290456679));
#1984 = ( GEOMETRIC_REPRESENTATION_CONTEXT(2) 
PARAMETRIC_REPRESENTATION_CONTEXT() REPRESENTATION_CONTEXT('2D SPACE',''
  ) );
#1985 = PCURVE('',#1986,#1991);
#1986 = PLANE('',#1987);
#1987 = AXIS2_PLACEMENT_3D('',#1988,#1989,#1990);
#1988 = CARTESIAN_POINT('',(-44.78331270024,4.41077131483,0.));
#1989 = DIRECTION('',(0.997290456679,-7.356456359967E-02,0.));
#1990 = DIRECTION('',(-7.356456359967E-02,-0.997290456679,0.));
#1991 = DEFINITIONAL_REPRESENTATION('',(#1992),#1996);
#1992 = LINE('',#1993,#1994);
#1993 = CARTESIAN_POINT('',(0.,0.));
#1994 = VECTOR('',#1995,1.);
#1995 = DIRECTION('',(1.,0.));
#1996 = ( GEOMETRIC_REPRESENTATION_CONTEXT(2) 
PARAMETRIC_REPRESENTATION_CONTEXT() REPRESENTATION_CONTEXT('2D SPACE',''
  ) );
#1997 = ORIENTED_EDGE('',*,*,#1998,.T.);
#1998 = EDGE_CURVE('',#1971,#1999,#2001,.T.);
#1999 = VERTEX_POINT('',#2000);
#2000 = CARTESIAN_POINT('',(-45.,5.510910596163E-15,0.));
#2001 = SURFACE_CURVE('',#2002,(#2006,#2013),.PCURVE_S1.);
#2002 = LINE('',#2003,#2004);
#2003 = CARTESIAN_POINT('',(-44.94579552923,2.208045344734,0.));
#2004 = VECTOR('',#2005,1.);
#2005 = DIRECTION('',(-2.454122852291E-02,-0.999698818696,0.));
#2006 = PCURVE('',#126,#2007);
#2007 = DEFINITIONAL_REPRESENTATION('',(#2008),#2012);
#2008 = LINE('',#2009,#2010);
#2009 = CARTESIAN_POINT('',(-44.94579552923,2.208045344734));
#2010 = VECTOR('',#2011,1.);
#2011 = DIRECTION('',(-2.454122852291E-02,-0.999698818696));
#2012 = ( GEOMETRIC_REPRESENTATION_CONTEXT(2) 
PARAMETRIC_REPRESENTATION_CONTEXT() REPRESENTATION_CONTEXT('2D SPACE',''
  ) );
#2013 = PCURVE('',#2014,#2019);
#2014 = PLANE('',#2015);
#2015 = AXIS2_PLACEMENT_3D('',#2016,#2017,#2018);
#2016 = CARTESIAN_POINT('',(-44.94579552923,2.208045344734,0.));
#2017 = DIRECTION('',(0.999698818696,-2.454122852291E-02,0.));
#2018 = DIRECTION('',(-2.454122852291E-02,-0.999698818696,0.));
#2019 = DEFINITIONAL_REPRESENTATION('',(#2020),#2024);
#2020 = LINE('',#2021,#2022);
#2021 = CARTESIAN_POINT('',(0.,0.));
#2022 = VECTOR('',#2023,1.);
#2023 = DIRECTION('',(1.,0.));
#2024 = ( GEOMETRIC_REPRESENTATION_CONTEXT(2) 
PARAMETRIC_REPRESENTATION_CONTEXT() REPRESENTATION_CONTEXT('2D SPACE',''
  ) );
#2025 = ORIENTED_EDGE('',*,*,#2026,.T.);
#2026 = EDGE_CURVE('',#1999,#2027,#2029,.T.);
#2027 = VERTEX_POINT('',#2028);
#2028 = CARTESIAN_POINT('',(-44.94579552923,-2.208045344734,0.));
#2029 = SURFACE_CURVE('',#2030,(#2034,#2041),.PCURVE_S1.);
#2030 = LINE('',#2031,#2032);
#2031 = CARTESIAN_POINT('',(-45.,5.510910596163E-15,0.));
#2032 = VECTOR('',#2033,1.);
#2033 = DIRECTION('',(2.454122852291E-02,-0.999698818696,0.));
#2034 = PCURVE('',#126,#2035);
#2035 = DEFINITIONAL_REPRESENTATION('',(#2036),#2040);
#2036 = LINE('',#2037,#2038);
#2037 = CARTESIAN_POINT('',(-45.,3.115437562878E-15));
#2038 = VECTOR('',#2039,1.);
#2039 = DIRECTION('',(2.454122852291E-02,-0.999698818696));
#2040 = ( GEOMETRIC_REPRESENTATION_CONTEXT(2) 
PARAMETRIC_REPRESENTATION_CONTEXT() REPRESENTATION_CONTEXT('2D SPACE',''
  ) );
#2041 = PCURVE('',#2042,#2047);
#2042 = PLANE('',#2043);
#2043 = AXIS2_PLACEMENT_3D('',#2044,#2045,#2046);
#2044 = CARTESIAN_POINT('',(-45.,5.510910596163E-15,0.));
#2045 = DIRECTION('',(0.999698818696,2.454122852291E-02,-0.));
#2046 = DIRECTION('',(2.454122852291E-02,-0.999698818696,0.));
#2047 = DEFINITIONAL_REPRESENTATION('',(#2048),#2052);
#2048 = LINE('',#2049,#2050);
#2049 = CARTESIAN_POINT('',(0.,0.));
#2050 = VECTOR('',#2051,1.);
#2051 = DIRECTION('',(1.,0.));
#2052 = ( GEOMETRIC_REPRESENTATION_CONTEXT(2) 
PARAMETRIC_REPRESENTATION_CONTEXT() REPRESENTATION_CONTEXT('2D SPACE',''
  ) );
#2053 = ORIENTED_EDGE('',*,*,#2054,.T.);
#2054 = EDGE_CURVE('',#2027,#2055,#2057,.T.);
#2055 = VERTEX_POINT('',#2056);
#2056 = CARTESIAN_POINT('',(-44.78331270024,-4.41077131483,0.));
#2057 = SURFACE_CURVE('',#2058,(#2062,#2069),.PCURVE_S1.);
#2058 = LINE('',#2059,#2060);
#2059 = CARTESIAN_POINT('',(-44.94579552923,-2.208045344734,0.));
#2060 = VECTOR('',#2061,1.);
#2061 = DIRECTION('',(7.356456359967E-02,-0.997290456679,0.));
#2062 = PCURVE('',#126,#2063);
#2063 = DEFINITIONAL_REPRESENTATION('',(#2064),#2068);
#2064 = LINE('',#2065,#2066);
#2065 = CARTESIAN_POINT('',(-44.94579552923,-2.208045344734));
#2066 = VECTOR('',#2067,1.);
#2067 = DIRECTION('',(7.356456359967E-02,-0.997290456679));
#2068 = ( GEOMETRIC_REPRESENTATION_CONTEXT(2) 
PARAMETRIC_REPRESENTATION_CONTEXT() REPRESENTATION_CONTEXT('2D SPACE',''
  ) );
#2069 = PCURVE('',#2070,#2075);
#2070 = PLANE('',#2071);
#2071 = AXIS2_PLACEMENT_3D('',#2072,#2073,#2074);
#2072 = CARTESIAN_POINT('',(-44.94579552923,-2.208045344734,0.));
#2073 = DIRECTION('',(0.997290456679,7.356456359967E-02,-0.));
#2074 = DIRECTION('',(7.356456359967E-02,-0.997290456679,0.));
#2075 = DEFINITIONAL_REPRESENTATION('',(#2076),#2080);
#2076 = LINE('',#2077,#2078);
#2077 = CARTESIAN_POINT('',(0.,0.));
#2078 = VECTOR('',#2079,1.);
#2079 = DIRECTION('',(1.,0.));
#2080 = ( GEOMETRIC_REPRESENTATION_CONTEXT(2) 
PARAMETRIC_REPRESENTATION_CONTEXT() REPRESENTATION_CONTEXT('2D SPACE',''
  ) );
#2081 = ORIENTED_EDGE('',*,*,#2082,.T.);
#2082 = EDGE_CURVE('',#2055,#2083,#2085,.T.);
#2083 = VERTEX_POINT('',#2084);
#2084 = CARTESIAN_POINT('',(-44.51294294841,-6.602871350491,0.));
#2085 = SURFACE_CURVE('',#2086,(#2090,#2097),.PCURVE_S1.);
#2086 = LINE('',#2087,#2088);
#2087 = CARTESIAN_POINT('',(-44.78331270024,-4.41077131483,0.));
#2088 = VECTOR('',#2089,1.);
#2089 = DIRECTION('',(0.122410675199,-0.992479534599,0.));
#2090 = PCURVE('',#126,#2091);
#2091 = DEFINITIONAL_REPRESENTATION('',(#2092),#2096);
#2092 = LINE('',#2093,#2094);
#2093 = CARTESIAN_POINT('',(-44.78331270024,-4.41077131483));
#2094 = VECTOR('',#2095,1.);
#2095 = DIRECTION('',(0.122410675199,-0.992479534599));
#2096 = ( GEOMETRIC_REPRESENTATION_CONTEXT(2) 
PARAMETRIC_REPRESENTATION_CONTEXT() REPRESENTATION_CONTEXT('2D SPACE',''
  ) );
#2097 = PCURVE('',#2098,#2103);
#2098 = PLANE('',#2099);
#2099 = AXIS2_PLACEMENT_3D('',#2100,#2101,#2102);
#2100 = CARTESIAN_POINT('',(-44.78331270024,-4.41077131483,0.));
#2101 = DIRECTION('',(0.992479534599,0.122410675199,-0.));
#2102 = DIRECTION('',(0.122410675199,-0.992479534599,0.));
#2103 = DEFINITIONAL_REPRESENTATION('',(#2104),#2108);
#2104 = LINE('',#2105,#2106);
#2105 = CARTESIAN_POINT('',(0.,0.));
#2106 = VECTOR('',#2107,1.);
#2107 = DIRECTION('',(1.,0.));
#2108 = ( GEOMETRIC_REPRESENTATION_CONTEXT(2) 
PARAMETRIC_REPRESENTATION_CONTEXT() REPRESENTATION_CONTEXT('2D SPACE',''
  ) );
#2109 = ORIENTED_EDGE('',*,*,#2110,.T.);
#2110 = EDGE_CURVE('',#2083,#2111,#2113,.T.);
#2111 = VERTEX_POINT('',#2112);
#2112 = CARTESIAN_POINT('',(-44.13533761814,-8.779064490726,0.));
#2113 = SURFACE_CURVE('',#2114,(#2118,#2125),.PCURVE_S1.);
#2114 = LINE('',#2115,#2116);
#2115 = CARTESIAN_POINT('',(-44.51294294841,-6.602871350491,0.));
#2116 = VECTOR('',#2117,1.);
#2117 = DIRECTION('',(0.17096188876,-0.985277642389,0.));
#2118 = PCURVE('',#126,#2119);
#2119 = DEFINITIONAL_REPRESENTATION('',(#2120),#2124);
#2120 = LINE('',#2121,#2122);
#2121 = CARTESIAN_POINT('',(-44.51294294841,-6.602871350491));
#2122 = VECTOR('',#2123,1.);
#2123 = DIRECTION('',(0.17096188876,-0.985277642389));
#2124 = ( GEOMETRIC_REPRESENTATION_CONTEXT(2) 
PARAMETRIC_REPRESENTATION_CONTEXT() REPRESENTATION_CONTEXT('2D SPACE',''
  ) );
#2125 = PCURVE('',#2126,#2131);
#2126 = PLANE('',#2127);
#2127 = AXIS2_PLACEMENT_3D('',#2128,#2129,#2130);
#2128 = CARTESIAN_POINT('',(-44.51294294841,-6.602871350491,0.));
#2129 = DIRECTION('',(0.985277642389,0.17096188876,-0.));
#2130 = DIRECTION('',(0.17096188876,-0.985277642389,0.));
#2131 = DEFINITIONAL_REPRESENTATION('',(#2132),#2136);
#2132 = LINE('',#2133,#2134);
#2133 = CARTESIAN_POINT('',(0.,0.));
#2134 = VECTOR('',#2135,1.);
#2135 = DIRECTION('',(1.,0.));
#2136 = ( GEOMETRIC_REPRESENTATION_CONTEXT(2) 
PARAMETRIC_REPRESENTATION_CONTEXT() REPRESENTATION_CONTEXT('2D SPACE',''
  ) );
#2137 = ORIENTED_EDGE('',*,*,#2138,.T.);
#2138 = EDGE_CURVE('',#2111,#2139,#2141,.T.);
#2139 = VERTEX_POINT('',#2140);
#2140 = CARTESIAN_POINT('',(-43.65140639375,-10.93410809564,0.));
#2141 = SURFACE_CURVE('',#2142,(#2146,#2153),.PCURVE_S1.);
#2142 = LINE('',#2143,#2144);
#2143 = CARTESIAN_POINT('',(-44.13533761814,-8.779064490726,0.));
#2144 = VECTOR('',#2145,1.);
#2145 = DIRECTION('',(0.219101240157,-0.975702130039,0.));
#2146 = PCURVE('',#126,#2147);
#2147 = DEFINITIONAL_REPRESENTATION('',(#2148),#2152);
#2148 = LINE('',#2149,#2150);
#2149 = CARTESIAN_POINT('',(-44.13533761814,-8.779064490726));
#2150 = VECTOR('',#2151,1.);
#2151 = DIRECTION('',(0.219101240157,-0.975702130039));
#2152 = ( GEOMETRIC_REPRESENTATION_CONTEXT(2) 
PARAMETRIC_REPRESENTATION_CONTEXT() REPRESENTATION_CONTEXT('2D SPACE',''
  ) );
#2153 = PCURVE('',#2154,#2159);
#2154 = PLANE('',#2155);
#2155 = AXIS2_PLACEMENT_3D('',#2156,#2157,#2158);
#2156 = CARTESIAN_POINT('',(-44.13533761814,-8.779064490726,0.));
#2157 = DIRECTION('',(0.975702130039,0.219101240157,-0.));
#2158 = DIRECTION('',(0.219101240157,-0.975702130039,0.));
#2159 = DEFINITIONAL_REPRESENTATION('',(#2160),#2164);
#2160 = LINE('',#2161,#2162);
#2161 = CARTESIAN_POINT('',(0.,0.));
#2162 = VECTOR('',#2163,1.);
#2163 = DIRECTION('',(1.,0.));
#2164 = ( GEOMETRIC_REPRESENTATION_CONTEXT(2) 
PARAMETRIC_REPRESENTATION_CONTEXT() REPRESENTATION_CONTEXT('2D SPACE',''
  ) );
#2165 = ORIENTED_EDGE('',*,*,#2166,.T.);
#2166 = EDGE_CURVE('',#2139,#2167,#2169,.T.);
#2167 = VERTEX_POINT('',#2168);
#2168 = CARTESIAN_POINT('',(-43.06231510794,-13.06281047645,0.));
#2169 = SURFACE_CURVE('',#2170,(#2174,#2181),.PCURVE_S1.);
#2170 = LINE('',#2171,#2172);
#2171 = CARTESIAN_POINT('',(-43.65140639375,-10.93410809564,0.));
#2172 = VECTOR('',#2173,1.);
#2173 = DIRECTION('',(0.266712757475,-0.963776065795,0.));
#2174 = PCURVE('',#126,#2175);
#2175 = DEFINITIONAL_REPRESENTATION('',(#2176),#2180);
#2176 = LINE('',#2177,#2178);
#2177 = CARTESIAN_POINT('',(-43.65140639375,-10.93410809564));
#2178 = VECTOR('',#2179,1.);
#2179 = DIRECTION('',(0.266712757475,-0.963776065795));
#2180 = ( GEOMETRIC_REPRESENTATION_CONTEXT(2) 
PARAMETRIC_REPRESENTATION_CONTEXT() REPRESENTATION_CONTEXT('2D SPACE',''
  ) );
#2181 = PCURVE('',#2182,#2187);
#2182 = PLANE('',#2183);
#2183 = AXIS2_PLACEMENT_3D('',#2184,#2185,#2186);
#2184 = CARTESIAN_POINT('',(-43.65140639375,-10.93410809564,0.));
#2185 = DIRECTION('',(0.963776065795,0.266712757475,-0.));
#2186 = DIRECTION('',(0.266712757475,-0.963776065795,0.));
#2187 = DEFINITIONAL_REPRESENTATION('',(#2188),#2192);
#2188 = LINE('',#2189,#2190);
#2189 = CARTESIAN_POINT('',(0.,0.));
#2190 = VECTOR('',#2191,1.);
#2191 = DIRECTION('',(1.,0.));
#2192 = ( GEOMETRIC_REPRESENTATION_CONTEXT(2) 
PARAMETRIC_REPRESENTATION_CONTEXT() REPRESENTATION_CONTEXT('2D SPACE',''
  ) );
#2193 = ORIENTED_EDGE('',*,*,#2194,.T.);
#2194 = EDGE_CURVE('',#2167,#2195,#2197,.T.);
#2195 = VERTEX_POINT('',#2196);
#2196 = CARTESIAN_POINT('',(-42.36948293323,-15.16004340265,0.));
#2197 = SURFACE_CURVE('',#2198,(#2202,#2209),.PCURVE_S1.);
#2198 = LINE('',#2199,#2200);
#2199 = CARTESIAN_POINT('',(-43.06231510794,-13.06281047645,0.));
#2200 = VECTOR('',#2201,1.);
#2201 = DIRECTION('',(0.313681740399,-0.949528180593,0.));
#2202 = PCURVE('',#126,#2203);
#2203 = DEFINITIONAL_REPRESENTATION('',(#2204),#2208);
#2204 = LINE('',#2205,#2206);
#2205 = CARTESIAN_POINT('',(-43.06231510794,-13.06281047645));
#2206 = VECTOR('',#2207,1.);
#2207 = DIRECTION('',(0.313681740399,-0.949528180593));
#2208 = ( GEOMETRIC_REPRESENTATION_CONTEXT(2) 
PARAMETRIC_REPRESENTATION_CONTEXT() REPRESENTATION_CONTEXT('2D SPACE',''
  ) );
#2209 = PCURVE('',#2210,#2215);
#2210 = PLANE('',#2211);
#2211 = AXIS2_PLACEMENT_3D('',#2212,#2213,#2214);
#2212 = CARTESIAN_POINT('',(-43.06231510794,-13.06281047645,0.));
#2213 = DIRECTION('',(0.949528180593,0.313681740399,-0.));
#2214 = DIRECTION('',(0.313681740399,-0.949528180593,0.));
#2215 = DEFINITIONAL_REPRESENTATION('',(#2216),#2220);
#2216 = LINE('',#2217,#2218);
#2217 = CARTESIAN_POINT('',(0.,0.));
#2218 = VECTOR('',#2219,1.);
#2219 = DIRECTION('',(1.,0.));
#2220 = ( GEOMETRIC_REPRESENTATION_CONTEXT(2) 
PARAMETRIC_REPRESENTATION_CONTEXT() REPRESENTATION_CONTEXT('2D SPACE',''
  ) );
#2221 = ORIENTED_EDGE('',*,*,#2222,.T.);
#2222 = EDGE_CURVE('',#2195,#2223,#2225,.T.);
#2223 = VERTEX_POINT('',#2224);
#2224 = CARTESIAN_POINT('',(-41.574578963,-17.22075445642,0.));
#2225 = SURFACE_CURVE('',#2226,(#2230,#2237),.PCURVE_S1.);
#2226 = LINE('',#2227,#2228);
#2227 = CARTESIAN_POINT('',(-42.36948293323,-15.16004340265,0.));
#2228 = VECTOR('',#2229,1.);
#2229 = DIRECTION('',(0.359895036535,-0.932992798835,0.));
#2230 = PCURVE('',#126,#2231);
#2231 = DEFINITIONAL_REPRESENTATION('',(#2232),#2236);
#2232 = LINE('',#2233,#2234);
#2233 = CARTESIAN_POINT('',(-42.36948293323,-15.16004340265));
#2234 = VECTOR('',#2235,1.);
#2235 = DIRECTION('',(0.359895036535,-0.932992798835));
#2236 = ( GEOMETRIC_REPRESENTATION_CONTEXT(2) 
PARAMETRIC_REPRESENTATION_CONTEXT() REPRESENTATION_CONTEXT('2D SPACE',''
  ) );
#2237 = PCURVE('',#2238,#2243);
#2238 = PLANE('',#2239);
#2239 = AXIS2_PLACEMENT_3D('',#2240,#2241,#2242);
#2240 = CARTESIAN_POINT('',(-42.36948293323,-15.16004340265,0.));
#2241 = DIRECTION('',(0.932992798835,0.359895036535,-0.));
#2242 = DIRECTION('',(0.359895036535,-0.932992798835,0.));
#2243 = DEFINITIONAL_REPRESENTATION('',(#2244),#2248);
#2244 = LINE('',#2245,#2246);
#2245 = CARTESIAN_POINT('',(0.,0.));
#2246 = VECTOR('',#2247,1.);
#2247 = DIRECTION('',(1.,0.));
#2248 = ( GEOMETRIC_REPRESENTATION_CONTEXT(2) 
PARAMETRIC_REPRESENTATION_CONTEXT() REPRESENTATION_CONTEXT('2D SPACE',''
  ) );
#2249 = ORIENTED_EDGE('',*,*,#2250,.T.);
#2250 = EDGE_CURVE('',#2223,#2251,#2253,.T.);
#2251 = VERTEX_POINT('',#2252);
#2252 = CARTESIAN_POINT('',(-40.67951819055,-19.23997920436,0.));
#2253 = SURFACE_CURVE('',#2254,(#2258,#2265),.PCURVE_S1.);
#2254 = LINE('',#2255,#2256);
#2255 = CARTESIAN_POINT('',(-41.574578963,-17.22075445642,0.));
#2256 = VECTOR('',#2257,1.);
#2257 = DIRECTION('',(0.405241314005,-0.914209755704,0.));
#2258 = PCURVE('',#126,#2259);
#2259 = DEFINITIONAL_REPRESENTATION('',(#2260),#2264);
#2260 = LINE('',#2261,#2262);
#2261 = CARTESIAN_POINT('',(-41.574578963,-17.22075445642));
#2262 = VECTOR('',#2263,1.);
#2263 = DIRECTION('',(0.405241314005,-0.914209755704));
#2264 = ( GEOMETRIC_REPRESENTATION_CONTEXT(2) 
PARAMETRIC_REPRESENTATION_CONTEXT() REPRESENTATION_CONTEXT('2D SPACE',''
  ) );
#2265 = PCURVE('',#2266,#2271);
#2266 = PLANE('',#2267);
#2267 = AXIS2_PLACEMENT_3D('',#2268,#2269,#2270);
#2268 = CARTESIAN_POINT('',(-41.574578963,-17.22075445642,0.));
#2269 = DIRECTION('',(0.914209755704,0.405241314005,-0.));
#2270 = DIRECTION('',(0.405241314005,-0.914209755704,0.));
#2271 = DEFINITIONAL_REPRESENTATION('',(#2272),#2276);
#2272 = LINE('',#2273,#2274);
#2273 = CARTESIAN_POINT('',(0.,0.));
#2274 = VECTOR('',#2275,1.);
#2275 = DIRECTION('',(1.,0.));
#2276 = ( GEOMETRIC_REPRESENTATION_CONTEXT(2) 
PARAMETRIC_REPRESENTATION_CONTEXT() REPRESENTATION_CONTEXT('2D SPACE',''
  ) );
#2277 = ORIENTED_EDGE('',*,*,#2278,.T.);
#2278 = EDGE_CURVE('',#2251,#2279,#2281,.T.);
#2279 = VERTEX_POINT('',#2280);
#2280 = CARTESIAN_POINT('',(-39.68645689567,-21.21285315717,0.));
#2281 = SURFACE_CURVE('',#2282,(#2286,#2293),.PCURVE_S1.);
#2282 = LINE('',#2283,#2284);
#2283 = CARTESIAN_POINT('',(-40.67951819055,-19.23997920436,0.));
#2284 = VECTOR('',#2285,1.);
#2285 = DIRECTION('',(0.449611329655,-0.893224301196,0.));
#2286 = PCURVE('',#126,#2287);
#2287 = DEFINITIONAL_REPRESENTATION('',(#2288),#2292);
#2288 = LINE('',#2289,#2290);
#2289 = CARTESIAN_POINT('',(-40.67951819055,-19.23997920436));
#2290 = VECTOR('',#2291,1.);
#2291 = DIRECTION('',(0.449611329655,-0.893224301196));
#2292 = ( GEOMETRIC_REPRESENTATION_CONTEXT(2) 
PARAMETRIC_REPRESENTATION_CONTEXT() REPRESENTATION_CONTEXT('2D SPACE',''
  ) );
#2293 = PCURVE('',#2294,#2299);
#2294 = PLANE('',#2295);
#2295 = AXIS2_PLACEMENT_3D('',#2296,#2297,#2298);
#2296 = CARTESIAN_POINT('',(-40.67951819055,-19.23997920436,0.));
#2297 = DIRECTION('',(0.893224301196,0.449611329655,-0.));
#2298 = DIRECTION('',(0.449611329655,-0.893224301196,0.));
#2299 = DEFINITIONAL_REPRESENTATION('',(#2300),#2304);
#2300 = LINE('',#2301,#2302);
#2301 = CARTESIAN_POINT('',(0.,0.));
#2302 = VECTOR('',#2303,1.);
#2303 = DIRECTION('',(1.,0.));
#2304 = ( GEOMETRIC_REPRESENTATION_CONTEXT(2) 
PARAMETRIC_REPRESENTATION_CONTEXT() REPRESENTATION_CONTEXT('2D SPACE',''
  ) );
#2305 = ORIENTED_EDGE('',*,*,#2306,.T.);
#2306 = EDGE_CURVE('',#2279,#2307,#2309,.T.);
#2307 = VERTEX_POINT('',#2308);
#2308 = CARTESIAN_POINT('',(-38.59778745001,-23.13462348869,0.));
#2309 = SURFACE_CURVE('',#2310,(#2314,#2321),.PCURVE_S1.);
#2310 = LINE('',#2311,#2312);
#2311 = CARTESIAN_POINT('',(-39.68645689567,-21.21285315717,0.));
#2312 = VECTOR('',#2313,1.);
#2313 = DIRECTION('',(0.49289819223,-0.870086991109,0.));
#2314 = PCURVE('',#126,#2315);
#2315 = DEFINITIONAL_REPRESENTATION('',(#2316),#2320);
#2316 = LINE('',#2317,#2318);
#2317 = CARTESIAN_POINT('',(-39.68645689567,-21.21285315717));
#2318 = VECTOR('',#2319,1.);
#2319 = DIRECTION('',(0.49289819223,-0.870086991109));
#2320 = ( GEOMETRIC_REPRESENTATION_CONTEXT(2) 
PARAMETRIC_REPRESENTATION_CONTEXT() REPRESENTATION_CONTEXT('2D SPACE',''
  ) );
#2321 = PCURVE('',#2322,#2327);
#2322 = PLANE('',#2323);
#2323 = AXIS2_PLACEMENT_3D('',#2324,#2325,#2326);
#2324 = CARTESIAN_POINT('',(-39.68645689567,-21.21285315717,0.));
#2325 = DIRECTION('',(0.870086991109,0.49289819223,-0.));
#2326 = DIRECTION('',(0.49289819223,-0.870086991109,0.));
#2327 = DEFINITIONAL_REPRESENTATION('',(#2328),#2332);
#2328 = LINE('',#2329,#2330);
#2329 = CARTESIAN_POINT('',(0.,0.));
#2330 = VECTOR('',#2331,1.);
#2331 = DIRECTION('',(1.,0.));
#2332 = ( GEOMETRIC_REPRESENTATION_CONTEXT(2) 
PARAMETRIC_REPRESENTATION_CONTEXT() REPRESENTATION_CONTEXT('2D SPACE',''
  ) );
#2333 = ORIENTED_EDGE('',*,*,#2334,.T.);
#2334 = EDGE_CURVE('',#2307,#2335,#2337,.T.);
#2335 = VERTEX_POINT('',#2336);
#2336 = CARTESIAN_POINT('',(-37.41613255361,-25.00066048588,0.));
#2337 = SURFACE_CURVE('',#2338,(#2342,#2349),.PCURVE_S1.);
#2338 = LINE('',#2339,#2340);
#2339 = CARTESIAN_POINT('',(-38.59778745001,-23.13462348869,0.));
#2340 = VECTOR('',#2341,1.);
#2341 = DIRECTION('',(0.534997619887,-0.84485356525,0.));
#2342 = PCURVE('',#126,#2343);
#2343 = DEFINITIONAL_REPRESENTATION('',(#2344),#2348);
#2344 = LINE('',#2345,#2346);
#2345 = CARTESIAN_POINT('',(-38.59778745001,-23.13462348869));
#2346 = VECTOR('',#2347,1.);
#2347 = DIRECTION('',(0.534997619887,-0.84485356525));
#2348 = ( GEOMETRIC_REPRESENTATION_CONTEXT(2) 
PARAMETRIC_REPRESENTATION_CONTEXT() REPRESENTATION_CONTEXT('2D SPACE',''
  ) );
#2349 = PCURVE('',#2350,#2355);
#2350 = PLANE('',#2351);
#2351 = AXIS2_PLACEMENT_3D('',#2352,#2353,#2354);
#2352 = CARTESIAN_POINT('',(-38.59778745001,-23.13462348869,0.));
#2353 = DIRECTION('',(0.84485356525,0.534997619887,-0.));
#2354 = DIRECTION('',(0.534997619887,-0.84485356525,0.));
#2355 = DEFINITIONAL_REPRESENTATION('',(#2356),#2360);
#2356 = LINE('',#2357,#2358);
#2357 = CARTESIAN_POINT('',(0.,0.));
#2358 = VECTOR('',#2359,1.);
#2359 = DIRECTION('',(1.,0.));
#2360 = ( GEOMETRIC_REPRESENTATION_CONTEXT(2) 
PARAMETRIC_REPRESENTATION_CONTEXT() REPRESENTATION_CONTEXT('2D SPACE',''
  ) );
#2361 = ORIENTED_EDGE('',*,*,#2362,.T.);
#2362 = EDGE_CURVE('',#2335,#2363,#2365,.T.);
#2363 = VERTEX_POINT('',#2364);
#2364 = CARTESIAN_POINT('',(-36.14433891662,-26.80646870215,0.));
#2365 = SURFACE_CURVE('',#2366,(#2370,#2377),.PCURVE_S1.);
#2366 = LINE('',#2367,#2368);
#2367 = CARTESIAN_POINT('',(-37.41613255361,-25.00066048588,0.));
#2368 = VECTOR('',#2369,1.);
#2369 = DIRECTION('',(0.575808191418,-0.817584813152,0.));
#2370 = PCURVE('',#126,#2371);
#2371 = DEFINITIONAL_REPRESENTATION('',(#2372),#2376);
#2372 = LINE('',#2373,#2374);
#2373 = CARTESIAN_POINT('',(-37.41613255361,-25.00066048588));
#2374 = VECTOR('',#2375,1.);
#2375 = DIRECTION('',(0.575808191418,-0.817584813152));
#2376 = ( GEOMETRIC_REPRESENTATION_CONTEXT(2) 
PARAMETRIC_REPRESENTATION_CONTEXT() REPRESENTATION_CONTEXT('2D SPACE',''
  ) );
#2377 = PCURVE('',#2378,#2383);
#2378 = PLANE('',#2379);
#2379 = AXIS2_PLACEMENT_3D('',#2380,#2381,#2382);
#2380 = CARTESIAN_POINT('',(-37.41613255361,-25.00066048588,0.));
#2381 = DIRECTION('',(0.817584813152,0.575808191418,-0.));
#2382 = DIRECTION('',(0.575808191418,-0.817584813152,0.));
#2383 = DEFINITIONAL_REPRESENTATION('',(#2384),#2388);
#2384 = LINE('',#2385,#2386);
#2385 = CARTESIAN_POINT('',(0.,0.));
#2386 = VECTOR('',#2387,1.);
#2387 = DIRECTION('',(1.,0.));
#2388 = ( GEOMETRIC_REPRESENTATION_CONTEXT(2) 
PARAMETRIC_REPRESENTATION_CONTEXT() REPRESENTATION_CONTEXT('2D SPACE',''
  ) );
#2389 = ORIENTED_EDGE('',*,*,#2390,.T.);
#2390 = EDGE_CURVE('',#2363,#2391,#2393,.T.);
#2391 = VERTEX_POINT('',#2392);
#2392 = CARTESIAN_POINT('',(-34.78547040132,-28.54769778736,0.));
#2393 = SURFACE_CURVE('',#2394,(#2398,#2405),.PCURVE_S1.);
#2394 = LINE('',#2395,#2396);
#2395 = CARTESIAN_POINT('',(-36.14433891662,-26.80646870215,0.));
#2396 = VECTOR('',#2397,1.);
#2397 = DIRECTION('',(0.615231590581,-0.788346427627,0.));
#2398 = PCURVE('',#126,#2399);
#2399 = DEFINITIONAL_REPRESENTATION('',(#2400),#2404);
#2400 = LINE('',#2401,#2402);
#2401 = CARTESIAN_POINT('',(-36.14433891662,-26.80646870215));
#2402 = VECTOR('',#2403,1.);
#2403 = DIRECTION('',(0.615231590581,-0.788346427627));
#2404 = ( GEOMETRIC_REPRESENTATION_CONTEXT(2) 
PARAMETRIC_REPRESENTATION_CONTEXT() REPRESENTATION_CONTEXT('2D SPACE',''
  ) );
#2405 = PCURVE('',#2406,#2411);
#2406 = PLANE('',#2407);
#2407 = AXIS2_PLACEMENT_3D('',#2408,#2409,#2410);
#2408 = CARTESIAN_POINT('',(-36.14433891662,-26.80646870215,0.));
#2409 = DIRECTION('',(0.788346427627,0.615231590581,-0.));
#2410 = DIRECTION('',(0.615231590581,-0.788346427627,0.));
#2411 = DEFINITIONAL_REPRESENTATION('',(#2412),#2416);
#2412 = LINE('',#2413,#2414);
#2413 = CARTESIAN_POINT('',(0.,0.));
#2414 = VECTOR('',#2415,1.);
#2415 = DIRECTION('',(1.,0.));
#2416 = ( GEOMETRIC_REPRESENTATION_CONTEXT(2) 
PARAMETRIC_REPRESENTATION_CONTEXT() REPRESENTATION_CONTEXT('2D SPACE',''
  ) );
#2417 = ORIENTED_EDGE('',*,*,#2418,.T.);
#2418 = EDGE_CURVE('',#2391,#2419,#2421,.T.);
#2419 = VERTEX_POINT('',#2420);
#2420 = CARTESIAN_POINT('',(-33.34280064097,-30.22015296811,0.));
#2421 = SURFACE_CURVE('',#2422,(#2426,#2433),.PCURVE_S1.);
#2422 = LINE('',#2423,#2424);
#2423 = CARTESIAN_POINT('',(-34.78547040132,-28.54769778736,0.));
#2424 = VECTOR('',#2425,1.);
#2425 = DIRECTION('',(0.653172842954,-0.757208846506,0.));
#2426 = PCURVE('',#126,#2427);
#2427 = DEFINITIONAL_REPRESENTATION('',(#2428),#2432);
#2428 = LINE('',#2429,#2430);
#2429 = CARTESIAN_POINT('',(-34.78547040132,-28.54769778736));
#2430 = VECTOR('',#2431,1.);
#2431 = DIRECTION('',(0.653172842954,-0.757208846506));
#2432 = ( GEOMETRIC_REPRESENTATION_CONTEXT(2) 
PARAMETRIC_REPRESENTATION_CONTEXT() REPRESENTATION_CONTEXT('2D SPACE',''
  ) );
#2433 = PCURVE('',#2434,#2439);
#2434 = PLANE('',#2435);
#2435 = AXIS2_PLACEMENT_3D('',#2436,#2437,#2438);
#2436 = CARTESIAN_POINT('',(-34.78547040132,-28.54769778736,0.));
#2437 = DIRECTION('',(0.757208846506,0.653172842954,-0.));
#2438 = DIRECTION('',(0.653172842954,-0.757208846506,0.));
#2439 = DEFINITIONAL_REPRESENTATION('',(#2440),#2444);
#2440 = LINE('',#2441,#2442);
#2441 = CARTESIAN_POINT('',(0.,0.));
#2442 = VECTOR('',#2443,1.);
#2443 = DIRECTION('',(1.,0.));
#2444 = ( GEOMETRIC_REPRESENTATION_CONTEXT(2) 
PARAMETRIC_REPRESENTATION_CONTEXT() REPRESENTATION_CONTEXT('2D SPACE',''
  ) );
#2445 = ORIENTED_EDGE('',*,*,#2446,.T.);
#2446 = EDGE_CURVE('',#2419,#2447,#2449,.T.);
#2447 = VERTEX_POINT('',#2448);
#2448 = CARTESIAN_POINT('',(-31.81980515339,-31.81980515339,0.));
#2449 = SURFACE_CURVE('',#2450,(#2454,#2461),.PCURVE_S1.);
#2450 = LINE('',#2451,#2452);
#2451 = CARTESIAN_POINT('',(-33.34280064097,-30.22015296811,0.));
#2452 = VECTOR('',#2453,1.);
#2453 = DIRECTION('',(0.689540544737,-0.724247082951,0.));
#2454 = PCURVE('',#126,#2455);
#2455 = DEFINITIONAL_REPRESENTATION('',(#2456),#2460);
#2456 = LINE('',#2457,#2458);
#2457 = CARTESIAN_POINT('',(-33.34280064097,-30.22015296811));
#2458 = VECTOR('',#2459,1.);
#2459 = DIRECTION('',(0.689540544737,-0.724247082951));
#2460 = ( GEOMETRIC_REPRESENTATION_CONTEXT(2) 
PARAMETRIC_REPRESENTATION_CONTEXT() REPRESENTATION_CONTEXT('2D SPACE',''
  ) );
#2461 = PCURVE('',#2462,#2467);
#2462 = PLANE('',#2463);
#2463 = AXIS2_PLACEMENT_3D('',#2464,#2465,#2466);
#2464 = CARTESIAN_POINT('',(-33.34280064097,-30.22015296811,0.));
#2465 = DIRECTION('',(0.724247082951,0.689540544737,-0.));
#2466 = DIRECTION('',(0.689540544737,-0.724247082951,0.));
#2467 = DEFINITIONAL_REPRESENTATION('',(#2468),#2472);
#2468 = LINE('',#2469,#2470);
#2469 = CARTESIAN_POINT('',(0.,0.));
#2470 = VECTOR('',#2471,1.);
#2471 = DIRECTION('',(1.,0.));
#2472 = ( GEOMETRIC_REPRESENTATION_CONTEXT(2) 
PARAMETRIC_REPRESENTATION_CONTEXT() REPRESENTATION_CONTEXT('2D SPACE',''
  ) );
#2473 = ORIENTED_EDGE('',*,*,#2474,.T.);
#2474 = EDGE_CURVE('',#2447,#2475,#2477,.T.);
#2475 = VERTEX_POINT('',#2476);
#2476 = CARTESIAN_POINT('',(-30.22015296811,-33.34280064097,0.));
#2477 = SURFACE_CURVE('',#2478,(#2482,#2489),.PCURVE_S1.);
#2478 = LINE('',#2479,#2480);
#2479 = CARTESIAN_POINT('',(-31.81980515339,-31.81980515339,0.));
#2480 = VECTOR('',#2481,1.);
#2481 = DIRECTION('',(0.724247082951,-0.689540544737,0.));
#2482 = PCURVE('',#126,#2483);
#2483 = DEFINITIONAL_REPRESENTATION('',(#2484),#2488);
#2484 = LINE('',#2485,#2486);
#2485 = CARTESIAN_POINT('',(-31.81980515339,-31.81980515339));
#2486 = VECTOR('',#2487,1.);
#2487 = DIRECTION('',(0.724247082951,-0.689540544737));
#2488 = ( GEOMETRIC_REPRESENTATION_CONTEXT(2) 
PARAMETRIC_REPRESENTATION_CONTEXT() REPRESENTATION_CONTEXT('2D SPACE',''
  ) );
#2489 = PCURVE('',#2490,#2495);
#2490 = PLANE('',#2491);
#2491 = AXIS2_PLACEMENT_3D('',#2492,#2493,#2494);
#2492 = CARTESIAN_POINT('',(-31.81980515339,-31.81980515339,0.));
#2493 = DIRECTION('',(0.689540544737,0.724247082951,-0.));
#2494 = DIRECTION('',(0.724247082951,-0.689540544737,0.));
#2495 = DEFINITIONAL_REPRESENTATION('',(#2496),#2500);
#2496 = LINE('',#2497,#2498);
#2497 = CARTESIAN_POINT('',(0.,0.));
#2498 = VECTOR('',#2499,1.);
#2499 = DIRECTION('',(1.,0.));
#2500 = ( GEOMETRIC_REPRESENTATION_CONTEXT(2) 
PARAMETRIC_REPRESENTATION_CONTEXT() REPRESENTATION_CONTEXT('2D SPACE',''
  ) );
#2501 = ORIENTED_EDGE('',*,*,#2502,.T.);
#2502 = EDGE_CURVE('',#2475,#2503,#2505,.T.);
#2503 = VERTEX_POINT('',#2504);
#2504 = CARTESIAN_POINT('',(-28.54769778736,-34.78547040132,0.));
#2505 = SURFACE_CURVE('',#2506,(#2510,#2517),.PCURVE_S1.);
#2506 = LINE('',#2507,#2508);
#2507 = CARTESIAN_POINT('',(-30.22015296811,-33.34280064097,0.));
#2508 = VECTOR('',#2509,1.);
#2509 = DIRECTION('',(0.757208846506,-0.653172842954,0.));
#2510 = PCURVE('',#126,#2511);
#2511 = DEFINITIONAL_REPRESENTATION('',(#2512),#2516);
#2512 = LINE('',#2513,#2514);
#2513 = CARTESIAN_POINT('',(-30.22015296811,-33.34280064097));
#2514 = VECTOR('',#2515,1.);
#2515 = DIRECTION('',(0.757208846506,-0.653172842954));
#2516 = ( GEOMETRIC_REPRESENTATION_CONTEXT(2) 
PARAMETRIC_REPRESENTATION_CONTEXT() REPRESENTATION_CONTEXT('2D SPACE',''
  ) );
#2517 = PCURVE('',#2518,#2523);
#2518 = PLANE('',#2519);
#2519 = AXIS2_PLACEMENT_3D('',#2520,#2521,#2522);
#2520 = CARTESIAN_POINT('',(-30.22015296811,-33.34280064097,0.));
#2521 = DIRECTION('',(0.653172842954,0.757208846506,-0.));
#2522 = DIRECTION('',(0.757208846506,-0.653172842954,0.));
#2523 = DEFINITIONAL_REPRESENTATION('',(#2524),#2528);
#2524 = LINE('',#2525,#2526);
#2525 = CARTESIAN_POINT('',(0.,0.));
#2526 = VECTOR('',#2527,1.);
#2527 = DIRECTION('',(1.,0.));
#2528 = ( GEOMETRIC_REPRESENTATION_CONTEXT(2) 
PARAMETRIC_REPRESENTATION_CONTEXT() REPRESENTATION_CONTEXT('2D SPACE',''
  ) );
#2529 = ORIENTED_EDGE('',*,*,#2530,.T.);
#2530 = EDGE_CURVE('',#2503,#2531,#2533,.T.);
#2531 = VERTEX_POINT('',#2532);
#2532 = CARTESIAN_POINT('',(-26.80646870215,-36.14433891662,0.));
#2533 = SURFACE_CURVE('',#2534,(#2538,#2545),.PCURVE_S1.);
#2534 = LINE('',#2535,#2536);
#2535 = CARTESIAN_POINT('',(-28.54769778736,-34.78547040132,0.));
#2536 = VECTOR('',#2537,1.);
#2537 = DIRECTION('',(0.788346427627,-0.615231590581,0.));
#2538 = PCURVE('',#126,#2539);
#2539 = DEFINITIONAL_REPRESENTATION('',(#2540),#2544);
#2540 = LINE('',#2541,#2542);
#2541 = CARTESIAN_POINT('',(-28.54769778736,-34.78547040132));
#2542 = VECTOR('',#2543,1.);
#2543 = DIRECTION('',(0.788346427627,-0.615231590581));
#2544 = ( GEOMETRIC_REPRESENTATION_CONTEXT(2) 
PARAMETRIC_REPRESENTATION_CONTEXT() REPRESENTATION_CONTEXT('2D SPACE',''
  ) );
#2545 = PCURVE('',#2546,#2551);
#2546 = PLANE('',#2547);
#2547 = AXIS2_PLACEMENT_3D('',#2548,#2549,#2550);
#2548 = CARTESIAN_POINT('',(-28.54769778736,-34.78547040132,0.));
#2549 = DIRECTION('',(0.615231590581,0.788346427627,-0.));
#2550 = DIRECTION('',(0.788346427627,-0.615231590581,0.));
#2551 = DEFINITIONAL_REPRESENTATION('',(#2552),#2556);
#2552 = LINE('',#2553,#2554);
#2553 = CARTESIAN_POINT('',(0.,0.));
#2554 = VECTOR('',#2555,1.);
#2555 = DIRECTION('',(1.,0.));
#2556 = ( GEOMETRIC_REPRESENTATION_CONTEXT(2) 
PARAMETRIC_REPRESENTATION_CONTEXT() REPRESENTATION_CONTEXT('2D SPACE',''
  ) );
#2557 = ORIENTED_EDGE('',*,*,#2558,.T.);
#2558 = EDGE_CURVE('',#2531,#2559,#2561,.T.);
#2559 = VERTEX_POINT('',#2560);
#2560 = CARTESIAN_POINT('',(-25.00066048588,-37.41613255361,0.));
#2561 = SURFACE_CURVE('',#2562,(#2566,#2573),.PCURVE_S1.);
#2562 = LINE('',#2563,#2564);
#2563 = CARTESIAN_POINT('',(-26.80646870215,-36.14433891662,0.));
#2564 = VECTOR('',#2565,1.);
#2565 = DIRECTION('',(0.817584813152,-0.575808191418,0.));
#2566 = PCURVE('',#126,#2567);
#2567 = DEFINITIONAL_REPRESENTATION('',(#2568),#2572);
#2568 = LINE('',#2569,#2570);
#2569 = CARTESIAN_POINT('',(-26.80646870215,-36.14433891662));
#2570 = VECTOR('',#2571,1.);
#2571 = DIRECTION('',(0.817584813152,-0.575808191418));
#2572 = ( GEOMETRIC_REPRESENTATION_CONTEXT(2) 
PARAMETRIC_REPRESENTATION_CONTEXT() REPRESENTATION_CONTEXT('2D SPACE',''
  ) );
#2573 = PCURVE('',#2574,#2579);
#2574 = PLANE('',#2575);
#2575 = AXIS2_PLACEMENT_3D('',#2576,#2577,#2578);
#2576 = CARTESIAN_POINT('',(-26.80646870215,-36.14433891662,0.));
#2577 = DIRECTION('',(0.575808191418,0.817584813152,-0.));
#2578 = DIRECTION('',(0.817584813152,-0.575808191418,0.));
#2579 = DEFINITIONAL_REPRESENTATION('',(#2580),#2584);
#2580 = LINE('',#2581,#2582);
#2581 = CARTESIAN_POINT('',(0.,0.));
#2582 = VECTOR('',#2583,1.);
#2583 = DIRECTION('',(1.,0.));
#2584 = ( GEOMETRIC_REPRESENTATION_CONTEXT(2) 
PARAMETRIC_REPRESENTATION_CONTEXT() REPRESENTATION_CONTEXT('2D SPACE',''
  ) );
#2585 = ORIENTED_EDGE('',*,*,#2586,.T.);
#2586 = EDGE_CURVE('',#2559,#2587,#2589,.T.);
#2587 = VERTEX_POINT('',#2588);
#2588 = CARTESIAN_POINT('',(-23.13462348869,-38.59778745001,0.));
#2589 = SURFACE_CURVE('',#2590,(#2594,#2601),.PCURVE_S1.);
#2590 = LINE('',#2591,#2592);
#2591 = CARTESIAN_POINT('',(-25.00066048588,-37.41613255361,0.));
#2592 = VECTOR('',#2593,1.);
#2593 = DIRECTION('',(0.84485356525,-0.534997619887,0.));
#2594 = PCURVE('',#126,#2595);
#2595 = DEFINITIONAL_REPRESENTATION('',(#2596),#2600);
#2596 = LINE('',#2597,#2598);
#2597 = CARTESIAN_POINT('',(-25.00066048588,-37.41613255361));
#2598 = VECTOR('',#2599,1.);
#2599 = DIRECTION('',(0.84485356525,-0.534997619887));
#2600 = ( GEOMETRIC_REPRESENTATION_CONTEXT(2) 
PARAMETRIC_REPRESENTATION_CONTEXT() REPRESENTATION_CONTEXT('2D SPACE',''
  ) );
#2601 = PCURVE('',#2602,#2607);
#2602 = PLANE('',#2603);
#2603 = AXIS2_PLACEMENT_3D('',#2604,#2605,#2606);
#2604 = CARTESIAN_POINT('',(-25.00066048588,-37.41613255361,0.));
#2605 = DIRECTION('',(0.534997619887,0.84485356525,-0.));
#2606 = DIRECTION('',(0.84485356525,-0.534997619887,0.));
#2607 = DEFINITIONAL_REPRESENTATION('',(#2608),#2612);
#2608 = LINE('',#2609,#2610);
#2609 = CARTESIAN_POINT('',(0.,0.));
#2610 = VECTOR('',#2611,1.);
#2611 = DIRECTION('',(1.,0.));
#2612 = ( GEOMETRIC_REPRESENTATION_CONTEXT(2) 
PARAMETRIC_REPRESENTATION_CONTEXT() REPRESENTATION_CONTEXT('2D SPACE',''
  ) );
#2613 = ORIENTED_EDGE('',*,*,#2614,.T.);
#2614 = EDGE_CURVE('',#2587,#2615,#2617,.T.);
#2615 = VERTEX_POINT('',#2616);
#2616 = CARTESIAN_POINT('',(-21.21285315717,-39.68645689567,0.));
#2617 = SURFACE_CURVE('',#2618,(#2622,#2629),.PCURVE_S1.);
#2618 = LINE('',#2619,#2620);
#2619 = CARTESIAN_POINT('',(-23.13462348869,-38.59778745001,0.));
#2620 = VECTOR('',#2621,1.);
#2621 = DIRECTION('',(0.870086991109,-0.49289819223,0.));
#2622 = PCURVE('',#126,#2623);
#2623 = DEFINITIONAL_REPRESENTATION('',(#2624),#2628);
#2624 = LINE('',#2625,#2626);
#2625 = CARTESIAN_POINT('',(-23.13462348869,-38.59778745001));
#2626 = VECTOR('',#2627,1.);
#2627 = DIRECTION('',(0.870086991109,-0.49289819223));
#2628 = ( GEOMETRIC_REPRESENTATION_CONTEXT(2) 
PARAMETRIC_REPRESENTATION_CONTEXT() REPRESENTATION_CONTEXT('2D SPACE',''
  ) );
#2629 = PCURVE('',#2630,#2635);
#2630 = PLANE('',#2631);
#2631 = AXIS2_PLACEMENT_3D('',#2632,#2633,#2634);
#2632 = CARTESIAN_POINT('',(-23.13462348869,-38.59778745001,0.));
#2633 = DIRECTION('',(0.49289819223,0.870086991109,-0.));
#2634 = DIRECTION('',(0.870086991109,-0.49289819223,0.));
#2635 = DEFINITIONAL_REPRESENTATION('',(#2636),#2640);
#2636 = LINE('',#2637,#2638);
#2637 = CARTESIAN_POINT('',(0.,0.));
#2638 = VECTOR('',#2639,1.);
#2639 = DIRECTION('',(1.,0.));
#2640 = ( GEOMETRIC_REPRESENTATION_CONTEXT(2) 
PARAMETRIC_REPRESENTATION_CONTEXT() REPRESENTATION_CONTEXT('2D SPACE',''
  ) );
#2641 = ORIENTED_EDGE('',*,*,#2642,.T.);
#2642 = EDGE_CURVE('',#2615,#2643,#2645,.T.);
#2643 = VERTEX_POINT('',#2644);
#2644 = CARTESIAN_POINT('',(-19.23997920436,-40.67951819055,0.));
#2645 = SURFACE_CURVE('',#2646,(#2650,#2657),.PCURVE_S1.);
#2646 = LINE('',#2647,#2648);
#2647 = CARTESIAN_POINT('',(-21.21285315717,-39.68645689567,0.));
#2648 = VECTOR('',#2649,1.);
#2649 = DIRECTION('',(0.893224301196,-0.449611329655,0.));
#2650 = PCURVE('',#126,#2651);
#2651 = DEFINITIONAL_REPRESENTATION('',(#2652),#2656);
#2652 = LINE('',#2653,#2654);
#2653 = CARTESIAN_POINT('',(-21.21285315717,-39.68645689567));
#2654 = VECTOR('',#2655,1.);
#2655 = DIRECTION('',(0.893224301196,-0.449611329655));
#2656 = ( GEOMETRIC_REPRESENTATION_CONTEXT(2) 
PARAMETRIC_REPRESENTATION_CONTEXT() REPRESENTATION_CONTEXT('2D SPACE',''
  ) );
#2657 = PCURVE('',#2658,#2663);
#2658 = PLANE('',#2659);
#2659 = AXIS2_PLACEMENT_3D('',#2660,#2661,#2662);
#2660 = CARTESIAN_POINT('',(-21.21285315717,-39.68645689567,0.));
#2661 = DIRECTION('',(0.449611329655,0.893224301196,-0.));
#2662 = DIRECTION('',(0.893224301196,-0.449611329655,0.));
#2663 = DEFINITIONAL_REPRESENTATION('',(#2664),#2668);
#2664 = LINE('',#2665,#2666);
#2665 = CARTESIAN_POINT('',(0.,0.));
#2666 = VECTOR('',#2667,1.);
#2667 = DIRECTION('',(1.,0.));
#2668 = ( GEOMETRIC_REPRESENTATION_CONTEXT(2) 
PARAMETRIC_REPRESENTATION_CONTEXT() REPRESENTATION_CONTEXT('2D SPACE',''
  ) );
#2669 = ORIENTED_EDGE('',*,*,#2670,.T.);
#2670 = EDGE_CURVE('',#2643,#2671,#2673,.T.);
#2671 = VERTEX_POINT('',#2672);
#2672 = CARTESIAN_POINT('',(-17.22075445642,-41.574578963,0.));
#2673 = SURFACE_CURVE('',#2674,(#2678,#2685),.PCURVE_S1.);
#2674 = LINE('',#2675,#2676);
#2675 = CARTESIAN_POINT('',(-19.23997920436,-40.67951819055,0.));
#2676 = VECTOR('',#2677,1.);
#2677 = DIRECTION('',(0.914209755704,-0.405241314005,0.));
#2678 = PCURVE('',#126,#2679);
#2679 = DEFINITIONAL_REPRESENTATION('',(#2680),#2684);
#2680 = LINE('',#2681,#2682);
#2681 = CARTESIAN_POINT('',(-19.23997920436,-40.67951819055));
#2682 = VECTOR('',#2683,1.);
#2683 = DIRECTION('',(0.914209755704,-0.405241314005));
#2684 = ( GEOMETRIC_REPRESENTATION_CONTEXT(2) 
PARAMETRIC_REPRESENTATION_CONTEXT() REPRESENTATION_CONTEXT('2D SPACE',''
  ) );
#2685 = PCURVE('',#2686,#2691);
#2686 = PLANE('',#2687);
#2687 = AXIS2_PLACEMENT_3D('',#2688,#2689,#2690);
#2688 = CARTESIAN_POINT('',(-19.23997920436,-40.67951819055,0.));
#2689 = DIRECTION('',(0.405241314005,0.914209755704,-0.));
#2690 = DIRECTION('',(0.914209755704,-0.405241314005,0.));
#2691 = DEFINITIONAL_REPRESENTATION('',(#2692),#2696);
#2692 = LINE('',#2693,#2694);
#2693 = CARTESIAN_POINT('',(0.,0.));
#2694 = VECTOR('',#2695,1.);
#2695 = DIRECTION('',(1.,0.));
#2696 = ( GEOMETRIC_REPRESENTATION_CONTEXT(2) 
PARAMETRIC_REPRESENTATION_CONTEXT() REPRESENTATION_CONTEXT('2D SPACE',''
  ) );
#2697 = ORIENTED_EDGE('',*,*,#2698,.T.);
#2698 = EDGE_CURVE('',#2671,#2699,#2701,.T.);
#2699 = VERTEX_POINT('',#2700);
#2700 = CARTESIAN_POINT('',(-15.16004340265,-42.36948293323,0.));
#2701 = SURFACE_CURVE('',#2702,(#2706,#2713),.PCURVE_S1.);
#2702 = LINE('',#2703,#2704);
#2703 = CARTESIAN_POINT('',(-17.22075445642,-41.574578963,0.));
#2704 = VECTOR('',#2705,1.);
#2705 = DIRECTION('',(0.932992798835,-0.359895036535,0.));
#2706 = PCURVE('',#126,#2707);
#2707 = DEFINITIONAL_REPRESENTATION('',(#2708),#2712);
#2708 = LINE('',#2709,#2710);
#2709 = CARTESIAN_POINT('',(-17.22075445642,-41.574578963));
#2710 = VECTOR('',#2711,1.);
#2711 = DIRECTION('',(0.932992798835,-0.359895036535));
#2712 = ( GEOMETRIC_REPRESENTATION_CONTEXT(2) 
PARAMETRIC_REPRESENTATION_CONTEXT() REPRESENTATION_CONTEXT('2D SPACE',''
  ) );
#2713 = PCURVE('',#2714,#2719);
#2714 = PLANE('',#2715);
#2715 = AXIS2_PLACEMENT_3D('',#2716,#2717,#2718);
#2716 = CARTESIAN_POINT('',(-17.22075445642,-41.574578963,0.));
#2717 = DIRECTION('',(0.359895036535,0.932992798835,-0.));
#2718 = DIRECTION('',(0.932992798835,-0.359895036535,0.));
#2719 = DEFINITIONAL_REPRESENTATION('',(#2720),#2724);
#2720 = LINE('',#2721,#2722);
#2721 = CARTESIAN_POINT('',(0.,0.));
#2722 = VECTOR('',#2723,1.);
#2723 = DIRECTION('',(1.,0.));
#2724 = ( GEOMETRIC_REPRESENTATION_CONTEXT(2) 
PARAMETRIC_REPRESENTATION_CONTEXT() REPRESENTATION_CONTEXT('2D SPACE',''
  ) );
#2725 = ORIENTED_EDGE('',*,*,#2726,.T.);
#2726 = EDGE_CURVE('',#2699,#2727,#2729,.T.);
#2727 = VERTEX_POINT('',#2728);
#2728 = CARTESIAN_POINT('',(-13.06281047645,-43.06231510794,0.));
#2729 = SURFACE_CURVE('',#2730,(#2734,#2741),.PCURVE_S1.);
#2730 = LINE('',#2731,#2732);
#2731 = CARTESIAN_POINT('',(-15.16004340265,-42.36948293323,0.));
#2732 = VECTOR('',#2733,1.);
#2733 = DIRECTION('',(0.949528180593,-0.313681740399,0.));
#2734 = PCURVE('',#126,#2735);
#2735 = DEFINITIONAL_REPRESENTATION('',(#2736),#2740);
#2736 = LINE('',#2737,#2738);
#2737 = CARTESIAN_POINT('',(-15.16004340265,-42.36948293323));
#2738 = VECTOR('',#2739,1.);
#2739 = DIRECTION('',(0.949528180593,-0.313681740399));
#2740 = ( GEOMETRIC_REPRESENTATION_CONTEXT(2) 
PARAMETRIC_REPRESENTATION_CONTEXT() REPRESENTATION_CONTEXT('2D SPACE',''
  ) );
#2741 = PCURVE('',#2742,#2747);
#2742 = PLANE('',#2743);
#2743 = AXIS2_PLACEMENT_3D('',#2744,#2745,#2746);
#2744 = CARTESIAN_POINT('',(-15.16004340265,-42.36948293323,0.));
#2745 = DIRECTION('',(0.313681740399,0.949528180593,-0.));
#2746 = DIRECTION('',(0.949528180593,-0.313681740399,0.));
#2747 = DEFINITIONAL_REPRESENTATION('',(#2748),#2752);
#2748 = LINE('',#2749,#2750);
#2749 = CARTESIAN_POINT('',(0.,0.));
#2750 = VECTOR('',#2751,1.);
#2751 = DIRECTION('',(1.,0.));
#2752 = ( GEOMETRIC_REPRESENTATION_CONTEXT(2) 
PARAMETRIC_REPRESENTATION_CONTEXT() REPRESENTATION_CONTEXT('2D SPACE',''
  ) );
#2753 = ORIENTED_EDGE('',*,*,#2754,.T.);
#2754 = EDGE_CURVE('',#2727,#2755,#2757,.T.);
#2755 = VERTEX_POINT('',#2756);
#2756 = CARTESIAN_POINT('',(-10.93410809564,-43.65140639375,0.));
#2757 = SURFACE_CURVE('',#2758,(#2762,#2769),.PCURVE_S1.);
#2758 = LINE('',#2759,#2760);
#2759 = CARTESIAN_POINT('',(-13.06281047645,-43.06231510794,0.));
#2760 = VECTOR('',#2761,1.);
#2761 = DIRECTION('',(0.963776065795,-0.266712757475,0.));
#2762 = PCURVE('',#126,#2763);
#2763 = DEFINITIONAL_REPRESENTATION('',(#2764),#2768);
#2764 = LINE('',#2765,#2766);
#2765 = CARTESIAN_POINT('',(-13.06281047645,-43.06231510794));
#2766 = VECTOR('',#2767,1.);
#2767 = DIRECTION('',(0.963776065795,-0.266712757475));
#2768 = ( GEOMETRIC_REPRESENTATION_CONTEXT(2) 
PARAMETRIC_REPRESENTATION_CONTEXT() REPRESENTATION_CONTEXT('2D SPACE',''
  ) );
#2769 = PCURVE('',#2770,#2775);
#2770 = PLANE('',#2771);
#2771 = AXIS2_PLACEMENT_3D('',#2772,#2773,#2774);
#2772 = CARTESIAN_POINT('',(-13.06281047645,-43.06231510794,0.));
#2773 = DIRECTION('',(0.266712757475,0.963776065795,-0.));
#2774 = DIRECTION('',(0.963776065795,-0.266712757475,0.));
#2775 = DEFINITIONAL_REPRESENTATION('',(#2776),#2780);
#2776 = LINE('',#2777,#2778);
#2777 = CARTESIAN_POINT('',(0.,0.));
#2778 = VECTOR('',#2779,1.);
#2779 = DIRECTION('',(1.,0.));
#2780 = ( GEOMETRIC_REPRESENTATION_CONTEXT(2) 
PARAMETRIC_REPRESENTATION_CONTEXT() REPRESENTATION_CONTEXT('2D SPACE',''
  ) );
#2781 = ORIENTED_EDGE('',*,*,#2782,.T.);
#2782 = EDGE_CURVE('',#2755,#2783,#2785,.T.);
#2783 = VERTEX_POINT('',#2784);
#2784 = CARTESIAN_POINT('',(-8.779064490726,-44.13533761814,0.));
#2785 = SURFACE_CURVE('',#2786,(#2790,#2797),.PCURVE_S1.);
#2786 = LINE('',#2787,#2788);
#2787 = CARTESIAN_POINT('',(-10.93410809564,-43.65140639375,0.));
#2788 = VECTOR('',#2789,1.);
#2789 = DIRECTION('',(0.975702130039,-0.219101240157,0.));
#2790 = PCURVE('',#126,#2791);
#2791 = DEFINITIONAL_REPRESENTATION('',(#2792),#2796);
#2792 = LINE('',#2793,#2794);
#2793 = CARTESIAN_POINT('',(-10.93410809564,-43.65140639375));
#2794 = VECTOR('',#2795,1.);
#2795 = DIRECTION('',(0.975702130039,-0.219101240157));
#2796 = ( GEOMETRIC_REPRESENTATION_CONTEXT(2) 
PARAMETRIC_REPRESENTATION_CONTEXT() REPRESENTATION_CONTEXT('2D SPACE',''
  ) );
#2797 = PCURVE('',#2798,#2803);
#2798 = PLANE('',#2799);
#2799 = AXIS2_PLACEMENT_3D('',#2800,#2801,#2802);
#2800 = CARTESIAN_POINT('',(-10.93410809564,-43.65140639375,0.));
#2801 = DIRECTION('',(0.219101240157,0.975702130039,-0.));
#2802 = DIRECTION('',(0.975702130039,-0.219101240157,0.));
#2803 = DEFINITIONAL_REPRESENTATION('',(#2804),#2808);
#2804 = LINE('',#2805,#2806);
#2805 = CARTESIAN_POINT('',(0.,0.));
#2806 = VECTOR('',#2807,1.);
#2807 = DIRECTION('',(1.,0.));
#2808 = ( GEOMETRIC_REPRESENTATION_CONTEXT(2) 
PARAMETRIC_REPRESENTATION_CONTEXT() REPRESENTATION_CONTEXT('2D SPACE',''
  ) );
#2809 = ORIENTED_EDGE('',*,*,#2810,.T.);
#2810 = EDGE_CURVE('',#2783,#2811,#2813,.T.);
#2811 = VERTEX_POINT('',#2812);
#2812 = CARTESIAN_POINT('',(-6.602871350491,-44.51294294841,0.));
#2813 = SURFACE_CURVE('',#2814,(#2818,#2825),.PCURVE_S1.);
#2814 = LINE('',#2815,#2816);
#2815 = CARTESIAN_POINT('',(-8.779064490726,-44.13533761814,0.));
#2816 = VECTOR('',#2817,1.);
#2817 = DIRECTION('',(0.985277642389,-0.17096188876,0.));
#2818 = PCURVE('',#126,#2819);
#2819 = DEFINITIONAL_REPRESENTATION('',(#2820),#2824);
#2820 = LINE('',#2821,#2822);
#2821 = CARTESIAN_POINT('',(-8.779064490726,-44.13533761814));
#2822 = VECTOR('',#2823,1.);
#2823 = DIRECTION('',(0.985277642389,-0.17096188876));
#2824 = ( GEOMETRIC_REPRESENTATION_CONTEXT(2) 
PARAMETRIC_REPRESENTATION_CONTEXT() REPRESENTATION_CONTEXT('2D SPACE',''
  ) );
#2825 = PCURVE('',#2826,#2831);
#2826 = PLANE('',#2827);
#2827 = AXIS2_PLACEMENT_3D('',#2828,#2829,#2830);
#2828 = CARTESIAN_POINT('',(-8.779064490726,-44.13533761814,0.));
#2829 = DIRECTION('',(0.17096188876,0.985277642389,-0.));
#2830 = DIRECTION('',(0.985277642389,-0.17096188876,0.));
#2831 = DEFINITIONAL_REPRESENTATION('',(#2832),#2836);
#2832 = LINE('',#2833,#2834);
#2833 = CARTESIAN_POINT('',(0.,0.));
#2834 = VECTOR('',#2835,1.);
#2835 = DIRECTION('',(1.,0.));
#2836 = ( GEOMETRIC_REPRESENTATION_CONTEXT(2) 
PARAMETRIC_REPRESENTATION_CONTEXT() REPRESENTATION_CONTEXT('2D SPACE',''
  ) );
#2837 = ORIENTED_EDGE('',*,*,#2838,.T.);
#2838 = EDGE_CURVE('',#2811,#2839,#2841,.T.);
#2839 = VERTEX_POINT('',#2840);
#2840 = CARTESIAN_POINT('',(-4.41077131483,-44.78331270024,0.));
#2841 = SURFACE_CURVE('',#2842,(#2846,#2853),.PCURVE_S1.);
#2842 = LINE('',#2843,#2844);
#2843 = CARTESIAN_POINT('',(-6.602871350491,-44.51294294841,0.));
#2844 = VECTOR('',#2845,1.);
#2845 = DIRECTION('',(0.992479534599,-0.122410675199,0.));
#2846 = PCURVE('',#126,#2847);
#2847 = DEFINITIONAL_REPRESENTATION('',(#2848),#2852);
#2848 = LINE('',#2849,#2850);
#2849 = CARTESIAN_POINT('',(-6.602871350491,-44.51294294841));
#2850 = VECTOR('',#2851,1.);
#2851 = DIRECTION('',(0.992479534599,-0.122410675199));
#2852 = ( GEOMETRIC_REPRESENTATION_CONTEXT(2) 
PARAMETRIC_REPRESENTATION_CONTEXT() REPRESENTATION_CONTEXT('2D SPACE',''
  ) );
#2853 = PCURVE('',#2854,#2859);
#2854 = PLANE('',#2855);
#2855 = AXIS2_PLACEMENT_3D('',#2856,#2857,#2858);
#2856 = CARTESIAN_POINT('',(-6.602871350491,-44.51294294841,0.));
#2857 = DIRECTION('',(0.122410675199,0.992479534599,-0.));
#2858 = DIRECTION('',(0.992479534599,-0.122410675199,0.));
#2859 = DEFINITIONAL_REPRESENTATION('',(#2860),#2864);
#2860 = LINE('',#2861,#2862);
#2861 = CARTESIAN_POINT('',(0.,0.));
#2862 = VECTOR('',#2863,1.);
#2863 = DIRECTION('',(1.,0.));
#2864 = ( GEOMETRIC_REPRESENTATION_CONTEXT(2) 
PARAMETRIC_REPRESENTATION_CONTEXT() REPRESENTATION_CONTEXT('2D SPACE',''
  ) );
#2865 = ORIENTED_EDGE('',*,*,#2866,.T.);
#2866 = EDGE_CURVE('',#2839,#2867,#2869,.T.);
#2867 = VERTEX_POINT('',#2868);
#2868 = CARTESIAN_POINT('',(-2.208045344734,-44.94579552923,0.));
#2869 = SURFACE_CURVE('',#2870,(#2874,#2881),.PCURVE_S1.);
#2870 = LINE('',#2871,#2872);
#2871 = CARTESIAN_POINT('',(-4.41077131483,-44.78331270024,0.));
#2872 = VECTOR('',#2873,1.);
#2873 = DIRECTION('',(0.997290456679,-7.356456359967E-02,0.));
#2874 = PCURVE('',#126,#2875);
#2875 = DEFINITIONAL_REPRESENTATION('',(#2876),#2880);
#2876 = LINE('',#2877,#2878);
#2877 = CARTESIAN_POINT('',(-4.41077131483,-44.78331270024));
#2878 = VECTOR('',#2879,1.);
#2879 = DIRECTION('',(0.997290456679,-7.356456359967E-02));
#2880 = ( GEOMETRIC_REPRESENTATION_CONTEXT(2) 
PARAMETRIC_REPRESENTATION_CONTEXT() REPRESENTATION_CONTEXT('2D SPACE',''
  ) );
#2881 = PCURVE('',#2882,#2887);
#2882 = PLANE('',#2883);
#2883 = AXIS2_PLACEMENT_3D('',#2884,#2885,#2886);
#2884 = CARTESIAN_POINT('',(-4.41077131483,-44.78331270024,0.));
#2885 = DIRECTION('',(7.356456359967E-02,0.997290456679,-0.));
#2886 = DIRECTION('',(0.997290456679,-7.356456359967E-02,0.));
#2887 = DEFINITIONAL_REPRESENTATION('',(#2888),#2892);
#2888 = LINE('',#2889,#2890);
#2889 = CARTESIAN_POINT('',(0.,0.));
#2890 = VECTOR('',#2891,1.);
#2891 = DIRECTION('',(1.,0.));
#2892 = ( GEOMETRIC_REPRESENTATION_CONTEXT(2) 
PARAMETRIC_REPRESENTATION_CONTEXT() REPRESENTATION_CONTEXT('2D SPACE',''
  ) );
#2893 = ORIENTED_EDGE('',*,*,#2894,.T.);
#2894 = EDGE_CURVE('',#2867,#2895,#2897,.T.);
#2895 = VERTEX_POINT('',#2896);
#2896 = CARTESIAN_POINT('',(-8.266365894245E-15,-45.,0.));
#2897 = SURFACE_CURVE('',#2898,(#2902,#2909),.PCURVE_S1.);
#2898 = LINE('',#2899,#2900);
#2899 = CARTESIAN_POINT('',(-2.208045344734,-44.94579552923,0.));
#2900 = VECTOR('',#2901,1.);
#2901 = DIRECTION('',(0.999698818696,-2.454122852291E-02,0.));
#2902 = PCURVE('',#126,#2903);
#2903 = DEFINITIONAL_REPRESENTATION('',(#2904),#2908);
#2904 = LINE('',#2905,#2906);
#2905 = CARTESIAN_POINT('',(-2.208045344734,-44.94579552923));
#2906 = VECTOR('',#2907,1.);
#2907 = DIRECTION('',(0.999698818696,-2.454122852291E-02));
#2908 = ( GEOMETRIC_REPRESENTATION_CONTEXT(2) 
PARAMETRIC_REPRESENTATION_CONTEXT() REPRESENTATION_CONTEXT('2D SPACE',''
  ) );
#2909 = PCURVE('',#2910,#2915);
#2910 = PLANE('',#2911);
#2911 = AXIS2_PLACEMENT_3D('',#2912,#2913,#2914);
#2912 = CARTESIAN_POINT('',(-2.208045344734,-44.94579552923,0.));
#2913 = DIRECTION('',(2.454122852291E-02,0.999698818696,-0.));
#2914 = DIRECTION('',(0.999698818696,-2.454122852291E-02,0.));
#2915 = DEFINITIONAL_REPRESENTATION('',(#2916),#2920);
#2916 = LINE('',#2917,#2918);
#2917 = CARTESIAN_POINT('',(0.,0.));
#2918 = VECTOR('',#2919,1.);
#2919 = DIRECTION('',(1.,0.));
#2920 = ( GEOMETRIC_REPRESENTATION_CONTEXT(2) 
PARAMETRIC_REPRESENTATION_CONTEXT() REPRESENTATION_CONTEXT('2D SPACE',''
  ) );
#2921 = ORIENTED_EDGE('',*,*,#2922,.T.);
#2922 = EDGE_CURVE('',#2895,#2923,#2925,.T.);
#2923 = VERTEX_POINT('',#2924);
#2924 = CARTESIAN_POINT('',(2.208045344734,-44.94579552923,0.));
#2925 = SURFACE_CURVE('',#2926,(#2930,#2937),.PCURVE_S1.);
#2926 = LINE('',#2927,#2928);
#2927 = CARTESIAN_POINT('',(-8.266365894245E-15,-45.,0.));
#2928 = VECTOR('',#2929,1.);
#2929 = DIRECTION('',(0.999698818696,2.454122852291E-02,0.));
#2930 = PCURVE('',#126,#2931);
#2931 = DEFINITIONAL_REPRESENTATION('',(#2932),#2936);
#2932 = LINE('',#2933,#2934);
#2933 = CARTESIAN_POINT('',(-1.027699244022E-14,-45.));
#2934 = VECTOR('',#2935,1.);
#2935 = DIRECTION('',(0.999698818696,2.454122852291E-02));
#2936 = ( GEOMETRIC_REPRESENTATION_CONTEXT(2) 
PARAMETRIC_REPRESENTATION_CONTEXT() REPRESENTATION_CONTEXT('2D SPACE',''
  ) );
#2937 = PCURVE('',#2938,#2943);
#2938 = PLANE('',#2939);
#2939 = AXIS2_PLACEMENT_3D('',#2940,#2941,#2942);
#2940 = CARTESIAN_POINT('',(-8.266365894245E-15,-45.,0.));
#2941 = DIRECTION('',(-2.454122852291E-02,0.999698818696,0.));
#2942 = DIRECTION('',(0.999698818696,2.454122852291E-02,0.));
#2943 = DEFINITIONAL_REPRESENTATION('',(#2944),#2948);
#2944 = LINE('',#2945,#2946);
#2945 = CARTESIAN_POINT('',(0.,0.));
#2946 = VECTOR('',#2947,1.);
#2947 = DIRECTION('',(1.,0.));
#2948 = ( GEOMETRIC_REPRESENTATION_CONTEXT(2) 
PARAMETRIC_REPRESENTATION_CONTEXT() REPRESENTATION_CONTEXT('2D SPACE',''
  ) );
#2949 = ORIENTED_EDGE('',*,*,#2950,.T.);
#2950 = EDGE_CURVE('',#2923,#2951,#2953,.T.);
#2951 = VERTEX_POINT('',#2952);
#2952 = CARTESIAN_POINT('',(4.41077131483,-44.78331270024,0.));
#2953 = SURFACE_CURVE('',#2954,(#2958,#2965),.PCURVE_S1.);
#2954 = LINE('',#2955,#2956);
#2955 = CARTESIAN_POINT('',(2.208045344734,-44.94579552923,0.));
#2956 = VECTOR('',#2957,1.);
#2957 = DIRECTION('',(0.997290456679,7.356456359967E-02,0.));
#2958 = PCURVE('',#126,#2959);
#2959 = DEFINITIONAL_REPRESENTATION('',(#2960),#2964);
#2960 = LINE('',#2961,#2962);
#2961 = CARTESIAN_POINT('',(2.208045344734,-44.94579552923));
#2962 = VECTOR('',#2963,1.);
#2963 = DIRECTION('',(0.997290456679,7.356456359967E-02));
#2964 = ( GEOMETRIC_REPRESENTATION_CONTEXT(2) 
PARAMETRIC_REPRESENTATION_CONTEXT() REPRESENTATION_CONTEXT('2D SPACE',''
  ) );
#2965 = PCURVE('',#2966,#2971);
#2966 = PLANE('',#2967);
#2967 = AXIS2_PLACEMENT_3D('',#2968,#2969,#2970);
#2968 = CARTESIAN_POINT('',(2.208045344734,-44.94579552923,0.));
#2969 = DIRECTION('',(-7.356456359967E-02,0.997290456679,0.));
#2970 = DIRECTION('',(0.997290456679,7.356456359967E-02,0.));
#2971 = DEFINITIONAL_REPRESENTATION('',(#2972),#2976);
#2972 = LINE('',#2973,#2974);
#2973 = CARTESIAN_POINT('',(0.,0.));
#2974 = VECTOR('',#2975,1.);
#2975 = DIRECTION('',(1.,0.));
#2976 = ( GEOMETRIC_REPRESENTATION_CONTEXT(2) 
PARAMETRIC_REPRESENTATION_CONTEXT() REPRESENTATION_CONTEXT('2D SPACE',''
  ) );
#2977 = ORIENTED_EDGE('',*,*,#2978,.T.);
#2978 = EDGE_CURVE('',#2951,#2979,#2981,.T.);
#2979 = VERTEX_POINT('',#2980);
#2980 = CARTESIAN_POINT('',(6.602871350491,-44.51294294841,0.));
#2981 = SURFACE_CURVE('',#2982,(#2986,#2993),.PCURVE_S1.);
#2982 = LINE('',#2983,#2984);
#2983 = CARTESIAN_POINT('',(4.41077131483,-44.78331270024,0.));
#2984 = VECTOR('',#2985,1.);
#2985 = DIRECTION('',(0.992479534599,0.122410675199,0.));
#2986 = PCURVE('',#126,#2987);
#2987 = DEFINITIONAL_REPRESENTATION('',(#2988),#2992);
#2988 = LINE('',#2989,#2990);
#2989 = CARTESIAN_POINT('',(4.41077131483,-44.78331270024));
#2990 = VECTOR('',#2991,1.);
#2991 = DIRECTION('',(0.992479534599,0.122410675199));
#2992 = ( GEOMETRIC_REPRESENTATION_CONTEXT(2) 
PARAMETRIC_REPRESENTATION_CONTEXT() REPRESENTATION_CONTEXT('2D SPACE',''
  ) );
#2993 = PCURVE('',#2994,#2999);
#2994 = PLANE('',#2995);
#2995 = AXIS2_PLACEMENT_3D('',#2996,#2997,#2998);
#2996 = CARTESIAN_POINT('',(4.41077131483,-44.78331270024,0.));
#2997 = DIRECTION('',(-0.122410675199,0.992479534599,0.));
#2998 = DIRECTION('',(0.992479534599,0.122410675199,0.));
#2999 = DEFINITIONAL_REPRESENTATION('',(#3000),#3004);
#3000 = LINE('',#3001,#3002);
#3001 = CARTESIAN_POINT('',(0.,0.));
#3002 = VECTOR('',#3003,1.);
#3003 = DIRECTION('',(1.,0.));
#3004 = ( GEOMETRIC_REPRESENTATION_CONTEXT(2) 
PARAMETRIC_REPRESENTATION_CONTEXT() REPRESENTATION_CONTEXT('2D SPACE',''
  ) );
#3005 = ORIENTED_EDGE('',*,*,#3006,.T.);
#3006 = EDGE_CURVE('',#2979,#3007,#3009,.T.);
#3007 = VERTEX_POINT('',#3008);
#3008 = CARTESIAN_POINT('',(8.779064490726,-44.13533761814,0.));
#3009 = SURFACE_CURVE('',#3010,(#3014,#3021),.PCURVE_S1.);
#3010 = LINE('',#3011,#3012);
#3011 = CARTESIAN_POINT('',(6.602871350491,-44.51294294841,0.));
#3012 = VECTOR('',#3013,1.);
#3013 = DIRECTION('',(0.985277642389,0.17096188876,0.));
#3014 = PCURVE('',#126,#3015);
#3015 = DEFINITIONAL_REPRESENTATION('',(#3016),#3020);
#3016 = LINE('',#3017,#3018);
#3017 = CARTESIAN_POINT('',(6.602871350491,-44.51294294841));
#3018 = VECTOR('',#3019,1.);
#3019 = DIRECTION('',(0.985277642389,0.17096188876));
#3020 = ( GEOMETRIC_REPRESENTATION_CONTEXT(2) 
PARAMETRIC_REPRESENTATION_CONTEXT() REPRESENTATION_CONTEXT('2D SPACE',''
  ) );
#3021 = PCURVE('',#3022,#3027);
#3022 = PLANE('',#3023);
#3023 = AXIS2_PLACEMENT_3D('',#3024,#3025,#3026);
#3024 = CARTESIAN_POINT('',(6.602871350491,-44.51294294841,0.));
#3025 = DIRECTION('',(-0.17096188876,0.985277642389,0.));
#3026 = DIRECTION('',(0.985277642389,0.17096188876,0.));
#3027 = DEFINITIONAL_REPRESENTATION('',(#3028),#3032);
#3028 = LINE('',#3029,#3030);
#3029 = CARTESIAN_POINT('',(0.,0.));
#3030 = VECTOR('',#3031,1.);
#3031 = DIRECTION('',(1.,0.));
#3032 = ( GEOMETRIC_REPRESENTATION_CONTEXT(2) 
PARAMETRIC_REPRESENTATION_CONTEXT() REPRESENTATION_CONTEXT('2D SPACE',''
  ) );
#3033 = ORIENTED_EDGE('',*,*,#3034,.T.);
#3034 = EDGE_CURVE('',#3007,#3035,#3037,.T.);
#3035 = VERTEX_POINT('',#3036);
#3036 = CARTESIAN_POINT('',(10.934108095647,-43.65140639375,0.));
#3037 = SURFACE_CURVE('',#3038,(#3042,#3049),.PCURVE_S1.);
#3038 = LINE('',#3039,#3040);
#3039 = CARTESIAN_POINT('',(8.779064490726,-44.13533761814,0.));
#3040 = VECTOR('',#3041,1.);
#3041 = DIRECTION('',(0.975702130039,0.219101240157,0.));
#3042 = PCURVE('',#126,#3043);
#3043 = DEFINITIONAL_REPRESENTATION('',(#3044),#3048);
#3044 = LINE('',#3045,#3046);
#3045 = CARTESIAN_POINT('',(8.779064490726,-44.13533761814));
#3046 = VECTOR('',#3047,1.);
#3047 = DIRECTION('',(0.975702130039,0.219101240157));
#3048 = ( GEOMETRIC_REPRESENTATION_CONTEXT(2) 
PARAMETRIC_REPRESENTATION_CONTEXT() REPRESENTATION_CONTEXT('2D SPACE',''
  ) );
#3049 = PCURVE('',#3050,#3055);
#3050 = PLANE('',#3051);
#3051 = AXIS2_PLACEMENT_3D('',#3052,#3053,#3054);
#3052 = CARTESIAN_POINT('',(8.779064490726,-44.13533761814,0.));
#3053 = DIRECTION('',(-0.219101240157,0.975702130039,0.));
#3054 = DIRECTION('',(0.975702130039,0.219101240157,0.));
#3055 = DEFINITIONAL_REPRESENTATION('',(#3056),#3060);
#3056 = LINE('',#3057,#3058);
#3057 = CARTESIAN_POINT('',(0.,0.));
#3058 = VECTOR('',#3059,1.);
#3059 = DIRECTION('',(1.,0.));
#3060 = ( GEOMETRIC_REPRESENTATION_CONTEXT(2) 
PARAMETRIC_REPRESENTATION_CONTEXT() REPRESENTATION_CONTEXT('2D SPACE',''
  ) );
#3061 = ORIENTED_EDGE('',*,*,#3062,.T.);
#3062 = EDGE_CURVE('',#3035,#3063,#3065,.T.);
#3063 = VERTEX_POINT('',#3064);
#3064 = CARTESIAN_POINT('',(13.062810476451,-43.06231510794,0.));
#3065 = SURFACE_CURVE('',#3066,(#3070,#3077),.PCURVE_S1.);
#3066 = LINE('',#3067,#3068);
#3067 = CARTESIAN_POINT('',(10.934108095647,-43.65140639375,0.));
#3068 = VECTOR('',#3069,1.);
#3069 = DIRECTION('',(0.963776065795,0.266712757475,0.));
#3070 = PCURVE('',#126,#3071);
#3071 = DEFINITIONAL_REPRESENTATION('',(#3072),#3076);
#3072 = LINE('',#3073,#3074);
#3073 = CARTESIAN_POINT('',(10.934108095647,-43.65140639375));
#3074 = VECTOR('',#3075,1.);
#3075 = DIRECTION('',(0.963776065795,0.266712757475));
#3076 = ( GEOMETRIC_REPRESENTATION_CONTEXT(2) 
PARAMETRIC_REPRESENTATION_CONTEXT() REPRESENTATION_CONTEXT('2D SPACE',''
  ) );
#3077 = PCURVE('',#3078,#3083);
#3078 = PLANE('',#3079);
#3079 = AXIS2_PLACEMENT_3D('',#3080,#3081,#3082);
#3080 = CARTESIAN_POINT('',(10.934108095647,-43.65140639375,0.));
#3081 = DIRECTION('',(-0.266712757475,0.963776065795,0.));
#3082 = DIRECTION('',(0.963776065795,0.266712757475,0.));
#3083 = DEFINITIONAL_REPRESENTATION('',(#3084),#3088);
#3084 = LINE('',#3085,#3086);
#3085 = CARTESIAN_POINT('',(0.,0.));
#3086 = VECTOR('',#3087,1.);
#3087 = DIRECTION('',(1.,0.));
#3088 = ( GEOMETRIC_REPRESENTATION_CONTEXT(2) 
PARAMETRIC_REPRESENTATION_CONTEXT() REPRESENTATION_CONTEXT('2D SPACE',''
  ) );
#3089 = ORIENTED_EDGE('',*,*,#3090,.T.);
#3090 = EDGE_CURVE('',#3063,#3091,#3093,.T.);
#3091 = VERTEX_POINT('',#3092);
#3092 = CARTESIAN_POINT('',(15.16004340265,-42.36948293323,0.));
#3093 = SURFACE_CURVE('',#3094,(#3098,#3105),.PCURVE_S1.);
#3094 = LINE('',#3095,#3096);
#3095 = CARTESIAN_POINT('',(13.062810476451,-43.06231510794,0.));
#3096 = VECTOR('',#3097,1.);
#3097 = DIRECTION('',(0.949528180593,0.313681740399,0.));
#3098 = PCURVE('',#126,#3099);
#3099 = DEFINITIONAL_REPRESENTATION('',(#3100),#3104);
#3100 = LINE('',#3101,#3102);
#3101 = CARTESIAN_POINT('',(13.062810476451,-43.06231510794));
#3102 = VECTOR('',#3103,1.);
#3103 = DIRECTION('',(0.949528180593,0.313681740399));
#3104 = ( GEOMETRIC_REPRESENTATION_CONTEXT(2) 
PARAMETRIC_REPRESENTATION_CONTEXT() REPRESENTATION_CONTEXT('2D SPACE',''
  ) );
#3105 = PCURVE('',#3106,#3111);
#3106 = PLANE('',#3107);
#3107 = AXIS2_PLACEMENT_3D('',#3108,#3109,#3110);
#3108 = CARTESIAN_POINT('',(13.062810476451,-43.06231510794,0.));
#3109 = DIRECTION('',(-0.313681740399,0.949528180593,0.));
#3110 = DIRECTION('',(0.949528180593,0.313681740399,0.));
#3111 = DEFINITIONAL_REPRESENTATION('',(#3112),#3116);
#3112 = LINE('',#3113,#3114);
#3113 = CARTESIAN_POINT('',(0.,0.));
#3114 = VECTOR('',#3115,1.);
#3115 = DIRECTION('',(1.,0.));
#3116 = ( GEOMETRIC_REPRESENTATION_CONTEXT(2) 
PARAMETRIC_REPRESENTATION_CONTEXT() REPRESENTATION_CONTEXT('2D SPACE',''
  ) );
#3117 = ORIENTED_EDGE('',*,*,#3118,.T.);
#3118 = EDGE_CURVE('',#3091,#3119,#3121,.T.);
#3119 = VERTEX_POINT('',#3120);
#3120 = CARTESIAN_POINT('',(17.220754456429,-41.574578963,0.));
#3121 = SURFACE_CURVE('',#3122,(#3126,#3133),.PCURVE_S1.);
#3122 = LINE('',#3123,#3124);
#3123 = CARTESIAN_POINT('',(15.16004340265,-42.36948293323,0.));
#3124 = VECTOR('',#3125,1.);
#3125 = DIRECTION('',(0.932992798835,0.359895036535,0.));
#3126 = PCURVE('',#126,#3127);
#3127 = DEFINITIONAL_REPRESENTATION('',(#3128),#3132);
#3128 = LINE('',#3129,#3130);
#3129 = CARTESIAN_POINT('',(15.16004340265,-42.36948293323));
#3130 = VECTOR('',#3131,1.);
#3131 = DIRECTION('',(0.932992798835,0.359895036535));
#3132 = ( GEOMETRIC_REPRESENTATION_CONTEXT(2) 
PARAMETRIC_REPRESENTATION_CONTEXT() REPRESENTATION_CONTEXT('2D SPACE',''
  ) );
#3133 = PCURVE('',#3134,#3139);
#3134 = PLANE('',#3135);
#3135 = AXIS2_PLACEMENT_3D('',#3136,#3137,#3138);
#3136 = CARTESIAN_POINT('',(15.16004340265,-42.36948293323,0.));
#3137 = DIRECTION('',(-0.359895036535,0.932992798835,0.));
#3138 = DIRECTION('',(0.932992798835,0.359895036535,0.));
#3139 = DEFINITIONAL_REPRESENTATION('',(#3140),#3144);
#3140 = LINE('',#3141,#3142);
#3141 = CARTESIAN_POINT('',(0.,0.));
#3142 = VECTOR('',#3143,1.);
#3143 = DIRECTION('',(1.,0.));
#3144 = ( GEOMETRIC_REPRESENTATION_CONTEXT(2) 
PARAMETRIC_REPRESENTATION_CONTEXT() REPRESENTATION_CONTEXT('2D SPACE',''
  ) );
#3145 = ORIENTED_EDGE('',*,*,#3146,.T.);
#3146 = EDGE_CURVE('',#3119,#3147,#3149,.T.);
#3147 = VERTEX_POINT('',#3148);
#3148 = CARTESIAN_POINT('',(19.239979204363,-40.67951819055,0.));
#3149 = SURFACE_CURVE('',#3150,(#3154,#3161),.PCURVE_S1.);
#3150 = LINE('',#3151,#3152);
#3151 = CARTESIAN_POINT('',(17.220754456429,-41.574578963,0.));
#3152 = VECTOR('',#3153,1.);
#3153 = DIRECTION('',(0.914209755704,0.405241314005,0.));
#3154 = PCURVE('',#126,#3155);
#3155 = DEFINITIONAL_REPRESENTATION('',(#3156),#3160);
#3156 = LINE('',#3157,#3158);
#3157 = CARTESIAN_POINT('',(17.220754456429,-41.574578963));
#3158 = VECTOR('',#3159,1.);
#3159 = DIRECTION('',(0.914209755704,0.405241314005));
#3160 = ( GEOMETRIC_REPRESENTATION_CONTEXT(2) 
PARAMETRIC_REPRESENTATION_CONTEXT() REPRESENTATION_CONTEXT('2D SPACE',''
  ) );
#3161 = PCURVE('',#3162,#3167);
#3162 = PLANE('',#3163);
#3163 = AXIS2_PLACEMENT_3D('',#3164,#3165,#3166);
#3164 = CARTESIAN_POINT('',(17.220754456429,-41.574578963,0.));
#3165 = DIRECTION('',(-0.405241314005,0.914209755704,0.));
#3166 = DIRECTION('',(0.914209755704,0.405241314005,0.));
#3167 = DEFINITIONAL_REPRESENTATION('',(#3168),#3172);
#3168 = LINE('',#3169,#3170);
#3169 = CARTESIAN_POINT('',(0.,0.));
#3170 = VECTOR('',#3171,1.);
#3171 = DIRECTION('',(1.,0.));
#3172 = ( GEOMETRIC_REPRESENTATION_CONTEXT(2) 
PARAMETRIC_REPRESENTATION_CONTEXT() REPRESENTATION_CONTEXT('2D SPACE',''
  ) );
#3173 = ORIENTED_EDGE('',*,*,#3174,.T.);
#3174 = EDGE_CURVE('',#3147,#3175,#3177,.T.);
#3175 = VERTEX_POINT('',#3176);
#3176 = CARTESIAN_POINT('',(21.21285315717,-39.68645689567,0.));
#3177 = SURFACE_CURVE('',#3178,(#3182,#3189),.PCURVE_S1.);
#3178 = LINE('',#3179,#3180);
#3179 = CARTESIAN_POINT('',(19.239979204363,-40.67951819055,0.));
#3180 = VECTOR('',#3181,1.);
#3181 = DIRECTION('',(0.893224301196,0.449611329655,0.));
#3182 = PCURVE('',#126,#3183);
#3183 = DEFINITIONAL_REPRESENTATION('',(#3184),#3188);
#3184 = LINE('',#3185,#3186);
#3185 = CARTESIAN_POINT('',(19.239979204363,-40.67951819055));
#3186 = VECTOR('',#3187,1.);
#3187 = DIRECTION('',(0.893224301196,0.449611329655));
#3188 = ( GEOMETRIC_REPRESENTATION_CONTEXT(2) 
PARAMETRIC_REPRESENTATION_CONTEXT() REPRESENTATION_CONTEXT('2D SPACE',''
  ) );
#3189 = PCURVE('',#3190,#3195);
#3190 = PLANE('',#3191);
#3191 = AXIS2_PLACEMENT_3D('',#3192,#3193,#3194);
#3192 = CARTESIAN_POINT('',(19.239979204363,-40.67951819055,0.));
#3193 = DIRECTION('',(-0.449611329655,0.893224301196,0.));
#3194 = DIRECTION('',(0.893224301196,0.449611329655,0.));
#3195 = DEFINITIONAL_REPRESENTATION('',(#3196),#3200);
#3196 = LINE('',#3197,#3198);
#3197 = CARTESIAN_POINT('',(0.,0.));
#3198 = VECTOR('',#3199,1.);
#3199 = DIRECTION('',(1.,0.));
#3200 = ( GEOMETRIC_REPRESENTATION_CONTEXT(2) 
PARAMETRIC_REPRESENTATION_CONTEXT() REPRESENTATION_CONTEXT('2D SPACE',''
  ) );
#3201 = ORIENTED_EDGE('',*,*,#3202,.T.);
#3202 = EDGE_CURVE('',#3175,#3203,#3205,.T.);
#3203 = VERTEX_POINT('',#3204);
#3204 = CARTESIAN_POINT('',(23.134623488695,-38.59778745001,0.));
#3205 = SURFACE_CURVE('',#3206,(#3210,#3217),.PCURVE_S1.);
#3206 = LINE('',#3207,#3208);
#3207 = CARTESIAN_POINT('',(21.21285315717,-39.68645689567,0.));
#3208 = VECTOR('',#3209,1.);
#3209 = DIRECTION('',(0.870086991109,0.49289819223,0.));
#3210 = PCURVE('',#126,#3211);
#3211 = DEFINITIONAL_REPRESENTATION('',(#3212),#3216);
#3212 = LINE('',#3213,#3214);
#3213 = CARTESIAN_POINT('',(21.21285315717,-39.68645689567));
#3214 = VECTOR('',#3215,1.);
#3215 = DIRECTION('',(0.870086991109,0.49289819223));
#3216 = ( GEOMETRIC_REPRESENTATION_CONTEXT(2) 
PARAMETRIC_REPRESENTATION_CONTEXT() REPRESENTATION_CONTEXT('2D SPACE',''
  ) );
#3217 = PCURVE('',#3218,#3223);
#3218 = PLANE('',#3219);
#3219 = AXIS2_PLACEMENT_3D('',#3220,#3221,#3222);
#3220 = CARTESIAN_POINT('',(21.21285315717,-39.68645689567,0.));
#3221 = DIRECTION('',(-0.49289819223,0.870086991109,0.));
#3222 = DIRECTION('',(0.870086991109,0.49289819223,0.));
#3223 = DEFINITIONAL_REPRESENTATION('',(#3224),#3228);
#3224 = LINE('',#3225,#3226);
#3225 = CARTESIAN_POINT('',(0.,0.));
#3226 = VECTOR('',#3227,1.);
#3227 = DIRECTION('',(1.,0.));
#3228 = ( GEOMETRIC_REPRESENTATION_CONTEXT(2) 
PARAMETRIC_REPRESENTATION_CONTEXT() REPRESENTATION_CONTEXT('2D SPACE',''
  ) );
#3229 = ORIENTED_EDGE('',*,*,#3230,.T.);
#3230 = EDGE_CURVE('',#3203,#3231,#3233,.T.);
#3231 = VERTEX_POINT('',#3232);
#3232 = CARTESIAN_POINT('',(25.000660485882,-37.41613255361,0.));
#3233 = SURFACE_CURVE('',#3234,(#3238,#3245),.PCURVE_S1.);
#3234 = LINE('',#3235,#3236);
#3235 = CARTESIAN_POINT('',(23.134623488695,-38.59778745001,0.));
#3236 = VECTOR('',#3237,1.);
#3237 = DIRECTION('',(0.84485356525,0.534997619887,0.));
#3238 = PCURVE('',#126,#3239);
#3239 = DEFINITIONAL_REPRESENTATION('',(#3240),#3244);
#3240 = LINE('',#3241,#3242);
#3241 = CARTESIAN_POINT('',(23.134623488695,-38.59778745001));
#3242 = VECTOR('',#3243,1.);
#3243 = DIRECTION('',(0.84485356525,0.534997619887));
#3244 = ( GEOMETRIC_REPRESENTATION_CONTEXT(2) 
PARAMETRIC_REPRESENTATION_CONTEXT() REPRESENTATION_CONTEXT('2D SPACE',''
  ) );
#3245 = PCURVE('',#3246,#3251);
#3246 = PLANE('',#3247);
#3247 = AXIS2_PLACEMENT_3D('',#3248,#3249,#3250);
#3248 = CARTESIAN_POINT('',(23.134623488695,-38.59778745001,0.));
#3249 = DIRECTION('',(-0.534997619887,0.84485356525,0.));
#3250 = DIRECTION('',(0.84485356525,0.534997619887,0.));
#3251 = DEFINITIONAL_REPRESENTATION('',(#3252),#3256);
#3252 = LINE('',#3253,#3254);
#3253 = CARTESIAN_POINT('',(0.,0.));
#3254 = VECTOR('',#3255,1.);
#3255 = DIRECTION('',(1.,0.));
#3256 = ( GEOMETRIC_REPRESENTATION_CONTEXT(2) 
PARAMETRIC_REPRESENTATION_CONTEXT() REPRESENTATION_CONTEXT('2D SPACE',''
  ) );
#3257 = ORIENTED_EDGE('',*,*,#3258,.T.);
#3258 = EDGE_CURVE('',#3231,#3259,#3261,.T.);
#3259 = VERTEX_POINT('',#3260);
#3260 = CARTESIAN_POINT('',(26.806468702159,-36.14433891662,0.));
#3261 = SURFACE_CURVE('',#3262,(#3266,#3273),.PCURVE_S1.);
#3262 = LINE('',#3263,#3264);
#3263 = CARTESIAN_POINT('',(25.000660485882,-37.41613255361,0.));
#3264 = VECTOR('',#3265,1.);
#3265 = DIRECTION('',(0.817584813152,0.575808191418,0.));
#3266 = PCURVE('',#126,#3267);
#3267 = DEFINITIONAL_REPRESENTATION('',(#3268),#3272);
#3268 = LINE('',#3269,#3270);
#3269 = CARTESIAN_POINT('',(25.000660485882,-37.41613255361));
#3270 = VECTOR('',#3271,1.);
#3271 = DIRECTION('',(0.817584813152,0.575808191418));
#3272 = ( GEOMETRIC_REPRESENTATION_CONTEXT(2) 
PARAMETRIC_REPRESENTATION_CONTEXT() REPRESENTATION_CONTEXT('2D SPACE',''
  ) );
#3273 = PCURVE('',#3274,#3279);
#3274 = PLANE('',#3275);
#3275 = AXIS2_PLACEMENT_3D('',#3276,#3277,#3278);
#3276 = CARTESIAN_POINT('',(25.000660485882,-37.41613255361,0.));
#3277 = DIRECTION('',(-0.575808191418,0.817584813152,0.));
#3278 = DIRECTION('',(0.817584813152,0.575808191418,0.));
#3279 = DEFINITIONAL_REPRESENTATION('',(#3280),#3284);
#3280 = LINE('',#3281,#3282);
#3281 = CARTESIAN_POINT('',(0.,0.));
#3282 = VECTOR('',#3283,1.);
#3283 = DIRECTION('',(1.,0.));
#3284 = ( GEOMETRIC_REPRESENTATION_CONTEXT(2) 
PARAMETRIC_REPRESENTATION_CONTEXT() REPRESENTATION_CONTEXT('2D SPACE',''
  ) );
#3285 = ORIENTED_EDGE('',*,*,#3286,.T.);
#3286 = EDGE_CURVE('',#3259,#3287,#3289,.T.);
#3287 = VERTEX_POINT('',#3288);
#3288 = CARTESIAN_POINT('',(28.547697787364,-34.78547040132,0.));
#3289 = SURFACE_CURVE('',#3290,(#3294,#3301),.PCURVE_S1.);
#3290 = LINE('',#3291,#3292);
#3291 = CARTESIAN_POINT('',(26.806468702159,-36.14433891662,0.));
#3292 = VECTOR('',#3293,1.);
#3293 = DIRECTION('',(0.788346427627,0.615231590581,0.));
#3294 = PCURVE('',#126,#3295);
#3295 = DEFINITIONAL_REPRESENTATION('',(#3296),#3300);
#3296 = LINE('',#3297,#3298);
#3297 = CARTESIAN_POINT('',(26.806468702159,-36.14433891662));
#3298 = VECTOR('',#3299,1.);
#3299 = DIRECTION('',(0.788346427627,0.615231590581));
#3300 = ( GEOMETRIC_REPRESENTATION_CONTEXT(2) 
PARAMETRIC_REPRESENTATION_CONTEXT() REPRESENTATION_CONTEXT('2D SPACE',''
  ) );
#3301 = PCURVE('',#3302,#3307);
#3302 = PLANE('',#3303);
#3303 = AXIS2_PLACEMENT_3D('',#3304,#3305,#3306);
#3304 = CARTESIAN_POINT('',(26.806468702159,-36.14433891662,0.));
#3305 = DIRECTION('',(-0.615231590581,0.788346427627,0.));
#3306 = DIRECTION('',(0.788346427627,0.615231590581,0.));
#3307 = DEFINITIONAL_REPRESENTATION('',(#3308),#3312);
#3308 = LINE('',#3309,#3310);
#3309 = CARTESIAN_POINT('',(0.,0.));
#3310 = VECTOR('',#3311,1.);
#3311 = DIRECTION('',(1.,0.));
#3312 = ( GEOMETRIC_REPRESENTATION_CONTEXT(2) 
PARAMETRIC_REPRESENTATION_CONTEXT() REPRESENTATION_CONTEXT('2D SPACE',''
  ) );
#3313 = ORIENTED_EDGE('',*,*,#3314,.T.);
#3314 = EDGE_CURVE('',#3287,#3315,#3317,.T.);
#3315 = VERTEX_POINT('',#3316);
#3316 = CARTESIAN_POINT('',(30.220152968116,-33.34280064097,0.));
#3317 = SURFACE_CURVE('',#3318,(#3322,#3329),.PCURVE_S1.);
#3318 = LINE('',#3319,#3320);
#3319 = CARTESIAN_POINT('',(28.547697787364,-34.78547040132,0.));
#3320 = VECTOR('',#3321,1.);
#3321 = DIRECTION('',(0.757208846506,0.653172842954,0.));
#3322 = PCURVE('',#126,#3323);
#3323 = DEFINITIONAL_REPRESENTATION('',(#3324),#3328);
#3324 = LINE('',#3325,#3326);
#3325 = CARTESIAN_POINT('',(28.547697787364,-34.78547040132));
#3326 = VECTOR('',#3327,1.);
#3327 = DIRECTION('',(0.757208846506,0.653172842954));
#3328 = ( GEOMETRIC_REPRESENTATION_CONTEXT(2) 
PARAMETRIC_REPRESENTATION_CONTEXT() REPRESENTATION_CONTEXT('2D SPACE',''
  ) );
#3329 = PCURVE('',#3330,#3335);
#3330 = PLANE('',#3331);
#3331 = AXIS2_PLACEMENT_3D('',#3332,#3333,#3334);
#3332 = CARTESIAN_POINT('',(28.547697787364,-34.78547040132,0.));
#3333 = DIRECTION('',(-0.653172842954,0.757208846506,0.));
#3334 = DIRECTION('',(0.757208846506,0.653172842954,0.));
#3335 = DEFINITIONAL_REPRESENTATION('',(#3336),#3340);
#3336 = LINE('',#3337,#3338);
#3337 = CARTESIAN_POINT('',(0.,0.));
#3338 = VECTOR('',#3339,1.);
#3339 = DIRECTION('',(1.,0.));
#3340 = ( GEOMETRIC_REPRESENTATION_CONTEXT(2) 
PARAMETRIC_REPRESENTATION_CONTEXT() REPRESENTATION_CONTEXT('2D SPACE',''
  ) );
#3341 = ORIENTED_EDGE('',*,*,#3342,.T.);
#3342 = EDGE_CURVE('',#3315,#3343,#3345,.T.);
#3343 = VERTEX_POINT('',#3344);
#3344 = CARTESIAN_POINT('',(31.819805153395,-31.81980515339,0.));
#3345 = SURFACE_CURVE('',#3346,(#3350,#3357),.PCURVE_S1.);
#3346 = LINE('',#3347,#3348);
#3347 = CARTESIAN_POINT('',(30.220152968116,-33.34280064097,0.));
#3348 = VECTOR('',#3349,1.);
#3349 = DIRECTION('',(0.724247082951,0.689540544737,0.));
#3350 = PCURVE('',#126,#3351);
#3351 = DEFINITIONAL_REPRESENTATION('',(#3352),#3356);
#3352 = LINE('',#3353,#3354);
#3353 = CARTESIAN_POINT('',(30.220152968116,-33.34280064097));
#3354 = VECTOR('',#3355,1.);
#3355 = DIRECTION('',(0.724247082951,0.689540544737));
#3356 = ( GEOMETRIC_REPRESENTATION_CONTEXT(2) 
PARAMETRIC_REPRESENTATION_CONTEXT() REPRESENTATION_CONTEXT('2D SPACE',''
  ) );
#3357 = PCURVE('',#3358,#3363);
#3358 = PLANE('',#3359);
#3359 = AXIS2_PLACEMENT_3D('',#3360,#3361,#3362);
#3360 = CARTESIAN_POINT('',(30.220152968116,-33.34280064097,0.));
#3361 = DIRECTION('',(-0.689540544737,0.724247082951,0.));
#3362 = DIRECTION('',(0.724247082951,0.689540544737,0.));
#3363 = DEFINITIONAL_REPRESENTATION('',(#3364),#3368);
#3364 = LINE('',#3365,#3366);
#3365 = CARTESIAN_POINT('',(0.,0.));
#3366 = VECTOR('',#3367,1.);
#3367 = DIRECTION('',(1.,0.));
#3368 = ( GEOMETRIC_REPRESENTATION_CONTEXT(2) 
PARAMETRIC_REPRESENTATION_CONTEXT() REPRESENTATION_CONTEXT('2D SPACE',''
  ) );
#3369 = ORIENTED_EDGE('',*,*,#3370,.T.);
#3370 = EDGE_CURVE('',#3343,#3371,#3373,.T.);
#3371 = VERTEX_POINT('',#3372);
#3372 = CARTESIAN_POINT('',(33.342800640973,-30.22015296811,0.));
#3373 = SURFACE_CURVE('',#3374,(#3378,#3385),.PCURVE_S1.);
#3374 = LINE('',#3375,#3376);
#3375 = CARTESIAN_POINT('',(31.819805153395,-31.81980515339,0.));
#3376 = VECTOR('',#3377,1.);
#3377 = DIRECTION('',(0.689540544737,0.724247082951,0.));
#3378 = PCURVE('',#126,#3379);
#3379 = DEFINITIONAL_REPRESENTATION('',(#3380),#3384);
#3380 = LINE('',#3381,#3382);
#3381 = CARTESIAN_POINT('',(31.819805153395,-31.81980515339));
#3382 = VECTOR('',#3383,1.);
#3383 = DIRECTION('',(0.689540544737,0.724247082951));
#3384 = ( GEOMETRIC_REPRESENTATION_CONTEXT(2) 
PARAMETRIC_REPRESENTATION_CONTEXT() REPRESENTATION_CONTEXT('2D SPACE',''
  ) );
#3385 = PCURVE('',#3386,#3391);
#3386 = PLANE('',#3387);
#3387 = AXIS2_PLACEMENT_3D('',#3388,#3389,#3390);
#3388 = CARTESIAN_POINT('',(31.819805153395,-31.81980515339,0.));
#3389 = DIRECTION('',(-0.724247082951,0.689540544737,0.));
#3390 = DIRECTION('',(0.689540544737,0.724247082951,0.));
#3391 = DEFINITIONAL_REPRESENTATION('',(#3392),#3396);
#3392 = LINE('',#3393,#3394);
#3393 = CARTESIAN_POINT('',(0.,0.));
#3394 = VECTOR('',#3395,1.);
#3395 = DIRECTION('',(1.,0.));
#3396 = ( GEOMETRIC_REPRESENTATION_CONTEXT(2) 
PARAMETRIC_REPRESENTATION_CONTEXT() REPRESENTATION_CONTEXT('2D SPACE',''
  ) );
#3397 = ORIENTED_EDGE('',*,*,#3398,.T.);
#3398 = EDGE_CURVE('',#3371,#3399,#3401,.T.);
#3399 = VERTEX_POINT('',#3400);
#3400 = CARTESIAN_POINT('',(34.785470401323,-28.54769778736,0.));
#3401 = SURFACE_CURVE('',#3402,(#3406,#3413),.PCURVE_S1.);
#3402 = LINE('',#3403,#3404);
#3403 = CARTESIAN_POINT('',(33.342800640973,-30.22015296811,0.));
#3404 = VECTOR('',#3405,1.);
#3405 = DIRECTION('',(0.653172842954,0.757208846506,0.));
#3406 = PCURVE('',#126,#3407);
#3407 = DEFINITIONAL_REPRESENTATION('',(#3408),#3412);
#3408 = LINE('',#3409,#3410);
#3409 = CARTESIAN_POINT('',(33.342800640973,-30.22015296811));
#3410 = VECTOR('',#3411,1.);
#3411 = DIRECTION('',(0.653172842954,0.757208846506));
#3412 = ( GEOMETRIC_REPRESENTATION_CONTEXT(2) 
PARAMETRIC_REPRESENTATION_CONTEXT() REPRESENTATION_CONTEXT('2D SPACE',''
  ) );
#3413 = PCURVE('',#3414,#3419);
#3414 = PLANE('',#3415);
#3415 = AXIS2_PLACEMENT_3D('',#3416,#3417,#3418);
#3416 = CARTESIAN_POINT('',(33.342800640973,-30.22015296811,0.));
#3417 = DIRECTION('',(-0.757208846506,0.653172842954,0.));
#3418 = DIRECTION('',(0.653172842954,0.757208846506,0.));
#3419 = DEFINITIONAL_REPRESENTATION('',(#3420),#3424);
#3420 = LINE('',#3421,#3422);
#3421 = CARTESIAN_POINT('',(0.,0.));
#3422 = VECTOR('',#3423,1.);
#3423 = DIRECTION('',(1.,0.));
#3424 = ( GEOMETRIC_REPRESENTATION_CONTEXT(2) 
PARAMETRIC_REPRESENTATION_CONTEXT() REPRESENTATION_CONTEXT('2D SPACE',''
  ) );
#3425 = ORIENTED_EDGE('',*,*,#3426,.T.);
#3426 = EDGE_CURVE('',#3399,#3427,#3429,.T.);
#3427 = VERTEX_POINT('',#3428);
#3428 = CARTESIAN_POINT('',(36.144338916629,-26.80646870215,0.));
#3429 = SURFACE_CURVE('',#3430,(#3434,#3441),.PCURVE_S1.);
#3430 = LINE('',#3431,#3432);
#3431 = CARTESIAN_POINT('',(34.785470401323,-28.54769778736,0.));
#3432 = VECTOR('',#3433,1.);
#3433 = DIRECTION('',(0.615231590581,0.788346427627,0.));
#3434 = PCURVE('',#126,#3435);
#3435 = DEFINITIONAL_REPRESENTATION('',(#3436),#3440);
#3436 = LINE('',#3437,#3438);
#3437 = CARTESIAN_POINT('',(34.785470401323,-28.54769778736));
#3438 = VECTOR('',#3439,1.);
#3439 = DIRECTION('',(0.615231590581,0.788346427627));
#3440 = ( GEOMETRIC_REPRESENTATION_CONTEXT(2) 
PARAMETRIC_REPRESENTATION_CONTEXT() REPRESENTATION_CONTEXT('2D SPACE',''
  ) );
#3441 = PCURVE('',#3442,#3447);
#3442 = PLANE('',#3443);
#3443 = AXIS2_PLACEMENT_3D('',#3444,#3445,#3446);
#3444 = CARTESIAN_POINT('',(34.785470401323,-28.54769778736,0.));
#3445 = DIRECTION('',(-0.788346427627,0.615231590581,0.));
#3446 = DIRECTION('',(0.615231590581,0.788346427627,0.));
#3447 = DEFINITIONAL_REPRESENTATION('',(#3448),#3452);
#3448 = LINE('',#3449,#3450);
#3449 = CARTESIAN_POINT('',(0.,0.));
#3450 = VECTOR('',#3451,1.);
#3451 = DIRECTION('',(1.,0.));
#3452 = ( GEOMETRIC_REPRESENTATION_CONTEXT(2) 
PARAMETRIC_REPRESENTATION_CONTEXT() REPRESENTATION_CONTEXT('2D SPACE',''
  ) );
#3453 = ORIENTED_EDGE('',*,*,#3454,.T.);
#3454 = EDGE_CURVE('',#3427,#3455,#3457,.T.);
#3455 = VERTEX_POINT('',#3456);
#3456 = CARTESIAN_POINT('',(37.416132553615,-25.00066048588,0.));
#3457 = SURFACE_CURVE('',#3458,(#3462,#3469),.PCURVE_S1.);
#3458 = LINE('',#3459,#3460);
#3459 = CARTESIAN_POINT('',(36.144338916629,-26.80646870215,0.));
#3460 = VECTOR('',#3461,1.);
#3461 = DIRECTION('',(0.575808191418,0.817584813152,0.));
#3462 = PCURVE('',#126,#3463);
#3463 = DEFINITIONAL_REPRESENTATION('',(#3464),#3468);
#3464 = LINE('',#3465,#3466);
#3465 = CARTESIAN_POINT('',(36.144338916629,-26.80646870215));
#3466 = VECTOR('',#3467,1.);
#3467 = DIRECTION('',(0.575808191418,0.817584813152));
#3468 = ( GEOMETRIC_REPRESENTATION_CONTEXT(2) 
PARAMETRIC_REPRESENTATION_CONTEXT() REPRESENTATION_CONTEXT('2D SPACE',''
  ) );
#3469 = PCURVE('',#3470,#3475);
#3470 = PLANE('',#3471);
#3471 = AXIS2_PLACEMENT_3D('',#3472,#3473,#3474);
#3472 = CARTESIAN_POINT('',(36.144338916629,-26.80646870215,0.));
#3473 = DIRECTION('',(-0.817584813152,0.575808191418,0.));
#3474 = DIRECTION('',(0.575808191418,0.817584813152,0.));
#3475 = DEFINITIONAL_REPRESENTATION('',(#3476),#3480);
#3476 = LINE('',#3477,#3478);
#3477 = CARTESIAN_POINT('',(0.,0.));
#3478 = VECTOR('',#3479,1.);
#3479 = DIRECTION('',(1.,0.));
#3480 = ( GEOMETRIC_REPRESENTATION_CONTEXT(2) 
PARAMETRIC_REPRESENTATION_CONTEXT() REPRESENTATION_CONTEXT('2D SPACE',''
  ) );
#3481 = ORIENTED_EDGE('',*,*,#3482,.T.);
#3482 = EDGE_CURVE('',#3455,#3483,#3485,.T.);
#3483 = VERTEX_POINT('',#3484);
#3484 = CARTESIAN_POINT('',(38.597787450012,-23.13462348869,0.));
#3485 = SURFACE_CURVE('',#3486,(#3490,#3497),.PCURVE_S1.);
#3486 = LINE('',#3487,#3488);
#3487 = CARTESIAN_POINT('',(37.416132553615,-25.00066048588,0.));
#3488 = VECTOR('',#3489,1.);
#3489 = DIRECTION('',(0.534997619887,0.84485356525,0.));
#3490 = PCURVE('',#126,#3491);
#3491 = DEFINITIONAL_REPRESENTATION('',(#3492),#3496);
#3492 = LINE('',#3493,#3494);
#3493 = CARTESIAN_POINT('',(37.416132553615,-25.00066048588));
#3494 = VECTOR('',#3495,1.);
#3495 = DIRECTION('',(0.534997619887,0.84485356525));
#3496 = ( GEOMETRIC_REPRESENTATION_CONTEXT(2) 
PARAMETRIC_REPRESENTATION_CONTEXT() REPRESENTATION_CONTEXT('2D SPACE',''
  ) );
#3497 = PCURVE('',#3498,#3503);
#3498 = PLANE('',#3499);
#3499 = AXIS2_PLACEMENT_3D('',#3500,#3501,#3502);
#3500 = CARTESIAN_POINT('',(37.416132553615,-25.00066048588,0.));
#3501 = DIRECTION('',(-0.84485356525,0.534997619887,0.));
#3502 = DIRECTION('',(0.534997619887,0.84485356525,0.));
#3503 = DEFINITIONAL_REPRESENTATION('',(#3504),#3508);
#3504 = LINE('',#3505,#3506);
#3505 = CARTESIAN_POINT('',(0.,0.));
#3506 = VECTOR('',#3507,1.);
#3507 = DIRECTION('',(1.,0.));
#3508 = ( GEOMETRIC_REPRESENTATION_CONTEXT(2) 
PARAMETRIC_REPRESENTATION_CONTEXT() REPRESENTATION_CONTEXT('2D SPACE',''
  ) );
#3509 = ORIENTED_EDGE('',*,*,#3510,.T.);
#3510 = EDGE_CURVE('',#3483,#3511,#3513,.T.);
#3511 = VERTEX_POINT('',#3512);
#3512 = CARTESIAN_POINT('',(39.686456895676,-21.21285315717,0.));
#3513 = SURFACE_CURVE('',#3514,(#3518,#3525),.PCURVE_S1.);
#3514 = LINE('',#3515,#3516);
#3515 = CARTESIAN_POINT('',(38.597787450012,-23.13462348869,0.));
#3516 = VECTOR('',#3517,1.);
#3517 = DIRECTION('',(0.49289819223,0.870086991109,0.));
#3518 = PCURVE('',#126,#3519);
#3519 = DEFINITIONAL_REPRESENTATION('',(#3520),#3524);
#3520 = LINE('',#3521,#3522);
#3521 = CARTESIAN_POINT('',(38.597787450012,-23.13462348869));
#3522 = VECTOR('',#3523,1.);
#3523 = DIRECTION('',(0.49289819223,0.870086991109));
#3524 = ( GEOMETRIC_REPRESENTATION_CONTEXT(2) 
PARAMETRIC_REPRESENTATION_CONTEXT() REPRESENTATION_CONTEXT('2D SPACE',''
  ) );
#3525 = PCURVE('',#3526,#3531);
#3526 = PLANE('',#3527);
#3527 = AXIS2_PLACEMENT_3D('',#3528,#3529,#3530);
#3528 = CARTESIAN_POINT('',(38.597787450012,-23.13462348869,0.));
#3529 = DIRECTION('',(-0.870086991109,0.49289819223,0.));
#3530 = DIRECTION('',(0.49289819223,0.870086991109,0.));
#3531 = DEFINITIONAL_REPRESENTATION('',(#3532),#3536);
#3532 = LINE('',#3533,#3534);
#3533 = CARTESIAN_POINT('',(0.,0.));
#3534 = VECTOR('',#3535,1.);
#3535 = DIRECTION('',(1.,0.));
#3536 = ( GEOMETRIC_REPRESENTATION_CONTEXT(2) 
PARAMETRIC_REPRESENTATION_CONTEXT() REPRESENTATION_CONTEXT('2D SPACE',''
  ) );
#3537 = ORIENTED_EDGE('',*,*,#3538,.T.);
#3538 = EDGE_CURVE('',#3511,#3539,#3541,.T.);
#3539 = VERTEX_POINT('',#3540);
#3540 = CARTESIAN_POINT('',(40.679518190555,-19.23997920436,0.));
#3541 = SURFACE_CURVE('',#3542,(#3546,#3553),.PCURVE_S1.);
#3542 = LINE('',#3543,#3544);
#3543 = CARTESIAN_POINT('',(39.686456895676,-21.21285315717,0.));
#3544 = VECTOR('',#3545,1.);
#3545 = DIRECTION('',(0.449611329655,0.893224301196,0.));
#3546 = PCURVE('',#126,#3547);
#3547 = DEFINITIONAL_REPRESENTATION('',(#3548),#3552);
#3548 = LINE('',#3549,#3550);
#3549 = CARTESIAN_POINT('',(39.686456895676,-21.21285315717));
#3550 = VECTOR('',#3551,1.);
#3551 = DIRECTION('',(0.449611329655,0.893224301196));
#3552 = ( GEOMETRIC_REPRESENTATION_CONTEXT(2) 
PARAMETRIC_REPRESENTATION_CONTEXT() REPRESENTATION_CONTEXT('2D SPACE',''
  ) );
#3553 = PCURVE('',#3554,#3559);
#3554 = PLANE('',#3555);
#3555 = AXIS2_PLACEMENT_3D('',#3556,#3557,#3558);
#3556 = CARTESIAN_POINT('',(39.686456895676,-21.21285315717,0.));
#3557 = DIRECTION('',(-0.893224301196,0.449611329655,0.));
#3558 = DIRECTION('',(0.449611329655,0.893224301196,0.));
#3559 = DEFINITIONAL_REPRESENTATION('',(#3560),#3564);
#3560 = LINE('',#3561,#3562);
#3561 = CARTESIAN_POINT('',(0.,0.));
#3562 = VECTOR('',#3563,1.);
#3563 = DIRECTION('',(1.,0.));
#3564 = ( GEOMETRIC_REPRESENTATION_CONTEXT(2) 
PARAMETRIC_REPRESENTATION_CONTEXT() REPRESENTATION_CONTEXT('2D SPACE',''
  ) );
#3565 = ORIENTED_EDGE('',*,*,#3566,.T.);
#3566 = EDGE_CURVE('',#3539,#3567,#3569,.T.);
#3567 = VERTEX_POINT('',#3568);
#3568 = CARTESIAN_POINT('',(41.574578963008,-17.22075445642,0.));
#3569 = SURFACE_CURVE('',#3570,(#3574,#3581),.PCURVE_S1.);
#3570 = LINE('',#3571,#3572);
#3571 = CARTESIAN_POINT('',(40.679518190555,-19.23997920436,0.));
#3572 = VECTOR('',#3573,1.);
#3573 = DIRECTION('',(0.405241314005,0.914209755704,0.));
#3574 = PCURVE('',#126,#3575);
#3575 = DEFINITIONAL_REPRESENTATION('',(#3576),#3580);
#3576 = LINE('',#3577,#3578);
#3577 = CARTESIAN_POINT('',(40.679518190555,-19.23997920436));
#3578 = VECTOR('',#3579,1.);
#3579 = DIRECTION('',(0.405241314005,0.914209755704));
#3580 = ( GEOMETRIC_REPRESENTATION_CONTEXT(2) 
PARAMETRIC_REPRESENTATION_CONTEXT() REPRESENTATION_CONTEXT('2D SPACE',''
  ) );
#3581 = PCURVE('',#3582,#3587);
#3582 = PLANE('',#3583);
#3583 = AXIS2_PLACEMENT_3D('',#3584,#3585,#3586);
#3584 = CARTESIAN_POINT('',(40.679518190555,-19.23997920436,0.));
#3585 = DIRECTION('',(-0.914209755704,0.405241314005,0.));
#3586 = DIRECTION('',(0.405241314005,0.914209755704,0.));
#3587 = DEFINITIONAL_REPRESENTATION('',(#3588),#3592);
#3588 = LINE('',#3589,#3590);
#3589 = CARTESIAN_POINT('',(0.,0.));
#3590 = VECTOR('',#3591,1.);
#3591 = DIRECTION('',(1.,0.));
#3592 = ( GEOMETRIC_REPRESENTATION_CONTEXT(2) 
PARAMETRIC_REPRESENTATION_CONTEXT() REPRESENTATION_CONTEXT('2D SPACE',''
  ) );
#3593 = ORIENTED_EDGE('',*,*,#3594,.T.);
#3594 = EDGE_CURVE('',#3567,#3595,#3597,.T.);
#3595 = VERTEX_POINT('',#3596);
#3596 = CARTESIAN_POINT('',(42.369482933236,-15.16004340265,0.));
#3597 = SURFACE_CURVE('',#3598,(#3602,#3609),.PCURVE_S1.);
#3598 = LINE('',#3599,#3600);
#3599 = CARTESIAN_POINT('',(41.574578963008,-17.22075445642,0.));
#3600 = VECTOR('',#3601,1.);
#3601 = DIRECTION('',(0.359895036535,0.932992798835,0.));
#3602 = PCURVE('',#126,#3603);
#3603 = DEFINITIONAL_REPRESENTATION('',(#3604),#3608);
#3604 = LINE('',#3605,#3606);
#3605 = CARTESIAN_POINT('',(41.574578963008,-17.22075445642));
#3606 = VECTOR('',#3607,1.);
#3607 = DIRECTION('',(0.359895036535,0.932992798835));
#3608 = ( GEOMETRIC_REPRESENTATION_CONTEXT(2) 
PARAMETRIC_REPRESENTATION_CONTEXT() REPRESENTATION_CONTEXT('2D SPACE',''
  ) );
#3609 = PCURVE('',#3610,#3615);
#3610 = PLANE('',#3611);
#3611 = AXIS2_PLACEMENT_3D('',#3612,#3613,#3614);
#3612 = CARTESIAN_POINT('',(41.574578963008,-17.22075445642,0.));
#3613 = DIRECTION('',(-0.932992798835,0.359895036535,0.));
#3614 = DIRECTION('',(0.359895036535,0.932992798835,0.));
#3615 = DEFINITIONAL_REPRESENTATION('',(#3616),#3620);
#3616 = LINE('',#3617,#3618);
#3617 = CARTESIAN_POINT('',(0.,0.));
#3618 = VECTOR('',#3619,1.);
#3619 = DIRECTION('',(1.,0.));
#3620 = ( GEOMETRIC_REPRESENTATION_CONTEXT(2) 
PARAMETRIC_REPRESENTATION_CONTEXT() REPRESENTATION_CONTEXT('2D SPACE',''
  ) );
#3621 = ORIENTED_EDGE('',*,*,#3622,.T.);
#3622 = EDGE_CURVE('',#3595,#3623,#3625,.T.);
#3623 = VERTEX_POINT('',#3624);
#3624 = CARTESIAN_POINT('',(43.062315107949,-13.06281047645,0.));
#3625 = SURFACE_CURVE('',#3626,(#3630,#3637),.PCURVE_S1.);
#3626 = LINE('',#3627,#3628);
#3627 = CARTESIAN_POINT('',(42.369482933236,-15.16004340265,0.));
#3628 = VECTOR('',#3629,1.);
#3629 = DIRECTION('',(0.313681740399,0.949528180593,0.));
#3630 = PCURVE('',#126,#3631);
#3631 = DEFINITIONAL_REPRESENTATION('',(#3632),#3636);
#3632 = LINE('',#3633,#3634);
#3633 = CARTESIAN_POINT('',(42.369482933236,-15.16004340265));
#3634 = VECTOR('',#3635,1.);
#3635 = DIRECTION('',(0.313681740399,0.949528180593));
#3636 = ( GEOMETRIC_REPRESENTATION_CONTEXT(2) 
PARAMETRIC_REPRESENTATION_CONTEXT() REPRESENTATION_CONTEXT('2D SPACE',''
  ) );
#3637 = PCURVE('',#3638,#3643);
#3638 = PLANE('',#3639);
#3639 = AXIS2_PLACEMENT_3D('',#3640,#3641,#3642);
#3640 = CARTESIAN_POINT('',(42.369482933236,-15.16004340265,0.));
#3641 = DIRECTION('',(-0.949528180593,0.313681740399,0.));
#3642 = DIRECTION('',(0.313681740399,0.949528180593,0.));
#3643 = DEFINITIONAL_REPRESENTATION('',(#3644),#3648);
#3644 = LINE('',#3645,#3646);
#3645 = CARTESIAN_POINT('',(0.,0.));
#3646 = VECTOR('',#3647,1.);
#3647 = DIRECTION('',(1.,0.));
#3648 = ( GEOMETRIC_REPRESENTATION_CONTEXT(2) 
PARAMETRIC_REPRESENTATION_CONTEXT() REPRESENTATION_CONTEXT('2D SPACE',''
  ) );
#3649 = ORIENTED_EDGE('',*,*,#3650,.T.);
#3650 = EDGE_CURVE('',#3623,#3651,#3653,.T.);
#3651 = VERTEX_POINT('',#3652);
#3652 = CARTESIAN_POINT('',(43.651406393754,-10.93410809564,0.));
#3653 = SURFACE_CURVE('',#3654,(#3658,#3665),.PCURVE_S1.);
#3654 = LINE('',#3655,#3656);
#3655 = CARTESIAN_POINT('',(43.062315107949,-13.06281047645,0.));
#3656 = VECTOR('',#3657,1.);
#3657 = DIRECTION('',(0.266712757475,0.963776065795,0.));
#3658 = PCURVE('',#126,#3659);
#3659 = DEFINITIONAL_REPRESENTATION('',(#3660),#3664);
#3660 = LINE('',#3661,#3662);
#3661 = CARTESIAN_POINT('',(43.062315107949,-13.06281047645));
#3662 = VECTOR('',#3663,1.);
#3663 = DIRECTION('',(0.266712757475,0.963776065795));
#3664 = ( GEOMETRIC_REPRESENTATION_CONTEXT(2) 
PARAMETRIC_REPRESENTATION_CONTEXT() REPRESENTATION_CONTEXT('2D SPACE',''
  ) );
#3665 = PCURVE('',#3666,#3671);
#3666 = PLANE('',#3667);
#3667 = AXIS2_PLACEMENT_3D('',#3668,#3669,#3670);
#3668 = CARTESIAN_POINT('',(43.062315107949,-13.06281047645,0.));
#3669 = DIRECTION('',(-0.963776065795,0.266712757475,0.));
#3670 = DIRECTION('',(0.266712757475,0.963776065795,0.));
#3671 = DEFINITIONAL_REPRESENTATION('',(#3672),#3676);
#3672 = LINE('',#3673,#3674);
#3673 = CARTESIAN_POINT('',(0.,0.));
#3674 = VECTOR('',#3675,1.);
#3675 = DIRECTION('',(1.,0.));
#3676 = ( GEOMETRIC_REPRESENTATION_CONTEXT(2) 
PARAMETRIC_REPRESENTATION_CONTEXT() REPRESENTATION_CONTEXT('2D SPACE',''
  ) );
#3677 = ORIENTED_EDGE('',*,*,#3678,.T.);
#3678 = EDGE_CURVE('',#3651,#3679,#3681,.T.);
#3679 = VERTEX_POINT('',#3680);
#3680 = CARTESIAN_POINT('',(44.135337618145,-8.779064490726,0.));
#3681 = SURFACE_CURVE('',#3682,(#3686,#3693),.PCURVE_S1.);
#3682 = LINE('',#3683,#3684);
#3683 = CARTESIAN_POINT('',(43.651406393754,-10.93410809564,0.));
#3684 = VECTOR('',#3685,1.);
#3685 = DIRECTION('',(0.219101240157,0.975702130039,0.));
#3686 = PCURVE('',#126,#3687);
#3687 = DEFINITIONAL_REPRESENTATION('',(#3688),#3692);
#3688 = LINE('',#3689,#3690);
#3689 = CARTESIAN_POINT('',(43.651406393754,-10.93410809564));
#3690 = VECTOR('',#3691,1.);
#3691 = DIRECTION('',(0.219101240157,0.975702130039));
#3692 = ( GEOMETRIC_REPRESENTATION_CONTEXT(2) 
PARAMETRIC_REPRESENTATION_CONTEXT() REPRESENTATION_CONTEXT('2D SPACE',''
  ) );
#3693 = PCURVE('',#3694,#3699);
#3694 = PLANE('',#3695);
#3695 = AXIS2_PLACEMENT_3D('',#3696,#3697,#3698);
#3696 = CARTESIAN_POINT('',(43.651406393754,-10.93410809564,0.));
#3697 = DIRECTION('',(-0.975702130039,0.219101240157,0.));
#3698 = DIRECTION('',(0.219101240157,0.975702130039,0.));
#3699 = DEFINITIONAL_REPRESENTATION('',(#3700),#3704);
#3700 = LINE('',#3701,#3702);
#3701 = CARTESIAN_POINT('',(0.,0.));
#3702 = VECTOR('',#3703,1.);
#3703 = DIRECTION('',(1.,0.));
#3704 = ( GEOMETRIC_REPRESENTATION_CONTEXT(2) 
PARAMETRIC_REPRESENTATION_CONTEXT() REPRESENTATION_CONTEXT('2D SPACE',''
  ) );
#3705 = ORIENTED_EDGE('',*,*,#3706,.T.);
#3706 = EDGE_CURVE('',#3679,#3707,#3709,.T.);
#3707 = VERTEX_POINT('',#3708);
#3708 = CARTESIAN_POINT('',(44.512942948415,-6.602871350491,0.));
#3709 = SURFACE_CURVE('',#3710,(#3714,#3721),.PCURVE_S1.);
#3710 = LINE('',#3711,#3712);
#3711 = CARTESIAN_POINT('',(44.135337618145,-8.779064490726,0.));
#3712 = VECTOR('',#3713,1.);
#3713 = DIRECTION('',(0.17096188876,0.985277642389,0.));
#3714 = PCURVE('',#126,#3715);
#3715 = DEFINITIONAL_REPRESENTATION('',(#3716),#3720);
#3716 = LINE('',#3717,#3718);
#3717 = CARTESIAN_POINT('',(44.135337618145,-8.779064490726));
#3718 = VECTOR('',#3719,1.);
#3719 = DIRECTION('',(0.17096188876,0.985277642389));
#3720 = ( GEOMETRIC_REPRESENTATION_CONTEXT(2) 
PARAMETRIC_REPRESENTATION_CONTEXT() REPRESENTATION_CONTEXT('2D SPACE',''
  ) );
#3721 = PCURVE('',#3722,#3727);
#3722 = PLANE('',#3723);
#3723 = AXIS2_PLACEMENT_3D('',#3724,#3725,#3726);
#3724 = CARTESIAN_POINT('',(44.135337618145,-8.779064490726,0.));
#3725 = DIRECTION('',(-0.985277642389,0.17096188876,0.));
#3726 = DIRECTION('',(0.17096188876,0.985277642389,0.));
#3727 = DEFINITIONAL_REPRESENTATION('',(#3728),#3732);
#3728 = LINE('',#3729,#3730);
#3729 = CARTESIAN_POINT('',(0.,0.));
#3730 = VECTOR('',#3731,1.);
#3731 = DIRECTION('',(1.,0.));
#3732 = ( GEOMETRIC_REPRESENTATION_CONTEXT(2) 
PARAMETRIC_REPRESENTATION_CONTEXT() REPRESENTATION_CONTEXT('2D SPACE',''
  ) );
#3733 = ORIENTED_EDGE('',*,*,#3734,.T.);
#3734 = EDGE_CURVE('',#3707,#3735,#3737,.T.);
#3735 = VERTEX_POINT('',#3736);
#3736 = CARTESIAN_POINT('',(44.783312700249,-4.41077131483,0.));
#3737 = SURFACE_CURVE('',#3738,(#3742,#3749),.PCURVE_S1.);
#3738 = LINE('',#3739,#3740);
#3739 = CARTESIAN_POINT('',(44.512942948415,-6.602871350491,0.));
#3740 = VECTOR('',#3741,1.);
#3741 = DIRECTION('',(0.122410675199,0.992479534599,0.));
#3742 = PCURVE('',#126,#3743);
#3743 = DEFINITIONAL_REPRESENTATION('',(#3744),#3748);
#3744 = LINE('',#3745,#3746);
#3745 = CARTESIAN_POINT('',(44.512942948415,-6.602871350491));
#3746 = VECTOR('',#3747,1.);
#3747 = DIRECTION('',(0.122410675199,0.992479534599));
#3748 = ( GEOMETRIC_REPRESENTATION_CONTEXT(2) 
PARAMETRIC_REPRESENTATION_CONTEXT() REPRESENTATION_CONTEXT('2D SPACE',''
  ) );
#3749 = PCURVE('',#3750,#3755);
#3750 = PLANE('',#3751);
#3751 = AXIS2_PLACEMENT_3D('',#3752,#3753,#3754);
#3752 = CARTESIAN_POINT('',(44.512942948415,-6.602871350491,0.));
#3753 = DIRECTION('',(-0.992479534599,0.122410675199,0.));
#3754 = DIRECTION('',(0.122410675199,0.992479534599,0.));
#3755 = DEFINITIONAL_REPRESENTATION('',(#3756),#3760);
#3756 = LINE('',#3757,#3758);
#3757 = CARTESIAN_POINT('',(0.,0.));
#3758 = VECTOR('',#3759,1.);
#3759 = DIRECTION('',(1.,0.));
#3760 = ( GEOMETRIC_REPRESENTATION_CONTEXT(2) 
PARAMETRIC_REPRESENTATION_CONTEXT() REPRESENTATION_CONTEXT('2D SPACE',''
  ) );
#3761 = ORIENTED_EDGE('',*,*,#3762,.T.);
#3762 = EDGE_CURVE('',#3735,#142,#3763,.T.);
#3763 = SURFACE_CURVE('',#3764,(#3768,#3775),.PCURVE_S1.);
#3764 = LINE('',#3765,#3766);
#3765 = CARTESIAN_POINT('',(44.783312700249,-4.41077131483,0.));
#3766 = VECTOR('',#3767,1.);
#3767 = DIRECTION('',(7.356456359967E-02,0.997290456679,0.));
#3768 = PCURVE('',#126,#3769);
#3769 = DEFINITIONAL_REPRESENTATION('',(#3770),#3774);
#3770 = LINE('',#3771,#3772);
#3771 = CARTESIAN_POINT('',(44.783312700249,-4.41077131483));
#3772 = VECTOR('',#3773,1.);
#3773 = DIRECTION('',(7.356456359967E-02,0.997290456679));
#3774 = ( GEOMETRIC_REPRESENTATION_CONTEXT(2) 
PARAMETRIC_REPRESENTATION_CONTEXT() REPRESENTATION_CONTEXT('2D SPACE',''
  ) );
#3775 = PCURVE('',#159,#3776);
#3776 = DEFINITIONAL_REPRESENTATION('',(#3777),#3781);
#3777 = LINE('',#3778,#3779);
#3778 = CARTESIAN_POINT('',(0.,0.));
#3779 = VECTOR('',#3780,1.);
#3780 = DIRECTION('',(1.,0.));
#3781 = ( GEOMETRIC_REPRESENTATION_CONTEXT(2) 
PARAMETRIC_REPRESENTATION_CONTEXT() REPRESENTATION_CONTEXT('2D SPACE',''
  ) );
#3782 = ORIENTED_EDGE('',*,*,#193,.T.);
#3783 = FACE_BOUND('',#3784,.F.);
#3784 = EDGE_LOOP('',(#3785));
#3785 = ORIENTED_EDGE('',*,*,#3786,.T.);
#3786 = EDGE_CURVE('',#3787,#3787,#3789,.T.);
#3787 = VERTEX_POINT('',#3788);
#3788 = CARTESIAN_POINT('',(-21.44873734152,-24.74873734152,0.));
#3789 = SURFACE_CURVE('',#3790,(#3795,#3806),.PCURVE_S1.);
#3790 = CIRCLE('',#3791,3.3);
#3791 = AXIS2_PLACEMENT_3D('',#3792,#3793,#3794);
#3792 = CARTESIAN_POINT('',(-24.74873734152,-24.74873734152,0.));
#3793 = DIRECTION('',(0.,0.,-1.));
#3794 = DIRECTION('',(1.,0.,0.));
#3795 = PCURVE('',#126,#3796);
#3796 = DEFINITIONAL_REPRESENTATION('',(#3797),#3805);
#3797 = ( BOUNDED_CURVE() B_SPLINE_CURVE(2,(#3798,#3799,#3800,#3801,
#3802,#3803,#3804),.UNSPECIFIED.,.T.,.F.) B_SPLINE_CURVE_WITH_KNOTS((1,2
    ,2,2,2,1),(-2.094395102393,0.,2.094395102393,4.188790204786,
6.28318530718,8.377580409573),.UNSPECIFIED.) CURVE() 
GEOMETRIC_REPRESENTATION_ITEM() RATIONAL_B_SPLINE_CURVE((1.,0.5,1.,0.5,
1.,0.5,1.)) REPRESENTATION_ITEM('') );
#3798 = CARTESIAN_POINT('',(-21.44873734152,-24.74873734152));
#3799 = CARTESIAN_POINT('',(-21.44873734152,-30.4645050065));
#3800 = CARTESIAN_POINT('',(-26.39873734152,-27.60662117401));
#3801 = CARTESIAN_POINT('',(-31.34873734152,-24.74873734152));
#3802 = CARTESIAN_POINT('',(-26.39873734152,-21.89085350904));
#3803 = CARTESIAN_POINT('',(-21.44873734152,-19.03296967655));
#3804 = CARTESIAN_POINT('',(-21.44873734152,-24.74873734152));
#3805 = ( GEOMETRIC_REPRESENTATION_CONTEXT(2) 
PARAMETRIC_REPRESENTATION_CONTEXT() REPRESENTATION_CONTEXT('2D SPACE',''
  ) );
#3806 = PCURVE('',#3807,#3812);
#3807 = CYLINDRICAL_SURFACE('',#3808,3.3);
#3808 = AXIS2_PLACEMENT_3D('',#3809,#3810,#3811);
#3809 = CARTESIAN_POINT('',(-24.74873734152,-24.74873734152,-1.));
#3810 = DIRECTION('',(-0.,-0.,-1.));
#3811 = DIRECTION('',(1.,0.,0.));
#3812 = DEFINITIONAL_REPRESENTATION('',(#3813),#3817);
#3813 = LINE('',#3814,#3815);
#3814 = CARTESIAN_POINT('',(-6.28318530718,-1.));
#3815 = VECTOR('',#3816,1.);
#3816 = DIRECTION('',(1.,-0.));
#3817 = ( GEOMETRIC_REPRESENTATION_CONTEXT(2) 
PARAMETRIC_REPRESENTATION_CONTEXT() REPRESENTATION_CONTEXT('2D SPACE',''
  ) );
#3818 = FACE_BOUND('',#3819,.F.);
#3819 = EDGE_LOOP('',(#3820));
#3820 = ORIENTED_EDGE('',*,*,#3821,.T.);
#3821 = EDGE_CURVE('',#3822,#3822,#3824,.T.);
#3822 = VERTEX_POINT('',#3823);
#3823 = CARTESIAN_POINT('',(28.048737341529,-24.74873734152,0.));
#3824 = SURFACE_CURVE('',#3825,(#3830,#3841),.PCURVE_S1.);
#3825 = CIRCLE('',#3826,3.3);
#3826 = AXIS2_PLACEMENT_3D('',#3827,#3828,#3829);
#3827 = CARTESIAN_POINT('',(24.748737341529,-24.74873734152,0.));
#3828 = DIRECTION('',(0.,0.,-1.));
#3829 = DIRECTION('',(1.,0.,0.));
#3830 = PCURVE('',#126,#3831);
#3831 = DEFINITIONAL_REPRESENTATION('',(#3832),#3840);
#3832 = ( BOUNDED_CURVE() B_SPLINE_CURVE(2,(#3833,#3834,#3835,#3836,
#3837,#3838,#3839),.UNSPECIFIED.,.T.,.F.) B_SPLINE_CURVE_WITH_KNOTS((1,2
    ,2,2,2,1),(-2.094395102393,0.,2.094395102393,4.188790204786,
6.28318530718,8.377580409573),.UNSPECIFIED.) CURVE() 
GEOMETRIC_REPRESENTATION_ITEM() RATIONAL_B_SPLINE_CURVE((1.,0.5,1.,0.5,
1.,0.5,1.)) REPRESENTATION_ITEM('') );
#3833 = CARTESIAN_POINT('',(28.048737341529,-24.74873734152));
#3834 = CARTESIAN_POINT('',(28.048737341529,-30.4645050065));
#3835 = CARTESIAN_POINT('',(23.098737341529,-27.60662117401));
#3836 = CARTESIAN_POINT('',(18.148737341529,-24.74873734152));
#3837 = CARTESIAN_POINT('',(23.098737341529,-21.89085350904));
#3838 = CARTESIAN_POINT('',(28.048737341529,-19.03296967655));
#3839 = CARTESIAN_POINT('',(28.048737341529,-24.74873734152));
#3840 = ( GEOMETRIC_REPRESENTATION_CONTEXT(2) 
PARAMETRIC_REPRESENTATION_CONTEXT() REPRESENTATION_CONTEXT('2D SPACE',''
  ) );
#3841 = PCURVE('',#3842,#3847);
#3842 = CYLINDRICAL_SURFACE('',#3843,3.3);
#3843 = AXIS2_PLACEMENT_3D('',#3844,#3845,#3846);
#3844 = CARTESIAN_POINT('',(24.748737341529,-24.74873734152,-1.));
#3845 = DIRECTION('',(-0.,-0.,-1.));
#3846 = DIRECTION('',(1.,0.,0.));
#3847 = DEFINITIONAL_REPRESENTATION('',(#3848),#3852);
#3848 = LINE('',#3849,#3850);
#3849 = CARTESIAN_POINT('',(-6.28318530718,-1.));
#3850 = VECTOR('',#3851,1.);
#3851 = DIRECTION('',(1.,-0.));
#3852 = ( GEOMETRIC_REPRESENTATION_CONTEXT(2) 
PARAMETRIC_REPRESENTATION_CONTEXT() REPRESENTATION_CONTEXT('2D SPACE',''
  ) );
#3853 = FACE_BOUND('',#3854,.F.);
#3854 = EDGE_LOOP('',(#3855));
#3855 = ORIENTED_EDGE('',*,*,#3856,.T.);
#3856 = EDGE_CURVE('',#3857,#3857,#3859,.T.);
#3857 = VERTEX_POINT('',#3858);
#3858 = CARTESIAN_POINT('',(-21.44873734152,24.748737341529,0.));
#3859 = SURFACE_CURVE('',#3860,(#3865,#3876),.PCURVE_S1.);
#3860 = CIRCLE('',#3861,3.3);
#3861 = AXIS2_PLACEMENT_3D('',#3862,#3863,#3864);
#3862 = CARTESIAN_POINT('',(-24.74873734152,24.748737341529,0.));
#3863 = DIRECTION('',(0.,0.,-1.));
#3864 = DIRECTION('',(1.,0.,0.));
#3865 = PCURVE('',#126,#3866);
#3866 = DEFINITIONAL_REPRESENTATION('',(#3867),#3875);
#3867 = ( BOUNDED_CURVE() B_SPLINE_CURVE(2,(#3868,#3869,#3870,#3871,
#3872,#3873,#3874),.UNSPECIFIED.,.T.,.F.) B_SPLINE_CURVE_WITH_KNOTS((1,2
    ,2,2,2,1),(-2.094395102393,0.,2.094395102393,4.188790204786,
6.28318530718,8.377580409573),.UNSPECIFIED.) CURVE() 
GEOMETRIC_REPRESENTATION_ITEM() RATIONAL_B_SPLINE_CURVE((1.,0.5,1.,0.5,
1.,0.5,1.)) REPRESENTATION_ITEM('') );
#3868 = CARTESIAN_POINT('',(-21.44873734152,24.748737341529));
#3869 = CARTESIAN_POINT('',(-21.44873734152,19.032969676552));
#3870 = CARTESIAN_POINT('',(-26.39873734152,21.890853509041));
#3871 = CARTESIAN_POINT('',(-31.34873734152,24.748737341529));
#3872 = CARTESIAN_POINT('',(-26.39873734152,27.606621174018));
#3873 = CARTESIAN_POINT('',(-21.44873734152,30.464505006506));
#3874 = CARTESIAN_POINT('',(-21.44873734152,24.748737341529));
#3875 = ( GEOMETRIC_REPRESENTATION_CONTEXT(2) 
PARAMETRIC_REPRESENTATION_CONTEXT() REPRESENTATION_CONTEXT('2D SPACE',''
  ) );
#3876 = PCURVE('',#3877,#3882);
#3877 = CYLINDRICAL_SURFACE('',#3878,3.3);
#3878 = AXIS2_PLACEMENT_3D('',#3879,#3880,#3881);
#3879 = CARTESIAN_POINT('',(-24.74873734152,24.748737341529,-1.));
#3880 = DIRECTION('',(-0.,-0.,-1.));
#3881 = DIRECTION('',(1.,0.,0.));
#3882 = DEFINITIONAL_REPRESENTATION('',(#3883),#3887);
#3883 = LINE('',#3884,#3885);
#3884 = CARTESIAN_POINT('',(-6.28318530718,-1.));
#3885 = VECTOR('',#3886,1.);
#3886 = DIRECTION('',(1.,-0.));
#3887 = ( GEOMETRIC_REPRESENTATION_CONTEXT(2) 
PARAMETRIC_REPRESENTATION_CONTEXT() REPRESENTATION_CONTEXT('2D SPACE',''
  ) );
#3888 = FACE_BOUND('',#3889,.F.);
#3889 = EDGE_LOOP('',(#3890));
#3890 = ORIENTED_EDGE('',*,*,#3891,.T.);
#3891 = EDGE_CURVE('',#3892,#3892,#3894,.T.);
#3892 = VERTEX_POINT('',#3893);
#3893 = CARTESIAN_POINT('',(28.048737341529,24.748737341529,0.));
#3894 = SURFACE_CURVE('',#3895,(#3900,#3911),.PCURVE_S1.);
#3895 = CIRCLE('',#3896,3.3);
#3896 = AXIS2_PLACEMENT_3D('',#3897,#3898,#3899);
#3897 = CARTESIAN_POINT('',(24.748737341529,24.748737341529,0.));
#3898 = DIRECTION('',(0.,0.,-1.));
#3899 = DIRECTION('',(1.,0.,0.));
#3900 = PCURVE('',#126,#3901);
#3901 = DEFINITIONAL_REPRESENTATION('',(#3902),#3910);
#3902 = ( BOUNDED_CURVE() B_SPLINE_CURVE(2,(#3903,#3904,#3905,#3906,
#3907,#3908,#3909),.UNSPECIFIED.,.T.,.F.) B_SPLINE_CURVE_WITH_KNOTS((1,2
    ,2,2,2,1),(-2.094395102393,0.,2.094395102393,4.188790204786,
6.28318530718,8.377580409573),.UNSPECIFIED.) CURVE() 
GEOMETRIC_REPRESENTATION_ITEM() RATIONAL_B_SPLINE_CURVE((1.,0.5,1.,0.5,
1.,0.5,1.)) REPRESENTATION_ITEM('') );
#3903 = CARTESIAN_POINT('',(28.048737341529,24.748737341529));
#3904 = CARTESIAN_POINT('',(28.048737341529,19.032969676552));
#3905 = CARTESIAN_POINT('',(23.098737341529,21.890853509041));
#3906 = CARTESIAN_POINT('',(18.148737341529,24.748737341529));
#3907 = CARTESIAN_POINT('',(23.098737341529,27.606621174018));
#3908 = CARTESIAN_POINT('',(28.048737341529,30.464505006506));
#3909 = CARTESIAN_POINT('',(28.048737341529,24.748737341529));
#3910 = ( GEOMETRIC_REPRESENTATION_CONTEXT(2) 
PARAMETRIC_REPRESENTATION_CONTEXT() REPRESENTATION_CONTEXT('2D SPACE',''
  ) );
#3911 = PCURVE('',#3912,#3917);
#3912 = CYLINDRICAL_SURFACE('',#3913,3.3);
#3913 = AXIS2_PLACEMENT_3D('',#3914,#3915,#3916);
#3914 = CARTESIAN_POINT('',(24.748737341529,24.748737341529,-1.));
#3915 = DIRECTION('',(-0.,-0.,-1.));
#3916 = DIRECTION('',(1.,0.,0.));
#3917 = DEFINITIONAL_REPRESENTATION('',(#3918),#3922);
#3918 = LINE('',#3919,#3920);
#3919 = CARTESIAN_POINT('',(-6.28318530718,-1.));
#3920 = VECTOR('',#3921,1.);
#3921 = DIRECTION('',(1.,-0.));
#3922 = ( GEOMETRIC_REPRESENTATION_CONTEXT(2) 
PARAMETRIC_REPRESENTATION_CONTEXT() REPRESENTATION_CONTEXT('2D SPACE',''
  ) );
#3923 = ADVANCED_FACE('',(#3924,#6802,#6832,#6862,#6892),#72,.T.);
#3924 = FACE_BOUND('',#3925,.T.);
#3925 = EDGE_LOOP('',(#3926,#3927,#3928,#3951,#3974,#3997,#4020,#4043,
    #4066,#4089,#4112,#4135,#4158,#4181,#4204,#4227,#4250,#4273,#4296,
    #4319,#4342,#4365,#4388,#4411,#4434,#4457,#4480,#4503,#4526,#4549,
    #4572,#4595,#4618,#4641,#4664,#4687,#4710,#4733,#4756,#4779,#4802,
    #4825,#4848,#4871,#4894,#4917,#4940,#4963,#4986,#5009,#5032,#5055,
    #5078,#5101,#5124,#5147,#5170,#5193,#5216,#5239,#5262,#5285,#5308,
    #5331,#5354,#5377,#5400,#5423,#5446,#5469,#5492,#5515,#5538,#5561,
    #5584,#5607,#5630,#5653,#5676,#5699,#5722,#5745,#5768,#5791,#5814,
    #5837,#5860,#5883,#5906,#5929,#5952,#5975,#5998,#6021,#6044,#6067,
    #6090,#6113,#6136,#6159,#6182,#6205,#6228,#6251,#6274,#6297,#6320,
    #6343,#6366,#6389,#6412,#6435,#6458,#6481,#6504,#6527,#6550,#6573,
    #6596,#6619,#6642,#6665,#6688,#6711,#6734,#6757,#6780,#6801));
#3926 = ORIENTED_EDGE('',*,*,#56,.T.);
#3927 = ORIENTED_EDGE('',*,*,#218,.T.);
#3928 = ORIENTED_EDGE('',*,*,#3929,.T.);
#3929 = EDGE_CURVE('',#219,#3930,#3932,.T.);
#3930 = VERTEX_POINT('',#3931);
#3931 = CARTESIAN_POINT('',(44.512942948415,6.602871350491,4.));
#3932 = SURFACE_CURVE('',#3933,(#3937,#3944),.PCURVE_S1.);
#3933 = LINE('',#3934,#3935);
#3934 = CARTESIAN_POINT('',(44.783312700249,4.41077131483,4.));
#3935 = VECTOR('',#3936,1.);
#3936 = DIRECTION('',(-0.122410675199,0.992479534599,0.));
#3937 = PCURVE('',#72,#3938);
#3938 = DEFINITIONAL_REPRESENTATION('',(#3939),#3943);
#3939 = LINE('',#3940,#3941);
#3940 = CARTESIAN_POINT('',(44.783312700249,4.41077131483));
#3941 = VECTOR('',#3942,1.);
#3942 = DIRECTION('',(-0.122410675199,0.992479534599));
#3943 = ( GEOMETRIC_REPRESENTATION_CONTEXT(2) 
PARAMETRIC_REPRESENTATION_CONTEXT() REPRESENTATION_CONTEXT('2D SPACE',''
  ) );
#3944 = PCURVE('',#257,#3945);
#3945 = DEFINITIONAL_REPRESENTATION('',(#3946),#3950);
#3946 = LINE('',#3947,#3948);
#3947 = CARTESIAN_POINT('',(0.,-4.));
#3948 = VECTOR('',#3949,1.);
#3949 = DIRECTION('',(1.,0.));
#3950 = ( GEOMETRIC_REPRESENTATION_CONTEXT(2) 
PARAMETRIC_REPRESENTATION_CONTEXT() REPRESENTATION_CONTEXT('2D SPACE',''
  ) );
#3951 = ORIENTED_EDGE('',*,*,#3952,.T.);
#3952 = EDGE_CURVE('',#3930,#3953,#3955,.T.);
#3953 = VERTEX_POINT('',#3954);
#3954 = CARTESIAN_POINT('',(44.135337618145,8.779064490726,4.));
#3955 = SURFACE_CURVE('',#3956,(#3960,#3967),.PCURVE_S1.);
#3956 = LINE('',#3957,#3958);
#3957 = CARTESIAN_POINT('',(44.512942948415,6.602871350491,4.));
#3958 = VECTOR('',#3959,1.);
#3959 = DIRECTION('',(-0.17096188876,0.985277642389,0.));
#3960 = PCURVE('',#72,#3961);
#3961 = DEFINITIONAL_REPRESENTATION('',(#3962),#3966);
#3962 = LINE('',#3963,#3964);
#3963 = CARTESIAN_POINT('',(44.512942948415,6.602871350491));
#3964 = VECTOR('',#3965,1.);
#3965 = DIRECTION('',(-0.17096188876,0.985277642389));
#3966 = ( GEOMETRIC_REPRESENTATION_CONTEXT(2) 
PARAMETRIC_REPRESENTATION_CONTEXT() REPRESENTATION_CONTEXT('2D SPACE',''
  ) );
#3967 = PCURVE('',#334,#3968);
#3968 = DEFINITIONAL_REPRESENTATION('',(#3969),#3973);
#3969 = LINE('',#3970,#3971);
#3970 = CARTESIAN_POINT('',(0.,-4.));
#3971 = VECTOR('',#3972,1.);
#3972 = DIRECTION('',(1.,0.));
#3973 = ( GEOMETRIC_REPRESENTATION_CONTEXT(2) 
PARAMETRIC_REPRESENTATION_CONTEXT() REPRESENTATION_CONTEXT('2D SPACE',''
  ) );
#3974 = ORIENTED_EDGE('',*,*,#3975,.T.);
#3975 = EDGE_CURVE('',#3953,#3976,#3978,.T.);
#3976 = VERTEX_POINT('',#3977);
#3977 = CARTESIAN_POINT('',(43.651406393754,10.934108095647,4.));
#3978 = SURFACE_CURVE('',#3979,(#3983,#3990),.PCURVE_S1.);
#3979 = LINE('',#3980,#3981);
#3980 = CARTESIAN_POINT('',(44.135337618145,8.779064490726,4.));
#3981 = VECTOR('',#3982,1.);
#3982 = DIRECTION('',(-0.219101240157,0.975702130039,0.));
#3983 = PCURVE('',#72,#3984);
#3984 = DEFINITIONAL_REPRESENTATION('',(#3985),#3989);
#3985 = LINE('',#3986,#3987);
#3986 = CARTESIAN_POINT('',(44.135337618145,8.779064490726));
#3987 = VECTOR('',#3988,1.);
#3988 = DIRECTION('',(-0.219101240157,0.975702130039));
#3989 = ( GEOMETRIC_REPRESENTATION_CONTEXT(2) 
PARAMETRIC_REPRESENTATION_CONTEXT() REPRESENTATION_CONTEXT('2D SPACE',''
  ) );
#3990 = PCURVE('',#362,#3991);
#3991 = DEFINITIONAL_REPRESENTATION('',(#3992),#3996);
#3992 = LINE('',#3993,#3994);
#3993 = CARTESIAN_POINT('',(0.,-4.));
#3994 = VECTOR('',#3995,1.);
#3995 = DIRECTION('',(1.,0.));
#3996 = ( GEOMETRIC_REPRESENTATION_CONTEXT(2) 
PARAMETRIC_REPRESENTATION_CONTEXT() REPRESENTATION_CONTEXT('2D SPACE',''
  ) );
#3997 = ORIENTED_EDGE('',*,*,#3998,.T.);
#3998 = EDGE_CURVE('',#3976,#3999,#4001,.T.);
#3999 = VERTEX_POINT('',#4000);
#4000 = CARTESIAN_POINT('',(43.062315107949,13.062810476451,4.));
#4001 = SURFACE_CURVE('',#4002,(#4006,#4013),.PCURVE_S1.);
#4002 = LINE('',#4003,#4004);
#4003 = CARTESIAN_POINT('',(43.651406393754,10.934108095647,4.));
#4004 = VECTOR('',#4005,1.);
#4005 = DIRECTION('',(-0.266712757475,0.963776065795,0.));
#4006 = PCURVE('',#72,#4007);
#4007 = DEFINITIONAL_REPRESENTATION('',(#4008),#4012);
#4008 = LINE('',#4009,#4010);
#4009 = CARTESIAN_POINT('',(43.651406393754,10.934108095647));
#4010 = VECTOR('',#4011,1.);
#4011 = DIRECTION('',(-0.266712757475,0.963776065795));
#4012 = ( GEOMETRIC_REPRESENTATION_CONTEXT(2) 
PARAMETRIC_REPRESENTATION_CONTEXT() REPRESENTATION_CONTEXT('2D SPACE',''
  ) );
#4013 = PCURVE('',#390,#4014);
#4014 = DEFINITIONAL_REPRESENTATION('',(#4015),#4019);
#4015 = LINE('',#4016,#4017);
#4016 = CARTESIAN_POINT('',(0.,-4.));
#4017 = VECTOR('',#4018,1.);
#4018 = DIRECTION('',(1.,0.));
#4019 = ( GEOMETRIC_REPRESENTATION_CONTEXT(2) 
PARAMETRIC_REPRESENTATION_CONTEXT() REPRESENTATION_CONTEXT('2D SPACE',''
  ) );
#4020 = ORIENTED_EDGE('',*,*,#4021,.T.);
#4021 = EDGE_CURVE('',#3999,#4022,#4024,.T.);
#4022 = VERTEX_POINT('',#4023);
#4023 = CARTESIAN_POINT('',(42.369482933236,15.16004340265,4.));
#4024 = SURFACE_CURVE('',#4025,(#4029,#4036),.PCURVE_S1.);
#4025 = LINE('',#4026,#4027);
#4026 = CARTESIAN_POINT('',(43.062315107949,13.062810476451,4.));
#4027 = VECTOR('',#4028,1.);
#4028 = DIRECTION('',(-0.313681740399,0.949528180593,0.));
#4029 = PCURVE('',#72,#4030);
#4030 = DEFINITIONAL_REPRESENTATION('',(#4031),#4035);
#4031 = LINE('',#4032,#4033);
#4032 = CARTESIAN_POINT('',(43.062315107949,13.062810476451));
#4033 = VECTOR('',#4034,1.);
#4034 = DIRECTION('',(-0.313681740399,0.949528180593));
#4035 = ( GEOMETRIC_REPRESENTATION_CONTEXT(2) 
PARAMETRIC_REPRESENTATION_CONTEXT() REPRESENTATION_CONTEXT('2D SPACE',''
  ) );
#4036 = PCURVE('',#418,#4037);
#4037 = DEFINITIONAL_REPRESENTATION('',(#4038),#4042);
#4038 = LINE('',#4039,#4040);
#4039 = CARTESIAN_POINT('',(0.,-4.));
#4040 = VECTOR('',#4041,1.);
#4041 = DIRECTION('',(1.,0.));
#4042 = ( GEOMETRIC_REPRESENTATION_CONTEXT(2) 
PARAMETRIC_REPRESENTATION_CONTEXT() REPRESENTATION_CONTEXT('2D SPACE',''
  ) );
#4043 = ORIENTED_EDGE('',*,*,#4044,.T.);
#4044 = EDGE_CURVE('',#4022,#4045,#4047,.T.);
#4045 = VERTEX_POINT('',#4046);
#4046 = CARTESIAN_POINT('',(41.574578963008,17.220754456429,4.));
#4047 = SURFACE_CURVE('',#4048,(#4052,#4059),.PCURVE_S1.);
#4048 = LINE('',#4049,#4050);
#4049 = CARTESIAN_POINT('',(42.369482933236,15.16004340265,4.));
#4050 = VECTOR('',#4051,1.);
#4051 = DIRECTION('',(-0.359895036535,0.932992798835,0.));
#4052 = PCURVE('',#72,#4053);
#4053 = DEFINITIONAL_REPRESENTATION('',(#4054),#4058);
#4054 = LINE('',#4055,#4056);
#4055 = CARTESIAN_POINT('',(42.369482933236,15.16004340265));
#4056 = VECTOR('',#4057,1.);
#4057 = DIRECTION('',(-0.359895036535,0.932992798835));
#4058 = ( GEOMETRIC_REPRESENTATION_CONTEXT(2) 
PARAMETRIC_REPRESENTATION_CONTEXT() REPRESENTATION_CONTEXT('2D SPACE',''
  ) );
#4059 = PCURVE('',#446,#4060);
#4060 = DEFINITIONAL_REPRESENTATION('',(#4061),#4065);
#4061 = LINE('',#4062,#4063);
#4062 = CARTESIAN_POINT('',(0.,-4.));
#4063 = VECTOR('',#4064,1.);
#4064 = DIRECTION('',(1.,0.));
#4065 = ( GEOMETRIC_REPRESENTATION_CONTEXT(2) 
PARAMETRIC_REPRESENTATION_CONTEXT() REPRESENTATION_CONTEXT('2D SPACE',''
  ) );
#4066 = ORIENTED_EDGE('',*,*,#4067,.T.);
#4067 = EDGE_CURVE('',#4045,#4068,#4070,.T.);
#4068 = VERTEX_POINT('',#4069);
#4069 = CARTESIAN_POINT('',(40.679518190555,19.239979204363,4.));
#4070 = SURFACE_CURVE('',#4071,(#4075,#4082),.PCURVE_S1.);
#4071 = LINE('',#4072,#4073);
#4072 = CARTESIAN_POINT('',(41.574578963008,17.220754456429,4.));
#4073 = VECTOR('',#4074,1.);
#4074 = DIRECTION('',(-0.405241314005,0.914209755704,0.));
#4075 = PCURVE('',#72,#4076);
#4076 = DEFINITIONAL_REPRESENTATION('',(#4077),#4081);
#4077 = LINE('',#4078,#4079);
#4078 = CARTESIAN_POINT('',(41.574578963008,17.220754456429));
#4079 = VECTOR('',#4080,1.);
#4080 = DIRECTION('',(-0.405241314005,0.914209755704));
#4081 = ( GEOMETRIC_REPRESENTATION_CONTEXT(2) 
PARAMETRIC_REPRESENTATION_CONTEXT() REPRESENTATION_CONTEXT('2D SPACE',''
  ) );
#4082 = PCURVE('',#474,#4083);
#4083 = DEFINITIONAL_REPRESENTATION('',(#4084),#4088);
#4084 = LINE('',#4085,#4086);
#4085 = CARTESIAN_POINT('',(0.,-4.));
#4086 = VECTOR('',#4087,1.);
#4087 = DIRECTION('',(1.,0.));
#4088 = ( GEOMETRIC_REPRESENTATION_CONTEXT(2) 
PARAMETRIC_REPRESENTATION_CONTEXT() REPRESENTATION_CONTEXT('2D SPACE',''
  ) );
#4089 = ORIENTED_EDGE('',*,*,#4090,.T.);
#4090 = EDGE_CURVE('',#4068,#4091,#4093,.T.);
#4091 = VERTEX_POINT('',#4092);
#4092 = CARTESIAN_POINT('',(39.686456895676,21.21285315717,4.));
#4093 = SURFACE_CURVE('',#4094,(#4098,#4105),.PCURVE_S1.);
#4094 = LINE('',#4095,#4096);
#4095 = CARTESIAN_POINT('',(40.679518190555,19.239979204363,4.));
#4096 = VECTOR('',#4097,1.);
#4097 = DIRECTION('',(-0.449611329655,0.893224301196,0.));
#4098 = PCURVE('',#72,#4099);
#4099 = DEFINITIONAL_REPRESENTATION('',(#4100),#4104);
#4100 = LINE('',#4101,#4102);
#4101 = CARTESIAN_POINT('',(40.679518190555,19.239979204363));
#4102 = VECTOR('',#4103,1.);
#4103 = DIRECTION('',(-0.449611329655,0.893224301196));
#4104 = ( GEOMETRIC_REPRESENTATION_CONTEXT(2) 
PARAMETRIC_REPRESENTATION_CONTEXT() REPRESENTATION_CONTEXT('2D SPACE',''
  ) );
#4105 = PCURVE('',#502,#4106);
#4106 = DEFINITIONAL_REPRESENTATION('',(#4107),#4111);
#4107 = LINE('',#4108,#4109);
#4108 = CARTESIAN_POINT('',(0.,-4.));
#4109 = VECTOR('',#4110,1.);
#4110 = DIRECTION('',(1.,0.));
#4111 = ( GEOMETRIC_REPRESENTATION_CONTEXT(2) 
PARAMETRIC_REPRESENTATION_CONTEXT() REPRESENTATION_CONTEXT('2D SPACE',''
  ) );
#4112 = ORIENTED_EDGE('',*,*,#4113,.T.);
#4113 = EDGE_CURVE('',#4091,#4114,#4116,.T.);
#4114 = VERTEX_POINT('',#4115);
#4115 = CARTESIAN_POINT('',(38.597787450012,23.134623488695,4.));
#4116 = SURFACE_CURVE('',#4117,(#4121,#4128),.PCURVE_S1.);
#4117 = LINE('',#4118,#4119);
#4118 = CARTESIAN_POINT('',(39.686456895676,21.21285315717,4.));
#4119 = VECTOR('',#4120,1.);
#4120 = DIRECTION('',(-0.49289819223,0.870086991109,0.));
#4121 = PCURVE('',#72,#4122);
#4122 = DEFINITIONAL_REPRESENTATION('',(#4123),#4127);
#4123 = LINE('',#4124,#4125);
#4124 = CARTESIAN_POINT('',(39.686456895676,21.21285315717));
#4125 = VECTOR('',#4126,1.);
#4126 = DIRECTION('',(-0.49289819223,0.870086991109));
#4127 = ( GEOMETRIC_REPRESENTATION_CONTEXT(2) 
PARAMETRIC_REPRESENTATION_CONTEXT() REPRESENTATION_CONTEXT('2D SPACE',''
  ) );
#4128 = PCURVE('',#530,#4129);
#4129 = DEFINITIONAL_REPRESENTATION('',(#4130),#4134);
#4130 = LINE('',#4131,#4132);
#4131 = CARTESIAN_POINT('',(0.,-4.));
#4132 = VECTOR('',#4133,1.);
#4133 = DIRECTION('',(1.,0.));
#4134 = ( GEOMETRIC_REPRESENTATION_CONTEXT(2) 
PARAMETRIC_REPRESENTATION_CONTEXT() REPRESENTATION_CONTEXT('2D SPACE',''
  ) );
#4135 = ORIENTED_EDGE('',*,*,#4136,.T.);
#4136 = EDGE_CURVE('',#4114,#4137,#4139,.T.);
#4137 = VERTEX_POINT('',#4138);
#4138 = CARTESIAN_POINT('',(37.416132553615,25.000660485882,4.));
#4139 = SURFACE_CURVE('',#4140,(#4144,#4151),.PCURVE_S1.);
#4140 = LINE('',#4141,#4142);
#4141 = CARTESIAN_POINT('',(38.597787450012,23.134623488695,4.));
#4142 = VECTOR('',#4143,1.);
#4143 = DIRECTION('',(-0.534997619887,0.84485356525,0.));
#4144 = PCURVE('',#72,#4145);
#4145 = DEFINITIONAL_REPRESENTATION('',(#4146),#4150);
#4146 = LINE('',#4147,#4148);
#4147 = CARTESIAN_POINT('',(38.597787450012,23.134623488695));
#4148 = VECTOR('',#4149,1.);
#4149 = DIRECTION('',(-0.534997619887,0.84485356525));
#4150 = ( GEOMETRIC_REPRESENTATION_CONTEXT(2) 
PARAMETRIC_REPRESENTATION_CONTEXT() REPRESENTATION_CONTEXT('2D SPACE',''
  ) );
#4151 = PCURVE('',#558,#4152);
#4152 = DEFINITIONAL_REPRESENTATION('',(#4153),#4157);
#4153 = LINE('',#4154,#4155);
#4154 = CARTESIAN_POINT('',(0.,-4.));
#4155 = VECTOR('',#4156,1.);
#4156 = DIRECTION('',(1.,0.));
#4157 = ( GEOMETRIC_REPRESENTATION_CONTEXT(2) 
PARAMETRIC_REPRESENTATION_CONTEXT() REPRESENTATION_CONTEXT('2D SPACE',''
  ) );
#4158 = ORIENTED_EDGE('',*,*,#4159,.T.);
#4159 = EDGE_CURVE('',#4137,#4160,#4162,.T.);
#4160 = VERTEX_POINT('',#4161);
#4161 = CARTESIAN_POINT('',(36.144338916629,26.80646870216,4.));
#4162 = SURFACE_CURVE('',#4163,(#4167,#4174),.PCURVE_S1.);
#4163 = LINE('',#4164,#4165);
#4164 = CARTESIAN_POINT('',(37.416132553615,25.000660485882,4.));
#4165 = VECTOR('',#4166,1.);
#4166 = DIRECTION('',(-0.575808191418,0.817584813152,0.));
#4167 = PCURVE('',#72,#4168);
#4168 = DEFINITIONAL_REPRESENTATION('',(#4169),#4173);
#4169 = LINE('',#4170,#4171);
#4170 = CARTESIAN_POINT('',(37.416132553615,25.000660485882));
#4171 = VECTOR('',#4172,1.);
#4172 = DIRECTION('',(-0.575808191418,0.817584813152));
#4173 = ( GEOMETRIC_REPRESENTATION_CONTEXT(2) 
PARAMETRIC_REPRESENTATION_CONTEXT() REPRESENTATION_CONTEXT('2D SPACE',''
  ) );
#4174 = PCURVE('',#586,#4175);
#4175 = DEFINITIONAL_REPRESENTATION('',(#4176),#4180);
#4176 = LINE('',#4177,#4178);
#4177 = CARTESIAN_POINT('',(0.,-4.));
#4178 = VECTOR('',#4179,1.);
#4179 = DIRECTION('',(1.,0.));
#4180 = ( GEOMETRIC_REPRESENTATION_CONTEXT(2) 
PARAMETRIC_REPRESENTATION_CONTEXT() REPRESENTATION_CONTEXT('2D SPACE',''
  ) );
#4181 = ORIENTED_EDGE('',*,*,#4182,.T.);
#4182 = EDGE_CURVE('',#4160,#4183,#4185,.T.);
#4183 = VERTEX_POINT('',#4184);
#4184 = CARTESIAN_POINT('',(34.785470401323,28.547697787364,4.));
#4185 = SURFACE_CURVE('',#4186,(#4190,#4197),.PCURVE_S1.);
#4186 = LINE('',#4187,#4188);
#4187 = CARTESIAN_POINT('',(36.144338916629,26.80646870216,4.));
#4188 = VECTOR('',#4189,1.);
#4189 = DIRECTION('',(-0.615231590581,0.788346427627,0.));
#4190 = PCURVE('',#72,#4191);
#4191 = DEFINITIONAL_REPRESENTATION('',(#4192),#4196);
#4192 = LINE('',#4193,#4194);
#4193 = CARTESIAN_POINT('',(36.144338916629,26.806468702159));
#4194 = VECTOR('',#4195,1.);
#4195 = DIRECTION('',(-0.615231590581,0.788346427627));
#4196 = ( GEOMETRIC_REPRESENTATION_CONTEXT(2) 
PARAMETRIC_REPRESENTATION_CONTEXT() REPRESENTATION_CONTEXT('2D SPACE',''
  ) );
#4197 = PCURVE('',#614,#4198);
#4198 = DEFINITIONAL_REPRESENTATION('',(#4199),#4203);
#4199 = LINE('',#4200,#4201);
#4200 = CARTESIAN_POINT('',(0.,-4.));
#4201 = VECTOR('',#4202,1.);
#4202 = DIRECTION('',(1.,0.));
#4203 = ( GEOMETRIC_REPRESENTATION_CONTEXT(2) 
PARAMETRIC_REPRESENTATION_CONTEXT() REPRESENTATION_CONTEXT('2D SPACE',''
  ) );
#4204 = ORIENTED_EDGE('',*,*,#4205,.T.);
#4205 = EDGE_CURVE('',#4183,#4206,#4208,.T.);
#4206 = VERTEX_POINT('',#4207);
#4207 = CARTESIAN_POINT('',(33.342800640973,30.220152968116,4.));
#4208 = SURFACE_CURVE('',#4209,(#4213,#4220),.PCURVE_S1.);
#4209 = LINE('',#4210,#4211);
#4210 = CARTESIAN_POINT('',(34.785470401323,28.547697787364,4.));
#4211 = VECTOR('',#4212,1.);
#4212 = DIRECTION('',(-0.653172842954,0.757208846506,0.));
#4213 = PCURVE('',#72,#4214);
#4214 = DEFINITIONAL_REPRESENTATION('',(#4215),#4219);
#4215 = LINE('',#4216,#4217);
#4216 = CARTESIAN_POINT('',(34.785470401323,28.547697787364));
#4217 = VECTOR('',#4218,1.);
#4218 = DIRECTION('',(-0.653172842954,0.757208846506));
#4219 = ( GEOMETRIC_REPRESENTATION_CONTEXT(2) 
PARAMETRIC_REPRESENTATION_CONTEXT() REPRESENTATION_CONTEXT('2D SPACE',''
  ) );
#4220 = PCURVE('',#642,#4221);
#4221 = DEFINITIONAL_REPRESENTATION('',(#4222),#4226);
#4222 = LINE('',#4223,#4224);
#4223 = CARTESIAN_POINT('',(0.,-4.));
#4224 = VECTOR('',#4225,1.);
#4225 = DIRECTION('',(1.,0.));
#4226 = ( GEOMETRIC_REPRESENTATION_CONTEXT(2) 
PARAMETRIC_REPRESENTATION_CONTEXT() REPRESENTATION_CONTEXT('2D SPACE',''
  ) );
#4227 = ORIENTED_EDGE('',*,*,#4228,.T.);
#4228 = EDGE_CURVE('',#4206,#4229,#4231,.T.);
#4229 = VERTEX_POINT('',#4230);
#4230 = CARTESIAN_POINT('',(31.819805153395,31.819805153395,4.));
#4231 = SURFACE_CURVE('',#4232,(#4236,#4243),.PCURVE_S1.);
#4232 = LINE('',#4233,#4234);
#4233 = CARTESIAN_POINT('',(33.342800640973,30.220152968116,4.));
#4234 = VECTOR('',#4235,1.);
#4235 = DIRECTION('',(-0.689540544737,0.724247082951,0.));
#4236 = PCURVE('',#72,#4237);
#4237 = DEFINITIONAL_REPRESENTATION('',(#4238),#4242);
#4238 = LINE('',#4239,#4240);
#4239 = CARTESIAN_POINT('',(33.342800640973,30.220152968116));
#4240 = VECTOR('',#4241,1.);
#4241 = DIRECTION('',(-0.689540544737,0.724247082951));
#4242 = ( GEOMETRIC_REPRESENTATION_CONTEXT(2) 
PARAMETRIC_REPRESENTATION_CONTEXT() REPRESENTATION_CONTEXT('2D SPACE',''
  ) );
#4243 = PCURVE('',#670,#4244);
#4244 = DEFINITIONAL_REPRESENTATION('',(#4245),#4249);
#4245 = LINE('',#4246,#4247);
#4246 = CARTESIAN_POINT('',(0.,-4.));
#4247 = VECTOR('',#4248,1.);
#4248 = DIRECTION('',(1.,0.));
#4249 = ( GEOMETRIC_REPRESENTATION_CONTEXT(2) 
PARAMETRIC_REPRESENTATION_CONTEXT() REPRESENTATION_CONTEXT('2D SPACE',''
  ) );
#4250 = ORIENTED_EDGE('',*,*,#4251,.T.);
#4251 = EDGE_CURVE('',#4229,#4252,#4254,.T.);
#4252 = VERTEX_POINT('',#4253);
#4253 = CARTESIAN_POINT('',(30.220152968116,33.342800640973,4.));
#4254 = SURFACE_CURVE('',#4255,(#4259,#4266),.PCURVE_S1.);
#4255 = LINE('',#4256,#4257);
#4256 = CARTESIAN_POINT('',(31.819805153395,31.819805153395,4.));
#4257 = VECTOR('',#4258,1.);
#4258 = DIRECTION('',(-0.724247082951,0.689540544737,0.));
#4259 = PCURVE('',#72,#4260);
#4260 = DEFINITIONAL_REPRESENTATION('',(#4261),#4265);
#4261 = LINE('',#4262,#4263);
#4262 = CARTESIAN_POINT('',(31.819805153395,31.819805153395));
#4263 = VECTOR('',#4264,1.);
#4264 = DIRECTION('',(-0.724247082951,0.689540544737));
#4265 = ( GEOMETRIC_REPRESENTATION_CONTEXT(2) 
PARAMETRIC_REPRESENTATION_CONTEXT() REPRESENTATION_CONTEXT('2D SPACE',''
  ) );
#4266 = PCURVE('',#698,#4267);
#4267 = DEFINITIONAL_REPRESENTATION('',(#4268),#4272);
#4268 = LINE('',#4269,#4270);
#4269 = CARTESIAN_POINT('',(0.,-4.));
#4270 = VECTOR('',#4271,1.);
#4271 = DIRECTION('',(1.,0.));
#4272 = ( GEOMETRIC_REPRESENTATION_CONTEXT(2) 
PARAMETRIC_REPRESENTATION_CONTEXT() REPRESENTATION_CONTEXT('2D SPACE',''
  ) );
#4273 = ORIENTED_EDGE('',*,*,#4274,.T.);
#4274 = EDGE_CURVE('',#4252,#4275,#4277,.T.);
#4275 = VERTEX_POINT('',#4276);
#4276 = CARTESIAN_POINT('',(28.547697787364,34.785470401323,4.));
#4277 = SURFACE_CURVE('',#4278,(#4282,#4289),.PCURVE_S1.);
#4278 = LINE('',#4279,#4280);
#4279 = CARTESIAN_POINT('',(30.220152968116,33.342800640973,4.));
#4280 = VECTOR('',#4281,1.);
#4281 = DIRECTION('',(-0.757208846506,0.653172842954,0.));
#4282 = PCURVE('',#72,#4283);
#4283 = DEFINITIONAL_REPRESENTATION('',(#4284),#4288);
#4284 = LINE('',#4285,#4286);
#4285 = CARTESIAN_POINT('',(30.220152968116,33.342800640973));
#4286 = VECTOR('',#4287,1.);
#4287 = DIRECTION('',(-0.757208846506,0.653172842954));
#4288 = ( GEOMETRIC_REPRESENTATION_CONTEXT(2) 
PARAMETRIC_REPRESENTATION_CONTEXT() REPRESENTATION_CONTEXT('2D SPACE',''
  ) );
#4289 = PCURVE('',#726,#4290);
#4290 = DEFINITIONAL_REPRESENTATION('',(#4291),#4295);
#4291 = LINE('',#4292,#4293);
#4292 = CARTESIAN_POINT('',(0.,-4.));
#4293 = VECTOR('',#4294,1.);
#4294 = DIRECTION('',(1.,0.));
#4295 = ( GEOMETRIC_REPRESENTATION_CONTEXT(2) 
PARAMETRIC_REPRESENTATION_CONTEXT() REPRESENTATION_CONTEXT('2D SPACE',''
  ) );
#4296 = ORIENTED_EDGE('',*,*,#4297,.T.);
#4297 = EDGE_CURVE('',#4275,#4298,#4300,.T.);
#4298 = VERTEX_POINT('',#4299);
#4299 = CARTESIAN_POINT('',(26.80646870216,36.144338916629,4.));
#4300 = SURFACE_CURVE('',#4301,(#4305,#4312),.PCURVE_S1.);
#4301 = LINE('',#4302,#4303);
#4302 = CARTESIAN_POINT('',(28.547697787364,34.785470401323,4.));
#4303 = VECTOR('',#4304,1.);
#4304 = DIRECTION('',(-0.788346427627,0.615231590581,0.));
#4305 = PCURVE('',#72,#4306);
#4306 = DEFINITIONAL_REPRESENTATION('',(#4307),#4311);
#4307 = LINE('',#4308,#4309);
#4308 = CARTESIAN_POINT('',(28.547697787364,34.785470401323));
#4309 = VECTOR('',#4310,1.);
#4310 = DIRECTION('',(-0.788346427627,0.615231590581));
#4311 = ( GEOMETRIC_REPRESENTATION_CONTEXT(2) 
PARAMETRIC_REPRESENTATION_CONTEXT() REPRESENTATION_CONTEXT('2D SPACE',''
  ) );
#4312 = PCURVE('',#754,#4313);
#4313 = DEFINITIONAL_REPRESENTATION('',(#4314),#4318);
#4314 = LINE('',#4315,#4316);
#4315 = CARTESIAN_POINT('',(0.,-4.));
#4316 = VECTOR('',#4317,1.);
#4317 = DIRECTION('',(1.,0.));
#4318 = ( GEOMETRIC_REPRESENTATION_CONTEXT(2) 
PARAMETRIC_REPRESENTATION_CONTEXT() REPRESENTATION_CONTEXT('2D SPACE',''
  ) );
#4319 = ORIENTED_EDGE('',*,*,#4320,.T.);
#4320 = EDGE_CURVE('',#4298,#4321,#4323,.T.);
#4321 = VERTEX_POINT('',#4322);
#4322 = CARTESIAN_POINT('',(25.000660485882,37.416132553615,4.));
#4323 = SURFACE_CURVE('',#4324,(#4328,#4335),.PCURVE_S1.);
#4324 = LINE('',#4325,#4326);
#4325 = CARTESIAN_POINT('',(26.80646870216,36.144338916629,4.));
#4326 = VECTOR('',#4327,1.);
#4327 = DIRECTION('',(-0.817584813152,0.575808191418,0.));
#4328 = PCURVE('',#72,#4329);
#4329 = DEFINITIONAL_REPRESENTATION('',(#4330),#4334);
#4330 = LINE('',#4331,#4332);
#4331 = CARTESIAN_POINT('',(26.80646870216,36.144338916629));
#4332 = VECTOR('',#4333,1.);
#4333 = DIRECTION('',(-0.817584813152,0.575808191418));
#4334 = ( GEOMETRIC_REPRESENTATION_CONTEXT(2) 
PARAMETRIC_REPRESENTATION_CONTEXT() REPRESENTATION_CONTEXT('2D SPACE',''
  ) );
#4335 = PCURVE('',#782,#4336);
#4336 = DEFINITIONAL_REPRESENTATION('',(#4337),#4341);
#4337 = LINE('',#4338,#4339);
#4338 = CARTESIAN_POINT('',(0.,-4.));
#4339 = VECTOR('',#4340,1.);
#4340 = DIRECTION('',(1.,0.));
#4341 = ( GEOMETRIC_REPRESENTATION_CONTEXT(2) 
PARAMETRIC_REPRESENTATION_CONTEXT() REPRESENTATION_CONTEXT('2D SPACE',''
  ) );
#4342 = ORIENTED_EDGE('',*,*,#4343,.T.);
#4343 = EDGE_CURVE('',#4321,#4344,#4346,.T.);
#4344 = VERTEX_POINT('',#4345);
#4345 = CARTESIAN_POINT('',(23.134623488695,38.597787450012,4.));
#4346 = SURFACE_CURVE('',#4347,(#4351,#4358),.PCURVE_S1.);
#4347 = LINE('',#4348,#4349);
#4348 = CARTESIAN_POINT('',(25.000660485882,37.416132553615,4.));
#4349 = VECTOR('',#4350,1.);
#4350 = DIRECTION('',(-0.84485356525,0.534997619887,0.));
#4351 = PCURVE('',#72,#4352);
#4352 = DEFINITIONAL_REPRESENTATION('',(#4353),#4357);
#4353 = LINE('',#4354,#4355);
#4354 = CARTESIAN_POINT('',(25.000660485882,37.416132553615));
#4355 = VECTOR('',#4356,1.);
#4356 = DIRECTION('',(-0.84485356525,0.534997619887));
#4357 = ( GEOMETRIC_REPRESENTATION_CONTEXT(2) 
PARAMETRIC_REPRESENTATION_CONTEXT() REPRESENTATION_CONTEXT('2D SPACE',''
  ) );
#4358 = PCURVE('',#810,#4359);
#4359 = DEFINITIONAL_REPRESENTATION('',(#4360),#4364);
#4360 = LINE('',#4361,#4362);
#4361 = CARTESIAN_POINT('',(0.,-4.));
#4362 = VECTOR('',#4363,1.);
#4363 = DIRECTION('',(1.,0.));
#4364 = ( GEOMETRIC_REPRESENTATION_CONTEXT(2) 
PARAMETRIC_REPRESENTATION_CONTEXT() REPRESENTATION_CONTEXT('2D SPACE',''
  ) );
#4365 = ORIENTED_EDGE('',*,*,#4366,.T.);
#4366 = EDGE_CURVE('',#4344,#4367,#4369,.T.);
#4367 = VERTEX_POINT('',#4368);
#4368 = CARTESIAN_POINT('',(21.21285315717,39.686456895676,4.));
#4369 = SURFACE_CURVE('',#4370,(#4374,#4381),.PCURVE_S1.);
#4370 = LINE('',#4371,#4372);
#4371 = CARTESIAN_POINT('',(23.134623488695,38.597787450012,4.));
#4372 = VECTOR('',#4373,1.);
#4373 = DIRECTION('',(-0.870086991109,0.49289819223,0.));
#4374 = PCURVE('',#72,#4375);
#4375 = DEFINITIONAL_REPRESENTATION('',(#4376),#4380);
#4376 = LINE('',#4377,#4378);
#4377 = CARTESIAN_POINT('',(23.134623488695,38.597787450012));
#4378 = VECTOR('',#4379,1.);
#4379 = DIRECTION('',(-0.870086991109,0.49289819223));
#4380 = ( GEOMETRIC_REPRESENTATION_CONTEXT(2) 
PARAMETRIC_REPRESENTATION_CONTEXT() REPRESENTATION_CONTEXT('2D SPACE',''
  ) );
#4381 = PCURVE('',#838,#4382);
#4382 = DEFINITIONAL_REPRESENTATION('',(#4383),#4387);
#4383 = LINE('',#4384,#4385);
#4384 = CARTESIAN_POINT('',(0.,-4.));
#4385 = VECTOR('',#4386,1.);
#4386 = DIRECTION('',(1.,0.));
#4387 = ( GEOMETRIC_REPRESENTATION_CONTEXT(2) 
PARAMETRIC_REPRESENTATION_CONTEXT() REPRESENTATION_CONTEXT('2D SPACE',''
  ) );
#4388 = ORIENTED_EDGE('',*,*,#4389,.T.);
#4389 = EDGE_CURVE('',#4367,#4390,#4392,.T.);
#4390 = VERTEX_POINT('',#4391);
#4391 = CARTESIAN_POINT('',(19.239979204363,40.679518190555,4.));
#4392 = SURFACE_CURVE('',#4393,(#4397,#4404),.PCURVE_S1.);
#4393 = LINE('',#4394,#4395);
#4394 = CARTESIAN_POINT('',(21.21285315717,39.686456895676,4.));
#4395 = VECTOR('',#4396,1.);
#4396 = DIRECTION('',(-0.893224301196,0.449611329655,0.));
#4397 = PCURVE('',#72,#4398);
#4398 = DEFINITIONAL_REPRESENTATION('',(#4399),#4403);
#4399 = LINE('',#4400,#4401);
#4400 = CARTESIAN_POINT('',(21.21285315717,39.686456895676));
#4401 = VECTOR('',#4402,1.);
#4402 = DIRECTION('',(-0.893224301196,0.449611329655));
#4403 = ( GEOMETRIC_REPRESENTATION_CONTEXT(2) 
PARAMETRIC_REPRESENTATION_CONTEXT() REPRESENTATION_CONTEXT('2D SPACE',''
  ) );
#4404 = PCURVE('',#866,#4405);
#4405 = DEFINITIONAL_REPRESENTATION('',(#4406),#4410);
#4406 = LINE('',#4407,#4408);
#4407 = CARTESIAN_POINT('',(0.,-4.));
#4408 = VECTOR('',#4409,1.);
#4409 = DIRECTION('',(1.,0.));
#4410 = ( GEOMETRIC_REPRESENTATION_CONTEXT(2) 
PARAMETRIC_REPRESENTATION_CONTEXT() REPRESENTATION_CONTEXT('2D SPACE',''
  ) );
#4411 = ORIENTED_EDGE('',*,*,#4412,.T.);
#4412 = EDGE_CURVE('',#4390,#4413,#4415,.T.);
#4413 = VERTEX_POINT('',#4414);
#4414 = CARTESIAN_POINT('',(17.220754456429,41.574578963008,4.));
#4415 = SURFACE_CURVE('',#4416,(#4420,#4427),.PCURVE_S1.);
#4416 = LINE('',#4417,#4418);
#4417 = CARTESIAN_POINT('',(19.239979204363,40.679518190555,4.));
#4418 = VECTOR('',#4419,1.);
#4419 = DIRECTION('',(-0.914209755704,0.405241314005,0.));
#4420 = PCURVE('',#72,#4421);
#4421 = DEFINITIONAL_REPRESENTATION('',(#4422),#4426);
#4422 = LINE('',#4423,#4424);
#4423 = CARTESIAN_POINT('',(19.239979204363,40.679518190555));
#4424 = VECTOR('',#4425,1.);
#4425 = DIRECTION('',(-0.914209755704,0.405241314005));
#4426 = ( GEOMETRIC_REPRESENTATION_CONTEXT(2) 
PARAMETRIC_REPRESENTATION_CONTEXT() REPRESENTATION_CONTEXT('2D SPACE',''
  ) );
#4427 = PCURVE('',#894,#4428);
#4428 = DEFINITIONAL_REPRESENTATION('',(#4429),#4433);
#4429 = LINE('',#4430,#4431);
#4430 = CARTESIAN_POINT('',(0.,-4.));
#4431 = VECTOR('',#4432,1.);
#4432 = DIRECTION('',(1.,0.));
#4433 = ( GEOMETRIC_REPRESENTATION_CONTEXT(2) 
PARAMETRIC_REPRESENTATION_CONTEXT() REPRESENTATION_CONTEXT('2D SPACE',''
  ) );
#4434 = ORIENTED_EDGE('',*,*,#4435,.T.);
#4435 = EDGE_CURVE('',#4413,#4436,#4438,.T.);
#4436 = VERTEX_POINT('',#4437);
#4437 = CARTESIAN_POINT('',(15.16004340265,42.369482933236,4.));
#4438 = SURFACE_CURVE('',#4439,(#4443,#4450),.PCURVE_S1.);
#4439 = LINE('',#4440,#4441);
#4440 = CARTESIAN_POINT('',(17.220754456429,41.574578963008,4.));
#4441 = VECTOR('',#4442,1.);
#4442 = DIRECTION('',(-0.932992798835,0.359895036535,0.));
#4443 = PCURVE('',#72,#4444);
#4444 = DEFINITIONAL_REPRESENTATION('',(#4445),#4449);
#4445 = LINE('',#4446,#4447);
#4446 = CARTESIAN_POINT('',(17.220754456429,41.574578963008));
#4447 = VECTOR('',#4448,1.);
#4448 = DIRECTION('',(-0.932992798835,0.359895036535));
#4449 = ( GEOMETRIC_REPRESENTATION_CONTEXT(2) 
PARAMETRIC_REPRESENTATION_CONTEXT() REPRESENTATION_CONTEXT('2D SPACE',''
  ) );
#4450 = PCURVE('',#922,#4451);
#4451 = DEFINITIONAL_REPRESENTATION('',(#4452),#4456);
#4452 = LINE('',#4453,#4454);
#4453 = CARTESIAN_POINT('',(0.,-4.));
#4454 = VECTOR('',#4455,1.);
#4455 = DIRECTION('',(1.,0.));
#4456 = ( GEOMETRIC_REPRESENTATION_CONTEXT(2) 
PARAMETRIC_REPRESENTATION_CONTEXT() REPRESENTATION_CONTEXT('2D SPACE',''
  ) );
#4457 = ORIENTED_EDGE('',*,*,#4458,.T.);
#4458 = EDGE_CURVE('',#4436,#4459,#4461,.T.);
#4459 = VERTEX_POINT('',#4460);
#4460 = CARTESIAN_POINT('',(13.062810476451,43.062315107949,4.));
#4461 = SURFACE_CURVE('',#4462,(#4466,#4473),.PCURVE_S1.);
#4462 = LINE('',#4463,#4464);
#4463 = CARTESIAN_POINT('',(15.16004340265,42.369482933236,4.));
#4464 = VECTOR('',#4465,1.);
#4465 = DIRECTION('',(-0.949528180593,0.313681740399,0.));
#4466 = PCURVE('',#72,#4467);
#4467 = DEFINITIONAL_REPRESENTATION('',(#4468),#4472);
#4468 = LINE('',#4469,#4470);
#4469 = CARTESIAN_POINT('',(15.16004340265,42.369482933236));
#4470 = VECTOR('',#4471,1.);
#4471 = DIRECTION('',(-0.949528180593,0.313681740399));
#4472 = ( GEOMETRIC_REPRESENTATION_CONTEXT(2) 
PARAMETRIC_REPRESENTATION_CONTEXT() REPRESENTATION_CONTEXT('2D SPACE',''
  ) );
#4473 = PCURVE('',#950,#4474);
#4474 = DEFINITIONAL_REPRESENTATION('',(#4475),#4479);
#4475 = LINE('',#4476,#4477);
#4476 = CARTESIAN_POINT('',(0.,-4.));
#4477 = VECTOR('',#4478,1.);
#4478 = DIRECTION('',(1.,0.));
#4479 = ( GEOMETRIC_REPRESENTATION_CONTEXT(2) 
PARAMETRIC_REPRESENTATION_CONTEXT() REPRESENTATION_CONTEXT('2D SPACE',''
  ) );
#4480 = ORIENTED_EDGE('',*,*,#4481,.T.);
#4481 = EDGE_CURVE('',#4459,#4482,#4484,.T.);
#4482 = VERTEX_POINT('',#4483);
#4483 = CARTESIAN_POINT('',(10.934108095647,43.651406393754,4.));
#4484 = SURFACE_CURVE('',#4485,(#4489,#4496),.PCURVE_S1.);
#4485 = LINE('',#4486,#4487);
#4486 = CARTESIAN_POINT('',(13.062810476451,43.062315107949,4.));
#4487 = VECTOR('',#4488,1.);
#4488 = DIRECTION('',(-0.963776065795,0.266712757475,0.));
#4489 = PCURVE('',#72,#4490);
#4490 = DEFINITIONAL_REPRESENTATION('',(#4491),#4495);
#4491 = LINE('',#4492,#4493);
#4492 = CARTESIAN_POINT('',(13.062810476451,43.062315107949));
#4493 = VECTOR('',#4494,1.);
#4494 = DIRECTION('',(-0.963776065795,0.266712757475));
#4495 = ( GEOMETRIC_REPRESENTATION_CONTEXT(2) 
PARAMETRIC_REPRESENTATION_CONTEXT() REPRESENTATION_CONTEXT('2D SPACE',''
  ) );
#4496 = PCURVE('',#978,#4497);
#4497 = DEFINITIONAL_REPRESENTATION('',(#4498),#4502);
#4498 = LINE('',#4499,#4500);
#4499 = CARTESIAN_POINT('',(0.,-4.));
#4500 = VECTOR('',#4501,1.);
#4501 = DIRECTION('',(1.,0.));
#4502 = ( GEOMETRIC_REPRESENTATION_CONTEXT(2) 
PARAMETRIC_REPRESENTATION_CONTEXT() REPRESENTATION_CONTEXT('2D SPACE',''
  ) );
#4503 = ORIENTED_EDGE('',*,*,#4504,.T.);
#4504 = EDGE_CURVE('',#4482,#4505,#4507,.T.);
#4505 = VERTEX_POINT('',#4506);
#4506 = CARTESIAN_POINT('',(8.779064490726,44.135337618145,4.));
#4507 = SURFACE_CURVE('',#4508,(#4512,#4519),.PCURVE_S1.);
#4508 = LINE('',#4509,#4510);
#4509 = CARTESIAN_POINT('',(10.934108095647,43.651406393754,4.));
#4510 = VECTOR('',#4511,1.);
#4511 = DIRECTION('',(-0.975702130039,0.219101240157,0.));
#4512 = PCURVE('',#72,#4513);
#4513 = DEFINITIONAL_REPRESENTATION('',(#4514),#4518);
#4514 = LINE('',#4515,#4516);
#4515 = CARTESIAN_POINT('',(10.934108095647,43.651406393754));
#4516 = VECTOR('',#4517,1.);
#4517 = DIRECTION('',(-0.975702130039,0.219101240157));
#4518 = ( GEOMETRIC_REPRESENTATION_CONTEXT(2) 
PARAMETRIC_REPRESENTATION_CONTEXT() REPRESENTATION_CONTEXT('2D SPACE',''
  ) );
#4519 = PCURVE('',#1006,#4520);
#4520 = DEFINITIONAL_REPRESENTATION('',(#4521),#4525);
#4521 = LINE('',#4522,#4523);
#4522 = CARTESIAN_POINT('',(0.,-4.));
#4523 = VECTOR('',#4524,1.);
#4524 = DIRECTION('',(1.,0.));
#4525 = ( GEOMETRIC_REPRESENTATION_CONTEXT(2) 
PARAMETRIC_REPRESENTATION_CONTEXT() REPRESENTATION_CONTEXT('2D SPACE',''
  ) );
#4526 = ORIENTED_EDGE('',*,*,#4527,.T.);
#4527 = EDGE_CURVE('',#4505,#4528,#4530,.T.);
#4528 = VERTEX_POINT('',#4529);
#4529 = CARTESIAN_POINT('',(6.602871350491,44.512942948415,4.));
#4530 = SURFACE_CURVE('',#4531,(#4535,#4542),.PCURVE_S1.);
#4531 = LINE('',#4532,#4533);
#4532 = CARTESIAN_POINT('',(8.779064490726,44.135337618145,4.));
#4533 = VECTOR('',#4534,1.);
#4534 = DIRECTION('',(-0.985277642389,0.17096188876,0.));
#4535 = PCURVE('',#72,#4536);
#4536 = DEFINITIONAL_REPRESENTATION('',(#4537),#4541);
#4537 = LINE('',#4538,#4539);
#4538 = CARTESIAN_POINT('',(8.779064490726,44.135337618145));
#4539 = VECTOR('',#4540,1.);
#4540 = DIRECTION('',(-0.985277642389,0.17096188876));
#4541 = ( GEOMETRIC_REPRESENTATION_CONTEXT(2) 
PARAMETRIC_REPRESENTATION_CONTEXT() REPRESENTATION_CONTEXT('2D SPACE',''
  ) );
#4542 = PCURVE('',#1034,#4543);
#4543 = DEFINITIONAL_REPRESENTATION('',(#4544),#4548);
#4544 = LINE('',#4545,#4546);
#4545 = CARTESIAN_POINT('',(0.,-4.));
#4546 = VECTOR('',#4547,1.);
#4547 = DIRECTION('',(1.,0.));
#4548 = ( GEOMETRIC_REPRESENTATION_CONTEXT(2) 
PARAMETRIC_REPRESENTATION_CONTEXT() REPRESENTATION_CONTEXT('2D SPACE',''
  ) );
#4549 = ORIENTED_EDGE('',*,*,#4550,.T.);
#4550 = EDGE_CURVE('',#4528,#4551,#4553,.T.);
#4551 = VERTEX_POINT('',#4552);
#4552 = CARTESIAN_POINT('',(4.41077131483,44.783312700249,4.));
#4553 = SURFACE_CURVE('',#4554,(#4558,#4565),.PCURVE_S1.);
#4554 = LINE('',#4555,#4556);
#4555 = CARTESIAN_POINT('',(6.602871350491,44.512942948415,4.));
#4556 = VECTOR('',#4557,1.);
#4557 = DIRECTION('',(-0.992479534599,0.122410675199,0.));
#4558 = PCURVE('',#72,#4559);
#4559 = DEFINITIONAL_REPRESENTATION('',(#4560),#4564);
#4560 = LINE('',#4561,#4562);
#4561 = CARTESIAN_POINT('',(6.602871350491,44.512942948415));
#4562 = VECTOR('',#4563,1.);
#4563 = DIRECTION('',(-0.992479534599,0.122410675199));
#4564 = ( GEOMETRIC_REPRESENTATION_CONTEXT(2) 
PARAMETRIC_REPRESENTATION_CONTEXT() REPRESENTATION_CONTEXT('2D SPACE',''
  ) );
#4565 = PCURVE('',#1062,#4566);
#4566 = DEFINITIONAL_REPRESENTATION('',(#4567),#4571);
#4567 = LINE('',#4568,#4569);
#4568 = CARTESIAN_POINT('',(0.,-4.));
#4569 = VECTOR('',#4570,1.);
#4570 = DIRECTION('',(1.,0.));
#4571 = ( GEOMETRIC_REPRESENTATION_CONTEXT(2) 
PARAMETRIC_REPRESENTATION_CONTEXT() REPRESENTATION_CONTEXT('2D SPACE',''
  ) );
#4572 = ORIENTED_EDGE('',*,*,#4573,.T.);
#4573 = EDGE_CURVE('',#4551,#4574,#4576,.T.);
#4574 = VERTEX_POINT('',#4575);
#4575 = CARTESIAN_POINT('',(2.208045344734,44.945795529233,4.));
#4576 = SURFACE_CURVE('',#4577,(#4581,#4588),.PCURVE_S1.);
#4577 = LINE('',#4578,#4579);
#4578 = CARTESIAN_POINT('',(4.41077131483,44.783312700249,4.));
#4579 = VECTOR('',#4580,1.);
#4580 = DIRECTION('',(-0.997290456679,7.356456359967E-02,0.));
#4581 = PCURVE('',#72,#4582);
#4582 = DEFINITIONAL_REPRESENTATION('',(#4583),#4587);
#4583 = LINE('',#4584,#4585);
#4584 = CARTESIAN_POINT('',(4.41077131483,44.783312700249));
#4585 = VECTOR('',#4586,1.);
#4586 = DIRECTION('',(-0.997290456679,7.356456359967E-02));
#4587 = ( GEOMETRIC_REPRESENTATION_CONTEXT(2) 
PARAMETRIC_REPRESENTATION_CONTEXT() REPRESENTATION_CONTEXT('2D SPACE',''
  ) );
#4588 = PCURVE('',#1090,#4589);
#4589 = DEFINITIONAL_REPRESENTATION('',(#4590),#4594);
#4590 = LINE('',#4591,#4592);
#4591 = CARTESIAN_POINT('',(0.,-4.));
#4592 = VECTOR('',#4593,1.);
#4593 = DIRECTION('',(1.,0.));
#4594 = ( GEOMETRIC_REPRESENTATION_CONTEXT(2) 
PARAMETRIC_REPRESENTATION_CONTEXT() REPRESENTATION_CONTEXT('2D SPACE',''
  ) );
#4595 = ORIENTED_EDGE('',*,*,#4596,.T.);
#4596 = EDGE_CURVE('',#4574,#4597,#4599,.T.);
#4597 = VERTEX_POINT('',#4598);
#4598 = CARTESIAN_POINT('',(2.755455298082E-15,45.,4.));
#4599 = SURFACE_CURVE('',#4600,(#4604,#4611),.PCURVE_S1.);
#4600 = LINE('',#4601,#4602);
#4601 = CARTESIAN_POINT('',(2.208045344734,44.945795529233,4.));
#4602 = VECTOR('',#4603,1.);
#4603 = DIRECTION('',(-0.999698818696,2.454122852291E-02,0.));
#4604 = PCURVE('',#72,#4605);
#4605 = DEFINITIONAL_REPRESENTATION('',(#4606),#4610);
#4606 = LINE('',#4607,#4608);
#4607 = CARTESIAN_POINT('',(2.208045344734,44.945795529233));
#4608 = VECTOR('',#4609,1.);
#4609 = DIRECTION('',(-0.999698818696,2.454122852291E-02));
#4610 = ( GEOMETRIC_REPRESENTATION_CONTEXT(2) 
PARAMETRIC_REPRESENTATION_CONTEXT() REPRESENTATION_CONTEXT('2D SPACE',''
  ) );
#4611 = PCURVE('',#1118,#4612);
#4612 = DEFINITIONAL_REPRESENTATION('',(#4613),#4617);
#4613 = LINE('',#4614,#4615);
#4614 = CARTESIAN_POINT('',(0.,-4.));
#4615 = VECTOR('',#4616,1.);
#4616 = DIRECTION('',(1.,0.));
#4617 = ( GEOMETRIC_REPRESENTATION_CONTEXT(2) 
PARAMETRIC_REPRESENTATION_CONTEXT() REPRESENTATION_CONTEXT('2D SPACE',''
  ) );
#4618 = ORIENTED_EDGE('',*,*,#4619,.T.);
#4619 = EDGE_CURVE('',#4597,#4620,#4622,.T.);
#4620 = VERTEX_POINT('',#4621);
#4621 = CARTESIAN_POINT('',(-2.208045344734,44.945795529233,4.));
#4622 = SURFACE_CURVE('',#4623,(#4627,#4634),.PCURVE_S1.);
#4623 = LINE('',#4624,#4625);
#4624 = CARTESIAN_POINT('',(2.755455298082E-15,45.,4.));
#4625 = VECTOR('',#4626,1.);
#4626 = DIRECTION('',(-0.999698818696,-2.454122852291E-02,0.));
#4627 = PCURVE('',#72,#4628);
#4628 = DEFINITIONAL_REPRESENTATION('',(#4629),#4633);
#4629 = LINE('',#4630,#4631);
#4630 = CARTESIAN_POINT('',(7.44828752111E-16,45.));
#4631 = VECTOR('',#4632,1.);
#4632 = DIRECTION('',(-0.999698818696,-2.454122852291E-02));
#4633 = ( GEOMETRIC_REPRESENTATION_CONTEXT(2) 
PARAMETRIC_REPRESENTATION_CONTEXT() REPRESENTATION_CONTEXT('2D SPACE',''
  ) );
#4634 = PCURVE('',#1146,#4635);
#4635 = DEFINITIONAL_REPRESENTATION('',(#4636),#4640);
#4636 = LINE('',#4637,#4638);
#4637 = CARTESIAN_POINT('',(0.,-4.));
#4638 = VECTOR('',#4639,1.);
#4639 = DIRECTION('',(1.,0.));
#4640 = ( GEOMETRIC_REPRESENTATION_CONTEXT(2) 
PARAMETRIC_REPRESENTATION_CONTEXT() REPRESENTATION_CONTEXT('2D SPACE',''
  ) );
#4641 = ORIENTED_EDGE('',*,*,#4642,.T.);
#4642 = EDGE_CURVE('',#4620,#4643,#4645,.T.);
#4643 = VERTEX_POINT('',#4644);
#4644 = CARTESIAN_POINT('',(-4.41077131483,44.783312700249,4.));
#4645 = SURFACE_CURVE('',#4646,(#4650,#4657),.PCURVE_S1.);
#4646 = LINE('',#4647,#4648);
#4647 = CARTESIAN_POINT('',(-2.208045344734,44.945795529233,4.));
#4648 = VECTOR('',#4649,1.);
#4649 = DIRECTION('',(-0.997290456679,-7.356456359967E-02,0.));
#4650 = PCURVE('',#72,#4651);
#4651 = DEFINITIONAL_REPRESENTATION('',(#4652),#4656);
#4652 = LINE('',#4653,#4654);
#4653 = CARTESIAN_POINT('',(-2.208045344734,44.945795529233));
#4654 = VECTOR('',#4655,1.);
#4655 = DIRECTION('',(-0.997290456679,-7.356456359967E-02));
#4656 = ( GEOMETRIC_REPRESENTATION_CONTEXT(2) 
PARAMETRIC_REPRESENTATION_CONTEXT() REPRESENTATION_CONTEXT('2D SPACE',''
  ) );
#4657 = PCURVE('',#1174,#4658);
#4658 = DEFINITIONAL_REPRESENTATION('',(#4659),#4663);
#4659 = LINE('',#4660,#4661);
#4660 = CARTESIAN_POINT('',(0.,-4.));
#4661 = VECTOR('',#4662,1.);
#4662 = DIRECTION('',(1.,0.));
#4663 = ( GEOMETRIC_REPRESENTATION_CONTEXT(2) 
PARAMETRIC_REPRESENTATION_CONTEXT() REPRESENTATION_CONTEXT('2D SPACE',''
  ) );
#4664 = ORIENTED_EDGE('',*,*,#4665,.T.);
#4665 = EDGE_CURVE('',#4643,#4666,#4668,.T.);
#4666 = VERTEX_POINT('',#4667);
#4667 = CARTESIAN_POINT('',(-6.602871350491,44.512942948415,4.));
#4668 = SURFACE_CURVE('',#4669,(#4673,#4680),.PCURVE_S1.);
#4669 = LINE('',#4670,#4671);
#4670 = CARTESIAN_POINT('',(-4.41077131483,44.783312700249,4.));
#4671 = VECTOR('',#4672,1.);
#4672 = DIRECTION('',(-0.992479534599,-0.122410675199,0.));
#4673 = PCURVE('',#72,#4674);
#4674 = DEFINITIONAL_REPRESENTATION('',(#4675),#4679);
#4675 = LINE('',#4676,#4677);
#4676 = CARTESIAN_POINT('',(-4.41077131483,44.783312700249));
#4677 = VECTOR('',#4678,1.);
#4678 = DIRECTION('',(-0.992479534599,-0.122410675199));
#4679 = ( GEOMETRIC_REPRESENTATION_CONTEXT(2) 
PARAMETRIC_REPRESENTATION_CONTEXT() REPRESENTATION_CONTEXT('2D SPACE',''
  ) );
#4680 = PCURVE('',#1202,#4681);
#4681 = DEFINITIONAL_REPRESENTATION('',(#4682),#4686);
#4682 = LINE('',#4683,#4684);
#4683 = CARTESIAN_POINT('',(0.,-4.));
#4684 = VECTOR('',#4685,1.);
#4685 = DIRECTION('',(1.,0.));
#4686 = ( GEOMETRIC_REPRESENTATION_CONTEXT(2) 
PARAMETRIC_REPRESENTATION_CONTEXT() REPRESENTATION_CONTEXT('2D SPACE',''
  ) );
#4687 = ORIENTED_EDGE('',*,*,#4688,.T.);
#4688 = EDGE_CURVE('',#4666,#4689,#4691,.T.);
#4689 = VERTEX_POINT('',#4690);
#4690 = CARTESIAN_POINT('',(-8.779064490726,44.135337618145,4.));
#4691 = SURFACE_CURVE('',#4692,(#4696,#4703),.PCURVE_S1.);
#4692 = LINE('',#4693,#4694);
#4693 = CARTESIAN_POINT('',(-6.602871350491,44.512942948415,4.));
#4694 = VECTOR('',#4695,1.);
#4695 = DIRECTION('',(-0.985277642389,-0.17096188876,0.));
#4696 = PCURVE('',#72,#4697);
#4697 = DEFINITIONAL_REPRESENTATION('',(#4698),#4702);
#4698 = LINE('',#4699,#4700);
#4699 = CARTESIAN_POINT('',(-6.602871350491,44.512942948415));
#4700 = VECTOR('',#4701,1.);
#4701 = DIRECTION('',(-0.985277642389,-0.17096188876));
#4702 = ( GEOMETRIC_REPRESENTATION_CONTEXT(2) 
PARAMETRIC_REPRESENTATION_CONTEXT() REPRESENTATION_CONTEXT('2D SPACE',''
  ) );
#4703 = PCURVE('',#1230,#4704);
#4704 = DEFINITIONAL_REPRESENTATION('',(#4705),#4709);
#4705 = LINE('',#4706,#4707);
#4706 = CARTESIAN_POINT('',(0.,-4.));
#4707 = VECTOR('',#4708,1.);
#4708 = DIRECTION('',(1.,0.));
#4709 = ( GEOMETRIC_REPRESENTATION_CONTEXT(2) 
PARAMETRIC_REPRESENTATION_CONTEXT() REPRESENTATION_CONTEXT('2D SPACE',''
  ) );
#4710 = ORIENTED_EDGE('',*,*,#4711,.T.);
#4711 = EDGE_CURVE('',#4689,#4712,#4714,.T.);
#4712 = VERTEX_POINT('',#4713);
#4713 = CARTESIAN_POINT('',(-10.93410809564,43.651406393754,4.));
#4714 = SURFACE_CURVE('',#4715,(#4719,#4726),.PCURVE_S1.);
#4715 = LINE('',#4716,#4717);
#4716 = CARTESIAN_POINT('',(-8.779064490726,44.135337618145,4.));
#4717 = VECTOR('',#4718,1.);
#4718 = DIRECTION('',(-0.975702130039,-0.219101240157,0.));
#4719 = PCURVE('',#72,#4720);
#4720 = DEFINITIONAL_REPRESENTATION('',(#4721),#4725);
#4721 = LINE('',#4722,#4723);
#4722 = CARTESIAN_POINT('',(-8.779064490726,44.135337618145));
#4723 = VECTOR('',#4724,1.);
#4724 = DIRECTION('',(-0.975702130039,-0.219101240157));
#4725 = ( GEOMETRIC_REPRESENTATION_CONTEXT(2) 
PARAMETRIC_REPRESENTATION_CONTEXT() REPRESENTATION_CONTEXT('2D SPACE',''
  ) );
#4726 = PCURVE('',#1258,#4727);
#4727 = DEFINITIONAL_REPRESENTATION('',(#4728),#4732);
#4728 = LINE('',#4729,#4730);
#4729 = CARTESIAN_POINT('',(0.,-4.));
#4730 = VECTOR('',#4731,1.);
#4731 = DIRECTION('',(1.,0.));
#4732 = ( GEOMETRIC_REPRESENTATION_CONTEXT(2) 
PARAMETRIC_REPRESENTATION_CONTEXT() REPRESENTATION_CONTEXT('2D SPACE',''
  ) );
#4733 = ORIENTED_EDGE('',*,*,#4734,.T.);
#4734 = EDGE_CURVE('',#4712,#4735,#4737,.T.);
#4735 = VERTEX_POINT('',#4736);
#4736 = CARTESIAN_POINT('',(-13.06281047645,43.062315107949,4.));
#4737 = SURFACE_CURVE('',#4738,(#4742,#4749),.PCURVE_S1.);
#4738 = LINE('',#4739,#4740);
#4739 = CARTESIAN_POINT('',(-10.93410809564,43.651406393754,4.));
#4740 = VECTOR('',#4741,1.);
#4741 = DIRECTION('',(-0.963776065795,-0.266712757475,0.));
#4742 = PCURVE('',#72,#4743);
#4743 = DEFINITIONAL_REPRESENTATION('',(#4744),#4748);
#4744 = LINE('',#4745,#4746);
#4745 = CARTESIAN_POINT('',(-10.93410809564,43.651406393754));
#4746 = VECTOR('',#4747,1.);
#4747 = DIRECTION('',(-0.963776065795,-0.266712757475));
#4748 = ( GEOMETRIC_REPRESENTATION_CONTEXT(2) 
PARAMETRIC_REPRESENTATION_CONTEXT() REPRESENTATION_CONTEXT('2D SPACE',''
  ) );
#4749 = PCURVE('',#1286,#4750);
#4750 = DEFINITIONAL_REPRESENTATION('',(#4751),#4755);
#4751 = LINE('',#4752,#4753);
#4752 = CARTESIAN_POINT('',(0.,-4.));
#4753 = VECTOR('',#4754,1.);
#4754 = DIRECTION('',(1.,0.));
#4755 = ( GEOMETRIC_REPRESENTATION_CONTEXT(2) 
PARAMETRIC_REPRESENTATION_CONTEXT() REPRESENTATION_CONTEXT('2D SPACE',''
  ) );
#4756 = ORIENTED_EDGE('',*,*,#4757,.T.);
#4757 = EDGE_CURVE('',#4735,#4758,#4760,.T.);
#4758 = VERTEX_POINT('',#4759);
#4759 = CARTESIAN_POINT('',(-15.16004340265,42.369482933236,4.));
#4760 = SURFACE_CURVE('',#4761,(#4765,#4772),.PCURVE_S1.);
#4761 = LINE('',#4762,#4763);
#4762 = CARTESIAN_POINT('',(-13.06281047645,43.062315107949,4.));
#4763 = VECTOR('',#4764,1.);
#4764 = DIRECTION('',(-0.949528180593,-0.313681740399,0.));
#4765 = PCURVE('',#72,#4766);
#4766 = DEFINITIONAL_REPRESENTATION('',(#4767),#4771);
#4767 = LINE('',#4768,#4769);
#4768 = CARTESIAN_POINT('',(-13.06281047645,43.062315107949));
#4769 = VECTOR('',#4770,1.);
#4770 = DIRECTION('',(-0.949528180593,-0.313681740399));
#4771 = ( GEOMETRIC_REPRESENTATION_CONTEXT(2) 
PARAMETRIC_REPRESENTATION_CONTEXT() REPRESENTATION_CONTEXT('2D SPACE',''
  ) );
#4772 = PCURVE('',#1314,#4773);
#4773 = DEFINITIONAL_REPRESENTATION('',(#4774),#4778);
#4774 = LINE('',#4775,#4776);
#4775 = CARTESIAN_POINT('',(0.,-4.));
#4776 = VECTOR('',#4777,1.);
#4777 = DIRECTION('',(1.,0.));
#4778 = ( GEOMETRIC_REPRESENTATION_CONTEXT(2) 
PARAMETRIC_REPRESENTATION_CONTEXT() REPRESENTATION_CONTEXT('2D SPACE',''
  ) );
#4779 = ORIENTED_EDGE('',*,*,#4780,.T.);
#4780 = EDGE_CURVE('',#4758,#4781,#4783,.T.);
#4781 = VERTEX_POINT('',#4782);
#4782 = CARTESIAN_POINT('',(-17.22075445642,41.574578963008,4.));
#4783 = SURFACE_CURVE('',#4784,(#4788,#4795),.PCURVE_S1.);
#4784 = LINE('',#4785,#4786);
#4785 = CARTESIAN_POINT('',(-15.16004340265,42.369482933236,4.));
#4786 = VECTOR('',#4787,1.);
#4787 = DIRECTION('',(-0.932992798835,-0.359895036535,0.));
#4788 = PCURVE('',#72,#4789);
#4789 = DEFINITIONAL_REPRESENTATION('',(#4790),#4794);
#4790 = LINE('',#4791,#4792);
#4791 = CARTESIAN_POINT('',(-15.16004340265,42.369482933236));
#4792 = VECTOR('',#4793,1.);
#4793 = DIRECTION('',(-0.932992798835,-0.359895036535));
#4794 = ( GEOMETRIC_REPRESENTATION_CONTEXT(2) 
PARAMETRIC_REPRESENTATION_CONTEXT() REPRESENTATION_CONTEXT('2D SPACE',''
  ) );
#4795 = PCURVE('',#1342,#4796);
#4796 = DEFINITIONAL_REPRESENTATION('',(#4797),#4801);
#4797 = LINE('',#4798,#4799);
#4798 = CARTESIAN_POINT('',(0.,-4.));
#4799 = VECTOR('',#4800,1.);
#4800 = DIRECTION('',(1.,0.));
#4801 = ( GEOMETRIC_REPRESENTATION_CONTEXT(2) 
PARAMETRIC_REPRESENTATION_CONTEXT() REPRESENTATION_CONTEXT('2D SPACE',''
  ) );
#4802 = ORIENTED_EDGE('',*,*,#4803,.T.);
#4803 = EDGE_CURVE('',#4781,#4804,#4806,.T.);
#4804 = VERTEX_POINT('',#4805);
#4805 = CARTESIAN_POINT('',(-19.23997920436,40.679518190555,4.));
#4806 = SURFACE_CURVE('',#4807,(#4811,#4818),.PCURVE_S1.);
#4807 = LINE('',#4808,#4809);
#4808 = CARTESIAN_POINT('',(-17.22075445642,41.574578963008,4.));
#4809 = VECTOR('',#4810,1.);
#4810 = DIRECTION('',(-0.914209755704,-0.405241314005,0.));
#4811 = PCURVE('',#72,#4812);
#4812 = DEFINITIONAL_REPRESENTATION('',(#4813),#4817);
#4813 = LINE('',#4814,#4815);
#4814 = CARTESIAN_POINT('',(-17.22075445642,41.574578963008));
#4815 = VECTOR('',#4816,1.);
#4816 = DIRECTION('',(-0.914209755704,-0.405241314005));
#4817 = ( GEOMETRIC_REPRESENTATION_CONTEXT(2) 
PARAMETRIC_REPRESENTATION_CONTEXT() REPRESENTATION_CONTEXT('2D SPACE',''
  ) );
#4818 = PCURVE('',#1370,#4819);
#4819 = DEFINITIONAL_REPRESENTATION('',(#4820),#4824);
#4820 = LINE('',#4821,#4822);
#4821 = CARTESIAN_POINT('',(0.,-4.));
#4822 = VECTOR('',#4823,1.);
#4823 = DIRECTION('',(1.,0.));
#4824 = ( GEOMETRIC_REPRESENTATION_CONTEXT(2) 
PARAMETRIC_REPRESENTATION_CONTEXT() REPRESENTATION_CONTEXT('2D SPACE',''
  ) );
#4825 = ORIENTED_EDGE('',*,*,#4826,.T.);
#4826 = EDGE_CURVE('',#4804,#4827,#4829,.T.);
#4827 = VERTEX_POINT('',#4828);
#4828 = CARTESIAN_POINT('',(-21.21285315717,39.686456895676,4.));
#4829 = SURFACE_CURVE('',#4830,(#4834,#4841),.PCURVE_S1.);
#4830 = LINE('',#4831,#4832);
#4831 = CARTESIAN_POINT('',(-19.23997920436,40.679518190555,4.));
#4832 = VECTOR('',#4833,1.);
#4833 = DIRECTION('',(-0.893224301196,-0.449611329655,0.));
#4834 = PCURVE('',#72,#4835);
#4835 = DEFINITIONAL_REPRESENTATION('',(#4836),#4840);
#4836 = LINE('',#4837,#4838);
#4837 = CARTESIAN_POINT('',(-19.23997920436,40.679518190555));
#4838 = VECTOR('',#4839,1.);
#4839 = DIRECTION('',(-0.893224301196,-0.449611329655));
#4840 = ( GEOMETRIC_REPRESENTATION_CONTEXT(2) 
PARAMETRIC_REPRESENTATION_CONTEXT() REPRESENTATION_CONTEXT('2D SPACE',''
  ) );
#4841 = PCURVE('',#1398,#4842);
#4842 = DEFINITIONAL_REPRESENTATION('',(#4843),#4847);
#4843 = LINE('',#4844,#4845);
#4844 = CARTESIAN_POINT('',(0.,-4.));
#4845 = VECTOR('',#4846,1.);
#4846 = DIRECTION('',(1.,0.));
#4847 = ( GEOMETRIC_REPRESENTATION_CONTEXT(2) 
PARAMETRIC_REPRESENTATION_CONTEXT() REPRESENTATION_CONTEXT('2D SPACE',''
  ) );
#4848 = ORIENTED_EDGE('',*,*,#4849,.T.);
#4849 = EDGE_CURVE('',#4827,#4850,#4852,.T.);
#4850 = VERTEX_POINT('',#4851);
#4851 = CARTESIAN_POINT('',(-23.13462348869,38.597787450012,4.));
#4852 = SURFACE_CURVE('',#4853,(#4857,#4864),.PCURVE_S1.);
#4853 = LINE('',#4854,#4855);
#4854 = CARTESIAN_POINT('',(-21.21285315717,39.686456895676,4.));
#4855 = VECTOR('',#4856,1.);
#4856 = DIRECTION('',(-0.870086991109,-0.49289819223,0.));
#4857 = PCURVE('',#72,#4858);
#4858 = DEFINITIONAL_REPRESENTATION('',(#4859),#4863);
#4859 = LINE('',#4860,#4861);
#4860 = CARTESIAN_POINT('',(-21.21285315717,39.686456895676));
#4861 = VECTOR('',#4862,1.);
#4862 = DIRECTION('',(-0.870086991109,-0.49289819223));
#4863 = ( GEOMETRIC_REPRESENTATION_CONTEXT(2) 
PARAMETRIC_REPRESENTATION_CONTEXT() REPRESENTATION_CONTEXT('2D SPACE',''
  ) );
#4864 = PCURVE('',#1426,#4865);
#4865 = DEFINITIONAL_REPRESENTATION('',(#4866),#4870);
#4866 = LINE('',#4867,#4868);
#4867 = CARTESIAN_POINT('',(0.,-4.));
#4868 = VECTOR('',#4869,1.);
#4869 = DIRECTION('',(1.,0.));
#4870 = ( GEOMETRIC_REPRESENTATION_CONTEXT(2) 
PARAMETRIC_REPRESENTATION_CONTEXT() REPRESENTATION_CONTEXT('2D SPACE',''
  ) );
#4871 = ORIENTED_EDGE('',*,*,#4872,.T.);
#4872 = EDGE_CURVE('',#4850,#4873,#4875,.T.);
#4873 = VERTEX_POINT('',#4874);
#4874 = CARTESIAN_POINT('',(-25.00066048588,37.416132553615,4.));
#4875 = SURFACE_CURVE('',#4876,(#4880,#4887),.PCURVE_S1.);
#4876 = LINE('',#4877,#4878);
#4877 = CARTESIAN_POINT('',(-23.13462348869,38.597787450012,4.));
#4878 = VECTOR('',#4879,1.);
#4879 = DIRECTION('',(-0.84485356525,-0.534997619887,0.));
#4880 = PCURVE('',#72,#4881);
#4881 = DEFINITIONAL_REPRESENTATION('',(#4882),#4886);
#4882 = LINE('',#4883,#4884);
#4883 = CARTESIAN_POINT('',(-23.13462348869,38.597787450012));
#4884 = VECTOR('',#4885,1.);
#4885 = DIRECTION('',(-0.84485356525,-0.534997619887));
#4886 = ( GEOMETRIC_REPRESENTATION_CONTEXT(2) 
PARAMETRIC_REPRESENTATION_CONTEXT() REPRESENTATION_CONTEXT('2D SPACE',''
  ) );
#4887 = PCURVE('',#1454,#4888);
#4888 = DEFINITIONAL_REPRESENTATION('',(#4889),#4893);
#4889 = LINE('',#4890,#4891);
#4890 = CARTESIAN_POINT('',(0.,-4.));
#4891 = VECTOR('',#4892,1.);
#4892 = DIRECTION('',(1.,0.));
#4893 = ( GEOMETRIC_REPRESENTATION_CONTEXT(2) 
PARAMETRIC_REPRESENTATION_CONTEXT() REPRESENTATION_CONTEXT('2D SPACE',''
  ) );
#4894 = ORIENTED_EDGE('',*,*,#4895,.T.);
#4895 = EDGE_CURVE('',#4873,#4896,#4898,.T.);
#4896 = VERTEX_POINT('',#4897);
#4897 = CARTESIAN_POINT('',(-26.80646870216,36.144338916629,4.));
#4898 = SURFACE_CURVE('',#4899,(#4903,#4910),.PCURVE_S1.);
#4899 = LINE('',#4900,#4901);
#4900 = CARTESIAN_POINT('',(-25.00066048588,37.416132553615,4.));
#4901 = VECTOR('',#4902,1.);
#4902 = DIRECTION('',(-0.817584813152,-0.575808191418,0.));
#4903 = PCURVE('',#72,#4904);
#4904 = DEFINITIONAL_REPRESENTATION('',(#4905),#4909);
#4905 = LINE('',#4906,#4907);
#4906 = CARTESIAN_POINT('',(-25.00066048588,37.416132553615));
#4907 = VECTOR('',#4908,1.);
#4908 = DIRECTION('',(-0.817584813152,-0.575808191418));
#4909 = ( GEOMETRIC_REPRESENTATION_CONTEXT(2) 
PARAMETRIC_REPRESENTATION_CONTEXT() REPRESENTATION_CONTEXT('2D SPACE',''
  ) );
#4910 = PCURVE('',#1482,#4911);
#4911 = DEFINITIONAL_REPRESENTATION('',(#4912),#4916);
#4912 = LINE('',#4913,#4914);
#4913 = CARTESIAN_POINT('',(0.,-4.));
#4914 = VECTOR('',#4915,1.);
#4915 = DIRECTION('',(1.,0.));
#4916 = ( GEOMETRIC_REPRESENTATION_CONTEXT(2) 
PARAMETRIC_REPRESENTATION_CONTEXT() REPRESENTATION_CONTEXT('2D SPACE',''
  ) );
#4917 = ORIENTED_EDGE('',*,*,#4918,.T.);
#4918 = EDGE_CURVE('',#4896,#4919,#4921,.T.);
#4919 = VERTEX_POINT('',#4920);
#4920 = CARTESIAN_POINT('',(-28.54769778736,34.785470401323,4.));
#4921 = SURFACE_CURVE('',#4922,(#4926,#4933),.PCURVE_S1.);
#4922 = LINE('',#4923,#4924);
#4923 = CARTESIAN_POINT('',(-26.80646870216,36.144338916629,4.));
#4924 = VECTOR('',#4925,1.);
#4925 = DIRECTION('',(-0.788346427627,-0.615231590581,0.));
#4926 = PCURVE('',#72,#4927);
#4927 = DEFINITIONAL_REPRESENTATION('',(#4928),#4932);
#4928 = LINE('',#4929,#4930);
#4929 = CARTESIAN_POINT('',(-26.80646870216,36.144338916629));
#4930 = VECTOR('',#4931,1.);
#4931 = DIRECTION('',(-0.788346427627,-0.615231590581));
#4932 = ( GEOMETRIC_REPRESENTATION_CONTEXT(2) 
PARAMETRIC_REPRESENTATION_CONTEXT() REPRESENTATION_CONTEXT('2D SPACE',''
  ) );
#4933 = PCURVE('',#1510,#4934);
#4934 = DEFINITIONAL_REPRESENTATION('',(#4935),#4939);
#4935 = LINE('',#4936,#4937);
#4936 = CARTESIAN_POINT('',(0.,-4.));
#4937 = VECTOR('',#4938,1.);
#4938 = DIRECTION('',(1.,0.));
#4939 = ( GEOMETRIC_REPRESENTATION_CONTEXT(2) 
PARAMETRIC_REPRESENTATION_CONTEXT() REPRESENTATION_CONTEXT('2D SPACE',''
  ) );
#4940 = ORIENTED_EDGE('',*,*,#4941,.T.);
#4941 = EDGE_CURVE('',#4919,#4942,#4944,.T.);
#4942 = VERTEX_POINT('',#4943);
#4943 = CARTESIAN_POINT('',(-30.22015296811,33.342800640973,4.));
#4944 = SURFACE_CURVE('',#4945,(#4949,#4956),.PCURVE_S1.);
#4945 = LINE('',#4946,#4947);
#4946 = CARTESIAN_POINT('',(-28.54769778736,34.785470401323,4.));
#4947 = VECTOR('',#4948,1.);
#4948 = DIRECTION('',(-0.757208846506,-0.653172842954,0.));
#4949 = PCURVE('',#72,#4950);
#4950 = DEFINITIONAL_REPRESENTATION('',(#4951),#4955);
#4951 = LINE('',#4952,#4953);
#4952 = CARTESIAN_POINT('',(-28.54769778736,34.785470401323));
#4953 = VECTOR('',#4954,1.);
#4954 = DIRECTION('',(-0.757208846506,-0.653172842954));
#4955 = ( GEOMETRIC_REPRESENTATION_CONTEXT(2) 
PARAMETRIC_REPRESENTATION_CONTEXT() REPRESENTATION_CONTEXT('2D SPACE',''
  ) );
#4956 = PCURVE('',#1538,#4957);
#4957 = DEFINITIONAL_REPRESENTATION('',(#4958),#4962);
#4958 = LINE('',#4959,#4960);
#4959 = CARTESIAN_POINT('',(0.,-4.));
#4960 = VECTOR('',#4961,1.);
#4961 = DIRECTION('',(1.,0.));
#4962 = ( GEOMETRIC_REPRESENTATION_CONTEXT(2) 
PARAMETRIC_REPRESENTATION_CONTEXT() REPRESENTATION_CONTEXT('2D SPACE',''
  ) );
#4963 = ORIENTED_EDGE('',*,*,#4964,.T.);
#4964 = EDGE_CURVE('',#4942,#4965,#4967,.T.);
#4965 = VERTEX_POINT('',#4966);
#4966 = CARTESIAN_POINT('',(-31.81980515339,31.819805153395,4.));
#4967 = SURFACE_CURVE('',#4968,(#4972,#4979),.PCURVE_S1.);
#4968 = LINE('',#4969,#4970);
#4969 = CARTESIAN_POINT('',(-30.22015296811,33.342800640973,4.));
#4970 = VECTOR('',#4971,1.);
#4971 = DIRECTION('',(-0.724247082951,-0.689540544737,0.));
#4972 = PCURVE('',#72,#4973);
#4973 = DEFINITIONAL_REPRESENTATION('',(#4974),#4978);
#4974 = LINE('',#4975,#4976);
#4975 = CARTESIAN_POINT('',(-30.22015296811,33.342800640973));
#4976 = VECTOR('',#4977,1.);
#4977 = DIRECTION('',(-0.724247082951,-0.689540544737));
#4978 = ( GEOMETRIC_REPRESENTATION_CONTEXT(2) 
PARAMETRIC_REPRESENTATION_CONTEXT() REPRESENTATION_CONTEXT('2D SPACE',''
  ) );
#4979 = PCURVE('',#1566,#4980);
#4980 = DEFINITIONAL_REPRESENTATION('',(#4981),#4985);
#4981 = LINE('',#4982,#4983);
#4982 = CARTESIAN_POINT('',(0.,-4.));
#4983 = VECTOR('',#4984,1.);
#4984 = DIRECTION('',(1.,0.));
#4985 = ( GEOMETRIC_REPRESENTATION_CONTEXT(2) 
PARAMETRIC_REPRESENTATION_CONTEXT() REPRESENTATION_CONTEXT('2D SPACE',''
  ) );
#4986 = ORIENTED_EDGE('',*,*,#4987,.T.);
#4987 = EDGE_CURVE('',#4965,#4988,#4990,.T.);
#4988 = VERTEX_POINT('',#4989);
#4989 = CARTESIAN_POINT('',(-33.34280064097,30.220152968116,4.));
#4990 = SURFACE_CURVE('',#4991,(#4995,#5002),.PCURVE_S1.);
#4991 = LINE('',#4992,#4993);
#4992 = CARTESIAN_POINT('',(-31.81980515339,31.819805153395,4.));
#4993 = VECTOR('',#4994,1.);
#4994 = DIRECTION('',(-0.689540544737,-0.724247082951,0.));
#4995 = PCURVE('',#72,#4996);
#4996 = DEFINITIONAL_REPRESENTATION('',(#4997),#5001);
#4997 = LINE('',#4998,#4999);
#4998 = CARTESIAN_POINT('',(-31.81980515339,31.819805153395));
#4999 = VECTOR('',#5000,1.);
#5000 = DIRECTION('',(-0.689540544737,-0.724247082951));
#5001 = ( GEOMETRIC_REPRESENTATION_CONTEXT(2) 
PARAMETRIC_REPRESENTATION_CONTEXT() REPRESENTATION_CONTEXT('2D SPACE',''
  ) );
#5002 = PCURVE('',#1594,#5003);
#5003 = DEFINITIONAL_REPRESENTATION('',(#5004),#5008);
#5004 = LINE('',#5005,#5006);
#5005 = CARTESIAN_POINT('',(0.,-4.));
#5006 = VECTOR('',#5007,1.);
#5007 = DIRECTION('',(1.,0.));
#5008 = ( GEOMETRIC_REPRESENTATION_CONTEXT(2) 
PARAMETRIC_REPRESENTATION_CONTEXT() REPRESENTATION_CONTEXT('2D SPACE',''
  ) );
#5009 = ORIENTED_EDGE('',*,*,#5010,.T.);
#5010 = EDGE_CURVE('',#4988,#5011,#5013,.T.);
#5011 = VERTEX_POINT('',#5012);
#5012 = CARTESIAN_POINT('',(-34.78547040132,28.547697787364,4.));
#5013 = SURFACE_CURVE('',#5014,(#5018,#5025),.PCURVE_S1.);
#5014 = LINE('',#5015,#5016);
#5015 = CARTESIAN_POINT('',(-33.34280064097,30.220152968116,4.));
#5016 = VECTOR('',#5017,1.);
#5017 = DIRECTION('',(-0.653172842954,-0.757208846506,0.));
#5018 = PCURVE('',#72,#5019);
#5019 = DEFINITIONAL_REPRESENTATION('',(#5020),#5024);
#5020 = LINE('',#5021,#5022);
#5021 = CARTESIAN_POINT('',(-33.34280064097,30.220152968116));
#5022 = VECTOR('',#5023,1.);
#5023 = DIRECTION('',(-0.653172842954,-0.757208846506));
#5024 = ( GEOMETRIC_REPRESENTATION_CONTEXT(2) 
PARAMETRIC_REPRESENTATION_CONTEXT() REPRESENTATION_CONTEXT('2D SPACE',''
  ) );
#5025 = PCURVE('',#1622,#5026);
#5026 = DEFINITIONAL_REPRESENTATION('',(#5027),#5031);
#5027 = LINE('',#5028,#5029);
#5028 = CARTESIAN_POINT('',(0.,-4.));
#5029 = VECTOR('',#5030,1.);
#5030 = DIRECTION('',(1.,0.));
#5031 = ( GEOMETRIC_REPRESENTATION_CONTEXT(2) 
PARAMETRIC_REPRESENTATION_CONTEXT() REPRESENTATION_CONTEXT('2D SPACE',''
  ) );
#5032 = ORIENTED_EDGE('',*,*,#5033,.T.);
#5033 = EDGE_CURVE('',#5011,#5034,#5036,.T.);
#5034 = VERTEX_POINT('',#5035);
#5035 = CARTESIAN_POINT('',(-36.14433891662,26.80646870216,4.));
#5036 = SURFACE_CURVE('',#5037,(#5041,#5048),.PCURVE_S1.);
#5037 = LINE('',#5038,#5039);
#5038 = CARTESIAN_POINT('',(-34.78547040132,28.547697787364,4.));
#5039 = VECTOR('',#5040,1.);
#5040 = DIRECTION('',(-0.615231590581,-0.788346427627,0.));
#5041 = PCURVE('',#72,#5042);
#5042 = DEFINITIONAL_REPRESENTATION('',(#5043),#5047);
#5043 = LINE('',#5044,#5045);
#5044 = CARTESIAN_POINT('',(-34.78547040132,28.547697787364));
#5045 = VECTOR('',#5046,1.);
#5046 = DIRECTION('',(-0.615231590581,-0.788346427627));
#5047 = ( GEOMETRIC_REPRESENTATION_CONTEXT(2) 
PARAMETRIC_REPRESENTATION_CONTEXT() REPRESENTATION_CONTEXT('2D SPACE',''
  ) );
#5048 = PCURVE('',#1650,#5049);
#5049 = DEFINITIONAL_REPRESENTATION('',(#5050),#5054);
#5050 = LINE('',#5051,#5052);
#5051 = CARTESIAN_POINT('',(0.,-4.));
#5052 = VECTOR('',#5053,1.);
#5053 = DIRECTION('',(1.,0.));
#5054 = ( GEOMETRIC_REPRESENTATION_CONTEXT(2) 
PARAMETRIC_REPRESENTATION_CONTEXT() REPRESENTATION_CONTEXT('2D SPACE',''
  ) );
#5055 = ORIENTED_EDGE('',*,*,#5056,.T.);
#5056 = EDGE_CURVE('',#5034,#5057,#5059,.T.);
#5057 = VERTEX_POINT('',#5058);
#5058 = CARTESIAN_POINT('',(-37.41613255361,25.000660485882,4.));
#5059 = SURFACE_CURVE('',#5060,(#5064,#5071),.PCURVE_S1.);
#5060 = LINE('',#5061,#5062);
#5061 = CARTESIAN_POINT('',(-36.14433891662,26.80646870216,4.));
#5062 = VECTOR('',#5063,1.);
#5063 = DIRECTION('',(-0.575808191418,-0.817584813152,0.));
#5064 = PCURVE('',#72,#5065);
#5065 = DEFINITIONAL_REPRESENTATION('',(#5066),#5070);
#5066 = LINE('',#5067,#5068);
#5067 = CARTESIAN_POINT('',(-36.14433891662,26.80646870216));
#5068 = VECTOR('',#5069,1.);
#5069 = DIRECTION('',(-0.575808191418,-0.817584813152));
#5070 = ( GEOMETRIC_REPRESENTATION_CONTEXT(2) 
PARAMETRIC_REPRESENTATION_CONTEXT() REPRESENTATION_CONTEXT('2D SPACE',''
  ) );
#5071 = PCURVE('',#1678,#5072);
#5072 = DEFINITIONAL_REPRESENTATION('',(#5073),#5077);
#5073 = LINE('',#5074,#5075);
#5074 = CARTESIAN_POINT('',(0.,-4.));
#5075 = VECTOR('',#5076,1.);
#5076 = DIRECTION('',(1.,0.));
#5077 = ( GEOMETRIC_REPRESENTATION_CONTEXT(2) 
PARAMETRIC_REPRESENTATION_CONTEXT() REPRESENTATION_CONTEXT('2D SPACE',''
  ) );
#5078 = ORIENTED_EDGE('',*,*,#5079,.T.);
#5079 = EDGE_CURVE('',#5057,#5080,#5082,.T.);
#5080 = VERTEX_POINT('',#5081);
#5081 = CARTESIAN_POINT('',(-38.59778745001,23.134623488695,4.));
#5082 = SURFACE_CURVE('',#5083,(#5087,#5094),.PCURVE_S1.);
#5083 = LINE('',#5084,#5085);
#5084 = CARTESIAN_POINT('',(-37.41613255361,25.000660485882,4.));
#5085 = VECTOR('',#5086,1.);
#5086 = DIRECTION('',(-0.534997619887,-0.84485356525,0.));
#5087 = PCURVE('',#72,#5088);
#5088 = DEFINITIONAL_REPRESENTATION('',(#5089),#5093);
#5089 = LINE('',#5090,#5091);
#5090 = CARTESIAN_POINT('',(-37.41613255361,25.000660485882));
#5091 = VECTOR('',#5092,1.);
#5092 = DIRECTION('',(-0.534997619887,-0.84485356525));
#5093 = ( GEOMETRIC_REPRESENTATION_CONTEXT(2) 
PARAMETRIC_REPRESENTATION_CONTEXT() REPRESENTATION_CONTEXT('2D SPACE',''
  ) );
#5094 = PCURVE('',#1706,#5095);
#5095 = DEFINITIONAL_REPRESENTATION('',(#5096),#5100);
#5096 = LINE('',#5097,#5098);
#5097 = CARTESIAN_POINT('',(0.,-4.));
#5098 = VECTOR('',#5099,1.);
#5099 = DIRECTION('',(1.,0.));
#5100 = ( GEOMETRIC_REPRESENTATION_CONTEXT(2) 
PARAMETRIC_REPRESENTATION_CONTEXT() REPRESENTATION_CONTEXT('2D SPACE',''
  ) );
#5101 = ORIENTED_EDGE('',*,*,#5102,.T.);
#5102 = EDGE_CURVE('',#5080,#5103,#5105,.T.);
#5103 = VERTEX_POINT('',#5104);
#5104 = CARTESIAN_POINT('',(-39.68645689567,21.21285315717,4.));
#5105 = SURFACE_CURVE('',#5106,(#5110,#5117),.PCURVE_S1.);
#5106 = LINE('',#5107,#5108);
#5107 = CARTESIAN_POINT('',(-38.59778745001,23.134623488695,4.));
#5108 = VECTOR('',#5109,1.);
#5109 = DIRECTION('',(-0.49289819223,-0.870086991109,0.));
#5110 = PCURVE('',#72,#5111);
#5111 = DEFINITIONAL_REPRESENTATION('',(#5112),#5116);
#5112 = LINE('',#5113,#5114);
#5113 = CARTESIAN_POINT('',(-38.59778745001,23.134623488695));
#5114 = VECTOR('',#5115,1.);
#5115 = DIRECTION('',(-0.49289819223,-0.870086991109));
#5116 = ( GEOMETRIC_REPRESENTATION_CONTEXT(2) 
PARAMETRIC_REPRESENTATION_CONTEXT() REPRESENTATION_CONTEXT('2D SPACE',''
  ) );
#5117 = PCURVE('',#1734,#5118);
#5118 = DEFINITIONAL_REPRESENTATION('',(#5119),#5123);
#5119 = LINE('',#5120,#5121);
#5120 = CARTESIAN_POINT('',(0.,-4.));
#5121 = VECTOR('',#5122,1.);
#5122 = DIRECTION('',(1.,0.));
#5123 = ( GEOMETRIC_REPRESENTATION_CONTEXT(2) 
PARAMETRIC_REPRESENTATION_CONTEXT() REPRESENTATION_CONTEXT('2D SPACE',''
  ) );
#5124 = ORIENTED_EDGE('',*,*,#5125,.T.);
#5125 = EDGE_CURVE('',#5103,#5126,#5128,.T.);
#5126 = VERTEX_POINT('',#5127);
#5127 = CARTESIAN_POINT('',(-40.67951819055,19.239979204363,4.));
#5128 = SURFACE_CURVE('',#5129,(#5133,#5140),.PCURVE_S1.);
#5129 = LINE('',#5130,#5131);
#5130 = CARTESIAN_POINT('',(-39.68645689567,21.21285315717,4.));
#5131 = VECTOR('',#5132,1.);
#5132 = DIRECTION('',(-0.449611329655,-0.893224301196,0.));
#5133 = PCURVE('',#72,#5134);
#5134 = DEFINITIONAL_REPRESENTATION('',(#5135),#5139);
#5135 = LINE('',#5136,#5137);
#5136 = CARTESIAN_POINT('',(-39.68645689567,21.21285315717));
#5137 = VECTOR('',#5138,1.);
#5138 = DIRECTION('',(-0.449611329655,-0.893224301196));
#5139 = ( GEOMETRIC_REPRESENTATION_CONTEXT(2) 
PARAMETRIC_REPRESENTATION_CONTEXT() REPRESENTATION_CONTEXT('2D SPACE',''
  ) );
#5140 = PCURVE('',#1762,#5141);
#5141 = DEFINITIONAL_REPRESENTATION('',(#5142),#5146);
#5142 = LINE('',#5143,#5144);
#5143 = CARTESIAN_POINT('',(0.,-4.));
#5144 = VECTOR('',#5145,1.);
#5145 = DIRECTION('',(1.,0.));
#5146 = ( GEOMETRIC_REPRESENTATION_CONTEXT(2) 
PARAMETRIC_REPRESENTATION_CONTEXT() REPRESENTATION_CONTEXT('2D SPACE',''
  ) );
#5147 = ORIENTED_EDGE('',*,*,#5148,.T.);
#5148 = EDGE_CURVE('',#5126,#5149,#5151,.T.);
#5149 = VERTEX_POINT('',#5150);
#5150 = CARTESIAN_POINT('',(-41.574578963,17.220754456429,4.));
#5151 = SURFACE_CURVE('',#5152,(#5156,#5163),.PCURVE_S1.);
#5152 = LINE('',#5153,#5154);
#5153 = CARTESIAN_POINT('',(-40.67951819055,19.239979204363,4.));
#5154 = VECTOR('',#5155,1.);
#5155 = DIRECTION('',(-0.405241314005,-0.914209755704,0.));
#5156 = PCURVE('',#72,#5157);
#5157 = DEFINITIONAL_REPRESENTATION('',(#5158),#5162);
#5158 = LINE('',#5159,#5160);
#5159 = CARTESIAN_POINT('',(-40.67951819055,19.239979204363));
#5160 = VECTOR('',#5161,1.);
#5161 = DIRECTION('',(-0.405241314005,-0.914209755704));
#5162 = ( GEOMETRIC_REPRESENTATION_CONTEXT(2) 
PARAMETRIC_REPRESENTATION_CONTEXT() REPRESENTATION_CONTEXT('2D SPACE',''
  ) );
#5163 = PCURVE('',#1790,#5164);
#5164 = DEFINITIONAL_REPRESENTATION('',(#5165),#5169);
#5165 = LINE('',#5166,#5167);
#5166 = CARTESIAN_POINT('',(0.,-4.));
#5167 = VECTOR('',#5168,1.);
#5168 = DIRECTION('',(1.,0.));
#5169 = ( GEOMETRIC_REPRESENTATION_CONTEXT(2) 
PARAMETRIC_REPRESENTATION_CONTEXT() REPRESENTATION_CONTEXT('2D SPACE',''
  ) );
#5170 = ORIENTED_EDGE('',*,*,#5171,.T.);
#5171 = EDGE_CURVE('',#5149,#5172,#5174,.T.);
#5172 = VERTEX_POINT('',#5173);
#5173 = CARTESIAN_POINT('',(-42.36948293323,15.16004340265,4.));
#5174 = SURFACE_CURVE('',#5175,(#5179,#5186),.PCURVE_S1.);
#5175 = LINE('',#5176,#5177);
#5176 = CARTESIAN_POINT('',(-41.574578963,17.220754456429,4.));
#5177 = VECTOR('',#5178,1.);
#5178 = DIRECTION('',(-0.359895036535,-0.932992798835,0.));
#5179 = PCURVE('',#72,#5180);
#5180 = DEFINITIONAL_REPRESENTATION('',(#5181),#5185);
#5181 = LINE('',#5182,#5183);
#5182 = CARTESIAN_POINT('',(-41.574578963,17.220754456429));
#5183 = VECTOR('',#5184,1.);
#5184 = DIRECTION('',(-0.359895036535,-0.932992798835));
#5185 = ( GEOMETRIC_REPRESENTATION_CONTEXT(2) 
PARAMETRIC_REPRESENTATION_CONTEXT() REPRESENTATION_CONTEXT('2D SPACE',''
  ) );
#5186 = PCURVE('',#1818,#5187);
#5187 = DEFINITIONAL_REPRESENTATION('',(#5188),#5192);
#5188 = LINE('',#5189,#5190);
#5189 = CARTESIAN_POINT('',(0.,-4.));
#5190 = VECTOR('',#5191,1.);
#5191 = DIRECTION('',(1.,0.));
#5192 = ( GEOMETRIC_REPRESENTATION_CONTEXT(2) 
PARAMETRIC_REPRESENTATION_CONTEXT() REPRESENTATION_CONTEXT('2D SPACE',''
  ) );
#5193 = ORIENTED_EDGE('',*,*,#5194,.T.);
#5194 = EDGE_CURVE('',#5172,#5195,#5197,.T.);
#5195 = VERTEX_POINT('',#5196);
#5196 = CARTESIAN_POINT('',(-43.06231510794,13.062810476451,4.));
#5197 = SURFACE_CURVE('',#5198,(#5202,#5209),.PCURVE_S1.);
#5198 = LINE('',#5199,#5200);
#5199 = CARTESIAN_POINT('',(-42.36948293323,15.16004340265,4.));
#5200 = VECTOR('',#5201,1.);
#5201 = DIRECTION('',(-0.313681740399,-0.949528180593,0.));
#5202 = PCURVE('',#72,#5203);
#5203 = DEFINITIONAL_REPRESENTATION('',(#5204),#5208);
#5204 = LINE('',#5205,#5206);
#5205 = CARTESIAN_POINT('',(-42.36948293323,15.16004340265));
#5206 = VECTOR('',#5207,1.);
#5207 = DIRECTION('',(-0.313681740399,-0.949528180593));
#5208 = ( GEOMETRIC_REPRESENTATION_CONTEXT(2) 
PARAMETRIC_REPRESENTATION_CONTEXT() REPRESENTATION_CONTEXT('2D SPACE',''
  ) );
#5209 = PCURVE('',#1846,#5210);
#5210 = DEFINITIONAL_REPRESENTATION('',(#5211),#5215);
#5211 = LINE('',#5212,#5213);
#5212 = CARTESIAN_POINT('',(0.,-4.));
#5213 = VECTOR('',#5214,1.);
#5214 = DIRECTION('',(1.,0.));
#5215 = ( GEOMETRIC_REPRESENTATION_CONTEXT(2) 
PARAMETRIC_REPRESENTATION_CONTEXT() REPRESENTATION_CONTEXT('2D SPACE',''
  ) );
#5216 = ORIENTED_EDGE('',*,*,#5217,.T.);
#5217 = EDGE_CURVE('',#5195,#5218,#5220,.T.);
#5218 = VERTEX_POINT('',#5219);
#5219 = CARTESIAN_POINT('',(-43.65140639375,10.934108095647,4.));
#5220 = SURFACE_CURVE('',#5221,(#5225,#5232),.PCURVE_S1.);
#5221 = LINE('',#5222,#5223);
#5222 = CARTESIAN_POINT('',(-43.06231510794,13.062810476451,4.));
#5223 = VECTOR('',#5224,1.);
#5224 = DIRECTION('',(-0.266712757475,-0.963776065795,0.));
#5225 = PCURVE('',#72,#5226);
#5226 = DEFINITIONAL_REPRESENTATION('',(#5227),#5231);
#5227 = LINE('',#5228,#5229);
#5228 = CARTESIAN_POINT('',(-43.06231510794,13.062810476451));
#5229 = VECTOR('',#5230,1.);
#5230 = DIRECTION('',(-0.266712757475,-0.963776065795));
#5231 = ( GEOMETRIC_REPRESENTATION_CONTEXT(2) 
PARAMETRIC_REPRESENTATION_CONTEXT() REPRESENTATION_CONTEXT('2D SPACE',''
  ) );
#5232 = PCURVE('',#1874,#5233);
#5233 = DEFINITIONAL_REPRESENTATION('',(#5234),#5238);
#5234 = LINE('',#5235,#5236);
#5235 = CARTESIAN_POINT('',(0.,-4.));
#5236 = VECTOR('',#5237,1.);
#5237 = DIRECTION('',(1.,0.));
#5238 = ( GEOMETRIC_REPRESENTATION_CONTEXT(2) 
PARAMETRIC_REPRESENTATION_CONTEXT() REPRESENTATION_CONTEXT('2D SPACE',''
  ) );
#5239 = ORIENTED_EDGE('',*,*,#5240,.T.);
#5240 = EDGE_CURVE('',#5218,#5241,#5243,.T.);
#5241 = VERTEX_POINT('',#5242);
#5242 = CARTESIAN_POINT('',(-44.13533761814,8.779064490726,4.));
#5243 = SURFACE_CURVE('',#5244,(#5248,#5255),.PCURVE_S1.);
#5244 = LINE('',#5245,#5246);
#5245 = CARTESIAN_POINT('',(-43.65140639375,10.934108095647,4.));
#5246 = VECTOR('',#5247,1.);
#5247 = DIRECTION('',(-0.219101240157,-0.975702130039,0.));
#5248 = PCURVE('',#72,#5249);
#5249 = DEFINITIONAL_REPRESENTATION('',(#5250),#5254);
#5250 = LINE('',#5251,#5252);
#5251 = CARTESIAN_POINT('',(-43.65140639375,10.934108095647));
#5252 = VECTOR('',#5253,1.);
#5253 = DIRECTION('',(-0.219101240157,-0.975702130039));
#5254 = ( GEOMETRIC_REPRESENTATION_CONTEXT(2) 
PARAMETRIC_REPRESENTATION_CONTEXT() REPRESENTATION_CONTEXT('2D SPACE',''
  ) );
#5255 = PCURVE('',#1902,#5256);
#5256 = DEFINITIONAL_REPRESENTATION('',(#5257),#5261);
#5257 = LINE('',#5258,#5259);
#5258 = CARTESIAN_POINT('',(0.,-4.));
#5259 = VECTOR('',#5260,1.);
#5260 = DIRECTION('',(1.,0.));
#5261 = ( GEOMETRIC_REPRESENTATION_CONTEXT(2) 
PARAMETRIC_REPRESENTATION_CONTEXT() REPRESENTATION_CONTEXT('2D SPACE',''
  ) );
#5262 = ORIENTED_EDGE('',*,*,#5263,.T.);
#5263 = EDGE_CURVE('',#5241,#5264,#5266,.T.);
#5264 = VERTEX_POINT('',#5265);
#5265 = CARTESIAN_POINT('',(-44.51294294841,6.602871350491,4.));
#5266 = SURFACE_CURVE('',#5267,(#5271,#5278),.PCURVE_S1.);
#5267 = LINE('',#5268,#5269);
#5268 = CARTESIAN_POINT('',(-44.13533761814,8.779064490726,4.));
#5269 = VECTOR('',#5270,1.);
#5270 = DIRECTION('',(-0.17096188876,-0.985277642389,0.));
#5271 = PCURVE('',#72,#5272);
#5272 = DEFINITIONAL_REPRESENTATION('',(#5273),#5277);
#5273 = LINE('',#5274,#5275);
#5274 = CARTESIAN_POINT('',(-44.13533761814,8.779064490726));
#5275 = VECTOR('',#5276,1.);
#5276 = DIRECTION('',(-0.17096188876,-0.985277642389));
#5277 = ( GEOMETRIC_REPRESENTATION_CONTEXT(2) 
PARAMETRIC_REPRESENTATION_CONTEXT() REPRESENTATION_CONTEXT('2D SPACE',''
  ) );
#5278 = PCURVE('',#1930,#5279);
#5279 = DEFINITIONAL_REPRESENTATION('',(#5280),#5284);
#5280 = LINE('',#5281,#5282);
#5281 = CARTESIAN_POINT('',(0.,-4.));
#5282 = VECTOR('',#5283,1.);
#5283 = DIRECTION('',(1.,0.));
#5284 = ( GEOMETRIC_REPRESENTATION_CONTEXT(2) 
PARAMETRIC_REPRESENTATION_CONTEXT() REPRESENTATION_CONTEXT('2D SPACE',''
  ) );
#5285 = ORIENTED_EDGE('',*,*,#5286,.T.);
#5286 = EDGE_CURVE('',#5264,#5287,#5289,.T.);
#5287 = VERTEX_POINT('',#5288);
#5288 = CARTESIAN_POINT('',(-44.78331270024,4.41077131483,4.));
#5289 = SURFACE_CURVE('',#5290,(#5294,#5301),.PCURVE_S1.);
#5290 = LINE('',#5291,#5292);
#5291 = CARTESIAN_POINT('',(-44.51294294841,6.602871350491,4.));
#5292 = VECTOR('',#5293,1.);
#5293 = DIRECTION('',(-0.122410675199,-0.992479534599,0.));
#5294 = PCURVE('',#72,#5295);
#5295 = DEFINITIONAL_REPRESENTATION('',(#5296),#5300);
#5296 = LINE('',#5297,#5298);
#5297 = CARTESIAN_POINT('',(-44.51294294841,6.602871350491));
#5298 = VECTOR('',#5299,1.);
#5299 = DIRECTION('',(-0.122410675199,-0.992479534599));
#5300 = ( GEOMETRIC_REPRESENTATION_CONTEXT(2) 
PARAMETRIC_REPRESENTATION_CONTEXT() REPRESENTATION_CONTEXT('2D SPACE',''
  ) );
#5301 = PCURVE('',#1958,#5302);
#5302 = DEFINITIONAL_REPRESENTATION('',(#5303),#5307);
#5303 = LINE('',#5304,#5305);
#5304 = CARTESIAN_POINT('',(0.,-4.));
#5305 = VECTOR('',#5306,1.);
#5306 = DIRECTION('',(1.,0.));
#5307 = ( GEOMETRIC_REPRESENTATION_CONTEXT(2) 
PARAMETRIC_REPRESENTATION_CONTEXT() REPRESENTATION_CONTEXT('2D SPACE',''
  ) );
#5308 = ORIENTED_EDGE('',*,*,#5309,.T.);
#5309 = EDGE_CURVE('',#5287,#5310,#5312,.T.);
#5310 = VERTEX_POINT('',#5311);
#5311 = CARTESIAN_POINT('',(-44.94579552923,2.208045344734,4.));
#5312 = SURFACE_CURVE('',#5313,(#5317,#5324),.PCURVE_S1.);
#5313 = LINE('',#5314,#5315);
#5314 = CARTESIAN_POINT('',(-44.78331270024,4.41077131483,4.));
#5315 = VECTOR('',#5316,1.);
#5316 = DIRECTION('',(-7.356456359967E-02,-0.997290456679,0.));
#5317 = PCURVE('',#72,#5318);
#5318 = DEFINITIONAL_REPRESENTATION('',(#5319),#5323);
#5319 = LINE('',#5320,#5321);
#5320 = CARTESIAN_POINT('',(-44.78331270024,4.41077131483));
#5321 = VECTOR('',#5322,1.);
#5322 = DIRECTION('',(-7.356456359967E-02,-0.997290456679));
#5323 = ( GEOMETRIC_REPRESENTATION_CONTEXT(2) 
PARAMETRIC_REPRESENTATION_CONTEXT() REPRESENTATION_CONTEXT('2D SPACE',''
  ) );
#5324 = PCURVE('',#1986,#5325);
#5325 = DEFINITIONAL_REPRESENTATION('',(#5326),#5330);
#5326 = LINE('',#5327,#5328);
#5327 = CARTESIAN_POINT('',(0.,-4.));
#5328 = VECTOR('',#5329,1.);
#5329 = DIRECTION('',(1.,0.));
#5330 = ( GEOMETRIC_REPRESENTATION_CONTEXT(2) 
PARAMETRIC_REPRESENTATION_CONTEXT() REPRESENTATION_CONTEXT('2D SPACE',''
  ) );
#5331 = ORIENTED_EDGE('',*,*,#5332,.T.);
#5332 = EDGE_CURVE('',#5310,#5333,#5335,.T.);
#5333 = VERTEX_POINT('',#5334);
#5334 = CARTESIAN_POINT('',(-45.,5.510910596163E-15,4.));
#5335 = SURFACE_CURVE('',#5336,(#5340,#5347),.PCURVE_S1.);
#5336 = LINE('',#5337,#5338);
#5337 = CARTESIAN_POINT('',(-44.94579552923,2.208045344734,4.));
#5338 = VECTOR('',#5339,1.);
#5339 = DIRECTION('',(-2.454122852291E-02,-0.999698818696,0.));
#5340 = PCURVE('',#72,#5341);
#5341 = DEFINITIONAL_REPRESENTATION('',(#5342),#5346);
#5342 = LINE('',#5343,#5344);
#5343 = CARTESIAN_POINT('',(-44.94579552923,2.208045344734));
#5344 = VECTOR('',#5345,1.);
#5345 = DIRECTION('',(-2.454122852291E-02,-0.999698818696));
#5346 = ( GEOMETRIC_REPRESENTATION_CONTEXT(2) 
PARAMETRIC_REPRESENTATION_CONTEXT() REPRESENTATION_CONTEXT('2D SPACE',''
  ) );
#5347 = PCURVE('',#2014,#5348);
#5348 = DEFINITIONAL_REPRESENTATION('',(#5349),#5353);
#5349 = LINE('',#5350,#5351);
#5350 = CARTESIAN_POINT('',(0.,-4.));
#5351 = VECTOR('',#5352,1.);
#5352 = DIRECTION('',(1.,0.));
#5353 = ( GEOMETRIC_REPRESENTATION_CONTEXT(2) 
PARAMETRIC_REPRESENTATION_CONTEXT() REPRESENTATION_CONTEXT('2D SPACE',''
  ) );
#5354 = ORIENTED_EDGE('',*,*,#5355,.T.);
#5355 = EDGE_CURVE('',#5333,#5356,#5358,.T.);
#5356 = VERTEX_POINT('',#5357);
#5357 = CARTESIAN_POINT('',(-44.94579552923,-2.208045344734,4.));
#5358 = SURFACE_CURVE('',#5359,(#5363,#5370),.PCURVE_S1.);
#5359 = LINE('',#5360,#5361);
#5360 = CARTESIAN_POINT('',(-45.,5.510910596163E-15,4.));
#5361 = VECTOR('',#5362,1.);
#5362 = DIRECTION('',(2.454122852291E-02,-0.999698818696,0.));
#5363 = PCURVE('',#72,#5364);
#5364 = DEFINITIONAL_REPRESENTATION('',(#5365),#5369);
#5365 = LINE('',#5366,#5367);
#5366 = CARTESIAN_POINT('',(-45.,3.115437562878E-15));
#5367 = VECTOR('',#5368,1.);
#5368 = DIRECTION('',(2.454122852291E-02,-0.999698818696));
#5369 = ( GEOMETRIC_REPRESENTATION_CONTEXT(2) 
PARAMETRIC_REPRESENTATION_CONTEXT() REPRESENTATION_CONTEXT('2D SPACE',''
  ) );
#5370 = PCURVE('',#2042,#5371);
#5371 = DEFINITIONAL_REPRESENTATION('',(#5372),#5376);
#5372 = LINE('',#5373,#5374);
#5373 = CARTESIAN_POINT('',(0.,-4.));
#5374 = VECTOR('',#5375,1.);
#5375 = DIRECTION('',(1.,0.));
#5376 = ( GEOMETRIC_REPRESENTATION_CONTEXT(2) 
PARAMETRIC_REPRESENTATION_CONTEXT() REPRESENTATION_CONTEXT('2D SPACE',''
  ) );
#5377 = ORIENTED_EDGE('',*,*,#5378,.T.);
#5378 = EDGE_CURVE('',#5356,#5379,#5381,.T.);
#5379 = VERTEX_POINT('',#5380);
#5380 = CARTESIAN_POINT('',(-44.78331270024,-4.41077131483,4.));
#5381 = SURFACE_CURVE('',#5382,(#5386,#5393),.PCURVE_S1.);
#5382 = LINE('',#5383,#5384);
#5383 = CARTESIAN_POINT('',(-44.94579552923,-2.208045344734,4.));
#5384 = VECTOR('',#5385,1.);
#5385 = DIRECTION('',(7.356456359967E-02,-0.997290456679,0.));
#5386 = PCURVE('',#72,#5387);
#5387 = DEFINITIONAL_REPRESENTATION('',(#5388),#5392);
#5388 = LINE('',#5389,#5390);
#5389 = CARTESIAN_POINT('',(-44.94579552923,-2.208045344734));
#5390 = VECTOR('',#5391,1.);
#5391 = DIRECTION('',(7.356456359967E-02,-0.997290456679));
#5392 = ( GEOMETRIC_REPRESENTATION_CONTEXT(2) 
PARAMETRIC_REPRESENTATION_CONTEXT() REPRESENTATION_CONTEXT('2D SPACE',''
  ) );
#5393 = PCURVE('',#2070,#5394);
#5394 = DEFINITIONAL_REPRESENTATION('',(#5395),#5399);
#5395 = LINE('',#5396,#5397);
#5396 = CARTESIAN_POINT('',(0.,-4.));
#5397 = VECTOR('',#5398,1.);
#5398 = DIRECTION('',(1.,0.));
#5399 = ( GEOMETRIC_REPRESENTATION_CONTEXT(2) 
PARAMETRIC_REPRESENTATION_CONTEXT() REPRESENTATION_CONTEXT('2D SPACE',''
  ) );
#5400 = ORIENTED_EDGE('',*,*,#5401,.T.);
#5401 = EDGE_CURVE('',#5379,#5402,#5404,.T.);
#5402 = VERTEX_POINT('',#5403);
#5403 = CARTESIAN_POINT('',(-44.51294294841,-6.602871350491,4.));
#5404 = SURFACE_CURVE('',#5405,(#5409,#5416),.PCURVE_S1.);
#5405 = LINE('',#5406,#5407);
#5406 = CARTESIAN_POINT('',(-44.78331270024,-4.41077131483,4.));
#5407 = VECTOR('',#5408,1.);
#5408 = DIRECTION('',(0.122410675199,-0.992479534599,0.));
#5409 = PCURVE('',#72,#5410);
#5410 = DEFINITIONAL_REPRESENTATION('',(#5411),#5415);
#5411 = LINE('',#5412,#5413);
#5412 = CARTESIAN_POINT('',(-44.78331270024,-4.41077131483));
#5413 = VECTOR('',#5414,1.);
#5414 = DIRECTION('',(0.122410675199,-0.992479534599));
#5415 = ( GEOMETRIC_REPRESENTATION_CONTEXT(2) 
PARAMETRIC_REPRESENTATION_CONTEXT() REPRESENTATION_CONTEXT('2D SPACE',''
  ) );
#5416 = PCURVE('',#2098,#5417);
#5417 = DEFINITIONAL_REPRESENTATION('',(#5418),#5422);
#5418 = LINE('',#5419,#5420);
#5419 = CARTESIAN_POINT('',(0.,-4.));
#5420 = VECTOR('',#5421,1.);
#5421 = DIRECTION('',(1.,0.));
#5422 = ( GEOMETRIC_REPRESENTATION_CONTEXT(2) 
PARAMETRIC_REPRESENTATION_CONTEXT() REPRESENTATION_CONTEXT('2D SPACE',''
  ) );
#5423 = ORIENTED_EDGE('',*,*,#5424,.T.);
#5424 = EDGE_CURVE('',#5402,#5425,#5427,.T.);
#5425 = VERTEX_POINT('',#5426);
#5426 = CARTESIAN_POINT('',(-44.13533761814,-8.779064490726,4.));
#5427 = SURFACE_CURVE('',#5428,(#5432,#5439),.PCURVE_S1.);
#5428 = LINE('',#5429,#5430);
#5429 = CARTESIAN_POINT('',(-44.51294294841,-6.602871350491,4.));
#5430 = VECTOR('',#5431,1.);
#5431 = DIRECTION('',(0.17096188876,-0.985277642389,0.));
#5432 = PCURVE('',#72,#5433);
#5433 = DEFINITIONAL_REPRESENTATION('',(#5434),#5438);
#5434 = LINE('',#5435,#5436);
#5435 = CARTESIAN_POINT('',(-44.51294294841,-6.602871350491));
#5436 = VECTOR('',#5437,1.);
#5437 = DIRECTION('',(0.17096188876,-0.985277642389));
#5438 = ( GEOMETRIC_REPRESENTATION_CONTEXT(2) 
PARAMETRIC_REPRESENTATION_CONTEXT() REPRESENTATION_CONTEXT('2D SPACE',''
  ) );
#5439 = PCURVE('',#2126,#5440);
#5440 = DEFINITIONAL_REPRESENTATION('',(#5441),#5445);
#5441 = LINE('',#5442,#5443);
#5442 = CARTESIAN_POINT('',(0.,-4.));
#5443 = VECTOR('',#5444,1.);
#5444 = DIRECTION('',(1.,0.));
#5445 = ( GEOMETRIC_REPRESENTATION_CONTEXT(2) 
PARAMETRIC_REPRESENTATION_CONTEXT() REPRESENTATION_CONTEXT('2D SPACE',''
  ) );
#5446 = ORIENTED_EDGE('',*,*,#5447,.T.);
#5447 = EDGE_CURVE('',#5425,#5448,#5450,.T.);
#5448 = VERTEX_POINT('',#5449);
#5449 = CARTESIAN_POINT('',(-43.65140639375,-10.93410809564,4.));
#5450 = SURFACE_CURVE('',#5451,(#5455,#5462),.PCURVE_S1.);
#5451 = LINE('',#5452,#5453);
#5452 = CARTESIAN_POINT('',(-44.13533761814,-8.779064490726,4.));
#5453 = VECTOR('',#5454,1.);
#5454 = DIRECTION('',(0.219101240157,-0.975702130039,0.));
#5455 = PCURVE('',#72,#5456);
#5456 = DEFINITIONAL_REPRESENTATION('',(#5457),#5461);
#5457 = LINE('',#5458,#5459);
#5458 = CARTESIAN_POINT('',(-44.13533761814,-8.779064490726));
#5459 = VECTOR('',#5460,1.);
#5460 = DIRECTION('',(0.219101240157,-0.975702130039));
#5461 = ( GEOMETRIC_REPRESENTATION_CONTEXT(2) 
PARAMETRIC_REPRESENTATION_CONTEXT() REPRESENTATION_CONTEXT('2D SPACE',''
  ) );
#5462 = PCURVE('',#2154,#5463);
#5463 = DEFINITIONAL_REPRESENTATION('',(#5464),#5468);
#5464 = LINE('',#5465,#5466);
#5465 = CARTESIAN_POINT('',(0.,-4.));
#5466 = VECTOR('',#5467,1.);
#5467 = DIRECTION('',(1.,0.));
#5468 = ( GEOMETRIC_REPRESENTATION_CONTEXT(2) 
PARAMETRIC_REPRESENTATION_CONTEXT() REPRESENTATION_CONTEXT('2D SPACE',''
  ) );
#5469 = ORIENTED_EDGE('',*,*,#5470,.T.);
#5470 = EDGE_CURVE('',#5448,#5471,#5473,.T.);
#5471 = VERTEX_POINT('',#5472);
#5472 = CARTESIAN_POINT('',(-43.06231510794,-13.06281047645,4.));
#5473 = SURFACE_CURVE('',#5474,(#5478,#5485),.PCURVE_S1.);
#5474 = LINE('',#5475,#5476);
#5475 = CARTESIAN_POINT('',(-43.65140639375,-10.93410809564,4.));
#5476 = VECTOR('',#5477,1.);
#5477 = DIRECTION('',(0.266712757475,-0.963776065795,0.));
#5478 = PCURVE('',#72,#5479);
#5479 = DEFINITIONAL_REPRESENTATION('',(#5480),#5484);
#5480 = LINE('',#5481,#5482);
#5481 = CARTESIAN_POINT('',(-43.65140639375,-10.93410809564));
#5482 = VECTOR('',#5483,1.);
#5483 = DIRECTION('',(0.266712757475,-0.963776065795));
#5484 = ( GEOMETRIC_REPRESENTATION_CONTEXT(2) 
PARAMETRIC_REPRESENTATION_CONTEXT() REPRESENTATION_CONTEXT('2D SPACE',''
  ) );
#5485 = PCURVE('',#2182,#5486);
#5486 = DEFINITIONAL_REPRESENTATION('',(#5487),#5491);
#5487 = LINE('',#5488,#5489);
#5488 = CARTESIAN_POINT('',(0.,-4.));
#5489 = VECTOR('',#5490,1.);
#5490 = DIRECTION('',(1.,0.));
#5491 = ( GEOMETRIC_REPRESENTATION_CONTEXT(2) 
PARAMETRIC_REPRESENTATION_CONTEXT() REPRESENTATION_CONTEXT('2D SPACE',''
  ) );
#5492 = ORIENTED_EDGE('',*,*,#5493,.T.);
#5493 = EDGE_CURVE('',#5471,#5494,#5496,.T.);
#5494 = VERTEX_POINT('',#5495);
#5495 = CARTESIAN_POINT('',(-42.36948293323,-15.16004340265,4.));
#5496 = SURFACE_CURVE('',#5497,(#5501,#5508),.PCURVE_S1.);
#5497 = LINE('',#5498,#5499);
#5498 = CARTESIAN_POINT('',(-43.06231510794,-13.06281047645,4.));
#5499 = VECTOR('',#5500,1.);
#5500 = DIRECTION('',(0.313681740399,-0.949528180593,0.));
#5501 = PCURVE('',#72,#5502);
#5502 = DEFINITIONAL_REPRESENTATION('',(#5503),#5507);
#5503 = LINE('',#5504,#5505);
#5504 = CARTESIAN_POINT('',(-43.06231510794,-13.06281047645));
#5505 = VECTOR('',#5506,1.);
#5506 = DIRECTION('',(0.313681740399,-0.949528180593));
#5507 = ( GEOMETRIC_REPRESENTATION_CONTEXT(2) 
PARAMETRIC_REPRESENTATION_CONTEXT() REPRESENTATION_CONTEXT('2D SPACE',''
  ) );
#5508 = PCURVE('',#2210,#5509);
#5509 = DEFINITIONAL_REPRESENTATION('',(#5510),#5514);
#5510 = LINE('',#5511,#5512);
#5511 = CARTESIAN_POINT('',(0.,-4.));
#5512 = VECTOR('',#5513,1.);
#5513 = DIRECTION('',(1.,0.));
#5514 = ( GEOMETRIC_REPRESENTATION_CONTEXT(2) 
PARAMETRIC_REPRESENTATION_CONTEXT() REPRESENTATION_CONTEXT('2D SPACE',''
  ) );
#5515 = ORIENTED_EDGE('',*,*,#5516,.T.);
#5516 = EDGE_CURVE('',#5494,#5517,#5519,.T.);
#5517 = VERTEX_POINT('',#5518);
#5518 = CARTESIAN_POINT('',(-41.574578963,-17.22075445642,4.));
#5519 = SURFACE_CURVE('',#5520,(#5524,#5531),.PCURVE_S1.);
#5520 = LINE('',#5521,#5522);
#5521 = CARTESIAN_POINT('',(-42.36948293323,-15.16004340265,4.));
#5522 = VECTOR('',#5523,1.);
#5523 = DIRECTION('',(0.359895036535,-0.932992798835,0.));
#5524 = PCURVE('',#72,#5525);
#5525 = DEFINITIONAL_REPRESENTATION('',(#5526),#5530);
#5526 = LINE('',#5527,#5528);
#5527 = CARTESIAN_POINT('',(-42.36948293323,-15.16004340265));
#5528 = VECTOR('',#5529,1.);
#5529 = DIRECTION('',(0.359895036535,-0.932992798835));
#5530 = ( GEOMETRIC_REPRESENTATION_CONTEXT(2) 
PARAMETRIC_REPRESENTATION_CONTEXT() REPRESENTATION_CONTEXT('2D SPACE',''
  ) );
#5531 = PCURVE('',#2238,#5532);
#5532 = DEFINITIONAL_REPRESENTATION('',(#5533),#5537);
#5533 = LINE('',#5534,#5535);
#5534 = CARTESIAN_POINT('',(0.,-4.));
#5535 = VECTOR('',#5536,1.);
#5536 = DIRECTION('',(1.,0.));
#5537 = ( GEOMETRIC_REPRESENTATION_CONTEXT(2) 
PARAMETRIC_REPRESENTATION_CONTEXT() REPRESENTATION_CONTEXT('2D SPACE',''
  ) );
#5538 = ORIENTED_EDGE('',*,*,#5539,.T.);
#5539 = EDGE_CURVE('',#5517,#5540,#5542,.T.);
#5540 = VERTEX_POINT('',#5541);
#5541 = CARTESIAN_POINT('',(-40.67951819055,-19.23997920436,4.));
#5542 = SURFACE_CURVE('',#5543,(#5547,#5554),.PCURVE_S1.);
#5543 = LINE('',#5544,#5545);
#5544 = CARTESIAN_POINT('',(-41.574578963,-17.22075445642,4.));
#5545 = VECTOR('',#5546,1.);
#5546 = DIRECTION('',(0.405241314005,-0.914209755704,0.));
#5547 = PCURVE('',#72,#5548);
#5548 = DEFINITIONAL_REPRESENTATION('',(#5549),#5553);
#5549 = LINE('',#5550,#5551);
#5550 = CARTESIAN_POINT('',(-41.574578963,-17.22075445642));
#5551 = VECTOR('',#5552,1.);
#5552 = DIRECTION('',(0.405241314005,-0.914209755704));
#5553 = ( GEOMETRIC_REPRESENTATION_CONTEXT(2) 
PARAMETRIC_REPRESENTATION_CONTEXT() REPRESENTATION_CONTEXT('2D SPACE',''
  ) );
#5554 = PCURVE('',#2266,#5555);
#5555 = DEFINITIONAL_REPRESENTATION('',(#5556),#5560);
#5556 = LINE('',#5557,#5558);
#5557 = CARTESIAN_POINT('',(0.,-4.));
#5558 = VECTOR('',#5559,1.);
#5559 = DIRECTION('',(1.,0.));
#5560 = ( GEOMETRIC_REPRESENTATION_CONTEXT(2) 
PARAMETRIC_REPRESENTATION_CONTEXT() REPRESENTATION_CONTEXT('2D SPACE',''
  ) );
#5561 = ORIENTED_EDGE('',*,*,#5562,.T.);
#5562 = EDGE_CURVE('',#5540,#5563,#5565,.T.);
#5563 = VERTEX_POINT('',#5564);
#5564 = CARTESIAN_POINT('',(-39.68645689567,-21.21285315717,4.));
#5565 = SURFACE_CURVE('',#5566,(#5570,#5577),.PCURVE_S1.);
#5566 = LINE('',#5567,#5568);
#5567 = CARTESIAN_POINT('',(-40.67951819055,-19.23997920436,4.));
#5568 = VECTOR('',#5569,1.);
#5569 = DIRECTION('',(0.449611329655,-0.893224301196,0.));
#5570 = PCURVE('',#72,#5571);
#5571 = DEFINITIONAL_REPRESENTATION('',(#5572),#5576);
#5572 = LINE('',#5573,#5574);
#5573 = CARTESIAN_POINT('',(-40.67951819055,-19.23997920436));
#5574 = VECTOR('',#5575,1.);
#5575 = DIRECTION('',(0.449611329655,-0.893224301196));
#5576 = ( GEOMETRIC_REPRESENTATION_CONTEXT(2) 
PARAMETRIC_REPRESENTATION_CONTEXT() REPRESENTATION_CONTEXT('2D SPACE',''
  ) );
#5577 = PCURVE('',#2294,#5578);
#5578 = DEFINITIONAL_REPRESENTATION('',(#5579),#5583);
#5579 = LINE('',#5580,#5581);
#5580 = CARTESIAN_POINT('',(0.,-4.));
#5581 = VECTOR('',#5582,1.);
#5582 = DIRECTION('',(1.,0.));
#5583 = ( GEOMETRIC_REPRESENTATION_CONTEXT(2) 
PARAMETRIC_REPRESENTATION_CONTEXT() REPRESENTATION_CONTEXT('2D SPACE',''
  ) );
#5584 = ORIENTED_EDGE('',*,*,#5585,.T.);
#5585 = EDGE_CURVE('',#5563,#5586,#5588,.T.);
#5586 = VERTEX_POINT('',#5587);
#5587 = CARTESIAN_POINT('',(-38.59778745001,-23.13462348869,4.));
#5588 = SURFACE_CURVE('',#5589,(#5593,#5600),.PCURVE_S1.);
#5589 = LINE('',#5590,#5591);
#5590 = CARTESIAN_POINT('',(-39.68645689567,-21.21285315717,4.));
#5591 = VECTOR('',#5592,1.);
#5592 = DIRECTION('',(0.49289819223,-0.870086991109,0.));
#5593 = PCURVE('',#72,#5594);
#5594 = DEFINITIONAL_REPRESENTATION('',(#5595),#5599);
#5595 = LINE('',#5596,#5597);
#5596 = CARTESIAN_POINT('',(-39.68645689567,-21.21285315717));
#5597 = VECTOR('',#5598,1.);
#5598 = DIRECTION('',(0.49289819223,-0.870086991109));
#5599 = ( GEOMETRIC_REPRESENTATION_CONTEXT(2) 
PARAMETRIC_REPRESENTATION_CONTEXT() REPRESENTATION_CONTEXT('2D SPACE',''
  ) );
#5600 = PCURVE('',#2322,#5601);
#5601 = DEFINITIONAL_REPRESENTATION('',(#5602),#5606);
#5602 = LINE('',#5603,#5604);
#5603 = CARTESIAN_POINT('',(0.,-4.));
#5604 = VECTOR('',#5605,1.);
#5605 = DIRECTION('',(1.,0.));
#5606 = ( GEOMETRIC_REPRESENTATION_CONTEXT(2) 
PARAMETRIC_REPRESENTATION_CONTEXT() REPRESENTATION_CONTEXT('2D SPACE',''
  ) );
#5607 = ORIENTED_EDGE('',*,*,#5608,.T.);
#5608 = EDGE_CURVE('',#5586,#5609,#5611,.T.);
#5609 = VERTEX_POINT('',#5610);
#5610 = CARTESIAN_POINT('',(-37.41613255361,-25.00066048588,4.));
#5611 = SURFACE_CURVE('',#5612,(#5616,#5623),.PCURVE_S1.);
#5612 = LINE('',#5613,#5614);
#5613 = CARTESIAN_POINT('',(-38.59778745001,-23.13462348869,4.));
#5614 = VECTOR('',#5615,1.);
#5615 = DIRECTION('',(0.534997619887,-0.84485356525,0.));
#5616 = PCURVE('',#72,#5617);
#5617 = DEFINITIONAL_REPRESENTATION('',(#5618),#5622);
#5618 = LINE('',#5619,#5620);
#5619 = CARTESIAN_POINT('',(-38.59778745001,-23.13462348869));
#5620 = VECTOR('',#5621,1.);
#5621 = DIRECTION('',(0.534997619887,-0.84485356525));
#5622 = ( GEOMETRIC_REPRESENTATION_CONTEXT(2) 
PARAMETRIC_REPRESENTATION_CONTEXT() REPRESENTATION_CONTEXT('2D SPACE',''
  ) );
#5623 = PCURVE('',#2350,#5624);
#5624 = DEFINITIONAL_REPRESENTATION('',(#5625),#5629);
#5625 = LINE('',#5626,#5627);
#5626 = CARTESIAN_POINT('',(0.,-4.));
#5627 = VECTOR('',#5628,1.);
#5628 = DIRECTION('',(1.,0.));
#5629 = ( GEOMETRIC_REPRESENTATION_CONTEXT(2) 
PARAMETRIC_REPRESENTATION_CONTEXT() REPRESENTATION_CONTEXT('2D SPACE',''
  ) );
#5630 = ORIENTED_EDGE('',*,*,#5631,.T.);
#5631 = EDGE_CURVE('',#5609,#5632,#5634,.T.);
#5632 = VERTEX_POINT('',#5633);
#5633 = CARTESIAN_POINT('',(-36.14433891662,-26.80646870215,4.));
#5634 = SURFACE_CURVE('',#5635,(#5639,#5646),.PCURVE_S1.);
#5635 = LINE('',#5636,#5637);
#5636 = CARTESIAN_POINT('',(-37.41613255361,-25.00066048588,4.));
#5637 = VECTOR('',#5638,1.);
#5638 = DIRECTION('',(0.575808191418,-0.817584813152,0.));
#5639 = PCURVE('',#72,#5640);
#5640 = DEFINITIONAL_REPRESENTATION('',(#5641),#5645);
#5641 = LINE('',#5642,#5643);
#5642 = CARTESIAN_POINT('',(-37.41613255361,-25.00066048588));
#5643 = VECTOR('',#5644,1.);
#5644 = DIRECTION('',(0.575808191418,-0.817584813152));
#5645 = ( GEOMETRIC_REPRESENTATION_CONTEXT(2) 
PARAMETRIC_REPRESENTATION_CONTEXT() REPRESENTATION_CONTEXT('2D SPACE',''
  ) );
#5646 = PCURVE('',#2378,#5647);
#5647 = DEFINITIONAL_REPRESENTATION('',(#5648),#5652);
#5648 = LINE('',#5649,#5650);
#5649 = CARTESIAN_POINT('',(0.,-4.));
#5650 = VECTOR('',#5651,1.);
#5651 = DIRECTION('',(1.,0.));
#5652 = ( GEOMETRIC_REPRESENTATION_CONTEXT(2) 
PARAMETRIC_REPRESENTATION_CONTEXT() REPRESENTATION_CONTEXT('2D SPACE',''
  ) );
#5653 = ORIENTED_EDGE('',*,*,#5654,.T.);
#5654 = EDGE_CURVE('',#5632,#5655,#5657,.T.);
#5655 = VERTEX_POINT('',#5656);
#5656 = CARTESIAN_POINT('',(-34.78547040132,-28.54769778736,4.));
#5657 = SURFACE_CURVE('',#5658,(#5662,#5669),.PCURVE_S1.);
#5658 = LINE('',#5659,#5660);
#5659 = CARTESIAN_POINT('',(-36.14433891662,-26.80646870215,4.));
#5660 = VECTOR('',#5661,1.);
#5661 = DIRECTION('',(0.615231590581,-0.788346427627,0.));
#5662 = PCURVE('',#72,#5663);
#5663 = DEFINITIONAL_REPRESENTATION('',(#5664),#5668);
#5664 = LINE('',#5665,#5666);
#5665 = CARTESIAN_POINT('',(-36.14433891662,-26.80646870215));
#5666 = VECTOR('',#5667,1.);
#5667 = DIRECTION('',(0.615231590581,-0.788346427627));
#5668 = ( GEOMETRIC_REPRESENTATION_CONTEXT(2) 
PARAMETRIC_REPRESENTATION_CONTEXT() REPRESENTATION_CONTEXT('2D SPACE',''
  ) );
#5669 = PCURVE('',#2406,#5670);
#5670 = DEFINITIONAL_REPRESENTATION('',(#5671),#5675);
#5671 = LINE('',#5672,#5673);
#5672 = CARTESIAN_POINT('',(0.,-4.));
#5673 = VECTOR('',#5674,1.);
#5674 = DIRECTION('',(1.,0.));
#5675 = ( GEOMETRIC_REPRESENTATION_CONTEXT(2) 
PARAMETRIC_REPRESENTATION_CONTEXT() REPRESENTATION_CONTEXT('2D SPACE',''
  ) );
#5676 = ORIENTED_EDGE('',*,*,#5677,.T.);
#5677 = EDGE_CURVE('',#5655,#5678,#5680,.T.);
#5678 = VERTEX_POINT('',#5679);
#5679 = CARTESIAN_POINT('',(-33.34280064097,-30.22015296811,4.));
#5680 = SURFACE_CURVE('',#5681,(#5685,#5692),.PCURVE_S1.);
#5681 = LINE('',#5682,#5683);
#5682 = CARTESIAN_POINT('',(-34.78547040132,-28.54769778736,4.));
#5683 = VECTOR('',#5684,1.);
#5684 = DIRECTION('',(0.653172842954,-0.757208846506,0.));
#5685 = PCURVE('',#72,#5686);
#5686 = DEFINITIONAL_REPRESENTATION('',(#5687),#5691);
#5687 = LINE('',#5688,#5689);
#5688 = CARTESIAN_POINT('',(-34.78547040132,-28.54769778736));
#5689 = VECTOR('',#5690,1.);
#5690 = DIRECTION('',(0.653172842954,-0.757208846506));
#5691 = ( GEOMETRIC_REPRESENTATION_CONTEXT(2) 
PARAMETRIC_REPRESENTATION_CONTEXT() REPRESENTATION_CONTEXT('2D SPACE',''
  ) );
#5692 = PCURVE('',#2434,#5693);
#5693 = DEFINITIONAL_REPRESENTATION('',(#5694),#5698);
#5694 = LINE('',#5695,#5696);
#5695 = CARTESIAN_POINT('',(0.,-4.));
#5696 = VECTOR('',#5697,1.);
#5697 = DIRECTION('',(1.,0.));
#5698 = ( GEOMETRIC_REPRESENTATION_CONTEXT(2) 
PARAMETRIC_REPRESENTATION_CONTEXT() REPRESENTATION_CONTEXT('2D SPACE',''
  ) );
#5699 = ORIENTED_EDGE('',*,*,#5700,.T.);
#5700 = EDGE_CURVE('',#5678,#5701,#5703,.T.);
#5701 = VERTEX_POINT('',#5702);
#5702 = CARTESIAN_POINT('',(-31.81980515339,-31.81980515339,4.));
#5703 = SURFACE_CURVE('',#5704,(#5708,#5715),.PCURVE_S1.);
#5704 = LINE('',#5705,#5706);
#5705 = CARTESIAN_POINT('',(-33.34280064097,-30.22015296811,4.));
#5706 = VECTOR('',#5707,1.);
#5707 = DIRECTION('',(0.689540544737,-0.724247082951,0.));
#5708 = PCURVE('',#72,#5709);
#5709 = DEFINITIONAL_REPRESENTATION('',(#5710),#5714);
#5710 = LINE('',#5711,#5712);
#5711 = CARTESIAN_POINT('',(-33.34280064097,-30.22015296811));
#5712 = VECTOR('',#5713,1.);
#5713 = DIRECTION('',(0.689540544737,-0.724247082951));
#5714 = ( GEOMETRIC_REPRESENTATION_CONTEXT(2) 
PARAMETRIC_REPRESENTATION_CONTEXT() REPRESENTATION_CONTEXT('2D SPACE',''
  ) );
#5715 = PCURVE('',#2462,#5716);
#5716 = DEFINITIONAL_REPRESENTATION('',(#5717),#5721);
#5717 = LINE('',#5718,#5719);
#5718 = CARTESIAN_POINT('',(0.,-4.));
#5719 = VECTOR('',#5720,1.);
#5720 = DIRECTION('',(1.,0.));
#5721 = ( GEOMETRIC_REPRESENTATION_CONTEXT(2) 
PARAMETRIC_REPRESENTATION_CONTEXT() REPRESENTATION_CONTEXT('2D SPACE',''
  ) );
#5722 = ORIENTED_EDGE('',*,*,#5723,.T.);
#5723 = EDGE_CURVE('',#5701,#5724,#5726,.T.);
#5724 = VERTEX_POINT('',#5725);
#5725 = CARTESIAN_POINT('',(-30.22015296811,-33.34280064097,4.));
#5726 = SURFACE_CURVE('',#5727,(#5731,#5738),.PCURVE_S1.);
#5727 = LINE('',#5728,#5729);
#5728 = CARTESIAN_POINT('',(-31.81980515339,-31.81980515339,4.));
#5729 = VECTOR('',#5730,1.);
#5730 = DIRECTION('',(0.724247082951,-0.689540544737,0.));
#5731 = PCURVE('',#72,#5732);
#5732 = DEFINITIONAL_REPRESENTATION('',(#5733),#5737);
#5733 = LINE('',#5734,#5735);
#5734 = CARTESIAN_POINT('',(-31.81980515339,-31.81980515339));
#5735 = VECTOR('',#5736,1.);
#5736 = DIRECTION('',(0.724247082951,-0.689540544737));
#5737 = ( GEOMETRIC_REPRESENTATION_CONTEXT(2) 
PARAMETRIC_REPRESENTATION_CONTEXT() REPRESENTATION_CONTEXT('2D SPACE',''
  ) );
#5738 = PCURVE('',#2490,#5739);
#5739 = DEFINITIONAL_REPRESENTATION('',(#5740),#5744);
#5740 = LINE('',#5741,#5742);
#5741 = CARTESIAN_POINT('',(0.,-4.));
#5742 = VECTOR('',#5743,1.);
#5743 = DIRECTION('',(1.,0.));
#5744 = ( GEOMETRIC_REPRESENTATION_CONTEXT(2) 
PARAMETRIC_REPRESENTATION_CONTEXT() REPRESENTATION_CONTEXT('2D SPACE',''
  ) );
#5745 = ORIENTED_EDGE('',*,*,#5746,.T.);
#5746 = EDGE_CURVE('',#5724,#5747,#5749,.T.);
#5747 = VERTEX_POINT('',#5748);
#5748 = CARTESIAN_POINT('',(-28.54769778736,-34.78547040132,4.));
#5749 = SURFACE_CURVE('',#5750,(#5754,#5761),.PCURVE_S1.);
#5750 = LINE('',#5751,#5752);
#5751 = CARTESIAN_POINT('',(-30.22015296811,-33.34280064097,4.));
#5752 = VECTOR('',#5753,1.);
#5753 = DIRECTION('',(0.757208846506,-0.653172842954,0.));
#5754 = PCURVE('',#72,#5755);
#5755 = DEFINITIONAL_REPRESENTATION('',(#5756),#5760);
#5756 = LINE('',#5757,#5758);
#5757 = CARTESIAN_POINT('',(-30.22015296811,-33.34280064097));
#5758 = VECTOR('',#5759,1.);
#5759 = DIRECTION('',(0.757208846506,-0.653172842954));
#5760 = ( GEOMETRIC_REPRESENTATION_CONTEXT(2) 
PARAMETRIC_REPRESENTATION_CONTEXT() REPRESENTATION_CONTEXT('2D SPACE',''
  ) );
#5761 = PCURVE('',#2518,#5762);
#5762 = DEFINITIONAL_REPRESENTATION('',(#5763),#5767);
#5763 = LINE('',#5764,#5765);
#5764 = CARTESIAN_POINT('',(0.,-4.));
#5765 = VECTOR('',#5766,1.);
#5766 = DIRECTION('',(1.,0.));
#5767 = ( GEOMETRIC_REPRESENTATION_CONTEXT(2) 
PARAMETRIC_REPRESENTATION_CONTEXT() REPRESENTATION_CONTEXT('2D SPACE',''
  ) );
#5768 = ORIENTED_EDGE('',*,*,#5769,.T.);
#5769 = EDGE_CURVE('',#5747,#5770,#5772,.T.);
#5770 = VERTEX_POINT('',#5771);
#5771 = CARTESIAN_POINT('',(-26.80646870215,-36.14433891662,4.));
#5772 = SURFACE_CURVE('',#5773,(#5777,#5784),.PCURVE_S1.);
#5773 = LINE('',#5774,#5775);
#5774 = CARTESIAN_POINT('',(-28.54769778736,-34.78547040132,4.));
#5775 = VECTOR('',#5776,1.);
#5776 = DIRECTION('',(0.788346427627,-0.615231590581,0.));
#5777 = PCURVE('',#72,#5778);
#5778 = DEFINITIONAL_REPRESENTATION('',(#5779),#5783);
#5779 = LINE('',#5780,#5781);
#5780 = CARTESIAN_POINT('',(-28.54769778736,-34.78547040132));
#5781 = VECTOR('',#5782,1.);
#5782 = DIRECTION('',(0.788346427627,-0.615231590581));
#5783 = ( GEOMETRIC_REPRESENTATION_CONTEXT(2) 
PARAMETRIC_REPRESENTATION_CONTEXT() REPRESENTATION_CONTEXT('2D SPACE',''
  ) );
#5784 = PCURVE('',#2546,#5785);
#5785 = DEFINITIONAL_REPRESENTATION('',(#5786),#5790);
#5786 = LINE('',#5787,#5788);
#5787 = CARTESIAN_POINT('',(0.,-4.));
#5788 = VECTOR('',#5789,1.);
#5789 = DIRECTION('',(1.,0.));
#5790 = ( GEOMETRIC_REPRESENTATION_CONTEXT(2) 
PARAMETRIC_REPRESENTATION_CONTEXT() REPRESENTATION_CONTEXT('2D SPACE',''
  ) );
#5791 = ORIENTED_EDGE('',*,*,#5792,.T.);
#5792 = EDGE_CURVE('',#5770,#5793,#5795,.T.);
#5793 = VERTEX_POINT('',#5794);
#5794 = CARTESIAN_POINT('',(-25.00066048588,-37.41613255361,4.));
#5795 = SURFACE_CURVE('',#5796,(#5800,#5807),.PCURVE_S1.);
#5796 = LINE('',#5797,#5798);
#5797 = CARTESIAN_POINT('',(-26.80646870215,-36.14433891662,4.));
#5798 = VECTOR('',#5799,1.);
#5799 = DIRECTION('',(0.817584813152,-0.575808191418,0.));
#5800 = PCURVE('',#72,#5801);
#5801 = DEFINITIONAL_REPRESENTATION('',(#5802),#5806);
#5802 = LINE('',#5803,#5804);
#5803 = CARTESIAN_POINT('',(-26.80646870215,-36.14433891662));
#5804 = VECTOR('',#5805,1.);
#5805 = DIRECTION('',(0.817584813152,-0.575808191418));
#5806 = ( GEOMETRIC_REPRESENTATION_CONTEXT(2) 
PARAMETRIC_REPRESENTATION_CONTEXT() REPRESENTATION_CONTEXT('2D SPACE',''
  ) );
#5807 = PCURVE('',#2574,#5808);
#5808 = DEFINITIONAL_REPRESENTATION('',(#5809),#5813);
#5809 = LINE('',#5810,#5811);
#5810 = CARTESIAN_POINT('',(0.,-4.));
#5811 = VECTOR('',#5812,1.);
#5812 = DIRECTION('',(1.,0.));
#5813 = ( GEOMETRIC_REPRESENTATION_CONTEXT(2) 
PARAMETRIC_REPRESENTATION_CONTEXT() REPRESENTATION_CONTEXT('2D SPACE',''
  ) );
#5814 = ORIENTED_EDGE('',*,*,#5815,.T.);
#5815 = EDGE_CURVE('',#5793,#5816,#5818,.T.);
#5816 = VERTEX_POINT('',#5817);
#5817 = CARTESIAN_POINT('',(-23.13462348869,-38.59778745001,4.));
#5818 = SURFACE_CURVE('',#5819,(#5823,#5830),.PCURVE_S1.);
#5819 = LINE('',#5820,#5821);
#5820 = CARTESIAN_POINT('',(-25.00066048588,-37.41613255361,4.));
#5821 = VECTOR('',#5822,1.);
#5822 = DIRECTION('',(0.84485356525,-0.534997619887,0.));
#5823 = PCURVE('',#72,#5824);
#5824 = DEFINITIONAL_REPRESENTATION('',(#5825),#5829);
#5825 = LINE('',#5826,#5827);
#5826 = CARTESIAN_POINT('',(-25.00066048588,-37.41613255361));
#5827 = VECTOR('',#5828,1.);
#5828 = DIRECTION('',(0.84485356525,-0.534997619887));
#5829 = ( GEOMETRIC_REPRESENTATION_CONTEXT(2) 
PARAMETRIC_REPRESENTATION_CONTEXT() REPRESENTATION_CONTEXT('2D SPACE',''
  ) );
#5830 = PCURVE('',#2602,#5831);
#5831 = DEFINITIONAL_REPRESENTATION('',(#5832),#5836);
#5832 = LINE('',#5833,#5834);
#5833 = CARTESIAN_POINT('',(0.,-4.));
#5834 = VECTOR('',#5835,1.);
#5835 = DIRECTION('',(1.,0.));
#5836 = ( GEOMETRIC_REPRESENTATION_CONTEXT(2) 
PARAMETRIC_REPRESENTATION_CONTEXT() REPRESENTATION_CONTEXT('2D SPACE',''
  ) );
#5837 = ORIENTED_EDGE('',*,*,#5838,.T.);
#5838 = EDGE_CURVE('',#5816,#5839,#5841,.T.);
#5839 = VERTEX_POINT('',#5840);
#5840 = CARTESIAN_POINT('',(-21.21285315717,-39.68645689567,4.));
#5841 = SURFACE_CURVE('',#5842,(#5846,#5853),.PCURVE_S1.);
#5842 = LINE('',#5843,#5844);
#5843 = CARTESIAN_POINT('',(-23.13462348869,-38.59778745001,4.));
#5844 = VECTOR('',#5845,1.);
#5845 = DIRECTION('',(0.870086991109,-0.49289819223,0.));
#5846 = PCURVE('',#72,#5847);
#5847 = DEFINITIONAL_REPRESENTATION('',(#5848),#5852);
#5848 = LINE('',#5849,#5850);
#5849 = CARTESIAN_POINT('',(-23.13462348869,-38.59778745001));
#5850 = VECTOR('',#5851,1.);
#5851 = DIRECTION('',(0.870086991109,-0.49289819223));
#5852 = ( GEOMETRIC_REPRESENTATION_CONTEXT(2) 
PARAMETRIC_REPRESENTATION_CONTEXT() REPRESENTATION_CONTEXT('2D SPACE',''
  ) );
#5853 = PCURVE('',#2630,#5854);
#5854 = DEFINITIONAL_REPRESENTATION('',(#5855),#5859);
#5855 = LINE('',#5856,#5857);
#5856 = CARTESIAN_POINT('',(0.,-4.));
#5857 = VECTOR('',#5858,1.);
#5858 = DIRECTION('',(1.,0.));
#5859 = ( GEOMETRIC_REPRESENTATION_CONTEXT(2) 
PARAMETRIC_REPRESENTATION_CONTEXT() REPRESENTATION_CONTEXT('2D SPACE',''
  ) );
#5860 = ORIENTED_EDGE('',*,*,#5861,.T.);
#5861 = EDGE_CURVE('',#5839,#5862,#5864,.T.);
#5862 = VERTEX_POINT('',#5863);
#5863 = CARTESIAN_POINT('',(-19.23997920436,-40.67951819055,4.));
#5864 = SURFACE_CURVE('',#5865,(#5869,#5876),.PCURVE_S1.);
#5865 = LINE('',#5866,#5867);
#5866 = CARTESIAN_POINT('',(-21.21285315717,-39.68645689567,4.));
#5867 = VECTOR('',#5868,1.);
#5868 = DIRECTION('',(0.893224301196,-0.449611329655,0.));
#5869 = PCURVE('',#72,#5870);
#5870 = DEFINITIONAL_REPRESENTATION('',(#5871),#5875);
#5871 = LINE('',#5872,#5873);
#5872 = CARTESIAN_POINT('',(-21.21285315717,-39.68645689567));
#5873 = VECTOR('',#5874,1.);
#5874 = DIRECTION('',(0.893224301196,-0.449611329655));
#5875 = ( GEOMETRIC_REPRESENTATION_CONTEXT(2) 
PARAMETRIC_REPRESENTATION_CONTEXT() REPRESENTATION_CONTEXT('2D SPACE',''
  ) );
#5876 = PCURVE('',#2658,#5877);
#5877 = DEFINITIONAL_REPRESENTATION('',(#5878),#5882);
#5878 = LINE('',#5879,#5880);
#5879 = CARTESIAN_POINT('',(0.,-4.));
#5880 = VECTOR('',#5881,1.);
#5881 = DIRECTION('',(1.,0.));
#5882 = ( GEOMETRIC_REPRESENTATION_CONTEXT(2) 
PARAMETRIC_REPRESENTATION_CONTEXT() REPRESENTATION_CONTEXT('2D SPACE',''
  ) );
#5883 = ORIENTED_EDGE('',*,*,#5884,.T.);
#5884 = EDGE_CURVE('',#5862,#5885,#5887,.T.);
#5885 = VERTEX_POINT('',#5886);
#5886 = CARTESIAN_POINT('',(-17.22075445642,-41.574578963,4.));
#5887 = SURFACE_CURVE('',#5888,(#5892,#5899),.PCURVE_S1.);
#5888 = LINE('',#5889,#5890);
#5889 = CARTESIAN_POINT('',(-19.23997920436,-40.67951819055,4.));
#5890 = VECTOR('',#5891,1.);
#5891 = DIRECTION('',(0.914209755704,-0.405241314005,0.));
#5892 = PCURVE('',#72,#5893);
#5893 = DEFINITIONAL_REPRESENTATION('',(#5894),#5898);
#5894 = LINE('',#5895,#5896);
#5895 = CARTESIAN_POINT('',(-19.23997920436,-40.67951819055));
#5896 = VECTOR('',#5897,1.);
#5897 = DIRECTION('',(0.914209755704,-0.405241314005));
#5898 = ( GEOMETRIC_REPRESENTATION_CONTEXT(2) 
PARAMETRIC_REPRESENTATION_CONTEXT() REPRESENTATION_CONTEXT('2D SPACE',''
  ) );
#5899 = PCURVE('',#2686,#5900);
#5900 = DEFINITIONAL_REPRESENTATION('',(#5901),#5905);
#5901 = LINE('',#5902,#5903);
#5902 = CARTESIAN_POINT('',(0.,-4.));
#5903 = VECTOR('',#5904,1.);
#5904 = DIRECTION('',(1.,0.));
#5905 = ( GEOMETRIC_REPRESENTATION_CONTEXT(2) 
PARAMETRIC_REPRESENTATION_CONTEXT() REPRESENTATION_CONTEXT('2D SPACE',''
  ) );
#5906 = ORIENTED_EDGE('',*,*,#5907,.T.);
#5907 = EDGE_CURVE('',#5885,#5908,#5910,.T.);
#5908 = VERTEX_POINT('',#5909);
#5909 = CARTESIAN_POINT('',(-15.16004340265,-42.36948293323,4.));
#5910 = SURFACE_CURVE('',#5911,(#5915,#5922),.PCURVE_S1.);
#5911 = LINE('',#5912,#5913);
#5912 = CARTESIAN_POINT('',(-17.22075445642,-41.574578963,4.));
#5913 = VECTOR('',#5914,1.);
#5914 = DIRECTION('',(0.932992798835,-0.359895036535,0.));
#5915 = PCURVE('',#72,#5916);
#5916 = DEFINITIONAL_REPRESENTATION('',(#5917),#5921);
#5917 = LINE('',#5918,#5919);
#5918 = CARTESIAN_POINT('',(-17.22075445642,-41.574578963));
#5919 = VECTOR('',#5920,1.);
#5920 = DIRECTION('',(0.932992798835,-0.359895036535));
#5921 = ( GEOMETRIC_REPRESENTATION_CONTEXT(2) 
PARAMETRIC_REPRESENTATION_CONTEXT() REPRESENTATION_CONTEXT('2D SPACE',''
  ) );
#5922 = PCURVE('',#2714,#5923);
#5923 = DEFINITIONAL_REPRESENTATION('',(#5924),#5928);
#5924 = LINE('',#5925,#5926);
#5925 = CARTESIAN_POINT('',(0.,-4.));
#5926 = VECTOR('',#5927,1.);
#5927 = DIRECTION('',(1.,0.));
#5928 = ( GEOMETRIC_REPRESENTATION_CONTEXT(2) 
PARAMETRIC_REPRESENTATION_CONTEXT() REPRESENTATION_CONTEXT('2D SPACE',''
  ) );
#5929 = ORIENTED_EDGE('',*,*,#5930,.T.);
#5930 = EDGE_CURVE('',#5908,#5931,#5933,.T.);
#5931 = VERTEX_POINT('',#5932);
#5932 = CARTESIAN_POINT('',(-13.06281047645,-43.06231510794,4.));
#5933 = SURFACE_CURVE('',#5934,(#5938,#5945),.PCURVE_S1.);
#5934 = LINE('',#5935,#5936);
#5935 = CARTESIAN_POINT('',(-15.16004340265,-42.36948293323,4.));
#5936 = VECTOR('',#5937,1.);
#5937 = DIRECTION('',(0.949528180593,-0.313681740399,0.));
#5938 = PCURVE('',#72,#5939);
#5939 = DEFINITIONAL_REPRESENTATION('',(#5940),#5944);
#5940 = LINE('',#5941,#5942);
#5941 = CARTESIAN_POINT('',(-15.16004340265,-42.36948293323));
#5942 = VECTOR('',#5943,1.);
#5943 = DIRECTION('',(0.949528180593,-0.313681740399));
#5944 = ( GEOMETRIC_REPRESENTATION_CONTEXT(2) 
PARAMETRIC_REPRESENTATION_CONTEXT() REPRESENTATION_CONTEXT('2D SPACE',''
  ) );
#5945 = PCURVE('',#2742,#5946);
#5946 = DEFINITIONAL_REPRESENTATION('',(#5947),#5951);
#5947 = LINE('',#5948,#5949);
#5948 = CARTESIAN_POINT('',(0.,-4.));
#5949 = VECTOR('',#5950,1.);
#5950 = DIRECTION('',(1.,0.));
#5951 = ( GEOMETRIC_REPRESENTATION_CONTEXT(2) 
PARAMETRIC_REPRESENTATION_CONTEXT() REPRESENTATION_CONTEXT('2D SPACE',''
  ) );
#5952 = ORIENTED_EDGE('',*,*,#5953,.T.);
#5953 = EDGE_CURVE('',#5931,#5954,#5956,.T.);
#5954 = VERTEX_POINT('',#5955);
#5955 = CARTESIAN_POINT('',(-10.93410809564,-43.65140639375,4.));
#5956 = SURFACE_CURVE('',#5957,(#5961,#5968),.PCURVE_S1.);
#5957 = LINE('',#5958,#5959);
#5958 = CARTESIAN_POINT('',(-13.06281047645,-43.06231510794,4.));
#5959 = VECTOR('',#5960,1.);
#5960 = DIRECTION('',(0.963776065795,-0.266712757475,0.));
#5961 = PCURVE('',#72,#5962);
#5962 = DEFINITIONAL_REPRESENTATION('',(#5963),#5967);
#5963 = LINE('',#5964,#5965);
#5964 = CARTESIAN_POINT('',(-13.06281047645,-43.06231510794));
#5965 = VECTOR('',#5966,1.);
#5966 = DIRECTION('',(0.963776065795,-0.266712757475));
#5967 = ( GEOMETRIC_REPRESENTATION_CONTEXT(2) 
PARAMETRIC_REPRESENTATION_CONTEXT() REPRESENTATION_CONTEXT('2D SPACE',''
  ) );
#5968 = PCURVE('',#2770,#5969);
#5969 = DEFINITIONAL_REPRESENTATION('',(#5970),#5974);
#5970 = LINE('',#5971,#5972);
#5971 = CARTESIAN_POINT('',(0.,-4.));
#5972 = VECTOR('',#5973,1.);
#5973 = DIRECTION('',(1.,0.));
#5974 = ( GEOMETRIC_REPRESENTATION_CONTEXT(2) 
PARAMETRIC_REPRESENTATION_CONTEXT() REPRESENTATION_CONTEXT('2D SPACE',''
  ) );
#5975 = ORIENTED_EDGE('',*,*,#5976,.T.);
#5976 = EDGE_CURVE('',#5954,#5977,#5979,.T.);
#5977 = VERTEX_POINT('',#5978);
#5978 = CARTESIAN_POINT('',(-8.779064490726,-44.13533761814,4.));
#5979 = SURFACE_CURVE('',#5980,(#5984,#5991),.PCURVE_S1.);
#5980 = LINE('',#5981,#5982);
#5981 = CARTESIAN_POINT('',(-10.93410809564,-43.65140639375,4.));
#5982 = VECTOR('',#5983,1.);
#5983 = DIRECTION('',(0.975702130039,-0.219101240157,0.));
#5984 = PCURVE('',#72,#5985);
#5985 = DEFINITIONAL_REPRESENTATION('',(#5986),#5990);
#5986 = LINE('',#5987,#5988);
#5987 = CARTESIAN_POINT('',(-10.93410809564,-43.65140639375));
#5988 = VECTOR('',#5989,1.);
#5989 = DIRECTION('',(0.975702130039,-0.219101240157));
#5990 = ( GEOMETRIC_REPRESENTATION_CONTEXT(2) 
PARAMETRIC_REPRESENTATION_CONTEXT() REPRESENTATION_CONTEXT('2D SPACE',''
  ) );
#5991 = PCURVE('',#2798,#5992);
#5992 = DEFINITIONAL_REPRESENTATION('',(#5993),#5997);
#5993 = LINE('',#5994,#5995);
#5994 = CARTESIAN_POINT('',(0.,-4.));
#5995 = VECTOR('',#5996,1.);
#5996 = DIRECTION('',(1.,0.));
#5997 = ( GEOMETRIC_REPRESENTATION_CONTEXT(2) 
PARAMETRIC_REPRESENTATION_CONTEXT() REPRESENTATION_CONTEXT('2D SPACE',''
  ) );
#5998 = ORIENTED_EDGE('',*,*,#5999,.T.);
#5999 = EDGE_CURVE('',#5977,#6000,#6002,.T.);
#6000 = VERTEX_POINT('',#6001);
#6001 = CARTESIAN_POINT('',(-6.602871350491,-44.51294294841,4.));
#6002 = SURFACE_CURVE('',#6003,(#6007,#6014),.PCURVE_S1.);
#6003 = LINE('',#6004,#6005);
#6004 = CARTESIAN_POINT('',(-8.779064490726,-44.13533761814,4.));
#6005 = VECTOR('',#6006,1.);
#6006 = DIRECTION('',(0.985277642389,-0.17096188876,0.));
#6007 = PCURVE('',#72,#6008);
#6008 = DEFINITIONAL_REPRESENTATION('',(#6009),#6013);
#6009 = LINE('',#6010,#6011);
#6010 = CARTESIAN_POINT('',(-8.779064490726,-44.13533761814));
#6011 = VECTOR('',#6012,1.);
#6012 = DIRECTION('',(0.985277642389,-0.17096188876));
#6013 = ( GEOMETRIC_REPRESENTATION_CONTEXT(2) 
PARAMETRIC_REPRESENTATION_CONTEXT() REPRESENTATION_CONTEXT('2D SPACE',''
  ) );
#6014 = PCURVE('',#2826,#6015);
#6015 = DEFINITIONAL_REPRESENTATION('',(#6016),#6020);
#6016 = LINE('',#6017,#6018);
#6017 = CARTESIAN_POINT('',(0.,-4.));
#6018 = VECTOR('',#6019,1.);
#6019 = DIRECTION('',(1.,0.));
#6020 = ( GEOMETRIC_REPRESENTATION_CONTEXT(2) 
PARAMETRIC_REPRESENTATION_CONTEXT() REPRESENTATION_CONTEXT('2D SPACE',''
  ) );
#6021 = ORIENTED_EDGE('',*,*,#6022,.T.);
#6022 = EDGE_CURVE('',#6000,#6023,#6025,.T.);
#6023 = VERTEX_POINT('',#6024);
#6024 = CARTESIAN_POINT('',(-4.41077131483,-44.78331270024,4.));
#6025 = SURFACE_CURVE('',#6026,(#6030,#6037),.PCURVE_S1.);
#6026 = LINE('',#6027,#6028);
#6027 = CARTESIAN_POINT('',(-6.602871350491,-44.51294294841,4.));
#6028 = VECTOR('',#6029,1.);
#6029 = DIRECTION('',(0.992479534599,-0.122410675199,0.));
#6030 = PCURVE('',#72,#6031);
#6031 = DEFINITIONAL_REPRESENTATION('',(#6032),#6036);
#6032 = LINE('',#6033,#6034);
#6033 = CARTESIAN_POINT('',(-6.602871350491,-44.51294294841));
#6034 = VECTOR('',#6035,1.);
#6035 = DIRECTION('',(0.992479534599,-0.122410675199));
#6036 = ( GEOMETRIC_REPRESENTATION_CONTEXT(2) 
PARAMETRIC_REPRESENTATION_CONTEXT() REPRESENTATION_CONTEXT('2D SPACE',''
  ) );
#6037 = PCURVE('',#2854,#6038);
#6038 = DEFINITIONAL_REPRESENTATION('',(#6039),#6043);
#6039 = LINE('',#6040,#6041);
#6040 = CARTESIAN_POINT('',(0.,-4.));
#6041 = VECTOR('',#6042,1.);
#6042 = DIRECTION('',(1.,0.));
#6043 = ( GEOMETRIC_REPRESENTATION_CONTEXT(2) 
PARAMETRIC_REPRESENTATION_CONTEXT() REPRESENTATION_CONTEXT('2D SPACE',''
  ) );
#6044 = ORIENTED_EDGE('',*,*,#6045,.T.);
#6045 = EDGE_CURVE('',#6023,#6046,#6048,.T.);
#6046 = VERTEX_POINT('',#6047);
#6047 = CARTESIAN_POINT('',(-2.208045344734,-44.94579552923,4.));
#6048 = SURFACE_CURVE('',#6049,(#6053,#6060),.PCURVE_S1.);
#6049 = LINE('',#6050,#6051);
#6050 = CARTESIAN_POINT('',(-4.41077131483,-44.78331270024,4.));
#6051 = VECTOR('',#6052,1.);
#6052 = DIRECTION('',(0.997290456679,-7.356456359967E-02,0.));
#6053 = PCURVE('',#72,#6054);
#6054 = DEFINITIONAL_REPRESENTATION('',(#6055),#6059);
#6055 = LINE('',#6056,#6057);
#6056 = CARTESIAN_POINT('',(-4.41077131483,-44.78331270024));
#6057 = VECTOR('',#6058,1.);
#6058 = DIRECTION('',(0.997290456679,-7.356456359967E-02));
#6059 = ( GEOMETRIC_REPRESENTATION_CONTEXT(2) 
PARAMETRIC_REPRESENTATION_CONTEXT() REPRESENTATION_CONTEXT('2D SPACE',''
  ) );
#6060 = PCURVE('',#2882,#6061);
#6061 = DEFINITIONAL_REPRESENTATION('',(#6062),#6066);
#6062 = LINE('',#6063,#6064);
#6063 = CARTESIAN_POINT('',(0.,-4.));
#6064 = VECTOR('',#6065,1.);
#6065 = DIRECTION('',(1.,0.));
#6066 = ( GEOMETRIC_REPRESENTATION_CONTEXT(2) 
PARAMETRIC_REPRESENTATION_CONTEXT() REPRESENTATION_CONTEXT('2D SPACE',''
  ) );
#6067 = ORIENTED_EDGE('',*,*,#6068,.T.);
#6068 = EDGE_CURVE('',#6046,#6069,#6071,.T.);
#6069 = VERTEX_POINT('',#6070);
#6070 = CARTESIAN_POINT('',(-8.266365894245E-15,-45.,4.));
#6071 = SURFACE_CURVE('',#6072,(#6076,#6083),.PCURVE_S1.);
#6072 = LINE('',#6073,#6074);
#6073 = CARTESIAN_POINT('',(-2.208045344734,-44.94579552923,4.));
#6074 = VECTOR('',#6075,1.);
#6075 = DIRECTION('',(0.999698818696,-2.454122852291E-02,0.));
#6076 = PCURVE('',#72,#6077);
#6077 = DEFINITIONAL_REPRESENTATION('',(#6078),#6082);
#6078 = LINE('',#6079,#6080);
#6079 = CARTESIAN_POINT('',(-2.208045344734,-44.94579552923));
#6080 = VECTOR('',#6081,1.);
#6081 = DIRECTION('',(0.999698818696,-2.454122852291E-02));
#6082 = ( GEOMETRIC_REPRESENTATION_CONTEXT(2) 
PARAMETRIC_REPRESENTATION_CONTEXT() REPRESENTATION_CONTEXT('2D SPACE',''
  ) );
#6083 = PCURVE('',#2910,#6084);
#6084 = DEFINITIONAL_REPRESENTATION('',(#6085),#6089);
#6085 = LINE('',#6086,#6087);
#6086 = CARTESIAN_POINT('',(0.,-4.));
#6087 = VECTOR('',#6088,1.);
#6088 = DIRECTION('',(1.,0.));
#6089 = ( GEOMETRIC_REPRESENTATION_CONTEXT(2) 
PARAMETRIC_REPRESENTATION_CONTEXT() REPRESENTATION_CONTEXT('2D SPACE',''
  ) );
#6090 = ORIENTED_EDGE('',*,*,#6091,.T.);
#6091 = EDGE_CURVE('',#6069,#6092,#6094,.T.);
#6092 = VERTEX_POINT('',#6093);
#6093 = CARTESIAN_POINT('',(2.208045344734,-44.94579552923,4.));
#6094 = SURFACE_CURVE('',#6095,(#6099,#6106),.PCURVE_S1.);
#6095 = LINE('',#6096,#6097);
#6096 = CARTESIAN_POINT('',(-8.266365894245E-15,-45.,4.));
#6097 = VECTOR('',#6098,1.);
#6098 = DIRECTION('',(0.999698818696,2.454122852291E-02,0.));
#6099 = PCURVE('',#72,#6100);
#6100 = DEFINITIONAL_REPRESENTATION('',(#6101),#6105);
#6101 = LINE('',#6102,#6103);
#6102 = CARTESIAN_POINT('',(-1.027699244022E-14,-45.));
#6103 = VECTOR('',#6104,1.);
#6104 = DIRECTION('',(0.999698818696,2.454122852291E-02));
#6105 = ( GEOMETRIC_REPRESENTATION_CONTEXT(2) 
PARAMETRIC_REPRESENTATION_CONTEXT() REPRESENTATION_CONTEXT('2D SPACE',''
  ) );
#6106 = PCURVE('',#2938,#6107);
#6107 = DEFINITIONAL_REPRESENTATION('',(#6108),#6112);
#6108 = LINE('',#6109,#6110);
#6109 = CARTESIAN_POINT('',(0.,-4.));
#6110 = VECTOR('',#6111,1.);
#6111 = DIRECTION('',(1.,0.));
#6112 = ( GEOMETRIC_REPRESENTATION_CONTEXT(2) 
PARAMETRIC_REPRESENTATION_CONTEXT() REPRESENTATION_CONTEXT('2D SPACE',''
  ) );
#6113 = ORIENTED_EDGE('',*,*,#6114,.T.);
#6114 = EDGE_CURVE('',#6092,#6115,#6117,.T.);
#6115 = VERTEX_POINT('',#6116);
#6116 = CARTESIAN_POINT('',(4.41077131483,-44.78331270024,4.));
#6117 = SURFACE_CURVE('',#6118,(#6122,#6129),.PCURVE_S1.);
#6118 = LINE('',#6119,#6120);
#6119 = CARTESIAN_POINT('',(2.208045344734,-44.94579552923,4.));
#6120 = VECTOR('',#6121,1.);
#6121 = DIRECTION('',(0.997290456679,7.356456359967E-02,0.));
#6122 = PCURVE('',#72,#6123);
#6123 = DEFINITIONAL_REPRESENTATION('',(#6124),#6128);
#6124 = LINE('',#6125,#6126);
#6125 = CARTESIAN_POINT('',(2.208045344734,-44.94579552923));
#6126 = VECTOR('',#6127,1.);
#6127 = DIRECTION('',(0.997290456679,7.356456359967E-02));
#6128 = ( GEOMETRIC_REPRESENTATION_CONTEXT(2) 
PARAMETRIC_REPRESENTATION_CONTEXT() REPRESENTATION_CONTEXT('2D SPACE',''
  ) );
#6129 = PCURVE('',#2966,#6130);
#6130 = DEFINITIONAL_REPRESENTATION('',(#6131),#6135);
#6131 = LINE('',#6132,#6133);
#6132 = CARTESIAN_POINT('',(0.,-4.));
#6133 = VECTOR('',#6134,1.);
#6134 = DIRECTION('',(1.,0.));
#6135 = ( GEOMETRIC_REPRESENTATION_CONTEXT(2) 
PARAMETRIC_REPRESENTATION_CONTEXT() REPRESENTATION_CONTEXT('2D SPACE',''
  ) );
#6136 = ORIENTED_EDGE('',*,*,#6137,.T.);
#6137 = EDGE_CURVE('',#6115,#6138,#6140,.T.);
#6138 = VERTEX_POINT('',#6139);
#6139 = CARTESIAN_POINT('',(6.602871350491,-44.51294294841,4.));
#6140 = SURFACE_CURVE('',#6141,(#6145,#6152),.PCURVE_S1.);
#6141 = LINE('',#6142,#6143);
#6142 = CARTESIAN_POINT('',(4.41077131483,-44.78331270024,4.));
#6143 = VECTOR('',#6144,1.);
#6144 = DIRECTION('',(0.992479534599,0.122410675199,0.));
#6145 = PCURVE('',#72,#6146);
#6146 = DEFINITIONAL_REPRESENTATION('',(#6147),#6151);
#6147 = LINE('',#6148,#6149);
#6148 = CARTESIAN_POINT('',(4.41077131483,-44.78331270024));
#6149 = VECTOR('',#6150,1.);
#6150 = DIRECTION('',(0.992479534599,0.122410675199));
#6151 = ( GEOMETRIC_REPRESENTATION_CONTEXT(2) 
PARAMETRIC_REPRESENTATION_CONTEXT() REPRESENTATION_CONTEXT('2D SPACE',''
  ) );
#6152 = PCURVE('',#2994,#6153);
#6153 = DEFINITIONAL_REPRESENTATION('',(#6154),#6158);
#6154 = LINE('',#6155,#6156);
#6155 = CARTESIAN_POINT('',(0.,-4.));
#6156 = VECTOR('',#6157,1.);
#6157 = DIRECTION('',(1.,0.));
#6158 = ( GEOMETRIC_REPRESENTATION_CONTEXT(2) 
PARAMETRIC_REPRESENTATION_CONTEXT() REPRESENTATION_CONTEXT('2D SPACE',''
  ) );
#6159 = ORIENTED_EDGE('',*,*,#6160,.T.);
#6160 = EDGE_CURVE('',#6138,#6161,#6163,.T.);
#6161 = VERTEX_POINT('',#6162);
#6162 = CARTESIAN_POINT('',(8.779064490726,-44.13533761814,4.));
#6163 = SURFACE_CURVE('',#6164,(#6168,#6175),.PCURVE_S1.);
#6164 = LINE('',#6165,#6166);
#6165 = CARTESIAN_POINT('',(6.602871350491,-44.51294294841,4.));
#6166 = VECTOR('',#6167,1.);
#6167 = DIRECTION('',(0.985277642389,0.17096188876,0.));
#6168 = PCURVE('',#72,#6169);
#6169 = DEFINITIONAL_REPRESENTATION('',(#6170),#6174);
#6170 = LINE('',#6171,#6172);
#6171 = CARTESIAN_POINT('',(6.602871350491,-44.51294294841));
#6172 = VECTOR('',#6173,1.);
#6173 = DIRECTION('',(0.985277642389,0.17096188876));
#6174 = ( GEOMETRIC_REPRESENTATION_CONTEXT(2) 
PARAMETRIC_REPRESENTATION_CONTEXT() REPRESENTATION_CONTEXT('2D SPACE',''
  ) );
#6175 = PCURVE('',#3022,#6176);
#6176 = DEFINITIONAL_REPRESENTATION('',(#6177),#6181);
#6177 = LINE('',#6178,#6179);
#6178 = CARTESIAN_POINT('',(0.,-4.));
#6179 = VECTOR('',#6180,1.);
#6180 = DIRECTION('',(1.,0.));
#6181 = ( GEOMETRIC_REPRESENTATION_CONTEXT(2) 
PARAMETRIC_REPRESENTATION_CONTEXT() REPRESENTATION_CONTEXT('2D SPACE',''
  ) );
#6182 = ORIENTED_EDGE('',*,*,#6183,.T.);
#6183 = EDGE_CURVE('',#6161,#6184,#6186,.T.);
#6184 = VERTEX_POINT('',#6185);
#6185 = CARTESIAN_POINT('',(10.934108095647,-43.65140639375,4.));
#6186 = SURFACE_CURVE('',#6187,(#6191,#6198),.PCURVE_S1.);
#6187 = LINE('',#6188,#6189);
#6188 = CARTESIAN_POINT('',(8.779064490726,-44.13533761814,4.));
#6189 = VECTOR('',#6190,1.);
#6190 = DIRECTION('',(0.975702130039,0.219101240157,0.));
#6191 = PCURVE('',#72,#6192);
#6192 = DEFINITIONAL_REPRESENTATION('',(#6193),#6197);
#6193 = LINE('',#6194,#6195);
#6194 = CARTESIAN_POINT('',(8.779064490726,-44.13533761814));
#6195 = VECTOR('',#6196,1.);
#6196 = DIRECTION('',(0.975702130039,0.219101240157));
#6197 = ( GEOMETRIC_REPRESENTATION_CONTEXT(2) 
PARAMETRIC_REPRESENTATION_CONTEXT() REPRESENTATION_CONTEXT('2D SPACE',''
  ) );
#6198 = PCURVE('',#3050,#6199);
#6199 = DEFINITIONAL_REPRESENTATION('',(#6200),#6204);
#6200 = LINE('',#6201,#6202);
#6201 = CARTESIAN_POINT('',(0.,-4.));
#6202 = VECTOR('',#6203,1.);
#6203 = DIRECTION('',(1.,0.));
#6204 = ( GEOMETRIC_REPRESENTATION_CONTEXT(2) 
PARAMETRIC_REPRESENTATION_CONTEXT() REPRESENTATION_CONTEXT('2D SPACE',''
  ) );
#6205 = ORIENTED_EDGE('',*,*,#6206,.T.);
#6206 = EDGE_CURVE('',#6184,#6207,#6209,.T.);
#6207 = VERTEX_POINT('',#6208);
#6208 = CARTESIAN_POINT('',(13.062810476451,-43.06231510794,4.));
#6209 = SURFACE_CURVE('',#6210,(#6214,#6221),.PCURVE_S1.);
#6210 = LINE('',#6211,#6212);
#6211 = CARTESIAN_POINT('',(10.934108095647,-43.65140639375,4.));
#6212 = VECTOR('',#6213,1.);
#6213 = DIRECTION('',(0.963776065795,0.266712757475,0.));
#6214 = PCURVE('',#72,#6215);
#6215 = DEFINITIONAL_REPRESENTATION('',(#6216),#6220);
#6216 = LINE('',#6217,#6218);
#6217 = CARTESIAN_POINT('',(10.934108095647,-43.65140639375));
#6218 = VECTOR('',#6219,1.);
#6219 = DIRECTION('',(0.963776065795,0.266712757475));
#6220 = ( GEOMETRIC_REPRESENTATION_CONTEXT(2) 
PARAMETRIC_REPRESENTATION_CONTEXT() REPRESENTATION_CONTEXT('2D SPACE',''
  ) );
#6221 = PCURVE('',#3078,#6222);
#6222 = DEFINITIONAL_REPRESENTATION('',(#6223),#6227);
#6223 = LINE('',#6224,#6225);
#6224 = CARTESIAN_POINT('',(0.,-4.));
#6225 = VECTOR('',#6226,1.);
#6226 = DIRECTION('',(1.,0.));
#6227 = ( GEOMETRIC_REPRESENTATION_CONTEXT(2) 
PARAMETRIC_REPRESENTATION_CONTEXT() REPRESENTATION_CONTEXT('2D SPACE',''
  ) );
#6228 = ORIENTED_EDGE('',*,*,#6229,.T.);
#6229 = EDGE_CURVE('',#6207,#6230,#6232,.T.);
#6230 = VERTEX_POINT('',#6231);
#6231 = CARTESIAN_POINT('',(15.16004340265,-42.36948293323,4.));
#6232 = SURFACE_CURVE('',#6233,(#6237,#6244),.PCURVE_S1.);
#6233 = LINE('',#6234,#6235);
#6234 = CARTESIAN_POINT('',(13.062810476451,-43.06231510794,4.));
#6235 = VECTOR('',#6236,1.);
#6236 = DIRECTION('',(0.949528180593,0.313681740399,0.));
#6237 = PCURVE('',#72,#6238);
#6238 = DEFINITIONAL_REPRESENTATION('',(#6239),#6243);
#6239 = LINE('',#6240,#6241);
#6240 = CARTESIAN_POINT('',(13.062810476451,-43.06231510794));
#6241 = VECTOR('',#6242,1.);
#6242 = DIRECTION('',(0.949528180593,0.313681740399));
#6243 = ( GEOMETRIC_REPRESENTATION_CONTEXT(2) 
PARAMETRIC_REPRESENTATION_CONTEXT() REPRESENTATION_CONTEXT('2D SPACE',''
  ) );
#6244 = PCURVE('',#3106,#6245);
#6245 = DEFINITIONAL_REPRESENTATION('',(#6246),#6250);
#6246 = LINE('',#6247,#6248);
#6247 = CARTESIAN_POINT('',(0.,-4.));
#6248 = VECTOR('',#6249,1.);
#6249 = DIRECTION('',(1.,0.));
#6250 = ( GEOMETRIC_REPRESENTATION_CONTEXT(2) 
PARAMETRIC_REPRESENTATION_CONTEXT() REPRESENTATION_CONTEXT('2D SPACE',''
  ) );
#6251 = ORIENTED_EDGE('',*,*,#6252,.T.);
#6252 = EDGE_CURVE('',#6230,#6253,#6255,.T.);
#6253 = VERTEX_POINT('',#6254);
#6254 = CARTESIAN_POINT('',(17.220754456429,-41.574578963,4.));
#6255 = SURFACE_CURVE('',#6256,(#6260,#6267),.PCURVE_S1.);
#6256 = LINE('',#6257,#6258);
#6257 = CARTESIAN_POINT('',(15.16004340265,-42.36948293323,4.));
#6258 = VECTOR('',#6259,1.);
#6259 = DIRECTION('',(0.932992798835,0.359895036535,0.));
#6260 = PCURVE('',#72,#6261);
#6261 = DEFINITIONAL_REPRESENTATION('',(#6262),#6266);
#6262 = LINE('',#6263,#6264);
#6263 = CARTESIAN_POINT('',(15.16004340265,-42.36948293323));
#6264 = VECTOR('',#6265,1.);
#6265 = DIRECTION('',(0.932992798835,0.359895036535));
#6266 = ( GEOMETRIC_REPRESENTATION_CONTEXT(2) 
PARAMETRIC_REPRESENTATION_CONTEXT() REPRESENTATION_CONTEXT('2D SPACE',''
  ) );
#6267 = PCURVE('',#3134,#6268);
#6268 = DEFINITIONAL_REPRESENTATION('',(#6269),#6273);
#6269 = LINE('',#6270,#6271);
#6270 = CARTESIAN_POINT('',(0.,-4.));
#6271 = VECTOR('',#6272,1.);
#6272 = DIRECTION('',(1.,0.));
#6273 = ( GEOMETRIC_REPRESENTATION_CONTEXT(2) 
PARAMETRIC_REPRESENTATION_CONTEXT() REPRESENTATION_CONTEXT('2D SPACE',''
  ) );
#6274 = ORIENTED_EDGE('',*,*,#6275,.T.);
#6275 = EDGE_CURVE('',#6253,#6276,#6278,.T.);
#6276 = VERTEX_POINT('',#6277);
#6277 = CARTESIAN_POINT('',(19.239979204363,-40.67951819055,4.));
#6278 = SURFACE_CURVE('',#6279,(#6283,#6290),.PCURVE_S1.);
#6279 = LINE('',#6280,#6281);
#6280 = CARTESIAN_POINT('',(17.220754456429,-41.574578963,4.));
#6281 = VECTOR('',#6282,1.);
#6282 = DIRECTION('',(0.914209755704,0.405241314005,0.));
#6283 = PCURVE('',#72,#6284);
#6284 = DEFINITIONAL_REPRESENTATION('',(#6285),#6289);
#6285 = LINE('',#6286,#6287);
#6286 = CARTESIAN_POINT('',(17.220754456429,-41.574578963));
#6287 = VECTOR('',#6288,1.);
#6288 = DIRECTION('',(0.914209755704,0.405241314005));
#6289 = ( GEOMETRIC_REPRESENTATION_CONTEXT(2) 
PARAMETRIC_REPRESENTATION_CONTEXT() REPRESENTATION_CONTEXT('2D SPACE',''
  ) );
#6290 = PCURVE('',#3162,#6291);
#6291 = DEFINITIONAL_REPRESENTATION('',(#6292),#6296);
#6292 = LINE('',#6293,#6294);
#6293 = CARTESIAN_POINT('',(0.,-4.));
#6294 = VECTOR('',#6295,1.);
#6295 = DIRECTION('',(1.,0.));
#6296 = ( GEOMETRIC_REPRESENTATION_CONTEXT(2) 
PARAMETRIC_REPRESENTATION_CONTEXT() REPRESENTATION_CONTEXT('2D SPACE',''
  ) );
#6297 = ORIENTED_EDGE('',*,*,#6298,.T.);
#6298 = EDGE_CURVE('',#6276,#6299,#6301,.T.);
#6299 = VERTEX_POINT('',#6300);
#6300 = CARTESIAN_POINT('',(21.21285315717,-39.68645689567,4.));
#6301 = SURFACE_CURVE('',#6302,(#6306,#6313),.PCURVE_S1.);
#6302 = LINE('',#6303,#6304);
#6303 = CARTESIAN_POINT('',(19.239979204363,-40.67951819055,4.));
#6304 = VECTOR('',#6305,1.);
#6305 = DIRECTION('',(0.893224301196,0.449611329655,0.));
#6306 = PCURVE('',#72,#6307);
#6307 = DEFINITIONAL_REPRESENTATION('',(#6308),#6312);
#6308 = LINE('',#6309,#6310);
#6309 = CARTESIAN_POINT('',(19.239979204363,-40.67951819055));
#6310 = VECTOR('',#6311,1.);
#6311 = DIRECTION('',(0.893224301196,0.449611329655));
#6312 = ( GEOMETRIC_REPRESENTATION_CONTEXT(2) 
PARAMETRIC_REPRESENTATION_CONTEXT() REPRESENTATION_CONTEXT('2D SPACE',''
  ) );
#6313 = PCURVE('',#3190,#6314);
#6314 = DEFINITIONAL_REPRESENTATION('',(#6315),#6319);
#6315 = LINE('',#6316,#6317);
#6316 = CARTESIAN_POINT('',(0.,-4.));
#6317 = VECTOR('',#6318,1.);
#6318 = DIRECTION('',(1.,0.));
#6319 = ( GEOMETRIC_REPRESENTATION_CONTEXT(2) 
PARAMETRIC_REPRESENTATION_CONTEXT() REPRESENTATION_CONTEXT('2D SPACE',''
  ) );
#6320 = ORIENTED_EDGE('',*,*,#6321,.T.);
#6321 = EDGE_CURVE('',#6299,#6322,#6324,.T.);
#6322 = VERTEX_POINT('',#6323);
#6323 = CARTESIAN_POINT('',(23.134623488695,-38.59778745001,4.));
#6324 = SURFACE_CURVE('',#6325,(#6329,#6336),.PCURVE_S1.);
#6325 = LINE('',#6326,#6327);
#6326 = CARTESIAN_POINT('',(21.21285315717,-39.68645689567,4.));
#6327 = VECTOR('',#6328,1.);
#6328 = DIRECTION('',(0.870086991109,0.49289819223,0.));
#6329 = PCURVE('',#72,#6330);
#6330 = DEFINITIONAL_REPRESENTATION('',(#6331),#6335);
#6331 = LINE('',#6332,#6333);
#6332 = CARTESIAN_POINT('',(21.21285315717,-39.68645689567));
#6333 = VECTOR('',#6334,1.);
#6334 = DIRECTION('',(0.870086991109,0.49289819223));
#6335 = ( GEOMETRIC_REPRESENTATION_CONTEXT(2) 
PARAMETRIC_REPRESENTATION_CONTEXT() REPRESENTATION_CONTEXT('2D SPACE',''
  ) );
#6336 = PCURVE('',#3218,#6337);
#6337 = DEFINITIONAL_REPRESENTATION('',(#6338),#6342);
#6338 = LINE('',#6339,#6340);
#6339 = CARTESIAN_POINT('',(0.,-4.));
#6340 = VECTOR('',#6341,1.);
#6341 = DIRECTION('',(1.,0.));
#6342 = ( GEOMETRIC_REPRESENTATION_CONTEXT(2) 
PARAMETRIC_REPRESENTATION_CONTEXT() REPRESENTATION_CONTEXT('2D SPACE',''
  ) );
#6343 = ORIENTED_EDGE('',*,*,#6344,.T.);
#6344 = EDGE_CURVE('',#6322,#6345,#6347,.T.);
#6345 = VERTEX_POINT('',#6346);
#6346 = CARTESIAN_POINT('',(25.000660485882,-37.41613255361,4.));
#6347 = SURFACE_CURVE('',#6348,(#6352,#6359),.PCURVE_S1.);
#6348 = LINE('',#6349,#6350);
#6349 = CARTESIAN_POINT('',(23.134623488695,-38.59778745001,4.));
#6350 = VECTOR('',#6351,1.);
#6351 = DIRECTION('',(0.84485356525,0.534997619887,0.));
#6352 = PCURVE('',#72,#6353);
#6353 = DEFINITIONAL_REPRESENTATION('',(#6354),#6358);
#6354 = LINE('',#6355,#6356);
#6355 = CARTESIAN_POINT('',(23.134623488695,-38.59778745001));
#6356 = VECTOR('',#6357,1.);
#6357 = DIRECTION('',(0.84485356525,0.534997619887));
#6358 = ( GEOMETRIC_REPRESENTATION_CONTEXT(2) 
PARAMETRIC_REPRESENTATION_CONTEXT() REPRESENTATION_CONTEXT('2D SPACE',''
  ) );
#6359 = PCURVE('',#3246,#6360);
#6360 = DEFINITIONAL_REPRESENTATION('',(#6361),#6365);
#6361 = LINE('',#6362,#6363);
#6362 = CARTESIAN_POINT('',(0.,-4.));
#6363 = VECTOR('',#6364,1.);
#6364 = DIRECTION('',(1.,0.));
#6365 = ( GEOMETRIC_REPRESENTATION_CONTEXT(2) 
PARAMETRIC_REPRESENTATION_CONTEXT() REPRESENTATION_CONTEXT('2D SPACE',''
  ) );
#6366 = ORIENTED_EDGE('',*,*,#6367,.T.);
#6367 = EDGE_CURVE('',#6345,#6368,#6370,.T.);
#6368 = VERTEX_POINT('',#6369);
#6369 = CARTESIAN_POINT('',(26.806468702159,-36.14433891662,4.));
#6370 = SURFACE_CURVE('',#6371,(#6375,#6382),.PCURVE_S1.);
#6371 = LINE('',#6372,#6373);
#6372 = CARTESIAN_POINT('',(25.000660485882,-37.41613255361,4.));
#6373 = VECTOR('',#6374,1.);
#6374 = DIRECTION('',(0.817584813152,0.575808191418,0.));
#6375 = PCURVE('',#72,#6376);
#6376 = DEFINITIONAL_REPRESENTATION('',(#6377),#6381);
#6377 = LINE('',#6378,#6379);
#6378 = CARTESIAN_POINT('',(25.000660485882,-37.41613255361));
#6379 = VECTOR('',#6380,1.);
#6380 = DIRECTION('',(0.817584813152,0.575808191418));
#6381 = ( GEOMETRIC_REPRESENTATION_CONTEXT(2) 
PARAMETRIC_REPRESENTATION_CONTEXT() REPRESENTATION_CONTEXT('2D SPACE',''
  ) );
#6382 = PCURVE('',#3274,#6383);
#6383 = DEFINITIONAL_REPRESENTATION('',(#6384),#6388);
#6384 = LINE('',#6385,#6386);
#6385 = CARTESIAN_POINT('',(0.,-4.));
#6386 = VECTOR('',#6387,1.);
#6387 = DIRECTION('',(1.,0.));
#6388 = ( GEOMETRIC_REPRESENTATION_CONTEXT(2) 
PARAMETRIC_REPRESENTATION_CONTEXT() REPRESENTATION_CONTEXT('2D SPACE',''
  ) );
#6389 = ORIENTED_EDGE('',*,*,#6390,.T.);
#6390 = EDGE_CURVE('',#6368,#6391,#6393,.T.);
#6391 = VERTEX_POINT('',#6392);
#6392 = CARTESIAN_POINT('',(28.547697787364,-34.78547040132,4.));
#6393 = SURFACE_CURVE('',#6394,(#6398,#6405),.PCURVE_S1.);
#6394 = LINE('',#6395,#6396);
#6395 = CARTESIAN_POINT('',(26.806468702159,-36.14433891662,4.));
#6396 = VECTOR('',#6397,1.);
#6397 = DIRECTION('',(0.788346427627,0.615231590581,0.));
#6398 = PCURVE('',#72,#6399);
#6399 = DEFINITIONAL_REPRESENTATION('',(#6400),#6404);
#6400 = LINE('',#6401,#6402);
#6401 = CARTESIAN_POINT('',(26.806468702159,-36.14433891662));
#6402 = VECTOR('',#6403,1.);
#6403 = DIRECTION('',(0.788346427627,0.615231590581));
#6404 = ( GEOMETRIC_REPRESENTATION_CONTEXT(2) 
PARAMETRIC_REPRESENTATION_CONTEXT() REPRESENTATION_CONTEXT('2D SPACE',''
  ) );
#6405 = PCURVE('',#3302,#6406);
#6406 = DEFINITIONAL_REPRESENTATION('',(#6407),#6411);
#6407 = LINE('',#6408,#6409);
#6408 = CARTESIAN_POINT('',(0.,-4.));
#6409 = VECTOR('',#6410,1.);
#6410 = DIRECTION('',(1.,0.));
#6411 = ( GEOMETRIC_REPRESENTATION_CONTEXT(2) 
PARAMETRIC_REPRESENTATION_CONTEXT() REPRESENTATION_CONTEXT('2D SPACE',''
  ) );
#6412 = ORIENTED_EDGE('',*,*,#6413,.T.);
#6413 = EDGE_CURVE('',#6391,#6414,#6416,.T.);
#6414 = VERTEX_POINT('',#6415);
#6415 = CARTESIAN_POINT('',(30.220152968116,-33.34280064097,4.));
#6416 = SURFACE_CURVE('',#6417,(#6421,#6428),.PCURVE_S1.);
#6417 = LINE('',#6418,#6419);
#6418 = CARTESIAN_POINT('',(28.547697787364,-34.78547040132,4.));
#6419 = VECTOR('',#6420,1.);
#6420 = DIRECTION('',(0.757208846506,0.653172842954,0.));
#6421 = PCURVE('',#72,#6422);
#6422 = DEFINITIONAL_REPRESENTATION('',(#6423),#6427);
#6423 = LINE('',#6424,#6425);
#6424 = CARTESIAN_POINT('',(28.547697787364,-34.78547040132));
#6425 = VECTOR('',#6426,1.);
#6426 = DIRECTION('',(0.757208846506,0.653172842954));
#6427 = ( GEOMETRIC_REPRESENTATION_CONTEXT(2) 
PARAMETRIC_REPRESENTATION_CONTEXT() REPRESENTATION_CONTEXT('2D SPACE',''
  ) );
#6428 = PCURVE('',#3330,#6429);
#6429 = DEFINITIONAL_REPRESENTATION('',(#6430),#6434);
#6430 = LINE('',#6431,#6432);
#6431 = CARTESIAN_POINT('',(0.,-4.));
#6432 = VECTOR('',#6433,1.);
#6433 = DIRECTION('',(1.,0.));
#6434 = ( GEOMETRIC_REPRESENTATION_CONTEXT(2) 
PARAMETRIC_REPRESENTATION_CONTEXT() REPRESENTATION_CONTEXT('2D SPACE',''
  ) );
#6435 = ORIENTED_EDGE('',*,*,#6436,.T.);
#6436 = EDGE_CURVE('',#6414,#6437,#6439,.T.);
#6437 = VERTEX_POINT('',#6438);
#6438 = CARTESIAN_POINT('',(31.819805153395,-31.81980515339,4.));
#6439 = SURFACE_CURVE('',#6440,(#6444,#6451),.PCURVE_S1.);
#6440 = LINE('',#6441,#6442);
#6441 = CARTESIAN_POINT('',(30.220152968116,-33.34280064097,4.));
#6442 = VECTOR('',#6443,1.);
#6443 = DIRECTION('',(0.724247082951,0.689540544737,0.));
#6444 = PCURVE('',#72,#6445);
#6445 = DEFINITIONAL_REPRESENTATION('',(#6446),#6450);
#6446 = LINE('',#6447,#6448);
#6447 = CARTESIAN_POINT('',(30.220152968116,-33.34280064097));
#6448 = VECTOR('',#6449,1.);
#6449 = DIRECTION('',(0.724247082951,0.689540544737));
#6450 = ( GEOMETRIC_REPRESENTATION_CONTEXT(2) 
PARAMETRIC_REPRESENTATION_CONTEXT() REPRESENTATION_CONTEXT('2D SPACE',''
  ) );
#6451 = PCURVE('',#3358,#6452);
#6452 = DEFINITIONAL_REPRESENTATION('',(#6453),#6457);
#6453 = LINE('',#6454,#6455);
#6454 = CARTESIAN_POINT('',(0.,-4.));
#6455 = VECTOR('',#6456,1.);
#6456 = DIRECTION('',(1.,0.));
#6457 = ( GEOMETRIC_REPRESENTATION_CONTEXT(2) 
PARAMETRIC_REPRESENTATION_CONTEXT() REPRESENTATION_CONTEXT('2D SPACE',''
  ) );
#6458 = ORIENTED_EDGE('',*,*,#6459,.T.);
#6459 = EDGE_CURVE('',#6437,#6460,#6462,.T.);
#6460 = VERTEX_POINT('',#6461);
#6461 = CARTESIAN_POINT('',(33.342800640973,-30.22015296811,4.));
#6462 = SURFACE_CURVE('',#6463,(#6467,#6474),.PCURVE_S1.);
#6463 = LINE('',#6464,#6465);
#6464 = CARTESIAN_POINT('',(31.819805153395,-31.81980515339,4.));
#6465 = VECTOR('',#6466,1.);
#6466 = DIRECTION('',(0.689540544737,0.724247082951,0.));
#6467 = PCURVE('',#72,#6468);
#6468 = DEFINITIONAL_REPRESENTATION('',(#6469),#6473);
#6469 = LINE('',#6470,#6471);
#6470 = CARTESIAN_POINT('',(31.819805153395,-31.81980515339));
#6471 = VECTOR('',#6472,1.);
#6472 = DIRECTION('',(0.689540544737,0.724247082951));
#6473 = ( GEOMETRIC_REPRESENTATION_CONTEXT(2) 
PARAMETRIC_REPRESENTATION_CONTEXT() REPRESENTATION_CONTEXT('2D SPACE',''
  ) );
#6474 = PCURVE('',#3386,#6475);
#6475 = DEFINITIONAL_REPRESENTATION('',(#6476),#6480);
#6476 = LINE('',#6477,#6478);
#6477 = CARTESIAN_POINT('',(0.,-4.));
#6478 = VECTOR('',#6479,1.);
#6479 = DIRECTION('',(1.,0.));
#6480 = ( GEOMETRIC_REPRESENTATION_CONTEXT(2) 
PARAMETRIC_REPRESENTATION_CONTEXT() REPRESENTATION_CONTEXT('2D SPACE',''
  ) );
#6481 = ORIENTED_EDGE('',*,*,#6482,.T.);
#6482 = EDGE_CURVE('',#6460,#6483,#6485,.T.);
#6483 = VERTEX_POINT('',#6484);
#6484 = CARTESIAN_POINT('',(34.785470401323,-28.54769778736,4.));
#6485 = SURFACE_CURVE('',#6486,(#6490,#6497),.PCURVE_S1.);
#6486 = LINE('',#6487,#6488);
#6487 = CARTESIAN_POINT('',(33.342800640973,-30.22015296811,4.));
#6488 = VECTOR('',#6489,1.);
#6489 = DIRECTION('',(0.653172842954,0.757208846506,0.));
#6490 = PCURVE('',#72,#6491);
#6491 = DEFINITIONAL_REPRESENTATION('',(#6492),#6496);
#6492 = LINE('',#6493,#6494);
#6493 = CARTESIAN_POINT('',(33.342800640973,-30.22015296811));
#6494 = VECTOR('',#6495,1.);
#6495 = DIRECTION('',(0.653172842954,0.757208846506));
#6496 = ( GEOMETRIC_REPRESENTATION_CONTEXT(2) 
PARAMETRIC_REPRESENTATION_CONTEXT() REPRESENTATION_CONTEXT('2D SPACE',''
  ) );
#6497 = PCURVE('',#3414,#6498);
#6498 = DEFINITIONAL_REPRESENTATION('',(#6499),#6503);
#6499 = LINE('',#6500,#6501);
#6500 = CARTESIAN_POINT('',(0.,-4.));
#6501 = VECTOR('',#6502,1.);
#6502 = DIRECTION('',(1.,0.));
#6503 = ( GEOMETRIC_REPRESENTATION_CONTEXT(2) 
PARAMETRIC_REPRESENTATION_CONTEXT() REPRESENTATION_CONTEXT('2D SPACE',''
  ) );
#6504 = ORIENTED_EDGE('',*,*,#6505,.T.);
#6505 = EDGE_CURVE('',#6483,#6506,#6508,.T.);
#6506 = VERTEX_POINT('',#6507);
#6507 = CARTESIAN_POINT('',(36.144338916629,-26.80646870215,4.));
#6508 = SURFACE_CURVE('',#6509,(#6513,#6520),.PCURVE_S1.);
#6509 = LINE('',#6510,#6511);
#6510 = CARTESIAN_POINT('',(34.785470401323,-28.54769778736,4.));
#6511 = VECTOR('',#6512,1.);
#6512 = DIRECTION('',(0.615231590581,0.788346427627,0.));
#6513 = PCURVE('',#72,#6514);
#6514 = DEFINITIONAL_REPRESENTATION('',(#6515),#6519);
#6515 = LINE('',#6516,#6517);
#6516 = CARTESIAN_POINT('',(34.785470401323,-28.54769778736));
#6517 = VECTOR('',#6518,1.);
#6518 = DIRECTION('',(0.615231590581,0.788346427627));
#6519 = ( GEOMETRIC_REPRESENTATION_CONTEXT(2) 
PARAMETRIC_REPRESENTATION_CONTEXT() REPRESENTATION_CONTEXT('2D SPACE',''
  ) );
#6520 = PCURVE('',#3442,#6521);
#6521 = DEFINITIONAL_REPRESENTATION('',(#6522),#6526);
#6522 = LINE('',#6523,#6524);
#6523 = CARTESIAN_POINT('',(0.,-4.));
#6524 = VECTOR('',#6525,1.);
#6525 = DIRECTION('',(1.,0.));
#6526 = ( GEOMETRIC_REPRESENTATION_CONTEXT(2) 
PARAMETRIC_REPRESENTATION_CONTEXT() REPRESENTATION_CONTEXT('2D SPACE',''
  ) );
#6527 = ORIENTED_EDGE('',*,*,#6528,.T.);
#6528 = EDGE_CURVE('',#6506,#6529,#6531,.T.);
#6529 = VERTEX_POINT('',#6530);
#6530 = CARTESIAN_POINT('',(37.416132553615,-25.00066048588,4.));
#6531 = SURFACE_CURVE('',#6532,(#6536,#6543),.PCURVE_S1.);
#6532 = LINE('',#6533,#6534);
#6533 = CARTESIAN_POINT('',(36.144338916629,-26.80646870215,4.));
#6534 = VECTOR('',#6535,1.);
#6535 = DIRECTION('',(0.575808191418,0.817584813152,0.));
#6536 = PCURVE('',#72,#6537);
#6537 = DEFINITIONAL_REPRESENTATION('',(#6538),#6542);
#6538 = LINE('',#6539,#6540);
#6539 = CARTESIAN_POINT('',(36.144338916629,-26.80646870215));
#6540 = VECTOR('',#6541,1.);
#6541 = DIRECTION('',(0.575808191418,0.817584813152));
#6542 = ( GEOMETRIC_REPRESENTATION_CONTEXT(2) 
PARAMETRIC_REPRESENTATION_CONTEXT() REPRESENTATION_CONTEXT('2D SPACE',''
  ) );
#6543 = PCURVE('',#3470,#6544);
#6544 = DEFINITIONAL_REPRESENTATION('',(#6545),#6549);
#6545 = LINE('',#6546,#6547);
#6546 = CARTESIAN_POINT('',(0.,-4.));
#6547 = VECTOR('',#6548,1.);
#6548 = DIRECTION('',(1.,0.));
#6549 = ( GEOMETRIC_REPRESENTATION_CONTEXT(2) 
PARAMETRIC_REPRESENTATION_CONTEXT() REPRESENTATION_CONTEXT('2D SPACE',''
  ) );
#6550 = ORIENTED_EDGE('',*,*,#6551,.T.);
#6551 = EDGE_CURVE('',#6529,#6552,#6554,.T.);
#6552 = VERTEX_POINT('',#6553);
#6553 = CARTESIAN_POINT('',(38.597787450012,-23.13462348869,4.));
#6554 = SURFACE_CURVE('',#6555,(#6559,#6566),.PCURVE_S1.);
#6555 = LINE('',#6556,#6557);
#6556 = CARTESIAN_POINT('',(37.416132553615,-25.00066048588,4.));
#6557 = VECTOR('',#6558,1.);
#6558 = DIRECTION('',(0.534997619887,0.84485356525,0.));
#6559 = PCURVE('',#72,#6560);
#6560 = DEFINITIONAL_REPRESENTATION('',(#6561),#6565);
#6561 = LINE('',#6562,#6563);
#6562 = CARTESIAN_POINT('',(37.416132553615,-25.00066048588));
#6563 = VECTOR('',#6564,1.);
#6564 = DIRECTION('',(0.534997619887,0.84485356525));
#6565 = ( GEOMETRIC_REPRESENTATION_CONTEXT(2) 
PARAMETRIC_REPRESENTATION_CONTEXT() REPRESENTATION_CONTEXT('2D SPACE',''
  ) );
#6566 = PCURVE('',#3498,#6567);
#6567 = DEFINITIONAL_REPRESENTATION('',(#6568),#6572);
#6568 = LINE('',#6569,#6570);
#6569 = CARTESIAN_POINT('',(0.,-4.));
#6570 = VECTOR('',#6571,1.);
#6571 = DIRECTION('',(1.,0.));
#6572 = ( GEOMETRIC_REPRESENTATION_CONTEXT(2) 
PARAMETRIC_REPRESENTATION_CONTEXT() REPRESENTATION_CONTEXT('2D SPACE',''
  ) );
#6573 = ORIENTED_EDGE('',*,*,#6574,.T.);
#6574 = EDGE_CURVE('',#6552,#6575,#6577,.T.);
#6575 = VERTEX_POINT('',#6576);
#6576 = CARTESIAN_POINT('',(39.686456895676,-21.21285315717,4.));
#6577 = SURFACE_CURVE('',#6578,(#6582,#6589),.PCURVE_S1.);
#6578 = LINE('',#6579,#6580);
#6579 = CARTESIAN_POINT('',(38.597787450012,-23.13462348869,4.));
#6580 = VECTOR('',#6581,1.);
#6581 = DIRECTION('',(0.49289819223,0.870086991109,0.));
#6582 = PCURVE('',#72,#6583);
#6583 = DEFINITIONAL_REPRESENTATION('',(#6584),#6588);
#6584 = LINE('',#6585,#6586);
#6585 = CARTESIAN_POINT('',(38.597787450012,-23.13462348869));
#6586 = VECTOR('',#6587,1.);
#6587 = DIRECTION('',(0.49289819223,0.870086991109));
#6588 = ( GEOMETRIC_REPRESENTATION_CONTEXT(2) 
PARAMETRIC_REPRESENTATION_CONTEXT() REPRESENTATION_CONTEXT('2D SPACE',''
  ) );
#6589 = PCURVE('',#3526,#6590);
#6590 = DEFINITIONAL_REPRESENTATION('',(#6591),#6595);
#6591 = LINE('',#6592,#6593);
#6592 = CARTESIAN_POINT('',(0.,-4.));
#6593 = VECTOR('',#6594,1.);
#6594 = DIRECTION('',(1.,0.));
#6595 = ( GEOMETRIC_REPRESENTATION_CONTEXT(2) 
PARAMETRIC_REPRESENTATION_CONTEXT() REPRESENTATION_CONTEXT('2D SPACE',''
  ) );
#6596 = ORIENTED_EDGE('',*,*,#6597,.T.);
#6597 = EDGE_CURVE('',#6575,#6598,#6600,.T.);
#6598 = VERTEX_POINT('',#6599);
#6599 = CARTESIAN_POINT('',(40.679518190555,-19.23997920436,4.));
#6600 = SURFACE_CURVE('',#6601,(#6605,#6612),.PCURVE_S1.);
#6601 = LINE('',#6602,#6603);
#6602 = CARTESIAN_POINT('',(39.686456895676,-21.21285315717,4.));
#6603 = VECTOR('',#6604,1.);
#6604 = DIRECTION('',(0.449611329655,0.893224301196,0.));
#6605 = PCURVE('',#72,#6606);
#6606 = DEFINITIONAL_REPRESENTATION('',(#6607),#6611);
#6607 = LINE('',#6608,#6609);
#6608 = CARTESIAN_POINT('',(39.686456895676,-21.21285315717));
#6609 = VECTOR('',#6610,1.);
#6610 = DIRECTION('',(0.449611329655,0.893224301196));
#6611 = ( GEOMETRIC_REPRESENTATION_CONTEXT(2) 
PARAMETRIC_REPRESENTATION_CONTEXT() REPRESENTATION_CONTEXT('2D SPACE',''
  ) );
#6612 = PCURVE('',#3554,#6613);
#6613 = DEFINITIONAL_REPRESENTATION('',(#6614),#6618);
#6614 = LINE('',#6615,#6616);
#6615 = CARTESIAN_POINT('',(0.,-4.));
#6616 = VECTOR('',#6617,1.);
#6617 = DIRECTION('',(1.,0.));
#6618 = ( GEOMETRIC_REPRESENTATION_CONTEXT(2) 
PARAMETRIC_REPRESENTATION_CONTEXT() REPRESENTATION_CONTEXT('2D SPACE',''
  ) );
#6619 = ORIENTED_EDGE('',*,*,#6620,.T.);
#6620 = EDGE_CURVE('',#6598,#6621,#6623,.T.);
#6621 = VERTEX_POINT('',#6622);
#6622 = CARTESIAN_POINT('',(41.574578963008,-17.22075445642,4.));
#6623 = SURFACE_CURVE('',#6624,(#6628,#6635),.PCURVE_S1.);
#6624 = LINE('',#6625,#6626);
#6625 = CARTESIAN_POINT('',(40.679518190555,-19.23997920436,4.));
#6626 = VECTOR('',#6627,1.);
#6627 = DIRECTION('',(0.405241314005,0.914209755704,0.));
#6628 = PCURVE('',#72,#6629);
#6629 = DEFINITIONAL_REPRESENTATION('',(#6630),#6634);
#6630 = LINE('',#6631,#6632);
#6631 = CARTESIAN_POINT('',(40.679518190555,-19.23997920436));
#6632 = VECTOR('',#6633,1.);
#6633 = DIRECTION('',(0.405241314005,0.914209755704));
#6634 = ( GEOMETRIC_REPRESENTATION_CONTEXT(2) 
PARAMETRIC_REPRESENTATION_CONTEXT() REPRESENTATION_CONTEXT('2D SPACE',''
  ) );
#6635 = PCURVE('',#3582,#6636);
#6636 = DEFINITIONAL_REPRESENTATION('',(#6637),#6641);
#6637 = LINE('',#6638,#6639);
#6638 = CARTESIAN_POINT('',(0.,-4.));
#6639 = VECTOR('',#6640,1.);
#6640 = DIRECTION('',(1.,0.));
#6641 = ( GEOMETRIC_REPRESENTATION_CONTEXT(2) 
PARAMETRIC_REPRESENTATION_CONTEXT() REPRESENTATION_CONTEXT('2D SPACE',''
  ) );
#6642 = ORIENTED_EDGE('',*,*,#6643,.T.);
#6643 = EDGE_CURVE('',#6621,#6644,#6646,.T.);
#6644 = VERTEX_POINT('',#6645);
#6645 = CARTESIAN_POINT('',(42.369482933236,-15.16004340265,4.));
#6646 = SURFACE_CURVE('',#6647,(#6651,#6658),.PCURVE_S1.);
#6647 = LINE('',#6648,#6649);
#6648 = CARTESIAN_POINT('',(41.574578963008,-17.22075445642,4.));
#6649 = VECTOR('',#6650,1.);
#6650 = DIRECTION('',(0.359895036535,0.932992798835,0.));
#6651 = PCURVE('',#72,#6652);
#6652 = DEFINITIONAL_REPRESENTATION('',(#6653),#6657);
#6653 = LINE('',#6654,#6655);
#6654 = CARTESIAN_POINT('',(41.574578963008,-17.22075445642));
#6655 = VECTOR('',#6656,1.);
#6656 = DIRECTION('',(0.359895036535,0.932992798835));
#6657 = ( GEOMETRIC_REPRESENTATION_CONTEXT(2) 
PARAMETRIC_REPRESENTATION_CONTEXT() REPRESENTATION_CONTEXT('2D SPACE',''
  ) );
#6658 = PCURVE('',#3610,#6659);
#6659 = DEFINITIONAL_REPRESENTATION('',(#6660),#6664);
#6660 = LINE('',#6661,#6662);
#6661 = CARTESIAN_POINT('',(0.,-4.));
#6662 = VECTOR('',#6663,1.);
#6663 = DIRECTION('',(1.,0.));
#6664 = ( GEOMETRIC_REPRESENTATION_CONTEXT(2) 
PARAMETRIC_REPRESENTATION_CONTEXT() REPRESENTATION_CONTEXT('2D SPACE',''
  ) );
#6665 = ORIENTED_EDGE('',*,*,#6666,.T.);
#6666 = EDGE_CURVE('',#6644,#6667,#6669,.T.);
#6667 = VERTEX_POINT('',#6668);
#6668 = CARTESIAN_POINT('',(43.062315107949,-13.06281047645,4.));
#6669 = SURFACE_CURVE('',#6670,(#6674,#6681),.PCURVE_S1.);
#6670 = LINE('',#6671,#6672);
#6671 = CARTESIAN_POINT('',(42.369482933236,-15.16004340265,4.));
#6672 = VECTOR('',#6673,1.);
#6673 = DIRECTION('',(0.313681740399,0.949528180593,0.));
#6674 = PCURVE('',#72,#6675);
#6675 = DEFINITIONAL_REPRESENTATION('',(#6676),#6680);
#6676 = LINE('',#6677,#6678);
#6677 = CARTESIAN_POINT('',(42.369482933236,-15.16004340265));
#6678 = VECTOR('',#6679,1.);
#6679 = DIRECTION('',(0.313681740399,0.949528180593));
#6680 = ( GEOMETRIC_REPRESENTATION_CONTEXT(2) 
PARAMETRIC_REPRESENTATION_CONTEXT() REPRESENTATION_CONTEXT('2D SPACE',''
  ) );
#6681 = PCURVE('',#3638,#6682);
#6682 = DEFINITIONAL_REPRESENTATION('',(#6683),#6687);
#6683 = LINE('',#6684,#6685);
#6684 = CARTESIAN_POINT('',(0.,-4.));
#6685 = VECTOR('',#6686,1.);
#6686 = DIRECTION('',(1.,0.));
#6687 = ( GEOMETRIC_REPRESENTATION_CONTEXT(2) 
PARAMETRIC_REPRESENTATION_CONTEXT() REPRESENTATION_CONTEXT('2D SPACE',''
  ) );
#6688 = ORIENTED_EDGE('',*,*,#6689,.T.);
#6689 = EDGE_CURVE('',#6667,#6690,#6692,.T.);
#6690 = VERTEX_POINT('',#6691);
#6691 = CARTESIAN_POINT('',(43.651406393754,-10.93410809564,4.));
#6692 = SURFACE_CURVE('',#6693,(#6697,#6704),.PCURVE_S1.);
#6693 = LINE('',#6694,#6695);
#6694 = CARTESIAN_POINT('',(43.062315107949,-13.06281047645,4.));
#6695 = VECTOR('',#6696,1.);
#6696 = DIRECTION('',(0.266712757475,0.963776065795,0.));
#6697 = PCURVE('',#72,#6698);
#6698 = DEFINITIONAL_REPRESENTATION('',(#6699),#6703);
#6699 = LINE('',#6700,#6701);
#6700 = CARTESIAN_POINT('',(43.062315107949,-13.06281047645));
#6701 = VECTOR('',#6702,1.);
#6702 = DIRECTION('',(0.266712757475,0.963776065795));
#6703 = ( GEOMETRIC_REPRESENTATION_CONTEXT(2) 
PARAMETRIC_REPRESENTATION_CONTEXT() REPRESENTATION_CONTEXT('2D SPACE',''
  ) );
#6704 = PCURVE('',#3666,#6705);
#6705 = DEFINITIONAL_REPRESENTATION('',(#6706),#6710);
#6706 = LINE('',#6707,#6708);
#6707 = CARTESIAN_POINT('',(0.,-4.));
#6708 = VECTOR('',#6709,1.);
#6709 = DIRECTION('',(1.,0.));
#6710 = ( GEOMETRIC_REPRESENTATION_CONTEXT(2) 
PARAMETRIC_REPRESENTATION_CONTEXT() REPRESENTATION_CONTEXT('2D SPACE',''
  ) );
#6711 = ORIENTED_EDGE('',*,*,#6712,.T.);
#6712 = EDGE_CURVE('',#6690,#6713,#6715,.T.);
#6713 = VERTEX_POINT('',#6714);
#6714 = CARTESIAN_POINT('',(44.135337618145,-8.779064490726,4.));
#6715 = SURFACE_CURVE('',#6716,(#6720,#6727),.PCURVE_S1.);
#6716 = LINE('',#6717,#6718);
#6717 = CARTESIAN_POINT('',(43.651406393754,-10.93410809564,4.));
#6718 = VECTOR('',#6719,1.);
#6719 = DIRECTION('',(0.219101240157,0.975702130039,0.));
#6720 = PCURVE('',#72,#6721);
#6721 = DEFINITIONAL_REPRESENTATION('',(#6722),#6726);
#6722 = LINE('',#6723,#6724);
#6723 = CARTESIAN_POINT('',(43.651406393754,-10.93410809564));
#6724 = VECTOR('',#6725,1.);
#6725 = DIRECTION('',(0.219101240157,0.975702130039));
#6726 = ( GEOMETRIC_REPRESENTATION_CONTEXT(2) 
PARAMETRIC_REPRESENTATION_CONTEXT() REPRESENTATION_CONTEXT('2D SPACE',''
  ) );
#6727 = PCURVE('',#3694,#6728);
#6728 = DEFINITIONAL_REPRESENTATION('',(#6729),#6733);
#6729 = LINE('',#6730,#6731);
#6730 = CARTESIAN_POINT('',(0.,-4.));
#6731 = VECTOR('',#6732,1.);
#6732 = DIRECTION('',(1.,0.));
#6733 = ( GEOMETRIC_REPRESENTATION_CONTEXT(2) 
PARAMETRIC_REPRESENTATION_CONTEXT() REPRESENTATION_CONTEXT('2D SPACE',''
  ) );
#6734 = ORIENTED_EDGE('',*,*,#6735,.T.);
#6735 = EDGE_CURVE('',#6713,#6736,#6738,.T.);
#6736 = VERTEX_POINT('',#6737);
#6737 = CARTESIAN_POINT('',(44.512942948415,-6.602871350491,4.));
#6738 = SURFACE_CURVE('',#6739,(#6743,#6750),.PCURVE_S1.);
#6739 = LINE('',#6740,#6741);
#6740 = CARTESIAN_POINT('',(44.135337618145,-8.779064490726,4.));
#6741 = VECTOR('',#6742,1.);
#6742 = DIRECTION('',(0.17096188876,0.985277642389,0.));
#6743 = PCURVE('',#72,#6744);
#6744 = DEFINITIONAL_REPRESENTATION('',(#6745),#6749);
#6745 = LINE('',#6746,#6747);
#6746 = CARTESIAN_POINT('',(44.135337618145,-8.779064490726));
#6747 = VECTOR('',#6748,1.);
#6748 = DIRECTION('',(0.17096188876,0.985277642389));
#6749 = ( GEOMETRIC_REPRESENTATION_CONTEXT(2) 
PARAMETRIC_REPRESENTATION_CONTEXT() REPRESENTATION_CONTEXT('2D SPACE',''
  ) );
#6750 = PCURVE('',#3722,#6751);
#6751 = DEFINITIONAL_REPRESENTATION('',(#6752),#6756);
#6752 = LINE('',#6753,#6754);
#6753 = CARTESIAN_POINT('',(0.,-4.));
#6754 = VECTOR('',#6755,1.);
#6755 = DIRECTION('',(1.,0.));
#6756 = ( GEOMETRIC_REPRESENTATION_CONTEXT(2) 
PARAMETRIC_REPRESENTATION_CONTEXT() REPRESENTATION_CONTEXT('2D SPACE',''
  ) );
#6757 = ORIENTED_EDGE('',*,*,#6758,.T.);
#6758 = EDGE_CURVE('',#6736,#6759,#6761,.T.);
#6759 = VERTEX_POINT('',#6760);
#6760 = CARTESIAN_POINT('',(44.783312700249,-4.41077131483,4.));
#6761 = SURFACE_CURVE('',#6762,(#6766,#6773),.PCURVE_S1.);
#6762 = LINE('',#6763,#6764);
#6763 = CARTESIAN_POINT('',(44.512942948415,-6.602871350491,4.));
#6764 = VECTOR('',#6765,1.);
#6765 = DIRECTION('',(0.122410675199,0.992479534599,0.));
#6766 = PCURVE('',#72,#6767);
#6767 = DEFINITIONAL_REPRESENTATION('',(#6768),#6772);
#6768 = LINE('',#6769,#6770);
#6769 = CARTESIAN_POINT('',(44.512942948415,-6.602871350491));
#6770 = VECTOR('',#6771,1.);
#6771 = DIRECTION('',(0.122410675199,0.992479534599));
#6772 = ( GEOMETRIC_REPRESENTATION_CONTEXT(2) 
PARAMETRIC_REPRESENTATION_CONTEXT() REPRESENTATION_CONTEXT('2D SPACE',''
  ) );
#6773 = PCURVE('',#3750,#6774);
#6774 = DEFINITIONAL_REPRESENTATION('',(#6775),#6779);
#6775 = LINE('',#6776,#6777);
#6776 = CARTESIAN_POINT('',(0.,-4.));
#6777 = VECTOR('',#6778,1.);
#6778 = DIRECTION('',(1.,0.));
#6779 = ( GEOMETRIC_REPRESENTATION_CONTEXT(2) 
PARAMETRIC_REPRESENTATION_CONTEXT() REPRESENTATION_CONTEXT('2D SPACE',''
  ) );
#6780 = ORIENTED_EDGE('',*,*,#6781,.T.);
#6781 = EDGE_CURVE('',#6759,#144,#6782,.T.);
#6782 = SURFACE_CURVE('',#6783,(#6787,#6794),.PCURVE_S1.);
#6783 = LINE('',#6784,#6785);
#6784 = CARTESIAN_POINT('',(44.783312700249,-4.41077131483,4.));
#6785 = VECTOR('',#6786,1.);
#6786 = DIRECTION('',(7.356456359967E-02,0.997290456679,0.));
#6787 = PCURVE('',#72,#6788);
#6788 = DEFINITIONAL_REPRESENTATION('',(#6789),#6793);
#6789 = LINE('',#6790,#6791);
#6790 = CARTESIAN_POINT('',(44.783312700249,-4.41077131483));
#6791 = VECTOR('',#6792,1.);
#6792 = DIRECTION('',(7.356456359967E-02,0.997290456679));
#6793 = ( GEOMETRIC_REPRESENTATION_CONTEXT(2) 
PARAMETRIC_REPRESENTATION_CONTEXT() REPRESENTATION_CONTEXT('2D SPACE',''
  ) );
#6794 = PCURVE('',#159,#6795);
#6795 = DEFINITIONAL_REPRESENTATION('',(#6796),#6800);
#6796 = LINE('',#6797,#6798);
#6797 = CARTESIAN_POINT('',(0.,-4.));
#6798 = VECTOR('',#6799,1.);
#6799 = DIRECTION('',(1.,0.));
#6800 = ( GEOMETRIC_REPRESENTATION_CONTEXT(2) 
PARAMETRIC_REPRESENTATION_CONTEXT() REPRESENTATION_CONTEXT('2D SPACE',''
  ) );
#6801 = ORIENTED_EDGE('',*,*,#171,.T.);
#6802 = FACE_BOUND('',#6803,.T.);
#6803 = EDGE_LOOP('',(#6804));
#6804 = ORIENTED_EDGE('',*,*,#6805,.T.);
#6805 = EDGE_CURVE('',#6806,#6806,#6808,.T.);
#6806 = VERTEX_POINT('',#6807);
#6807 = CARTESIAN_POINT('',(-21.44873734152,-24.74873734152,4.));
#6808 = SURFACE_CURVE('',#6809,(#6814,#6825),.PCURVE_S1.);
#6809 = CIRCLE('',#6810,3.3);
#6810 = AXIS2_PLACEMENT_3D('',#6811,#6812,#6813);
#6811 = CARTESIAN_POINT('',(-24.74873734152,-24.74873734152,4.));
#6812 = DIRECTION('',(0.,0.,-1.));
#6813 = DIRECTION('',(1.,0.,0.));
#6814 = PCURVE('',#72,#6815);
#6815 = DEFINITIONAL_REPRESENTATION('',(#6816),#6824);
#6816 = ( BOUNDED_CURVE() B_SPLINE_CURVE(2,(#6817,#6818,#6819,#6820,
#6821,#6822,#6823),.UNSPECIFIED.,.T.,.F.) B_SPLINE_CURVE_WITH_KNOTS((1,2
    ,2,2,2,1),(-2.094395102393,0.,2.094395102393,4.188790204786,
6.28318530718,8.377580409573),.UNSPECIFIED.) CURVE() 
GEOMETRIC_REPRESENTATION_ITEM() RATIONAL_B_SPLINE_CURVE((1.,0.5,1.,0.5,
1.,0.5,1.)) REPRESENTATION_ITEM('') );
#6817 = CARTESIAN_POINT('',(-21.44873734152,-24.74873734152));
#6818 = CARTESIAN_POINT('',(-21.44873734152,-30.4645050065));
#6819 = CARTESIAN_POINT('',(-26.39873734152,-27.60662117401));
#6820 = CARTESIAN_POINT('',(-31.34873734152,-24.74873734152));
#6821 = CARTESIAN_POINT('',(-26.39873734152,-21.89085350904));
#6822 = CARTESIAN_POINT('',(-21.44873734152,-19.03296967655));
#6823 = CARTESIAN_POINT('',(-21.44873734152,-24.74873734152));
#6824 = ( GEOMETRIC_REPRESENTATION_CONTEXT(2) 
PARAMETRIC_REPRESENTATION_CONTEXT() REPRESENTATION_CONTEXT('2D SPACE',''
  ) );
#6825 = PCURVE('',#3807,#6826);
#6826 = DEFINITIONAL_REPRESENTATION('',(#6827),#6831);
#6827 = LINE('',#6828,#6829);
#6828 = CARTESIAN_POINT('',(-6.28318530718,-5.));
#6829 = VECTOR('',#6830,1.);
#6830 = DIRECTION('',(1.,-0.));
#6831 = ( GEOMETRIC_REPRESENTATION_CONTEXT(2) 
PARAMETRIC_REPRESENTATION_CONTEXT() REPRESENTATION_CONTEXT('2D SPACE',''
  ) );
#6832 = FACE_BOUND('',#6833,.T.);
#6833 = EDGE_LOOP('',(#6834));
#6834 = ORIENTED_EDGE('',*,*,#6835,.T.);
#6835 = EDGE_CURVE('',#6836,#6836,#6838,.T.);
#6836 = VERTEX_POINT('',#6837);
#6837 = CARTESIAN_POINT('',(28.048737341529,-24.74873734152,4.));
#6838 = SURFACE_CURVE('',#6839,(#6844,#6855),.PCURVE_S1.);
#6839 = CIRCLE('',#6840,3.3);
#6840 = AXIS2_PLACEMENT_3D('',#6841,#6842,#6843);
#6841 = CARTESIAN_POINT('',(24.748737341529,-24.74873734152,4.));
#6842 = DIRECTION('',(0.,0.,-1.));
#6843 = DIRECTION('',(1.,0.,0.));
#6844 = PCURVE('',#72,#6845);
#6845 = DEFINITIONAL_REPRESENTATION('',(#6846),#6854);
#6846 = ( BOUNDED_CURVE() B_SPLINE_CURVE(2,(#6847,#6848,#6849,#6850,
#6851,#6852,#6853),.UNSPECIFIED.,.T.,.F.) B_SPLINE_CURVE_WITH_KNOTS((1,2
    ,2,2,2,1),(-2.094395102393,0.,2.094395102393,4.188790204786,
6.28318530718,8.377580409573),.UNSPECIFIED.) CURVE() 
GEOMETRIC_REPRESENTATION_ITEM() RATIONAL_B_SPLINE_CURVE((1.,0.5,1.,0.5,
1.,0.5,1.)) REPRESENTATION_ITEM('') );
#6847 = CARTESIAN_POINT('',(28.048737341529,-24.74873734152));
#6848 = CARTESIAN_POINT('',(28.048737341529,-30.4645050065));
#6849 = CARTESIAN_POINT('',(23.098737341529,-27.60662117401));
#6850 = CARTESIAN_POINT('',(18.148737341529,-24.74873734152));
#6851 = CARTESIAN_POINT('',(23.098737341529,-21.89085350904));
#6852 = CARTESIAN_POINT('',(28.048737341529,-19.03296967655));
#6853 = CARTESIAN_POINT('',(28.048737341529,-24.74873734152));
#6854 = ( GEOMETRIC_REPRESENTATION_CONTEXT(2) 
PARAMETRIC_REPRESENTATION_CONTEXT() REPRESENTATION_CONTEXT('2D SPACE',''
  ) );
#6855 = PCURVE('',#3842,#6856);
#6856 = DEFINITIONAL_REPRESENTATION('',(#6857),#6861);
#6857 = LINE('',#6858,#6859);
#6858 = CARTESIAN_POINT('',(-6.28318530718,-5.));
#6859 = VECTOR('',#6860,1.);
#6860 = DIRECTION('',(1.,-0.));
#6861 = ( GEOMETRIC_REPRESENTATION_CONTEXT(2) 
PARAMETRIC_REPRESENTATION_CONTEXT() REPRESENTATION_CONTEXT('2D SPACE',''
  ) );
#6862 = FACE_BOUND('',#6863,.T.);
#6863 = EDGE_LOOP('',(#6864));
#6864 = ORIENTED_EDGE('',*,*,#6865,.T.);
#6865 = EDGE_CURVE('',#6866,#6866,#6868,.T.);
#6866 = VERTEX_POINT('',#6867);
#6867 = CARTESIAN_POINT('',(-21.44873734152,24.748737341529,4.));
#6868 = SURFACE_CURVE('',#6869,(#6874,#6885),.PCURVE_S1.);
#6869 = CIRCLE('',#6870,3.3);
#6870 = AXIS2_PLACEMENT_3D('',#6871,#6872,#6873);
#6871 = CARTESIAN_POINT('',(-24.74873734152,24.748737341529,4.));
#6872 = DIRECTION('',(0.,0.,-1.));
#6873 = DIRECTION('',(1.,0.,0.));
#6874 = PCURVE('',#72,#6875);
#6875 = DEFINITIONAL_REPRESENTATION('',(#6876),#6884);
#6876 = ( BOUNDED_CURVE() B_SPLINE_CURVE(2,(#6877,#6878,#6879,#6880,
#6881,#6882,#6883),.UNSPECIFIED.,.T.,.F.) B_SPLINE_CURVE_WITH_KNOTS((1,2
    ,2,2,2,1),(-2.094395102393,0.,2.094395102393,4.188790204786,
6.28318530718,8.377580409573),.UNSPECIFIED.) CURVE() 
GEOMETRIC_REPRESENTATION_ITEM() RATIONAL_B_SPLINE_CURVE((1.,0.5,1.,0.5,
1.,0.5,1.)) REPRESENTATION_ITEM('') );
#6877 = CARTESIAN_POINT('',(-21.44873734152,24.748737341529));
#6878 = CARTESIAN_POINT('',(-21.44873734152,19.032969676552));
#6879 = CARTESIAN_POINT('',(-26.39873734152,21.890853509041));
#6880 = CARTESIAN_POINT('',(-31.34873734152,24.748737341529));
#6881 = CARTESIAN_POINT('',(-26.39873734152,27.606621174018));
#6882 = CARTESIAN_POINT('',(-21.44873734152,30.464505006506));
#6883 = CARTESIAN_POINT('',(-21.44873734152,24.748737341529));
#6884 = ( GEOMETRIC_REPRESENTATION_CONTEXT(2) 
PARAMETRIC_REPRESENTATION_CONTEXT() REPRESENTATION_CONTEXT('2D SPACE',''
  ) );
#6885 = PCURVE('',#3877,#6886);
#6886 = DEFINITIONAL_REPRESENTATION('',(#6887),#6891);
#6887 = LINE('',#6888,#6889);
#6888 = CARTESIAN_POINT('',(-6.28318530718,-5.));
#6889 = VECTOR('',#6890,1.);
#6890 = DIRECTION('',(1.,-0.));
#6891 = ( GEOMETRIC_REPRESENTATION_CONTEXT(2) 
PARAMETRIC_REPRESENTATION_CONTEXT() REPRESENTATION_CONTEXT('2D SPACE',''
  ) );
#6892 = FACE_BOUND('',#6893,.T.);
#6893 = EDGE_LOOP('',(#6894));
#6894 = ORIENTED_EDGE('',*,*,#6895,.T.);
#6895 = EDGE_CURVE('',#6896,#6896,#6898,.T.);
#6896 = VERTEX_POINT('',#6897);
#6897 = CARTESIAN_POINT('',(28.048737341529,24.748737341529,4.));
#6898 = SURFACE_CURVE('',#6899,(#6904,#6915),.PCURVE_S1.);
#6899 = CIRCLE('',#6900,3.3);
#6900 = AXIS2_PLACEMENT_3D('',#6901,#6902,#6903);
#6901 = CARTESIAN_POINT('',(24.748737341529,24.748737341529,4.));
#6902 = DIRECTION('',(0.,0.,-1.));
#6903 = DIRECTION('',(1.,0.,0.));
#6904 = PCURVE('',#72,#6905);
#6905 = DEFINITIONAL_REPRESENTATION('',(#6906),#6914);
#6906 = ( BOUNDED_CURVE() B_SPLINE_CURVE(2,(#6907,#6908,#6909,#6910,
#6911,#6912,#6913),.UNSPECIFIED.,.T.,.F.) B_SPLINE_CURVE_WITH_KNOTS((1,2
    ,2,2,2,1),(-2.094395102393,0.,2.094395102393,4.188790204786,
6.28318530718,8.377580409573),.UNSPECIFIED.) CURVE() 
GEOMETRIC_REPRESENTATION_ITEM() RATIONAL_B_SPLINE_CURVE((1.,0.5,1.,0.5,
1.,0.5,1.)) REPRESENTATION_ITEM('') );
#6907 = CARTESIAN_POINT('',(28.048737341529,24.748737341529));
#6908 = CARTESIAN_POINT('',(28.048737341529,19.032969676552));
#6909 = CARTESIAN_POINT('',(23.098737341529,21.890853509041));
#6910 = CARTESIAN_POINT('',(18.148737341529,24.748737341529));
#6911 = CARTESIAN_POINT('',(23.098737341529,27.606621174018));
#6912 = CARTESIAN_POINT('',(28.048737341529,30.464505006506));
#6913 = CARTESIAN_POINT('',(28.048737341529,24.748737341529));
#6914 = ( GEOMETRIC_REPRESENTATION_CONTEXT(2) 
PARAMETRIC_REPRESENTATION_CONTEXT() REPRESENTATION_CONTEXT('2D SPACE',''
  ) );
#6915 = PCURVE('',#3912,#6916);
#6916 = DEFINITIONAL_REPRESENTATION('',(#6917),#6921);
#6917 = LINE('',#6918,#6919);
#6918 = CARTESIAN_POINT('',(-6.28318530718,-5.));
#6919 = VECTOR('',#6920,1.);
#6920 = DIRECTION('',(1.,-0.));
#6921 = ( GEOMETRIC_REPRESENTATION_CONTEXT(2) 
PARAMETRIC_REPRESENTATION_CONTEXT() REPRESENTATION_CONTEXT('2D SPACE',''
  ) );
#6922 = ADVANCED_FACE('',(#6923),#159,.F.);
#6923 = FACE_BOUND('',#6924,.F.);
#6924 = EDGE_LOOP('',(#6925,#6946,#6947,#6948));
#6925 = ORIENTED_EDGE('',*,*,#6926,.T.);
#6926 = EDGE_CURVE('',#3735,#6759,#6927,.T.);
#6927 = SURFACE_CURVE('',#6928,(#6932,#6939),.PCURVE_S1.);
#6928 = LINE('',#6929,#6930);
#6929 = CARTESIAN_POINT('',(44.783312700249,-4.41077131483,0.));
#6930 = VECTOR('',#6931,1.);
#6931 = DIRECTION('',(0.,0.,1.));
#6932 = PCURVE('',#159,#6933);
#6933 = DEFINITIONAL_REPRESENTATION('',(#6934),#6938);
#6934 = LINE('',#6935,#6936);
#6935 = CARTESIAN_POINT('',(0.,0.));
#6936 = VECTOR('',#6937,1.);
#6937 = DIRECTION('',(0.,-1.));
#6938 = ( GEOMETRIC_REPRESENTATION_CONTEXT(2) 
PARAMETRIC_REPRESENTATION_CONTEXT() REPRESENTATION_CONTEXT('2D SPACE',''
  ) );
#6939 = PCURVE('',#3750,#6940);
#6940 = DEFINITIONAL_REPRESENTATION('',(#6941),#6945);
#6941 = LINE('',#6942,#6943);
#6942 = CARTESIAN_POINT('',(2.208710567062,0.));
#6943 = VECTOR('',#6944,1.);
#6944 = DIRECTION('',(0.,-1.));
#6945 = ( GEOMETRIC_REPRESENTATION_CONTEXT(2) 
PARAMETRIC_REPRESENTATION_CONTEXT() REPRESENTATION_CONTEXT('2D SPACE',''
  ) );
#6946 = ORIENTED_EDGE('',*,*,#6781,.T.);
#6947 = ORIENTED_EDGE('',*,*,#141,.F.);
#6948 = ORIENTED_EDGE('',*,*,#3762,.F.);
#6949 = ADVANCED_FACE('',(#6950),#257,.F.);
#6950 = FACE_BOUND('',#6951,.F.);
#6951 = EDGE_LOOP('',(#6952,#6953,#6954,#6975));
#6952 = ORIENTED_EDGE('',*,*,#241,.T.);
#6953 = ORIENTED_EDGE('',*,*,#3929,.T.);
#6954 = ORIENTED_EDGE('',*,*,#6955,.F.);
#6955 = EDGE_CURVE('',#296,#3930,#6956,.T.);
#6956 = SURFACE_CURVE('',#6957,(#6961,#6968),.PCURVE_S1.);
#6957 = LINE('',#6958,#6959);
#6958 = CARTESIAN_POINT('',(44.512942948415,6.602871350491,0.));
#6959 = VECTOR('',#6960,1.);
#6960 = DIRECTION('',(0.,0.,1.));
#6961 = PCURVE('',#257,#6962);
#6962 = DEFINITIONAL_REPRESENTATION('',(#6963),#6967);
#6963 = LINE('',#6964,#6965);
#6964 = CARTESIAN_POINT('',(2.208710567062,0.));
#6965 = VECTOR('',#6966,1.);
#6966 = DIRECTION('',(0.,-1.));
#6967 = ( GEOMETRIC_REPRESENTATION_CONTEXT(2) 
PARAMETRIC_REPRESENTATION_CONTEXT() REPRESENTATION_CONTEXT('2D SPACE',''
  ) );
#6968 = PCURVE('',#334,#6969);
#6969 = DEFINITIONAL_REPRESENTATION('',(#6970),#6974);
#6970 = LINE('',#6971,#6972);
#6971 = CARTESIAN_POINT('',(0.,0.));
#6972 = VECTOR('',#6973,1.);
#6973 = DIRECTION('',(0.,-1.));
#6974 = ( GEOMETRIC_REPRESENTATION_CONTEXT(2) 
PARAMETRIC_REPRESENTATION_CONTEXT() REPRESENTATION_CONTEXT('2D SPACE',''
  ) );
#6975 = ORIENTED_EDGE('',*,*,#295,.F.);
#6976 = ADVANCED_FACE('',(#6977),#3750,.F.);
#6977 = FACE_BOUND('',#6978,.F.);
#6978 = EDGE_LOOP('',(#6979,#7000,#7001,#7002));
#6979 = ORIENTED_EDGE('',*,*,#6980,.T.);
#6980 = EDGE_CURVE('',#3707,#6736,#6981,.T.);
#6981 = SURFACE_CURVE('',#6982,(#6986,#6993),.PCURVE_S1.);
#6982 = LINE('',#6983,#6984);
#6983 = CARTESIAN_POINT('',(44.512942948415,-6.602871350491,0.));
#6984 = VECTOR('',#6985,1.);
#6985 = DIRECTION('',(0.,0.,1.));
#6986 = PCURVE('',#3750,#6987);
#6987 = DEFINITIONAL_REPRESENTATION('',(#6988),#6992);
#6988 = LINE('',#6989,#6990);
#6989 = CARTESIAN_POINT('',(0.,0.));
#6990 = VECTOR('',#6991,1.);
#6991 = DIRECTION('',(0.,-1.));
#6992 = ( GEOMETRIC_REPRESENTATION_CONTEXT(2) 
PARAMETRIC_REPRESENTATION_CONTEXT() REPRESENTATION_CONTEXT('2D SPACE',''
  ) );
#6993 = PCURVE('',#3722,#6994);
#6994 = DEFINITIONAL_REPRESENTATION('',(#6995),#6999);
#6995 = LINE('',#6996,#6997);
#6996 = CARTESIAN_POINT('',(2.208710567062,0.));
#6997 = VECTOR('',#6998,1.);
#6998 = DIRECTION('',(0.,-1.));
#6999 = ( GEOMETRIC_REPRESENTATION_CONTEXT(2) 
PARAMETRIC_REPRESENTATION_CONTEXT() REPRESENTATION_CONTEXT('2D SPACE',''
  ) );
#7000 = ORIENTED_EDGE('',*,*,#6758,.T.);
#7001 = ORIENTED_EDGE('',*,*,#6926,.F.);
#7002 = ORIENTED_EDGE('',*,*,#3734,.F.);
#7003 = ADVANCED_FACE('',(#7004),#334,.F.);
#7004 = FACE_BOUND('',#7005,.F.);
#7005 = EDGE_LOOP('',(#7006,#7007,#7008,#7029));
#7006 = ORIENTED_EDGE('',*,*,#6955,.T.);
#7007 = ORIENTED_EDGE('',*,*,#3952,.T.);
#7008 = ORIENTED_EDGE('',*,*,#7009,.F.);
#7009 = EDGE_CURVE('',#319,#3953,#7010,.T.);
#7010 = SURFACE_CURVE('',#7011,(#7015,#7022),.PCURVE_S1.);
#7011 = LINE('',#7012,#7013);
#7012 = CARTESIAN_POINT('',(44.135337618145,8.779064490726,0.));
#7013 = VECTOR('',#7014,1.);
#7014 = DIRECTION('',(0.,0.,1.));
#7015 = PCURVE('',#334,#7016);
#7016 = DEFINITIONAL_REPRESENTATION('',(#7017),#7021);
#7017 = LINE('',#7018,#7019);
#7018 = CARTESIAN_POINT('',(2.208710567062,0.));
#7019 = VECTOR('',#7020,1.);
#7020 = DIRECTION('',(0.,-1.));
#7021 = ( GEOMETRIC_REPRESENTATION_CONTEXT(2) 
PARAMETRIC_REPRESENTATION_CONTEXT() REPRESENTATION_CONTEXT('2D SPACE',''
  ) );
#7022 = PCURVE('',#362,#7023);
#7023 = DEFINITIONAL_REPRESENTATION('',(#7024),#7028);
#7024 = LINE('',#7025,#7026);
#7025 = CARTESIAN_POINT('',(0.,0.));
#7026 = VECTOR('',#7027,1.);
#7027 = DIRECTION('',(0.,-1.));
#7028 = ( GEOMETRIC_REPRESENTATION_CONTEXT(2) 
PARAMETRIC_REPRESENTATION_CONTEXT() REPRESENTATION_CONTEXT('2D SPACE',''
  ) );
#7029 = ORIENTED_EDGE('',*,*,#318,.F.);
#7030 = ADVANCED_FACE('',(#7031),#3722,.F.);
#7031 = FACE_BOUND('',#7032,.F.);
#7032 = EDGE_LOOP('',(#7033,#7054,#7055,#7056));
#7033 = ORIENTED_EDGE('',*,*,#7034,.T.);
#7034 = EDGE_CURVE('',#3679,#6713,#7035,.T.);
#7035 = SURFACE_CURVE('',#7036,(#7040,#7047),.PCURVE_S1.);
#7036 = LINE('',#7037,#7038);
#7037 = CARTESIAN_POINT('',(44.135337618145,-8.779064490726,0.));
#7038 = VECTOR('',#7039,1.);
#7039 = DIRECTION('',(0.,0.,1.));
#7040 = PCURVE('',#3722,#7041);
#7041 = DEFINITIONAL_REPRESENTATION('',(#7042),#7046);
#7042 = LINE('',#7043,#7044);
#7043 = CARTESIAN_POINT('',(0.,0.));
#7044 = VECTOR('',#7045,1.);
#7045 = DIRECTION('',(0.,-1.));
#7046 = ( GEOMETRIC_REPRESENTATION_CONTEXT(2) 
PARAMETRIC_REPRESENTATION_CONTEXT() REPRESENTATION_CONTEXT('2D SPACE',''
  ) );
#7047 = PCURVE('',#3694,#7048);
#7048 = DEFINITIONAL_REPRESENTATION('',(#7049),#7053);
#7049 = LINE('',#7050,#7051);
#7050 = CARTESIAN_POINT('',(2.208710567062,0.));
#7051 = VECTOR('',#7052,1.);
#7052 = DIRECTION('',(0.,-1.));
#7053 = ( GEOMETRIC_REPRESENTATION_CONTEXT(2) 
PARAMETRIC_REPRESENTATION_CONTEXT() REPRESENTATION_CONTEXT('2D SPACE',''
  ) );
#7054 = ORIENTED_EDGE('',*,*,#6735,.T.);
#7055 = ORIENTED_EDGE('',*,*,#6980,.F.);
#7056 = ORIENTED_EDGE('',*,*,#3706,.F.);
#7057 = ADVANCED_FACE('',(#7058),#362,.F.);
#7058 = FACE_BOUND('',#7059,.F.);
#7059 = EDGE_LOOP('',(#7060,#7061,#7062,#7083));
#7060 = ORIENTED_EDGE('',*,*,#7009,.T.);
#7061 = ORIENTED_EDGE('',*,*,#3975,.T.);
#7062 = ORIENTED_EDGE('',*,*,#7063,.F.);
#7063 = EDGE_CURVE('',#347,#3976,#7064,.T.);
#7064 = SURFACE_CURVE('',#7065,(#7069,#7076),.PCURVE_S1.);
#7065 = LINE('',#7066,#7067);
#7066 = CARTESIAN_POINT('',(43.651406393754,10.934108095647,0.));
#7067 = VECTOR('',#7068,1.);
#7068 = DIRECTION('',(0.,0.,1.));
#7069 = PCURVE('',#362,#7070);
#7070 = DEFINITIONAL_REPRESENTATION('',(#7071),#7075);
#7071 = LINE('',#7072,#7073);
#7072 = CARTESIAN_POINT('',(2.208710567062,0.));
#7073 = VECTOR('',#7074,1.);
#7074 = DIRECTION('',(0.,-1.));
#7075 = ( GEOMETRIC_REPRESENTATION_CONTEXT(2) 
PARAMETRIC_REPRESENTATION_CONTEXT() REPRESENTATION_CONTEXT('2D SPACE',''
  ) );
#7076 = PCURVE('',#390,#7077);
#7077 = DEFINITIONAL_REPRESENTATION('',(#7078),#7082);
#7078 = LINE('',#7079,#7080);
#7079 = CARTESIAN_POINT('',(0.,0.));
#7080 = VECTOR('',#7081,1.);
#7081 = DIRECTION('',(0.,-1.));
#7082 = ( GEOMETRIC_REPRESENTATION_CONTEXT(2) 
PARAMETRIC_REPRESENTATION_CONTEXT() REPRESENTATION_CONTEXT('2D SPACE',''
  ) );
#7083 = ORIENTED_EDGE('',*,*,#346,.F.);
#7084 = ADVANCED_FACE('',(#7085),#3694,.F.);
#7085 = FACE_BOUND('',#7086,.F.);
#7086 = EDGE_LOOP('',(#7087,#7108,#7109,#7110));
#7087 = ORIENTED_EDGE('',*,*,#7088,.T.);
#7088 = EDGE_CURVE('',#3651,#6690,#7089,.T.);
#7089 = SURFACE_CURVE('',#7090,(#7094,#7101),.PCURVE_S1.);
#7090 = LINE('',#7091,#7092);
#7091 = CARTESIAN_POINT('',(43.651406393754,-10.93410809564,0.));
#7092 = VECTOR('',#7093,1.);
#7093 = DIRECTION('',(0.,0.,1.));
#7094 = PCURVE('',#3694,#7095);
#7095 = DEFINITIONAL_REPRESENTATION('',(#7096),#7100);
#7096 = LINE('',#7097,#7098);
#7097 = CARTESIAN_POINT('',(0.,0.));
#7098 = VECTOR('',#7099,1.);
#7099 = DIRECTION('',(0.,-1.));
#7100 = ( GEOMETRIC_REPRESENTATION_CONTEXT(2) 
PARAMETRIC_REPRESENTATION_CONTEXT() REPRESENTATION_CONTEXT('2D SPACE',''
  ) );
#7101 = PCURVE('',#3666,#7102);
#7102 = DEFINITIONAL_REPRESENTATION('',(#7103),#7107);
#7103 = LINE('',#7104,#7105);
#7104 = CARTESIAN_POINT('',(2.208710567062,0.));
#7105 = VECTOR('',#7106,1.);
#7106 = DIRECTION('',(0.,-1.));
#7107 = ( GEOMETRIC_REPRESENTATION_CONTEXT(2) 
PARAMETRIC_REPRESENTATION_CONTEXT() REPRESENTATION_CONTEXT('2D SPACE',''
  ) );
#7108 = ORIENTED_EDGE('',*,*,#6712,.T.);
#7109 = ORIENTED_EDGE('',*,*,#7034,.F.);
#7110 = ORIENTED_EDGE('',*,*,#3678,.F.);
#7111 = ADVANCED_FACE('',(#7112),#390,.F.);
#7112 = FACE_BOUND('',#7113,.F.);
#7113 = EDGE_LOOP('',(#7114,#7115,#7116,#7137));
#7114 = ORIENTED_EDGE('',*,*,#7063,.T.);
#7115 = ORIENTED_EDGE('',*,*,#3998,.T.);
#7116 = ORIENTED_EDGE('',*,*,#7117,.F.);
#7117 = EDGE_CURVE('',#375,#3999,#7118,.T.);
#7118 = SURFACE_CURVE('',#7119,(#7123,#7130),.PCURVE_S1.);
#7119 = LINE('',#7120,#7121);
#7120 = CARTESIAN_POINT('',(43.062315107949,13.062810476451,0.));
#7121 = VECTOR('',#7122,1.);
#7122 = DIRECTION('',(0.,0.,1.));
#7123 = PCURVE('',#390,#7124);
#7124 = DEFINITIONAL_REPRESENTATION('',(#7125),#7129);
#7125 = LINE('',#7126,#7127);
#7126 = CARTESIAN_POINT('',(2.208710567062,0.));
#7127 = VECTOR('',#7128,1.);
#7128 = DIRECTION('',(0.,-1.));
#7129 = ( GEOMETRIC_REPRESENTATION_CONTEXT(2) 
PARAMETRIC_REPRESENTATION_CONTEXT() REPRESENTATION_CONTEXT('2D SPACE',''
  ) );
#7130 = PCURVE('',#418,#7131);
#7131 = DEFINITIONAL_REPRESENTATION('',(#7132),#7136);
#7132 = LINE('',#7133,#7134);
#7133 = CARTESIAN_POINT('',(0.,0.));
#7134 = VECTOR('',#7135,1.);
#7135 = DIRECTION('',(0.,-1.));
#7136 = ( GEOMETRIC_REPRESENTATION_CONTEXT(2) 
PARAMETRIC_REPRESENTATION_CONTEXT() REPRESENTATION_CONTEXT('2D SPACE',''
  ) );
#7137 = ORIENTED_EDGE('',*,*,#374,.F.);
#7138 = ADVANCED_FACE('',(#7139),#3666,.F.);
#7139 = FACE_BOUND('',#7140,.F.);
#7140 = EDGE_LOOP('',(#7141,#7162,#7163,#7164));
#7141 = ORIENTED_EDGE('',*,*,#7142,.T.);
#7142 = EDGE_CURVE('',#3623,#6667,#7143,.T.);
#7143 = SURFACE_CURVE('',#7144,(#7148,#7155),.PCURVE_S1.);
#7144 = LINE('',#7145,#7146);
#7145 = CARTESIAN_POINT('',(43.062315107949,-13.06281047645,0.));
#7146 = VECTOR('',#7147,1.);
#7147 = DIRECTION('',(0.,0.,1.));
#7148 = PCURVE('',#3666,#7149);
#7149 = DEFINITIONAL_REPRESENTATION('',(#7150),#7154);
#7150 = LINE('',#7151,#7152);
#7151 = CARTESIAN_POINT('',(0.,0.));
#7152 = VECTOR('',#7153,1.);
#7153 = DIRECTION('',(0.,-1.));
#7154 = ( GEOMETRIC_REPRESENTATION_CONTEXT(2) 
PARAMETRIC_REPRESENTATION_CONTEXT() REPRESENTATION_CONTEXT('2D SPACE',''
  ) );
#7155 = PCURVE('',#3638,#7156);
#7156 = DEFINITIONAL_REPRESENTATION('',(#7157),#7161);
#7157 = LINE('',#7158,#7159);
#7158 = CARTESIAN_POINT('',(2.208710567062,0.));
#7159 = VECTOR('',#7160,1.);
#7160 = DIRECTION('',(0.,-1.));
#7161 = ( GEOMETRIC_REPRESENTATION_CONTEXT(2) 
PARAMETRIC_REPRESENTATION_CONTEXT() REPRESENTATION_CONTEXT('2D SPACE',''
  ) );
#7162 = ORIENTED_EDGE('',*,*,#6689,.T.);
#7163 = ORIENTED_EDGE('',*,*,#7088,.F.);
#7164 = ORIENTED_EDGE('',*,*,#3650,.F.);
#7165 = ADVANCED_FACE('',(#7166),#418,.F.);
#7166 = FACE_BOUND('',#7167,.F.);
#7167 = EDGE_LOOP('',(#7168,#7169,#7170,#7191));
#7168 = ORIENTED_EDGE('',*,*,#7117,.T.);
#7169 = ORIENTED_EDGE('',*,*,#4021,.T.);
#7170 = ORIENTED_EDGE('',*,*,#7171,.F.);
#7171 = EDGE_CURVE('',#403,#4022,#7172,.T.);
#7172 = SURFACE_CURVE('',#7173,(#7177,#7184),.PCURVE_S1.);
#7173 = LINE('',#7174,#7175);
#7174 = CARTESIAN_POINT('',(42.369482933236,15.16004340265,0.));
#7175 = VECTOR('',#7176,1.);
#7176 = DIRECTION('',(0.,0.,1.));
#7177 = PCURVE('',#418,#7178);
#7178 = DEFINITIONAL_REPRESENTATION('',(#7179),#7183);
#7179 = LINE('',#7180,#7181);
#7180 = CARTESIAN_POINT('',(2.208710567062,0.));
#7181 = VECTOR('',#7182,1.);
#7182 = DIRECTION('',(0.,-1.));
#7183 = ( GEOMETRIC_REPRESENTATION_CONTEXT(2) 
PARAMETRIC_REPRESENTATION_CONTEXT() REPRESENTATION_CONTEXT('2D SPACE',''
  ) );
#7184 = PCURVE('',#446,#7185);
#7185 = DEFINITIONAL_REPRESENTATION('',(#7186),#7190);
#7186 = LINE('',#7187,#7188);
#7187 = CARTESIAN_POINT('',(0.,0.));
#7188 = VECTOR('',#7189,1.);
#7189 = DIRECTION('',(0.,-1.));
#7190 = ( GEOMETRIC_REPRESENTATION_CONTEXT(2) 
PARAMETRIC_REPRESENTATION_CONTEXT() REPRESENTATION_CONTEXT('2D SPACE',''
  ) );
#7191 = ORIENTED_EDGE('',*,*,#402,.F.);
#7192 = ADVANCED_FACE('',(#7193),#3638,.F.);
#7193 = FACE_BOUND('',#7194,.F.);
#7194 = EDGE_LOOP('',(#7195,#7216,#7217,#7218));
#7195 = ORIENTED_EDGE('',*,*,#7196,.T.);
#7196 = EDGE_CURVE('',#3595,#6644,#7197,.T.);
#7197 = SURFACE_CURVE('',#7198,(#7202,#7209),.PCURVE_S1.);
#7198 = LINE('',#7199,#7200);
#7199 = CARTESIAN_POINT('',(42.369482933236,-15.16004340265,0.));
#7200 = VECTOR('',#7201,1.);
#7201 = DIRECTION('',(0.,0.,1.));
#7202 = PCURVE('',#3638,#7203);
#7203 = DEFINITIONAL_REPRESENTATION('',(#7204),#7208);
#7204 = LINE('',#7205,#7206);
#7205 = CARTESIAN_POINT('',(0.,0.));
#7206 = VECTOR('',#7207,1.);
#7207 = DIRECTION('',(0.,-1.));
#7208 = ( GEOMETRIC_REPRESENTATION_CONTEXT(2) 
PARAMETRIC_REPRESENTATION_CONTEXT() REPRESENTATION_CONTEXT('2D SPACE',''
  ) );
#7209 = PCURVE('',#3610,#7210);
#7210 = DEFINITIONAL_REPRESENTATION('',(#7211),#7215);
#7211 = LINE('',#7212,#7213);
#7212 = CARTESIAN_POINT('',(2.208710567062,0.));
#7213 = VECTOR('',#7214,1.);
#7214 = DIRECTION('',(0.,-1.));
#7215 = ( GEOMETRIC_REPRESENTATION_CONTEXT(2) 
PARAMETRIC_REPRESENTATION_CONTEXT() REPRESENTATION_CONTEXT('2D SPACE',''
  ) );
#7216 = ORIENTED_EDGE('',*,*,#6666,.T.);
#7217 = ORIENTED_EDGE('',*,*,#7142,.F.);
#7218 = ORIENTED_EDGE('',*,*,#3622,.F.);
#7219 = ADVANCED_FACE('',(#7220),#446,.F.);
#7220 = FACE_BOUND('',#7221,.F.);
#7221 = EDGE_LOOP('',(#7222,#7223,#7224,#7245));
#7222 = ORIENTED_EDGE('',*,*,#7171,.T.);
#7223 = ORIENTED_EDGE('',*,*,#4044,.T.);
#7224 = ORIENTED_EDGE('',*,*,#7225,.F.);
#7225 = EDGE_CURVE('',#431,#4045,#7226,.T.);
#7226 = SURFACE_CURVE('',#7227,(#7231,#7238),.PCURVE_S1.);
#7227 = LINE('',#7228,#7229);
#7228 = CARTESIAN_POINT('',(41.574578963008,17.220754456429,0.));
#7229 = VECTOR('',#7230,1.);
#7230 = DIRECTION('',(0.,0.,1.));
#7231 = PCURVE('',#446,#7232);
#7232 = DEFINITIONAL_REPRESENTATION('',(#7233),#7237);
#7233 = LINE('',#7234,#7235);
#7234 = CARTESIAN_POINT('',(2.208710567062,0.));
#7235 = VECTOR('',#7236,1.);
#7236 = DIRECTION('',(0.,-1.));
#7237 = ( GEOMETRIC_REPRESENTATION_CONTEXT(2) 
PARAMETRIC_REPRESENTATION_CONTEXT() REPRESENTATION_CONTEXT('2D SPACE',''
  ) );
#7238 = PCURVE('',#474,#7239);
#7239 = DEFINITIONAL_REPRESENTATION('',(#7240),#7244);
#7240 = LINE('',#7241,#7242);
#7241 = CARTESIAN_POINT('',(0.,0.));
#7242 = VECTOR('',#7243,1.);
#7243 = DIRECTION('',(0.,-1.));
#7244 = ( GEOMETRIC_REPRESENTATION_CONTEXT(2) 
PARAMETRIC_REPRESENTATION_CONTEXT() REPRESENTATION_CONTEXT('2D SPACE',''
  ) );
#7245 = ORIENTED_EDGE('',*,*,#430,.F.);
#7246 = ADVANCED_FACE('',(#7247),#3610,.F.);
#7247 = FACE_BOUND('',#7248,.F.);
#7248 = EDGE_LOOP('',(#7249,#7270,#7271,#7272));
#7249 = ORIENTED_EDGE('',*,*,#7250,.T.);
#7250 = EDGE_CURVE('',#3567,#6621,#7251,.T.);
#7251 = SURFACE_CURVE('',#7252,(#7256,#7263),.PCURVE_S1.);
#7252 = LINE('',#7253,#7254);
#7253 = CARTESIAN_POINT('',(41.574578963008,-17.22075445642,0.));
#7254 = VECTOR('',#7255,1.);
#7255 = DIRECTION('',(0.,0.,1.));
#7256 = PCURVE('',#3610,#7257);
#7257 = DEFINITIONAL_REPRESENTATION('',(#7258),#7262);
#7258 = LINE('',#7259,#7260);
#7259 = CARTESIAN_POINT('',(0.,0.));
#7260 = VECTOR('',#7261,1.);
#7261 = DIRECTION('',(0.,-1.));
#7262 = ( GEOMETRIC_REPRESENTATION_CONTEXT(2) 
PARAMETRIC_REPRESENTATION_CONTEXT() REPRESENTATION_CONTEXT('2D SPACE',''
  ) );
#7263 = PCURVE('',#3582,#7264);
#7264 = DEFINITIONAL_REPRESENTATION('',(#7265),#7269);
#7265 = LINE('',#7266,#7267);
#7266 = CARTESIAN_POINT('',(2.208710567062,0.));
#7267 = VECTOR('',#7268,1.);
#7268 = DIRECTION('',(0.,-1.));
#7269 = ( GEOMETRIC_REPRESENTATION_CONTEXT(2) 
PARAMETRIC_REPRESENTATION_CONTEXT() REPRESENTATION_CONTEXT('2D SPACE',''
  ) );
#7270 = ORIENTED_EDGE('',*,*,#6643,.T.);
#7271 = ORIENTED_EDGE('',*,*,#7196,.F.);
#7272 = ORIENTED_EDGE('',*,*,#3594,.F.);
#7273 = ADVANCED_FACE('',(#7274),#474,.F.);
#7274 = FACE_BOUND('',#7275,.F.);
#7275 = EDGE_LOOP('',(#7276,#7277,#7278,#7299));
#7276 = ORIENTED_EDGE('',*,*,#7225,.T.);
#7277 = ORIENTED_EDGE('',*,*,#4067,.T.);
#7278 = ORIENTED_EDGE('',*,*,#7279,.F.);
#7279 = EDGE_CURVE('',#459,#4068,#7280,.T.);
#7280 = SURFACE_CURVE('',#7281,(#7285,#7292),.PCURVE_S1.);
#7281 = LINE('',#7282,#7283);
#7282 = CARTESIAN_POINT('',(40.679518190555,19.239979204363,0.));
#7283 = VECTOR('',#7284,1.);
#7284 = DIRECTION('',(0.,0.,1.));
#7285 = PCURVE('',#474,#7286);
#7286 = DEFINITIONAL_REPRESENTATION('',(#7287),#7291);
#7287 = LINE('',#7288,#7289);
#7288 = CARTESIAN_POINT('',(2.208710567062,0.));
#7289 = VECTOR('',#7290,1.);
#7290 = DIRECTION('',(0.,-1.));
#7291 = ( GEOMETRIC_REPRESENTATION_CONTEXT(2) 
PARAMETRIC_REPRESENTATION_CONTEXT() REPRESENTATION_CONTEXT('2D SPACE',''
  ) );
#7292 = PCURVE('',#502,#7293);
#7293 = DEFINITIONAL_REPRESENTATION('',(#7294),#7298);
#7294 = LINE('',#7295,#7296);
#7295 = CARTESIAN_POINT('',(0.,0.));
#7296 = VECTOR('',#7297,1.);
#7297 = DIRECTION('',(0.,-1.));
#7298 = ( GEOMETRIC_REPRESENTATION_CONTEXT(2) 
PARAMETRIC_REPRESENTATION_CONTEXT() REPRESENTATION_CONTEXT('2D SPACE',''
  ) );
#7299 = ORIENTED_EDGE('',*,*,#458,.F.);
#7300 = ADVANCED_FACE('',(#7301),#3582,.F.);
#7301 = FACE_BOUND('',#7302,.F.);
#7302 = EDGE_LOOP('',(#7303,#7324,#7325,#7326));
#7303 = ORIENTED_EDGE('',*,*,#7304,.T.);
#7304 = EDGE_CURVE('',#3539,#6598,#7305,.T.);
#7305 = SURFACE_CURVE('',#7306,(#7310,#7317),.PCURVE_S1.);
#7306 = LINE('',#7307,#7308);
#7307 = CARTESIAN_POINT('',(40.679518190555,-19.23997920436,0.));
#7308 = VECTOR('',#7309,1.);
#7309 = DIRECTION('',(0.,0.,1.));
#7310 = PCURVE('',#3582,#7311);
#7311 = DEFINITIONAL_REPRESENTATION('',(#7312),#7316);
#7312 = LINE('',#7313,#7314);
#7313 = CARTESIAN_POINT('',(0.,0.));
#7314 = VECTOR('',#7315,1.);
#7315 = DIRECTION('',(0.,-1.));
#7316 = ( GEOMETRIC_REPRESENTATION_CONTEXT(2) 
PARAMETRIC_REPRESENTATION_CONTEXT() REPRESENTATION_CONTEXT('2D SPACE',''
  ) );
#7317 = PCURVE('',#3554,#7318);
#7318 = DEFINITIONAL_REPRESENTATION('',(#7319),#7323);
#7319 = LINE('',#7320,#7321);
#7320 = CARTESIAN_POINT('',(2.208710567062,0.));
#7321 = VECTOR('',#7322,1.);
#7322 = DIRECTION('',(0.,-1.));
#7323 = ( GEOMETRIC_REPRESENTATION_CONTEXT(2) 
PARAMETRIC_REPRESENTATION_CONTEXT() REPRESENTATION_CONTEXT('2D SPACE',''
  ) );
#7324 = ORIENTED_EDGE('',*,*,#6620,.T.);
#7325 = ORIENTED_EDGE('',*,*,#7250,.F.);
#7326 = ORIENTED_EDGE('',*,*,#3566,.F.);
#7327 = ADVANCED_FACE('',(#7328),#502,.F.);
#7328 = FACE_BOUND('',#7329,.F.);
#7329 = EDGE_LOOP('',(#7330,#7331,#7332,#7353));
#7330 = ORIENTED_EDGE('',*,*,#7279,.T.);
#7331 = ORIENTED_EDGE('',*,*,#4090,.T.);
#7332 = ORIENTED_EDGE('',*,*,#7333,.F.);
#7333 = EDGE_CURVE('',#487,#4091,#7334,.T.);
#7334 = SURFACE_CURVE('',#7335,(#7339,#7346),.PCURVE_S1.);
#7335 = LINE('',#7336,#7337);
#7336 = CARTESIAN_POINT('',(39.686456895676,21.21285315717,0.));
#7337 = VECTOR('',#7338,1.);
#7338 = DIRECTION('',(0.,0.,1.));
#7339 = PCURVE('',#502,#7340);
#7340 = DEFINITIONAL_REPRESENTATION('',(#7341),#7345);
#7341 = LINE('',#7342,#7343);
#7342 = CARTESIAN_POINT('',(2.208710567062,0.));
#7343 = VECTOR('',#7344,1.);
#7344 = DIRECTION('',(0.,-1.));
#7345 = ( GEOMETRIC_REPRESENTATION_CONTEXT(2) 
PARAMETRIC_REPRESENTATION_CONTEXT() REPRESENTATION_CONTEXT('2D SPACE',''
  ) );
#7346 = PCURVE('',#530,#7347);
#7347 = DEFINITIONAL_REPRESENTATION('',(#7348),#7352);
#7348 = LINE('',#7349,#7350);
#7349 = CARTESIAN_POINT('',(0.,0.));
#7350 = VECTOR('',#7351,1.);
#7351 = DIRECTION('',(0.,-1.));
#7352 = ( GEOMETRIC_REPRESENTATION_CONTEXT(2) 
PARAMETRIC_REPRESENTATION_CONTEXT() REPRESENTATION_CONTEXT('2D SPACE',''
  ) );
#7353 = ORIENTED_EDGE('',*,*,#486,.F.);
#7354 = ADVANCED_FACE('',(#7355),#3554,.F.);
#7355 = FACE_BOUND('',#7356,.F.);
#7356 = EDGE_LOOP('',(#7357,#7378,#7379,#7380));
#7357 = ORIENTED_EDGE('',*,*,#7358,.T.);
#7358 = EDGE_CURVE('',#3511,#6575,#7359,.T.);
#7359 = SURFACE_CURVE('',#7360,(#7364,#7371),.PCURVE_S1.);
#7360 = LINE('',#7361,#7362);
#7361 = CARTESIAN_POINT('',(39.686456895676,-21.21285315717,0.));
#7362 = VECTOR('',#7363,1.);
#7363 = DIRECTION('',(0.,0.,1.));
#7364 = PCURVE('',#3554,#7365);
#7365 = DEFINITIONAL_REPRESENTATION('',(#7366),#7370);
#7366 = LINE('',#7367,#7368);
#7367 = CARTESIAN_POINT('',(0.,0.));
#7368 = VECTOR('',#7369,1.);
#7369 = DIRECTION('',(0.,-1.));
#7370 = ( GEOMETRIC_REPRESENTATION_CONTEXT(2) 
PARAMETRIC_REPRESENTATION_CONTEXT() REPRESENTATION_CONTEXT('2D SPACE',''
  ) );
#7371 = PCURVE('',#3526,#7372);
#7372 = DEFINITIONAL_REPRESENTATION('',(#7373),#7377);
#7373 = LINE('',#7374,#7375);
#7374 = CARTESIAN_POINT('',(2.208710567062,0.));
#7375 = VECTOR('',#7376,1.);
#7376 = DIRECTION('',(0.,-1.));
#7377 = ( GEOMETRIC_REPRESENTATION_CONTEXT(2) 
PARAMETRIC_REPRESENTATION_CONTEXT() REPRESENTATION_CONTEXT('2D SPACE',''
  ) );
#7378 = ORIENTED_EDGE('',*,*,#6597,.T.);
#7379 = ORIENTED_EDGE('',*,*,#7304,.F.);
#7380 = ORIENTED_EDGE('',*,*,#3538,.F.);
#7381 = ADVANCED_FACE('',(#7382),#530,.F.);
#7382 = FACE_BOUND('',#7383,.F.);
#7383 = EDGE_LOOP('',(#7384,#7385,#7386,#7407));
#7384 = ORIENTED_EDGE('',*,*,#7333,.T.);
#7385 = ORIENTED_EDGE('',*,*,#4113,.T.);
#7386 = ORIENTED_EDGE('',*,*,#7387,.F.);
#7387 = EDGE_CURVE('',#515,#4114,#7388,.T.);
#7388 = SURFACE_CURVE('',#7389,(#7393,#7400),.PCURVE_S1.);
#7389 = LINE('',#7390,#7391);
#7390 = CARTESIAN_POINT('',(38.597787450012,23.134623488695,0.));
#7391 = VECTOR('',#7392,1.);
#7392 = DIRECTION('',(0.,0.,1.));
#7393 = PCURVE('',#530,#7394);
#7394 = DEFINITIONAL_REPRESENTATION('',(#7395),#7399);
#7395 = LINE('',#7396,#7397);
#7396 = CARTESIAN_POINT('',(2.208710567062,0.));
#7397 = VECTOR('',#7398,1.);
#7398 = DIRECTION('',(0.,-1.));
#7399 = ( GEOMETRIC_REPRESENTATION_CONTEXT(2) 
PARAMETRIC_REPRESENTATION_CONTEXT() REPRESENTATION_CONTEXT('2D SPACE',''
  ) );
#7400 = PCURVE('',#558,#7401);
#7401 = DEFINITIONAL_REPRESENTATION('',(#7402),#7406);
#7402 = LINE('',#7403,#7404);
#7403 = CARTESIAN_POINT('',(0.,0.));
#7404 = VECTOR('',#7405,1.);
#7405 = DIRECTION('',(0.,-1.));
#7406 = ( GEOMETRIC_REPRESENTATION_CONTEXT(2) 
PARAMETRIC_REPRESENTATION_CONTEXT() REPRESENTATION_CONTEXT('2D SPACE',''
  ) );
#7407 = ORIENTED_EDGE('',*,*,#514,.F.);
#7408 = ADVANCED_FACE('',(#7409),#3526,.F.);
#7409 = FACE_BOUND('',#7410,.F.);
#7410 = EDGE_LOOP('',(#7411,#7432,#7433,#7434));
#7411 = ORIENTED_EDGE('',*,*,#7412,.T.);
#7412 = EDGE_CURVE('',#3483,#6552,#7413,.T.);
#7413 = SURFACE_CURVE('',#7414,(#7418,#7425),.PCURVE_S1.);
#7414 = LINE('',#7415,#7416);
#7415 = CARTESIAN_POINT('',(38.597787450012,-23.13462348869,0.));
#7416 = VECTOR('',#7417,1.);
#7417 = DIRECTION('',(0.,0.,1.));
#7418 = PCURVE('',#3526,#7419);
#7419 = DEFINITIONAL_REPRESENTATION('',(#7420),#7424);
#7420 = LINE('',#7421,#7422);
#7421 = CARTESIAN_POINT('',(0.,0.));
#7422 = VECTOR('',#7423,1.);
#7423 = DIRECTION('',(0.,-1.));
#7424 = ( GEOMETRIC_REPRESENTATION_CONTEXT(2) 
PARAMETRIC_REPRESENTATION_CONTEXT() REPRESENTATION_CONTEXT('2D SPACE',''
  ) );
#7425 = PCURVE('',#3498,#7426);
#7426 = DEFINITIONAL_REPRESENTATION('',(#7427),#7431);
#7427 = LINE('',#7428,#7429);
#7428 = CARTESIAN_POINT('',(2.208710567062,0.));
#7429 = VECTOR('',#7430,1.);
#7430 = DIRECTION('',(0.,-1.));
#7431 = ( GEOMETRIC_REPRESENTATION_CONTEXT(2) 
PARAMETRIC_REPRESENTATION_CONTEXT() REPRESENTATION_CONTEXT('2D SPACE',''
  ) );
#7432 = ORIENTED_EDGE('',*,*,#6574,.T.);
#7433 = ORIENTED_EDGE('',*,*,#7358,.F.);
#7434 = ORIENTED_EDGE('',*,*,#3510,.F.);
#7435 = ADVANCED_FACE('',(#7436),#558,.F.);
#7436 = FACE_BOUND('',#7437,.F.);
#7437 = EDGE_LOOP('',(#7438,#7439,#7440,#7461));
#7438 = ORIENTED_EDGE('',*,*,#7387,.T.);
#7439 = ORIENTED_EDGE('',*,*,#4136,.T.);
#7440 = ORIENTED_EDGE('',*,*,#7441,.F.);
#7441 = EDGE_CURVE('',#543,#4137,#7442,.T.);
#7442 = SURFACE_CURVE('',#7443,(#7447,#7454),.PCURVE_S1.);
#7443 = LINE('',#7444,#7445);
#7444 = CARTESIAN_POINT('',(37.416132553615,25.000660485882,0.));
#7445 = VECTOR('',#7446,1.);
#7446 = DIRECTION('',(0.,0.,1.));
#7447 = PCURVE('',#558,#7448);
#7448 = DEFINITIONAL_REPRESENTATION('',(#7449),#7453);
#7449 = LINE('',#7450,#7451);
#7450 = CARTESIAN_POINT('',(2.208710567062,0.));
#7451 = VECTOR('',#7452,1.);
#7452 = DIRECTION('',(0.,-1.));
#7453 = ( GEOMETRIC_REPRESENTATION_CONTEXT(2) 
PARAMETRIC_REPRESENTATION_CONTEXT() REPRESENTATION_CONTEXT('2D SPACE',''
  ) );
#7454 = PCURVE('',#586,#7455);
#7455 = DEFINITIONAL_REPRESENTATION('',(#7456),#7460);
#7456 = LINE('',#7457,#7458);
#7457 = CARTESIAN_POINT('',(0.,0.));
#7458 = VECTOR('',#7459,1.);
#7459 = DIRECTION('',(0.,-1.));
#7460 = ( GEOMETRIC_REPRESENTATION_CONTEXT(2) 
PARAMETRIC_REPRESENTATION_CONTEXT() REPRESENTATION_CONTEXT('2D SPACE',''
  ) );
#7461 = ORIENTED_EDGE('',*,*,#542,.F.);
#7462 = ADVANCED_FACE('',(#7463),#3498,.F.);
#7463 = FACE_BOUND('',#7464,.F.);
#7464 = EDGE_LOOP('',(#7465,#7486,#7487,#7488));
#7465 = ORIENTED_EDGE('',*,*,#7466,.T.);
#7466 = EDGE_CURVE('',#3455,#6529,#7467,.T.);
#7467 = SURFACE_CURVE('',#7468,(#7472,#7479),.PCURVE_S1.);
#7468 = LINE('',#7469,#7470);
#7469 = CARTESIAN_POINT('',(37.416132553615,-25.00066048588,0.));
#7470 = VECTOR('',#7471,1.);
#7471 = DIRECTION('',(0.,0.,1.));
#7472 = PCURVE('',#3498,#7473);
#7473 = DEFINITIONAL_REPRESENTATION('',(#7474),#7478);
#7474 = LINE('',#7475,#7476);
#7475 = CARTESIAN_POINT('',(0.,0.));
#7476 = VECTOR('',#7477,1.);
#7477 = DIRECTION('',(0.,-1.));
#7478 = ( GEOMETRIC_REPRESENTATION_CONTEXT(2) 
PARAMETRIC_REPRESENTATION_CONTEXT() REPRESENTATION_CONTEXT('2D SPACE',''
  ) );
#7479 = PCURVE('',#3470,#7480);
#7480 = DEFINITIONAL_REPRESENTATION('',(#7481),#7485);
#7481 = LINE('',#7482,#7483);
#7482 = CARTESIAN_POINT('',(2.208710567062,0.));
#7483 = VECTOR('',#7484,1.);
#7484 = DIRECTION('',(0.,-1.));
#7485 = ( GEOMETRIC_REPRESENTATION_CONTEXT(2) 
PARAMETRIC_REPRESENTATION_CONTEXT() REPRESENTATION_CONTEXT('2D SPACE',''
  ) );
#7486 = ORIENTED_EDGE('',*,*,#6551,.T.);
#7487 = ORIENTED_EDGE('',*,*,#7412,.F.);
#7488 = ORIENTED_EDGE('',*,*,#3482,.F.);
#7489 = ADVANCED_FACE('',(#7490),#586,.F.);
#7490 = FACE_BOUND('',#7491,.F.);
#7491 = EDGE_LOOP('',(#7492,#7493,#7494,#7515));
#7492 = ORIENTED_EDGE('',*,*,#7441,.T.);
#7493 = ORIENTED_EDGE('',*,*,#4159,.T.);
#7494 = ORIENTED_EDGE('',*,*,#7495,.F.);
#7495 = EDGE_CURVE('',#571,#4160,#7496,.T.);
#7496 = SURFACE_CURVE('',#7497,(#7501,#7508),.PCURVE_S1.);
#7497 = LINE('',#7498,#7499);
#7498 = CARTESIAN_POINT('',(36.144338916629,26.80646870216,0.));
#7499 = VECTOR('',#7500,1.);
#7500 = DIRECTION('',(0.,0.,1.));
#7501 = PCURVE('',#586,#7502);
#7502 = DEFINITIONAL_REPRESENTATION('',(#7503),#7507);
#7503 = LINE('',#7504,#7505);
#7504 = CARTESIAN_POINT('',(2.208710567062,0.));
#7505 = VECTOR('',#7506,1.);
#7506 = DIRECTION('',(0.,-1.));
#7507 = ( GEOMETRIC_REPRESENTATION_CONTEXT(2) 
PARAMETRIC_REPRESENTATION_CONTEXT() REPRESENTATION_CONTEXT('2D SPACE',''
  ) );
#7508 = PCURVE('',#614,#7509);
#7509 = DEFINITIONAL_REPRESENTATION('',(#7510),#7514);
#7510 = LINE('',#7511,#7512);
#7511 = CARTESIAN_POINT('',(0.,0.));
#7512 = VECTOR('',#7513,1.);
#7513 = DIRECTION('',(0.,-1.));
#7514 = ( GEOMETRIC_REPRESENTATION_CONTEXT(2) 
PARAMETRIC_REPRESENTATION_CONTEXT() REPRESENTATION_CONTEXT('2D SPACE',''
  ) );
#7515 = ORIENTED_EDGE('',*,*,#570,.F.);
#7516 = ADVANCED_FACE('',(#7517),#3470,.F.);
#7517 = FACE_BOUND('',#7518,.F.);
#7518 = EDGE_LOOP('',(#7519,#7540,#7541,#7542));
#7519 = ORIENTED_EDGE('',*,*,#7520,.T.);
#7520 = EDGE_CURVE('',#3427,#6506,#7521,.T.);
#7521 = SURFACE_CURVE('',#7522,(#7526,#7533),.PCURVE_S1.);
#7522 = LINE('',#7523,#7524);
#7523 = CARTESIAN_POINT('',(36.144338916629,-26.80646870215,0.));
#7524 = VECTOR('',#7525,1.);
#7525 = DIRECTION('',(0.,0.,1.));
#7526 = PCURVE('',#3470,#7527);
#7527 = DEFINITIONAL_REPRESENTATION('',(#7528),#7532);
#7528 = LINE('',#7529,#7530);
#7529 = CARTESIAN_POINT('',(0.,0.));
#7530 = VECTOR('',#7531,1.);
#7531 = DIRECTION('',(0.,-1.));
#7532 = ( GEOMETRIC_REPRESENTATION_CONTEXT(2) 
PARAMETRIC_REPRESENTATION_CONTEXT() REPRESENTATION_CONTEXT('2D SPACE',''
  ) );
#7533 = PCURVE('',#3442,#7534);
#7534 = DEFINITIONAL_REPRESENTATION('',(#7535),#7539);
#7535 = LINE('',#7536,#7537);
#7536 = CARTESIAN_POINT('',(2.208710567062,0.));
#7537 = VECTOR('',#7538,1.);
#7538 = DIRECTION('',(0.,-1.));
#7539 = ( GEOMETRIC_REPRESENTATION_CONTEXT(2) 
PARAMETRIC_REPRESENTATION_CONTEXT() REPRESENTATION_CONTEXT('2D SPACE',''
  ) );
#7540 = ORIENTED_EDGE('',*,*,#6528,.T.);
#7541 = ORIENTED_EDGE('',*,*,#7466,.F.);
#7542 = ORIENTED_EDGE('',*,*,#3454,.F.);
#7543 = ADVANCED_FACE('',(#7544),#614,.F.);
#7544 = FACE_BOUND('',#7545,.F.);
#7545 = EDGE_LOOP('',(#7546,#7547,#7548,#7569));
#7546 = ORIENTED_EDGE('',*,*,#7495,.T.);
#7547 = ORIENTED_EDGE('',*,*,#4182,.T.);
#7548 = ORIENTED_EDGE('',*,*,#7549,.F.);
#7549 = EDGE_CURVE('',#599,#4183,#7550,.T.);
#7550 = SURFACE_CURVE('',#7551,(#7555,#7562),.PCURVE_S1.);
#7551 = LINE('',#7552,#7553);
#7552 = CARTESIAN_POINT('',(34.785470401323,28.547697787364,0.));
#7553 = VECTOR('',#7554,1.);
#7554 = DIRECTION('',(0.,0.,1.));
#7555 = PCURVE('',#614,#7556);
#7556 = DEFINITIONAL_REPRESENTATION('',(#7557),#7561);
#7557 = LINE('',#7558,#7559);
#7558 = CARTESIAN_POINT('',(2.208710567062,0.));
#7559 = VECTOR('',#7560,1.);
#7560 = DIRECTION('',(0.,-1.));
#7561 = ( GEOMETRIC_REPRESENTATION_CONTEXT(2) 
PARAMETRIC_REPRESENTATION_CONTEXT() REPRESENTATION_CONTEXT('2D SPACE',''
  ) );
#7562 = PCURVE('',#642,#7563);
#7563 = DEFINITIONAL_REPRESENTATION('',(#7564),#7568);
#7564 = LINE('',#7565,#7566);
#7565 = CARTESIAN_POINT('',(0.,0.));
#7566 = VECTOR('',#7567,1.);
#7567 = DIRECTION('',(0.,-1.));
#7568 = ( GEOMETRIC_REPRESENTATION_CONTEXT(2) 
PARAMETRIC_REPRESENTATION_CONTEXT() REPRESENTATION_CONTEXT('2D SPACE',''
  ) );
#7569 = ORIENTED_EDGE('',*,*,#598,.F.);
#7570 = ADVANCED_FACE('',(#7571),#3442,.F.);
#7571 = FACE_BOUND('',#7572,.F.);
#7572 = EDGE_LOOP('',(#7573,#7594,#7595,#7596));
#7573 = ORIENTED_EDGE('',*,*,#7574,.T.);
#7574 = EDGE_CURVE('',#3399,#6483,#7575,.T.);
#7575 = SURFACE_CURVE('',#7576,(#7580,#7587),.PCURVE_S1.);
#7576 = LINE('',#7577,#7578);
#7577 = CARTESIAN_POINT('',(34.785470401323,-28.54769778736,0.));
#7578 = VECTOR('',#7579,1.);
#7579 = DIRECTION('',(0.,0.,1.));
#7580 = PCURVE('',#3442,#7581);
#7581 = DEFINITIONAL_REPRESENTATION('',(#7582),#7586);
#7582 = LINE('',#7583,#7584);
#7583 = CARTESIAN_POINT('',(0.,0.));
#7584 = VECTOR('',#7585,1.);
#7585 = DIRECTION('',(0.,-1.));
#7586 = ( GEOMETRIC_REPRESENTATION_CONTEXT(2) 
PARAMETRIC_REPRESENTATION_CONTEXT() REPRESENTATION_CONTEXT('2D SPACE',''
  ) );
#7587 = PCURVE('',#3414,#7588);
#7588 = DEFINITIONAL_REPRESENTATION('',(#7589),#7593);
#7589 = LINE('',#7590,#7591);
#7590 = CARTESIAN_POINT('',(2.208710567062,0.));
#7591 = VECTOR('',#7592,1.);
#7592 = DIRECTION('',(0.,-1.));
#7593 = ( GEOMETRIC_REPRESENTATION_CONTEXT(2) 
PARAMETRIC_REPRESENTATION_CONTEXT() REPRESENTATION_CONTEXT('2D SPACE',''
  ) );
#7594 = ORIENTED_EDGE('',*,*,#6505,.T.);
#7595 = ORIENTED_EDGE('',*,*,#7520,.F.);
#7596 = ORIENTED_EDGE('',*,*,#3426,.F.);
#7597 = ADVANCED_FACE('',(#7598),#642,.F.);
#7598 = FACE_BOUND('',#7599,.F.);
#7599 = EDGE_LOOP('',(#7600,#7601,#7602,#7623));
#7600 = ORIENTED_EDGE('',*,*,#7549,.T.);
#7601 = ORIENTED_EDGE('',*,*,#4205,.T.);
#7602 = ORIENTED_EDGE('',*,*,#7603,.F.);
#7603 = EDGE_CURVE('',#627,#4206,#7604,.T.);
#7604 = SURFACE_CURVE('',#7605,(#7609,#7616),.PCURVE_S1.);
#7605 = LINE('',#7606,#7607);
#7606 = CARTESIAN_POINT('',(33.342800640973,30.220152968116,0.));
#7607 = VECTOR('',#7608,1.);
#7608 = DIRECTION('',(0.,0.,1.));
#7609 = PCURVE('',#642,#7610);
#7610 = DEFINITIONAL_REPRESENTATION('',(#7611),#7615);
#7611 = LINE('',#7612,#7613);
#7612 = CARTESIAN_POINT('',(2.208710567062,0.));
#7613 = VECTOR('',#7614,1.);
#7614 = DIRECTION('',(0.,-1.));
#7615 = ( GEOMETRIC_REPRESENTATION_CONTEXT(2) 
PARAMETRIC_REPRESENTATION_CONTEXT() REPRESENTATION_CONTEXT('2D SPACE',''
  ) );
#7616 = PCURVE('',#670,#7617);
#7617 = DEFINITIONAL_REPRESENTATION('',(#7618),#7622);
#7618 = LINE('',#7619,#7620);
#7619 = CARTESIAN_POINT('',(0.,0.));
#7620 = VECTOR('',#7621,1.);
#7621 = DIRECTION('',(0.,-1.));
#7622 = ( GEOMETRIC_REPRESENTATION_CONTEXT(2) 
PARAMETRIC_REPRESENTATION_CONTEXT() REPRESENTATION_CONTEXT('2D SPACE',''
  ) );
#7623 = ORIENTED_EDGE('',*,*,#626,.F.);
#7624 = ADVANCED_FACE('',(#7625),#3414,.F.);
#7625 = FACE_BOUND('',#7626,.F.);
#7626 = EDGE_LOOP('',(#7627,#7648,#7649,#7650));
#7627 = ORIENTED_EDGE('',*,*,#7628,.T.);
#7628 = EDGE_CURVE('',#3371,#6460,#7629,.T.);
#7629 = SURFACE_CURVE('',#7630,(#7634,#7641),.PCURVE_S1.);
#7630 = LINE('',#7631,#7632);
#7631 = CARTESIAN_POINT('',(33.342800640973,-30.22015296811,0.));
#7632 = VECTOR('',#7633,1.);
#7633 = DIRECTION('',(0.,0.,1.));
#7634 = PCURVE('',#3414,#7635);
#7635 = DEFINITIONAL_REPRESENTATION('',(#7636),#7640);
#7636 = LINE('',#7637,#7638);
#7637 = CARTESIAN_POINT('',(0.,0.));
#7638 = VECTOR('',#7639,1.);
#7639 = DIRECTION('',(0.,-1.));
#7640 = ( GEOMETRIC_REPRESENTATION_CONTEXT(2) 
PARAMETRIC_REPRESENTATION_CONTEXT() REPRESENTATION_CONTEXT('2D SPACE',''
  ) );
#7641 = PCURVE('',#3386,#7642);
#7642 = DEFINITIONAL_REPRESENTATION('',(#7643),#7647);
#7643 = LINE('',#7644,#7645);
#7644 = CARTESIAN_POINT('',(2.208710567062,0.));
#7645 = VECTOR('',#7646,1.);
#7646 = DIRECTION('',(0.,-1.));
#7647 = ( GEOMETRIC_REPRESENTATION_CONTEXT(2) 
PARAMETRIC_REPRESENTATION_CONTEXT() REPRESENTATION_CONTEXT('2D SPACE',''
  ) );
#7648 = ORIENTED_EDGE('',*,*,#6482,.T.);
#7649 = ORIENTED_EDGE('',*,*,#7574,.F.);
#7650 = ORIENTED_EDGE('',*,*,#3398,.F.);
#7651 = ADVANCED_FACE('',(#7652),#670,.F.);
#7652 = FACE_BOUND('',#7653,.F.);
#7653 = EDGE_LOOP('',(#7654,#7655,#7656,#7677));
#7654 = ORIENTED_EDGE('',*,*,#7603,.T.);
#7655 = ORIENTED_EDGE('',*,*,#4228,.T.);
#7656 = ORIENTED_EDGE('',*,*,#7657,.F.);
#7657 = EDGE_CURVE('',#655,#4229,#7658,.T.);
#7658 = SURFACE_CURVE('',#7659,(#7663,#7670),.PCURVE_S1.);
#7659 = LINE('',#7660,#7661);
#7660 = CARTESIAN_POINT('',(31.819805153395,31.819805153395,0.));
#7661 = VECTOR('',#7662,1.);
#7662 = DIRECTION('',(0.,0.,1.));
#7663 = PCURVE('',#670,#7664);
#7664 = DEFINITIONAL_REPRESENTATION('',(#7665),#7669);
#7665 = LINE('',#7666,#7667);
#7666 = CARTESIAN_POINT('',(2.208710567062,0.));
#7667 = VECTOR('',#7668,1.);
#7668 = DIRECTION('',(0.,-1.));
#7669 = ( GEOMETRIC_REPRESENTATION_CONTEXT(2) 
PARAMETRIC_REPRESENTATION_CONTEXT() REPRESENTATION_CONTEXT('2D SPACE',''
  ) );
#7670 = PCURVE('',#698,#7671);
#7671 = DEFINITIONAL_REPRESENTATION('',(#7672),#7676);
#7672 = LINE('',#7673,#7674);
#7673 = CARTESIAN_POINT('',(0.,0.));
#7674 = VECTOR('',#7675,1.);
#7675 = DIRECTION('',(0.,-1.));
#7676 = ( GEOMETRIC_REPRESENTATION_CONTEXT(2) 
PARAMETRIC_REPRESENTATION_CONTEXT() REPRESENTATION_CONTEXT('2D SPACE',''
  ) );
#7677 = ORIENTED_EDGE('',*,*,#654,.F.);
#7678 = ADVANCED_FACE('',(#7679),#3386,.F.);
#7679 = FACE_BOUND('',#7680,.F.);
#7680 = EDGE_LOOP('',(#7681,#7702,#7703,#7704));
#7681 = ORIENTED_EDGE('',*,*,#7682,.T.);
#7682 = EDGE_CURVE('',#3343,#6437,#7683,.T.);
#7683 = SURFACE_CURVE('',#7684,(#7688,#7695),.PCURVE_S1.);
#7684 = LINE('',#7685,#7686);
#7685 = CARTESIAN_POINT('',(31.819805153395,-31.81980515339,0.));
#7686 = VECTOR('',#7687,1.);
#7687 = DIRECTION('',(0.,0.,1.));
#7688 = PCURVE('',#3386,#7689);
#7689 = DEFINITIONAL_REPRESENTATION('',(#7690),#7694);
#7690 = LINE('',#7691,#7692);
#7691 = CARTESIAN_POINT('',(0.,0.));
#7692 = VECTOR('',#7693,1.);
#7693 = DIRECTION('',(0.,-1.));
#7694 = ( GEOMETRIC_REPRESENTATION_CONTEXT(2) 
PARAMETRIC_REPRESENTATION_CONTEXT() REPRESENTATION_CONTEXT('2D SPACE',''
  ) );
#7695 = PCURVE('',#3358,#7696);
#7696 = DEFINITIONAL_REPRESENTATION('',(#7697),#7701);
#7697 = LINE('',#7698,#7699);
#7698 = CARTESIAN_POINT('',(2.208710567062,0.));
#7699 = VECTOR('',#7700,1.);
#7700 = DIRECTION('',(0.,-1.));
#7701 = ( GEOMETRIC_REPRESENTATION_CONTEXT(2) 
PARAMETRIC_REPRESENTATION_CONTEXT() REPRESENTATION_CONTEXT('2D SPACE',''
  ) );
#7702 = ORIENTED_EDGE('',*,*,#6459,.T.);
#7703 = ORIENTED_EDGE('',*,*,#7628,.F.);
#7704 = ORIENTED_EDGE('',*,*,#3370,.F.);
#7705 = ADVANCED_FACE('',(#7706),#698,.F.);
#7706 = FACE_BOUND('',#7707,.F.);
#7707 = EDGE_LOOP('',(#7708,#7709,#7710,#7731));
#7708 = ORIENTED_EDGE('',*,*,#7657,.T.);
#7709 = ORIENTED_EDGE('',*,*,#4251,.T.);
#7710 = ORIENTED_EDGE('',*,*,#7711,.F.);
#7711 = EDGE_CURVE('',#683,#4252,#7712,.T.);
#7712 = SURFACE_CURVE('',#7713,(#7717,#7724),.PCURVE_S1.);
#7713 = LINE('',#7714,#7715);
#7714 = CARTESIAN_POINT('',(30.220152968116,33.342800640973,0.));
#7715 = VECTOR('',#7716,1.);
#7716 = DIRECTION('',(0.,0.,1.));
#7717 = PCURVE('',#698,#7718);
#7718 = DEFINITIONAL_REPRESENTATION('',(#7719),#7723);
#7719 = LINE('',#7720,#7721);
#7720 = CARTESIAN_POINT('',(2.208710567062,0.));
#7721 = VECTOR('',#7722,1.);
#7722 = DIRECTION('',(0.,-1.));
#7723 = ( GEOMETRIC_REPRESENTATION_CONTEXT(2) 
PARAMETRIC_REPRESENTATION_CONTEXT() REPRESENTATION_CONTEXT('2D SPACE',''
  ) );
#7724 = PCURVE('',#726,#7725);
#7725 = DEFINITIONAL_REPRESENTATION('',(#7726),#7730);
#7726 = LINE('',#7727,#7728);
#7727 = CARTESIAN_POINT('',(0.,0.));
#7728 = VECTOR('',#7729,1.);
#7729 = DIRECTION('',(0.,-1.));
#7730 = ( GEOMETRIC_REPRESENTATION_CONTEXT(2) 
PARAMETRIC_REPRESENTATION_CONTEXT() REPRESENTATION_CONTEXT('2D SPACE',''
  ) );
#7731 = ORIENTED_EDGE('',*,*,#682,.F.);
#7732 = ADVANCED_FACE('',(#7733),#3358,.F.);
#7733 = FACE_BOUND('',#7734,.F.);
#7734 = EDGE_LOOP('',(#7735,#7756,#7757,#7758));
#7735 = ORIENTED_EDGE('',*,*,#7736,.T.);
#7736 = EDGE_CURVE('',#3315,#6414,#7737,.T.);
#7737 = SURFACE_CURVE('',#7738,(#7742,#7749),.PCURVE_S1.);
#7738 = LINE('',#7739,#7740);
#7739 = CARTESIAN_POINT('',(30.220152968116,-33.34280064097,0.));
#7740 = VECTOR('',#7741,1.);
#7741 = DIRECTION('',(0.,0.,1.));
#7742 = PCURVE('',#3358,#7743);
#7743 = DEFINITIONAL_REPRESENTATION('',(#7744),#7748);
#7744 = LINE('',#7745,#7746);
#7745 = CARTESIAN_POINT('',(0.,0.));
#7746 = VECTOR('',#7747,1.);
#7747 = DIRECTION('',(0.,-1.));
#7748 = ( GEOMETRIC_REPRESENTATION_CONTEXT(2) 
PARAMETRIC_REPRESENTATION_CONTEXT() REPRESENTATION_CONTEXT('2D SPACE',''
  ) );
#7749 = PCURVE('',#3330,#7750);
#7750 = DEFINITIONAL_REPRESENTATION('',(#7751),#7755);
#7751 = LINE('',#7752,#7753);
#7752 = CARTESIAN_POINT('',(2.208710567062,0.));
#7753 = VECTOR('',#7754,1.);
#7754 = DIRECTION('',(0.,-1.));
#7755 = ( GEOMETRIC_REPRESENTATION_CONTEXT(2) 
PARAMETRIC_REPRESENTATION_CONTEXT() REPRESENTATION_CONTEXT('2D SPACE',''
  ) );
#7756 = ORIENTED_EDGE('',*,*,#6436,.T.);
#7757 = ORIENTED_EDGE('',*,*,#7682,.F.);
#7758 = ORIENTED_EDGE('',*,*,#3342,.F.);
#7759 = ADVANCED_FACE('',(#7760),#726,.F.);
#7760 = FACE_BOUND('',#7761,.F.);
#7761 = EDGE_LOOP('',(#7762,#7763,#7764,#7785));
#7762 = ORIENTED_EDGE('',*,*,#7711,.T.);
#7763 = ORIENTED_EDGE('',*,*,#4274,.T.);
#7764 = ORIENTED_EDGE('',*,*,#7765,.F.);
#7765 = EDGE_CURVE('',#711,#4275,#7766,.T.);
#7766 = SURFACE_CURVE('',#7767,(#7771,#7778),.PCURVE_S1.);
#7767 = LINE('',#7768,#7769);
#7768 = CARTESIAN_POINT('',(28.547697787364,34.785470401323,0.));
#7769 = VECTOR('',#7770,1.);
#7770 = DIRECTION('',(0.,0.,1.));
#7771 = PCURVE('',#726,#7772);
#7772 = DEFINITIONAL_REPRESENTATION('',(#7773),#7777);
#7773 = LINE('',#7774,#7775);
#7774 = CARTESIAN_POINT('',(2.208710567062,0.));
#7775 = VECTOR('',#7776,1.);
#7776 = DIRECTION('',(0.,-1.));
#7777 = ( GEOMETRIC_REPRESENTATION_CONTEXT(2) 
PARAMETRIC_REPRESENTATION_CONTEXT() REPRESENTATION_CONTEXT('2D SPACE',''
  ) );
#7778 = PCURVE('',#754,#7779);
#7779 = DEFINITIONAL_REPRESENTATION('',(#7780),#7784);
#7780 = LINE('',#7781,#7782);
#7781 = CARTESIAN_POINT('',(0.,0.));
#7782 = VECTOR('',#7783,1.);
#7783 = DIRECTION('',(0.,-1.));
#7784 = ( GEOMETRIC_REPRESENTATION_CONTEXT(2) 
PARAMETRIC_REPRESENTATION_CONTEXT() REPRESENTATION_CONTEXT('2D SPACE',''
  ) );
#7785 = ORIENTED_EDGE('',*,*,#710,.F.);
#7786 = ADVANCED_FACE('',(#7787),#3330,.F.);
#7787 = FACE_BOUND('',#7788,.F.);
#7788 = EDGE_LOOP('',(#7789,#7810,#7811,#7812));
#7789 = ORIENTED_EDGE('',*,*,#7790,.T.);
#7790 = EDGE_CURVE('',#3287,#6391,#7791,.T.);
#7791 = SURFACE_CURVE('',#7792,(#7796,#7803),.PCURVE_S1.);
#7792 = LINE('',#7793,#7794);
#7793 = CARTESIAN_POINT('',(28.547697787364,-34.78547040132,0.));
#7794 = VECTOR('',#7795,1.);
#7795 = DIRECTION('',(0.,0.,1.));
#7796 = PCURVE('',#3330,#7797);
#7797 = DEFINITIONAL_REPRESENTATION('',(#7798),#7802);
#7798 = LINE('',#7799,#7800);
#7799 = CARTESIAN_POINT('',(0.,0.));
#7800 = VECTOR('',#7801,1.);
#7801 = DIRECTION('',(0.,-1.));
#7802 = ( GEOMETRIC_REPRESENTATION_CONTEXT(2) 
PARAMETRIC_REPRESENTATION_CONTEXT() REPRESENTATION_CONTEXT('2D SPACE',''
  ) );
#7803 = PCURVE('',#3302,#7804);
#7804 = DEFINITIONAL_REPRESENTATION('',(#7805),#7809);
#7805 = LINE('',#7806,#7807);
#7806 = CARTESIAN_POINT('',(2.208710567062,0.));
#7807 = VECTOR('',#7808,1.);
#7808 = DIRECTION('',(0.,-1.));
#7809 = ( GEOMETRIC_REPRESENTATION_CONTEXT(2) 
PARAMETRIC_REPRESENTATION_CONTEXT() REPRESENTATION_CONTEXT('2D SPACE',''
  ) );
#7810 = ORIENTED_EDGE('',*,*,#6413,.T.);
#7811 = ORIENTED_EDGE('',*,*,#7736,.F.);
#7812 = ORIENTED_EDGE('',*,*,#3314,.F.);
#7813 = ADVANCED_FACE('',(#7814),#754,.F.);
#7814 = FACE_BOUND('',#7815,.F.);
#7815 = EDGE_LOOP('',(#7816,#7817,#7818,#7839));
#7816 = ORIENTED_EDGE('',*,*,#7765,.T.);
#7817 = ORIENTED_EDGE('',*,*,#4297,.T.);
#7818 = ORIENTED_EDGE('',*,*,#7819,.F.);
#7819 = EDGE_CURVE('',#739,#4298,#7820,.T.);
#7820 = SURFACE_CURVE('',#7821,(#7825,#7832),.PCURVE_S1.);
#7821 = LINE('',#7822,#7823);
#7822 = CARTESIAN_POINT('',(26.80646870216,36.144338916629,0.));
#7823 = VECTOR('',#7824,1.);
#7824 = DIRECTION('',(0.,0.,1.));
#7825 = PCURVE('',#754,#7826);
#7826 = DEFINITIONAL_REPRESENTATION('',(#7827),#7831);
#7827 = LINE('',#7828,#7829);
#7828 = CARTESIAN_POINT('',(2.208710567062,0.));
#7829 = VECTOR('',#7830,1.);
#7830 = DIRECTION('',(0.,-1.));
#7831 = ( GEOMETRIC_REPRESENTATION_CONTEXT(2) 
PARAMETRIC_REPRESENTATION_CONTEXT() REPRESENTATION_CONTEXT('2D SPACE',''
  ) );
#7832 = PCURVE('',#782,#7833);
#7833 = DEFINITIONAL_REPRESENTATION('',(#7834),#7838);
#7834 = LINE('',#7835,#7836);
#7835 = CARTESIAN_POINT('',(0.,0.));
#7836 = VECTOR('',#7837,1.);
#7837 = DIRECTION('',(0.,-1.));
#7838 = ( GEOMETRIC_REPRESENTATION_CONTEXT(2) 
PARAMETRIC_REPRESENTATION_CONTEXT() REPRESENTATION_CONTEXT('2D SPACE',''
  ) );
#7839 = ORIENTED_EDGE('',*,*,#738,.F.);
#7840 = ADVANCED_FACE('',(#7841),#3302,.F.);
#7841 = FACE_BOUND('',#7842,.F.);
#7842 = EDGE_LOOP('',(#7843,#7864,#7865,#7866));
#7843 = ORIENTED_EDGE('',*,*,#7844,.T.);
#7844 = EDGE_CURVE('',#3259,#6368,#7845,.T.);
#7845 = SURFACE_CURVE('',#7846,(#7850,#7857),.PCURVE_S1.);
#7846 = LINE('',#7847,#7848);
#7847 = CARTESIAN_POINT('',(26.806468702159,-36.14433891662,0.));
#7848 = VECTOR('',#7849,1.);
#7849 = DIRECTION('',(0.,0.,1.));
#7850 = PCURVE('',#3302,#7851);
#7851 = DEFINITIONAL_REPRESENTATION('',(#7852),#7856);
#7852 = LINE('',#7853,#7854);
#7853 = CARTESIAN_POINT('',(0.,0.));
#7854 = VECTOR('',#7855,1.);
#7855 = DIRECTION('',(0.,-1.));
#7856 = ( GEOMETRIC_REPRESENTATION_CONTEXT(2) 
PARAMETRIC_REPRESENTATION_CONTEXT() REPRESENTATION_CONTEXT('2D SPACE',''
  ) );
#7857 = PCURVE('',#3274,#7858);
#7858 = DEFINITIONAL_REPRESENTATION('',(#7859),#7863);
#7859 = LINE('',#7860,#7861);
#7860 = CARTESIAN_POINT('',(2.208710567062,0.));
#7861 = VECTOR('',#7862,1.);
#7862 = DIRECTION('',(0.,-1.));
#7863 = ( GEOMETRIC_REPRESENTATION_CONTEXT(2) 
PARAMETRIC_REPRESENTATION_CONTEXT() REPRESENTATION_CONTEXT('2D SPACE',''
  ) );
#7864 = ORIENTED_EDGE('',*,*,#6390,.T.);
#7865 = ORIENTED_EDGE('',*,*,#7790,.F.);
#7866 = ORIENTED_EDGE('',*,*,#3286,.F.);
#7867 = ADVANCED_FACE('',(#7868),#782,.F.);
#7868 = FACE_BOUND('',#7869,.F.);
#7869 = EDGE_LOOP('',(#7870,#7871,#7872,#7893));
#7870 = ORIENTED_EDGE('',*,*,#7819,.T.);
#7871 = ORIENTED_EDGE('',*,*,#4320,.T.);
#7872 = ORIENTED_EDGE('',*,*,#7873,.F.);
#7873 = EDGE_CURVE('',#767,#4321,#7874,.T.);
#7874 = SURFACE_CURVE('',#7875,(#7879,#7886),.PCURVE_S1.);
#7875 = LINE('',#7876,#7877);
#7876 = CARTESIAN_POINT('',(25.000660485882,37.416132553615,0.));
#7877 = VECTOR('',#7878,1.);
#7878 = DIRECTION('',(0.,0.,1.));
#7879 = PCURVE('',#782,#7880);
#7880 = DEFINITIONAL_REPRESENTATION('',(#7881),#7885);
#7881 = LINE('',#7882,#7883);
#7882 = CARTESIAN_POINT('',(2.208710567062,0.));
#7883 = VECTOR('',#7884,1.);
#7884 = DIRECTION('',(0.,-1.));
#7885 = ( GEOMETRIC_REPRESENTATION_CONTEXT(2) 
PARAMETRIC_REPRESENTATION_CONTEXT() REPRESENTATION_CONTEXT('2D SPACE',''
  ) );
#7886 = PCURVE('',#810,#7887);
#7887 = DEFINITIONAL_REPRESENTATION('',(#7888),#7892);
#7888 = LINE('',#7889,#7890);
#7889 = CARTESIAN_POINT('',(0.,0.));
#7890 = VECTOR('',#7891,1.);
#7891 = DIRECTION('',(0.,-1.));
#7892 = ( GEOMETRIC_REPRESENTATION_CONTEXT(2) 
PARAMETRIC_REPRESENTATION_CONTEXT() REPRESENTATION_CONTEXT('2D SPACE',''
  ) );
#7893 = ORIENTED_EDGE('',*,*,#766,.F.);
#7894 = ADVANCED_FACE('',(#7895),#3274,.F.);
#7895 = FACE_BOUND('',#7896,.F.);
#7896 = EDGE_LOOP('',(#7897,#7918,#7919,#7920));
#7897 = ORIENTED_EDGE('',*,*,#7898,.T.);
#7898 = EDGE_CURVE('',#3231,#6345,#7899,.T.);
#7899 = SURFACE_CURVE('',#7900,(#7904,#7911),.PCURVE_S1.);
#7900 = LINE('',#7901,#7902);
#7901 = CARTESIAN_POINT('',(25.000660485882,-37.41613255361,0.));
#7902 = VECTOR('',#7903,1.);
#7903 = DIRECTION('',(0.,0.,1.));
#7904 = PCURVE('',#3274,#7905);
#7905 = DEFINITIONAL_REPRESENTATION('',(#7906),#7910);
#7906 = LINE('',#7907,#7908);
#7907 = CARTESIAN_POINT('',(0.,0.));
#7908 = VECTOR('',#7909,1.);
#7909 = DIRECTION('',(0.,-1.));
#7910 = ( GEOMETRIC_REPRESENTATION_CONTEXT(2) 
PARAMETRIC_REPRESENTATION_CONTEXT() REPRESENTATION_CONTEXT('2D SPACE',''
  ) );
#7911 = PCURVE('',#3246,#7912);
#7912 = DEFINITIONAL_REPRESENTATION('',(#7913),#7917);
#7913 = LINE('',#7914,#7915);
#7914 = CARTESIAN_POINT('',(2.208710567062,0.));
#7915 = VECTOR('',#7916,1.);
#7916 = DIRECTION('',(0.,-1.));
#7917 = ( GEOMETRIC_REPRESENTATION_CONTEXT(2) 
PARAMETRIC_REPRESENTATION_CONTEXT() REPRESENTATION_CONTEXT('2D SPACE',''
  ) );
#7918 = ORIENTED_EDGE('',*,*,#6367,.T.);
#7919 = ORIENTED_EDGE('',*,*,#7844,.F.);
#7920 = ORIENTED_EDGE('',*,*,#3258,.F.);
#7921 = ADVANCED_FACE('',(#7922),#810,.F.);
#7922 = FACE_BOUND('',#7923,.F.);
#7923 = EDGE_LOOP('',(#7924,#7925,#7926,#7947));
#7924 = ORIENTED_EDGE('',*,*,#7873,.T.);
#7925 = ORIENTED_EDGE('',*,*,#4343,.T.);
#7926 = ORIENTED_EDGE('',*,*,#7927,.F.);
#7927 = EDGE_CURVE('',#795,#4344,#7928,.T.);
#7928 = SURFACE_CURVE('',#7929,(#7933,#7940),.PCURVE_S1.);
#7929 = LINE('',#7930,#7931);
#7930 = CARTESIAN_POINT('',(23.134623488695,38.597787450012,0.));
#7931 = VECTOR('',#7932,1.);
#7932 = DIRECTION('',(0.,0.,1.));
#7933 = PCURVE('',#810,#7934);
#7934 = DEFINITIONAL_REPRESENTATION('',(#7935),#7939);
#7935 = LINE('',#7936,#7937);
#7936 = CARTESIAN_POINT('',(2.208710567062,0.));
#7937 = VECTOR('',#7938,1.);
#7938 = DIRECTION('',(0.,-1.));
#7939 = ( GEOMETRIC_REPRESENTATION_CONTEXT(2) 
PARAMETRIC_REPRESENTATION_CONTEXT() REPRESENTATION_CONTEXT('2D SPACE',''
  ) );
#7940 = PCURVE('',#838,#7941);
#7941 = DEFINITIONAL_REPRESENTATION('',(#7942),#7946);
#7942 = LINE('',#7943,#7944);
#7943 = CARTESIAN_POINT('',(0.,0.));
#7944 = VECTOR('',#7945,1.);
#7945 = DIRECTION('',(0.,-1.));
#7946 = ( GEOMETRIC_REPRESENTATION_CONTEXT(2) 
PARAMETRIC_REPRESENTATION_CONTEXT() REPRESENTATION_CONTEXT('2D SPACE',''
  ) );
#7947 = ORIENTED_EDGE('',*,*,#794,.F.);
#7948 = ADVANCED_FACE('',(#7949),#3246,.F.);
#7949 = FACE_BOUND('',#7950,.F.);
#7950 = EDGE_LOOP('',(#7951,#7972,#7973,#7974));
#7951 = ORIENTED_EDGE('',*,*,#7952,.T.);
#7952 = EDGE_CURVE('',#3203,#6322,#7953,.T.);
#7953 = SURFACE_CURVE('',#7954,(#7958,#7965),.PCURVE_S1.);
#7954 = LINE('',#7955,#7956);
#7955 = CARTESIAN_POINT('',(23.134623488695,-38.59778745001,0.));
#7956 = VECTOR('',#7957,1.);
#7957 = DIRECTION('',(0.,0.,1.));
#7958 = PCURVE('',#3246,#7959);
#7959 = DEFINITIONAL_REPRESENTATION('',(#7960),#7964);
#7960 = LINE('',#7961,#7962);
#7961 = CARTESIAN_POINT('',(0.,0.));
#7962 = VECTOR('',#7963,1.);
#7963 = DIRECTION('',(0.,-1.));
#7964 = ( GEOMETRIC_REPRESENTATION_CONTEXT(2) 
PARAMETRIC_REPRESENTATION_CONTEXT() REPRESENTATION_CONTEXT('2D SPACE',''
  ) );
#7965 = PCURVE('',#3218,#7966);
#7966 = DEFINITIONAL_REPRESENTATION('',(#7967),#7971);
#7967 = LINE('',#7968,#7969);
#7968 = CARTESIAN_POINT('',(2.208710567062,0.));
#7969 = VECTOR('',#7970,1.);
#7970 = DIRECTION('',(0.,-1.));
#7971 = ( GEOMETRIC_REPRESENTATION_CONTEXT(2) 
PARAMETRIC_REPRESENTATION_CONTEXT() REPRESENTATION_CONTEXT('2D SPACE',''
  ) );
#7972 = ORIENTED_EDGE('',*,*,#6344,.T.);
#7973 = ORIENTED_EDGE('',*,*,#7898,.F.);
#7974 = ORIENTED_EDGE('',*,*,#3230,.F.);
#7975 = ADVANCED_FACE('',(#7976),#838,.F.);
#7976 = FACE_BOUND('',#7977,.F.);
#7977 = EDGE_LOOP('',(#7978,#7979,#7980,#8001));
#7978 = ORIENTED_EDGE('',*,*,#7927,.T.);
#7979 = ORIENTED_EDGE('',*,*,#4366,.T.);
#7980 = ORIENTED_EDGE('',*,*,#7981,.F.);
#7981 = EDGE_CURVE('',#823,#4367,#7982,.T.);
#7982 = SURFACE_CURVE('',#7983,(#7987,#7994),.PCURVE_S1.);
#7983 = LINE('',#7984,#7985);
#7984 = CARTESIAN_POINT('',(21.21285315717,39.686456895676,0.));
#7985 = VECTOR('',#7986,1.);
#7986 = DIRECTION('',(0.,0.,1.));
#7987 = PCURVE('',#838,#7988);
#7988 = DEFINITIONAL_REPRESENTATION('',(#7989),#7993);
#7989 = LINE('',#7990,#7991);
#7990 = CARTESIAN_POINT('',(2.208710567062,0.));
#7991 = VECTOR('',#7992,1.);
#7992 = DIRECTION('',(0.,-1.));
#7993 = ( GEOMETRIC_REPRESENTATION_CONTEXT(2) 
PARAMETRIC_REPRESENTATION_CONTEXT() REPRESENTATION_CONTEXT('2D SPACE',''
  ) );
#7994 = PCURVE('',#866,#7995);
#7995 = DEFINITIONAL_REPRESENTATION('',(#7996),#8000);
#7996 = LINE('',#7997,#7998);
#7997 = CARTESIAN_POINT('',(0.,0.));
#7998 = VECTOR('',#7999,1.);
#7999 = DIRECTION('',(0.,-1.));
#8000 = ( GEOMETRIC_REPRESENTATION_CONTEXT(2) 
PARAMETRIC_REPRESENTATION_CONTEXT() REPRESENTATION_CONTEXT('2D SPACE',''
  ) );
#8001 = ORIENTED_EDGE('',*,*,#822,.F.);
#8002 = ADVANCED_FACE('',(#8003),#3218,.F.);
#8003 = FACE_BOUND('',#8004,.F.);
#8004 = EDGE_LOOP('',(#8005,#8026,#8027,#8028));
#8005 = ORIENTED_EDGE('',*,*,#8006,.T.);
#8006 = EDGE_CURVE('',#3175,#6299,#8007,.T.);
#8007 = SURFACE_CURVE('',#8008,(#8012,#8019),.PCURVE_S1.);
#8008 = LINE('',#8009,#8010);
#8009 = CARTESIAN_POINT('',(21.21285315717,-39.68645689567,0.));
#8010 = VECTOR('',#8011,1.);
#8011 = DIRECTION('',(0.,0.,1.));
#8012 = PCURVE('',#3218,#8013);
#8013 = DEFINITIONAL_REPRESENTATION('',(#8014),#8018);
#8014 = LINE('',#8015,#8016);
#8015 = CARTESIAN_POINT('',(0.,0.));
#8016 = VECTOR('',#8017,1.);
#8017 = DIRECTION('',(0.,-1.));
#8018 = ( GEOMETRIC_REPRESENTATION_CONTEXT(2) 
PARAMETRIC_REPRESENTATION_CONTEXT() REPRESENTATION_CONTEXT('2D SPACE',''
  ) );
#8019 = PCURVE('',#3190,#8020);
#8020 = DEFINITIONAL_REPRESENTATION('',(#8021),#8025);
#8021 = LINE('',#8022,#8023);
#8022 = CARTESIAN_POINT('',(2.208710567062,0.));
#8023 = VECTOR('',#8024,1.);
#8024 = DIRECTION('',(0.,-1.));
#8025 = ( GEOMETRIC_REPRESENTATION_CONTEXT(2) 
PARAMETRIC_REPRESENTATION_CONTEXT() REPRESENTATION_CONTEXT('2D SPACE',''
  ) );
#8026 = ORIENTED_EDGE('',*,*,#6321,.T.);
#8027 = ORIENTED_EDGE('',*,*,#7952,.F.);
#8028 = ORIENTED_EDGE('',*,*,#3202,.F.);
#8029 = ADVANCED_FACE('',(#8030),#866,.F.);
#8030 = FACE_BOUND('',#8031,.F.);
#8031 = EDGE_LOOP('',(#8032,#8033,#8034,#8055));
#8032 = ORIENTED_EDGE('',*,*,#7981,.T.);
#8033 = ORIENTED_EDGE('',*,*,#4389,.T.);
#8034 = ORIENTED_EDGE('',*,*,#8035,.F.);
#8035 = EDGE_CURVE('',#851,#4390,#8036,.T.);
#8036 = SURFACE_CURVE('',#8037,(#8041,#8048),.PCURVE_S1.);
#8037 = LINE('',#8038,#8039);
#8038 = CARTESIAN_POINT('',(19.239979204363,40.679518190555,0.));
#8039 = VECTOR('',#8040,1.);
#8040 = DIRECTION('',(0.,0.,1.));
#8041 = PCURVE('',#866,#8042);
#8042 = DEFINITIONAL_REPRESENTATION('',(#8043),#8047);
#8043 = LINE('',#8044,#8045);
#8044 = CARTESIAN_POINT('',(2.208710567062,0.));
#8045 = VECTOR('',#8046,1.);
#8046 = DIRECTION('',(0.,-1.));
#8047 = ( GEOMETRIC_REPRESENTATION_CONTEXT(2) 
PARAMETRIC_REPRESENTATION_CONTEXT() REPRESENTATION_CONTEXT('2D SPACE',''
  ) );
#8048 = PCURVE('',#894,#8049);
#8049 = DEFINITIONAL_REPRESENTATION('',(#8050),#8054);
#8050 = LINE('',#8051,#8052);
#8051 = CARTESIAN_POINT('',(0.,0.));
#8052 = VECTOR('',#8053,1.);
#8053 = DIRECTION('',(0.,-1.));
#8054 = ( GEOMETRIC_REPRESENTATION_CONTEXT(2) 
PARAMETRIC_REPRESENTATION_CONTEXT() REPRESENTATION_CONTEXT('2D SPACE',''
  ) );
#8055 = ORIENTED_EDGE('',*,*,#850,.F.);
#8056 = ADVANCED_FACE('',(#8057),#3190,.F.);
#8057 = FACE_BOUND('',#8058,.F.);
#8058 = EDGE_LOOP('',(#8059,#8080,#8081,#8082));
#8059 = ORIENTED_EDGE('',*,*,#8060,.T.);
#8060 = EDGE_CURVE('',#3147,#6276,#8061,.T.);
#8061 = SURFACE_CURVE('',#8062,(#8066,#8073),.PCURVE_S1.);
#8062 = LINE('',#8063,#8064);
#8063 = CARTESIAN_POINT('',(19.239979204363,-40.67951819055,0.));
#8064 = VECTOR('',#8065,1.);
#8065 = DIRECTION('',(0.,0.,1.));
#8066 = PCURVE('',#3190,#8067);
#8067 = DEFINITIONAL_REPRESENTATION('',(#8068),#8072);
#8068 = LINE('',#8069,#8070);
#8069 = CARTESIAN_POINT('',(0.,0.));
#8070 = VECTOR('',#8071,1.);
#8071 = DIRECTION('',(0.,-1.));
#8072 = ( GEOMETRIC_REPRESENTATION_CONTEXT(2) 
PARAMETRIC_REPRESENTATION_CONTEXT() REPRESENTATION_CONTEXT('2D SPACE',''
  ) );
#8073 = PCURVE('',#3162,#8074);
#8074 = DEFINITIONAL_REPRESENTATION('',(#8075),#8079);
#8075 = LINE('',#8076,#8077);
#8076 = CARTESIAN_POINT('',(2.208710567062,0.));
#8077 = VECTOR('',#8078,1.);
#8078 = DIRECTION('',(0.,-1.));
#8079 = ( GEOMETRIC_REPRESENTATION_CONTEXT(2) 
PARAMETRIC_REPRESENTATION_CONTEXT() REPRESENTATION_CONTEXT('2D SPACE',''
  ) );
#8080 = ORIENTED_EDGE('',*,*,#6298,.T.);
#8081 = ORIENTED_EDGE('',*,*,#8006,.F.);
#8082 = ORIENTED_EDGE('',*,*,#3174,.F.);
#8083 = ADVANCED_FACE('',(#8084),#894,.F.);
#8084 = FACE_BOUND('',#8085,.F.);
#8085 = EDGE_LOOP('',(#8086,#8087,#8088,#8109));
#8086 = ORIENTED_EDGE('',*,*,#8035,.T.);
#8087 = ORIENTED_EDGE('',*,*,#4412,.T.);
#8088 = ORIENTED_EDGE('',*,*,#8089,.F.);
#8089 = EDGE_CURVE('',#879,#4413,#8090,.T.);
#8090 = SURFACE_CURVE('',#8091,(#8095,#8102),.PCURVE_S1.);
#8091 = LINE('',#8092,#8093);
#8092 = CARTESIAN_POINT('',(17.220754456429,41.574578963008,0.));
#8093 = VECTOR('',#8094,1.);
#8094 = DIRECTION('',(0.,0.,1.));
#8095 = PCURVE('',#894,#8096);
#8096 = DEFINITIONAL_REPRESENTATION('',(#8097),#8101);
#8097 = LINE('',#8098,#8099);
#8098 = CARTESIAN_POINT('',(2.208710567062,0.));
#8099 = VECTOR('',#8100,1.);
#8100 = DIRECTION('',(0.,-1.));
#8101 = ( GEOMETRIC_REPRESENTATION_CONTEXT(2) 
PARAMETRIC_REPRESENTATION_CONTEXT() REPRESENTATION_CONTEXT('2D SPACE',''
  ) );
#8102 = PCURVE('',#922,#8103);
#8103 = DEFINITIONAL_REPRESENTATION('',(#8104),#8108);
#8104 = LINE('',#8105,#8106);
#8105 = CARTESIAN_POINT('',(0.,0.));
#8106 = VECTOR('',#8107,1.);
#8107 = DIRECTION('',(0.,-1.));
#8108 = ( GEOMETRIC_REPRESENTATION_CONTEXT(2) 
PARAMETRIC_REPRESENTATION_CONTEXT() REPRESENTATION_CONTEXT('2D SPACE',''
  ) );
#8109 = ORIENTED_EDGE('',*,*,#878,.F.);
#8110 = ADVANCED_FACE('',(#8111),#3162,.F.);
#8111 = FACE_BOUND('',#8112,.F.);
#8112 = EDGE_LOOP('',(#8113,#8134,#8135,#8136));
#8113 = ORIENTED_EDGE('',*,*,#8114,.T.);
#8114 = EDGE_CURVE('',#3119,#6253,#8115,.T.);
#8115 = SURFACE_CURVE('',#8116,(#8120,#8127),.PCURVE_S1.);
#8116 = LINE('',#8117,#8118);
#8117 = CARTESIAN_POINT('',(17.220754456429,-41.574578963,0.));
#8118 = VECTOR('',#8119,1.);
#8119 = DIRECTION('',(0.,0.,1.));
#8120 = PCURVE('',#3162,#8121);
#8121 = DEFINITIONAL_REPRESENTATION('',(#8122),#8126);
#8122 = LINE('',#8123,#8124);
#8123 = CARTESIAN_POINT('',(0.,0.));
#8124 = VECTOR('',#8125,1.);
#8125 = DIRECTION('',(0.,-1.));
#8126 = ( GEOMETRIC_REPRESENTATION_CONTEXT(2) 
PARAMETRIC_REPRESENTATION_CONTEXT() REPRESENTATION_CONTEXT('2D SPACE',''
  ) );
#8127 = PCURVE('',#3134,#8128);
#8128 = DEFINITIONAL_REPRESENTATION('',(#8129),#8133);
#8129 = LINE('',#8130,#8131);
#8130 = CARTESIAN_POINT('',(2.208710567062,0.));
#8131 = VECTOR('',#8132,1.);
#8132 = DIRECTION('',(0.,-1.));
#8133 = ( GEOMETRIC_REPRESENTATION_CONTEXT(2) 
PARAMETRIC_REPRESENTATION_CONTEXT() REPRESENTATION_CONTEXT('2D SPACE',''
  ) );
#8134 = ORIENTED_EDGE('',*,*,#6275,.T.);
#8135 = ORIENTED_EDGE('',*,*,#8060,.F.);
#8136 = ORIENTED_EDGE('',*,*,#3146,.F.);
#8137 = ADVANCED_FACE('',(#8138),#922,.F.);
#8138 = FACE_BOUND('',#8139,.F.);
#8139 = EDGE_LOOP('',(#8140,#8141,#8142,#8163));
#8140 = ORIENTED_EDGE('',*,*,#8089,.T.);
#8141 = ORIENTED_EDGE('',*,*,#4435,.T.);
#8142 = ORIENTED_EDGE('',*,*,#8143,.F.);
#8143 = EDGE_CURVE('',#907,#4436,#8144,.T.);
#8144 = SURFACE_CURVE('',#8145,(#8149,#8156),.PCURVE_S1.);
#8145 = LINE('',#8146,#8147);
#8146 = CARTESIAN_POINT('',(15.16004340265,42.369482933236,0.));
#8147 = VECTOR('',#8148,1.);
#8148 = DIRECTION('',(0.,0.,1.));
#8149 = PCURVE('',#922,#8150);
#8150 = DEFINITIONAL_REPRESENTATION('',(#8151),#8155);
#8151 = LINE('',#8152,#8153);
#8152 = CARTESIAN_POINT('',(2.208710567062,0.));
#8153 = VECTOR('',#8154,1.);
#8154 = DIRECTION('',(0.,-1.));
#8155 = ( GEOMETRIC_REPRESENTATION_CONTEXT(2) 
PARAMETRIC_REPRESENTATION_CONTEXT() REPRESENTATION_CONTEXT('2D SPACE',''
  ) );
#8156 = PCURVE('',#950,#8157);
#8157 = DEFINITIONAL_REPRESENTATION('',(#8158),#8162);
#8158 = LINE('',#8159,#8160);
#8159 = CARTESIAN_POINT('',(0.,0.));
#8160 = VECTOR('',#8161,1.);
#8161 = DIRECTION('',(0.,-1.));
#8162 = ( GEOMETRIC_REPRESENTATION_CONTEXT(2) 
PARAMETRIC_REPRESENTATION_CONTEXT() REPRESENTATION_CONTEXT('2D SPACE',''
  ) );
#8163 = ORIENTED_EDGE('',*,*,#906,.F.);
#8164 = ADVANCED_FACE('',(#8165),#3134,.F.);
#8165 = FACE_BOUND('',#8166,.F.);
#8166 = EDGE_LOOP('',(#8167,#8188,#8189,#8190));
#8167 = ORIENTED_EDGE('',*,*,#8168,.T.);
#8168 = EDGE_CURVE('',#3091,#6230,#8169,.T.);
#8169 = SURFACE_CURVE('',#8170,(#8174,#8181),.PCURVE_S1.);
#8170 = LINE('',#8171,#8172);
#8171 = CARTESIAN_POINT('',(15.16004340265,-42.36948293323,0.));
#8172 = VECTOR('',#8173,1.);
#8173 = DIRECTION('',(0.,0.,1.));
#8174 = PCURVE('',#3134,#8175);
#8175 = DEFINITIONAL_REPRESENTATION('',(#8176),#8180);
#8176 = LINE('',#8177,#8178);
#8177 = CARTESIAN_POINT('',(0.,0.));
#8178 = VECTOR('',#8179,1.);
#8179 = DIRECTION('',(0.,-1.));
#8180 = ( GEOMETRIC_REPRESENTATION_CONTEXT(2) 
PARAMETRIC_REPRESENTATION_CONTEXT() REPRESENTATION_CONTEXT('2D SPACE',''
  ) );
#8181 = PCURVE('',#3106,#8182);
#8182 = DEFINITIONAL_REPRESENTATION('',(#8183),#8187);
#8183 = LINE('',#8184,#8185);
#8184 = CARTESIAN_POINT('',(2.208710567062,0.));
#8185 = VECTOR('',#8186,1.);
#8186 = DIRECTION('',(0.,-1.));
#8187 = ( GEOMETRIC_REPRESENTATION_CONTEXT(2) 
PARAMETRIC_REPRESENTATION_CONTEXT() REPRESENTATION_CONTEXT('2D SPACE',''
  ) );
#8188 = ORIENTED_EDGE('',*,*,#6252,.T.);
#8189 = ORIENTED_EDGE('',*,*,#8114,.F.);
#8190 = ORIENTED_EDGE('',*,*,#3118,.F.);
#8191 = ADVANCED_FACE('',(#8192),#950,.F.);
#8192 = FACE_BOUND('',#8193,.F.);
#8193 = EDGE_LOOP('',(#8194,#8195,#8196,#8217));
#8194 = ORIENTED_EDGE('',*,*,#8143,.T.);
#8195 = ORIENTED_EDGE('',*,*,#4458,.T.);
#8196 = ORIENTED_EDGE('',*,*,#8197,.F.);
#8197 = EDGE_CURVE('',#935,#4459,#8198,.T.);
#8198 = SURFACE_CURVE('',#8199,(#8203,#8210),.PCURVE_S1.);
#8199 = LINE('',#8200,#8201);
#8200 = CARTESIAN_POINT('',(13.062810476451,43.062315107949,0.));
#8201 = VECTOR('',#8202,1.);
#8202 = DIRECTION('',(0.,0.,1.));
#8203 = PCURVE('',#950,#8204);
#8204 = DEFINITIONAL_REPRESENTATION('',(#8205),#8209);
#8205 = LINE('',#8206,#8207);
#8206 = CARTESIAN_POINT('',(2.208710567062,0.));
#8207 = VECTOR('',#8208,1.);
#8208 = DIRECTION('',(0.,-1.));
#8209 = ( GEOMETRIC_REPRESENTATION_CONTEXT(2) 
PARAMETRIC_REPRESENTATION_CONTEXT() REPRESENTATION_CONTEXT('2D SPACE',''
  ) );
#8210 = PCURVE('',#978,#8211);
#8211 = DEFINITIONAL_REPRESENTATION('',(#8212),#8216);
#8212 = LINE('',#8213,#8214);
#8213 = CARTESIAN_POINT('',(0.,0.));
#8214 = VECTOR('',#8215,1.);
#8215 = DIRECTION('',(0.,-1.));
#8216 = ( GEOMETRIC_REPRESENTATION_CONTEXT(2) 
PARAMETRIC_REPRESENTATION_CONTEXT() REPRESENTATION_CONTEXT('2D SPACE',''
  ) );
#8217 = ORIENTED_EDGE('',*,*,#934,.F.);
#8218 = ADVANCED_FACE('',(#8219),#3106,.F.);
#8219 = FACE_BOUND('',#8220,.F.);
#8220 = EDGE_LOOP('',(#8221,#8242,#8243,#8244));
#8221 = ORIENTED_EDGE('',*,*,#8222,.T.);
#8222 = EDGE_CURVE('',#3063,#6207,#8223,.T.);
#8223 = SURFACE_CURVE('',#8224,(#8228,#8235),.PCURVE_S1.);
#8224 = LINE('',#8225,#8226);
#8225 = CARTESIAN_POINT('',(13.062810476451,-43.06231510794,0.));
#8226 = VECTOR('',#8227,1.);
#8227 = DIRECTION('',(0.,0.,1.));
#8228 = PCURVE('',#3106,#8229);
#8229 = DEFINITIONAL_REPRESENTATION('',(#8230),#8234);
#8230 = LINE('',#8231,#8232);
#8231 = CARTESIAN_POINT('',(0.,0.));
#8232 = VECTOR('',#8233,1.);
#8233 = DIRECTION('',(0.,-1.));
#8234 = ( GEOMETRIC_REPRESENTATION_CONTEXT(2) 
PARAMETRIC_REPRESENTATION_CONTEXT() REPRESENTATION_CONTEXT('2D SPACE',''
  ) );
#8235 = PCURVE('',#3078,#8236);
#8236 = DEFINITIONAL_REPRESENTATION('',(#8237),#8241);
#8237 = LINE('',#8238,#8239);
#8238 = CARTESIAN_POINT('',(2.208710567062,0.));
#8239 = VECTOR('',#8240,1.);
#8240 = DIRECTION('',(0.,-1.));
#8241 = ( GEOMETRIC_REPRESENTATION_CONTEXT(2) 
PARAMETRIC_REPRESENTATION_CONTEXT() REPRESENTATION_CONTEXT('2D SPACE',''
  ) );
#8242 = ORIENTED_EDGE('',*,*,#6229,.T.);
#8243 = ORIENTED_EDGE('',*,*,#8168,.F.);
#8244 = ORIENTED_EDGE('',*,*,#3090,.F.);
#8245 = ADVANCED_FACE('',(#8246),#978,.F.);
#8246 = FACE_BOUND('',#8247,.F.);
#8247 = EDGE_LOOP('',(#8248,#8249,#8250,#8271));
#8248 = ORIENTED_EDGE('',*,*,#8197,.T.);
#8249 = ORIENTED_EDGE('',*,*,#4481,.T.);
#8250 = ORIENTED_EDGE('',*,*,#8251,.F.);
#8251 = EDGE_CURVE('',#963,#4482,#8252,.T.);
#8252 = SURFACE_CURVE('',#8253,(#8257,#8264),.PCURVE_S1.);
#8253 = LINE('',#8254,#8255);
#8254 = CARTESIAN_POINT('',(10.934108095647,43.651406393754,0.));
#8255 = VECTOR('',#8256,1.);
#8256 = DIRECTION('',(0.,0.,1.));
#8257 = PCURVE('',#978,#8258);
#8258 = DEFINITIONAL_REPRESENTATION('',(#8259),#8263);
#8259 = LINE('',#8260,#8261);
#8260 = CARTESIAN_POINT('',(2.208710567062,0.));
#8261 = VECTOR('',#8262,1.);
#8262 = DIRECTION('',(0.,-1.));
#8263 = ( GEOMETRIC_REPRESENTATION_CONTEXT(2) 
PARAMETRIC_REPRESENTATION_CONTEXT() REPRESENTATION_CONTEXT('2D SPACE',''
  ) );
#8264 = PCURVE('',#1006,#8265);
#8265 = DEFINITIONAL_REPRESENTATION('',(#8266),#8270);
#8266 = LINE('',#8267,#8268);
#8267 = CARTESIAN_POINT('',(0.,0.));
#8268 = VECTOR('',#8269,1.);
#8269 = DIRECTION('',(0.,-1.));
#8270 = ( GEOMETRIC_REPRESENTATION_CONTEXT(2) 
PARAMETRIC_REPRESENTATION_CONTEXT() REPRESENTATION_CONTEXT('2D SPACE',''
  ) );
#8271 = ORIENTED_EDGE('',*,*,#962,.F.);
#8272 = ADVANCED_FACE('',(#8273),#3078,.F.);
#8273 = FACE_BOUND('',#8274,.F.);
#8274 = EDGE_LOOP('',(#8275,#8296,#8297,#8298));
#8275 = ORIENTED_EDGE('',*,*,#8276,.T.);
#8276 = EDGE_CURVE('',#3035,#6184,#8277,.T.);
#8277 = SURFACE_CURVE('',#8278,(#8282,#8289),.PCURVE_S1.);
#8278 = LINE('',#8279,#8280);
#8279 = CARTESIAN_POINT('',(10.934108095647,-43.65140639375,0.));
#8280 = VECTOR('',#8281,1.);
#8281 = DIRECTION('',(0.,0.,1.));
#8282 = PCURVE('',#3078,#8283);
#8283 = DEFINITIONAL_REPRESENTATION('',(#8284),#8288);
#8284 = LINE('',#8285,#8286);
#8285 = CARTESIAN_POINT('',(0.,0.));
#8286 = VECTOR('',#8287,1.);
#8287 = DIRECTION('',(0.,-1.));
#8288 = ( GEOMETRIC_REPRESENTATION_CONTEXT(2) 
PARAMETRIC_REPRESENTATION_CONTEXT() REPRESENTATION_CONTEXT('2D SPACE',''
  ) );
#8289 = PCURVE('',#3050,#8290);
#8290 = DEFINITIONAL_REPRESENTATION('',(#8291),#8295);
#8291 = LINE('',#8292,#8293);
#8292 = CARTESIAN_POINT('',(2.208710567062,0.));
#8293 = VECTOR('',#8294,1.);
#8294 = DIRECTION('',(0.,-1.));
#8295 = ( GEOMETRIC_REPRESENTATION_CONTEXT(2) 
PARAMETRIC_REPRESENTATION_CONTEXT() REPRESENTATION_CONTEXT('2D SPACE',''
  ) );
#8296 = ORIENTED_EDGE('',*,*,#6206,.T.);
#8297 = ORIENTED_EDGE('',*,*,#8222,.F.);
#8298 = ORIENTED_EDGE('',*,*,#3062,.F.);
#8299 = ADVANCED_FACE('',(#8300),#1006,.F.);
#8300 = FACE_BOUND('',#8301,.F.);
#8301 = EDGE_LOOP('',(#8302,#8303,#8304,#8325));
#8302 = ORIENTED_EDGE('',*,*,#8251,.T.);
#8303 = ORIENTED_EDGE('',*,*,#4504,.T.);
#8304 = ORIENTED_EDGE('',*,*,#8305,.F.);
#8305 = EDGE_CURVE('',#991,#4505,#8306,.T.);
#8306 = SURFACE_CURVE('',#8307,(#8311,#8318),.PCURVE_S1.);
#8307 = LINE('',#8308,#8309);
#8308 = CARTESIAN_POINT('',(8.779064490726,44.135337618145,0.));
#8309 = VECTOR('',#8310,1.);
#8310 = DIRECTION('',(0.,0.,1.));
#8311 = PCURVE('',#1006,#8312);
#8312 = DEFINITIONAL_REPRESENTATION('',(#8313),#8317);
#8313 = LINE('',#8314,#8315);
#8314 = CARTESIAN_POINT('',(2.208710567062,0.));
#8315 = VECTOR('',#8316,1.);
#8316 = DIRECTION('',(0.,-1.));
#8317 = ( GEOMETRIC_REPRESENTATION_CONTEXT(2) 
PARAMETRIC_REPRESENTATION_CONTEXT() REPRESENTATION_CONTEXT('2D SPACE',''
  ) );
#8318 = PCURVE('',#1034,#8319);
#8319 = DEFINITIONAL_REPRESENTATION('',(#8320),#8324);
#8320 = LINE('',#8321,#8322);
#8321 = CARTESIAN_POINT('',(0.,0.));
#8322 = VECTOR('',#8323,1.);
#8323 = DIRECTION('',(0.,-1.));
#8324 = ( GEOMETRIC_REPRESENTATION_CONTEXT(2) 
PARAMETRIC_REPRESENTATION_CONTEXT() REPRESENTATION_CONTEXT('2D SPACE',''
  ) );
#8325 = ORIENTED_EDGE('',*,*,#990,.F.);
#8326 = ADVANCED_FACE('',(#8327),#3050,.F.);
#8327 = FACE_BOUND('',#8328,.F.);
#8328 = EDGE_LOOP('',(#8329,#8350,#8351,#8352));
#8329 = ORIENTED_EDGE('',*,*,#8330,.T.);
#8330 = EDGE_CURVE('',#3007,#6161,#8331,.T.);
#8331 = SURFACE_CURVE('',#8332,(#8336,#8343),.PCURVE_S1.);
#8332 = LINE('',#8333,#8334);
#8333 = CARTESIAN_POINT('',(8.779064490726,-44.13533761814,0.));
#8334 = VECTOR('',#8335,1.);
#8335 = DIRECTION('',(0.,0.,1.));
#8336 = PCURVE('',#3050,#8337);
#8337 = DEFINITIONAL_REPRESENTATION('',(#8338),#8342);
#8338 = LINE('',#8339,#8340);
#8339 = CARTESIAN_POINT('',(0.,0.));
#8340 = VECTOR('',#8341,1.);
#8341 = DIRECTION('',(0.,-1.));
#8342 = ( GEOMETRIC_REPRESENTATION_CONTEXT(2) 
PARAMETRIC_REPRESENTATION_CONTEXT() REPRESENTATION_CONTEXT('2D SPACE',''
  ) );
#8343 = PCURVE('',#3022,#8344);
#8344 = DEFINITIONAL_REPRESENTATION('',(#8345),#8349);
#8345 = LINE('',#8346,#8347);
#8346 = CARTESIAN_POINT('',(2.208710567062,0.));
#8347 = VECTOR('',#8348,1.);
#8348 = DIRECTION('',(0.,-1.));
#8349 = ( GEOMETRIC_REPRESENTATION_CONTEXT(2) 
PARAMETRIC_REPRESENTATION_CONTEXT() REPRESENTATION_CONTEXT('2D SPACE',''
  ) );
#8350 = ORIENTED_EDGE('',*,*,#6183,.T.);
#8351 = ORIENTED_EDGE('',*,*,#8276,.F.);
#8352 = ORIENTED_EDGE('',*,*,#3034,.F.);
#8353 = ADVANCED_FACE('',(#8354),#1034,.F.);
#8354 = FACE_BOUND('',#8355,.F.);
#8355 = EDGE_LOOP('',(#8356,#8357,#8358,#8379));
#8356 = ORIENTED_EDGE('',*,*,#8305,.T.);
#8357 = ORIENTED_EDGE('',*,*,#4527,.T.);
#8358 = ORIENTED_EDGE('',*,*,#8359,.F.);
#8359 = EDGE_CURVE('',#1019,#4528,#8360,.T.);
#8360 = SURFACE_CURVE('',#8361,(#8365,#8372),.PCURVE_S1.);
#8361 = LINE('',#8362,#8363);
#8362 = CARTESIAN_POINT('',(6.602871350491,44.512942948415,0.));
#8363 = VECTOR('',#8364,1.);
#8364 = DIRECTION('',(0.,0.,1.));
#8365 = PCURVE('',#1034,#8366);
#8366 = DEFINITIONAL_REPRESENTATION('',(#8367),#8371);
#8367 = LINE('',#8368,#8369);
#8368 = CARTESIAN_POINT('',(2.208710567062,0.));
#8369 = VECTOR('',#8370,1.);
#8370 = DIRECTION('',(0.,-1.));
#8371 = ( GEOMETRIC_REPRESENTATION_CONTEXT(2) 
PARAMETRIC_REPRESENTATION_CONTEXT() REPRESENTATION_CONTEXT('2D SPACE',''
  ) );
#8372 = PCURVE('',#1062,#8373);
#8373 = DEFINITIONAL_REPRESENTATION('',(#8374),#8378);
#8374 = LINE('',#8375,#8376);
#8375 = CARTESIAN_POINT('',(0.,0.));
#8376 = VECTOR('',#8377,1.);
#8377 = DIRECTION('',(0.,-1.));
#8378 = ( GEOMETRIC_REPRESENTATION_CONTEXT(2) 
PARAMETRIC_REPRESENTATION_CONTEXT() REPRESENTATION_CONTEXT('2D SPACE',''
  ) );
#8379 = ORIENTED_EDGE('',*,*,#1018,.F.);
#8380 = ADVANCED_FACE('',(#8381),#3022,.F.);
#8381 = FACE_BOUND('',#8382,.F.);
#8382 = EDGE_LOOP('',(#8383,#8404,#8405,#8406));
#8383 = ORIENTED_EDGE('',*,*,#8384,.T.);
#8384 = EDGE_CURVE('',#2979,#6138,#8385,.T.);
#8385 = SURFACE_CURVE('',#8386,(#8390,#8397),.PCURVE_S1.);
#8386 = LINE('',#8387,#8388);
#8387 = CARTESIAN_POINT('',(6.602871350491,-44.51294294841,0.));
#8388 = VECTOR('',#8389,1.);
#8389 = DIRECTION('',(0.,0.,1.));
#8390 = PCURVE('',#3022,#8391);
#8391 = DEFINITIONAL_REPRESENTATION('',(#8392),#8396);
#8392 = LINE('',#8393,#8394);
#8393 = CARTESIAN_POINT('',(0.,0.));
#8394 = VECTOR('',#8395,1.);
#8395 = DIRECTION('',(0.,-1.));
#8396 = ( GEOMETRIC_REPRESENTATION_CONTEXT(2) 
PARAMETRIC_REPRESENTATION_CONTEXT() REPRESENTATION_CONTEXT('2D SPACE',''
  ) );
#8397 = PCURVE('',#2994,#8398);
#8398 = DEFINITIONAL_REPRESENTATION('',(#8399),#8403);
#8399 = LINE('',#8400,#8401);
#8400 = CARTESIAN_POINT('',(2.208710567062,0.));
#8401 = VECTOR('',#8402,1.);
#8402 = DIRECTION('',(0.,-1.));
#8403 = ( GEOMETRIC_REPRESENTATION_CONTEXT(2) 
PARAMETRIC_REPRESENTATION_CONTEXT() REPRESENTATION_CONTEXT('2D SPACE',''
  ) );
#8404 = ORIENTED_EDGE('',*,*,#6160,.T.);
#8405 = ORIENTED_EDGE('',*,*,#8330,.F.);
#8406 = ORIENTED_EDGE('',*,*,#3006,.F.);
#8407 = ADVANCED_FACE('',(#8408),#1062,.F.);
#8408 = FACE_BOUND('',#8409,.F.);
#8409 = EDGE_LOOP('',(#8410,#8411,#8412,#8433));
#8410 = ORIENTED_EDGE('',*,*,#8359,.T.);
#8411 = ORIENTED_EDGE('',*,*,#4550,.T.);
#8412 = ORIENTED_EDGE('',*,*,#8413,.F.);
#8413 = EDGE_CURVE('',#1047,#4551,#8414,.T.);
#8414 = SURFACE_CURVE('',#8415,(#8419,#8426),.PCURVE_S1.);
#8415 = LINE('',#8416,#8417);
#8416 = CARTESIAN_POINT('',(4.41077131483,44.783312700249,0.));
#8417 = VECTOR('',#8418,1.);
#8418 = DIRECTION('',(0.,0.,1.));
#8419 = PCURVE('',#1062,#8420);
#8420 = DEFINITIONAL_REPRESENTATION('',(#8421),#8425);
#8421 = LINE('',#8422,#8423);
#8422 = CARTESIAN_POINT('',(2.208710567062,0.));
#8423 = VECTOR('',#8424,1.);
#8424 = DIRECTION('',(0.,-1.));
#8425 = ( GEOMETRIC_REPRESENTATION_CONTEXT(2) 
PARAMETRIC_REPRESENTATION_CONTEXT() REPRESENTATION_CONTEXT('2D SPACE',''
  ) );
#8426 = PCURVE('',#1090,#8427);
#8427 = DEFINITIONAL_REPRESENTATION('',(#8428),#8432);
#8428 = LINE('',#8429,#8430);
#8429 = CARTESIAN_POINT('',(0.,0.));
#8430 = VECTOR('',#8431,1.);
#8431 = DIRECTION('',(0.,-1.));
#8432 = ( GEOMETRIC_REPRESENTATION_CONTEXT(2) 
PARAMETRIC_REPRESENTATION_CONTEXT() REPRESENTATION_CONTEXT('2D SPACE',''
  ) );
#8433 = ORIENTED_EDGE('',*,*,#1046,.F.);
#8434 = ADVANCED_FACE('',(#8435),#2994,.F.);
#8435 = FACE_BOUND('',#8436,.F.);
#8436 = EDGE_LOOP('',(#8437,#8458,#8459,#8460));
#8437 = ORIENTED_EDGE('',*,*,#8438,.T.);
#8438 = EDGE_CURVE('',#2951,#6115,#8439,.T.);
#8439 = SURFACE_CURVE('',#8440,(#8444,#8451),.PCURVE_S1.);
#8440 = LINE('',#8441,#8442);
#8441 = CARTESIAN_POINT('',(4.41077131483,-44.78331270024,0.));
#8442 = VECTOR('',#8443,1.);
#8443 = DIRECTION('',(0.,0.,1.));
#8444 = PCURVE('',#2994,#8445);
#8445 = DEFINITIONAL_REPRESENTATION('',(#8446),#8450);
#8446 = LINE('',#8447,#8448);
#8447 = CARTESIAN_POINT('',(0.,0.));
#8448 = VECTOR('',#8449,1.);
#8449 = DIRECTION('',(0.,-1.));
#8450 = ( GEOMETRIC_REPRESENTATION_CONTEXT(2) 
PARAMETRIC_REPRESENTATION_CONTEXT() REPRESENTATION_CONTEXT('2D SPACE',''
  ) );
#8451 = PCURVE('',#2966,#8452);
#8452 = DEFINITIONAL_REPRESENTATION('',(#8453),#8457);
#8453 = LINE('',#8454,#8455);
#8454 = CARTESIAN_POINT('',(2.208710567062,0.));
#8455 = VECTOR('',#8456,1.);
#8456 = DIRECTION('',(0.,-1.));
#8457 = ( GEOMETRIC_REPRESENTATION_CONTEXT(2) 
PARAMETRIC_REPRESENTATION_CONTEXT() REPRESENTATION_CONTEXT('2D SPACE',''
  ) );
#8458 = ORIENTED_EDGE('',*,*,#6137,.T.);
#8459 = ORIENTED_EDGE('',*,*,#8384,.F.);
#8460 = ORIENTED_EDGE('',*,*,#2978,.F.);
#8461 = ADVANCED_FACE('',(#8462),#1090,.F.);
#8462 = FACE_BOUND('',#8463,.F.);
#8463 = EDGE_LOOP('',(#8464,#8465,#8466,#8487));
#8464 = ORIENTED_EDGE('',*,*,#8413,.T.);
#8465 = ORIENTED_EDGE('',*,*,#4573,.T.);
#8466 = ORIENTED_EDGE('',*,*,#8467,.F.);
#8467 = EDGE_CURVE('',#1075,#4574,#8468,.T.);
#8468 = SURFACE_CURVE('',#8469,(#8473,#8480),.PCURVE_S1.);
#8469 = LINE('',#8470,#8471);
#8470 = CARTESIAN_POINT('',(2.208045344734,44.945795529233,0.));
#8471 = VECTOR('',#8472,1.);
#8472 = DIRECTION('',(0.,0.,1.));
#8473 = PCURVE('',#1090,#8474);
#8474 = DEFINITIONAL_REPRESENTATION('',(#8475),#8479);
#8475 = LINE('',#8476,#8477);
#8476 = CARTESIAN_POINT('',(2.208710567062,0.));
#8477 = VECTOR('',#8478,1.);
#8478 = DIRECTION('',(0.,-1.));
#8479 = ( GEOMETRIC_REPRESENTATION_CONTEXT(2) 
PARAMETRIC_REPRESENTATION_CONTEXT() REPRESENTATION_CONTEXT('2D SPACE',''
  ) );
#8480 = PCURVE('',#1118,#8481);
#8481 = DEFINITIONAL_REPRESENTATION('',(#8482),#8486);
#8482 = LINE('',#8483,#8484);
#8483 = CARTESIAN_POINT('',(0.,0.));
#8484 = VECTOR('',#8485,1.);
#8485 = DIRECTION('',(0.,-1.));
#8486 = ( GEOMETRIC_REPRESENTATION_CONTEXT(2) 
PARAMETRIC_REPRESENTATION_CONTEXT() REPRESENTATION_CONTEXT('2D SPACE',''
  ) );
#8487 = ORIENTED_EDGE('',*,*,#1074,.F.);
#8488 = ADVANCED_FACE('',(#8489),#2966,.F.);
#8489 = FACE_BOUND('',#8490,.F.);
#8490 = EDGE_LOOP('',(#8491,#8512,#8513,#8514));
#8491 = ORIENTED_EDGE('',*,*,#8492,.T.);
#8492 = EDGE_CURVE('',#2923,#6092,#8493,.T.);
#8493 = SURFACE_CURVE('',#8494,(#8498,#8505),.PCURVE_S1.);
#8494 = LINE('',#8495,#8496);
#8495 = CARTESIAN_POINT('',(2.208045344734,-44.94579552923,0.));
#8496 = VECTOR('',#8497,1.);
#8497 = DIRECTION('',(0.,0.,1.));
#8498 = PCURVE('',#2966,#8499);
#8499 = DEFINITIONAL_REPRESENTATION('',(#8500),#8504);
#8500 = LINE('',#8501,#8502);
#8501 = CARTESIAN_POINT('',(0.,0.));
#8502 = VECTOR('',#8503,1.);
#8503 = DIRECTION('',(0.,-1.));
#8504 = ( GEOMETRIC_REPRESENTATION_CONTEXT(2) 
PARAMETRIC_REPRESENTATION_CONTEXT() REPRESENTATION_CONTEXT('2D SPACE',''
  ) );
#8505 = PCURVE('',#2938,#8506);
#8506 = DEFINITIONAL_REPRESENTATION('',(#8507),#8511);
#8507 = LINE('',#8508,#8509);
#8508 = CARTESIAN_POINT('',(2.208710567062,0.));
#8509 = VECTOR('',#8510,1.);
#8510 = DIRECTION('',(0.,-1.));
#8511 = ( GEOMETRIC_REPRESENTATION_CONTEXT(2) 
PARAMETRIC_REPRESENTATION_CONTEXT() REPRESENTATION_CONTEXT('2D SPACE',''
  ) );
#8512 = ORIENTED_EDGE('',*,*,#6114,.T.);
#8513 = ORIENTED_EDGE('',*,*,#8438,.F.);
#8514 = ORIENTED_EDGE('',*,*,#2950,.F.);
#8515 = ADVANCED_FACE('',(#8516),#1118,.F.);
#8516 = FACE_BOUND('',#8517,.F.);
#8517 = EDGE_LOOP('',(#8518,#8519,#8520,#8541));
#8518 = ORIENTED_EDGE('',*,*,#8467,.T.);
#8519 = ORIENTED_EDGE('',*,*,#4596,.T.);
#8520 = ORIENTED_EDGE('',*,*,#8521,.F.);
#8521 = EDGE_CURVE('',#1103,#4597,#8522,.T.);
#8522 = SURFACE_CURVE('',#8523,(#8527,#8534),.PCURVE_S1.);
#8523 = LINE('',#8524,#8525);
#8524 = CARTESIAN_POINT('',(2.755455298082E-15,45.,0.));
#8525 = VECTOR('',#8526,1.);
#8526 = DIRECTION('',(0.,0.,1.));
#8527 = PCURVE('',#1118,#8528);
#8528 = DEFINITIONAL_REPRESENTATION('',(#8529),#8533);
#8529 = LINE('',#8530,#8531);
#8530 = CARTESIAN_POINT('',(2.208710567062,0.));
#8531 = VECTOR('',#8532,1.);
#8532 = DIRECTION('',(0.,-1.));
#8533 = ( GEOMETRIC_REPRESENTATION_CONTEXT(2) 
PARAMETRIC_REPRESENTATION_CONTEXT() REPRESENTATION_CONTEXT('2D SPACE',''
  ) );
#8534 = PCURVE('',#1146,#8535);
#8535 = DEFINITIONAL_REPRESENTATION('',(#8536),#8540);
#8536 = LINE('',#8537,#8538);
#8537 = CARTESIAN_POINT('',(0.,0.));
#8538 = VECTOR('',#8539,1.);
#8539 = DIRECTION('',(0.,-1.));
#8540 = ( GEOMETRIC_REPRESENTATION_CONTEXT(2) 
PARAMETRIC_REPRESENTATION_CONTEXT() REPRESENTATION_CONTEXT('2D SPACE',''
  ) );
#8541 = ORIENTED_EDGE('',*,*,#1102,.F.);
#8542 = ADVANCED_FACE('',(#8543),#2938,.F.);
#8543 = FACE_BOUND('',#8544,.F.);
#8544 = EDGE_LOOP('',(#8545,#8566,#8567,#8568));
#8545 = ORIENTED_EDGE('',*,*,#8546,.T.);
#8546 = EDGE_CURVE('',#2895,#6069,#8547,.T.);
#8547 = SURFACE_CURVE('',#8548,(#8552,#8559),.PCURVE_S1.);
#8548 = LINE('',#8549,#8550);
#8549 = CARTESIAN_POINT('',(-8.266365894245E-15,-45.,0.));
#8550 = VECTOR('',#8551,1.);
#8551 = DIRECTION('',(0.,0.,1.));
#8552 = PCURVE('',#2938,#8553);
#8553 = DEFINITIONAL_REPRESENTATION('',(#8554),#8558);
#8554 = LINE('',#8555,#8556);
#8555 = CARTESIAN_POINT('',(0.,0.));
#8556 = VECTOR('',#8557,1.);
#8557 = DIRECTION('',(0.,-1.));
#8558 = ( GEOMETRIC_REPRESENTATION_CONTEXT(2) 
PARAMETRIC_REPRESENTATION_CONTEXT() REPRESENTATION_CONTEXT('2D SPACE',''
  ) );
#8559 = PCURVE('',#2910,#8560);
#8560 = DEFINITIONAL_REPRESENTATION('',(#8561),#8565);
#8561 = LINE('',#8562,#8563);
#8562 = CARTESIAN_POINT('',(2.208710567062,0.));
#8563 = VECTOR('',#8564,1.);
#8564 = DIRECTION('',(0.,-1.));
#8565 = ( GEOMETRIC_REPRESENTATION_CONTEXT(2) 
PARAMETRIC_REPRESENTATION_CONTEXT() REPRESENTATION_CONTEXT('2D SPACE',''
  ) );
#8566 = ORIENTED_EDGE('',*,*,#6091,.T.);
#8567 = ORIENTED_EDGE('',*,*,#8492,.F.);
#8568 = ORIENTED_EDGE('',*,*,#2922,.F.);
#8569 = ADVANCED_FACE('',(#8570),#1146,.F.);
#8570 = FACE_BOUND('',#8571,.F.);
#8571 = EDGE_LOOP('',(#8572,#8573,#8574,#8595));
#8572 = ORIENTED_EDGE('',*,*,#8521,.T.);
#8573 = ORIENTED_EDGE('',*,*,#4619,.T.);
#8574 = ORIENTED_EDGE('',*,*,#8575,.F.);
#8575 = EDGE_CURVE('',#1131,#4620,#8576,.T.);
#8576 = SURFACE_CURVE('',#8577,(#8581,#8588),.PCURVE_S1.);
#8577 = LINE('',#8578,#8579);
#8578 = CARTESIAN_POINT('',(-2.208045344734,44.945795529233,0.));
#8579 = VECTOR('',#8580,1.);
#8580 = DIRECTION('',(0.,0.,1.));
#8581 = PCURVE('',#1146,#8582);
#8582 = DEFINITIONAL_REPRESENTATION('',(#8583),#8587);
#8583 = LINE('',#8584,#8585);
#8584 = CARTESIAN_POINT('',(2.208710567062,0.));
#8585 = VECTOR('',#8586,1.);
#8586 = DIRECTION('',(0.,-1.));
#8587 = ( GEOMETRIC_REPRESENTATION_CONTEXT(2) 
PARAMETRIC_REPRESENTATION_CONTEXT() REPRESENTATION_CONTEXT('2D SPACE',''
  ) );
#8588 = PCURVE('',#1174,#8589);
#8589 = DEFINITIONAL_REPRESENTATION('',(#8590),#8594);
#8590 = LINE('',#8591,#8592);
#8591 = CARTESIAN_POINT('',(0.,0.));
#8592 = VECTOR('',#8593,1.);
#8593 = DIRECTION('',(0.,-1.));
#8594 = ( GEOMETRIC_REPRESENTATION_CONTEXT(2) 
PARAMETRIC_REPRESENTATION_CONTEXT() REPRESENTATION_CONTEXT('2D SPACE',''
  ) );
#8595 = ORIENTED_EDGE('',*,*,#1130,.F.);
#8596 = ADVANCED_FACE('',(#8597),#2910,.F.);
#8597 = FACE_BOUND('',#8598,.F.);
#8598 = EDGE_LOOP('',(#8599,#8620,#8621,#8622));
#8599 = ORIENTED_EDGE('',*,*,#8600,.T.);
#8600 = EDGE_CURVE('',#2867,#6046,#8601,.T.);
#8601 = SURFACE_CURVE('',#8602,(#8606,#8613),.PCURVE_S1.);
#8602 = LINE('',#8603,#8604);
#8603 = CARTESIAN_POINT('',(-2.208045344734,-44.94579552923,0.));
#8604 = VECTOR('',#8605,1.);
#8605 = DIRECTION('',(0.,0.,1.));
#8606 = PCURVE('',#2910,#8607);
#8607 = DEFINITIONAL_REPRESENTATION('',(#8608),#8612);
#8608 = LINE('',#8609,#8610);
#8609 = CARTESIAN_POINT('',(0.,0.));
#8610 = VECTOR('',#8611,1.);
#8611 = DIRECTION('',(0.,-1.));
#8612 = ( GEOMETRIC_REPRESENTATION_CONTEXT(2) 
PARAMETRIC_REPRESENTATION_CONTEXT() REPRESENTATION_CONTEXT('2D SPACE',''
  ) );
#8613 = PCURVE('',#2882,#8614);
#8614 = DEFINITIONAL_REPRESENTATION('',(#8615),#8619);
#8615 = LINE('',#8616,#8617);
#8616 = CARTESIAN_POINT('',(2.208710567062,0.));
#8617 = VECTOR('',#8618,1.);
#8618 = DIRECTION('',(0.,-1.));
#8619 = ( GEOMETRIC_REPRESENTATION_CONTEXT(2) 
PARAMETRIC_REPRESENTATION_CONTEXT() REPRESENTATION_CONTEXT('2D SPACE',''
  ) );
#8620 = ORIENTED_EDGE('',*,*,#6068,.T.);
#8621 = ORIENTED_EDGE('',*,*,#8546,.F.);
#8622 = ORIENTED_EDGE('',*,*,#2894,.F.);
#8623 = ADVANCED_FACE('',(#8624),#1174,.F.);
#8624 = FACE_BOUND('',#8625,.F.);
#8625 = EDGE_LOOP('',(#8626,#8627,#8628,#8649));
#8626 = ORIENTED_EDGE('',*,*,#8575,.T.);
#8627 = ORIENTED_EDGE('',*,*,#4642,.T.);
#8628 = ORIENTED_EDGE('',*,*,#8629,.F.);
#8629 = EDGE_CURVE('',#1159,#4643,#8630,.T.);
#8630 = SURFACE_CURVE('',#8631,(#8635,#8642),.PCURVE_S1.);
#8631 = LINE('',#8632,#8633);
#8632 = CARTESIAN_POINT('',(-4.41077131483,44.783312700249,0.));
#8633 = VECTOR('',#8634,1.);
#8634 = DIRECTION('',(0.,0.,1.));
#8635 = PCURVE('',#1174,#8636);
#8636 = DEFINITIONAL_REPRESENTATION('',(#8637),#8641);
#8637 = LINE('',#8638,#8639);
#8638 = CARTESIAN_POINT('',(2.208710567062,0.));
#8639 = VECTOR('',#8640,1.);
#8640 = DIRECTION('',(0.,-1.));
#8641 = ( GEOMETRIC_REPRESENTATION_CONTEXT(2) 
PARAMETRIC_REPRESENTATION_CONTEXT() REPRESENTATION_CONTEXT('2D SPACE',''
  ) );
#8642 = PCURVE('',#1202,#8643);
#8643 = DEFINITIONAL_REPRESENTATION('',(#8644),#8648);
#8644 = LINE('',#8645,#8646);
#8645 = CARTESIAN_POINT('',(0.,0.));
#8646 = VECTOR('',#8647,1.);
#8647 = DIRECTION('',(0.,-1.));
#8648 = ( GEOMETRIC_REPRESENTATION_CONTEXT(2) 
PARAMETRIC_REPRESENTATION_CONTEXT() REPRESENTATION_CONTEXT('2D SPACE',''
  ) );
#8649 = ORIENTED_EDGE('',*,*,#1158,.F.);
#8650 = ADVANCED_FACE('',(#8651),#2882,.F.);
#8651 = FACE_BOUND('',#8652,.F.);
#8652 = EDGE_LOOP('',(#8653,#8674,#8675,#8676));
#8653 = ORIENTED_EDGE('',*,*,#8654,.T.);
#8654 = EDGE_CURVE('',#2839,#6023,#8655,.T.);
#8655 = SURFACE_CURVE('',#8656,(#8660,#8667),.PCURVE_S1.);
#8656 = LINE('',#8657,#8658);
#8657 = CARTESIAN_POINT('',(-4.41077131483,-44.78331270024,0.));
#8658 = VECTOR('',#8659,1.);
#8659 = DIRECTION('',(0.,0.,1.));
#8660 = PCURVE('',#2882,#8661);
#8661 = DEFINITIONAL_REPRESENTATION('',(#8662),#8666);
#8662 = LINE('',#8663,#8664);
#8663 = CARTESIAN_POINT('',(0.,0.));
#8664 = VECTOR('',#8665,1.);
#8665 = DIRECTION('',(0.,-1.));
#8666 = ( GEOMETRIC_REPRESENTATION_CONTEXT(2) 
PARAMETRIC_REPRESENTATION_CONTEXT() REPRESENTATION_CONTEXT('2D SPACE',''
  ) );
#8667 = PCURVE('',#2854,#8668);
#8668 = DEFINITIONAL_REPRESENTATION('',(#8669),#8673);
#8669 = LINE('',#8670,#8671);
#8670 = CARTESIAN_POINT('',(2.208710567062,0.));
#8671 = VECTOR('',#8672,1.);
#8672 = DIRECTION('',(0.,-1.));
#8673 = ( GEOMETRIC_REPRESENTATION_CONTEXT(2) 
PARAMETRIC_REPRESENTATION_CONTEXT() REPRESENTATION_CONTEXT('2D SPACE',''
  ) );
#8674 = ORIENTED_EDGE('',*,*,#6045,.T.);
#8675 = ORIENTED_EDGE('',*,*,#8600,.F.);
#8676 = ORIENTED_EDGE('',*,*,#2866,.F.);
#8677 = ADVANCED_FACE('',(#8678),#1202,.F.);
#8678 = FACE_BOUND('',#8679,.F.);
#8679 = EDGE_LOOP('',(#8680,#8681,#8682,#8703));
#8680 = ORIENTED_EDGE('',*,*,#8629,.T.);
#8681 = ORIENTED_EDGE('',*,*,#4665,.T.);
#8682 = ORIENTED_EDGE('',*,*,#8683,.F.);
#8683 = EDGE_CURVE('',#1187,#4666,#8684,.T.);
#8684 = SURFACE_CURVE('',#8685,(#8689,#8696),.PCURVE_S1.);
#8685 = LINE('',#8686,#8687);
#8686 = CARTESIAN_POINT('',(-6.602871350491,44.512942948415,0.));
#8687 = VECTOR('',#8688,1.);
#8688 = DIRECTION('',(0.,0.,1.));
#8689 = PCURVE('',#1202,#8690);
#8690 = DEFINITIONAL_REPRESENTATION('',(#8691),#8695);
#8691 = LINE('',#8692,#8693);
#8692 = CARTESIAN_POINT('',(2.208710567062,0.));
#8693 = VECTOR('',#8694,1.);
#8694 = DIRECTION('',(0.,-1.));
#8695 = ( GEOMETRIC_REPRESENTATION_CONTEXT(2) 
PARAMETRIC_REPRESENTATION_CONTEXT() REPRESENTATION_CONTEXT('2D SPACE',''
  ) );
#8696 = PCURVE('',#1230,#8697);
#8697 = DEFINITIONAL_REPRESENTATION('',(#8698),#8702);
#8698 = LINE('',#8699,#8700);
#8699 = CARTESIAN_POINT('',(0.,0.));
#8700 = VECTOR('',#8701,1.);
#8701 = DIRECTION('',(0.,-1.));
#8702 = ( GEOMETRIC_REPRESENTATION_CONTEXT(2) 
PARAMETRIC_REPRESENTATION_CONTEXT() REPRESENTATION_CONTEXT('2D SPACE',''
  ) );
#8703 = ORIENTED_EDGE('',*,*,#1186,.F.);
#8704 = ADVANCED_FACE('',(#8705),#2854,.F.);
#8705 = FACE_BOUND('',#8706,.F.);
#8706 = EDGE_LOOP('',(#8707,#8728,#8729,#8730));
#8707 = ORIENTED_EDGE('',*,*,#8708,.T.);
#8708 = EDGE_CURVE('',#2811,#6000,#8709,.T.);
#8709 = SURFACE_CURVE('',#8710,(#8714,#8721),.PCURVE_S1.);
#8710 = LINE('',#8711,#8712);
#8711 = CARTESIAN_POINT('',(-6.602871350491,-44.51294294841,0.));
#8712 = VECTOR('',#8713,1.);
#8713 = DIRECTION('',(0.,0.,1.));
#8714 = PCURVE('',#2854,#8715);
#8715 = DEFINITIONAL_REPRESENTATION('',(#8716),#8720);
#8716 = LINE('',#8717,#8718);
#8717 = CARTESIAN_POINT('',(0.,0.));
#8718 = VECTOR('',#8719,1.);
#8719 = DIRECTION('',(0.,-1.));
#8720 = ( GEOMETRIC_REPRESENTATION_CONTEXT(2) 
PARAMETRIC_REPRESENTATION_CONTEXT() REPRESENTATION_CONTEXT('2D SPACE',''
  ) );
#8721 = PCURVE('',#2826,#8722);
#8722 = DEFINITIONAL_REPRESENTATION('',(#8723),#8727);
#8723 = LINE('',#8724,#8725);
#8724 = CARTESIAN_POINT('',(2.208710567062,0.));
#8725 = VECTOR('',#8726,1.);
#8726 = DIRECTION('',(0.,-1.));
#8727 = ( GEOMETRIC_REPRESENTATION_CONTEXT(2) 
PARAMETRIC_REPRESENTATION_CONTEXT() REPRESENTATION_CONTEXT('2D SPACE',''
  ) );
#8728 = ORIENTED_EDGE('',*,*,#6022,.T.);
#8729 = ORIENTED_EDGE('',*,*,#8654,.F.);
#8730 = ORIENTED_EDGE('',*,*,#2838,.F.);
#8731 = ADVANCED_FACE('',(#8732),#1230,.F.);
#8732 = FACE_BOUND('',#8733,.F.);
#8733 = EDGE_LOOP('',(#8734,#8735,#8736,#8757));
#8734 = ORIENTED_EDGE('',*,*,#8683,.T.);
#8735 = ORIENTED_EDGE('',*,*,#4688,.T.);
#8736 = ORIENTED_EDGE('',*,*,#8737,.F.);
#8737 = EDGE_CURVE('',#1215,#4689,#8738,.T.);
#8738 = SURFACE_CURVE('',#8739,(#8743,#8750),.PCURVE_S1.);
#8739 = LINE('',#8740,#8741);
#8740 = CARTESIAN_POINT('',(-8.779064490726,44.135337618145,0.));
#8741 = VECTOR('',#8742,1.);
#8742 = DIRECTION('',(0.,0.,1.));
#8743 = PCURVE('',#1230,#8744);
#8744 = DEFINITIONAL_REPRESENTATION('',(#8745),#8749);
#8745 = LINE('',#8746,#8747);
#8746 = CARTESIAN_POINT('',(2.208710567062,0.));
#8747 = VECTOR('',#8748,1.);
#8748 = DIRECTION('',(0.,-1.));
#8749 = ( GEOMETRIC_REPRESENTATION_CONTEXT(2) 
PARAMETRIC_REPRESENTATION_CONTEXT() REPRESENTATION_CONTEXT('2D SPACE',''
  ) );
#8750 = PCURVE('',#1258,#8751);
#8751 = DEFINITIONAL_REPRESENTATION('',(#8752),#8756);
#8752 = LINE('',#8753,#8754);
#8753 = CARTESIAN_POINT('',(0.,0.));
#8754 = VECTOR('',#8755,1.);
#8755 = DIRECTION('',(0.,-1.));
#8756 = ( GEOMETRIC_REPRESENTATION_CONTEXT(2) 
PARAMETRIC_REPRESENTATION_CONTEXT() REPRESENTATION_CONTEXT('2D SPACE',''
  ) );
#8757 = ORIENTED_EDGE('',*,*,#1214,.F.);
#8758 = ADVANCED_FACE('',(#8759),#2826,.F.);
#8759 = FACE_BOUND('',#8760,.F.);
#8760 = EDGE_LOOP('',(#8761,#8782,#8783,#8784));
#8761 = ORIENTED_EDGE('',*,*,#8762,.T.);
#8762 = EDGE_CURVE('',#2783,#5977,#8763,.T.);
#8763 = SURFACE_CURVE('',#8764,(#8768,#8775),.PCURVE_S1.);
#8764 = LINE('',#8765,#8766);
#8765 = CARTESIAN_POINT('',(-8.779064490726,-44.13533761814,0.));
#8766 = VECTOR('',#8767,1.);
#8767 = DIRECTION('',(0.,0.,1.));
#8768 = PCURVE('',#2826,#8769);
#8769 = DEFINITIONAL_REPRESENTATION('',(#8770),#8774);
#8770 = LINE('',#8771,#8772);
#8771 = CARTESIAN_POINT('',(0.,0.));
#8772 = VECTOR('',#8773,1.);
#8773 = DIRECTION('',(0.,-1.));
#8774 = ( GEOMETRIC_REPRESENTATION_CONTEXT(2) 
PARAMETRIC_REPRESENTATION_CONTEXT() REPRESENTATION_CONTEXT('2D SPACE',''
  ) );
#8775 = PCURVE('',#2798,#8776);
#8776 = DEFINITIONAL_REPRESENTATION('',(#8777),#8781);
#8777 = LINE('',#8778,#8779);
#8778 = CARTESIAN_POINT('',(2.208710567062,0.));
#8779 = VECTOR('',#8780,1.);
#8780 = DIRECTION('',(0.,-1.));
#8781 = ( GEOMETRIC_REPRESENTATION_CONTEXT(2) 
PARAMETRIC_REPRESENTATION_CONTEXT() REPRESENTATION_CONTEXT('2D SPACE',''
  ) );
#8782 = ORIENTED_EDGE('',*,*,#5999,.T.);
#8783 = ORIENTED_EDGE('',*,*,#8708,.F.);
#8784 = ORIENTED_EDGE('',*,*,#2810,.F.);
#8785 = ADVANCED_FACE('',(#8786),#1258,.F.);
#8786 = FACE_BOUND('',#8787,.F.);
#8787 = EDGE_LOOP('',(#8788,#8789,#8790,#8811));
#8788 = ORIENTED_EDGE('',*,*,#8737,.T.);
#8789 = ORIENTED_EDGE('',*,*,#4711,.T.);
#8790 = ORIENTED_EDGE('',*,*,#8791,.F.);
#8791 = EDGE_CURVE('',#1243,#4712,#8792,.T.);
#8792 = SURFACE_CURVE('',#8793,(#8797,#8804),.PCURVE_S1.);
#8793 = LINE('',#8794,#8795);
#8794 = CARTESIAN_POINT('',(-10.93410809564,43.651406393754,0.));
#8795 = VECTOR('',#8796,1.);
#8796 = DIRECTION('',(0.,0.,1.));
#8797 = PCURVE('',#1258,#8798);
#8798 = DEFINITIONAL_REPRESENTATION('',(#8799),#8803);
#8799 = LINE('',#8800,#8801);
#8800 = CARTESIAN_POINT('',(2.208710567062,0.));
#8801 = VECTOR('',#8802,1.);
#8802 = DIRECTION('',(0.,-1.));
#8803 = ( GEOMETRIC_REPRESENTATION_CONTEXT(2) 
PARAMETRIC_REPRESENTATION_CONTEXT() REPRESENTATION_CONTEXT('2D SPACE',''
  ) );
#8804 = PCURVE('',#1286,#8805);
#8805 = DEFINITIONAL_REPRESENTATION('',(#8806),#8810);
#8806 = LINE('',#8807,#8808);
#8807 = CARTESIAN_POINT('',(0.,0.));
#8808 = VECTOR('',#8809,1.);
#8809 = DIRECTION('',(0.,-1.));
#8810 = ( GEOMETRIC_REPRESENTATION_CONTEXT(2) 
PARAMETRIC_REPRESENTATION_CONTEXT() REPRESENTATION_CONTEXT('2D SPACE',''
  ) );
#8811 = ORIENTED_EDGE('',*,*,#1242,.F.);
#8812 = ADVANCED_FACE('',(#8813),#2798,.F.);
#8813 = FACE_BOUND('',#8814,.F.);
#8814 = EDGE_LOOP('',(#8815,#8836,#8837,#8838));
#8815 = ORIENTED_EDGE('',*,*,#8816,.T.);
#8816 = EDGE_CURVE('',#2755,#5954,#8817,.T.);
#8817 = SURFACE_CURVE('',#8818,(#8822,#8829),.PCURVE_S1.);
#8818 = LINE('',#8819,#8820);
#8819 = CARTESIAN_POINT('',(-10.93410809564,-43.65140639375,0.));
#8820 = VECTOR('',#8821,1.);
#8821 = DIRECTION('',(0.,0.,1.));
#8822 = PCURVE('',#2798,#8823);
#8823 = DEFINITIONAL_REPRESENTATION('',(#8824),#8828);
#8824 = LINE('',#8825,#8826);
#8825 = CARTESIAN_POINT('',(0.,0.));
#8826 = VECTOR('',#8827,1.);
#8827 = DIRECTION('',(0.,-1.));
#8828 = ( GEOMETRIC_REPRESENTATION_CONTEXT(2) 
PARAMETRIC_REPRESENTATION_CONTEXT() REPRESENTATION_CONTEXT('2D SPACE',''
  ) );
#8829 = PCURVE('',#2770,#8830);
#8830 = DEFINITIONAL_REPRESENTATION('',(#8831),#8835);
#8831 = LINE('',#8832,#8833);
#8832 = CARTESIAN_POINT('',(2.208710567062,0.));
#8833 = VECTOR('',#8834,1.);
#8834 = DIRECTION('',(0.,-1.));
#8835 = ( GEOMETRIC_REPRESENTATION_CONTEXT(2) 
PARAMETRIC_REPRESENTATION_CONTEXT() REPRESENTATION_CONTEXT('2D SPACE',''
  ) );
#8836 = ORIENTED_EDGE('',*,*,#5976,.T.);
#8837 = ORIENTED_EDGE('',*,*,#8762,.F.);
#8838 = ORIENTED_EDGE('',*,*,#2782,.F.);
#8839 = ADVANCED_FACE('',(#8840),#1286,.F.);
#8840 = FACE_BOUND('',#8841,.F.);
#8841 = EDGE_LOOP('',(#8842,#8843,#8844,#8865));
#8842 = ORIENTED_EDGE('',*,*,#8791,.T.);
#8843 = ORIENTED_EDGE('',*,*,#4734,.T.);
#8844 = ORIENTED_EDGE('',*,*,#8845,.F.);
#8845 = EDGE_CURVE('',#1271,#4735,#8846,.T.);
#8846 = SURFACE_CURVE('',#8847,(#8851,#8858),.PCURVE_S1.);
#8847 = LINE('',#8848,#8849);
#8848 = CARTESIAN_POINT('',(-13.06281047645,43.062315107949,0.));
#8849 = VECTOR('',#8850,1.);
#8850 = DIRECTION('',(0.,0.,1.));
#8851 = PCURVE('',#1286,#8852);
#8852 = DEFINITIONAL_REPRESENTATION('',(#8853),#8857);
#8853 = LINE('',#8854,#8855);
#8854 = CARTESIAN_POINT('',(2.208710567062,0.));
#8855 = VECTOR('',#8856,1.);
#8856 = DIRECTION('',(0.,-1.));
#8857 = ( GEOMETRIC_REPRESENTATION_CONTEXT(2) 
PARAMETRIC_REPRESENTATION_CONTEXT() REPRESENTATION_CONTEXT('2D SPACE',''
  ) );
#8858 = PCURVE('',#1314,#8859);
#8859 = DEFINITIONAL_REPRESENTATION('',(#8860),#8864);
#8860 = LINE('',#8861,#8862);
#8861 = CARTESIAN_POINT('',(0.,0.));
#8862 = VECTOR('',#8863,1.);
#8863 = DIRECTION('',(0.,-1.));
#8864 = ( GEOMETRIC_REPRESENTATION_CONTEXT(2) 
PARAMETRIC_REPRESENTATION_CONTEXT() REPRESENTATION_CONTEXT('2D SPACE',''
  ) );
#8865 = ORIENTED_EDGE('',*,*,#1270,.F.);
#8866 = ADVANCED_FACE('',(#8867),#2770,.F.);
#8867 = FACE_BOUND('',#8868,.F.);
#8868 = EDGE_LOOP('',(#8869,#8890,#8891,#8892));
#8869 = ORIENTED_EDGE('',*,*,#8870,.T.);
#8870 = EDGE_CURVE('',#2727,#5931,#8871,.T.);
#8871 = SURFACE_CURVE('',#8872,(#8876,#8883),.PCURVE_S1.);
#8872 = LINE('',#8873,#8874);
#8873 = CARTESIAN_POINT('',(-13.06281047645,-43.06231510794,0.));
#8874 = VECTOR('',#8875,1.);
#8875 = DIRECTION('',(0.,0.,1.));
#8876 = PCURVE('',#2770,#8877);
#8877 = DEFINITIONAL_REPRESENTATION('',(#8878),#8882);
#8878 = LINE('',#8879,#8880);
#8879 = CARTESIAN_POINT('',(0.,0.));
#8880 = VECTOR('',#8881,1.);
#8881 = DIRECTION('',(0.,-1.));
#8882 = ( GEOMETRIC_REPRESENTATION_CONTEXT(2) 
PARAMETRIC_REPRESENTATION_CONTEXT() REPRESENTATION_CONTEXT('2D SPACE',''
  ) );
#8883 = PCURVE('',#2742,#8884);
#8884 = DEFINITIONAL_REPRESENTATION('',(#8885),#8889);
#8885 = LINE('',#8886,#8887);
#8886 = CARTESIAN_POINT('',(2.208710567062,0.));
#8887 = VECTOR('',#8888,1.);
#8888 = DIRECTION('',(0.,-1.));
#8889 = ( GEOMETRIC_REPRESENTATION_CONTEXT(2) 
PARAMETRIC_REPRESENTATION_CONTEXT() REPRESENTATION_CONTEXT('2D SPACE',''
  ) );
#8890 = ORIENTED_EDGE('',*,*,#5953,.T.);
#8891 = ORIENTED_EDGE('',*,*,#8816,.F.);
#8892 = ORIENTED_EDGE('',*,*,#2754,.F.);
#8893 = ADVANCED_FACE('',(#8894),#1314,.F.);
#8894 = FACE_BOUND('',#8895,.F.);
#8895 = EDGE_LOOP('',(#8896,#8897,#8898,#8919));
#8896 = ORIENTED_EDGE('',*,*,#8845,.T.);
#8897 = ORIENTED_EDGE('',*,*,#4757,.T.);
#8898 = ORIENTED_EDGE('',*,*,#8899,.F.);
#8899 = EDGE_CURVE('',#1299,#4758,#8900,.T.);
#8900 = SURFACE_CURVE('',#8901,(#8905,#8912),.PCURVE_S1.);
#8901 = LINE('',#8902,#8903);
#8902 = CARTESIAN_POINT('',(-15.16004340265,42.369482933236,0.));
#8903 = VECTOR('',#8904,1.);
#8904 = DIRECTION('',(0.,0.,1.));
#8905 = PCURVE('',#1314,#8906);
#8906 = DEFINITIONAL_REPRESENTATION('',(#8907),#8911);
#8907 = LINE('',#8908,#8909);
#8908 = CARTESIAN_POINT('',(2.208710567062,0.));
#8909 = VECTOR('',#8910,1.);
#8910 = DIRECTION('',(0.,-1.));
#8911 = ( GEOMETRIC_REPRESENTATION_CONTEXT(2) 
PARAMETRIC_REPRESENTATION_CONTEXT() REPRESENTATION_CONTEXT('2D SPACE',''
  ) );
#8912 = PCURVE('',#1342,#8913);
#8913 = DEFINITIONAL_REPRESENTATION('',(#8914),#8918);
#8914 = LINE('',#8915,#8916);
#8915 = CARTESIAN_POINT('',(0.,0.));
#8916 = VECTOR('',#8917,1.);
#8917 = DIRECTION('',(0.,-1.));
#8918 = ( GEOMETRIC_REPRESENTATION_CONTEXT(2) 
PARAMETRIC_REPRESENTATION_CONTEXT() REPRESENTATION_CONTEXT('2D SPACE',''
  ) );
#8919 = ORIENTED_EDGE('',*,*,#1298,.F.);
#8920 = ADVANCED_FACE('',(#8921),#2742,.F.);
#8921 = FACE_BOUND('',#8922,.F.);
#8922 = EDGE_LOOP('',(#8923,#8944,#8945,#8946));
#8923 = ORIENTED_EDGE('',*,*,#8924,.T.);
#8924 = EDGE_CURVE('',#2699,#5908,#8925,.T.);
#8925 = SURFACE_CURVE('',#8926,(#8930,#8937),.PCURVE_S1.);
#8926 = LINE('',#8927,#8928);
#8927 = CARTESIAN_POINT('',(-15.16004340265,-42.36948293323,0.));
#8928 = VECTOR('',#8929,1.);
#8929 = DIRECTION('',(0.,0.,1.));
#8930 = PCURVE('',#2742,#8931);
#8931 = DEFINITIONAL_REPRESENTATION('',(#8932),#8936);
#8932 = LINE('',#8933,#8934);
#8933 = CARTESIAN_POINT('',(0.,0.));
#8934 = VECTOR('',#8935,1.);
#8935 = DIRECTION('',(0.,-1.));
#8936 = ( GEOMETRIC_REPRESENTATION_CONTEXT(2) 
PARAMETRIC_REPRESENTATION_CONTEXT() REPRESENTATION_CONTEXT('2D SPACE',''
  ) );
#8937 = PCURVE('',#2714,#8938);
#8938 = DEFINITIONAL_REPRESENTATION('',(#8939),#8943);
#8939 = LINE('',#8940,#8941);
#8940 = CARTESIAN_POINT('',(2.208710567062,0.));
#8941 = VECTOR('',#8942,1.);
#8942 = DIRECTION('',(0.,-1.));
#8943 = ( GEOMETRIC_REPRESENTATION_CONTEXT(2) 
PARAMETRIC_REPRESENTATION_CONTEXT() REPRESENTATION_CONTEXT('2D SPACE',''
  ) );
#8944 = ORIENTED_EDGE('',*,*,#5930,.T.);
#8945 = ORIENTED_EDGE('',*,*,#8870,.F.);
#8946 = ORIENTED_EDGE('',*,*,#2726,.F.);
#8947 = ADVANCED_FACE('',(#8948),#1342,.F.);
#8948 = FACE_BOUND('',#8949,.F.);
#8949 = EDGE_LOOP('',(#8950,#8951,#8952,#8973));
#8950 = ORIENTED_EDGE('',*,*,#8899,.T.);
#8951 = ORIENTED_EDGE('',*,*,#4780,.T.);
#8952 = ORIENTED_EDGE('',*,*,#8953,.F.);
#8953 = EDGE_CURVE('',#1327,#4781,#8954,.T.);
#8954 = SURFACE_CURVE('',#8955,(#8959,#8966),.PCURVE_S1.);
#8955 = LINE('',#8956,#8957);
#8956 = CARTESIAN_POINT('',(-17.22075445642,41.574578963008,0.));
#8957 = VECTOR('',#8958,1.);
#8958 = DIRECTION('',(0.,0.,1.));
#8959 = PCURVE('',#1342,#8960);
#8960 = DEFINITIONAL_REPRESENTATION('',(#8961),#8965);
#8961 = LINE('',#8962,#8963);
#8962 = CARTESIAN_POINT('',(2.208710567062,0.));
#8963 = VECTOR('',#8964,1.);
#8964 = DIRECTION('',(0.,-1.));
#8965 = ( GEOMETRIC_REPRESENTATION_CONTEXT(2) 
PARAMETRIC_REPRESENTATION_CONTEXT() REPRESENTATION_CONTEXT('2D SPACE',''
  ) );
#8966 = PCURVE('',#1370,#8967);
#8967 = DEFINITIONAL_REPRESENTATION('',(#8968),#8972);
#8968 = LINE('',#8969,#8970);
#8969 = CARTESIAN_POINT('',(0.,0.));
#8970 = VECTOR('',#8971,1.);
#8971 = DIRECTION('',(0.,-1.));
#8972 = ( GEOMETRIC_REPRESENTATION_CONTEXT(2) 
PARAMETRIC_REPRESENTATION_CONTEXT() REPRESENTATION_CONTEXT('2D SPACE',''
  ) );
#8973 = ORIENTED_EDGE('',*,*,#1326,.F.);
#8974 = ADVANCED_FACE('',(#8975),#2714,.F.);
#8975 = FACE_BOUND('',#8976,.F.);
#8976 = EDGE_LOOP('',(#8977,#8998,#8999,#9000));
#8977 = ORIENTED_EDGE('',*,*,#8978,.T.);
#8978 = EDGE_CURVE('',#2671,#5885,#8979,.T.);
#8979 = SURFACE_CURVE('',#8980,(#8984,#8991),.PCURVE_S1.);
#8980 = LINE('',#8981,#8982);
#8981 = CARTESIAN_POINT('',(-17.22075445642,-41.574578963,0.));
#8982 = VECTOR('',#8983,1.);
#8983 = DIRECTION('',(0.,0.,1.));
#8984 = PCURVE('',#2714,#8985);
#8985 = DEFINITIONAL_REPRESENTATION('',(#8986),#8990);
#8986 = LINE('',#8987,#8988);
#8987 = CARTESIAN_POINT('',(0.,0.));
#8988 = VECTOR('',#8989,1.);
#8989 = DIRECTION('',(0.,-1.));
#8990 = ( GEOMETRIC_REPRESENTATION_CONTEXT(2) 
PARAMETRIC_REPRESENTATION_CONTEXT() REPRESENTATION_CONTEXT('2D SPACE',''
  ) );
#8991 = PCURVE('',#2686,#8992);
#8992 = DEFINITIONAL_REPRESENTATION('',(#8993),#8997);
#8993 = LINE('',#8994,#8995);
#8994 = CARTESIAN_POINT('',(2.208710567062,0.));
#8995 = VECTOR('',#8996,1.);
#8996 = DIRECTION('',(0.,-1.));
#8997 = ( GEOMETRIC_REPRESENTATION_CONTEXT(2) 
PARAMETRIC_REPRESENTATION_CONTEXT() REPRESENTATION_CONTEXT('2D SPACE',''
  ) );
#8998 = ORIENTED_EDGE('',*,*,#5907,.T.);
#8999 = ORIENTED_EDGE('',*,*,#8924,.F.);
#9000 = ORIENTED_EDGE('',*,*,#2698,.F.);
#9001 = ADVANCED_FACE('',(#9002),#1370,.F.);
#9002 = FACE_BOUND('',#9003,.F.);
#9003 = EDGE_LOOP('',(#9004,#9005,#9006,#9027));
#9004 = ORIENTED_EDGE('',*,*,#8953,.T.);
#9005 = ORIENTED_EDGE('',*,*,#4803,.T.);
#9006 = ORIENTED_EDGE('',*,*,#9007,.F.);
#9007 = EDGE_CURVE('',#1355,#4804,#9008,.T.);
#9008 = SURFACE_CURVE('',#9009,(#9013,#9020),.PCURVE_S1.);
#9009 = LINE('',#9010,#9011);
#9010 = CARTESIAN_POINT('',(-19.23997920436,40.679518190555,0.));
#9011 = VECTOR('',#9012,1.);
#9012 = DIRECTION('',(0.,0.,1.));
#9013 = PCURVE('',#1370,#9014);
#9014 = DEFINITIONAL_REPRESENTATION('',(#9015),#9019);
#9015 = LINE('',#9016,#9017);
#9016 = CARTESIAN_POINT('',(2.208710567062,0.));
#9017 = VECTOR('',#9018,1.);
#9018 = DIRECTION('',(0.,-1.));
#9019 = ( GEOMETRIC_REPRESENTATION_CONTEXT(2) 
PARAMETRIC_REPRESENTATION_CONTEXT() REPRESENTATION_CONTEXT('2D SPACE',''
  ) );
#9020 = PCURVE('',#1398,#9021);
#9021 = DEFINITIONAL_REPRESENTATION('',(#9022),#9026);
#9022 = LINE('',#9023,#9024);
#9023 = CARTESIAN_POINT('',(0.,0.));
#9024 = VECTOR('',#9025,1.);
#9025 = DIRECTION('',(0.,-1.));
#9026 = ( GEOMETRIC_REPRESENTATION_CONTEXT(2) 
PARAMETRIC_REPRESENTATION_CONTEXT() REPRESENTATION_CONTEXT('2D SPACE',''
  ) );
#9027 = ORIENTED_EDGE('',*,*,#1354,.F.);
#9028 = ADVANCED_FACE('',(#9029),#2686,.F.);
#9029 = FACE_BOUND('',#9030,.F.);
#9030 = EDGE_LOOP('',(#9031,#9052,#9053,#9054));
#9031 = ORIENTED_EDGE('',*,*,#9032,.T.);
#9032 = EDGE_CURVE('',#2643,#5862,#9033,.T.);
#9033 = SURFACE_CURVE('',#9034,(#9038,#9045),.PCURVE_S1.);
#9034 = LINE('',#9035,#9036);
#9035 = CARTESIAN_POINT('',(-19.23997920436,-40.67951819055,0.));
#9036 = VECTOR('',#9037,1.);
#9037 = DIRECTION('',(0.,0.,1.));
#9038 = PCURVE('',#2686,#9039);
#9039 = DEFINITIONAL_REPRESENTATION('',(#9040),#9044);
#9040 = LINE('',#9041,#9042);
#9041 = CARTESIAN_POINT('',(0.,0.));
#9042 = VECTOR('',#9043,1.);
#9043 = DIRECTION('',(0.,-1.));
#9044 = ( GEOMETRIC_REPRESENTATION_CONTEXT(2) 
PARAMETRIC_REPRESENTATION_CONTEXT() REPRESENTATION_CONTEXT('2D SPACE',''
  ) );
#9045 = PCURVE('',#2658,#9046);
#9046 = DEFINITIONAL_REPRESENTATION('',(#9047),#9051);
#9047 = LINE('',#9048,#9049);
#9048 = CARTESIAN_POINT('',(2.208710567062,0.));
#9049 = VECTOR('',#9050,1.);
#9050 = DIRECTION('',(0.,-1.));
#9051 = ( GEOMETRIC_REPRESENTATION_CONTEXT(2) 
PARAMETRIC_REPRESENTATION_CONTEXT() REPRESENTATION_CONTEXT('2D SPACE',''
  ) );
#9052 = ORIENTED_EDGE('',*,*,#5884,.T.);
#9053 = ORIENTED_EDGE('',*,*,#8978,.F.);
#9054 = ORIENTED_EDGE('',*,*,#2670,.F.);
#9055 = ADVANCED_FACE('',(#9056),#1398,.F.);
#9056 = FACE_BOUND('',#9057,.F.);
#9057 = EDGE_LOOP('',(#9058,#9059,#9060,#9081));
#9058 = ORIENTED_EDGE('',*,*,#9007,.T.);
#9059 = ORIENTED_EDGE('',*,*,#4826,.T.);
#9060 = ORIENTED_EDGE('',*,*,#9061,.F.);
#9061 = EDGE_CURVE('',#1383,#4827,#9062,.T.);
#9062 = SURFACE_CURVE('',#9063,(#9067,#9074),.PCURVE_S1.);
#9063 = LINE('',#9064,#9065);
#9064 = CARTESIAN_POINT('',(-21.21285315717,39.686456895676,0.));
#9065 = VECTOR('',#9066,1.);
#9066 = DIRECTION('',(0.,0.,1.));
#9067 = PCURVE('',#1398,#9068);
#9068 = DEFINITIONAL_REPRESENTATION('',(#9069),#9073);
#9069 = LINE('',#9070,#9071);
#9070 = CARTESIAN_POINT('',(2.208710567062,0.));
#9071 = VECTOR('',#9072,1.);
#9072 = DIRECTION('',(0.,-1.));
#9073 = ( GEOMETRIC_REPRESENTATION_CONTEXT(2) 
PARAMETRIC_REPRESENTATION_CONTEXT() REPRESENTATION_CONTEXT('2D SPACE',''
  ) );
#9074 = PCURVE('',#1426,#9075);
#9075 = DEFINITIONAL_REPRESENTATION('',(#9076),#9080);
#9076 = LINE('',#9077,#9078);
#9077 = CARTESIAN_POINT('',(0.,0.));
#9078 = VECTOR('',#9079,1.);
#9079 = DIRECTION('',(0.,-1.));
#9080 = ( GEOMETRIC_REPRESENTATION_CONTEXT(2) 
PARAMETRIC_REPRESENTATION_CONTEXT() REPRESENTATION_CONTEXT('2D SPACE',''
  ) );
#9081 = ORIENTED_EDGE('',*,*,#1382,.F.);
#9082 = ADVANCED_FACE('',(#9083),#2658,.F.);
#9083 = FACE_BOUND('',#9084,.F.);
#9084 = EDGE_LOOP('',(#9085,#9106,#9107,#9108));
#9085 = ORIENTED_EDGE('',*,*,#9086,.T.);
#9086 = EDGE_CURVE('',#2615,#5839,#9087,.T.);
#9087 = SURFACE_CURVE('',#9088,(#9092,#9099),.PCURVE_S1.);
#9088 = LINE('',#9089,#9090);
#9089 = CARTESIAN_POINT('',(-21.21285315717,-39.68645689567,0.));
#9090 = VECTOR('',#9091,1.);
#9091 = DIRECTION('',(0.,0.,1.));
#9092 = PCURVE('',#2658,#9093);
#9093 = DEFINITIONAL_REPRESENTATION('',(#9094),#9098);
#9094 = LINE('',#9095,#9096);
#9095 = CARTESIAN_POINT('',(0.,0.));
#9096 = VECTOR('',#9097,1.);
#9097 = DIRECTION('',(0.,-1.));
#9098 = ( GEOMETRIC_REPRESENTATION_CONTEXT(2) 
PARAMETRIC_REPRESENTATION_CONTEXT() REPRESENTATION_CONTEXT('2D SPACE',''
  ) );
#9099 = PCURVE('',#2630,#9100);
#9100 = DEFINITIONAL_REPRESENTATION('',(#9101),#9105);
#9101 = LINE('',#9102,#9103);
#9102 = CARTESIAN_POINT('',(2.208710567062,0.));
#9103 = VECTOR('',#9104,1.);
#9104 = DIRECTION('',(0.,-1.));
#9105 = ( GEOMETRIC_REPRESENTATION_CONTEXT(2) 
PARAMETRIC_REPRESENTATION_CONTEXT() REPRESENTATION_CONTEXT('2D SPACE',''
  ) );
#9106 = ORIENTED_EDGE('',*,*,#5861,.T.);
#9107 = ORIENTED_EDGE('',*,*,#9032,.F.);
#9108 = ORIENTED_EDGE('',*,*,#2642,.F.);
#9109 = ADVANCED_FACE('',(#9110),#1426,.F.);
#9110 = FACE_BOUND('',#9111,.F.);
#9111 = EDGE_LOOP('',(#9112,#9113,#9114,#9135));
#9112 = ORIENTED_EDGE('',*,*,#9061,.T.);
#9113 = ORIENTED_EDGE('',*,*,#4849,.T.);
#9114 = ORIENTED_EDGE('',*,*,#9115,.F.);
#9115 = EDGE_CURVE('',#1411,#4850,#9116,.T.);
#9116 = SURFACE_CURVE('',#9117,(#9121,#9128),.PCURVE_S1.);
#9117 = LINE('',#9118,#9119);
#9118 = CARTESIAN_POINT('',(-23.13462348869,38.597787450012,0.));
#9119 = VECTOR('',#9120,1.);
#9120 = DIRECTION('',(0.,0.,1.));
#9121 = PCURVE('',#1426,#9122);
#9122 = DEFINITIONAL_REPRESENTATION('',(#9123),#9127);
#9123 = LINE('',#9124,#9125);
#9124 = CARTESIAN_POINT('',(2.208710567062,0.));
#9125 = VECTOR('',#9126,1.);
#9126 = DIRECTION('',(0.,-1.));
#9127 = ( GEOMETRIC_REPRESENTATION_CONTEXT(2) 
PARAMETRIC_REPRESENTATION_CONTEXT() REPRESENTATION_CONTEXT('2D SPACE',''
  ) );
#9128 = PCURVE('',#1454,#9129);
#9129 = DEFINITIONAL_REPRESENTATION('',(#9130),#9134);
#9130 = LINE('',#9131,#9132);
#9131 = CARTESIAN_POINT('',(0.,0.));
#9132 = VECTOR('',#9133,1.);
#9133 = DIRECTION('',(0.,-1.));
#9134 = ( GEOMETRIC_REPRESENTATION_CONTEXT(2) 
PARAMETRIC_REPRESENTATION_CONTEXT() REPRESENTATION_CONTEXT('2D SPACE',''
  ) );
#9135 = ORIENTED_EDGE('',*,*,#1410,.F.);
#9136 = ADVANCED_FACE('',(#9137),#2630,.F.);
#9137 = FACE_BOUND('',#9138,.F.);
#9138 = EDGE_LOOP('',(#9139,#9160,#9161,#9162));
#9139 = ORIENTED_EDGE('',*,*,#9140,.T.);
#9140 = EDGE_CURVE('',#2587,#5816,#9141,.T.);
#9141 = SURFACE_CURVE('',#9142,(#9146,#9153),.PCURVE_S1.);
#9142 = LINE('',#9143,#9144);
#9143 = CARTESIAN_POINT('',(-23.13462348869,-38.59778745001,0.));
#9144 = VECTOR('',#9145,1.);
#9145 = DIRECTION('',(0.,0.,1.));
#9146 = PCURVE('',#2630,#9147);
#9147 = DEFINITIONAL_REPRESENTATION('',(#9148),#9152);
#9148 = LINE('',#9149,#9150);
#9149 = CARTESIAN_POINT('',(0.,0.));
#9150 = VECTOR('',#9151,1.);
#9151 = DIRECTION('',(0.,-1.));
#9152 = ( GEOMETRIC_REPRESENTATION_CONTEXT(2) 
PARAMETRIC_REPRESENTATION_CONTEXT() REPRESENTATION_CONTEXT('2D SPACE',''
  ) );
#9153 = PCURVE('',#2602,#9154);
#9154 = DEFINITIONAL_REPRESENTATION('',(#9155),#9159);
#9155 = LINE('',#9156,#9157);
#9156 = CARTESIAN_POINT('',(2.208710567062,0.));
#9157 = VECTOR('',#9158,1.);
#9158 = DIRECTION('',(0.,-1.));
#9159 = ( GEOMETRIC_REPRESENTATION_CONTEXT(2) 
PARAMETRIC_REPRESENTATION_CONTEXT() REPRESENTATION_CONTEXT('2D SPACE',''
  ) );
#9160 = ORIENTED_EDGE('',*,*,#5838,.T.);
#9161 = ORIENTED_EDGE('',*,*,#9086,.F.);
#9162 = ORIENTED_EDGE('',*,*,#2614,.F.);
#9163 = ADVANCED_FACE('',(#9164),#1454,.F.);
#9164 = FACE_BOUND('',#9165,.F.);
#9165 = EDGE_LOOP('',(#9166,#9167,#9168,#9189));
#9166 = ORIENTED_EDGE('',*,*,#9115,.T.);
#9167 = ORIENTED_EDGE('',*,*,#4872,.T.);
#9168 = ORIENTED_EDGE('',*,*,#9169,.F.);
#9169 = EDGE_CURVE('',#1439,#4873,#9170,.T.);
#9170 = SURFACE_CURVE('',#9171,(#9175,#9182),.PCURVE_S1.);
#9171 = LINE('',#9172,#9173);
#9172 = CARTESIAN_POINT('',(-25.00066048588,37.416132553615,0.));
#9173 = VECTOR('',#9174,1.);
#9174 = DIRECTION('',(0.,0.,1.));
#9175 = PCURVE('',#1454,#9176);
#9176 = DEFINITIONAL_REPRESENTATION('',(#9177),#9181);
#9177 = LINE('',#9178,#9179);
#9178 = CARTESIAN_POINT('',(2.208710567062,0.));
#9179 = VECTOR('',#9180,1.);
#9180 = DIRECTION('',(0.,-1.));
#9181 = ( GEOMETRIC_REPRESENTATION_CONTEXT(2) 
PARAMETRIC_REPRESENTATION_CONTEXT() REPRESENTATION_CONTEXT('2D SPACE',''
  ) );
#9182 = PCURVE('',#1482,#9183);
#9183 = DEFINITIONAL_REPRESENTATION('',(#9184),#9188);
#9184 = LINE('',#9185,#9186);
#9185 = CARTESIAN_POINT('',(0.,0.));
#9186 = VECTOR('',#9187,1.);
#9187 = DIRECTION('',(0.,-1.));
#9188 = ( GEOMETRIC_REPRESENTATION_CONTEXT(2) 
PARAMETRIC_REPRESENTATION_CONTEXT() REPRESENTATION_CONTEXT('2D SPACE',''
  ) );
#9189 = ORIENTED_EDGE('',*,*,#1438,.F.);
#9190 = ADVANCED_FACE('',(#9191),#2602,.F.);
#9191 = FACE_BOUND('',#9192,.F.);
#9192 = EDGE_LOOP('',(#9193,#9214,#9215,#9216));
#9193 = ORIENTED_EDGE('',*,*,#9194,.T.);
#9194 = EDGE_CURVE('',#2559,#5793,#9195,.T.);
#9195 = SURFACE_CURVE('',#9196,(#9200,#9207),.PCURVE_S1.);
#9196 = LINE('',#9197,#9198);
#9197 = CARTESIAN_POINT('',(-25.00066048588,-37.41613255361,0.));
#9198 = VECTOR('',#9199,1.);
#9199 = DIRECTION('',(0.,0.,1.));
#9200 = PCURVE('',#2602,#9201);
#9201 = DEFINITIONAL_REPRESENTATION('',(#9202),#9206);
#9202 = LINE('',#9203,#9204);
#9203 = CARTESIAN_POINT('',(0.,0.));
#9204 = VECTOR('',#9205,1.);
#9205 = DIRECTION('',(0.,-1.));
#9206 = ( GEOMETRIC_REPRESENTATION_CONTEXT(2) 
PARAMETRIC_REPRESENTATION_CONTEXT() REPRESENTATION_CONTEXT('2D SPACE',''
  ) );
#9207 = PCURVE('',#2574,#9208);
#9208 = DEFINITIONAL_REPRESENTATION('',(#9209),#9213);
#9209 = LINE('',#9210,#9211);
#9210 = CARTESIAN_POINT('',(2.208710567062,0.));
#9211 = VECTOR('',#9212,1.);
#9212 = DIRECTION('',(0.,-1.));
#9213 = ( GEOMETRIC_REPRESENTATION_CONTEXT(2) 
PARAMETRIC_REPRESENTATION_CONTEXT() REPRESENTATION_CONTEXT('2D SPACE',''
  ) );
#9214 = ORIENTED_EDGE('',*,*,#5815,.T.);
#9215 = ORIENTED_EDGE('',*,*,#9140,.F.);
#9216 = ORIENTED_EDGE('',*,*,#2586,.F.);
#9217 = ADVANCED_FACE('',(#9218),#1482,.F.);
#9218 = FACE_BOUND('',#9219,.F.);
#9219 = EDGE_LOOP('',(#9220,#9221,#9222,#9243));
#9220 = ORIENTED_EDGE('',*,*,#9169,.T.);
#9221 = ORIENTED_EDGE('',*,*,#4895,.T.);
#9222 = ORIENTED_EDGE('',*,*,#9223,.F.);
#9223 = EDGE_CURVE('',#1467,#4896,#9224,.T.);
#9224 = SURFACE_CURVE('',#9225,(#9229,#9236),.PCURVE_S1.);
#9225 = LINE('',#9226,#9227);
#9226 = CARTESIAN_POINT('',(-26.80646870216,36.144338916629,0.));
#9227 = VECTOR('',#9228,1.);
#9228 = DIRECTION('',(0.,0.,1.));
#9229 = PCURVE('',#1482,#9230);
#9230 = DEFINITIONAL_REPRESENTATION('',(#9231),#9235);
#9231 = LINE('',#9232,#9233);
#9232 = CARTESIAN_POINT('',(2.208710567062,0.));
#9233 = VECTOR('',#9234,1.);
#9234 = DIRECTION('',(0.,-1.));
#9235 = ( GEOMETRIC_REPRESENTATION_CONTEXT(2) 
PARAMETRIC_REPRESENTATION_CONTEXT() REPRESENTATION_CONTEXT('2D SPACE',''
  ) );
#9236 = PCURVE('',#1510,#9237);
#9237 = DEFINITIONAL_REPRESENTATION('',(#9238),#9242);
#9238 = LINE('',#9239,#9240);
#9239 = CARTESIAN_POINT('',(0.,0.));
#9240 = VECTOR('',#9241,1.);
#9241 = DIRECTION('',(0.,-1.));
#9242 = ( GEOMETRIC_REPRESENTATION_CONTEXT(2) 
PARAMETRIC_REPRESENTATION_CONTEXT() REPRESENTATION_CONTEXT('2D SPACE',''
  ) );
#9243 = ORIENTED_EDGE('',*,*,#1466,.F.);
#9244 = ADVANCED_FACE('',(#9245),#2574,.F.);
#9245 = FACE_BOUND('',#9246,.F.);
#9246 = EDGE_LOOP('',(#9247,#9268,#9269,#9270));
#9247 = ORIENTED_EDGE('',*,*,#9248,.T.);
#9248 = EDGE_CURVE('',#2531,#5770,#9249,.T.);
#9249 = SURFACE_CURVE('',#9250,(#9254,#9261),.PCURVE_S1.);
#9250 = LINE('',#9251,#9252);
#9251 = CARTESIAN_POINT('',(-26.80646870215,-36.14433891662,0.));
#9252 = VECTOR('',#9253,1.);
#9253 = DIRECTION('',(0.,0.,1.));
#9254 = PCURVE('',#2574,#9255);
#9255 = DEFINITIONAL_REPRESENTATION('',(#9256),#9260);
#9256 = LINE('',#9257,#9258);
#9257 = CARTESIAN_POINT('',(0.,0.));
#9258 = VECTOR('',#9259,1.);
#9259 = DIRECTION('',(0.,-1.));
#9260 = ( GEOMETRIC_REPRESENTATION_CONTEXT(2) 
PARAMETRIC_REPRESENTATION_CONTEXT() REPRESENTATION_CONTEXT('2D SPACE',''
  ) );
#9261 = PCURVE('',#2546,#9262);
#9262 = DEFINITIONAL_REPRESENTATION('',(#9263),#9267);
#9263 = LINE('',#9264,#9265);
#9264 = CARTESIAN_POINT('',(2.208710567062,0.));
#9265 = VECTOR('',#9266,1.);
#9266 = DIRECTION('',(0.,-1.));
#9267 = ( GEOMETRIC_REPRESENTATION_CONTEXT(2) 
PARAMETRIC_REPRESENTATION_CONTEXT() REPRESENTATION_CONTEXT('2D SPACE',''
  ) );
#9268 = ORIENTED_EDGE('',*,*,#5792,.T.);
#9269 = ORIENTED_EDGE('',*,*,#9194,.F.);
#9270 = ORIENTED_EDGE('',*,*,#2558,.F.);
#9271 = ADVANCED_FACE('',(#9272),#1510,.F.);
#9272 = FACE_BOUND('',#9273,.F.);
#9273 = EDGE_LOOP('',(#9274,#9275,#9276,#9297));
#9274 = ORIENTED_EDGE('',*,*,#9223,.T.);
#9275 = ORIENTED_EDGE('',*,*,#4918,.T.);
#9276 = ORIENTED_EDGE('',*,*,#9277,.F.);
#9277 = EDGE_CURVE('',#1495,#4919,#9278,.T.);
#9278 = SURFACE_CURVE('',#9279,(#9283,#9290),.PCURVE_S1.);
#9279 = LINE('',#9280,#9281);
#9280 = CARTESIAN_POINT('',(-28.54769778736,34.785470401323,0.));
#9281 = VECTOR('',#9282,1.);
#9282 = DIRECTION('',(0.,0.,1.));
#9283 = PCURVE('',#1510,#9284);
#9284 = DEFINITIONAL_REPRESENTATION('',(#9285),#9289);
#9285 = LINE('',#9286,#9287);
#9286 = CARTESIAN_POINT('',(2.208710567062,0.));
#9287 = VECTOR('',#9288,1.);
#9288 = DIRECTION('',(0.,-1.));
#9289 = ( GEOMETRIC_REPRESENTATION_CONTEXT(2) 
PARAMETRIC_REPRESENTATION_CONTEXT() REPRESENTATION_CONTEXT('2D SPACE',''
  ) );
#9290 = PCURVE('',#1538,#9291);
#9291 = DEFINITIONAL_REPRESENTATION('',(#9292),#9296);
#9292 = LINE('',#9293,#9294);
#9293 = CARTESIAN_POINT('',(0.,0.));
#9294 = VECTOR('',#9295,1.);
#9295 = DIRECTION('',(0.,-1.));
#9296 = ( GEOMETRIC_REPRESENTATION_CONTEXT(2) 
PARAMETRIC_REPRESENTATION_CONTEXT() REPRESENTATION_CONTEXT('2D SPACE',''
  ) );
#9297 = ORIENTED_EDGE('',*,*,#1494,.F.);
#9298 = ADVANCED_FACE('',(#9299),#2546,.F.);
#9299 = FACE_BOUND('',#9300,.F.);
#9300 = EDGE_LOOP('',(#9301,#9322,#9323,#9324));
#9301 = ORIENTED_EDGE('',*,*,#9302,.T.);
#9302 = EDGE_CURVE('',#2503,#5747,#9303,.T.);
#9303 = SURFACE_CURVE('',#9304,(#9308,#9315),.PCURVE_S1.);
#9304 = LINE('',#9305,#9306);
#9305 = CARTESIAN_POINT('',(-28.54769778736,-34.78547040132,0.));
#9306 = VECTOR('',#9307,1.);
#9307 = DIRECTION('',(0.,0.,1.));
#9308 = PCURVE('',#2546,#9309);
#9309 = DEFINITIONAL_REPRESENTATION('',(#9310),#9314);
#9310 = LINE('',#9311,#9312);
#9311 = CARTESIAN_POINT('',(0.,0.));
#9312 = VECTOR('',#9313,1.);
#9313 = DIRECTION('',(0.,-1.));
#9314 = ( GEOMETRIC_REPRESENTATION_CONTEXT(2) 
PARAMETRIC_REPRESENTATION_CONTEXT() REPRESENTATION_CONTEXT('2D SPACE',''
  ) );
#9315 = PCURVE('',#2518,#9316);
#9316 = DEFINITIONAL_REPRESENTATION('',(#9317),#9321);
#9317 = LINE('',#9318,#9319);
#9318 = CARTESIAN_POINT('',(2.208710567062,0.));
#9319 = VECTOR('',#9320,1.);
#9320 = DIRECTION('',(0.,-1.));
#9321 = ( GEOMETRIC_REPRESENTATION_CONTEXT(2) 
PARAMETRIC_REPRESENTATION_CONTEXT() REPRESENTATION_CONTEXT('2D SPACE',''
  ) );
#9322 = ORIENTED_EDGE('',*,*,#5769,.T.);
#9323 = ORIENTED_EDGE('',*,*,#9248,.F.);
#9324 = ORIENTED_EDGE('',*,*,#2530,.F.);
#9325 = ADVANCED_FACE('',(#9326),#1538,.F.);
#9326 = FACE_BOUND('',#9327,.F.);
#9327 = EDGE_LOOP('',(#9328,#9329,#9330,#9351));
#9328 = ORIENTED_EDGE('',*,*,#9277,.T.);
#9329 = ORIENTED_EDGE('',*,*,#4941,.T.);
#9330 = ORIENTED_EDGE('',*,*,#9331,.F.);
#9331 = EDGE_CURVE('',#1523,#4942,#9332,.T.);
#9332 = SURFACE_CURVE('',#9333,(#9337,#9344),.PCURVE_S1.);
#9333 = LINE('',#9334,#9335);
#9334 = CARTESIAN_POINT('',(-30.22015296811,33.342800640973,0.));
#9335 = VECTOR('',#9336,1.);
#9336 = DIRECTION('',(0.,0.,1.));
#9337 = PCURVE('',#1538,#9338);
#9338 = DEFINITIONAL_REPRESENTATION('',(#9339),#9343);
#9339 = LINE('',#9340,#9341);
#9340 = CARTESIAN_POINT('',(2.208710567062,0.));
#9341 = VECTOR('',#9342,1.);
#9342 = DIRECTION('',(0.,-1.));
#9343 = ( GEOMETRIC_REPRESENTATION_CONTEXT(2) 
PARAMETRIC_REPRESENTATION_CONTEXT() REPRESENTATION_CONTEXT('2D SPACE',''
  ) );
#9344 = PCURVE('',#1566,#9345);
#9345 = DEFINITIONAL_REPRESENTATION('',(#9346),#9350);
#9346 = LINE('',#9347,#9348);
#9347 = CARTESIAN_POINT('',(0.,0.));
#9348 = VECTOR('',#9349,1.);
#9349 = DIRECTION('',(0.,-1.));
#9350 = ( GEOMETRIC_REPRESENTATION_CONTEXT(2) 
PARAMETRIC_REPRESENTATION_CONTEXT() REPRESENTATION_CONTEXT('2D SPACE',''
  ) );
#9351 = ORIENTED_EDGE('',*,*,#1522,.F.);
#9352 = ADVANCED_FACE('',(#9353),#2518,.F.);
#9353 = FACE_BOUND('',#9354,.F.);
#9354 = EDGE_LOOP('',(#9355,#9376,#9377,#9378));
#9355 = ORIENTED_EDGE('',*,*,#9356,.T.);
#9356 = EDGE_CURVE('',#2475,#5724,#9357,.T.);
#9357 = SURFACE_CURVE('',#9358,(#9362,#9369),.PCURVE_S1.);
#9358 = LINE('',#9359,#9360);
#9359 = CARTESIAN_POINT('',(-30.22015296811,-33.34280064097,0.));
#9360 = VECTOR('',#9361,1.);
#9361 = DIRECTION('',(0.,0.,1.));
#9362 = PCURVE('',#2518,#9363);
#9363 = DEFINITIONAL_REPRESENTATION('',(#9364),#9368);
#9364 = LINE('',#9365,#9366);
#9365 = CARTESIAN_POINT('',(0.,0.));
#9366 = VECTOR('',#9367,1.);
#9367 = DIRECTION('',(0.,-1.));
#9368 = ( GEOMETRIC_REPRESENTATION_CONTEXT(2) 
PARAMETRIC_REPRESENTATION_CONTEXT() REPRESENTATION_CONTEXT('2D SPACE',''
  ) );
#9369 = PCURVE('',#2490,#9370);
#9370 = DEFINITIONAL_REPRESENTATION('',(#9371),#9375);
#9371 = LINE('',#9372,#9373);
#9372 = CARTESIAN_POINT('',(2.208710567062,0.));
#9373 = VECTOR('',#9374,1.);
#9374 = DIRECTION('',(0.,-1.));
#9375 = ( GEOMETRIC_REPRESENTATION_CONTEXT(2) 
PARAMETRIC_REPRESENTATION_CONTEXT() REPRESENTATION_CONTEXT('2D SPACE',''
  ) );
#9376 = ORIENTED_EDGE('',*,*,#5746,.T.);
#9377 = ORIENTED_EDGE('',*,*,#9302,.F.);
#9378 = ORIENTED_EDGE('',*,*,#2502,.F.);
#9379 = ADVANCED_FACE('',(#9380),#1566,.F.);
#9380 = FACE_BOUND('',#9381,.F.);
#9381 = EDGE_LOOP('',(#9382,#9383,#9384,#9405));
#9382 = ORIENTED_EDGE('',*,*,#9331,.T.);
#9383 = ORIENTED_EDGE('',*,*,#4964,.T.);
#9384 = ORIENTED_EDGE('',*,*,#9385,.F.);
#9385 = EDGE_CURVE('',#1551,#4965,#9386,.T.);
#9386 = SURFACE_CURVE('',#9387,(#9391,#9398),.PCURVE_S1.);
#9387 = LINE('',#9388,#9389);
#9388 = CARTESIAN_POINT('',(-31.81980515339,31.819805153395,0.));
#9389 = VECTOR('',#9390,1.);
#9390 = DIRECTION('',(0.,0.,1.));
#9391 = PCURVE('',#1566,#9392);
#9392 = DEFINITIONAL_REPRESENTATION('',(#9393),#9397);
#9393 = LINE('',#9394,#9395);
#9394 = CARTESIAN_POINT('',(2.208710567062,0.));
#9395 = VECTOR('',#9396,1.);
#9396 = DIRECTION('',(0.,-1.));
#9397 = ( GEOMETRIC_REPRESENTATION_CONTEXT(2) 
PARAMETRIC_REPRESENTATION_CONTEXT() REPRESENTATION_CONTEXT('2D SPACE',''
  ) );
#9398 = PCURVE('',#1594,#9399);
#9399 = DEFINITIONAL_REPRESENTATION('',(#9400),#9404);
#9400 = LINE('',#9401,#9402);
#9401 = CARTESIAN_POINT('',(0.,0.));
#9402 = VECTOR('',#9403,1.);
#9403 = DIRECTION('',(0.,-1.));
#9404 = ( GEOMETRIC_REPRESENTATION_CONTEXT(2) 
PARAMETRIC_REPRESENTATION_CONTEXT() REPRESENTATION_CONTEXT('2D SPACE',''
  ) );
#9405 = ORIENTED_EDGE('',*,*,#1550,.F.);
#9406 = ADVANCED_FACE('',(#9407),#2490,.F.);
#9407 = FACE_BOUND('',#9408,.F.);
#9408 = EDGE_LOOP('',(#9409,#9430,#9431,#9432));
#9409 = ORIENTED_EDGE('',*,*,#9410,.T.);
#9410 = EDGE_CURVE('',#2447,#5701,#9411,.T.);
#9411 = SURFACE_CURVE('',#9412,(#9416,#9423),.PCURVE_S1.);
#9412 = LINE('',#9413,#9414);
#9413 = CARTESIAN_POINT('',(-31.81980515339,-31.81980515339,0.));
#9414 = VECTOR('',#9415,1.);
#9415 = DIRECTION('',(0.,0.,1.));
#9416 = PCURVE('',#2490,#9417);
#9417 = DEFINITIONAL_REPRESENTATION('',(#9418),#9422);
#9418 = LINE('',#9419,#9420);
#9419 = CARTESIAN_POINT('',(0.,0.));
#9420 = VECTOR('',#9421,1.);
#9421 = DIRECTION('',(0.,-1.));
#9422 = ( GEOMETRIC_REPRESENTATION_CONTEXT(2) 
PARAMETRIC_REPRESENTATION_CONTEXT() REPRESENTATION_CONTEXT('2D SPACE',''
  ) );
#9423 = PCURVE('',#2462,#9424);
#9424 = DEFINITIONAL_REPRESENTATION('',(#9425),#9429);
#9425 = LINE('',#9426,#9427);
#9426 = CARTESIAN_POINT('',(2.208710567062,0.));
#9427 = VECTOR('',#9428,1.);
#9428 = DIRECTION('',(0.,-1.));
#9429 = ( GEOMETRIC_REPRESENTATION_CONTEXT(2) 
PARAMETRIC_REPRESENTATION_CONTEXT() REPRESENTATION_CONTEXT('2D SPACE',''
  ) );
#9430 = ORIENTED_EDGE('',*,*,#5723,.T.);
#9431 = ORIENTED_EDGE('',*,*,#9356,.F.);
#9432 = ORIENTED_EDGE('',*,*,#2474,.F.);
#9433 = ADVANCED_FACE('',(#9434),#1594,.F.);
#9434 = FACE_BOUND('',#9435,.F.);
#9435 = EDGE_LOOP('',(#9436,#9437,#9438,#9459));
#9436 = ORIENTED_EDGE('',*,*,#9385,.T.);
#9437 = ORIENTED_EDGE('',*,*,#4987,.T.);
#9438 = ORIENTED_EDGE('',*,*,#9439,.F.);
#9439 = EDGE_CURVE('',#1579,#4988,#9440,.T.);
#9440 = SURFACE_CURVE('',#9441,(#9445,#9452),.PCURVE_S1.);
#9441 = LINE('',#9442,#9443);
#9442 = CARTESIAN_POINT('',(-33.34280064097,30.220152968116,0.));
#9443 = VECTOR('',#9444,1.);
#9444 = DIRECTION('',(0.,0.,1.));
#9445 = PCURVE('',#1594,#9446);
#9446 = DEFINITIONAL_REPRESENTATION('',(#9447),#9451);
#9447 = LINE('',#9448,#9449);
#9448 = CARTESIAN_POINT('',(2.208710567062,0.));
#9449 = VECTOR('',#9450,1.);
#9450 = DIRECTION('',(0.,-1.));
#9451 = ( GEOMETRIC_REPRESENTATION_CONTEXT(2) 
PARAMETRIC_REPRESENTATION_CONTEXT() REPRESENTATION_CONTEXT('2D SPACE',''
  ) );
#9452 = PCURVE('',#1622,#9453);
#9453 = DEFINITIONAL_REPRESENTATION('',(#9454),#9458);
#9454 = LINE('',#9455,#9456);
#9455 = CARTESIAN_POINT('',(0.,0.));
#9456 = VECTOR('',#9457,1.);
#9457 = DIRECTION('',(0.,-1.));
#9458 = ( GEOMETRIC_REPRESENTATION_CONTEXT(2) 
PARAMETRIC_REPRESENTATION_CONTEXT() REPRESENTATION_CONTEXT('2D SPACE',''
  ) );
#9459 = ORIENTED_EDGE('',*,*,#1578,.F.);
#9460 = ADVANCED_FACE('',(#9461),#2462,.F.);
#9461 = FACE_BOUND('',#9462,.F.);
#9462 = EDGE_LOOP('',(#9463,#9484,#9485,#9486));
#9463 = ORIENTED_EDGE('',*,*,#9464,.T.);
#9464 = EDGE_CURVE('',#2419,#5678,#9465,.T.);
#9465 = SURFACE_CURVE('',#9466,(#9470,#9477),.PCURVE_S1.);
#9466 = LINE('',#9467,#9468);
#9467 = CARTESIAN_POINT('',(-33.34280064097,-30.22015296811,0.));
#9468 = VECTOR('',#9469,1.);
#9469 = DIRECTION('',(0.,0.,1.));
#9470 = PCURVE('',#2462,#9471);
#9471 = DEFINITIONAL_REPRESENTATION('',(#9472),#9476);
#9472 = LINE('',#9473,#9474);
#9473 = CARTESIAN_POINT('',(0.,0.));
#9474 = VECTOR('',#9475,1.);
#9475 = DIRECTION('',(0.,-1.));
#9476 = ( GEOMETRIC_REPRESENTATION_CONTEXT(2) 
PARAMETRIC_REPRESENTATION_CONTEXT() REPRESENTATION_CONTEXT('2D SPACE',''
  ) );
#9477 = PCURVE('',#2434,#9478);
#9478 = DEFINITIONAL_REPRESENTATION('',(#9479),#9483);
#9479 = LINE('',#9480,#9481);
#9480 = CARTESIAN_POINT('',(2.208710567062,0.));
#9481 = VECTOR('',#9482,1.);
#9482 = DIRECTION('',(0.,-1.));
#9483 = ( GEOMETRIC_REPRESENTATION_CONTEXT(2) 
PARAMETRIC_REPRESENTATION_CONTEXT() REPRESENTATION_CONTEXT('2D SPACE',''
  ) );
#9484 = ORIENTED_EDGE('',*,*,#5700,.T.);
#9485 = ORIENTED_EDGE('',*,*,#9410,.F.);
#9486 = ORIENTED_EDGE('',*,*,#2446,.F.);
#9487 = ADVANCED_FACE('',(#9488),#1622,.F.);
#9488 = FACE_BOUND('',#9489,.F.);
#9489 = EDGE_LOOP('',(#9490,#9491,#9492,#9513));
#9490 = ORIENTED_EDGE('',*,*,#9439,.T.);
#9491 = ORIENTED_EDGE('',*,*,#5010,.T.);
#9492 = ORIENTED_EDGE('',*,*,#9493,.F.);
#9493 = EDGE_CURVE('',#1607,#5011,#9494,.T.);
#9494 = SURFACE_CURVE('',#9495,(#9499,#9506),.PCURVE_S1.);
#9495 = LINE('',#9496,#9497);
#9496 = CARTESIAN_POINT('',(-34.78547040132,28.547697787364,0.));
#9497 = VECTOR('',#9498,1.);
#9498 = DIRECTION('',(0.,0.,1.));
#9499 = PCURVE('',#1622,#9500);
#9500 = DEFINITIONAL_REPRESENTATION('',(#9501),#9505);
#9501 = LINE('',#9502,#9503);
#9502 = CARTESIAN_POINT('',(2.208710567062,0.));
#9503 = VECTOR('',#9504,1.);
#9504 = DIRECTION('',(0.,-1.));
#9505 = ( GEOMETRIC_REPRESENTATION_CONTEXT(2) 
PARAMETRIC_REPRESENTATION_CONTEXT() REPRESENTATION_CONTEXT('2D SPACE',''
  ) );
#9506 = PCURVE('',#1650,#9507);
#9507 = DEFINITIONAL_REPRESENTATION('',(#9508),#9512);
#9508 = LINE('',#9509,#9510);
#9509 = CARTESIAN_POINT('',(0.,0.));
#9510 = VECTOR('',#9511,1.);
#9511 = DIRECTION('',(0.,-1.));
#9512 = ( GEOMETRIC_REPRESENTATION_CONTEXT(2) 
PARAMETRIC_REPRESENTATION_CONTEXT() REPRESENTATION_CONTEXT('2D SPACE',''
  ) );
#9513 = ORIENTED_EDGE('',*,*,#1606,.F.);
#9514 = ADVANCED_FACE('',(#9515),#2434,.F.);
#9515 = FACE_BOUND('',#9516,.F.);
#9516 = EDGE_LOOP('',(#9517,#9538,#9539,#9540));
#9517 = ORIENTED_EDGE('',*,*,#9518,.T.);
#9518 = EDGE_CURVE('',#2391,#5655,#9519,.T.);
#9519 = SURFACE_CURVE('',#9520,(#9524,#9531),.PCURVE_S1.);
#9520 = LINE('',#9521,#9522);
#9521 = CARTESIAN_POINT('',(-34.78547040132,-28.54769778736,0.));
#9522 = VECTOR('',#9523,1.);
#9523 = DIRECTION('',(0.,0.,1.));
#9524 = PCURVE('',#2434,#9525);
#9525 = DEFINITIONAL_REPRESENTATION('',(#9526),#9530);
#9526 = LINE('',#9527,#9528);
#9527 = CARTESIAN_POINT('',(0.,0.));
#9528 = VECTOR('',#9529,1.);
#9529 = DIRECTION('',(0.,-1.));
#9530 = ( GEOMETRIC_REPRESENTATION_CONTEXT(2) 
PARAMETRIC_REPRESENTATION_CONTEXT() REPRESENTATION_CONTEXT('2D SPACE',''
  ) );
#9531 = PCURVE('',#2406,#9532);
#9532 = DEFINITIONAL_REPRESENTATION('',(#9533),#9537);
#9533 = LINE('',#9534,#9535);
#9534 = CARTESIAN_POINT('',(2.208710567062,0.));
#9535 = VECTOR('',#9536,1.);
#9536 = DIRECTION('',(0.,-1.));
#9537 = ( GEOMETRIC_REPRESENTATION_CONTEXT(2) 
PARAMETRIC_REPRESENTATION_CONTEXT() REPRESENTATION_CONTEXT('2D SPACE',''
  ) );
#9538 = ORIENTED_EDGE('',*,*,#5677,.T.);
#9539 = ORIENTED_EDGE('',*,*,#9464,.F.);
#9540 = ORIENTED_EDGE('',*,*,#2418,.F.);
#9541 = ADVANCED_FACE('',(#9542),#1650,.F.);
#9542 = FACE_BOUND('',#9543,.F.);
#9543 = EDGE_LOOP('',(#9544,#9545,#9546,#9567));
#9544 = ORIENTED_EDGE('',*,*,#9493,.T.);
#9545 = ORIENTED_EDGE('',*,*,#5033,.T.);
#9546 = ORIENTED_EDGE('',*,*,#9547,.F.);
#9547 = EDGE_CURVE('',#1635,#5034,#9548,.T.);
#9548 = SURFACE_CURVE('',#9549,(#9553,#9560),.PCURVE_S1.);
#9549 = LINE('',#9550,#9551);
#9550 = CARTESIAN_POINT('',(-36.14433891662,26.80646870216,0.));
#9551 = VECTOR('',#9552,1.);
#9552 = DIRECTION('',(0.,0.,1.));
#9553 = PCURVE('',#1650,#9554);
#9554 = DEFINITIONAL_REPRESENTATION('',(#9555),#9559);
#9555 = LINE('',#9556,#9557);
#9556 = CARTESIAN_POINT('',(2.208710567062,0.));
#9557 = VECTOR('',#9558,1.);
#9558 = DIRECTION('',(0.,-1.));
#9559 = ( GEOMETRIC_REPRESENTATION_CONTEXT(2) 
PARAMETRIC_REPRESENTATION_CONTEXT() REPRESENTATION_CONTEXT('2D SPACE',''
  ) );
#9560 = PCURVE('',#1678,#9561);
#9561 = DEFINITIONAL_REPRESENTATION('',(#9562),#9566);
#9562 = LINE('',#9563,#9564);
#9563 = CARTESIAN_POINT('',(0.,0.));
#9564 = VECTOR('',#9565,1.);
#9565 = DIRECTION('',(0.,-1.));
#9566 = ( GEOMETRIC_REPRESENTATION_CONTEXT(2) 
PARAMETRIC_REPRESENTATION_CONTEXT() REPRESENTATION_CONTEXT('2D SPACE',''
  ) );
#9567 = ORIENTED_EDGE('',*,*,#1634,.F.);
#9568 = ADVANCED_FACE('',(#9569),#2406,.F.);
#9569 = FACE_BOUND('',#9570,.F.);
#9570 = EDGE_LOOP('',(#9571,#9592,#9593,#9594));
#9571 = ORIENTED_EDGE('',*,*,#9572,.T.);
#9572 = EDGE_CURVE('',#2363,#5632,#9573,.T.);
#9573 = SURFACE_CURVE('',#9574,(#9578,#9585),.PCURVE_S1.);
#9574 = LINE('',#9575,#9576);
#9575 = CARTESIAN_POINT('',(-36.14433891662,-26.80646870215,0.));
#9576 = VECTOR('',#9577,1.);
#9577 = DIRECTION('',(0.,0.,1.));
#9578 = PCURVE('',#2406,#9579);
#9579 = DEFINITIONAL_REPRESENTATION('',(#9580),#9584);
#9580 = LINE('',#9581,#9582);
#9581 = CARTESIAN_POINT('',(0.,0.));
#9582 = VECTOR('',#9583,1.);
#9583 = DIRECTION('',(0.,-1.));
#9584 = ( GEOMETRIC_REPRESENTATION_CONTEXT(2) 
PARAMETRIC_REPRESENTATION_CONTEXT() REPRESENTATION_CONTEXT('2D SPACE',''
  ) );
#9585 = PCURVE('',#2378,#9586);
#9586 = DEFINITIONAL_REPRESENTATION('',(#9587),#9591);
#9587 = LINE('',#9588,#9589);
#9588 = CARTESIAN_POINT('',(2.208710567062,0.));
#9589 = VECTOR('',#9590,1.);
#9590 = DIRECTION('',(0.,-1.));
#9591 = ( GEOMETRIC_REPRESENTATION_CONTEXT(2) 
PARAMETRIC_REPRESENTATION_CONTEXT() REPRESENTATION_CONTEXT('2D SPACE',''
  ) );
#9592 = ORIENTED_EDGE('',*,*,#5654,.T.);
#9593 = ORIENTED_EDGE('',*,*,#9518,.F.);
#9594 = ORIENTED_EDGE('',*,*,#2390,.F.);
#9595 = ADVANCED_FACE('',(#9596),#1678,.F.);
#9596 = FACE_BOUND('',#9597,.F.);
#9597 = EDGE_LOOP('',(#9598,#9599,#9600,#9621));
#9598 = ORIENTED_EDGE('',*,*,#9547,.T.);
#9599 = ORIENTED_EDGE('',*,*,#5056,.T.);
#9600 = ORIENTED_EDGE('',*,*,#9601,.F.);
#9601 = EDGE_CURVE('',#1663,#5057,#9602,.T.);
#9602 = SURFACE_CURVE('',#9603,(#9607,#9614),.PCURVE_S1.);
#9603 = LINE('',#9604,#9605);
#9604 = CARTESIAN_POINT('',(-37.41613255361,25.000660485882,0.));
#9605 = VECTOR('',#9606,1.);
#9606 = DIRECTION('',(0.,0.,1.));
#9607 = PCURVE('',#1678,#9608);
#9608 = DEFINITIONAL_REPRESENTATION('',(#9609),#9613);
#9609 = LINE('',#9610,#9611);
#9610 = CARTESIAN_POINT('',(2.208710567062,0.));
#9611 = VECTOR('',#9612,1.);
#9612 = DIRECTION('',(0.,-1.));
#9613 = ( GEOMETRIC_REPRESENTATION_CONTEXT(2) 
PARAMETRIC_REPRESENTATION_CONTEXT() REPRESENTATION_CONTEXT('2D SPACE',''
  ) );
#9614 = PCURVE('',#1706,#9615);
#9615 = DEFINITIONAL_REPRESENTATION('',(#9616),#9620);
#9616 = LINE('',#9617,#9618);
#9617 = CARTESIAN_POINT('',(0.,0.));
#9618 = VECTOR('',#9619,1.);
#9619 = DIRECTION('',(0.,-1.));
#9620 = ( GEOMETRIC_REPRESENTATION_CONTEXT(2) 
PARAMETRIC_REPRESENTATION_CONTEXT() REPRESENTATION_CONTEXT('2D SPACE',''
  ) );
#9621 = ORIENTED_EDGE('',*,*,#1662,.F.);
#9622 = ADVANCED_FACE('',(#9623),#2378,.F.);
#9623 = FACE_BOUND('',#9624,.F.);
#9624 = EDGE_LOOP('',(#9625,#9646,#9647,#9648));
#9625 = ORIENTED_EDGE('',*,*,#9626,.T.);
#9626 = EDGE_CURVE('',#2335,#5609,#9627,.T.);
#9627 = SURFACE_CURVE('',#9628,(#9632,#9639),.PCURVE_S1.);
#9628 = LINE('',#9629,#9630);
#9629 = CARTESIAN_POINT('',(-37.41613255361,-25.00066048588,0.));
#9630 = VECTOR('',#9631,1.);
#9631 = DIRECTION('',(0.,0.,1.));
#9632 = PCURVE('',#2378,#9633);
#9633 = DEFINITIONAL_REPRESENTATION('',(#9634),#9638);
#9634 = LINE('',#9635,#9636);
#9635 = CARTESIAN_POINT('',(0.,0.));
#9636 = VECTOR('',#9637,1.);
#9637 = DIRECTION('',(0.,-1.));
#9638 = ( GEOMETRIC_REPRESENTATION_CONTEXT(2) 
PARAMETRIC_REPRESENTATION_CONTEXT() REPRESENTATION_CONTEXT('2D SPACE',''
  ) );
#9639 = PCURVE('',#2350,#9640);
#9640 = DEFINITIONAL_REPRESENTATION('',(#9641),#9645);
#9641 = LINE('',#9642,#9643);
#9642 = CARTESIAN_POINT('',(2.208710567062,0.));
#9643 = VECTOR('',#9644,1.);
#9644 = DIRECTION('',(0.,-1.));
#9645 = ( GEOMETRIC_REPRESENTATION_CONTEXT(2) 
PARAMETRIC_REPRESENTATION_CONTEXT() REPRESENTATION_CONTEXT('2D SPACE',''
  ) );
#9646 = ORIENTED_EDGE('',*,*,#5631,.T.);
#9647 = ORIENTED_EDGE('',*,*,#9572,.F.);
#9648 = ORIENTED_EDGE('',*,*,#2362,.F.);
#9649 = ADVANCED_FACE('',(#9650),#1706,.F.);
#9650 = FACE_BOUND('',#9651,.F.);
#9651 = EDGE_LOOP('',(#9652,#9653,#9654,#9675));
#9652 = ORIENTED_EDGE('',*,*,#9601,.T.);
#9653 = ORIENTED_EDGE('',*,*,#5079,.T.);
#9654 = ORIENTED_EDGE('',*,*,#9655,.F.);
#9655 = EDGE_CURVE('',#1691,#5080,#9656,.T.);
#9656 = SURFACE_CURVE('',#9657,(#9661,#9668),.PCURVE_S1.);
#9657 = LINE('',#9658,#9659);
#9658 = CARTESIAN_POINT('',(-38.59778745001,23.134623488695,0.));
#9659 = VECTOR('',#9660,1.);
#9660 = DIRECTION('',(0.,0.,1.));
#9661 = PCURVE('',#1706,#9662);
#9662 = DEFINITIONAL_REPRESENTATION('',(#9663),#9667);
#9663 = LINE('',#9664,#9665);
#9664 = CARTESIAN_POINT('',(2.208710567062,0.));
#9665 = VECTOR('',#9666,1.);
#9666 = DIRECTION('',(0.,-1.));
#9667 = ( GEOMETRIC_REPRESENTATION_CONTEXT(2) 
PARAMETRIC_REPRESENTATION_CONTEXT() REPRESENTATION_CONTEXT('2D SPACE',''
  ) );
#9668 = PCURVE('',#1734,#9669);
#9669 = DEFINITIONAL_REPRESENTATION('',(#9670),#9674);
#9670 = LINE('',#9671,#9672);
#9671 = CARTESIAN_POINT('',(0.,0.));
#9672 = VECTOR('',#9673,1.);
#9673 = DIRECTION('',(0.,-1.));
#9674 = ( GEOMETRIC_REPRESENTATION_CONTEXT(2) 
PARAMETRIC_REPRESENTATION_CONTEXT() REPRESENTATION_CONTEXT('2D SPACE',''
  ) );
#9675 = ORIENTED_EDGE('',*,*,#1690,.F.);
#9676 = ADVANCED_FACE('',(#9677),#2350,.F.);
#9677 = FACE_BOUND('',#9678,.F.);
#9678 = EDGE_LOOP('',(#9679,#9700,#9701,#9702));
#9679 = ORIENTED_EDGE('',*,*,#9680,.T.);
#9680 = EDGE_CURVE('',#2307,#5586,#9681,.T.);
#9681 = SURFACE_CURVE('',#9682,(#9686,#9693),.PCURVE_S1.);
#9682 = LINE('',#9683,#9684);
#9683 = CARTESIAN_POINT('',(-38.59778745001,-23.13462348869,0.));
#9684 = VECTOR('',#9685,1.);
#9685 = DIRECTION('',(0.,0.,1.));
#9686 = PCURVE('',#2350,#9687);
#9687 = DEFINITIONAL_REPRESENTATION('',(#9688),#9692);
#9688 = LINE('',#9689,#9690);
#9689 = CARTESIAN_POINT('',(0.,0.));
#9690 = VECTOR('',#9691,1.);
#9691 = DIRECTION('',(0.,-1.));
#9692 = ( GEOMETRIC_REPRESENTATION_CONTEXT(2) 
PARAMETRIC_REPRESENTATION_CONTEXT() REPRESENTATION_CONTEXT('2D SPACE',''
  ) );
#9693 = PCURVE('',#2322,#9694);
#9694 = DEFINITIONAL_REPRESENTATION('',(#9695),#9699);
#9695 = LINE('',#9696,#9697);
#9696 = CARTESIAN_POINT('',(2.208710567062,0.));
#9697 = VECTOR('',#9698,1.);
#9698 = DIRECTION('',(0.,-1.));
#9699 = ( GEOMETRIC_REPRESENTATION_CONTEXT(2) 
PARAMETRIC_REPRESENTATION_CONTEXT() REPRESENTATION_CONTEXT('2D SPACE',''
  ) );
#9700 = ORIENTED_EDGE('',*,*,#5608,.T.);
#9701 = ORIENTED_EDGE('',*,*,#9626,.F.);
#9702 = ORIENTED_EDGE('',*,*,#2334,.F.);
#9703 = ADVANCED_FACE('',(#9704),#1734,.F.);
#9704 = FACE_BOUND('',#9705,.F.);
#9705 = EDGE_LOOP('',(#9706,#9707,#9708,#9729));
#9706 = ORIENTED_EDGE('',*,*,#9655,.T.);
#9707 = ORIENTED_EDGE('',*,*,#5102,.T.);
#9708 = ORIENTED_EDGE('',*,*,#9709,.F.);
#9709 = EDGE_CURVE('',#1719,#5103,#9710,.T.);
#9710 = SURFACE_CURVE('',#9711,(#9715,#9722),.PCURVE_S1.);
#9711 = LINE('',#9712,#9713);
#9712 = CARTESIAN_POINT('',(-39.68645689567,21.21285315717,0.));
#9713 = VECTOR('',#9714,1.);
#9714 = DIRECTION('',(0.,0.,1.));
#9715 = PCURVE('',#1734,#9716);
#9716 = DEFINITIONAL_REPRESENTATION('',(#9717),#9721);
#9717 = LINE('',#9718,#9719);
#9718 = CARTESIAN_POINT('',(2.208710567062,0.));
#9719 = VECTOR('',#9720,1.);
#9720 = DIRECTION('',(0.,-1.));
#9721 = ( GEOMETRIC_REPRESENTATION_CONTEXT(2) 
PARAMETRIC_REPRESENTATION_CONTEXT() REPRESENTATION_CONTEXT('2D SPACE',''
  ) );
#9722 = PCURVE('',#1762,#9723);
#9723 = DEFINITIONAL_REPRESENTATION('',(#9724),#9728);
#9724 = LINE('',#9725,#9726);
#9725 = CARTESIAN_POINT('',(0.,0.));
#9726 = VECTOR('',#9727,1.);
#9727 = DIRECTION('',(0.,-1.));
#9728 = ( GEOMETRIC_REPRESENTATION_CONTEXT(2) 
PARAMETRIC_REPRESENTATION_CONTEXT() REPRESENTATION_CONTEXT('2D SPACE',''
  ) );
#9729 = ORIENTED_EDGE('',*,*,#1718,.F.);
#9730 = ADVANCED_FACE('',(#9731),#2322,.F.);
#9731 = FACE_BOUND('',#9732,.F.);
#9732 = EDGE_LOOP('',(#9733,#9754,#9755,#9756));
#9733 = ORIENTED_EDGE('',*,*,#9734,.T.);
#9734 = EDGE_CURVE('',#2279,#5563,#9735,.T.);
#9735 = SURFACE_CURVE('',#9736,(#9740,#9747),.PCURVE_S1.);
#9736 = LINE('',#9737,#9738);
#9737 = CARTESIAN_POINT('',(-39.68645689567,-21.21285315717,0.));
#9738 = VECTOR('',#9739,1.);
#9739 = DIRECTION('',(0.,0.,1.));
#9740 = PCURVE('',#2322,#9741);
#9741 = DEFINITIONAL_REPRESENTATION('',(#9742),#9746);
#9742 = LINE('',#9743,#9744);
#9743 = CARTESIAN_POINT('',(0.,0.));
#9744 = VECTOR('',#9745,1.);
#9745 = DIRECTION('',(0.,-1.));
#9746 = ( GEOMETRIC_REPRESENTATION_CONTEXT(2) 
PARAMETRIC_REPRESENTATION_CONTEXT() REPRESENTATION_CONTEXT('2D SPACE',''
  ) );
#9747 = PCURVE('',#2294,#9748);
#9748 = DEFINITIONAL_REPRESENTATION('',(#9749),#9753);
#9749 = LINE('',#9750,#9751);
#9750 = CARTESIAN_POINT('',(2.208710567062,0.));
#9751 = VECTOR('',#9752,1.);
#9752 = DIRECTION('',(0.,-1.));
#9753 = ( GEOMETRIC_REPRESENTATION_CONTEXT(2) 
PARAMETRIC_REPRESENTATION_CONTEXT() REPRESENTATION_CONTEXT('2D SPACE',''
  ) );
#9754 = ORIENTED_EDGE('',*,*,#5585,.T.);
#9755 = ORIENTED_EDGE('',*,*,#9680,.F.);
#9756 = ORIENTED_EDGE('',*,*,#2306,.F.);
#9757 = ADVANCED_FACE('',(#9758),#1762,.F.);
#9758 = FACE_BOUND('',#9759,.F.);
#9759 = EDGE_LOOP('',(#9760,#9761,#9762,#9783));
#9760 = ORIENTED_EDGE('',*,*,#9709,.T.);
#9761 = ORIENTED_EDGE('',*,*,#5125,.T.);
#9762 = ORIENTED_EDGE('',*,*,#9763,.F.);
#9763 = EDGE_CURVE('',#1747,#5126,#9764,.T.);
#9764 = SURFACE_CURVE('',#9765,(#9769,#9776),.PCURVE_S1.);
#9765 = LINE('',#9766,#9767);
#9766 = CARTESIAN_POINT('',(-40.67951819055,19.239979204363,0.));
#9767 = VECTOR('',#9768,1.);
#9768 = DIRECTION('',(0.,0.,1.));
#9769 = PCURVE('',#1762,#9770);
#9770 = DEFINITIONAL_REPRESENTATION('',(#9771),#9775);
#9771 = LINE('',#9772,#9773);
#9772 = CARTESIAN_POINT('',(2.208710567062,0.));
#9773 = VECTOR('',#9774,1.);
#9774 = DIRECTION('',(0.,-1.));
#9775 = ( GEOMETRIC_REPRESENTATION_CONTEXT(2) 
PARAMETRIC_REPRESENTATION_CONTEXT() REPRESENTATION_CONTEXT('2D SPACE',''
  ) );
#9776 = PCURVE('',#1790,#9777);
#9777 = DEFINITIONAL_REPRESENTATION('',(#9778),#9782);
#9778 = LINE('',#9779,#9780);
#9779 = CARTESIAN_POINT('',(0.,0.));
#9780 = VECTOR('',#9781,1.);
#9781 = DIRECTION('',(0.,-1.));
#9782 = ( GEOMETRIC_REPRESENTATION_CONTEXT(2) 
PARAMETRIC_REPRESENTATION_CONTEXT() REPRESENTATION_CONTEXT('2D SPACE',''
  ) );
#9783 = ORIENTED_EDGE('',*,*,#1746,.F.);
#9784 = ADVANCED_FACE('',(#9785),#2294,.F.);
#9785 = FACE_BOUND('',#9786,.F.);
#9786 = EDGE_LOOP('',(#9787,#9808,#9809,#9810));
#9787 = ORIENTED_EDGE('',*,*,#9788,.T.);
#9788 = EDGE_CURVE('',#2251,#5540,#9789,.T.);
#9789 = SURFACE_CURVE('',#9790,(#9794,#9801),.PCURVE_S1.);
#9790 = LINE('',#9791,#9792);
#9791 = CARTESIAN_POINT('',(-40.67951819055,-19.23997920436,0.));
#9792 = VECTOR('',#9793,1.);
#9793 = DIRECTION('',(0.,0.,1.));
#9794 = PCURVE('',#2294,#9795);
#9795 = DEFINITIONAL_REPRESENTATION('',(#9796),#9800);
#9796 = LINE('',#9797,#9798);
#9797 = CARTESIAN_POINT('',(0.,0.));
#9798 = VECTOR('',#9799,1.);
#9799 = DIRECTION('',(0.,-1.));
#9800 = ( GEOMETRIC_REPRESENTATION_CONTEXT(2) 
PARAMETRIC_REPRESENTATION_CONTEXT() REPRESENTATION_CONTEXT('2D SPACE',''
  ) );
#9801 = PCURVE('',#2266,#9802);
#9802 = DEFINITIONAL_REPRESENTATION('',(#9803),#9807);
#9803 = LINE('',#9804,#9805);
#9804 = CARTESIAN_POINT('',(2.208710567062,0.));
#9805 = VECTOR('',#9806,1.);
#9806 = DIRECTION('',(0.,-1.));
#9807 = ( GEOMETRIC_REPRESENTATION_CONTEXT(2) 
PARAMETRIC_REPRESENTATION_CONTEXT() REPRESENTATION_CONTEXT('2D SPACE',''
  ) );
#9808 = ORIENTED_EDGE('',*,*,#5562,.T.);
#9809 = ORIENTED_EDGE('',*,*,#9734,.F.);
#9810 = ORIENTED_EDGE('',*,*,#2278,.F.);
#9811 = ADVANCED_FACE('',(#9812),#1790,.F.);
#9812 = FACE_BOUND('',#9813,.F.);
#9813 = EDGE_LOOP('',(#9814,#9815,#9816,#9837));
#9814 = ORIENTED_EDGE('',*,*,#9763,.T.);
#9815 = ORIENTED_EDGE('',*,*,#5148,.T.);
#9816 = ORIENTED_EDGE('',*,*,#9817,.F.);
#9817 = EDGE_CURVE('',#1775,#5149,#9818,.T.);
#9818 = SURFACE_CURVE('',#9819,(#9823,#9830),.PCURVE_S1.);
#9819 = LINE('',#9820,#9821);
#9820 = CARTESIAN_POINT('',(-41.574578963,17.220754456429,0.));
#9821 = VECTOR('',#9822,1.);
#9822 = DIRECTION('',(0.,0.,1.));
#9823 = PCURVE('',#1790,#9824);
#9824 = DEFINITIONAL_REPRESENTATION('',(#9825),#9829);
#9825 = LINE('',#9826,#9827);
#9826 = CARTESIAN_POINT('',(2.208710567062,0.));
#9827 = VECTOR('',#9828,1.);
#9828 = DIRECTION('',(0.,-1.));
#9829 = ( GEOMETRIC_REPRESENTATION_CONTEXT(2) 
PARAMETRIC_REPRESENTATION_CONTEXT() REPRESENTATION_CONTEXT('2D SPACE',''
  ) );
#9830 = PCURVE('',#1818,#9831);
#9831 = DEFINITIONAL_REPRESENTATION('',(#9832),#9836);
#9832 = LINE('',#9833,#9834);
#9833 = CARTESIAN_POINT('',(0.,0.));
#9834 = VECTOR('',#9835,1.);
#9835 = DIRECTION('',(0.,-1.));
#9836 = ( GEOMETRIC_REPRESENTATION_CONTEXT(2) 
PARAMETRIC_REPRESENTATION_CONTEXT() REPRESENTATION_CONTEXT('2D SPACE',''
  ) );
#9837 = ORIENTED_EDGE('',*,*,#1774,.F.);
#9838 = ADVANCED_FACE('',(#9839),#2266,.F.);
#9839 = FACE_BOUND('',#9840,.F.);
#9840 = EDGE_LOOP('',(#9841,#9862,#9863,#9864));
#9841 = ORIENTED_EDGE('',*,*,#9842,.T.);
#9842 = EDGE_CURVE('',#2223,#5517,#9843,.T.);
#9843 = SURFACE_CURVE('',#9844,(#9848,#9855),.PCURVE_S1.);
#9844 = LINE('',#9845,#9846);
#9845 = CARTESIAN_POINT('',(-41.574578963,-17.22075445642,0.));
#9846 = VECTOR('',#9847,1.);
#9847 = DIRECTION('',(0.,0.,1.));
#9848 = PCURVE('',#2266,#9849);
#9849 = DEFINITIONAL_REPRESENTATION('',(#9850),#9854);
#9850 = LINE('',#9851,#9852);
#9851 = CARTESIAN_POINT('',(0.,0.));
#9852 = VECTOR('',#9853,1.);
#9853 = DIRECTION('',(0.,-1.));
#9854 = ( GEOMETRIC_REPRESENTATION_CONTEXT(2) 
PARAMETRIC_REPRESENTATION_CONTEXT() REPRESENTATION_CONTEXT('2D SPACE',''
  ) );
#9855 = PCURVE('',#2238,#9856);
#9856 = DEFINITIONAL_REPRESENTATION('',(#9857),#9861);
#9857 = LINE('',#9858,#9859);
#9858 = CARTESIAN_POINT('',(2.208710567062,0.));
#9859 = VECTOR('',#9860,1.);
#9860 = DIRECTION('',(0.,-1.));
#9861 = ( GEOMETRIC_REPRESENTATION_CONTEXT(2) 
PARAMETRIC_REPRESENTATION_CONTEXT() REPRESENTATION_CONTEXT('2D SPACE',''
  ) );
#9862 = ORIENTED_EDGE('',*,*,#5539,.T.);
#9863 = ORIENTED_EDGE('',*,*,#9788,.F.);
#9864 = ORIENTED_EDGE('',*,*,#2250,.F.);
#9865 = ADVANCED_FACE('',(#9866),#1818,.F.);
#9866 = FACE_BOUND('',#9867,.F.);
#9867 = EDGE_LOOP('',(#9868,#9869,#9870,#9891));
#9868 = ORIENTED_EDGE('',*,*,#9817,.T.);
#9869 = ORIENTED_EDGE('',*,*,#5171,.T.);
#9870 = ORIENTED_EDGE('',*,*,#9871,.F.);
#9871 = EDGE_CURVE('',#1803,#5172,#9872,.T.);
#9872 = SURFACE_CURVE('',#9873,(#9877,#9884),.PCURVE_S1.);
#9873 = LINE('',#9874,#9875);
#9874 = CARTESIAN_POINT('',(-42.36948293323,15.16004340265,0.));
#9875 = VECTOR('',#9876,1.);
#9876 = DIRECTION('',(0.,0.,1.));
#9877 = PCURVE('',#1818,#9878);
#9878 = DEFINITIONAL_REPRESENTATION('',(#9879),#9883);
#9879 = LINE('',#9880,#9881);
#9880 = CARTESIAN_POINT('',(2.208710567062,0.));
#9881 = VECTOR('',#9882,1.);
#9882 = DIRECTION('',(0.,-1.));
#9883 = ( GEOMETRIC_REPRESENTATION_CONTEXT(2) 
PARAMETRIC_REPRESENTATION_CONTEXT() REPRESENTATION_CONTEXT('2D SPACE',''
  ) );
#9884 = PCURVE('',#1846,#9885);
#9885 = DEFINITIONAL_REPRESENTATION('',(#9886),#9890);
#9886 = LINE('',#9887,#9888);
#9887 = CARTESIAN_POINT('',(0.,0.));
#9888 = VECTOR('',#9889,1.);
#9889 = DIRECTION('',(0.,-1.));
#9890 = ( GEOMETRIC_REPRESENTATION_CONTEXT(2) 
PARAMETRIC_REPRESENTATION_CONTEXT() REPRESENTATION_CONTEXT('2D SPACE',''
  ) );
#9891 = ORIENTED_EDGE('',*,*,#1802,.F.);
#9892 = ADVANCED_FACE('',(#9893),#2238,.F.);
#9893 = FACE_BOUND('',#9894,.F.);
#9894 = EDGE_LOOP('',(#9895,#9916,#9917,#9918));
#9895 = ORIENTED_EDGE('',*,*,#9896,.T.);
#9896 = EDGE_CURVE('',#2195,#5494,#9897,.T.);
#9897 = SURFACE_CURVE('',#9898,(#9902,#9909),.PCURVE_S1.);
#9898 = LINE('',#9899,#9900);
#9899 = CARTESIAN_POINT('',(-42.36948293323,-15.16004340265,0.));
#9900 = VECTOR('',#9901,1.);
#9901 = DIRECTION('',(0.,0.,1.));
#9902 = PCURVE('',#2238,#9903);
#9903 = DEFINITIONAL_REPRESENTATION('',(#9904),#9908);
#9904 = LINE('',#9905,#9906);
#9905 = CARTESIAN_POINT('',(0.,0.));
#9906 = VECTOR('',#9907,1.);
#9907 = DIRECTION('',(0.,-1.));
#9908 = ( GEOMETRIC_REPRESENTATION_CONTEXT(2) 
PARAMETRIC_REPRESENTATION_CONTEXT() REPRESENTATION_CONTEXT('2D SPACE',''
  ) );
#9909 = PCURVE('',#2210,#9910);
#9910 = DEFINITIONAL_REPRESENTATION('',(#9911),#9915);
#9911 = LINE('',#9912,#9913);
#9912 = CARTESIAN_POINT('',(2.208710567062,0.));
#9913 = VECTOR('',#9914,1.);
#9914 = DIRECTION('',(0.,-1.));
#9915 = ( GEOMETRIC_REPRESENTATION_CONTEXT(2) 
PARAMETRIC_REPRESENTATION_CONTEXT() REPRESENTATION_CONTEXT('2D SPACE',''
  ) );
#9916 = ORIENTED_EDGE('',*,*,#5516,.T.);
#9917 = ORIENTED_EDGE('',*,*,#9842,.F.);
#9918 = ORIENTED_EDGE('',*,*,#2222,.F.);
#9919 = ADVANCED_FACE('',(#9920),#1846,.F.);
#9920 = FACE_BOUND('',#9921,.F.);
#9921 = EDGE_LOOP('',(#9922,#9923,#9924,#9945));
#9922 = ORIENTED_EDGE('',*,*,#9871,.T.);
#9923 = ORIENTED_EDGE('',*,*,#5194,.T.);
#9924 = ORIENTED_EDGE('',*,*,#9925,.F.);
#9925 = EDGE_CURVE('',#1831,#5195,#9926,.T.);
#9926 = SURFACE_CURVE('',#9927,(#9931,#9938),.PCURVE_S1.);
#9927 = LINE('',#9928,#9929);
#9928 = CARTESIAN_POINT('',(-43.06231510794,13.062810476451,0.));
#9929 = VECTOR('',#9930,1.);
#9930 = DIRECTION('',(0.,0.,1.));
#9931 = PCURVE('',#1846,#9932);
#9932 = DEFINITIONAL_REPRESENTATION('',(#9933),#9937);
#9933 = LINE('',#9934,#9935);
#9934 = CARTESIAN_POINT('',(2.208710567062,0.));
#9935 = VECTOR('',#9936,1.);
#9936 = DIRECTION('',(0.,-1.));
#9937 = ( GEOMETRIC_REPRESENTATION_CONTEXT(2) 
PARAMETRIC_REPRESENTATION_CONTEXT() REPRESENTATION_CONTEXT('2D SPACE',''
  ) );
#9938 = PCURVE('',#1874,#9939);
#9939 = DEFINITIONAL_REPRESENTATION('',(#9940),#9944);
#9940 = LINE('',#9941,#9942);
#9941 = CARTESIAN_POINT('',(0.,0.));
#9942 = VECTOR('',#9943,1.);
#9943 = DIRECTION('',(0.,-1.));
#9944 = ( GEOMETRIC_REPRESENTATION_CONTEXT(2) 
PARAMETRIC_REPRESENTATION_CONTEXT() REPRESENTATION_CONTEXT('2D SPACE',''
  ) );
#9945 = ORIENTED_EDGE('',*,*,#1830,.F.);
#9946 = ADVANCED_FACE('',(#9947),#2210,.F.);
#9947 = FACE_BOUND('',#9948,.F.);
#9948 = EDGE_LOOP('',(#9949,#9970,#9971,#9972));
#9949 = ORIENTED_EDGE('',*,*,#9950,.T.);
#9950 = EDGE_CURVE('',#2167,#5471,#9951,.T.);
#9951 = SURFACE_CURVE('',#9952,(#9956,#9963),.PCURVE_S1.);
#9952 = LINE('',#9953,#9954);
#9953 = CARTESIAN_POINT('',(-43.06231510794,-13.06281047645,0.));
#9954 = VECTOR('',#9955,1.);
#9955 = DIRECTION('',(0.,0.,1.));
#9956 = PCURVE('',#2210,#9957);
#9957 = DEFINITIONAL_REPRESENTATION('',(#9958),#9962);
#9958 = LINE('',#9959,#9960);
#9959 = CARTESIAN_POINT('',(0.,0.));
#9960 = VECTOR('',#9961,1.);
#9961 = DIRECTION('',(0.,-1.));
#9962 = ( GEOMETRIC_REPRESENTATION_CONTEXT(2) 
PARAMETRIC_REPRESENTATION_CONTEXT() REPRESENTATION_CONTEXT('2D SPACE',''
  ) );
#9963 = PCURVE('',#2182,#9964);
#9964 = DEFINITIONAL_REPRESENTATION('',(#9965),#9969);
#9965 = LINE('',#9966,#9967);
#9966 = CARTESIAN_POINT('',(2.208710567062,0.));
#9967 = VECTOR('',#9968,1.);
#9968 = DIRECTION('',(0.,-1.));
#9969 = ( GEOMETRIC_REPRESENTATION_CONTEXT(2) 
PARAMETRIC_REPRESENTATION_CONTEXT() REPRESENTATION_CONTEXT('2D SPACE',''
  ) );
#9970 = ORIENTED_EDGE('',*,*,#5493,.T.);
#9971 = ORIENTED_EDGE('',*,*,#9896,.F.);
#9972 = ORIENTED_EDGE('',*,*,#2194,.F.);
#9973 = ADVANCED_FACE('',(#9974),#1874,.F.);
#9974 = FACE_BOUND('',#9975,.F.);
#9975 = EDGE_LOOP('',(#9976,#9977,#9978,#9999));
#9976 = ORIENTED_EDGE('',*,*,#9925,.T.);
#9977 = ORIENTED_EDGE('',*,*,#5217,.T.);
#9978 = ORIENTED_EDGE('',*,*,#9979,.F.);
#9979 = EDGE_CURVE('',#1859,#5218,#9980,.T.);
#9980 = SURFACE_CURVE('',#9981,(#9985,#9992),.PCURVE_S1.);
#9981 = LINE('',#9982,#9983);
#9982 = CARTESIAN_POINT('',(-43.65140639375,10.934108095647,0.));
#9983 = VECTOR('',#9984,1.);
#9984 = DIRECTION('',(0.,0.,1.));
#9985 = PCURVE('',#1874,#9986);
#9986 = DEFINITIONAL_REPRESENTATION('',(#9987),#9991);
#9987 = LINE('',#9988,#9989);
#9988 = CARTESIAN_POINT('',(2.208710567062,0.));
#9989 = VECTOR('',#9990,1.);
#9990 = DIRECTION('',(0.,-1.));
#9991 = ( GEOMETRIC_REPRESENTATION_CONTEXT(2) 
PARAMETRIC_REPRESENTATION_CONTEXT() REPRESENTATION_CONTEXT('2D SPACE',''
  ) );
#9992 = PCURVE('',#1902,#9993);
#9993 = DEFINITIONAL_REPRESENTATION('',(#9994),#9998);
#9994 = LINE('',#9995,#9996);
#9995 = CARTESIAN_POINT('',(0.,0.));
#9996 = VECTOR('',#9997,1.);
#9997 = DIRECTION('',(0.,-1.));
#9998 = ( GEOMETRIC_REPRESENTATION_CONTEXT(2) 
PARAMETRIC_REPRESENTATION_CONTEXT() REPRESENTATION_CONTEXT('2D SPACE',''
  ) );
#9999 = ORIENTED_EDGE('',*,*,#1858,.F.);
#10000 = ADVANCED_FACE('',(#10001),#2182,.F.);
#10001 = FACE_BOUND('',#10002,.F.);
#10002 = EDGE_LOOP('',(#10003,#10024,#10025,#10026));
#10003 = ORIENTED_EDGE('',*,*,#10004,.T.);
#10004 = EDGE_CURVE('',#2139,#5448,#10005,.T.);
#10005 = SURFACE_CURVE('',#10006,(#10010,#10017),.PCURVE_S1.);
#10006 = LINE('',#10007,#10008);
#10007 = CARTESIAN_POINT('',(-43.65140639375,-10.93410809564,0.));
#10008 = VECTOR('',#10009,1.);
#10009 = DIRECTION('',(0.,0.,1.));
#10010 = PCURVE('',#2182,#10011);
#10011 = DEFINITIONAL_REPRESENTATION('',(#10012),#10016);
#10012 = LINE('',#10013,#10014);
#10013 = CARTESIAN_POINT('',(0.,0.));
#10014 = VECTOR('',#10015,1.);
#10015 = DIRECTION('',(0.,-1.));
#10016 = ( GEOMETRIC_REPRESENTATION_CONTEXT(2) 
PARAMETRIC_REPRESENTATION_CONTEXT() REPRESENTATION_CONTEXT('2D SPACE',''
  ) );
#10017 = PCURVE('',#2154,#10018);
#10018 = DEFINITIONAL_REPRESENTATION('',(#10019),#10023);
#10019 = LINE('',#10020,#10021);
#10020 = CARTESIAN_POINT('',(2.208710567062,0.));
#10021 = VECTOR('',#10022,1.);
#10022 = DIRECTION('',(0.,-1.));
#10023 = ( GEOMETRIC_REPRESENTATION_CONTEXT(2) 
PARAMETRIC_REPRESENTATION_CONTEXT() REPRESENTATION_CONTEXT('2D SPACE',''
  ) );
#10024 = ORIENTED_EDGE('',*,*,#5470,.T.);
#10025 = ORIENTED_EDGE('',*,*,#9950,.F.);
#10026 = ORIENTED_EDGE('',*,*,#2166,.F.);
#10027 = ADVANCED_FACE('',(#10028),#1902,.F.);
#10028 = FACE_BOUND('',#10029,.F.);
#10029 = EDGE_LOOP('',(#10030,#10031,#10032,#10053));
#10030 = ORIENTED_EDGE('',*,*,#9979,.T.);
#10031 = ORIENTED_EDGE('',*,*,#5240,.T.);
#10032 = ORIENTED_EDGE('',*,*,#10033,.F.);
#10033 = EDGE_CURVE('',#1887,#5241,#10034,.T.);
#10034 = SURFACE_CURVE('',#10035,(#10039,#10046),.PCURVE_S1.);
#10035 = LINE('',#10036,#10037);
#10036 = CARTESIAN_POINT('',(-44.13533761814,8.779064490726,0.));
#10037 = VECTOR('',#10038,1.);
#10038 = DIRECTION('',(0.,0.,1.));
#10039 = PCURVE('',#1902,#10040);
#10040 = DEFINITIONAL_REPRESENTATION('',(#10041),#10045);
#10041 = LINE('',#10042,#10043);
#10042 = CARTESIAN_POINT('',(2.208710567062,0.));
#10043 = VECTOR('',#10044,1.);
#10044 = DIRECTION('',(0.,-1.));
#10045 = ( GEOMETRIC_REPRESENTATION_CONTEXT(2) 
PARAMETRIC_REPRESENTATION_CONTEXT() REPRESENTATION_CONTEXT('2D SPACE',''
  ) );
#10046 = PCURVE('',#1930,#10047);
#10047 = DEFINITIONAL_REPRESENTATION('',(#10048),#10052);
#10048 = LINE('',#10049,#10050);
#10049 = CARTESIAN_POINT('',(0.,0.));
#10050 = VECTOR('',#10051,1.);
#10051 = DIRECTION('',(0.,-1.));
#10052 = ( GEOMETRIC_REPRESENTATION_CONTEXT(2) 
PARAMETRIC_REPRESENTATION_CONTEXT() REPRESENTATION_CONTEXT('2D SPACE',''
  ) );
#10053 = ORIENTED_EDGE('',*,*,#1886,.F.);
#10054 = ADVANCED_FACE('',(#10055),#2154,.F.);
#10055 = FACE_BOUND('',#10056,.F.);
#10056 = EDGE_LOOP('',(#10057,#10078,#10079,#10080));
#10057 = ORIENTED_EDGE('',*,*,#10058,.T.);
#10058 = EDGE_CURVE('',#2111,#5425,#10059,.T.);
#10059 = SURFACE_CURVE('',#10060,(#10064,#10071),.PCURVE_S1.);
#10060 = LINE('',#10061,#10062);
#10061 = CARTESIAN_POINT('',(-44.13533761814,-8.779064490726,0.));
#10062 = VECTOR('',#10063,1.);
#10063 = DIRECTION('',(0.,0.,1.));
#10064 = PCURVE('',#2154,#10065);
#10065 = DEFINITIONAL_REPRESENTATION('',(#10066),#10070);
#10066 = LINE('',#10067,#10068);
#10067 = CARTESIAN_POINT('',(0.,0.));
#10068 = VECTOR('',#10069,1.);
#10069 = DIRECTION('',(0.,-1.));
#10070 = ( GEOMETRIC_REPRESENTATION_CONTEXT(2) 
PARAMETRIC_REPRESENTATION_CONTEXT() REPRESENTATION_CONTEXT('2D SPACE',''
  ) );
#10071 = PCURVE('',#2126,#10072);
#10072 = DEFINITIONAL_REPRESENTATION('',(#10073),#10077);
#10073 = LINE('',#10074,#10075);
#10074 = CARTESIAN_POINT('',(2.208710567062,0.));
#10075 = VECTOR('',#10076,1.);
#10076 = DIRECTION('',(0.,-1.));
#10077 = ( GEOMETRIC_REPRESENTATION_CONTEXT(2) 
PARAMETRIC_REPRESENTATION_CONTEXT() REPRESENTATION_CONTEXT('2D SPACE',''
  ) );
#10078 = ORIENTED_EDGE('',*,*,#5447,.T.);
#10079 = ORIENTED_EDGE('',*,*,#10004,.F.);
#10080 = ORIENTED_EDGE('',*,*,#2138,.F.);
#10081 = ADVANCED_FACE('',(#10082),#1930,.F.);
#10082 = FACE_BOUND('',#10083,.F.);
#10083 = EDGE_LOOP('',(#10084,#10085,#10086,#10107));
#10084 = ORIENTED_EDGE('',*,*,#10033,.T.);
#10085 = ORIENTED_EDGE('',*,*,#5263,.T.);
#10086 = ORIENTED_EDGE('',*,*,#10087,.F.);
#10087 = EDGE_CURVE('',#1915,#5264,#10088,.T.);
#10088 = SURFACE_CURVE('',#10089,(#10093,#10100),.PCURVE_S1.);
#10089 = LINE('',#10090,#10091);
#10090 = CARTESIAN_POINT('',(-44.51294294841,6.602871350491,0.));
#10091 = VECTOR('',#10092,1.);
#10092 = DIRECTION('',(0.,0.,1.));
#10093 = PCURVE('',#1930,#10094);
#10094 = DEFINITIONAL_REPRESENTATION('',(#10095),#10099);
#10095 = LINE('',#10096,#10097);
#10096 = CARTESIAN_POINT('',(2.208710567062,0.));
#10097 = VECTOR('',#10098,1.);
#10098 = DIRECTION('',(0.,-1.));
#10099 = ( GEOMETRIC_REPRESENTATION_CONTEXT(2) 
PARAMETRIC_REPRESENTATION_CONTEXT() REPRESENTATION_CONTEXT('2D SPACE',''
  ) );
#10100 = PCURVE('',#1958,#10101);
#10101 = DEFINITIONAL_REPRESENTATION('',(#10102),#10106);
#10102 = LINE('',#10103,#10104);
#10103 = CARTESIAN_POINT('',(0.,0.));
#10104 = VECTOR('',#10105,1.);
#10105 = DIRECTION('',(0.,-1.));
#10106 = ( GEOMETRIC_REPRESENTATION_CONTEXT(2) 
PARAMETRIC_REPRESENTATION_CONTEXT() REPRESENTATION_CONTEXT('2D SPACE',''
  ) );
#10107 = ORIENTED_EDGE('',*,*,#1914,.F.);
#10108 = ADVANCED_FACE('',(#10109),#2126,.F.);
#10109 = FACE_BOUND('',#10110,.F.);
#10110 = EDGE_LOOP('',(#10111,#10132,#10133,#10134));
#10111 = ORIENTED_EDGE('',*,*,#10112,.T.);
#10112 = EDGE_CURVE('',#2083,#5402,#10113,.T.);
#10113 = SURFACE_CURVE('',#10114,(#10118,#10125),.PCURVE_S1.);
#10114 = LINE('',#10115,#10116);
#10115 = CARTESIAN_POINT('',(-44.51294294841,-6.602871350491,0.));
#10116 = VECTOR('',#10117,1.);
#10117 = DIRECTION('',(0.,0.,1.));
#10118 = PCURVE('',#2126,#10119);
#10119 = DEFINITIONAL_REPRESENTATION('',(#10120),#10124);
#10120 = LINE('',#10121,#10122);
#10121 = CARTESIAN_POINT('',(0.,0.));
#10122 = VECTOR('',#10123,1.);
#10123 = DIRECTION('',(0.,-1.));
#10124 = ( GEOMETRIC_REPRESENTATION_CONTEXT(2) 
PARAMETRIC_REPRESENTATION_CONTEXT() REPRESENTATION_CONTEXT('2D SPACE',''
  ) );
#10125 = PCURVE('',#2098,#10126);
#10126 = DEFINITIONAL_REPRESENTATION('',(#10127),#10131);
#10127 = LINE('',#10128,#10129);
#10128 = CARTESIAN_POINT('',(2.208710567062,0.));
#10129 = VECTOR('',#10130,1.);
#10130 = DIRECTION('',(0.,-1.));
#10131 = ( GEOMETRIC_REPRESENTATION_CONTEXT(2) 
PARAMETRIC_REPRESENTATION_CONTEXT() REPRESENTATION_CONTEXT('2D SPACE',''
  ) );
#10132 = ORIENTED_EDGE('',*,*,#5424,.T.);
#10133 = ORIENTED_EDGE('',*,*,#10058,.F.);
#10134 = ORIENTED_EDGE('',*,*,#2110,.F.);
#10135 = ADVANCED_FACE('',(#10136),#1958,.F.);
#10136 = FACE_BOUND('',#10137,.F.);
#10137 = EDGE_LOOP('',(#10138,#10139,#10140,#10161));
#10138 = ORIENTED_EDGE('',*,*,#10087,.T.);
#10139 = ORIENTED_EDGE('',*,*,#5286,.T.);
#10140 = ORIENTED_EDGE('',*,*,#10141,.F.);
#10141 = EDGE_CURVE('',#1943,#5287,#10142,.T.);
#10142 = SURFACE_CURVE('',#10143,(#10147,#10154),.PCURVE_S1.);
#10143 = LINE('',#10144,#10145);
#10144 = CARTESIAN_POINT('',(-44.78331270024,4.41077131483,0.));
#10145 = VECTOR('',#10146,1.);
#10146 = DIRECTION('',(0.,0.,1.));
#10147 = PCURVE('',#1958,#10148);
#10148 = DEFINITIONAL_REPRESENTATION('',(#10149),#10153);
#10149 = LINE('',#10150,#10151);
#10150 = CARTESIAN_POINT('',(2.208710567062,0.));
#10151 = VECTOR('',#10152,1.);
#10152 = DIRECTION('',(0.,-1.));
#10153 = ( GEOMETRIC_REPRESENTATION_CONTEXT(2) 
PARAMETRIC_REPRESENTATION_CONTEXT() REPRESENTATION_CONTEXT('2D SPACE',''
  ) );
#10154 = PCURVE('',#1986,#10155);
#10155 = DEFINITIONAL_REPRESENTATION('',(#10156),#10160);
#10156 = LINE('',#10157,#10158);
#10157 = CARTESIAN_POINT('',(0.,0.));
#10158 = VECTOR('',#10159,1.);
#10159 = DIRECTION('',(0.,-1.));
#10160 = ( GEOMETRIC_REPRESENTATION_CONTEXT(2) 
PARAMETRIC_REPRESENTATION_CONTEXT() REPRESENTATION_CONTEXT('2D SPACE',''
  ) );
#10161 = ORIENTED_EDGE('',*,*,#1942,.F.);
#10162 = ADVANCED_FACE('',(#10163),#2098,.F.);
#10163 = FACE_BOUND('',#10164,.F.);
#10164 = EDGE_LOOP('',(#10165,#10186,#10187,#10188));
#10165 = ORIENTED_EDGE('',*,*,#10166,.T.);
#10166 = EDGE_CURVE('',#2055,#5379,#10167,.T.);
#10167 = SURFACE_CURVE('',#10168,(#10172,#10179),.PCURVE_S1.);
#10168 = LINE('',#10169,#10170);
#10169 = CARTESIAN_POINT('',(-44.78331270024,-4.41077131483,0.));
#10170 = VECTOR('',#10171,1.);
#10171 = DIRECTION('',(0.,0.,1.));
#10172 = PCURVE('',#2098,#10173);
#10173 = DEFINITIONAL_REPRESENTATION('',(#10174),#10178);
#10174 = LINE('',#10175,#10176);
#10175 = CARTESIAN_POINT('',(0.,0.));
#10176 = VECTOR('',#10177,1.);
#10177 = DIRECTION('',(0.,-1.));
#10178 = ( GEOMETRIC_REPRESENTATION_CONTEXT(2) 
PARAMETRIC_REPRESENTATION_CONTEXT() REPRESENTATION_CONTEXT('2D SPACE',''
  ) );
#10179 = PCURVE('',#2070,#10180);
#10180 = DEFINITIONAL_REPRESENTATION('',(#10181),#10185);
#10181 = LINE('',#10182,#10183);
#10182 = CARTESIAN_POINT('',(2.208710567062,0.));
#10183 = VECTOR('',#10184,1.);
#10184 = DIRECTION('',(0.,-1.));
#10185 = ( GEOMETRIC_REPRESENTATION_CONTEXT(2) 
PARAMETRIC_REPRESENTATION_CONTEXT() REPRESENTATION_CONTEXT('2D SPACE',''
  ) );
#10186 = ORIENTED_EDGE('',*,*,#5401,.T.);
#10187 = ORIENTED_EDGE('',*,*,#10112,.F.);
#10188 = ORIENTED_EDGE('',*,*,#2082,.F.);
#10189 = ADVANCED_FACE('',(#10190),#1986,.F.);
#10190 = FACE_BOUND('',#10191,.F.);
#10191 = EDGE_LOOP('',(#10192,#10193,#10194,#10215));
#10192 = ORIENTED_EDGE('',*,*,#10141,.T.);
#10193 = ORIENTED_EDGE('',*,*,#5309,.T.);
#10194 = ORIENTED_EDGE('',*,*,#10195,.F.);
#10195 = EDGE_CURVE('',#1971,#5310,#10196,.T.);
#10196 = SURFACE_CURVE('',#10197,(#10201,#10208),.PCURVE_S1.);
#10197 = LINE('',#10198,#10199);
#10198 = CARTESIAN_POINT('',(-44.94579552923,2.208045344734,0.));
#10199 = VECTOR('',#10200,1.);
#10200 = DIRECTION('',(0.,0.,1.));
#10201 = PCURVE('',#1986,#10202);
#10202 = DEFINITIONAL_REPRESENTATION('',(#10203),#10207);
#10203 = LINE('',#10204,#10205);
#10204 = CARTESIAN_POINT('',(2.208710567062,0.));
#10205 = VECTOR('',#10206,1.);
#10206 = DIRECTION('',(0.,-1.));
#10207 = ( GEOMETRIC_REPRESENTATION_CONTEXT(2) 
PARAMETRIC_REPRESENTATION_CONTEXT() REPRESENTATION_CONTEXT('2D SPACE',''
  ) );
#10208 = PCURVE('',#2014,#10209);
#10209 = DEFINITIONAL_REPRESENTATION('',(#10210),#10214);
#10210 = LINE('',#10211,#10212);
#10211 = CARTESIAN_POINT('',(0.,0.));
#10212 = VECTOR('',#10213,1.);
#10213 = DIRECTION('',(0.,-1.));
#10214 = ( GEOMETRIC_REPRESENTATION_CONTEXT(2) 
PARAMETRIC_REPRESENTATION_CONTEXT() REPRESENTATION_CONTEXT('2D SPACE',''
  ) );
#10215 = ORIENTED_EDGE('',*,*,#1970,.F.);
#10216 = ADVANCED_FACE('',(#10217),#2070,.F.);
#10217 = FACE_BOUND('',#10218,.F.);
#10218 = EDGE_LOOP('',(#10219,#10240,#10241,#10242));
#10219 = ORIENTED_EDGE('',*,*,#10220,.T.);
#10220 = EDGE_CURVE('',#2027,#5356,#10221,.T.);
#10221 = SURFACE_CURVE('',#10222,(#10226,#10233),.PCURVE_S1.);
#10222 = LINE('',#10223,#10224);
#10223 = CARTESIAN_POINT('',(-44.94579552923,-2.208045344734,0.));
#10224 = VECTOR('',#10225,1.);
#10225 = DIRECTION('',(0.,0.,1.));
#10226 = PCURVE('',#2070,#10227);
#10227 = DEFINITIONAL_REPRESENTATION('',(#10228),#10232);
#10228 = LINE('',#10229,#10230);
#10229 = CARTESIAN_POINT('',(0.,0.));
#10230 = VECTOR('',#10231,1.);
#10231 = DIRECTION('',(0.,-1.));
#10232 = ( GEOMETRIC_REPRESENTATION_CONTEXT(2) 
PARAMETRIC_REPRESENTATION_CONTEXT() REPRESENTATION_CONTEXT('2D SPACE',''
  ) );
#10233 = PCURVE('',#2042,#10234);
#10234 = DEFINITIONAL_REPRESENTATION('',(#10235),#10239);
#10235 = LINE('',#10236,#10237);
#10236 = CARTESIAN_POINT('',(2.208710567062,0.));
#10237 = VECTOR('',#10238,1.);
#10238 = DIRECTION('',(0.,-1.));
#10239 = ( GEOMETRIC_REPRESENTATION_CONTEXT(2) 
PARAMETRIC_REPRESENTATION_CONTEXT() REPRESENTATION_CONTEXT('2D SPACE',''
  ) );
#10240 = ORIENTED_EDGE('',*,*,#5378,.T.);
#10241 = ORIENTED_EDGE('',*,*,#10166,.F.);
#10242 = ORIENTED_EDGE('',*,*,#2054,.F.);
#10243 = ADVANCED_FACE('',(#10244),#2014,.F.);
#10244 = FACE_BOUND('',#10245,.F.);
#10245 = EDGE_LOOP('',(#10246,#10247,#10248,#10269));
#10246 = ORIENTED_EDGE('',*,*,#10195,.T.);
#10247 = ORIENTED_EDGE('',*,*,#5332,.T.);
#10248 = ORIENTED_EDGE('',*,*,#10249,.F.);
#10249 = EDGE_CURVE('',#1999,#5333,#10250,.T.);
#10250 = SURFACE_CURVE('',#10251,(#10255,#10262),.PCURVE_S1.);
#10251 = LINE('',#10252,#10253);
#10252 = CARTESIAN_POINT('',(-45.,5.510910596163E-15,0.));
#10253 = VECTOR('',#10254,1.);
#10254 = DIRECTION('',(0.,0.,1.));
#10255 = PCURVE('',#2014,#10256);
#10256 = DEFINITIONAL_REPRESENTATION('',(#10257),#10261);
#10257 = LINE('',#10258,#10259);
#10258 = CARTESIAN_POINT('',(2.208710567062,0.));
#10259 = VECTOR('',#10260,1.);
#10260 = DIRECTION('',(0.,-1.));
#10261 = ( GEOMETRIC_REPRESENTATION_CONTEXT(2) 
PARAMETRIC_REPRESENTATION_CONTEXT() REPRESENTATION_CONTEXT('2D SPACE',''
  ) );
#10262 = PCURVE('',#2042,#10263);
#10263 = DEFINITIONAL_REPRESENTATION('',(#10264),#10268);
#10264 = LINE('',#10265,#10266);
#10265 = CARTESIAN_POINT('',(0.,0.));
#10266 = VECTOR('',#10267,1.);
#10267 = DIRECTION('',(0.,-1.));
#10268 = ( GEOMETRIC_REPRESENTATION_CONTEXT(2) 
PARAMETRIC_REPRESENTATION_CONTEXT() REPRESENTATION_CONTEXT('2D SPACE',''
  ) );
#10269 = ORIENTED_EDGE('',*,*,#1998,.F.);
#10270 = ADVANCED_FACE('',(#10271),#2042,.F.);
#10271 = FACE_BOUND('',#10272,.F.);
#10272 = EDGE_LOOP('',(#10273,#10274,#10275,#10276));
#10273 = ORIENTED_EDGE('',*,*,#10249,.T.);
#10274 = ORIENTED_EDGE('',*,*,#5355,.T.);
#10275 = ORIENTED_EDGE('',*,*,#10220,.F.);
#10276 = ORIENTED_EDGE('',*,*,#2026,.F.);
#10277 = ADVANCED_FACE('',(#10278),#3807,.F.);
#10278 = FACE_BOUND('',#10279,.T.);
#10279 = EDGE_LOOP('',(#10280,#10281,#10302,#10303));
#10280 = ORIENTED_EDGE('',*,*,#3786,.T.);
#10281 = ORIENTED_EDGE('',*,*,#10282,.T.);
#10282 = EDGE_CURVE('',#3787,#6806,#10283,.T.);
#10283 = SEAM_CURVE('',#10284,(#10288,#10295),.PCURVE_S1.);
#10284 = LINE('',#10285,#10286);
#10285 = CARTESIAN_POINT('',(-21.44873734152,-24.74873734152,-1.));
#10286 = VECTOR('',#10287,1.);
#10287 = DIRECTION('',(0.,0.,1.));
#10288 = PCURVE('',#3807,#10289);
#10289 = DEFINITIONAL_REPRESENTATION('',(#10290),#10294);
#10290 = LINE('',#10291,#10292);
#10291 = CARTESIAN_POINT('',(-6.28318530718,0.));
#10292 = VECTOR('',#10293,1.);
#10293 = DIRECTION('',(-0.,-1.));
#10294 = ( GEOMETRIC_REPRESENTATION_CONTEXT(2) 
PARAMETRIC_REPRESENTATION_CONTEXT() REPRESENTATION_CONTEXT('2D SPACE',''
  ) );
#10295 = PCURVE('',#3807,#10296);
#10296 = DEFINITIONAL_REPRESENTATION('',(#10297),#10301);
#10297 = LINE('',#10298,#10299);
#10298 = CARTESIAN_POINT('',(-0.,0.));
#10299 = VECTOR('',#10300,1.);
#10300 = DIRECTION('',(-0.,-1.));
#10301 = ( GEOMETRIC_REPRESENTATION_CONTEXT(2) 
PARAMETRIC_REPRESENTATION_CONTEXT() REPRESENTATION_CONTEXT('2D SPACE',''
  ) );
#10302 = ORIENTED_EDGE('',*,*,#6805,.F.);
#10303 = ORIENTED_EDGE('',*,*,#10282,.F.);
#10304 = ADVANCED_FACE('',(#10305),#3842,.F.);
#10305 = FACE_BOUND('',#10306,.T.);
#10306 = EDGE_LOOP('',(#10307,#10308,#10329,#10330));
#10307 = ORIENTED_EDGE('',*,*,#3821,.T.);
#10308 = ORIENTED_EDGE('',*,*,#10309,.T.);
#10309 = EDGE_CURVE('',#3822,#6836,#10310,.T.);
#10310 = SEAM_CURVE('',#10311,(#10315,#10322),.PCURVE_S1.);
#10311 = LINE('',#10312,#10313);
#10312 = CARTESIAN_POINT('',(28.048737341529,-24.74873734152,-1.));
#10313 = VECTOR('',#10314,1.);
#10314 = DIRECTION('',(0.,0.,1.));
#10315 = PCURVE('',#3842,#10316);
#10316 = DEFINITIONAL_REPRESENTATION('',(#10317),#10321);
#10317 = LINE('',#10318,#10319);
#10318 = CARTESIAN_POINT('',(-6.28318530718,0.));
#10319 = VECTOR('',#10320,1.);
#10320 = DIRECTION('',(-0.,-1.));
#10321 = ( GEOMETRIC_REPRESENTATION_CONTEXT(2) 
PARAMETRIC_REPRESENTATION_CONTEXT() REPRESENTATION_CONTEXT('2D SPACE',''
  ) );
#10322 = PCURVE('',#3842,#10323);
#10323 = DEFINITIONAL_REPRESENTATION('',(#10324),#10328);
#10324 = LINE('',#10325,#10326);
#10325 = CARTESIAN_POINT('',(-0.,0.));
#10326 = VECTOR('',#10327,1.);
#10327 = DIRECTION('',(-0.,-1.));
#10328 = ( GEOMETRIC_REPRESENTATION_CONTEXT(2) 
PARAMETRIC_REPRESENTATION_CONTEXT() REPRESENTATION_CONTEXT('2D SPACE',''
  ) );
#10329 = ORIENTED_EDGE('',*,*,#6835,.F.);
#10330 = ORIENTED_EDGE('',*,*,#10309,.F.);
#10331 = ADVANCED_FACE('',(#10332),#3877,.F.);
#10332 = FACE_BOUND('',#10333,.T.);
#10333 = EDGE_LOOP('',(#10334,#10335,#10356,#10357));
#10334 = ORIENTED_EDGE('',*,*,#3856,.T.);
#10335 = ORIENTED_EDGE('',*,*,#10336,.T.);
#10336 = EDGE_CURVE('',#3857,#6866,#10337,.T.);
#10337 = SEAM_CURVE('',#10338,(#10342,#10349),.PCURVE_S1.);
#10338 = LINE('',#10339,#10340);
#10339 = CARTESIAN_POINT('',(-21.44873734152,24.748737341529,-1.));
#10340 = VECTOR('',#10341,1.);
#10341 = DIRECTION('',(0.,0.,1.));
#10342 = PCURVE('',#3877,#10343);
#10343 = DEFINITIONAL_REPRESENTATION('',(#10344),#10348);
#10344 = LINE('',#10345,#10346);
#10345 = CARTESIAN_POINT('',(-6.28318530718,0.));
#10346 = VECTOR('',#10347,1.);
#10347 = DIRECTION('',(-0.,-1.));
#10348 = ( GEOMETRIC_REPRESENTATION_CONTEXT(2) 
PARAMETRIC_REPRESENTATION_CONTEXT() REPRESENTATION_CONTEXT('2D SPACE',''
  ) );
#10349 = PCURVE('',#3877,#10350);
#10350 = DEFINITIONAL_REPRESENTATION('',(#10351),#10355);
#10351 = LINE('',#10352,#10353);
#10352 = CARTESIAN_POINT('',(-0.,0.));
#10353 = VECTOR('',#10354,1.);
#10354 = DIRECTION('',(-0.,-1.));
#10355 = ( GEOMETRIC_REPRESENTATION_CONTEXT(2) 
PARAMETRIC_REPRESENTATION_CONTEXT() REPRESENTATION_CONTEXT('2D SPACE',''
  ) );
#10356 = ORIENTED_EDGE('',*,*,#6865,.F.);
#10357 = ORIENTED_EDGE('',*,*,#10336,.F.);
#10358 = ADVANCED_FACE('',(#10359),#3912,.F.);
#10359 = FACE_BOUND('',#10360,.T.);
#10360 = EDGE_LOOP('',(#10361,#10362,#10383,#10384));
#10361 = ORIENTED_EDGE('',*,*,#3891,.T.);
#10362 = ORIENTED_EDGE('',*,*,#10363,.T.);
#10363 = EDGE_CURVE('',#3892,#6896,#10364,.T.);
#10364 = SEAM_CURVE('',#10365,(#10369,#10376),.PCURVE_S1.);
#10365 = LINE('',#10366,#10367);
#10366 = CARTESIAN_POINT('',(28.048737341529,24.748737341529,-1.));
#10367 = VECTOR('',#10368,1.);
#10368 = DIRECTION('',(0.,0.,1.));
#10369 = PCURVE('',#3912,#10370);
#10370 = DEFINITIONAL_REPRESENTATION('',(#10371),#10375);
#10371 = LINE('',#10372,#10373);
#10372 = CARTESIAN_POINT('',(-6.28318530718,0.));
#10373 = VECTOR('',#10374,1.);
#10374 = DIRECTION('',(-0.,-1.));
#10375 = ( GEOMETRIC_REPRESENTATION_CONTEXT(2) 
PARAMETRIC_REPRESENTATION_CONTEXT() REPRESENTATION_CONTEXT('2D SPACE',''
  ) );
#10376 = PCURVE('',#3912,#10377);
#10377 = DEFINITIONAL_REPRESENTATION('',(#10378),#10382);
#10378 = LINE('',#10379,#10380);
#10379 = CARTESIAN_POINT('',(-0.,0.));
#10380 = VECTOR('',#10381,1.);
#10381 = DIRECTION('',(-0.,-1.));
#10382 = ( GEOMETRIC_REPRESENTATION_CONTEXT(2) 
PARAMETRIC_REPRESENTATION_CONTEXT() REPRESENTATION_CONTEXT('2D SPACE',''
  ) );
#10383 = ORIENTED_EDGE('',*,*,#6895,.F.);
#10384 = ORIENTED_EDGE('',*,*,#10363,.F.);
#10385 = ( GEOMETRIC_REPRESENTATION_CONTEXT(3) 
GLOBAL_UNCERTAINTY_ASSIGNED_CONTEXT((#10389)) 
GLOBAL_UNIT_ASSIGNED_CONTEXT((#10386,#10387,#10388)) 
REPRESENTATION_CONTEXT('Context #1',
  '3D Context with UNIT and UNCERTAINTY') );
#10386 = ( LENGTH_UNIT() NAMED_UNIT(*) SI_UNIT(.MILLI.,.METRE.) );
#10387 = ( NAMED_UNIT(*) PLANE_ANGLE_UNIT() SI_UNIT($,.RADIAN.) );
#10388 = ( NAMED_UNIT(*) SI_UNIT($,.STERADIAN.) SOLID_ANGLE_UNIT() );
#10389 = UNCERTAINTY_MEASURE_WITH_UNIT(LENGTH_MEASURE(1.E-07),#10386,
  'distance_accuracy_value','confusion accuracy');
#10390 = PRODUCT_RELATED_PRODUCT_CATEGORY('part',$,(#7));
ENDSEC;
END-ISO-10303-21;
