ISO-10303-21;
HEADER;
FILE_DESCRIPTION(('Open CASCADE Model'),'2;1');
FILE_NAME('Open CASCADE Shape Model','2026-09-26T16:53:58',('Author'),(
    'Open CASCADE'),'Open CASCADE STEP processor 7.8','Open CASCADE 7.8'
  ,'Unknown');
FILE_SCHEMA(('AUTOMOTIVE_DESIGN { 1 0 10303 214 1 1 1 1 }'));
ENDSEC;
DATA;
#1 = APPLICATION_PROTOCOL_DEFINITION('international standard',
  'automotive_design',2000,#2);
#2 = APPLICATION_CONTEXT(
  'core data for automotive mechanical design processes');
#3 = SHAPE_DEFINITION_REPRESENTATION(#4,#10);
#4 = PRODUCT_DEFINITION_SHAPE('','',#5);
#5 = PRODUCT_DEFINITION('design','',#6,#9);
#6 = PRODUCT_DEFINITION_FORMATION('','',#7);
#7 = PRODUCT('Open CASCADE STEP translator 7.8 277',
  'Open CASCADE STEP translator 7.8 277','',(#8));
#8 = PRODUCT_CONTEXT('',#2,'mechanical');
#9 = PRODUCT_DEFINITION_CONTEXT('part definition',#2,'design');
#10 = ADVANCED_BREP_SHAPE_REPRESENTATION('',(#11,#15),#3929);
#11 = AXIS2_PLACEMENT_3D('',#12,#13,#14);
#12 = CARTESIAN_POINT('',(0.,0.,0.));
#13 = DIRECTION('',(0.,0.,1.));
#14 = DIRECTION('',(1.,0.,-0.));
#15 = MANIFOLD_SOLID_BREP('',#16);
#16 = CLOSED_SHELL('',(#17,#137,#407,#890,#1123,#1422,#1429,#1484,#1807,
    #1862,#1917,#2702,#2757,#2812,#2839,#2866,#2921,#2976,#3003,#3030,
    #3085,#3140,#3195,#3222,#3277,#3328,#3383,#3438,#3493,#3548,#3603,
    #3630,#3706,#3755,#3804,#3831,#3858,#3862,#3866,#3870,#3874,#3878,
    #3882,#3886,#3890,#3894,#3898,#3902,#3906,#3910,#3914,#3918,#3922));
#17 = ADVANCED_FACE('',(#18),#32,.F.);
#18 = FACE_BOUND('',#19,.F.);
#19 = EDGE_LOOP('',(#20,#55,#83,#111));
#20 = ORIENTED_EDGE('',*,*,#21,.F.);
#21 = EDGE_CURVE('',#22,#24,#26,.T.);
#22 = VERTEX_POINT('',#23);
#23 = CARTESIAN_POINT('',(0.,0.,0.));
#24 = VERTEX_POINT('',#25);
#25 = CARTESIAN_POINT('',(0.,0.,22.));
#26 = SURFACE_CURVE('',#27,(#31,#43),.PCURVE_S1.);
#27 = LINE('',#28,#29);
#28 = CARTESIAN_POINT('',(0.,0.,0.));
#29 = VECTOR('',#30,1.);
#30 = DIRECTION('',(0.,0.,1.));
#31 = PCURVE('',#32,#37);
#32 = PLANE('',#33);
#33 = AXIS2_PLACEMENT_3D('',#34,#35,#36);
#34 = CARTESIAN_POINT('',(0.,0.,0.));
#35 = DIRECTION('',(1.,0.,0.));
#36 = DIRECTION('',(0.,0.,1.));
#37 = DEFINITIONAL_REPRESENTATION('',(#38),#42);
#38 = LINE('',#39,#40);
#39 = CARTESIAN_POINT('',(0.,0.));
#40 = VECTOR('',#41,1.);
#41 = DIRECTION('',(1.,0.));
#42 = ( GEOMETRIC_REPRESENTATION_CONTEXT(2) 
PARAMETRIC_REPRESENTATION_CONTEXT() REPRESENTATION_CONTEXT('2D SPACE',''
  ) );
#43 = PCURVE('',#44,#49);
#44 = PLANE('',#45);
#45 = AXIS2_PLACEMENT_3D('',#46,#47,#48);
#46 = CARTESIAN_POINT('',(0.,0.,0.));
#47 = DIRECTION('',(0.,1.,0.));
#48 = DIRECTION('',(0.,0.,1.));
#49 = DEFINITIONAL_REPRESENTATION('',(#50),#54);
#50 = LINE('',#51,#52);
#51 = CARTESIAN_POINT('',(0.,0.));
#52 = VECTOR('',#53,1.);
#53 = DIRECTION('',(1.,0.));
#54 = ( GEOMETRIC_REPRESENTATION_CONTEXT(2) 
PARAMETRIC_REPRESENTATION_CONTEXT() REPRESENTATION_CONTEXT('2D SPACE',''
  ) );
#55 = ORIENTED_EDGE('',*,*,#56,.T.);
#56 = EDGE_CURVE('',#22,#57,#59,.T.);
#57 = VERTEX_POINT('',#58);
#58 = CARTESIAN_POINT('',(0.,72.,0.));
#59 = SURFACE_CURVE('',#60,(#64,#71),.PCURVE_S1.);
#60 = LINE('',#61,#62);
#61 = CARTESIAN_POINT('',(0.,0.,0.));
#62 = VECTOR('',#63,1.);
#63 = DIRECTION('',(0.,1.,0.));
#64 = PCURVE('',#32,#65);
#65 = DEFINITIONAL_REPRESENTATION('',(#66),#70);
#66 = LINE('',#67,#68);
#67 = CARTESIAN_POINT('',(0.,0.));
#68 = VECTOR('',#69,1.);
#69 = DIRECTION('',(0.,-1.));
#70 = ( GEOMETRIC_REPRESENTATION_CONTEXT(2) 
PARAMETRIC_REPRESENTATION_CONTEXT() REPRESENTATION_CONTEXT('2D SPACE',''
  ) );
#71 = PCURVE('',#72,#77);
#72 = PLANE('',#73);
#73 = AXIS2_PLACEMENT_3D('',#74,#75,#76);
#74 = CARTESIAN_POINT('',(0.,0.,0.));
#75 = DIRECTION('',(0.,0.,1.));
#76 = DIRECTION('',(1.,0.,0.));
#77 = DEFINITIONAL_REPRESENTATION('',(#78),#82);
#78 = LINE('',#79,#80);
#79 = CARTESIAN_POINT('',(0.,0.));
#80 = VECTOR('',#81,1.);
#81 = DIRECTION('',(0.,1.));
#82 = ( GEOMETRIC_REPRESENTATION_CONTEXT(2) 
PARAMETRIC_REPRESENTATION_CONTEXT() REPRESENTATION_CONTEXT('2D SPACE',''
  ) );
#83 = ORIENTED_EDGE('',*,*,#84,.T.);
#84 = EDGE_CURVE('',#57,#85,#87,.T.);
#85 = VERTEX_POINT('',#86);
#86 = CARTESIAN_POINT('',(0.,72.,22.));
#87 = SURFACE_CURVE('',#88,(#92,#99),.PCURVE_S1.);
#88 = LINE('',#89,#90);
#89 = CARTESIAN_POINT('',(0.,72.,0.));
#90 = VECTOR('',#91,1.);
#91 = DIRECTION('',(0.,0.,1.));
#92 = PCURVE('',#32,#93);
#93 = DEFINITIONAL_REPRESENTATION('',(#94),#98);
#94 = LINE('',#95,#96);
#95 = CARTESIAN_POINT('',(0.,-72.));
#96 = VECTOR('',#97,1.);
#97 = DIRECTION('',(1.,0.));
#98 = ( GEOMETRIC_REPRESENTATION_CONTEXT(2) 
PARAMETRIC_REPRESENTATION_CONTEXT() REPRESENTATION_CONTEXT('2D SPACE',''
  ) );
#99 = PCURVE('',#100,#105);
#100 = PLANE('',#101);
#101 = AXIS2_PLACEMENT_3D('',#102,#103,#104);
#102 = CARTESIAN_POINT('',(0.,72.,0.));
#103 = DIRECTION('',(0.,1.,0.));
#104 = DIRECTION('',(0.,0.,1.));
#105 = DEFINITIONAL_REPRESENTATION('',(#106),#110);
#106 = LINE('',#107,#108);
#107 = CARTESIAN_POINT('',(0.,0.));
#108 = VECTOR('',#109,1.);
#109 = DIRECTION('',(1.,0.));
#110 = ( GEOMETRIC_REPRESENTATION_CONTEXT(2) 
PARAMETRIC_REPRESENTATION_CONTEXT() REPRESENTATION_CONTEXT('2D SPACE',''
  ) );
#111 = ORIENTED_EDGE('',*,*,#112,.F.);
#112 = EDGE_CURVE('',#24,#85,#113,.T.);
#113 = SURFACE_CURVE('',#114,(#118,#125),.PCURVE_S1.);
#114 = LINE('',#115,#116);
#115 = CARTESIAN_POINT('',(0.,0.,22.));
#116 = VECTOR('',#117,1.);
#117 = DIRECTION('',(0.,1.,0.));
#118 = PCURVE('',#32,#119);
#119 = DEFINITIONAL_REPRESENTATION('',(#120),#124);
#120 = LINE('',#121,#122);
#121 = CARTESIAN_POINT('',(22.,0.));
#122 = VECTOR('',#123,1.);
#123 = DIRECTION('',(0.,-1.));
#124 = ( GEOMETRIC_REPRESENTATION_CONTEXT(2) 
PARAMETRIC_REPRESENTATION_CONTEXT() REPRESENTATION_CONTEXT('2D SPACE',''
  ) );
#125 = PCURVE('',#126,#131);
#126 = PLANE('',#127);
#127 = AXIS2_PLACEMENT_3D('',#128,#129,#130);
#128 = CARTESIAN_POINT('',(0.,0.,22.));
#129 = DIRECTION('',(0.,0.,1.));
#130 = DIRECTION('',(1.,0.,0.));
#131 = DEFINITIONAL_REPRESENTATION('',(#132),#136);
#132 = LINE('',#133,#134);
#133 = CARTESIAN_POINT('',(0.,0.));
#134 = VECTOR('',#135,1.);
#135 = DIRECTION('',(0.,1.));
#136 = ( GEOMETRIC_REPRESENTATION_CONTEXT(2) 
PARAMETRIC_REPRESENTATION_CONTEXT() REPRESENTATION_CONTEXT('2D SPACE',''
  ) );
#137 = ADVANCED_FACE('',(#138,#213,#244,#279,#310,#341,#376),#44,.F.);
#138 = FACE_BOUND('',#139,.F.);
#139 = EDGE_LOOP('',(#140,#163,#164,#187));
#140 = ORIENTED_EDGE('',*,*,#141,.F.);
#141 = EDGE_CURVE('',#22,#142,#144,.T.);
#142 = VERTEX_POINT('',#143);
#143 = CARTESIAN_POINT('',(110.,0.,0.));
#144 = SURFACE_CURVE('',#145,(#149,#156),.PCURVE_S1.);
#145 = LINE('',#146,#147);
#146 = CARTESIAN_POINT('',(0.,0.,0.));
#147 = VECTOR('',#148,1.);
#148 = DIRECTION('',(1.,0.,0.));
#149 = PCURVE('',#44,#150);
#150 = DEFINITIONAL_REPRESENTATION('',(#151),#155);
#151 = LINE('',#152,#153);
#152 = CARTESIAN_POINT('',(0.,0.));
#153 = VECTOR('',#154,1.);
#154 = DIRECTION('',(0.,1.));
#155 = ( GEOMETRIC_REPRESENTATION_CONTEXT(2) 
PARAMETRIC_REPRESENTATION_CONTEXT() REPRESENTATION_CONTEXT('2D SPACE',''
  ) );
#156 = PCURVE('',#72,#157);
#157 = DEFINITIONAL_REPRESENTATION('',(#158),#162);
#158 = LINE('',#159,#160);
#159 = CARTESIAN_POINT('',(0.,0.));
#160 = VECTOR('',#161,1.);
#161 = DIRECTION('',(1.,0.));
#162 = ( GEOMETRIC_REPRESENTATION_CONTEXT(2) 
PARAMETRIC_REPRESENTATION_CONTEXT() REPRESENTATION_CONTEXT('2D SPACE',''
  ) );
#163 = ORIENTED_EDGE('',*,*,#21,.T.);
#164 = ORIENTED_EDGE('',*,*,#165,.T.);
#165 = EDGE_CURVE('',#24,#166,#168,.T.);
#166 = VERTEX_POINT('',#167);
#167 = CARTESIAN_POINT('',(110.,0.,22.));
#168 = SURFACE_CURVE('',#169,(#173,#180),.PCURVE_S1.);
#169 = LINE('',#170,#171);
#170 = CARTESIAN_POINT('',(0.,0.,22.));
#171 = VECTOR('',#172,1.);
#172 = DIRECTION('',(1.,0.,0.));
#173 = PCURVE('',#44,#174);
#174 = DEFINITIONAL_REPRESENTATION('',(#175),#179);
#175 = LINE('',#176,#177);
#176 = CARTESIAN_POINT('',(22.,0.));
#177 = VECTOR('',#178,1.);
#178 = DIRECTION('',(0.,1.));
#179 = ( GEOMETRIC_REPRESENTATION_CONTEXT(2) 
PARAMETRIC_REPRESENTATION_CONTEXT() REPRESENTATION_CONTEXT('2D SPACE',''
  ) );
#180 = PCURVE('',#126,#181);
#181 = DEFINITIONAL_REPRESENTATION('',(#182),#186);
#182 = LINE('',#183,#184);
#183 = CARTESIAN_POINT('',(0.,0.));
#184 = VECTOR('',#185,1.);
#185 = DIRECTION('',(1.,0.));
#186 = ( GEOMETRIC_REPRESENTATION_CONTEXT(2) 
PARAMETRIC_REPRESENTATION_CONTEXT() REPRESENTATION_CONTEXT('2D SPACE',''
  ) );
#187 = ORIENTED_EDGE('',*,*,#188,.F.);
#188 = EDGE_CURVE('',#142,#166,#189,.T.);
#189 = SURFACE_CURVE('',#190,(#194,#201),.PCURVE_S1.);
#190 = LINE('',#191,#192);
#191 = CARTESIAN_POINT('',(110.,0.,0.));
#192 = VECTOR('',#193,1.);
#193 = DIRECTION('',(0.,0.,1.));
#194 = PCURVE('',#44,#195);
#195 = DEFINITIONAL_REPRESENTATION('',(#196),#200);
#196 = LINE('',#197,#198);
#197 = CARTESIAN_POINT('',(0.,110.));
#198 = VECTOR('',#199,1.);
#199 = DIRECTION('',(1.,0.));
#200 = ( GEOMETRIC_REPRESENTATION_CONTEXT(2) 
PARAMETRIC_REPRESENTATION_CONTEXT() REPRESENTATION_CONTEXT('2D SPACE',''
  ) );
#201 = PCURVE('',#202,#207);
#202 = PLANE('',#203);
#203 = AXIS2_PLACEMENT_3D('',#204,#205,#206);
#204 = CARTESIAN_POINT('',(110.,0.,0.));
#205 = DIRECTION('',(1.,0.,0.));
#206 = DIRECTION('',(0.,0.,1.));
#207 = DEFINITIONAL_REPRESENTATION('',(#208),#212);
#208 = LINE('',#209,#210);
#209 = CARTESIAN_POINT('',(0.,0.));
#210 = VECTOR('',#211,1.);
#211 = DIRECTION('',(1.,0.));
#212 = ( GEOMETRIC_REPRESENTATION_CONTEXT(2) 
PARAMETRIC_REPRESENTATION_CONTEXT() REPRESENTATION_CONTEXT('2D SPACE',''
  ) );
#213 = FACE_BOUND('',#214,.F.);
#214 = EDGE_LOOP('',(#215));
#215 = ORIENTED_EDGE('',*,*,#216,.F.);
#216 = EDGE_CURVE('',#217,#217,#219,.T.);
#217 = VERTEX_POINT('',#218);
#218 = CARTESIAN_POINT('',(8.25,0.,5.));
#219 = SURFACE_CURVE('',#220,(#225,#232),.PCURVE_S1.);
#220 = CIRCLE('',#221,1.25);
#221 = AXIS2_PLACEMENT_3D('',#222,#223,#224);
#222 = CARTESIAN_POINT('',(7.,0.,5.));
#223 = DIRECTION('',(-0.,1.,1.110223024625E-16));
#224 = DIRECTION('',(1.,0.,0.));
#225 = PCURVE('',#44,#226);
#226 = DEFINITIONAL_REPRESENTATION('',(#227),#231);
#227 = CIRCLE('',#228,1.25);
#228 = AXIS2_PLACEMENT_2D('',#229,#230);
#229 = CARTESIAN_POINT('',(5.,7.));
#230 = DIRECTION('',(0.,1.));
#231 = ( GEOMETRIC_REPRESENTATION_CONTEXT(2) 
PARAMETRIC_REPRESENTATION_CONTEXT() REPRESENTATION_CONTEXT('2D SPACE',''
  ) );
#232 = PCURVE('',#233,#238);
#233 = CYLINDRICAL_SURFACE('',#234,1.25);
#234 = AXIS2_PLACEMENT_3D('',#235,#236,#237);
#235 = CARTESIAN_POINT('',(7.,0.,5.));
#236 = DIRECTION('',(-0.,-1.,-1.110223024625E-16));
#237 = DIRECTION('',(1.,0.,0.));
#238 = DEFINITIONAL_REPRESENTATION('',(#239),#243);
#239 = LINE('',#240,#241);
#240 = CARTESIAN_POINT('',(-0.,0.));
#241 = VECTOR('',#242,1.);
#242 = DIRECTION('',(-1.,0.));
#243 = ( GEOMETRIC_REPRESENTATION_CONTEXT(2) 
PARAMETRIC_REPRESENTATION_CONTEXT() REPRESENTATION_CONTEXT('2D SPACE',''
  ) );
#244 = FACE_BOUND('',#245,.F.);
#245 = EDGE_LOOP('',(#246));
#246 = ORIENTED_EDGE('',*,*,#247,.T.);
#247 = EDGE_CURVE('',#248,#248,#250,.T.);
#248 = VERTEX_POINT('',#249);
#249 = CARTESIAN_POINT('',(32.5,0.,10.));
#250 = SURFACE_CURVE('',#251,(#256,#267),.PCURVE_S1.);
#251 = CIRCLE('',#252,7.5);
#252 = AXIS2_PLACEMENT_3D('',#253,#254,#255);
#253 = CARTESIAN_POINT('',(25.,0.,10.));
#254 = DIRECTION('',(0.,-1.,-1.110223024625E-16));
#255 = DIRECTION('',(1.,-0.,0.));
#256 = PCURVE('',#44,#257);
#257 = DEFINITIONAL_REPRESENTATION('',(#258),#266);
#258 = ( BOUNDED_CURVE() B_SPLINE_CURVE(2,(#259,#260,#261,#262,#263,#264
,#265),.UNSPECIFIED.,.T.,.F.) B_SPLINE_CURVE_WITH_KNOTS((1,2,2,2,2,1),(
    -2.094395102393,0.,2.094395102393,4.188790204786,6.28318530718,
8.377580409573),.UNSPECIFIED.) CURVE() GEOMETRIC_REPRESENTATION_ITEM() 
RATIONAL_B_SPLINE_CURVE((1.,0.5,1.,0.5,1.,0.5,1.)) REPRESENTATION_ITEM(
  '') );
#259 = CARTESIAN_POINT('',(10.,32.5));
#260 = CARTESIAN_POINT('',(22.990381056767,32.5));
#261 = CARTESIAN_POINT('',(16.495190528383,21.25));
#262 = CARTESIAN_POINT('',(10.,10.));
#263 = CARTESIAN_POINT('',(3.504809471617,21.25));
#264 = CARTESIAN_POINT('',(-2.990381056767,32.5));
#265 = CARTESIAN_POINT('',(10.,32.5));
#266 = ( GEOMETRIC_REPRESENTATION_CONTEXT(2) 
PARAMETRIC_REPRESENTATION_CONTEXT() REPRESENTATION_CONTEXT('2D SPACE',''
  ) );
#267 = PCURVE('',#268,#273);
#268 = CYLINDRICAL_SURFACE('',#269,7.5);
#269 = AXIS2_PLACEMENT_3D('',#270,#271,#272);
#270 = CARTESIAN_POINT('',(25.,-1.,10.));
#271 = DIRECTION('',(-0.,-1.,-1.110223024625E-16));
#272 = DIRECTION('',(1.,0.,0.));
#273 = DEFINITIONAL_REPRESENTATION('',(#274),#278);
#274 = LINE('',#275,#276);
#275 = CARTESIAN_POINT('',(-6.28318530718,-1.));
#276 = VECTOR('',#277,1.);
#277 = DIRECTION('',(1.,-0.));
#278 = ( GEOMETRIC_REPRESENTATION_CONTEXT(2) 
PARAMETRIC_REPRESENTATION_CONTEXT() REPRESENTATION_CONTEXT('2D SPACE',''
  ) );
#279 = FACE_BOUND('',#280,.F.);
#280 = EDGE_LOOP('',(#281));
#281 = ORIENTED_EDGE('',*,*,#282,.F.);
#282 = EDGE_CURVE('',#283,#283,#285,.T.);
#283 = VERTEX_POINT('',#284);
#284 = CARTESIAN_POINT('',(8.25,0.,17.));
#285 = SURFACE_CURVE('',#286,(#291,#298),.PCURVE_S1.);
#286 = CIRCLE('',#287,1.25);
#287 = AXIS2_PLACEMENT_3D('',#288,#289,#290);
#288 = CARTESIAN_POINT('',(7.,0.,17.));
#289 = DIRECTION('',(-0.,1.,1.110223024625E-16));
#290 = DIRECTION('',(1.,0.,0.));
#291 = PCURVE('',#44,#292);
#292 = DEFINITIONAL_REPRESENTATION('',(#293),#297);
#293 = CIRCLE('',#294,1.25);
#294 = AXIS2_PLACEMENT_2D('',#295,#296);
#295 = CARTESIAN_POINT('',(17.,7.));
#296 = DIRECTION('',(0.,1.));
#297 = ( GEOMETRIC_REPRESENTATION_CONTEXT(2) 
PARAMETRIC_REPRESENTATION_CONTEXT() REPRESENTATION_CONTEXT('2D SPACE',''
  ) );
#298 = PCURVE('',#299,#304);
#299 = CYLINDRICAL_SURFACE('',#300,1.25);
#300 = AXIS2_PLACEMENT_3D('',#301,#302,#303);
#301 = CARTESIAN_POINT('',(7.,0.,17.));
#302 = DIRECTION('',(-0.,-1.,-1.110223024625E-16));
#303 = DIRECTION('',(1.,0.,0.));
#304 = DEFINITIONAL_REPRESENTATION('',(#305),#309);
#305 = LINE('',#306,#307);
#306 = CARTESIAN_POINT('',(-0.,0.));
#307 = VECTOR('',#308,1.);
#308 = DIRECTION('',(-1.,0.));
#309 = ( GEOMETRIC_REPRESENTATION_CONTEXT(2) 
PARAMETRIC_REPRESENTATION_CONTEXT() REPRESENTATION_CONTEXT('2D SPACE',''
  ) );
#310 = FACE_BOUND('',#311,.F.);
#311 = EDGE_LOOP('',(#312));
#312 = ORIENTED_EDGE('',*,*,#313,.F.);
#313 = EDGE_CURVE('',#314,#314,#316,.T.);
#314 = VERTEX_POINT('',#315);
#315 = CARTESIAN_POINT('',(104.25,0.,5.));
#316 = SURFACE_CURVE('',#317,(#322,#329),.PCURVE_S1.);
#317 = CIRCLE('',#318,1.25);
#318 = AXIS2_PLACEMENT_3D('',#319,#320,#321);
#319 = CARTESIAN_POINT('',(103.,0.,5.));
#320 = DIRECTION('',(-0.,1.,1.110223024625E-16));
#321 = DIRECTION('',(1.,0.,0.));
#322 = PCURVE('',#44,#323);
#323 = DEFINITIONAL_REPRESENTATION('',(#324),#328);
#324 = CIRCLE('',#325,1.25);
#325 = AXIS2_PLACEMENT_2D('',#326,#327);
#326 = CARTESIAN_POINT('',(5.,103.));
#327 = DIRECTION('',(0.,1.));
#328 = ( GEOMETRIC_REPRESENTATION_CONTEXT(2) 
PARAMETRIC_REPRESENTATION_CONTEXT() REPRESENTATION_CONTEXT('2D SPACE',''
  ) );
#329 = PCURVE('',#330,#335);
#330 = CYLINDRICAL_SURFACE('',#331,1.25);
#331 = AXIS2_PLACEMENT_3D('',#332,#333,#334);
#332 = CARTESIAN_POINT('',(103.,0.,5.));
#333 = DIRECTION('',(-0.,-1.,-1.110223024625E-16));
#334 = DIRECTION('',(1.,0.,0.));
#335 = DEFINITIONAL_REPRESENTATION('',(#336),#340);
#336 = LINE('',#337,#338);
#337 = CARTESIAN_POINT('',(-0.,0.));
#338 = VECTOR('',#339,1.);
#339 = DIRECTION('',(-1.,0.));
#340 = ( GEOMETRIC_REPRESENTATION_CONTEXT(2) 
PARAMETRIC_REPRESENTATION_CONTEXT() REPRESENTATION_CONTEXT('2D SPACE',''
  ) );
#341 = FACE_BOUND('',#342,.F.);
#342 = EDGE_LOOP('',(#343));
#343 = ORIENTED_EDGE('',*,*,#344,.T.);
#344 = EDGE_CURVE('',#345,#345,#347,.T.);
#345 = VERTEX_POINT('',#346);
#346 = CARTESIAN_POINT('',(92.5,0.,10.));
#347 = SURFACE_CURVE('',#348,(#353,#364),.PCURVE_S1.);
#348 = CIRCLE('',#349,7.5);
#349 = AXIS2_PLACEMENT_3D('',#350,#351,#352);
#350 = CARTESIAN_POINT('',(85.,0.,10.));
#351 = DIRECTION('',(0.,-1.,-1.110223024625E-16));
#352 = DIRECTION('',(1.,-0.,0.));
#353 = PCURVE('',#44,#354);
#354 = DEFINITIONAL_REPRESENTATION('',(#355),#363);
#355 = ( BOUNDED_CURVE() B_SPLINE_CURVE(2,(#356,#357,#358,#359,#360,#361
,#362),.UNSPECIFIED.,.T.,.F.) B_SPLINE_CURVE_WITH_KNOTS((1,2,2,2,2,1),(
    -2.094395102393,0.,2.094395102393,4.188790204786,6.28318530718,
8.377580409573),.UNSPECIFIED.) CURVE() GEOMETRIC_REPRESENTATION_ITEM() 
RATIONAL_B_SPLINE_CURVE((1.,0.5,1.,0.5,1.,0.5,1.)) REPRESENTATION_ITEM(
  '') );
#356 = CARTESIAN_POINT('',(10.,92.5));
#357 = CARTESIAN_POINT('',(22.990381056767,92.5));
#358 = CARTESIAN_POINT('',(16.495190528383,81.25));
#359 = CARTESIAN_POINT('',(10.,70.));
#360 = CARTESIAN_POINT('',(3.504809471617,81.25));
#361 = CARTESIAN_POINT('',(-2.990381056767,92.5));
#362 = CARTESIAN_POINT('',(10.,92.5));
#363 = ( GEOMETRIC_REPRESENTATION_CONTEXT(2) 
PARAMETRIC_REPRESENTATION_CONTEXT() REPRESENTATION_CONTEXT('2D SPACE',''
  ) );
#364 = PCURVE('',#365,#370);
#365 = CYLINDRICAL_SURFACE('',#366,7.5);
#366 = AXIS2_PLACEMENT_3D('',#367,#368,#369);
#367 = CARTESIAN_POINT('',(85.,-1.,10.));
#368 = DIRECTION('',(-0.,-1.,-1.110223024625E-16));
#369 = DIRECTION('',(1.,0.,0.));
#370 = DEFINITIONAL_REPRESENTATION('',(#371),#375);
#371 = LINE('',#372,#373);
#372 = CARTESIAN_POINT('',(-6.28318530718,-1.));
#373 = VECTOR('',#374,1.);
#374 = DIRECTION('',(1.,-0.));
#375 = ( GEOMETRIC_REPRESENTATION_CONTEXT(2) 
PARAMETRIC_REPRESENTATION_CONTEXT() REPRESENTATION_CONTEXT('2D SPACE',''
  ) );
#376 = FACE_BOUND('',#377,.F.);
#377 = EDGE_LOOP('',(#378));
#378 = ORIENTED_EDGE('',*,*,#379,.F.);
#379 = EDGE_CURVE('',#380,#380,#382,.T.);
#380 = VERTEX_POINT('',#381);
#381 = CARTESIAN_POINT('',(104.25,0.,17.));
#382 = SURFACE_CURVE('',#383,(#388,#395),.PCURVE_S1.);
#383 = CIRCLE('',#384,1.25);
#384 = AXIS2_PLACEMENT_3D('',#385,#386,#387);
#385 = CARTESIAN_POINT('',(103.,0.,17.));
#386 = DIRECTION('',(-0.,1.,1.110223024625E-16));
#387 = DIRECTION('',(1.,0.,0.));
#388 = PCURVE('',#44,#389);
#389 = DEFINITIONAL_REPRESENTATION('',(#390),#394);
#390 = CIRCLE('',#391,1.25);
#391 = AXIS2_PLACEMENT_2D('',#392,#393);
#392 = CARTESIAN_POINT('',(17.,103.));
#393 = DIRECTION('',(0.,1.));
#394 = ( GEOMETRIC_REPRESENTATION_CONTEXT(2) 
PARAMETRIC_REPRESENTATION_CONTEXT() REPRESENTATION_CONTEXT('2D SPACE',''
  ) );
#395 = PCURVE('',#396,#401);
#396 = CYLINDRICAL_SURFACE('',#397,1.25);
#397 = AXIS2_PLACEMENT_3D('',#398,#399,#400);
#398 = CARTESIAN_POINT('',(103.,0.,17.));
#399 = DIRECTION('',(-0.,-1.,-1.110223024625E-16));
#400 = DIRECTION('',(1.,0.,0.));
#401 = DEFINITIONAL_REPRESENTATION('',(#402),#406);
#402 = LINE('',#403,#404);
#403 = CARTESIAN_POINT('',(-0.,0.));
#404 = VECTOR('',#405,1.);
#405 = DIRECTION('',(-1.,0.));
#406 = ( GEOMETRIC_REPRESENTATION_CONTEXT(2) 
PARAMETRIC_REPRESENTATION_CONTEXT() REPRESENTATION_CONTEXT('2D SPACE',''
  ) );
#407 = ADVANCED_FACE('',(#408,#456,#487,#518,#549,#580,#611,#642,#673,
    #704,#735,#766,#797,#828,#859),#126,.T.);
#408 = FACE_BOUND('',#409,.T.);
#409 = EDGE_LOOP('',(#410,#411,#412,#435));
#410 = ORIENTED_EDGE('',*,*,#112,.F.);
#411 = ORIENTED_EDGE('',*,*,#165,.T.);
#412 = ORIENTED_EDGE('',*,*,#413,.T.);
#413 = EDGE_CURVE('',#166,#414,#416,.T.);
#414 = VERTEX_POINT('',#415);
#415 = CARTESIAN_POINT('',(110.,72.,22.));
#416 = SURFACE_CURVE('',#417,(#421,#428),.PCURVE_S1.);
#417 = LINE('',#418,#419);
#418 = CARTESIAN_POINT('',(110.,0.,22.));
#419 = VECTOR('',#420,1.);
#420 = DIRECTION('',(0.,1.,0.));
#421 = PCURVE('',#126,#422);
#422 = DEFINITIONAL_REPRESENTATION('',(#423),#427);
#423 = LINE('',#424,#425);
#424 = CARTESIAN_POINT('',(110.,0.));
#425 = VECTOR('',#426,1.);
#426 = DIRECTION('',(0.,1.));
#427 = ( GEOMETRIC_REPRESENTATION_CONTEXT(2) 
PARAMETRIC_REPRESENTATION_CONTEXT() REPRESENTATION_CONTEXT('2D SPACE',''
  ) );
#428 = PCURVE('',#202,#429);
#429 = DEFINITIONAL_REPRESENTATION('',(#430),#434);
#430 = LINE('',#431,#432);
#431 = CARTESIAN_POINT('',(22.,0.));
#432 = VECTOR('',#433,1.);
#433 = DIRECTION('',(0.,-1.));
#434 = ( GEOMETRIC_REPRESENTATION_CONTEXT(2) 
PARAMETRIC_REPRESENTATION_CONTEXT() REPRESENTATION_CONTEXT('2D SPACE',''
  ) );
#435 = ORIENTED_EDGE('',*,*,#436,.F.);
#436 = EDGE_CURVE('',#85,#414,#437,.T.);
#437 = SURFACE_CURVE('',#438,(#442,#449),.PCURVE_S1.);
#438 = LINE('',#439,#440);
#439 = CARTESIAN_POINT('',(0.,72.,22.));
#440 = VECTOR('',#441,1.);
#441 = DIRECTION('',(1.,0.,0.));
#442 = PCURVE('',#126,#443);
#443 = DEFINITIONAL_REPRESENTATION('',(#444),#448);
#444 = LINE('',#445,#446);
#445 = CARTESIAN_POINT('',(0.,72.));
#446 = VECTOR('',#447,1.);
#447 = DIRECTION('',(1.,0.));
#448 = ( GEOMETRIC_REPRESENTATION_CONTEXT(2) 
PARAMETRIC_REPRESENTATION_CONTEXT() REPRESENTATION_CONTEXT('2D SPACE',''
  ) );
#449 = PCURVE('',#100,#450);
#450 = DEFINITIONAL_REPRESENTATION('',(#451),#455);
#451 = LINE('',#452,#453);
#452 = CARTESIAN_POINT('',(22.,0.));
#453 = VECTOR('',#454,1.);
#454 = DIRECTION('',(0.,1.));
#455 = ( GEOMETRIC_REPRESENTATION_CONTEXT(2) 
PARAMETRIC_REPRESENTATION_CONTEXT() REPRESENTATION_CONTEXT('2D SPACE',''
  ) );
#456 = FACE_BOUND('',#457,.T.);
#457 = EDGE_LOOP('',(#458));
#458 = ORIENTED_EDGE('',*,*,#459,.F.);
#459 = EDGE_CURVE('',#460,#460,#462,.T.);
#460 = VERTEX_POINT('',#461);
#461 = CARTESIAN_POINT('',(11.65,12.,22.));
#462 = SURFACE_CURVE('',#463,(#468,#475),.PCURVE_S1.);
#463 = CIRCLE('',#464,1.65);
#464 = AXIS2_PLACEMENT_3D('',#465,#466,#467);
#465 = CARTESIAN_POINT('',(10.,12.,22.));
#466 = DIRECTION('',(0.,0.,1.));
#467 = DIRECTION('',(1.,0.,0.));
#468 = PCURVE('',#126,#469);
#469 = DEFINITIONAL_REPRESENTATION('',(#470),#474);
#470 = CIRCLE('',#471,1.65);
#471 = AXIS2_PLACEMENT_2D('',#472,#473);
#472 = CARTESIAN_POINT('',(10.,12.));
#473 = DIRECTION('',(1.,0.));
#474 = ( GEOMETRIC_REPRESENTATION_CONTEXT(2) 
PARAMETRIC_REPRESENTATION_CONTEXT() REPRESENTATION_CONTEXT('2D SPACE',''
  ) );
#475 = PCURVE('',#476,#481);
#476 = CYLINDRICAL_SURFACE('',#477,1.65);
#477 = AXIS2_PLACEMENT_3D('',#478,#479,#480);
#478 = CARTESIAN_POINT('',(10.,12.,15.));
#479 = DIRECTION('',(-0.,-0.,-1.));
#480 = DIRECTION('',(1.,0.,0.));
#481 = DEFINITIONAL_REPRESENTATION('',(#482),#486);
#482 = LINE('',#483,#484);
#483 = CARTESIAN_POINT('',(-0.,-7.));
#484 = VECTOR('',#485,1.);
#485 = DIRECTION('',(-1.,0.));
#486 = ( GEOMETRIC_REPRESENTATION_CONTEXT(2) 
PARAMETRIC_REPRESENTATION_CONTEXT() REPRESENTATION_CONTEXT('2D SPACE',''
  ) );
#487 = FACE_BOUND('',#488,.T.);
#488 = EDGE_LOOP('',(#489));
#489 = ORIENTED_EDGE('',*,*,#490,.F.);
#490 = EDGE_CURVE('',#491,#491,#493,.T.);
#491 = VERTEX_POINT('',#492);
#492 = CARTESIAN_POINT('',(4.25,31.,22.));
#493 = SURFACE_CURVE('',#494,(#499,#506),.PCURVE_S1.);
#494 = CIRCLE('',#495,1.25);
#495 = AXIS2_PLACEMENT_3D('',#496,#497,#498);
#496 = CARTESIAN_POINT('',(3.,31.,22.));
#497 = DIRECTION('',(0.,0.,1.));
#498 = DIRECTION('',(1.,0.,0.));
#499 = PCURVE('',#126,#500);
#500 = DEFINITIONAL_REPRESENTATION('',(#501),#505);
#501 = CIRCLE('',#502,1.25);
#502 = AXIS2_PLACEMENT_2D('',#503,#504);
#503 = CARTESIAN_POINT('',(3.,31.));
#504 = DIRECTION('',(1.,0.));
#505 = ( GEOMETRIC_REPRESENTATION_CONTEXT(2) 
PARAMETRIC_REPRESENTATION_CONTEXT() REPRESENTATION_CONTEXT('2D SPACE',''
  ) );
#506 = PCURVE('',#507,#512);
#507 = CYLINDRICAL_SURFACE('',#508,1.25);
#508 = AXIS2_PLACEMENT_3D('',#509,#510,#511);
#509 = CARTESIAN_POINT('',(3.,31.,0.));
#510 = DIRECTION('',(-0.,-0.,-1.));
#511 = DIRECTION('',(1.,0.,0.));
#512 = DEFINITIONAL_REPRESENTATION('',(#513),#517);
#513 = LINE('',#514,#515);
#514 = CARTESIAN_POINT('',(-0.,-22.));
#515 = VECTOR('',#516,1.);
#516 = DIRECTION('',(-1.,0.));
#517 = ( GEOMETRIC_REPRESENTATION_CONTEXT(2) 
PARAMETRIC_REPRESENTATION_CONTEXT() REPRESENTATION_CONTEXT('2D SPACE',''
  ) );
#518 = FACE_BOUND('',#519,.T.);
#519 = EDGE_LOOP('',(#520));
#520 = ORIENTED_EDGE('',*,*,#521,.F.);
#521 = EDGE_CURVE('',#522,#522,#524,.T.);
#522 = VERTEX_POINT('',#523);
#523 = CARTESIAN_POINT('',(24.25,31.,22.));
#524 = SURFACE_CURVE('',#525,(#530,#537),.PCURVE_S1.);
#525 = CIRCLE('',#526,1.25);
#526 = AXIS2_PLACEMENT_3D('',#527,#528,#529);
#527 = CARTESIAN_POINT('',(23.,31.,22.));
#528 = DIRECTION('',(0.,0.,1.));
#529 = DIRECTION('',(1.,0.,0.));
#530 = PCURVE('',#126,#531);
#531 = DEFINITIONAL_REPRESENTATION('',(#532),#536);
#532 = CIRCLE('',#533,1.25);
#533 = AXIS2_PLACEMENT_2D('',#534,#535);
#534 = CARTESIAN_POINT('',(23.,31.));
#535 = DIRECTION('',(1.,0.));
#536 = ( GEOMETRIC_REPRESENTATION_CONTEXT(2) 
PARAMETRIC_REPRESENTATION_CONTEXT() REPRESENTATION_CONTEXT('2D SPACE',''
  ) );
#537 = PCURVE('',#538,#543);
#538 = CYLINDRICAL_SURFACE('',#539,1.25);
#539 = AXIS2_PLACEMENT_3D('',#540,#541,#542);
#540 = CARTESIAN_POINT('',(23.,31.,0.));
#541 = DIRECTION('',(-0.,-0.,-1.));
#542 = DIRECTION('',(1.,0.,0.));
#543 = DEFINITIONAL_REPRESENTATION('',(#544),#548);
#544 = LINE('',#545,#546);
#545 = CARTESIAN_POINT('',(-0.,-22.));
#546 = VECTOR('',#547,1.);
#547 = DIRECTION('',(-1.,0.));
#548 = ( GEOMETRIC_REPRESENTATION_CONTEXT(2) 
PARAMETRIC_REPRESENTATION_CONTEXT() REPRESENTATION_CONTEXT('2D SPACE',''
  ) );
#549 = FACE_BOUND('',#550,.T.);
#550 = EDGE_LOOP('',(#551));
#551 = ORIENTED_EDGE('',*,*,#552,.F.);
#552 = EDGE_CURVE('',#553,#553,#555,.T.);
#553 = VERTEX_POINT('',#554);
#554 = CARTESIAN_POINT('',(56.65,12.,22.));
#555 = SURFACE_CURVE('',#556,(#561,#568),.PCURVE_S1.);
#556 = CIRCLE('',#557,1.65);
#557 = AXIS2_PLACEMENT_3D('',#558,#559,#560);
#558 = CARTESIAN_POINT('',(55.,12.,22.));
#559 = DIRECTION('',(0.,0.,1.));
#560 = DIRECTION('',(1.,0.,0.));
#561 = PCURVE('',#126,#562);
#562 = DEFINITIONAL_REPRESENTATION('',(#563),#567);
#563 = CIRCLE('',#564,1.65);
#564 = AXIS2_PLACEMENT_2D('',#565,#566);
#565 = CARTESIAN_POINT('',(55.,12.));
#566 = DIRECTION('',(1.,0.));
#567 = ( GEOMETRIC_REPRESENTATION_CONTEXT(2) 
PARAMETRIC_REPRESENTATION_CONTEXT() REPRESENTATION_CONTEXT('2D SPACE',''
  ) );
#568 = PCURVE('',#569,#574);
#569 = CYLINDRICAL_SURFACE('',#570,1.65);
#570 = AXIS2_PLACEMENT_3D('',#571,#572,#573);
#571 = CARTESIAN_POINT('',(55.,12.,15.8));
#572 = DIRECTION('',(-0.,-0.,-1.));
#573 = DIRECTION('',(1.,0.,0.));
#574 = DEFINITIONAL_REPRESENTATION('',(#575),#579);
#575 = LINE('',#576,#577);
#576 = CARTESIAN_POINT('',(-0.,-6.2));
#577 = VECTOR('',#578,1.);
#578 = DIRECTION('',(-1.,0.));
#579 = ( GEOMETRIC_REPRESENTATION_CONTEXT(2) 
PARAMETRIC_REPRESENTATION_CONTEXT() REPRESENTATION_CONTEXT('2D SPACE',''
  ) );
#580 = FACE_BOUND('',#581,.T.);
#581 = EDGE_LOOP('',(#582));
#582 = ORIENTED_EDGE('',*,*,#583,.F.);
#583 = EDGE_CURVE('',#584,#584,#586,.T.);
#584 = VERTEX_POINT('',#585);
#585 = CARTESIAN_POINT('',(101.65,12.,22.));
#586 = SURFACE_CURVE('',#587,(#592,#599),.PCURVE_S1.);
#587 = CIRCLE('',#588,1.65);
#588 = AXIS2_PLACEMENT_3D('',#589,#590,#591);
#589 = CARTESIAN_POINT('',(100.,12.,22.));
#590 = DIRECTION('',(0.,0.,1.));
#591 = DIRECTION('',(1.,0.,0.));
#592 = PCURVE('',#126,#593);
#593 = DEFINITIONAL_REPRESENTATION('',(#594),#598);
#594 = CIRCLE('',#595,1.65);
#595 = AXIS2_PLACEMENT_2D('',#596,#597);
#596 = CARTESIAN_POINT('',(100.,12.));
#597 = DIRECTION('',(1.,0.));
#598 = ( GEOMETRIC_REPRESENTATION_CONTEXT(2) 
PARAMETRIC_REPRESENTATION_CONTEXT() REPRESENTATION_CONTEXT('2D SPACE',''
  ) );
#599 = PCURVE('',#600,#605);
#600 = CYLINDRICAL_SURFACE('',#601,1.65);
#601 = AXIS2_PLACEMENT_3D('',#602,#603,#604);
#602 = CARTESIAN_POINT('',(100.,12.,15.));
#603 = DIRECTION('',(-0.,-0.,-1.));
#604 = DIRECTION('',(1.,0.,0.));
#605 = DEFINITIONAL_REPRESENTATION('',(#606),#610);
#606 = LINE('',#607,#608);
#607 = CARTESIAN_POINT('',(-0.,-7.));
#608 = VECTOR('',#609,1.);
#609 = DIRECTION('',(-1.,0.));
#610 = ( GEOMETRIC_REPRESENTATION_CONTEXT(2) 
PARAMETRIC_REPRESENTATION_CONTEXT() REPRESENTATION_CONTEXT('2D SPACE',''
  ) );
#611 = FACE_BOUND('',#612,.T.);
#612 = EDGE_LOOP('',(#613));
#613 = ORIENTED_EDGE('',*,*,#614,.F.);
#614 = EDGE_CURVE('',#615,#615,#617,.T.);
#615 = VERTEX_POINT('',#616);
#616 = CARTESIAN_POINT('',(88.25,31.,22.));
#617 = SURFACE_CURVE('',#618,(#623,#630),.PCURVE_S1.);
#618 = CIRCLE('',#619,1.25);
#619 = AXIS2_PLACEMENT_3D('',#620,#621,#622);
#620 = CARTESIAN_POINT('',(87.,31.,22.));
#621 = DIRECTION('',(0.,0.,1.));
#622 = DIRECTION('',(1.,0.,0.));
#623 = PCURVE('',#126,#624);
#624 = DEFINITIONAL_REPRESENTATION('',(#625),#629);
#625 = CIRCLE('',#626,1.25);
#626 = AXIS2_PLACEMENT_2D('',#627,#628);
#627 = CARTESIAN_POINT('',(87.,31.));
#628 = DIRECTION('',(1.,0.));
#629 = ( GEOMETRIC_REPRESENTATION_CONTEXT(2) 
PARAMETRIC_REPRESENTATION_CONTEXT() REPRESENTATION_CONTEXT('2D SPACE',''
  ) );
#630 = PCURVE('',#631,#636);
#631 = CYLINDRICAL_SURFACE('',#632,1.25);
#632 = AXIS2_PLACEMENT_3D('',#633,#634,#635);
#633 = CARTESIAN_POINT('',(87.,31.,0.));
#634 = DIRECTION('',(-0.,-0.,-1.));
#635 = DIRECTION('',(1.,0.,0.));
#636 = DEFINITIONAL_REPRESENTATION('',(#637),#641);
#637 = LINE('',#638,#639);
#638 = CARTESIAN_POINT('',(-0.,-22.));
#639 = VECTOR('',#640,1.);
#640 = DIRECTION('',(-1.,0.));
#641 = ( GEOMETRIC_REPRESENTATION_CONTEXT(2) 
PARAMETRIC_REPRESENTATION_CONTEXT() REPRESENTATION_CONTEXT('2D SPACE',''
  ) );
#642 = FACE_BOUND('',#643,.T.);
#643 = EDGE_LOOP('',(#644));
#644 = ORIENTED_EDGE('',*,*,#645,.F.);
#645 = EDGE_CURVE('',#646,#646,#648,.T.);
#646 = VERTEX_POINT('',#647);
#647 = CARTESIAN_POINT('',(108.25,31.,22.));
#648 = SURFACE_CURVE('',#649,(#654,#661),.PCURVE_S1.);
#649 = CIRCLE('',#650,1.25);
#650 = AXIS2_PLACEMENT_3D('',#651,#652,#653);
#651 = CARTESIAN_POINT('',(107.,31.,22.));
#652 = DIRECTION('',(0.,0.,1.));
#653 = DIRECTION('',(1.,0.,0.));
#654 = PCURVE('',#126,#655);
#655 = DEFINITIONAL_REPRESENTATION('',(#656),#660);
#656 = CIRCLE('',#657,1.25);
#657 = AXIS2_PLACEMENT_2D('',#658,#659);
#658 = CARTESIAN_POINT('',(107.,31.));
#659 = DIRECTION('',(1.,0.));
#660 = ( GEOMETRIC_REPRESENTATION_CONTEXT(2) 
PARAMETRIC_REPRESENTATION_CONTEXT() REPRESENTATION_CONTEXT('2D SPACE',''
  ) );
#661 = PCURVE('',#662,#667);
#662 = CYLINDRICAL_SURFACE('',#663,1.25);
#663 = AXIS2_PLACEMENT_3D('',#664,#665,#666);
#664 = CARTESIAN_POINT('',(107.,31.,0.));
#665 = DIRECTION('',(-0.,-0.,-1.));
#666 = DIRECTION('',(1.,0.,0.));
#667 = DEFINITIONAL_REPRESENTATION('',(#668),#672);
#668 = LINE('',#669,#670);
#669 = CARTESIAN_POINT('',(-0.,-22.));
#670 = VECTOR('',#671,1.);
#671 = DIRECTION('',(-1.,0.));
#672 = ( GEOMETRIC_REPRESENTATION_CONTEXT(2) 
PARAMETRIC_REPRESENTATION_CONTEXT() REPRESENTATION_CONTEXT('2D SPACE',''
  ) );
#673 = FACE_BOUND('',#674,.T.);
#674 = EDGE_LOOP('',(#675));
#675 = ORIENTED_EDGE('',*,*,#676,.F.);
#676 = EDGE_CURVE('',#677,#677,#679,.T.);
#677 = VERTEX_POINT('',#678);
#678 = CARTESIAN_POINT('',(18.65,60.,22.));
#679 = SURFACE_CURVE('',#680,(#685,#692),.PCURVE_S1.);
#680 = CIRCLE('',#681,1.65);
#681 = AXIS2_PLACEMENT_3D('',#682,#683,#684);
#682 = CARTESIAN_POINT('',(17.,60.,22.));
#683 = DIRECTION('',(0.,0.,1.));
#684 = DIRECTION('',(1.,0.,0.));
#685 = PCURVE('',#126,#686);
#686 = DEFINITIONAL_REPRESENTATION('',(#687),#691);
#687 = CIRCLE('',#688,1.65);
#688 = AXIS2_PLACEMENT_2D('',#689,#690);
#689 = CARTESIAN_POINT('',(17.,60.));
#690 = DIRECTION('',(1.,0.));
#691 = ( GEOMETRIC_REPRESENTATION_CONTEXT(2) 
PARAMETRIC_REPRESENTATION_CONTEXT() REPRESENTATION_CONTEXT('2D SPACE',''
  ) );
#692 = PCURVE('',#693,#698);
#693 = CYLINDRICAL_SURFACE('',#694,1.65);
#694 = AXIS2_PLACEMENT_3D('',#695,#696,#697);
#695 = CARTESIAN_POINT('',(17.,60.,15.8));
#696 = DIRECTION('',(-0.,-0.,-1.));
#697 = DIRECTION('',(1.,0.,0.));
#698 = DEFINITIONAL_REPRESENTATION('',(#699),#703);
#699 = LINE('',#700,#701);
#700 = CARTESIAN_POINT('',(-0.,-6.2));
#701 = VECTOR('',#702,1.);
#702 = DIRECTION('',(-1.,0.));
#703 = ( GEOMETRIC_REPRESENTATION_CONTEXT(2) 
PARAMETRIC_REPRESENTATION_CONTEXT() REPRESENTATION_CONTEXT('2D SPACE',''
  ) );
#704 = FACE_BOUND('',#705,.T.);
#705 = EDGE_LOOP('',(#706));
#706 = ORIENTED_EDGE('',*,*,#707,.F.);
#707 = EDGE_CURVE('',#708,#708,#710,.T.);
#708 = VERTEX_POINT('',#709);
#709 = CARTESIAN_POINT('',(4.25,63.,22.));
#710 = SURFACE_CURVE('',#711,(#716,#723),.PCURVE_S1.);
#711 = CIRCLE('',#712,1.25);
#712 = AXIS2_PLACEMENT_3D('',#713,#714,#715);
#713 = CARTESIAN_POINT('',(3.,63.,22.));
#714 = DIRECTION('',(0.,0.,1.));
#715 = DIRECTION('',(1.,0.,0.));
#716 = PCURVE('',#126,#717);
#717 = DEFINITIONAL_REPRESENTATION('',(#718),#722);
#718 = CIRCLE('',#719,1.25);
#719 = AXIS2_PLACEMENT_2D('',#720,#721);
#720 = CARTESIAN_POINT('',(3.,63.));
#721 = DIRECTION('',(1.,0.));
#722 = ( GEOMETRIC_REPRESENTATION_CONTEXT(2) 
PARAMETRIC_REPRESENTATION_CONTEXT() REPRESENTATION_CONTEXT('2D SPACE',''
  ) );
#723 = PCURVE('',#724,#729);
#724 = CYLINDRICAL_SURFACE('',#725,1.25);
#725 = AXIS2_PLACEMENT_3D('',#726,#727,#728);
#726 = CARTESIAN_POINT('',(3.,63.,15.));
#727 = DIRECTION('',(-0.,-0.,-1.));
#728 = DIRECTION('',(1.,0.,0.));
#729 = DEFINITIONAL_REPRESENTATION('',(#730),#734);
#730 = LINE('',#731,#732);
#731 = CARTESIAN_POINT('',(-0.,-7.));
#732 = VECTOR('',#733,1.);
#733 = DIRECTION('',(-1.,0.));
#734 = ( GEOMETRIC_REPRESENTATION_CONTEXT(2) 
PARAMETRIC_REPRESENTATION_CONTEXT() REPRESENTATION_CONTEXT('2D SPACE',''
  ) );
#735 = FACE_BOUND('',#736,.T.);
#736 = EDGE_LOOP('',(#737));
#737 = ORIENTED_EDGE('',*,*,#738,.F.);
#738 = EDGE_CURVE('',#739,#739,#741,.T.);
#739 = VERTEX_POINT('',#740);
#740 = CARTESIAN_POINT('',(4.25,68.5,22.));
#741 = SURFACE_CURVE('',#742,(#747,#754),.PCURVE_S1.);
#742 = CIRCLE('',#743,1.25);
#743 = AXIS2_PLACEMENT_3D('',#744,#745,#746);
#744 = CARTESIAN_POINT('',(3.,68.5,22.));
#745 = DIRECTION('',(0.,0.,1.));
#746 = DIRECTION('',(1.,0.,0.));
#747 = PCURVE('',#126,#748);
#748 = DEFINITIONAL_REPRESENTATION('',(#749),#753);
#749 = CIRCLE('',#750,1.25);
#750 = AXIS2_PLACEMENT_2D('',#751,#752);
#751 = CARTESIAN_POINT('',(3.,68.5));
#752 = DIRECTION('',(1.,0.));
#753 = ( GEOMETRIC_REPRESENTATION_CONTEXT(2) 
PARAMETRIC_REPRESENTATION_CONTEXT() REPRESENTATION_CONTEXT('2D SPACE',''
  ) );
#754 = PCURVE('',#755,#760);
#755 = CYLINDRICAL_SURFACE('',#756,1.25);
#756 = AXIS2_PLACEMENT_3D('',#757,#758,#759);
#757 = CARTESIAN_POINT('',(3.,68.5,15.));
#758 = DIRECTION('',(-0.,-0.,-1.));
#759 = DIRECTION('',(1.,0.,0.));
#760 = DEFINITIONAL_REPRESENTATION('',(#761),#765);
#761 = LINE('',#762,#763);
#762 = CARTESIAN_POINT('',(-0.,-7.));
#763 = VECTOR('',#764,1.);
#764 = DIRECTION('',(-1.,0.));
#765 = ( GEOMETRIC_REPRESENTATION_CONTEXT(2) 
PARAMETRIC_REPRESENTATION_CONTEXT() REPRESENTATION_CONTEXT('2D SPACE',''
  ) );
#766 = FACE_BOUND('',#767,.T.);
#767 = EDGE_LOOP('',(#768));
#768 = ORIENTED_EDGE('',*,*,#769,.F.);
#769 = EDGE_CURVE('',#770,#770,#772,.T.);
#770 = VERTEX_POINT('',#771);
#771 = CARTESIAN_POINT('',(48.25,65.,22.));
#772 = SURFACE_CURVE('',#773,(#778,#785),.PCURVE_S1.);
#773 = CIRCLE('',#774,1.25);
#774 = AXIS2_PLACEMENT_3D('',#775,#776,#777);
#775 = CARTESIAN_POINT('',(47.,65.,22.));
#776 = DIRECTION('',(0.,0.,1.));
#777 = DIRECTION('',(1.,0.,0.));
#778 = PCURVE('',#126,#779);
#779 = DEFINITIONAL_REPRESENTATION('',(#780),#784);
#780 = CIRCLE('',#781,1.25);
#781 = AXIS2_PLACEMENT_2D('',#782,#783);
#782 = CARTESIAN_POINT('',(47.,65.));
#783 = DIRECTION('',(1.,0.));
#784 = ( GEOMETRIC_REPRESENTATION_CONTEXT(2) 
PARAMETRIC_REPRESENTATION_CONTEXT() REPRESENTATION_CONTEXT('2D SPACE',''
  ) );
#785 = PCURVE('',#786,#791);
#786 = CYLINDRICAL_SURFACE('',#787,1.25);
#787 = AXIS2_PLACEMENT_3D('',#788,#789,#790);
#788 = CARTESIAN_POINT('',(47.,65.,0.));
#789 = DIRECTION('',(-0.,-0.,-1.));
#790 = DIRECTION('',(1.,0.,0.));
#791 = DEFINITIONAL_REPRESENTATION('',(#792),#796);
#792 = LINE('',#793,#794);
#793 = CARTESIAN_POINT('',(-0.,-22.));
#794 = VECTOR('',#795,1.);
#795 = DIRECTION('',(-1.,0.));
#796 = ( GEOMETRIC_REPRESENTATION_CONTEXT(2) 
PARAMETRIC_REPRESENTATION_CONTEXT() REPRESENTATION_CONTEXT('2D SPACE',''
  ) );
#797 = FACE_BOUND('',#798,.T.);
#798 = EDGE_LOOP('',(#799));
#799 = ORIENTED_EDGE('',*,*,#800,.F.);
#800 = EDGE_CURVE('',#801,#801,#803,.T.);
#801 = VERTEX_POINT('',#802);
#802 = CARTESIAN_POINT('',(56.65,62.,22.));
#803 = SURFACE_CURVE('',#804,(#809,#816),.PCURVE_S1.);
#804 = CIRCLE('',#805,1.65);
#805 = AXIS2_PLACEMENT_3D('',#806,#807,#808);
#806 = CARTESIAN_POINT('',(55.,62.,22.));
#807 = DIRECTION('',(0.,0.,1.));
#808 = DIRECTION('',(1.,0.,0.));
#809 = PCURVE('',#126,#810);
#810 = DEFINITIONAL_REPRESENTATION('',(#811),#815);
#811 = CIRCLE('',#812,1.65);
#812 = AXIS2_PLACEMENT_2D('',#813,#814);
#813 = CARTESIAN_POINT('',(55.,62.));
#814 = DIRECTION('',(1.,0.));
#815 = ( GEOMETRIC_REPRESENTATION_CONTEXT(2) 
PARAMETRIC_REPRESENTATION_CONTEXT() REPRESENTATION_CONTEXT('2D SPACE',''
  ) );
#816 = PCURVE('',#817,#822);
#817 = CYLINDRICAL_SURFACE('',#818,1.65);
#818 = AXIS2_PLACEMENT_3D('',#819,#820,#821);
#819 = CARTESIAN_POINT('',(55.,62.,15.));
#820 = DIRECTION('',(-0.,-0.,-1.));
#821 = DIRECTION('',(1.,0.,0.));
#822 = DEFINITIONAL_REPRESENTATION('',(#823),#827);
#823 = LINE('',#824,#825);
#824 = CARTESIAN_POINT('',(-0.,-7.));
#825 = VECTOR('',#826,1.);
#826 = DIRECTION('',(-1.,0.));
#827 = ( GEOMETRIC_REPRESENTATION_CONTEXT(2) 
PARAMETRIC_REPRESENTATION_CONTEXT() REPRESENTATION_CONTEXT('2D SPACE',''
  ) );
#828 = FACE_BOUND('',#829,.T.);
#829 = EDGE_LOOP('',(#830));
#830 = ORIENTED_EDGE('',*,*,#831,.F.);
#831 = EDGE_CURVE('',#832,#832,#834,.T.);
#832 = VERTEX_POINT('',#833);
#833 = CARTESIAN_POINT('',(78.25,65.,22.));
#834 = SURFACE_CURVE('',#835,(#840,#847),.PCURVE_S1.);
#835 = CIRCLE('',#836,1.25);
#836 = AXIS2_PLACEMENT_3D('',#837,#838,#839);
#837 = CARTESIAN_POINT('',(77.,65.,22.));
#838 = DIRECTION('',(0.,0.,1.));
#839 = DIRECTION('',(1.,0.,0.));
#840 = PCURVE('',#126,#841);
#841 = DEFINITIONAL_REPRESENTATION('',(#842),#846);
#842 = CIRCLE('',#843,1.25);
#843 = AXIS2_PLACEMENT_2D('',#844,#845);
#844 = CARTESIAN_POINT('',(77.,65.));
#845 = DIRECTION('',(1.,0.));
#846 = ( GEOMETRIC_REPRESENTATION_CONTEXT(2) 
PARAMETRIC_REPRESENTATION_CONTEXT() REPRESENTATION_CONTEXT('2D SPACE',''
  ) );
#847 = PCURVE('',#848,#853);
#848 = CYLINDRICAL_SURFACE('',#849,1.25);
#849 = AXIS2_PLACEMENT_3D('',#850,#851,#852);
#850 = CARTESIAN_POINT('',(77.,65.,0.));
#851 = DIRECTION('',(-0.,-0.,-1.));
#852 = DIRECTION('',(1.,0.,0.));
#853 = DEFINITIONAL_REPRESENTATION('',(#854),#858);
#854 = LINE('',#855,#856);
#855 = CARTESIAN_POINT('',(-0.,-22.));
#856 = VECTOR('',#857,1.);
#857 = DIRECTION('',(-1.,0.));
#858 = ( GEOMETRIC_REPRESENTATION_CONTEXT(2) 
PARAMETRIC_REPRESENTATION_CONTEXT() REPRESENTATION_CONTEXT('2D SPACE',''
  ) );
#859 = FACE_BOUND('',#860,.T.);
#860 = EDGE_LOOP('',(#861));
#861 = ORIENTED_EDGE('',*,*,#862,.F.);
#862 = EDGE_CURVE('',#863,#863,#865,.T.);
#863 = VERTEX_POINT('',#864);
#864 = CARTESIAN_POINT('',(94.65,62.,22.));
#865 = SURFACE_CURVE('',#866,(#871,#878),.PCURVE_S1.);
#866 = CIRCLE('',#867,1.65);
#867 = AXIS2_PLACEMENT_3D('',#868,#869,#870);
#868 = CARTESIAN_POINT('',(93.,62.,22.));
#869 = DIRECTION('',(0.,0.,1.));
#870 = DIRECTION('',(1.,0.,0.));
#871 = PCURVE('',#126,#872);
#872 = DEFINITIONAL_REPRESENTATION('',(#873),#877);
#873 = CIRCLE('',#874,1.65);
#874 = AXIS2_PLACEMENT_2D('',#875,#876);
#875 = CARTESIAN_POINT('',(93.,62.));
#876 = DIRECTION('',(1.,0.));
#877 = ( GEOMETRIC_REPRESENTATION_CONTEXT(2) 
PARAMETRIC_REPRESENTATION_CONTEXT() REPRESENTATION_CONTEXT('2D SPACE',''
  ) );
#878 = PCURVE('',#879,#884);
#879 = CYLINDRICAL_SURFACE('',#880,1.65);
#880 = AXIS2_PLACEMENT_3D('',#881,#882,#883);
#881 = CARTESIAN_POINT('',(93.,62.,15.8));
#882 = DIRECTION('',(-0.,-0.,-1.));
#883 = DIRECTION('',(1.,0.,0.));
#884 = DEFINITIONAL_REPRESENTATION('',(#885),#889);
#885 = LINE('',#886,#887);
#886 = CARTESIAN_POINT('',(-0.,-6.2));
#887 = VECTOR('',#888,1.);
#888 = DIRECTION('',(-1.,0.));
#889 = ( GEOMETRIC_REPRESENTATION_CONTEXT(2) 
PARAMETRIC_REPRESENTATION_CONTEXT() REPRESENTATION_CONTEXT('2D SPACE',''
  ) );
#890 = ADVANCED_FACE('',(#891,#939,#970,#1000,#1031,#1062,#1092),#100,
  .T.);
#891 = FACE_BOUND('',#892,.T.);
#892 = EDGE_LOOP('',(#893,#916,#917,#918));
#893 = ORIENTED_EDGE('',*,*,#894,.F.);
#894 = EDGE_CURVE('',#57,#895,#897,.T.);
#895 = VERTEX_POINT('',#896);
#896 = CARTESIAN_POINT('',(110.,72.,0.));
#897 = SURFACE_CURVE('',#898,(#902,#909),.PCURVE_S1.);
#898 = LINE('',#899,#900);
#899 = CARTESIAN_POINT('',(0.,72.,0.));
#900 = VECTOR('',#901,1.);
#901 = DIRECTION('',(1.,0.,0.));
#902 = PCURVE('',#100,#903);
#903 = DEFINITIONAL_REPRESENTATION('',(#904),#908);
#904 = LINE('',#905,#906);
#905 = CARTESIAN_POINT('',(0.,0.));
#906 = VECTOR('',#907,1.);
#907 = DIRECTION('',(0.,1.));
#908 = ( GEOMETRIC_REPRESENTATION_CONTEXT(2) 
PARAMETRIC_REPRESENTATION_CONTEXT() REPRESENTATION_CONTEXT('2D SPACE',''
  ) );
#909 = PCURVE('',#72,#910);
#910 = DEFINITIONAL_REPRESENTATION('',(#911),#915);
#911 = LINE('',#912,#913);
#912 = CARTESIAN_POINT('',(0.,72.));
#913 = VECTOR('',#914,1.);
#914 = DIRECTION('',(1.,0.));
#915 = ( GEOMETRIC_REPRESENTATION_CONTEXT(2) 
PARAMETRIC_REPRESENTATION_CONTEXT() REPRESENTATION_CONTEXT('2D SPACE',''
  ) );
#916 = ORIENTED_EDGE('',*,*,#84,.T.);
#917 = ORIENTED_EDGE('',*,*,#436,.T.);
#918 = ORIENTED_EDGE('',*,*,#919,.F.);
#919 = EDGE_CURVE('',#895,#414,#920,.T.);
#920 = SURFACE_CURVE('',#921,(#925,#932),.PCURVE_S1.);
#921 = LINE('',#922,#923);
#922 = CARTESIAN_POINT('',(110.,72.,0.));
#923 = VECTOR('',#924,1.);
#924 = DIRECTION('',(0.,0.,1.));
#925 = PCURVE('',#100,#926);
#926 = DEFINITIONAL_REPRESENTATION('',(#927),#931);
#927 = LINE('',#928,#929);
#928 = CARTESIAN_POINT('',(0.,110.));
#929 = VECTOR('',#930,1.);
#930 = DIRECTION('',(1.,0.));
#931 = ( GEOMETRIC_REPRESENTATION_CONTEXT(2) 
PARAMETRIC_REPRESENTATION_CONTEXT() REPRESENTATION_CONTEXT('2D SPACE',''
  ) );
#932 = PCURVE('',#202,#933);
#933 = DEFINITIONAL_REPRESENTATION('',(#934),#938);
#934 = LINE('',#935,#936);
#935 = CARTESIAN_POINT('',(0.,-72.));
#936 = VECTOR('',#937,1.);
#937 = DIRECTION('',(1.,0.));
#938 = ( GEOMETRIC_REPRESENTATION_CONTEXT(2) 
PARAMETRIC_REPRESENTATION_CONTEXT() REPRESENTATION_CONTEXT('2D SPACE',''
  ) );
#939 = FACE_BOUND('',#940,.T.);
#940 = EDGE_LOOP('',(#941));
#941 = ORIENTED_EDGE('',*,*,#942,.F.);
#942 = EDGE_CURVE('',#943,#943,#945,.T.);
#943 = VERTEX_POINT('',#944);
#944 = CARTESIAN_POINT('',(8.25,72.,5.));
#945 = SURFACE_CURVE('',#946,(#951,#958),.PCURVE_S1.);
#946 = CIRCLE('',#947,1.25);
#947 = AXIS2_PLACEMENT_3D('',#948,#949,#950);
#948 = CARTESIAN_POINT('',(7.,72.,5.));
#949 = DIRECTION('',(-0.,1.,1.110223024625E-16));
#950 = DIRECTION('',(1.,0.,0.));
#951 = PCURVE('',#100,#952);
#952 = DEFINITIONAL_REPRESENTATION('',(#953),#957);
#953 = CIRCLE('',#954,1.25);
#954 = AXIS2_PLACEMENT_2D('',#955,#956);
#955 = CARTESIAN_POINT('',(5.,7.));
#956 = DIRECTION('',(0.,1.));
#957 = ( GEOMETRIC_REPRESENTATION_CONTEXT(2) 
PARAMETRIC_REPRESENTATION_CONTEXT() REPRESENTATION_CONTEXT('2D SPACE',''
  ) );
#958 = PCURVE('',#959,#964);
#959 = CYLINDRICAL_SURFACE('',#960,1.25);
#960 = AXIS2_PLACEMENT_3D('',#961,#962,#963);
#961 = CARTESIAN_POINT('',(7.,64.,5.));
#962 = DIRECTION('',(-0.,-1.,-1.110223024625E-16));
#963 = DIRECTION('',(1.,0.,0.));
#964 = DEFINITIONAL_REPRESENTATION('',(#965),#969);
#965 = LINE('',#966,#967);
#966 = CARTESIAN_POINT('',(-0.,-8.));
#967 = VECTOR('',#968,1.);
#968 = DIRECTION('',(-1.,0.));
#969 = ( GEOMETRIC_REPRESENTATION_CONTEXT(2) 
PARAMETRIC_REPRESENTATION_CONTEXT() REPRESENTATION_CONTEXT('2D SPACE',''
  ) );
#970 = FACE_BOUND('',#971,.T.);
#971 = EDGE_LOOP('',(#972));
#972 = ORIENTED_EDGE('',*,*,#973,.T.);
#973 = EDGE_CURVE('',#974,#974,#976,.T.);
#974 = VERTEX_POINT('',#975);
#975 = CARTESIAN_POINT('',(32.5,72.,10.));
#976 = SURFACE_CURVE('',#977,(#982,#993),.PCURVE_S1.);
#977 = CIRCLE('',#978,7.5);
#978 = AXIS2_PLACEMENT_3D('',#979,#980,#981);
#979 = CARTESIAN_POINT('',(25.,72.,10.));
#980 = DIRECTION('',(0.,-1.,-1.110223024625E-16));
#981 = DIRECTION('',(1.,-0.,0.));
#982 = PCURVE('',#100,#983);
#983 = DEFINITIONAL_REPRESENTATION('',(#984),#992);
#984 = ( BOUNDED_CURVE() B_SPLINE_CURVE(2,(#985,#986,#987,#988,#989,#990
,#991),.UNSPECIFIED.,.T.,.F.) B_SPLINE_CURVE_WITH_KNOTS((1,2,2,2,2,1),(
    -2.094395102393,0.,2.094395102393,4.188790204786,6.28318530718,
8.377580409573),.UNSPECIFIED.) CURVE() GEOMETRIC_REPRESENTATION_ITEM() 
RATIONAL_B_SPLINE_CURVE((1.,0.5,1.,0.5,1.,0.5,1.)) REPRESENTATION_ITEM(
  '') );
#985 = CARTESIAN_POINT('',(10.,32.5));
#986 = CARTESIAN_POINT('',(22.990381056767,32.5));
#987 = CARTESIAN_POINT('',(16.495190528383,21.25));
#988 = CARTESIAN_POINT('',(10.,10.));
#989 = CARTESIAN_POINT('',(3.504809471617,21.25));
#990 = CARTESIAN_POINT('',(-2.990381056767,32.5));
#991 = CARTESIAN_POINT('',(10.,32.5));
#992 = ( GEOMETRIC_REPRESENTATION_CONTEXT(2) 
PARAMETRIC_REPRESENTATION_CONTEXT() REPRESENTATION_CONTEXT('2D SPACE',''
  ) );
#993 = PCURVE('',#268,#994);
#994 = DEFINITIONAL_REPRESENTATION('',(#995),#999);
#995 = LINE('',#996,#997);
#996 = CARTESIAN_POINT('',(-6.28318530718,-73.));
#997 = VECTOR('',#998,1.);
#998 = DIRECTION('',(1.,-0.));
#999 = ( GEOMETRIC_REPRESENTATION_CONTEXT(2) 
PARAMETRIC_REPRESENTATION_CONTEXT() REPRESENTATION_CONTEXT('2D SPACE',''
  ) );
#1000 = FACE_BOUND('',#1001,.T.);
#1001 = EDGE_LOOP('',(#1002));
#1002 = ORIENTED_EDGE('',*,*,#1003,.F.);
#1003 = EDGE_CURVE('',#1004,#1004,#1006,.T.);
#1004 = VERTEX_POINT('',#1005);
#1005 = CARTESIAN_POINT('',(8.25,72.,17.));
#1006 = SURFACE_CURVE('',#1007,(#1012,#1019),.PCURVE_S1.);
#1007 = CIRCLE('',#1008,1.25);
#1008 = AXIS2_PLACEMENT_3D('',#1009,#1010,#1011);
#1009 = CARTESIAN_POINT('',(7.,72.,17.));
#1010 = DIRECTION('',(-0.,1.,1.110223024625E-16));
#1011 = DIRECTION('',(1.,0.,0.));
#1012 = PCURVE('',#100,#1013);
#1013 = DEFINITIONAL_REPRESENTATION('',(#1014),#1018);
#1014 = CIRCLE('',#1015,1.25);
#1015 = AXIS2_PLACEMENT_2D('',#1016,#1017);
#1016 = CARTESIAN_POINT('',(17.,7.));
#1017 = DIRECTION('',(0.,1.));
#1018 = ( GEOMETRIC_REPRESENTATION_CONTEXT(2) 
PARAMETRIC_REPRESENTATION_CONTEXT() REPRESENTATION_CONTEXT('2D SPACE',''
  ) );
#1019 = PCURVE('',#1020,#1025);
#1020 = CYLINDRICAL_SURFACE('',#1021,1.25);
#1021 = AXIS2_PLACEMENT_3D('',#1022,#1023,#1024);
#1022 = CARTESIAN_POINT('',(7.,64.,17.));
#1023 = DIRECTION('',(-0.,-1.,-1.110223024625E-16));
#1024 = DIRECTION('',(1.,0.,0.));
#1025 = DEFINITIONAL_REPRESENTATION('',(#1026),#1030);
#1026 = LINE('',#1027,#1028);
#1027 = CARTESIAN_POINT('',(-0.,-8.));
#1028 = VECTOR('',#1029,1.);
#1029 = DIRECTION('',(-1.,0.));
#1030 = ( GEOMETRIC_REPRESENTATION_CONTEXT(2) 
PARAMETRIC_REPRESENTATION_CONTEXT() REPRESENTATION_CONTEXT('2D SPACE',''
  ) );
#1031 = FACE_BOUND('',#1032,.T.);
#1032 = EDGE_LOOP('',(#1033));
#1033 = ORIENTED_EDGE('',*,*,#1034,.F.);
#1034 = EDGE_CURVE('',#1035,#1035,#1037,.T.);
#1035 = VERTEX_POINT('',#1036);
#1036 = CARTESIAN_POINT('',(104.25,72.,5.));
#1037 = SURFACE_CURVE('',#1038,(#1043,#1050),.PCURVE_S1.);
#1038 = CIRCLE('',#1039,1.25);
#1039 = AXIS2_PLACEMENT_3D('',#1040,#1041,#1042);
#1040 = CARTESIAN_POINT('',(103.,72.,5.));
#1041 = DIRECTION('',(-0.,1.,1.110223024625E-16));
#1042 = DIRECTION('',(1.,0.,0.));
#1043 = PCURVE('',#100,#1044);
#1044 = DEFINITIONAL_REPRESENTATION('',(#1045),#1049);
#1045 = CIRCLE('',#1046,1.25);
#1046 = AXIS2_PLACEMENT_2D('',#1047,#1048);
#1047 = CARTESIAN_POINT('',(5.,103.));
#1048 = DIRECTION('',(0.,1.));
#1049 = ( GEOMETRIC_REPRESENTATION_CONTEXT(2) 
PARAMETRIC_REPRESENTATION_CONTEXT() REPRESENTATION_CONTEXT('2D SPACE',''
  ) );
#1050 = PCURVE('',#1051,#1056);
#1051 = CYLINDRICAL_SURFACE('',#1052,1.25);
#1052 = AXIS2_PLACEMENT_3D('',#1053,#1054,#1055);
#1053 = CARTESIAN_POINT('',(103.,64.,5.));
#1054 = DIRECTION('',(-0.,-1.,-1.110223024625E-16));
#1055 = DIRECTION('',(1.,0.,0.));
#1056 = DEFINITIONAL_REPRESENTATION('',(#1057),#1061);
#1057 = LINE('',#1058,#1059);
#1058 = CARTESIAN_POINT('',(-0.,-8.));
#1059 = VECTOR('',#1060,1.);
#1060 = DIRECTION('',(-1.,0.));
#1061 = ( GEOMETRIC_REPRESENTATION_CONTEXT(2) 
PARAMETRIC_REPRESENTATION_CONTEXT() REPRESENTATION_CONTEXT('2D SPACE',''
  ) );
#1062 = FACE_BOUND('',#1063,.T.);
#1063 = EDGE_LOOP('',(#1064));
#1064 = ORIENTED_EDGE('',*,*,#1065,.T.);
#1065 = EDGE_CURVE('',#1066,#1066,#1068,.T.);
#1066 = VERTEX_POINT('',#1067);
#1067 = CARTESIAN_POINT('',(92.5,72.,10.));
#1068 = SURFACE_CURVE('',#1069,(#1074,#1085),.PCURVE_S1.);
#1069 = CIRCLE('',#1070,7.5);
#1070 = AXIS2_PLACEMENT_3D('',#1071,#1072,#1073);
#1071 = CARTESIAN_POINT('',(85.,72.,10.));
#1072 = DIRECTION('',(0.,-1.,-1.110223024625E-16));
#1073 = DIRECTION('',(1.,-0.,0.));
#1074 = PCURVE('',#100,#1075);
#1075 = DEFINITIONAL_REPRESENTATION('',(#1076),#1084);
#1076 = ( BOUNDED_CURVE() B_SPLINE_CURVE(2,(#1077,#1078,#1079,#1080,
#1081,#1082,#1083),.UNSPECIFIED.,.T.,.F.) B_SPLINE_CURVE_WITH_KNOTS((1,2
    ,2,2,2,1),(-2.094395102393,0.,2.094395102393,4.188790204786,
6.28318530718,8.377580409573),.UNSPECIFIED.) CURVE() 
GEOMETRIC_REPRESENTATION_ITEM() RATIONAL_B_SPLINE_CURVE((1.,0.5,1.,0.5,
1.,0.5,1.)) REPRESENTATION_ITEM('') );
#1077 = CARTESIAN_POINT('',(10.,92.5));
#1078 = CARTESIAN_POINT('',(22.990381056767,92.5));
#1079 = CARTESIAN_POINT('',(16.495190528383,81.25));
#1080 = CARTESIAN_POINT('',(10.,70.));
#1081 = CARTESIAN_POINT('',(3.504809471617,81.25));
#1082 = CARTESIAN_POINT('',(-2.990381056767,92.5));
#1083 = CARTESIAN_POINT('',(10.,92.5));
#1084 = ( GEOMETRIC_REPRESENTATION_CONTEXT(2) 
PARAMETRIC_REPRESENTATION_CONTEXT() REPRESENTATION_CONTEXT('2D SPACE',''
  ) );
#1085 = PCURVE('',#365,#1086);
#1086 = DEFINITIONAL_REPRESENTATION('',(#1087),#1091);
#1087 = LINE('',#1088,#1089);
#1088 = CARTESIAN_POINT('',(-6.28318530718,-73.));
#1089 = VECTOR('',#1090,1.);
#1090 = DIRECTION('',(1.,-0.));
#1091 = ( GEOMETRIC_REPRESENTATION_CONTEXT(2) 
PARAMETRIC_REPRESENTATION_CONTEXT() REPRESENTATION_CONTEXT('2D SPACE',''
  ) );
#1092 = FACE_BOUND('',#1093,.T.);
#1093 = EDGE_LOOP('',(#1094));
#1094 = ORIENTED_EDGE('',*,*,#1095,.F.);
#1095 = EDGE_CURVE('',#1096,#1096,#1098,.T.);
#1096 = VERTEX_POINT('',#1097);
#1097 = CARTESIAN_POINT('',(104.25,72.,17.));
#1098 = SURFACE_CURVE('',#1099,(#1104,#1111),.PCURVE_S1.);
#1099 = CIRCLE('',#1100,1.25);
#1100 = AXIS2_PLACEMENT_3D('',#1101,#1102,#1103);
#1101 = CARTESIAN_POINT('',(103.,72.,17.));
#1102 = DIRECTION('',(-0.,1.,1.110223024625E-16));
#1103 = DIRECTION('',(1.,0.,0.));
#1104 = PCURVE('',#100,#1105);
#1105 = DEFINITIONAL_REPRESENTATION('',(#1106),#1110);
#1106 = CIRCLE('',#1107,1.25);
#1107 = AXIS2_PLACEMENT_2D('',#1108,#1109);
#1108 = CARTESIAN_POINT('',(17.,103.));
#1109 = DIRECTION('',(0.,1.));
#1110 = ( GEOMETRIC_REPRESENTATION_CONTEXT(2) 
PARAMETRIC_REPRESENTATION_CONTEXT() REPRESENTATION_CONTEXT('2D SPACE',''
  ) );
#1111 = PCURVE('',#1112,#1117);
#1112 = CYLINDRICAL_SURFACE('',#1113,1.25);
#1113 = AXIS2_PLACEMENT_3D('',#1114,#1115,#1116);
#1114 = CARTESIAN_POINT('',(103.,64.,17.));
#1115 = DIRECTION('',(-0.,-1.,-1.110223024625E-16));
#1116 = DIRECTION('',(1.,0.,0.));
#1117 = DEFINITIONAL_REPRESENTATION('',(#1118),#1122);
#1118 = LINE('',#1119,#1120);
#1119 = CARTESIAN_POINT('',(-0.,-8.));
#1120 = VECTOR('',#1121,1.);
#1121 = DIRECTION('',(-1.,0.));
#1122 = ( GEOMETRIC_REPRESENTATION_CONTEXT(2) 
PARAMETRIC_REPRESENTATION_CONTEXT() REPRESENTATION_CONTEXT('2D SPACE',''
  ) );
#1123 = ADVANCED_FACE('',(#1124,#1150,#1176,#1207,#1313,#1344,#1370,
    #1396),#72,.F.);
#1124 = FACE_BOUND('',#1125,.F.);
#1125 = EDGE_LOOP('',(#1126,#1127,#1128,#1149));
#1126 = ORIENTED_EDGE('',*,*,#56,.F.);
#1127 = ORIENTED_EDGE('',*,*,#141,.T.);
#1128 = ORIENTED_EDGE('',*,*,#1129,.T.);
#1129 = EDGE_CURVE('',#142,#895,#1130,.T.);
#1130 = SURFACE_CURVE('',#1131,(#1135,#1142),.PCURVE_S1.);
#1131 = LINE('',#1132,#1133);
#1132 = CARTESIAN_POINT('',(110.,0.,0.));
#1133 = VECTOR('',#1134,1.);
#1134 = DIRECTION('',(0.,1.,0.));
#1135 = PCURVE('',#72,#1136);
#1136 = DEFINITIONAL_REPRESENTATION('',(#1137),#1141);
#1137 = LINE('',#1138,#1139);
#1138 = CARTESIAN_POINT('',(110.,0.));
#1139 = VECTOR('',#1140,1.);
#1140 = DIRECTION('',(0.,1.));
#1141 = ( GEOMETRIC_REPRESENTATION_CONTEXT(2) 
PARAMETRIC_REPRESENTATION_CONTEXT() REPRESENTATION_CONTEXT('2D SPACE',''
  ) );
#1142 = PCURVE('',#202,#1143);
#1143 = DEFINITIONAL_REPRESENTATION('',(#1144),#1148);
#1144 = LINE('',#1145,#1146);
#1145 = CARTESIAN_POINT('',(0.,0.));
#1146 = VECTOR('',#1147,1.);
#1147 = DIRECTION('',(0.,-1.));
#1148 = ( GEOMETRIC_REPRESENTATION_CONTEXT(2) 
PARAMETRIC_REPRESENTATION_CONTEXT() REPRESENTATION_CONTEXT('2D SPACE',''
  ) );
#1149 = ORIENTED_EDGE('',*,*,#894,.F.);
#1150 = FACE_BOUND('',#1151,.F.);
#1151 = EDGE_LOOP('',(#1152));
#1152 = ORIENTED_EDGE('',*,*,#1153,.F.);
#1153 = EDGE_CURVE('',#1154,#1154,#1156,.T.);
#1154 = VERTEX_POINT('',#1155);
#1155 = CARTESIAN_POINT('',(4.25,31.,0.));
#1156 = SURFACE_CURVE('',#1157,(#1162,#1169),.PCURVE_S1.);
#1157 = CIRCLE('',#1158,1.25);
#1158 = AXIS2_PLACEMENT_3D('',#1159,#1160,#1161);
#1159 = CARTESIAN_POINT('',(3.,31.,0.));
#1160 = DIRECTION('',(0.,0.,1.));
#1161 = DIRECTION('',(1.,0.,0.));
#1162 = PCURVE('',#72,#1163);
#1163 = DEFINITIONAL_REPRESENTATION('',(#1164),#1168);
#1164 = CIRCLE('',#1165,1.25);
#1165 = AXIS2_PLACEMENT_2D('',#1166,#1167);
#1166 = CARTESIAN_POINT('',(3.,31.));
#1167 = DIRECTION('',(1.,0.));
#1168 = ( GEOMETRIC_REPRESENTATION_CONTEXT(2) 
PARAMETRIC_REPRESENTATION_CONTEXT() REPRESENTATION_CONTEXT('2D SPACE',''
  ) );
#1169 = PCURVE('',#507,#1170);
#1170 = DEFINITIONAL_REPRESENTATION('',(#1171),#1175);
#1171 = LINE('',#1172,#1173);
#1172 = CARTESIAN_POINT('',(-0.,0.));
#1173 = VECTOR('',#1174,1.);
#1174 = DIRECTION('',(-1.,0.));
#1175 = ( GEOMETRIC_REPRESENTATION_CONTEXT(2) 
PARAMETRIC_REPRESENTATION_CONTEXT() REPRESENTATION_CONTEXT('2D SPACE',''
  ) );
#1176 = FACE_BOUND('',#1177,.F.);
#1177 = EDGE_LOOP('',(#1178));
#1178 = ORIENTED_EDGE('',*,*,#1179,.F.);
#1179 = EDGE_CURVE('',#1180,#1180,#1182,.T.);
#1180 = VERTEX_POINT('',#1181);
#1181 = CARTESIAN_POINT('',(24.25,31.,0.));
#1182 = SURFACE_CURVE('',#1183,(#1188,#1195),.PCURVE_S1.);
#1183 = CIRCLE('',#1184,1.25);
#1184 = AXIS2_PLACEMENT_3D('',#1185,#1186,#1187);
#1185 = CARTESIAN_POINT('',(23.,31.,0.));
#1186 = DIRECTION('',(0.,0.,1.));
#1187 = DIRECTION('',(1.,0.,0.));
#1188 = PCURVE('',#72,#1189);
#1189 = DEFINITIONAL_REPRESENTATION('',(#1190),#1194);
#1190 = CIRCLE('',#1191,1.25);
#1191 = AXIS2_PLACEMENT_2D('',#1192,#1193);
#1192 = CARTESIAN_POINT('',(23.,31.));
#1193 = DIRECTION('',(1.,0.));
#1194 = ( GEOMETRIC_REPRESENTATION_CONTEXT(2) 
PARAMETRIC_REPRESENTATION_CONTEXT() REPRESENTATION_CONTEXT('2D SPACE',''
  ) );
#1195 = PCURVE('',#1196,#1201);
#1196 = CYLINDRICAL_SURFACE('',#1197,1.25);
#1197 = AXIS2_PLACEMENT_3D('',#1198,#1199,#1200);
#1198 = CARTESIAN_POINT('',(23.,31.,0.));
#1199 = DIRECTION('',(-0.,-0.,-1.));
#1200 = DIRECTION('',(1.,0.,0.));
#1201 = DEFINITIONAL_REPRESENTATION('',(#1202),#1206);
#1202 = LINE('',#1203,#1204);
#1203 = CARTESIAN_POINT('',(-0.,0.));
#1204 = VECTOR('',#1205,1.);
#1205 = DIRECTION('',(-1.,0.));
#1206 = ( GEOMETRIC_REPRESENTATION_CONTEXT(2) 
PARAMETRIC_REPRESENTATION_CONTEXT() REPRESENTATION_CONTEXT('2D SPACE',''
  ) );
#1207 = FACE_BOUND('',#1208,.F.);
#1208 = EDGE_LOOP('',(#1209,#1237,#1263,#1289));
#1209 = ORIENTED_EDGE('',*,*,#1210,.T.);
#1210 = EDGE_CURVE('',#1211,#1213,#1215,.T.);
#1211 = VERTEX_POINT('',#1212);
#1212 = CARTESIAN_POINT('',(67.,17.,0.));
#1213 = VERTEX_POINT('',#1214);
#1214 = CARTESIAN_POINT('',(43.,17.,0.));
#1215 = SURFACE_CURVE('',#1216,(#1220,#1226),.PCURVE_S1.);
#1216 = LINE('',#1217,#1218);
#1217 = CARTESIAN_POINT('',(21.5,17.,0.));
#1218 = VECTOR('',#1219,1.);
#1219 = DIRECTION('',(-1.,0.,0.));
#1220 = PCURVE('',#72,#1221);
#1221 = DEFINITIONAL_REPRESENTATION('',(#1222),#1225);
#1222 = B_SPLINE_CURVE_WITH_KNOTS('',1,(#1223,#1224),.UNSPECIFIED.,.F.,
  .F.,(2,2),(-45.5,-21.5),.PIECEWISE_BEZIER_KNOTS.);
#1223 = CARTESIAN_POINT('',(67.,17.));
#1224 = CARTESIAN_POINT('',(43.,17.));
#1225 = ( GEOMETRIC_REPRESENTATION_CONTEXT(2) 
PARAMETRIC_REPRESENTATION_CONTEXT() REPRESENTATION_CONTEXT('2D SPACE',''
  ) );
#1226 = PCURVE('',#1227,#1232);
#1227 = PLANE('',#1228);
#1228 = AXIS2_PLACEMENT_3D('',#1229,#1230,#1231);
#1229 = CARTESIAN_POINT('',(43.,17.,-1.));
#1230 = DIRECTION('',(0.,1.,0.));
#1231 = DIRECTION('',(0.,0.,1.));
#1232 = DEFINITIONAL_REPRESENTATION('',(#1233),#1236);
#1233 = B_SPLINE_CURVE_WITH_KNOTS('',1,(#1234,#1235),.UNSPECIFIED.,.F.,
  .F.,(2,2),(-45.5,-21.5),.PIECEWISE_BEZIER_KNOTS.);
#1234 = CARTESIAN_POINT('',(1.,24.));
#1235 = CARTESIAN_POINT('',(1.,0.));
#1236 = ( GEOMETRIC_REPRESENTATION_CONTEXT(2) 
PARAMETRIC_REPRESENTATION_CONTEXT() REPRESENTATION_CONTEXT('2D SPACE',''
  ) );
#1237 = ORIENTED_EDGE('',*,*,#1238,.T.);
#1238 = EDGE_CURVE('',#1213,#1239,#1241,.T.);
#1239 = VERTEX_POINT('',#1240);
#1240 = CARTESIAN_POINT('',(43.,31.,0.));
#1241 = SURFACE_CURVE('',#1242,(#1246,#1252),.PCURVE_S1.);
#1242 = LINE('',#1243,#1244);
#1243 = CARTESIAN_POINT('',(43.,8.5,0.));
#1244 = VECTOR('',#1245,1.);
#1245 = DIRECTION('',(0.,1.,0.));
#1246 = PCURVE('',#72,#1247);
#1247 = DEFINITIONAL_REPRESENTATION('',(#1248),#1251);
#1248 = B_SPLINE_CURVE_WITH_KNOTS('',1,(#1249,#1250),.UNSPECIFIED.,.F.,
  .F.,(2,2),(8.5,22.5),.PIECEWISE_BEZIER_KNOTS.);
#1249 = CARTESIAN_POINT('',(43.,17.));
#1250 = CARTESIAN_POINT('',(43.,31.));
#1251 = ( GEOMETRIC_REPRESENTATION_CONTEXT(2) 
PARAMETRIC_REPRESENTATION_CONTEXT() REPRESENTATION_CONTEXT('2D SPACE',''
  ) );
#1252 = PCURVE('',#1253,#1258);
#1253 = PLANE('',#1254);
#1254 = AXIS2_PLACEMENT_3D('',#1255,#1256,#1257);
#1255 = CARTESIAN_POINT('',(43.,17.,-1.));
#1256 = DIRECTION('',(1.,0.,0.));
#1257 = DIRECTION('',(0.,0.,1.));
#1258 = DEFINITIONAL_REPRESENTATION('',(#1259),#1262);
#1259 = B_SPLINE_CURVE_WITH_KNOTS('',1,(#1260,#1261),.UNSPECIFIED.,.F.,
  .F.,(2,2),(8.5,22.5),.PIECEWISE_BEZIER_KNOTS.);
#1260 = CARTESIAN_POINT('',(1.,0.));
#1261 = CARTESIAN_POINT('',(1.,-14.));
#1262 = ( GEOMETRIC_REPRESENTATION_CONTEXT(2) 
PARAMETRIC_REPRESENTATION_CONTEXT() REPRESENTATION_CONTEXT('2D SPACE',''
  ) );
#1263 = ORIENTED_EDGE('',*,*,#1264,.F.);
#1264 = EDGE_CURVE('',#1265,#1239,#1267,.T.);
#1265 = VERTEX_POINT('',#1266);
#1266 = CARTESIAN_POINT('',(67.,31.,0.));
#1267 = SURFACE_CURVE('',#1268,(#1272,#1278),.PCURVE_S1.);
#1268 = LINE('',#1269,#1270);
#1269 = CARTESIAN_POINT('',(21.5,31.,0.));
#1270 = VECTOR('',#1271,1.);
#1271 = DIRECTION('',(-1.,0.,0.));
#1272 = PCURVE('',#72,#1273);
#1273 = DEFINITIONAL_REPRESENTATION('',(#1274),#1277);
#1274 = B_SPLINE_CURVE_WITH_KNOTS('',1,(#1275,#1276),.UNSPECIFIED.,.F.,
  .F.,(2,2),(-45.5,-21.5),.PIECEWISE_BEZIER_KNOTS.);
#1275 = CARTESIAN_POINT('',(67.,31.));
#1276 = CARTESIAN_POINT('',(43.,31.));
#1277 = ( GEOMETRIC_REPRESENTATION_CONTEXT(2) 
PARAMETRIC_REPRESENTATION_CONTEXT() REPRESENTATION_CONTEXT('2D SPACE',''
  ) );
#1278 = PCURVE('',#1279,#1284);
#1279 = PLANE('',#1280);
#1280 = AXIS2_PLACEMENT_3D('',#1281,#1282,#1283);
#1281 = CARTESIAN_POINT('',(43.,31.,-1.));
#1282 = DIRECTION('',(0.,1.,0.));
#1283 = DIRECTION('',(0.,0.,1.));
#1284 = DEFINITIONAL_REPRESENTATION('',(#1285),#1288);
#1285 = B_SPLINE_CURVE_WITH_KNOTS('',1,(#1286,#1287),.UNSPECIFIED.,.F.,
  .F.,(2,2),(-45.5,-21.5),.PIECEWISE_BEZIER_KNOTS.);
#1286 = CARTESIAN_POINT('',(1.,24.));
#1287 = CARTESIAN_POINT('',(1.,0.));
#1288 = ( GEOMETRIC_REPRESENTATION_CONTEXT(2) 
PARAMETRIC_REPRESENTATION_CONTEXT() REPRESENTATION_CONTEXT('2D SPACE',''
  ) );
#1289 = ORIENTED_EDGE('',*,*,#1290,.F.);
#1290 = EDGE_CURVE('',#1211,#1265,#1291,.T.);
#1291 = SURFACE_CURVE('',#1292,(#1296,#1302),.PCURVE_S1.);
#1292 = LINE('',#1293,#1294);
#1293 = CARTESIAN_POINT('',(67.,8.5,0.));
#1294 = VECTOR('',#1295,1.);
#1295 = DIRECTION('',(0.,1.,0.));
#1296 = PCURVE('',#72,#1297);
#1297 = DEFINITIONAL_REPRESENTATION('',(#1298),#1301);
#1298 = B_SPLINE_CURVE_WITH_KNOTS('',1,(#1299,#1300),.UNSPECIFIED.,.F.,
  .F.,(2,2),(8.5,22.5),.PIECEWISE_BEZIER_KNOTS.);
#1299 = CARTESIAN_POINT('',(67.,17.));
#1300 = CARTESIAN_POINT('',(67.,31.));
#1301 = ( GEOMETRIC_REPRESENTATION_CONTEXT(2) 
PARAMETRIC_REPRESENTATION_CONTEXT() REPRESENTATION_CONTEXT('2D SPACE',''
  ) );
#1302 = PCURVE('',#1303,#1308);
#1303 = PLANE('',#1304);
#1304 = AXIS2_PLACEMENT_3D('',#1305,#1306,#1307);
#1305 = CARTESIAN_POINT('',(67.,17.,-1.));
#1306 = DIRECTION('',(1.,0.,0.));
#1307 = DIRECTION('',(0.,0.,1.));
#1308 = DEFINITIONAL_REPRESENTATION('',(#1309),#1312);
#1309 = B_SPLINE_CURVE_WITH_KNOTS('',1,(#1310,#1311),.UNSPECIFIED.,.F.,
  .F.,(2,2),(8.5,22.5),.PIECEWISE_BEZIER_KNOTS.);
#1310 = CARTESIAN_POINT('',(1.,0.));
#1311 = CARTESIAN_POINT('',(1.,-14.));
#1312 = ( GEOMETRIC_REPRESENTATION_CONTEXT(2) 
PARAMETRIC_REPRESENTATION_CONTEXT() REPRESENTATION_CONTEXT('2D SPACE',''
  ) );
#1313 = FACE_BOUND('',#1314,.F.);
#1314 = EDGE_LOOP('',(#1315));
#1315 = ORIENTED_EDGE('',*,*,#1316,.F.);
#1316 = EDGE_CURVE('',#1317,#1317,#1319,.T.);
#1317 = VERTEX_POINT('',#1318);
#1318 = CARTESIAN_POINT('',(88.25,31.,0.));
#1319 = SURFACE_CURVE('',#1320,(#1325,#1332),.PCURVE_S1.);
#1320 = CIRCLE('',#1321,1.25);
#1321 = AXIS2_PLACEMENT_3D('',#1322,#1323,#1324);
#1322 = CARTESIAN_POINT('',(87.,31.,0.));
#1323 = DIRECTION('',(0.,0.,1.));
#1324 = DIRECTION('',(1.,0.,0.));
#1325 = PCURVE('',#72,#1326);
#1326 = DEFINITIONAL_REPRESENTATION('',(#1327),#1331);
#1327 = CIRCLE('',#1328,1.25);
#1328 = AXIS2_PLACEMENT_2D('',#1329,#1330);
#1329 = CARTESIAN_POINT('',(87.,31.));
#1330 = DIRECTION('',(1.,0.));
#1331 = ( GEOMETRIC_REPRESENTATION_CONTEXT(2) 
PARAMETRIC_REPRESENTATION_CONTEXT() REPRESENTATION_CONTEXT('2D SPACE',''
  ) );
#1332 = PCURVE('',#1333,#1338);
#1333 = CYLINDRICAL_SURFACE('',#1334,1.25);
#1334 = AXIS2_PLACEMENT_3D('',#1335,#1336,#1337);
#1335 = CARTESIAN_POINT('',(87.,31.,0.));
#1336 = DIRECTION('',(-0.,-0.,-1.));
#1337 = DIRECTION('',(1.,0.,0.));
#1338 = DEFINITIONAL_REPRESENTATION('',(#1339),#1343);
#1339 = LINE('',#1340,#1341);
#1340 = CARTESIAN_POINT('',(-0.,0.));
#1341 = VECTOR('',#1342,1.);
#1342 = DIRECTION('',(-1.,0.));
#1343 = ( GEOMETRIC_REPRESENTATION_CONTEXT(2) 
PARAMETRIC_REPRESENTATION_CONTEXT() REPRESENTATION_CONTEXT('2D SPACE',''
  ) );
#1344 = FACE_BOUND('',#1345,.F.);
#1345 = EDGE_LOOP('',(#1346));
#1346 = ORIENTED_EDGE('',*,*,#1347,.F.);
#1347 = EDGE_CURVE('',#1348,#1348,#1350,.T.);
#1348 = VERTEX_POINT('',#1349);
#1349 = CARTESIAN_POINT('',(108.25,31.,0.));
#1350 = SURFACE_CURVE('',#1351,(#1356,#1363),.PCURVE_S1.);
#1351 = CIRCLE('',#1352,1.25);
#1352 = AXIS2_PLACEMENT_3D('',#1353,#1354,#1355);
#1353 = CARTESIAN_POINT('',(107.,31.,0.));
#1354 = DIRECTION('',(0.,0.,1.));
#1355 = DIRECTION('',(1.,0.,0.));
#1356 = PCURVE('',#72,#1357);
#1357 = DEFINITIONAL_REPRESENTATION('',(#1358),#1362);
#1358 = CIRCLE('',#1359,1.25);
#1359 = AXIS2_PLACEMENT_2D('',#1360,#1361);
#1360 = CARTESIAN_POINT('',(107.,31.));
#1361 = DIRECTION('',(1.,0.));
#1362 = ( GEOMETRIC_REPRESENTATION_CONTEXT(2) 
PARAMETRIC_REPRESENTATION_CONTEXT() REPRESENTATION_CONTEXT('2D SPACE',''
  ) );
#1363 = PCURVE('',#662,#1364);
#1364 = DEFINITIONAL_REPRESENTATION('',(#1365),#1369);
#1365 = LINE('',#1366,#1367);
#1366 = CARTESIAN_POINT('',(-0.,0.));
#1367 = VECTOR('',#1368,1.);
#1368 = DIRECTION('',(-1.,0.));
#1369 = ( GEOMETRIC_REPRESENTATION_CONTEXT(2) 
PARAMETRIC_REPRESENTATION_CONTEXT() REPRESENTATION_CONTEXT('2D SPACE',''
  ) );
#1370 = FACE_BOUND('',#1371,.F.);
#1371 = EDGE_LOOP('',(#1372));
#1372 = ORIENTED_EDGE('',*,*,#1373,.F.);
#1373 = EDGE_CURVE('',#1374,#1374,#1376,.T.);
#1374 = VERTEX_POINT('',#1375);
#1375 = CARTESIAN_POINT('',(48.25,65.,0.));
#1376 = SURFACE_CURVE('',#1377,(#1382,#1389),.PCURVE_S1.);
#1377 = CIRCLE('',#1378,1.25);
#1378 = AXIS2_PLACEMENT_3D('',#1379,#1380,#1381);
#1379 = CARTESIAN_POINT('',(47.,65.,0.));
#1380 = DIRECTION('',(0.,0.,1.));
#1381 = DIRECTION('',(1.,0.,0.));
#1382 = PCURVE('',#72,#1383);
#1383 = DEFINITIONAL_REPRESENTATION('',(#1384),#1388);
#1384 = CIRCLE('',#1385,1.25);
#1385 = AXIS2_PLACEMENT_2D('',#1386,#1387);
#1386 = CARTESIAN_POINT('',(47.,65.));
#1387 = DIRECTION('',(1.,0.));
#1388 = ( GEOMETRIC_REPRESENTATION_CONTEXT(2) 
PARAMETRIC_REPRESENTATION_CONTEXT() REPRESENTATION_CONTEXT('2D SPACE',''
  ) );
#1389 = PCURVE('',#786,#1390);
#1390 = DEFINITIONAL_REPRESENTATION('',(#1391),#1395);
#1391 = LINE('',#1392,#1393);
#1392 = CARTESIAN_POINT('',(-0.,0.));
#1393 = VECTOR('',#1394,1.);
#1394 = DIRECTION('',(-1.,0.));
#1395 = ( GEOMETRIC_REPRESENTATION_CONTEXT(2) 
PARAMETRIC_REPRESENTATION_CONTEXT() REPRESENTATION_CONTEXT('2D SPACE',''
  ) );
#1396 = FACE_BOUND('',#1397,.F.);
#1397 = EDGE_LOOP('',(#1398));
#1398 = ORIENTED_EDGE('',*,*,#1399,.F.);
#1399 = EDGE_CURVE('',#1400,#1400,#1402,.T.);
#1400 = VERTEX_POINT('',#1401);
#1401 = CARTESIAN_POINT('',(78.25,65.,0.));
#1402 = SURFACE_CURVE('',#1403,(#1408,#1415),.PCURVE_S1.);
#1403 = CIRCLE('',#1404,1.25);
#1404 = AXIS2_PLACEMENT_3D('',#1405,#1406,#1407);
#1405 = CARTESIAN_POINT('',(77.,65.,0.));
#1406 = DIRECTION('',(0.,0.,1.));
#1407 = DIRECTION('',(1.,0.,0.));
#1408 = PCURVE('',#72,#1409);
#1409 = DEFINITIONAL_REPRESENTATION('',(#1410),#1414);
#1410 = CIRCLE('',#1411,1.25);
#1411 = AXIS2_PLACEMENT_2D('',#1412,#1413);
#1412 = CARTESIAN_POINT('',(77.,65.));
#1413 = DIRECTION('',(1.,0.));
#1414 = ( GEOMETRIC_REPRESENTATION_CONTEXT(2) 
PARAMETRIC_REPRESENTATION_CONTEXT() REPRESENTATION_CONTEXT('2D SPACE',''
  ) );
#1415 = PCURVE('',#848,#1416);
#1416 = DEFINITIONAL_REPRESENTATION('',(#1417),#1421);
#1417 = LINE('',#1418,#1419);
#1418 = CARTESIAN_POINT('',(-0.,0.));
#1419 = VECTOR('',#1420,1.);
#1420 = DIRECTION('',(-1.,0.));
#1421 = ( GEOMETRIC_REPRESENTATION_CONTEXT(2) 
PARAMETRIC_REPRESENTATION_CONTEXT() REPRESENTATION_CONTEXT('2D SPACE',''
  ) );
#1422 = ADVANCED_FACE('',(#1423),#202,.T.);
#1423 = FACE_BOUND('',#1424,.T.);
#1424 = EDGE_LOOP('',(#1425,#1426,#1427,#1428));
#1425 = ORIENTED_EDGE('',*,*,#188,.F.);
#1426 = ORIENTED_EDGE('',*,*,#1129,.T.);
#1427 = ORIENTED_EDGE('',*,*,#919,.T.);
#1428 = ORIENTED_EDGE('',*,*,#413,.F.);
#1429 = ADVANCED_FACE('',(#1430),#233,.F.);
#1430 = FACE_BOUND('',#1431,.T.);
#1431 = EDGE_LOOP('',(#1432,#1455,#1482,#1483));
#1432 = ORIENTED_EDGE('',*,*,#1433,.T.);
#1433 = EDGE_CURVE('',#217,#1434,#1436,.T.);
#1434 = VERTEX_POINT('',#1435);
#1435 = CARTESIAN_POINT('',(8.25,8.,5.));
#1436 = SEAM_CURVE('',#1437,(#1441,#1448),.PCURVE_S1.);
#1437 = LINE('',#1438,#1439);
#1438 = CARTESIAN_POINT('',(8.25,0.,5.));
#1439 = VECTOR('',#1440,1.);
#1440 = DIRECTION('',(0.,1.,1.110223024625E-16));
#1441 = PCURVE('',#233,#1442);
#1442 = DEFINITIONAL_REPRESENTATION('',(#1443),#1447);
#1443 = LINE('',#1444,#1445);
#1444 = CARTESIAN_POINT('',(-0.,0.));
#1445 = VECTOR('',#1446,1.);
#1446 = DIRECTION('',(-0.,-1.));
#1447 = ( GEOMETRIC_REPRESENTATION_CONTEXT(2) 
PARAMETRIC_REPRESENTATION_CONTEXT() REPRESENTATION_CONTEXT('2D SPACE',''
  ) );
#1448 = PCURVE('',#233,#1449);
#1449 = DEFINITIONAL_REPRESENTATION('',(#1450),#1454);
#1450 = LINE('',#1451,#1452);
#1451 = CARTESIAN_POINT('',(-6.28318530718,0.));
#1452 = VECTOR('',#1453,1.);
#1453 = DIRECTION('',(-0.,-1.));
#1454 = ( GEOMETRIC_REPRESENTATION_CONTEXT(2) 
PARAMETRIC_REPRESENTATION_CONTEXT() REPRESENTATION_CONTEXT('2D SPACE',''
  ) );
#1455 = ORIENTED_EDGE('',*,*,#1456,.T.);
#1456 = EDGE_CURVE('',#1434,#1434,#1457,.T.);
#1457 = SURFACE_CURVE('',#1458,(#1463,#1470),.PCURVE_S1.);
#1458 = CIRCLE('',#1459,1.25);
#1459 = AXIS2_PLACEMENT_3D('',#1460,#1461,#1462);
#1460 = CARTESIAN_POINT('',(7.,8.,5.));
#1461 = DIRECTION('',(-0.,1.,1.110223024625E-16));
#1462 = DIRECTION('',(1.,0.,0.));
#1463 = PCURVE('',#233,#1464);
#1464 = DEFINITIONAL_REPRESENTATION('',(#1465),#1469);
#1465 = LINE('',#1466,#1467);
#1466 = CARTESIAN_POINT('',(-0.,-8.));
#1467 = VECTOR('',#1468,1.);
#1468 = DIRECTION('',(-1.,0.));
#1469 = ( GEOMETRIC_REPRESENTATION_CONTEXT(2) 
PARAMETRIC_REPRESENTATION_CONTEXT() REPRESENTATION_CONTEXT('2D SPACE',''
  ) );
#1470 = PCURVE('',#1471,#1476);
#1471 = PLANE('',#1472);
#1472 = AXIS2_PLACEMENT_3D('',#1473,#1474,#1475);
#1473 = CARTESIAN_POINT('',(7.,8.,5.));
#1474 = DIRECTION('',(0.,1.,1.110223024625E-16));
#1475 = DIRECTION('',(1.,0.,0.));
#1476 = DEFINITIONAL_REPRESENTATION('',(#1477),#1481);
#1477 = CIRCLE('',#1478,1.25);
#1478 = AXIS2_PLACEMENT_2D('',#1479,#1480);
#1479 = CARTESIAN_POINT('',(0.,0.));
#1480 = DIRECTION('',(1.,0.));
#1481 = ( GEOMETRIC_REPRESENTATION_CONTEXT(2) 
PARAMETRIC_REPRESENTATION_CONTEXT() REPRESENTATION_CONTEXT('2D SPACE',''
  ) );
#1482 = ORIENTED_EDGE('',*,*,#1433,.F.);
#1483 = ORIENTED_EDGE('',*,*,#216,.F.);
#1484 = ADVANCED_FACE('',(#1485,#1511,#1659),#268,.F.);
#1485 = FACE_BOUND('',#1486,.T.);
#1486 = EDGE_LOOP('',(#1487,#1508,#1509,#1510));
#1487 = ORIENTED_EDGE('',*,*,#1488,.F.);
#1488 = EDGE_CURVE('',#248,#974,#1489,.T.);
#1489 = SEAM_CURVE('',#1490,(#1494,#1501),.PCURVE_S1.);
#1490 = LINE('',#1491,#1492);
#1491 = CARTESIAN_POINT('',(32.5,-1.,10.));
#1492 = VECTOR('',#1493,1.);
#1493 = DIRECTION('',(0.,1.,1.110223024625E-16));
#1494 = PCURVE('',#268,#1495);
#1495 = DEFINITIONAL_REPRESENTATION('',(#1496),#1500);
#1496 = LINE('',#1497,#1498);
#1497 = CARTESIAN_POINT('',(-6.28318530718,0.));
#1498 = VECTOR('',#1499,1.);
#1499 = DIRECTION('',(-0.,-1.));
#1500 = ( GEOMETRIC_REPRESENTATION_CONTEXT(2) 
PARAMETRIC_REPRESENTATION_CONTEXT() REPRESENTATION_CONTEXT('2D SPACE',''
  ) );
#1501 = PCURVE('',#268,#1502);
#1502 = DEFINITIONAL_REPRESENTATION('',(#1503),#1507);
#1503 = LINE('',#1504,#1505);
#1504 = CARTESIAN_POINT('',(-0.,0.));
#1505 = VECTOR('',#1506,1.);
#1506 = DIRECTION('',(-0.,-1.));
#1507 = ( GEOMETRIC_REPRESENTATION_CONTEXT(2) 
PARAMETRIC_REPRESENTATION_CONTEXT() REPRESENTATION_CONTEXT('2D SPACE',''
  ) );
#1508 = ORIENTED_EDGE('',*,*,#247,.T.);
#1509 = ORIENTED_EDGE('',*,*,#1488,.T.);
#1510 = ORIENTED_EDGE('',*,*,#973,.F.);
#1511 = FACE_BOUND('',#1512,.T.);
#1512 = EDGE_LOOP('',(#1513));
#1513 = ORIENTED_EDGE('',*,*,#1514,.F.);
#1514 = EDGE_CURVE('',#1515,#1515,#1517,.T.);
#1515 = VERTEX_POINT('',#1516);
#1516 = CARTESIAN_POINT('',(24.25,31.,2.5375942217));
#1517 = SURFACE_CURVE('',#1518,(#1563,#1611),.PCURVE_S1.);
#1518 = B_SPLINE_CURVE_WITH_KNOTS('',8,(#1519,#1520,#1521,#1522,#1523,
    #1524,#1525,#1526,#1527,#1528,#1529,#1530,#1531,#1532,#1533,#1534,
    #1535,#1536,#1537,#1538,#1539,#1540,#1541,#1542,#1543,#1544,#1545,
    #1546,#1547,#1548,#1549,#1550,#1551,#1552,#1553,#1554,#1555,#1556,
    #1557,#1558,#1559,#1560,#1561,#1562),.UNSPECIFIED.,.T.,.F.,(9,7,7,7,
    7,7,9),(0.,0.148778113872,0.287268722262,0.428796716547,
    0.592690939046,0.792513040453,1.),.UNSPECIFIED.);
#1519 = CARTESIAN_POINT('',(24.25,31.,2.5375942217));
#1520 = CARTESIAN_POINT('',(24.25,31.131650154489,2.5375942217));
#1521 = CARTESIAN_POINT('',(24.23415415022,31.263500315288,2.53918685019
    ));
#1522 = CARTESIAN_POINT('',(24.202376228579,31.394082118836,
    2.542380410947));
#1523 = CARTESIAN_POINT('',(24.154451539984,31.521816611597,
    2.547387727936));
#1524 = CARTESIAN_POINT('',(24.090111502136,31.644914600019,
    2.554620473973));
#1525 = CARTESIAN_POINT('',(24.009103994913,31.761285838534,
    2.564712845546));
#1526 = CARTESIAN_POINT('',(23.911287866214,31.868412397557,
    2.578533545739));
#1527 = CARTESIAN_POINT('',(23.690189942325,32.051320507303,
    2.614469606644));
#1528 = CARTESIAN_POINT('',(23.567697211391,32.129948008325,
    2.63617981529));
#1529 = CARTESIAN_POINT('',(23.431487857787,32.193669936506,
    2.662873734972));
#1530 = CARTESIAN_POINT('',(23.285127971297,32.238693835316,
    2.694951722958));
#1531 = CARTESIAN_POINT('',(23.133016790027,32.262786461872,
    2.732342994299));
#1532 = CARTESIAN_POINT('',(22.979923512417,32.265266374317,
    2.774244425139));
#1533 = CARTESIAN_POINT('',(22.830559508685,32.247039915423,
    2.819079030447));
#1534 = CARTESIAN_POINT('',(22.54461409892,32.173621612748,
    2.911688633169));
#1535 = CARTESIAN_POINT('',(22.409510342672,32.11791715251,
    2.959141442578));
#1536 = CARTESIAN_POINT('',(22.285689550043,32.046310323049,
    3.005889933479));
#1537 = CARTESIAN_POINT('',(22.174455959813,31.961300552412,
    3.050538203402));
#1538 = CARTESIAN_POINT('',(22.076710309865,31.865235154756,
    3.091765967335));
#1539 = CARTESIAN_POINT('',(21.993038512855,31.760328264194,
    3.12843215737));
#1540 = CARTESIAN_POINT('',(21.923760502621,31.648667967913,
    3.159650105094));
#1541 = CARTESIAN_POINT('',(21.805512503577,31.397378178685,
    3.213975697029));
#1542 = CARTESIAN_POINT('',(21.76120340397,31.25552508899,3.235149887084
    ));
#1543 = CARTESIAN_POINT('',(21.736325205511,31.109300829374,
    3.247365523777));
#1544 = CARTESIAN_POINT('',(21.731017681934,30.961153986423,
    3.250017824059));
#1545 = CARTESIAN_POINT('',(21.745319572046,30.813461042954,
    3.242943897249));
#1546 = CARTESIAN_POINT('',(21.77917615688,30.668623526008,
    3.226447395521));
#1547 = CARTESIAN_POINT('',(21.832405087717,30.529160251441,
    3.201277505474));
#1548 = CARTESIAN_POINT('',(21.992657984717,30.237661313941,
    3.128665582849));
#1549 = CARTESIAN_POINT('',(22.112299808812,30.083415871746,
    3.076017854786));
#1550 = CARTESIAN_POINT('',(22.264208046821,29.946078351931,
    3.012240186102));
#1551 = CARTESIAN_POINT('',(22.445071508852,29.835308705859,
    2.941702261907));
#1552 = CARTESIAN_POINT('',(22.648927611047,29.759123434812,
    2.870276976791));
#1553 = CARTESIAN_POINT('',(22.867735678356,29.723684467808,
    2.803009915833));
#1554 = CARTESIAN_POINT('',(23.092017380403,29.733081208411,
    2.743275218683));
#1555 = CARTESIAN_POINT('',(23.538101882974,29.847616241708,
    2.640159587856));
#1556 = CARTESIAN_POINT('',(23.740257218737,29.951475481591,
    2.601938219126));
#1557 = CARTESIAN_POINT('',(23.911407144005,30.089286209766,
    2.57585543087));
#1558 = CARTESIAN_POINT('',(24.048750701283,30.252004254886,
    2.558608415914));
#1559 = CARTESIAN_POINT('',(24.150860932079,30.431460620149,
    2.54756080633));
#1560 = CARTESIAN_POINT('',(24.21762109036,30.620299315917,
    2.540847850872));
#1561 = CARTESIAN_POINT('',(24.25,30.811813627883,2.5375942217));
#1562 = CARTESIAN_POINT('',(24.25,31.,2.5375942217));
#1563 = PCURVE('',#268,#1564);
#1564 = DEFINITIONAL_REPRESENTATION('',(#1565),#1610);
#1565 = B_SPLINE_CURVE_WITH_KNOTS('',8,(#1566,#1567,#1568,#1569,#1570,
    #1571,#1572,#1573,#1574,#1575,#1576,#1577,#1578,#1579,#1580,#1581,
    #1582,#1583,#1584,#1585,#1586,#1587,#1588,#1589,#1590,#1591,#1592,
    #1593,#1594,#1595,#1596,#1597,#1598,#1599,#1600,#1601,#1602,#1603,
    #1604,#1605,#1606,#1607,#1608,#1609),.UNSPECIFIED.,.T.,.F.,(9,7,7,7,
    7,7,9),(0.,0.148778113872,0.287268722262,0.428796716547,
    0.592690939046,0.792513040453,1.),.UNSPECIFIED.);
#1566 = CARTESIAN_POINT('',(-1.670963747956,-32.));
#1567 = CARTESIAN_POINT('',(-1.670963747956,-32.13165015448));
#1568 = CARTESIAN_POINT('',(-1.673087174859,-32.26350031528));
#1569 = CARTESIAN_POINT('',(-1.67734556483,-32.39408211883));
#1570 = CARTESIAN_POINT('',(-1.683770268189,-32.52181661159));
#1571 = CARTESIAN_POINT('',(-1.692402378938,-32.64491460001));
#1572 = CARTESIAN_POINT('',(-1.703285013971,-32.76128583853));
#1573 = CARTESIAN_POINT('',(-1.716453863404,-32.86841239755));
#1574 = CARTESIAN_POINT('',(-1.746320438529,-33.0513205073));
#1575 = CARTESIAN_POINT('',(-1.762905593085,-33.12994800832));
#1576 = CARTESIAN_POINT('',(-1.781407391111,-33.1936699365));
#1577 = CARTESIAN_POINT('',(-1.801374427362,-33.23869383531));
#1578 = CARTESIAN_POINT('',(-1.822246115996,-33.26278646187));
#1579 = CARTESIAN_POINT('',(-1.843398510896,-33.26526637431));
#1580 = CARTESIAN_POINT('',(-1.864186769917,-33.24703991542));
#1581 = CARTESIAN_POINT('',(-1.904262546115,-33.17362161274));
#1582 = CARTESIAN_POINT('',(-1.923349446805,-33.11791715251));
#1583 = CARTESIAN_POINT('',(-1.940988874939,-33.04631032304));
#1584 = CARTESIAN_POINT('',(-1.956964562743,-32.96130055241));
#1585 = CARTESIAN_POINT('',(-1.97110627938,-32.86523515475));
#1586 = CARTESIAN_POINT('',(-1.983285569508,-32.76032826419));
#1587 = CARTESIAN_POINT('',(-1.993416883932,-32.64866796791));
#1588 = CARTESIAN_POINT('',(-2.010767572278,-32.39737817868));
#1589 = CARTESIAN_POINT('',(-2.017314607873,-32.25552508899));
#1590 = CARTESIAN_POINT('',(-2.02101005462,-32.10930082937));
#1591 = CARTESIAN_POINT('',(-2.021801275252,-31.96115398642));
#1592 = CARTESIAN_POINT('',(-2.019673655133,-31.81346104295));
#1593 = CARTESIAN_POINT('',(-2.014652207746,-31.668623526));
#1594 = CARTESIAN_POINT('',(-2.006802605359,-31.52916025144));
#1595 = CARTESIAN_POINT('',(-1.983344469673,-31.23766131394));
#1596 = CARTESIAN_POINT('',(-1.965917079565,-31.08341587174));
#1597 = CARTESIAN_POINT('',(-1.943955239991,-30.94607835193));
#1598 = CARTESIAN_POINT('',(-1.918088648205,-30.83530870586));
#1599 = CARTESIAN_POINT('',(-1.889327871566,-30.75912343481));
#1600 = CARTESIAN_POINT('',(-1.858841921189,-30.7236844678));
#1601 = CARTESIAN_POINT('',(-1.827912231755,-30.73308120841));
#1602 = CARTESIAN_POINT('',(-1.766865915385,-30.8476162417));
#1603 = CARTESIAN_POINT('',(-1.739456629686,-30.95147548159));
#1604 = CARTESIAN_POINT('',(-1.71639373564,-31.08928620976));
#1605 = CARTESIAN_POINT('',(-1.697942433565,-31.25200425488));
#1606 = CARTESIAN_POINT('',(-1.684249018786,-31.43146062014));
#1607 = CARTESIAN_POINT('',(-1.675302656084,-31.62029931591));
#1608 = CARTESIAN_POINT('',(-1.670963747956,-31.81181362788));
#1609 = CARTESIAN_POINT('',(-1.670963747956,-32.));
#1610 = ( GEOMETRIC_REPRESENTATION_CONTEXT(2) 
PARAMETRIC_REPRESENTATION_CONTEXT() REPRESENTATION_CONTEXT('2D SPACE',''
  ) );
#1611 = PCURVE('',#1196,#1612);
#1612 = DEFINITIONAL_REPRESENTATION('',(#1613),#1658);
#1613 = B_SPLINE_CURVE_WITH_KNOTS('',8,(#1614,#1615,#1616,#1617,#1618,
    #1619,#1620,#1621,#1622,#1623,#1624,#1625,#1626,#1627,#1628,#1629,
    #1630,#1631,#1632,#1633,#1634,#1635,#1636,#1637,#1638,#1639,#1640,
    #1641,#1642,#1643,#1644,#1645,#1646,#1647,#1648,#1649,#1650,#1651,
    #1652,#1653,#1654,#1655,#1656,#1657),.UNSPECIFIED.,.F.,.F.,(9,7,7,7,
    7,7,9),(0.,0.148778113872,0.287268722262,0.428796716547,
    0.592690939046,0.792513040453,1.),.UNSPECIFIED.);
#1614 = CARTESIAN_POINT('',(0.,-2.5375942217));
#1615 = CARTESIAN_POINT('',(-0.105320123591,-2.5375942217));
#1616 = CARTESIAN_POINT('',(-0.210799888135,-2.53918685019));
#1617 = CARTESIAN_POINT('',(-0.317046814669,-2.542380410947));
#1618 = CARTESIAN_POINT('',(-0.424596179444,-2.547387727936));
#1619 = CARTESIAN_POINT('',(-0.533997511193,-2.554620473973));
#1620 = CARTESIAN_POINT('',(-0.645832699193,-2.564712845546));
#1621 = CARTESIAN_POINT('',(-0.760755964045,-2.578533545739));
#1622 = CARTESIAN_POINT('',(-0.990315080347,-2.614469606644));
#1623 = CARTESIAN_POINT('',(-1.105916671111,-2.63617981529));
#1624 = CARTESIAN_POINT('',(-1.22443481409,-2.662873734972));
#1625 = CARTESIAN_POINT('',(-1.344587467197,-2.694951722958));
#1626 = CARTESIAN_POINT('',(-1.465390269682,-2.732342994299));
#1627 = CARTESIAN_POINT('',(-1.585953514684,-2.774244425139));
#1628 = CARTESIAN_POINT('',(-1.705316531758,-2.819079030447));
#1629 = CARTESIAN_POINT('',(-1.941492770404,-2.911688633169));
#1630 = CARTESIAN_POINT('',(-2.057262947472,-2.959141442578));
#1631 = CARTESIAN_POINT('',(-2.170044321893,-3.005889933479));
#1632 = CARTESIAN_POINT('',(-2.280270539134,-3.050538203402));
#1633 = CARTESIAN_POINT('',(-2.388289646543,-3.091765967335));
#1634 = CARTESIAN_POINT('',(-2.494392157878,-3.12843215737));
#1635 = CARTESIAN_POINT('',(-2.598816214337,-3.159650105094));
#1636 = CARTESIAN_POINT('',(-2.820993293188,-3.213975697029));
#1637 = CARTESIAN_POINT('',(-2.938768063383,-3.235149887084));
#1638 = CARTESIAN_POINT('',(-3.055670409992,-3.247365523777));
#1639 = CARTESIAN_POINT('',(-3.172200343457,-3.250017824059));
#1640 = CARTESIAN_POINT('',(-3.288834762867,-3.242943897249));
#1641 = CARTESIAN_POINT('',(-3.40604831762,-3.226447395521));
#1642 = CARTESIAN_POINT('',(-3.524332980594,-3.201277505474));
#1643 = CARTESIAN_POINT('',(-3.790448891052,-3.128665582849));
#1644 = CARTESIAN_POINT('',(-3.944692446178,-3.076017854786));
#1645 = CARTESIAN_POINT('',(-4.104278589478,-3.012240186103));
#1646 = CARTESIAN_POINT('',(-4.268131593848,-2.941702261907));
#1647 = CARTESIAN_POINT('',(-4.43581094265,-2.870276976791));
#1648 = CARTESIAN_POINT('',(-4.607303221042,-2.803009915833));
#1649 = CARTESIAN_POINT('',(-4.782961667762,-2.743275218683));
#1650 = CARTESIAN_POINT('',(-5.151404581472,-2.640159587856));
#1651 = CARTESIAN_POINT('',(-5.328712855794,-2.601938219126));
#1652 = CARTESIAN_POINT('',(-5.498810888394,-2.575855430869));
#1653 = CARTESIAN_POINT('',(-5.663201563924,-2.558608415915));
#1654 = CARTESIAN_POINT('',(-5.823161840944,-2.54756080633));
#1655 = CARTESIAN_POINT('',(-5.979423038856,-2.540847850872));
#1656 = CARTESIAN_POINT('',(-6.132636209486,-2.5375942217));
#1657 = CARTESIAN_POINT('',(-6.28318530718,-2.5375942217));
#1658 = ( GEOMETRIC_REPRESENTATION_CONTEXT(2) 
PARAMETRIC_REPRESENTATION_CONTEXT() REPRESENTATION_CONTEXT('2D SPACE',''
  ) );
#1659 = FACE_BOUND('',#1660,.T.);
#1660 = EDGE_LOOP('',(#1661));
#1661 = ORIENTED_EDGE('',*,*,#1662,.T.);
#1662 = EDGE_CURVE('',#1663,#1663,#1665,.T.);
#1663 = VERTEX_POINT('',#1664);
#1664 = CARTESIAN_POINT('',(24.25,31.,17.4624057783));
#1665 = SURFACE_CURVE('',#1666,(#1711,#1759),.PCURVE_S1.);
#1666 = B_SPLINE_CURVE_WITH_KNOTS('',8,(#1667,#1668,#1669,#1670,#1671,
    #1672,#1673,#1674,#1675,#1676,#1677,#1678,#1679,#1680,#1681,#1682,
    #1683,#1684,#1685,#1686,#1687,#1688,#1689,#1690,#1691,#1692,#1693,
    #1694,#1695,#1696,#1697,#1698,#1699,#1700,#1701,#1702,#1703,#1704,
    #1705,#1706,#1707,#1708,#1709,#1710),.UNSPECIFIED.,.T.,.F.,(9,7,7,7,
    7,7,9),(0.,0.148778113872,0.287268722262,0.428796716547,
    0.592690939047,0.792513040453,1.),.UNSPECIFIED.);
#1667 = CARTESIAN_POINT('',(24.25,31.,17.4624057783));
#1668 = CARTESIAN_POINT('',(24.25,31.131650154488,17.4624057783));
#1669 = CARTESIAN_POINT('',(24.23415415022,31.263500315289,
    17.46081314981));
#1670 = CARTESIAN_POINT('',(24.202376228579,31.394082118836,
    17.457619589053));
#1671 = CARTESIAN_POINT('',(24.154451539984,31.521816611597,
    17.452612272064));
#1672 = CARTESIAN_POINT('',(24.090111502136,31.64491460002,
    17.445379526027));
#1673 = CARTESIAN_POINT('',(24.009103994913,31.761285838534,
    17.435287154454));
#1674 = CARTESIAN_POINT('',(23.911287866214,31.868412397557,
    17.421466454261));
#1675 = CARTESIAN_POINT('',(23.690189942325,32.051320507303,
    17.385530393356));
#1676 = CARTESIAN_POINT('',(23.567697211391,32.129948008325,
    17.36382018471));
#1677 = CARTESIAN_POINT('',(23.431487857787,32.193669936506,
    17.337126265028));
#1678 = CARTESIAN_POINT('',(23.285127971297,32.238693835316,
    17.305048277042));
#1679 = CARTESIAN_POINT('',(23.133016790027,32.262786461872,
    17.267657005701));
#1680 = CARTESIAN_POINT('',(22.979923512417,32.265266374317,
    17.225755574861));
#1681 = CARTESIAN_POINT('',(22.830559508685,32.247039915423,
    17.180920969553));
#1682 = CARTESIAN_POINT('',(22.54461409892,32.173621612748,
    17.088311366831));
#1683 = CARTESIAN_POINT('',(22.409510342672,32.11791715251,
    17.040858557422));
#1684 = CARTESIAN_POINT('',(22.285689550043,32.046310323049,
    16.994110066521));
#1685 = CARTESIAN_POINT('',(22.174455959813,31.961300552412,
    16.949461796598));
#1686 = CARTESIAN_POINT('',(22.076710309865,31.865235154757,
    16.908234032665));
#1687 = CARTESIAN_POINT('',(21.993038512855,31.760328264194,
    16.87156784263));
#1688 = CARTESIAN_POINT('',(21.923760502621,31.648667967913,
    16.840349894906));
#1689 = CARTESIAN_POINT('',(21.805512503577,31.397378178685,
    16.786024302971));
#1690 = CARTESIAN_POINT('',(21.761203403971,31.25552508899,
    16.764850112916));
#1691 = CARTESIAN_POINT('',(21.736325205511,31.109300829374,
    16.752634476223));
#1692 = CARTESIAN_POINT('',(21.731017681934,30.961153986423,
    16.749982175941));
#1693 = CARTESIAN_POINT('',(21.745319572046,30.813461042954,
    16.757056102751));
#1694 = CARTESIAN_POINT('',(21.77917615688,30.668623526008,
    16.773552604479));
#1695 = CARTESIAN_POINT('',(21.832405087717,30.529160251441,
    16.798722494526));
#1696 = CARTESIAN_POINT('',(21.992657984717,30.237661313941,
    16.871334417151));
#1697 = CARTESIAN_POINT('',(22.112299808813,30.083415871745,
    16.923982145214));
#1698 = CARTESIAN_POINT('',(22.26420804682,29.946078351932,
    16.987759813897));
#1699 = CARTESIAN_POINT('',(22.445071508852,29.835308705858,
    17.058297738093));
#1700 = CARTESIAN_POINT('',(22.648927611047,29.759123434813,
    17.129723023209));
#1701 = CARTESIAN_POINT('',(22.867735678356,29.723684467808,
    17.196990084167));
#1702 = CARTESIAN_POINT('',(23.092017380403,29.733081208411,
    17.256724781317));
#1703 = CARTESIAN_POINT('',(23.538101882975,29.847616241708,
    17.359840412145));
#1704 = CARTESIAN_POINT('',(23.740257218736,29.95147548159,
    17.398061780874));
#1705 = CARTESIAN_POINT('',(23.911407144007,30.089286209768,
    17.424144569131));
#1706 = CARTESIAN_POINT('',(24.048750701282,30.252004254883,
    17.441391584085));
#1707 = CARTESIAN_POINT('',(24.150860932079,30.431460620151,
    17.45243919367));
#1708 = CARTESIAN_POINT('',(24.21762109036,30.620299315915,
    17.459152149128));
#1709 = CARTESIAN_POINT('',(24.25,30.811813627884,17.4624057783));
#1710 = CARTESIAN_POINT('',(24.25,31.,17.4624057783));
#1711 = PCURVE('',#268,#1712);
#1712 = DEFINITIONAL_REPRESENTATION('',(#1713),#1758);
#1713 = B_SPLINE_CURVE_WITH_KNOTS('',8,(#1714,#1715,#1716,#1717,#1718,
    #1719,#1720,#1721,#1722,#1723,#1724,#1725,#1726,#1727,#1728,#1729,
    #1730,#1731,#1732,#1733,#1734,#1735,#1736,#1737,#1738,#1739,#1740,
    #1741,#1742,#1743,#1744,#1745,#1746,#1747,#1748,#1749,#1750,#1751,
    #1752,#1753,#1754,#1755,#1756,#1757),.UNSPECIFIED.,.T.,.F.,(9,7,7,7,
    7,7,9),(0.,0.148778113872,0.287268722262,0.428796716547,
    0.592690939047,0.792513040453,1.),.UNSPECIFIED.);
#1714 = CARTESIAN_POINT('',(-4.612221559223,-32.));
#1715 = CARTESIAN_POINT('',(-4.612221559223,-32.13165015448));
#1716 = CARTESIAN_POINT('',(-4.610098132321,-32.26350031528));
#1717 = CARTESIAN_POINT('',(-4.60583974235,-32.39408211883));
#1718 = CARTESIAN_POINT('',(-4.59941503899,-32.52181661159));
#1719 = CARTESIAN_POINT('',(-4.590782928242,-32.64491460002));
#1720 = CARTESIAN_POINT('',(-4.579900293208,-32.76128583853));
#1721 = CARTESIAN_POINT('',(-4.566731443776,-32.86841239755));
#1722 = CARTESIAN_POINT('',(-4.536864868651,-33.0513205073));
#1723 = CARTESIAN_POINT('',(-4.520279714095,-33.12994800832));
#1724 = CARTESIAN_POINT('',(-4.501777916069,-33.1936699365));
#1725 = CARTESIAN_POINT('',(-4.481810879818,-33.23869383531));
#1726 = CARTESIAN_POINT('',(-4.460939191183,-33.26278646187));
#1727 = CARTESIAN_POINT('',(-4.439786796283,-33.26526637431));
#1728 = CARTESIAN_POINT('',(-4.418998537263,-33.24703991542));
#1729 = CARTESIAN_POINT('',(-4.378922761065,-33.17362161274));
#1730 = CARTESIAN_POINT('',(-4.359835860375,-33.11791715251));
#1731 = CARTESIAN_POINT('',(-4.342196432241,-33.04631032304));
#1732 = CARTESIAN_POINT('',(-4.326220744437,-32.96130055241));
#1733 = CARTESIAN_POINT('',(-4.3120790278,-32.86523515475));
#1734 = CARTESIAN_POINT('',(-4.299899737672,-32.76032826419));
#1735 = CARTESIAN_POINT('',(-4.289768423247,-32.64866796791));
#1736 = CARTESIAN_POINT('',(-4.272417734901,-32.39737817868));
#1737 = CARTESIAN_POINT('',(-4.265870699307,-32.25552508899));
#1738 = CARTESIAN_POINT('',(-4.26217525256,-32.10930082937));
#1739 = CARTESIAN_POINT('',(-4.261384031928,-31.96115398642));
#1740 = CARTESIAN_POINT('',(-4.263511652046,-31.81346104295));
#1741 = CARTESIAN_POINT('',(-4.268533099434,-31.668623526));
#1742 = CARTESIAN_POINT('',(-4.276382701821,-31.52916025144));
#1743 = CARTESIAN_POINT('',(-4.299840837506,-31.23766131394));
#1744 = CARTESIAN_POINT('',(-4.317268227615,-31.08341587174));
#1745 = CARTESIAN_POINT('',(-4.339230067189,-30.94607835193));
#1746 = CARTESIAN_POINT('',(-4.365096658975,-30.83530870585));
#1747 = CARTESIAN_POINT('',(-4.393857435614,-30.75912343481));
#1748 = CARTESIAN_POINT('',(-4.424343385991,-30.7236844678));
#1749 = CARTESIAN_POINT('',(-4.455273075425,-30.73308120841));
#1750 = CARTESIAN_POINT('',(-4.516319391795,-30.8476162417));
#1751 = CARTESIAN_POINT('',(-4.543728677494,-30.95147548159));
#1752 = CARTESIAN_POINT('',(-4.56679157154,-31.08928620976));
#1753 = CARTESIAN_POINT('',(-4.585242873614,-31.25200425488));
#1754 = CARTESIAN_POINT('',(-4.598936288394,-31.43146062015));
#1755 = CARTESIAN_POINT('',(-4.607882651096,-31.62029931591));
#1756 = CARTESIAN_POINT('',(-4.612221559223,-31.81181362788));
#1757 = CARTESIAN_POINT('',(-4.612221559223,-32.));
#1758 = ( GEOMETRIC_REPRESENTATION_CONTEXT(2) 
PARAMETRIC_REPRESENTATION_CONTEXT() REPRESENTATION_CONTEXT('2D SPACE',''
  ) );
#1759 = PCURVE('',#538,#1760);
#1760 = DEFINITIONAL_REPRESENTATION('',(#1761),#1806);
#1761 = B_SPLINE_CURVE_WITH_KNOTS('',8,(#1762,#1763,#1764,#1765,#1766,
    #1767,#1768,#1769,#1770,#1771,#1772,#1773,#1774,#1775,#1776,#1777,
    #1778,#1779,#1780,#1781,#1782,#1783,#1784,#1785,#1786,#1787,#1788,
    #1789,#1790,#1791,#1792,#1793,#1794,#1795,#1796,#1797,#1798,#1799,
    #1800,#1801,#1802,#1803,#1804,#1805),.UNSPECIFIED.,.F.,.F.,(9,7,7,7,
    7,7,9),(0.,0.148778113872,0.287268722262,0.428796716547,
    0.592690939047,0.792513040453,1.),.UNSPECIFIED.);
#1762 = CARTESIAN_POINT('',(0.,-17.4624057783));
#1763 = CARTESIAN_POINT('',(-0.105320123591,-17.4624057783));
#1764 = CARTESIAN_POINT('',(-0.210799888136,-17.46081314981));
#1765 = CARTESIAN_POINT('',(-0.317046814668,-17.45761958905));
#1766 = CARTESIAN_POINT('',(-0.424596179444,-17.45261227206));
#1767 = CARTESIAN_POINT('',(-0.533997511193,-17.44537952602));
#1768 = CARTESIAN_POINT('',(-0.645832699193,-17.43528715445));
#1769 = CARTESIAN_POINT('',(-0.760755964045,-17.42146645426));
#1770 = CARTESIAN_POINT('',(-0.990315080347,-17.38553039335));
#1771 = CARTESIAN_POINT('',(-1.105916671111,-17.36382018471));
#1772 = CARTESIAN_POINT('',(-1.22443481409,-17.33712626502));
#1773 = CARTESIAN_POINT('',(-1.344587467197,-17.30504827704));
#1774 = CARTESIAN_POINT('',(-1.465390269682,-17.2676570057));
#1775 = CARTESIAN_POINT('',(-1.585953514684,-17.22575557486));
#1776 = CARTESIAN_POINT('',(-1.705316531758,-17.18092096955));
#1777 = CARTESIAN_POINT('',(-1.941492770404,-17.08831136683));
#1778 = CARTESIAN_POINT('',(-2.057262947472,-17.04085855742));
#1779 = CARTESIAN_POINT('',(-2.170044321893,-16.99411006652));
#1780 = CARTESIAN_POINT('',(-2.280270539134,-16.94946179659));
#1781 = CARTESIAN_POINT('',(-2.388289646543,-16.90823403266));
#1782 = CARTESIAN_POINT('',(-2.494392157878,-16.87156784263));
#1783 = CARTESIAN_POINT('',(-2.598816214337,-16.8403498949));
#1784 = CARTESIAN_POINT('',(-2.820993293188,-16.78602430297));
#1785 = CARTESIAN_POINT('',(-2.938768063383,-16.76485011291));
#1786 = CARTESIAN_POINT('',(-3.055670409992,-16.75263447622));
#1787 = CARTESIAN_POINT('',(-3.172200343457,-16.74998217594));
#1788 = CARTESIAN_POINT('',(-3.288834762867,-16.75705610275));
#1789 = CARTESIAN_POINT('',(-3.406048317621,-16.77355260447));
#1790 = CARTESIAN_POINT('',(-3.524332980594,-16.79872249452));
#1791 = CARTESIAN_POINT('',(-3.790448891052,-16.87133441715));
#1792 = CARTESIAN_POINT('',(-3.944692446178,-16.92398214521));
#1793 = CARTESIAN_POINT('',(-4.104278589477,-16.98775981389));
#1794 = CARTESIAN_POINT('',(-4.268131593848,-17.05829773809));
#1795 = CARTESIAN_POINT('',(-4.43581094265,-17.1297230232));
#1796 = CARTESIAN_POINT('',(-4.607303221042,-17.19699008416));
#1797 = CARTESIAN_POINT('',(-4.782961667762,-17.25672478131));
#1798 = CARTESIAN_POINT('',(-5.151404581472,-17.35984041214));
#1799 = CARTESIAN_POINT('',(-5.328712855793,-17.39806178087));
#1800 = CARTESIAN_POINT('',(-5.498810888397,-17.42414456913));
#1801 = CARTESIAN_POINT('',(-5.66320156392,-17.44139158408));
#1802 = CARTESIAN_POINT('',(-5.823161840947,-17.45243919367));
#1803 = CARTESIAN_POINT('',(-5.979423038855,-17.45915214912));
#1804 = CARTESIAN_POINT('',(-6.132636209487,-17.4624057783));
#1805 = CARTESIAN_POINT('',(-6.28318530718,-17.4624057783));
#1806 = ( GEOMETRIC_REPRESENTATION_CONTEXT(2) 
PARAMETRIC_REPRESENTATION_CONTEXT() REPRESENTATION_CONTEXT('2D SPACE',''
  ) );
#1807 = ADVANCED_FACE('',(#1808),#299,.F.);
#1808 = FACE_BOUND('',#1809,.T.);
#1809 = EDGE_LOOP('',(#1810,#1833,#1860,#1861));
#1810 = ORIENTED_EDGE('',*,*,#1811,.T.);
#1811 = EDGE_CURVE('',#283,#1812,#1814,.T.);
#1812 = VERTEX_POINT('',#1813);
#1813 = CARTESIAN_POINT('',(8.25,8.,17.));
#1814 = SEAM_CURVE('',#1815,(#1819,#1826),.PCURVE_S1.);
#1815 = LINE('',#1816,#1817);
#1816 = CARTESIAN_POINT('',(8.25,0.,17.));
#1817 = VECTOR('',#1818,1.);
#1818 = DIRECTION('',(0.,1.,1.110223024625E-16));
#1819 = PCURVE('',#299,#1820);
#1820 = DEFINITIONAL_REPRESENTATION('',(#1821),#1825);
#1821 = LINE('',#1822,#1823);
#1822 = CARTESIAN_POINT('',(-0.,0.));
#1823 = VECTOR('',#1824,1.);
#1824 = DIRECTION('',(-0.,-1.));
#1825 = ( GEOMETRIC_REPRESENTATION_CONTEXT(2) 
PARAMETRIC_REPRESENTATION_CONTEXT() REPRESENTATION_CONTEXT('2D SPACE',''
  ) );
#1826 = PCURVE('',#299,#1827);
#1827 = DEFINITIONAL_REPRESENTATION('',(#1828),#1832);
#1828 = LINE('',#1829,#1830);
#1829 = CARTESIAN_POINT('',(-6.28318530718,0.));
#1830 = VECTOR('',#1831,1.);
#1831 = DIRECTION('',(-0.,-1.));
#1832 = ( GEOMETRIC_REPRESENTATION_CONTEXT(2) 
PARAMETRIC_REPRESENTATION_CONTEXT() REPRESENTATION_CONTEXT('2D SPACE',''
  ) );
#1833 = ORIENTED_EDGE('',*,*,#1834,.T.);
#1834 = EDGE_CURVE('',#1812,#1812,#1835,.T.);
#1835 = SURFACE_CURVE('',#1836,(#1841,#1848),.PCURVE_S1.);
#1836 = CIRCLE('',#1837,1.25);
#1837 = AXIS2_PLACEMENT_3D('',#1838,#1839,#1840);
#1838 = CARTESIAN_POINT('',(7.,8.,17.));
#1839 = DIRECTION('',(-0.,1.,1.110223024625E-16));
#1840 = DIRECTION('',(1.,0.,0.));
#1841 = PCURVE('',#299,#1842);
#1842 = DEFINITIONAL_REPRESENTATION('',(#1843),#1847);
#1843 = LINE('',#1844,#1845);
#1844 = CARTESIAN_POINT('',(-0.,-8.));
#1845 = VECTOR('',#1846,1.);
#1846 = DIRECTION('',(-1.,0.));
#1847 = ( GEOMETRIC_REPRESENTATION_CONTEXT(2) 
PARAMETRIC_REPRESENTATION_CONTEXT() REPRESENTATION_CONTEXT('2D SPACE',''
  ) );
#1848 = PCURVE('',#1849,#1854);
#1849 = PLANE('',#1850);
#1850 = AXIS2_PLACEMENT_3D('',#1851,#1852,#1853);
#1851 = CARTESIAN_POINT('',(7.,8.,17.));
#1852 = DIRECTION('',(0.,1.,1.110223024625E-16));
#1853 = DIRECTION('',(1.,0.,0.));
#1854 = DEFINITIONAL_REPRESENTATION('',(#1855),#1859);
#1855 = CIRCLE('',#1856,1.25);
#1856 = AXIS2_PLACEMENT_2D('',#1857,#1858);
#1857 = CARTESIAN_POINT('',(0.,0.));
#1858 = DIRECTION('',(1.,0.));
#1859 = ( GEOMETRIC_REPRESENTATION_CONTEXT(2) 
PARAMETRIC_REPRESENTATION_CONTEXT() REPRESENTATION_CONTEXT('2D SPACE',''
  ) );
#1860 = ORIENTED_EDGE('',*,*,#1811,.F.);
#1861 = ORIENTED_EDGE('',*,*,#282,.F.);
#1862 = ADVANCED_FACE('',(#1863),#330,.F.);
#1863 = FACE_BOUND('',#1864,.T.);
#1864 = EDGE_LOOP('',(#1865,#1888,#1915,#1916));
#1865 = ORIENTED_EDGE('',*,*,#1866,.T.);
#1866 = EDGE_CURVE('',#314,#1867,#1869,.T.);
#1867 = VERTEX_POINT('',#1868);
#1868 = CARTESIAN_POINT('',(104.25,8.,5.));
#1869 = SEAM_CURVE('',#1870,(#1874,#1881),.PCURVE_S1.);
#1870 = LINE('',#1871,#1872);
#1871 = CARTESIAN_POINT('',(104.25,0.,5.));
#1872 = VECTOR('',#1873,1.);
#1873 = DIRECTION('',(0.,1.,1.110223024625E-16));
#1874 = PCURVE('',#330,#1875);
#1875 = DEFINITIONAL_REPRESENTATION('',(#1876),#1880);
#1876 = LINE('',#1877,#1878);
#1877 = CARTESIAN_POINT('',(-0.,0.));
#1878 = VECTOR('',#1879,1.);
#1879 = DIRECTION('',(-0.,-1.));
#1880 = ( GEOMETRIC_REPRESENTATION_CONTEXT(2) 
PARAMETRIC_REPRESENTATION_CONTEXT() REPRESENTATION_CONTEXT('2D SPACE',''
  ) );
#1881 = PCURVE('',#330,#1882);
#1882 = DEFINITIONAL_REPRESENTATION('',(#1883),#1887);
#1883 = LINE('',#1884,#1885);
#1884 = CARTESIAN_POINT('',(-6.28318530718,0.));
#1885 = VECTOR('',#1886,1.);
#1886 = DIRECTION('',(-0.,-1.));
#1887 = ( GEOMETRIC_REPRESENTATION_CONTEXT(2) 
PARAMETRIC_REPRESENTATION_CONTEXT() REPRESENTATION_CONTEXT('2D SPACE',''
  ) );
#1888 = ORIENTED_EDGE('',*,*,#1889,.T.);
#1889 = EDGE_CURVE('',#1867,#1867,#1890,.T.);
#1890 = SURFACE_CURVE('',#1891,(#1896,#1903),.PCURVE_S1.);
#1891 = CIRCLE('',#1892,1.25);
#1892 = AXIS2_PLACEMENT_3D('',#1893,#1894,#1895);
#1893 = CARTESIAN_POINT('',(103.,8.,5.));
#1894 = DIRECTION('',(-0.,1.,1.110223024625E-16));
#1895 = DIRECTION('',(1.,0.,0.));
#1896 = PCURVE('',#330,#1897);
#1897 = DEFINITIONAL_REPRESENTATION('',(#1898),#1902);
#1898 = LINE('',#1899,#1900);
#1899 = CARTESIAN_POINT('',(-0.,-8.));
#1900 = VECTOR('',#1901,1.);
#1901 = DIRECTION('',(-1.,0.));
#1902 = ( GEOMETRIC_REPRESENTATION_CONTEXT(2) 
PARAMETRIC_REPRESENTATION_CONTEXT() REPRESENTATION_CONTEXT('2D SPACE',''
  ) );
#1903 = PCURVE('',#1904,#1909);
#1904 = PLANE('',#1905);
#1905 = AXIS2_PLACEMENT_3D('',#1906,#1907,#1908);
#1906 = CARTESIAN_POINT('',(103.,8.,5.));
#1907 = DIRECTION('',(0.,1.,1.110223024625E-16));
#1908 = DIRECTION('',(1.,0.,0.));
#1909 = DEFINITIONAL_REPRESENTATION('',(#1910),#1914);
#1910 = CIRCLE('',#1911,1.25);
#1911 = AXIS2_PLACEMENT_2D('',#1912,#1913);
#1912 = CARTESIAN_POINT('',(0.,0.));
#1913 = DIRECTION('',(1.,0.));
#1914 = ( GEOMETRIC_REPRESENTATION_CONTEXT(2) 
PARAMETRIC_REPRESENTATION_CONTEXT() REPRESENTATION_CONTEXT('2D SPACE',''
  ) );
#1915 = ORIENTED_EDGE('',*,*,#1866,.F.);
#1916 = ORIENTED_EDGE('',*,*,#313,.F.);
#1917 = ADVANCED_FACE('',(#1918,#1944,#2364,#2533),#365,.F.);
#1918 = FACE_BOUND('',#1919,.T.);
#1919 = EDGE_LOOP('',(#1920,#1921,#1942,#1943));
#1920 = ORIENTED_EDGE('',*,*,#344,.T.);
#1921 = ORIENTED_EDGE('',*,*,#1922,.T.);
#1922 = EDGE_CURVE('',#345,#1066,#1923,.T.);
#1923 = SEAM_CURVE('',#1924,(#1928,#1935),.PCURVE_S1.);
#1924 = LINE('',#1925,#1926);
#1925 = CARTESIAN_POINT('',(92.5,-1.,10.));
#1926 = VECTOR('',#1927,1.);
#1927 = DIRECTION('',(0.,1.,1.110223024625E-16));
#1928 = PCURVE('',#365,#1929);
#1929 = DEFINITIONAL_REPRESENTATION('',(#1930),#1934);
#1930 = LINE('',#1931,#1932);
#1931 = CARTESIAN_POINT('',(-6.28318530718,0.));
#1932 = VECTOR('',#1933,1.);
#1933 = DIRECTION('',(-0.,-1.));
#1934 = ( GEOMETRIC_REPRESENTATION_CONTEXT(2) 
PARAMETRIC_REPRESENTATION_CONTEXT() REPRESENTATION_CONTEXT('2D SPACE',''
  ) );
#1935 = PCURVE('',#365,#1936);
#1936 = DEFINITIONAL_REPRESENTATION('',(#1937),#1941);
#1937 = LINE('',#1938,#1939);
#1938 = CARTESIAN_POINT('',(-0.,0.));
#1939 = VECTOR('',#1940,1.);
#1940 = DIRECTION('',(-0.,-1.));
#1941 = ( GEOMETRIC_REPRESENTATION_CONTEXT(2) 
PARAMETRIC_REPRESENTATION_CONTEXT() REPRESENTATION_CONTEXT('2D SPACE',''
  ) );
#1942 = ORIENTED_EDGE('',*,*,#1065,.F.);
#1943 = ORIENTED_EDGE('',*,*,#1922,.F.);
#1944 = FACE_BOUND('',#1945,.T.);
#1945 = EDGE_LOOP('',(#1946,#2157));
#1946 = ORIENTED_EDGE('',*,*,#1947,.T.);
#1947 = EDGE_CURVE('',#1948,#1950,#1952,.T.);
#1948 = VERTEX_POINT('',#1949);
#1949 = CARTESIAN_POINT('',(78.25,65.,13.269174207656));
#1950 = VERTEX_POINT('',#1951);
#1951 = CARTESIAN_POINT('',(78.25,65.,6.730825792344));
#1952 = SURFACE_CURVE('',#1953,(#2019,#2088),.PCURVE_S1.);
#1953 = B_SPLINE_CURVE_WITH_KNOTS('',8,(#1954,#1955,#1956,#1957,#1958,
    #1959,#1960,#1961,#1962,#1963,#1964,#1965,#1966,#1967,#1968,#1969,
    #1970,#1971,#1972,#1973,#1974,#1975,#1976,#1977,#1978,#1979,#1980,
    #1981,#1982,#1983,#1984,#1985,#1986,#1987,#1988,#1989,#1990,#1991,
    #1992,#1993,#1994,#1995,#1996,#1997,#1998,#1999,#2000,#2001,#2002,
    #2003,#2004,#2005,#2006,#2007,#2008,#2009,#2010,#2011,#2012,#2013,
    #2014,#2015,#2016,#2017,#2018),.UNSPECIFIED.,.F.,.F.,(9,7,7,7,7,7,7,
    7,7,9),(0.,5.73207019865E-02,9.75277715586E-02,0.160649596096,
    0.414987882246,0.693343217575,0.834386600544,0.923913620555,
    0.952653569427,1.),.UNSPECIFIED.);
#1954 = CARTESIAN_POINT('',(78.25,65.,13.269174207656));
#1955 = CARTESIAN_POINT('',(78.25,65.048873645314,13.269174207656));
#1956 = CARTESIAN_POINT('',(78.247816094482,65.097603065112,
    13.264664852953));
#1957 = CARTESIAN_POINT('',(78.243470891982,65.145838180095,
    13.255693518531));
#1958 = CARTESIAN_POINT('',(78.237053025691,65.193237904011,
    13.242399096875));
#1959 = CARTESIAN_POINT('',(78.228713743584,65.239479766105,
    13.225010522224));
#1960 = CARTESIAN_POINT('',(78.218660253555,65.284268089537,
    13.203846292843));
#1961 = CARTESIAN_POINT('',(78.207145823559,65.327340725781,
    13.179314991285));
#1962 = CARTESIAN_POINT('',(78.185555925514,65.397327136932,
    13.132698599879));
#1963 = CARTESIAN_POINT('',(78.176057166569,65.425290873975,
    13.112026544391));
#1964 = CARTESIAN_POINT('',(78.166030741853,65.452357955664,
    13.090010122359));
#1965 = CARTESIAN_POINT('',(78.155544944923,65.47852503078,
    13.06675594855));
#1966 = CARTESIAN_POINT('',(78.144665586892,65.503792832118,
    13.042367886279));
#1967 = CARTESIAN_POINT('',(78.133455602359,65.528166011262,
    13.016947167318));
#1968 = CARTESIAN_POINT('',(78.121974655342,65.551652973373,
    12.99059251182));
#1969 = CARTESIAN_POINT('',(78.091917118873,65.609765869858,
    12.920710609097));
#1970 = CARTESIAN_POINT('',(78.073013740274,65.643134185109,
    12.875928857453));
#1971 = CARTESIAN_POINT('',(78.053752339711,65.674473979242,
    12.829347197476));
#1972 = CARTESIAN_POINT('',(78.034287012783,65.703894319763,
    12.781216352271));
#1973 = CARTESIAN_POINT('',(78.014745443862,65.731507242724,
    12.731748922105));
#1974 = CARTESIAN_POINT('',(77.995232129585,65.757424975274,
    12.681122742627));
#1975 = CARTESIAN_POINT('',(77.975831602331,65.781757158215,
    12.629484243099));
#1976 = CARTESIAN_POINT('',(77.879168252349,65.896681791329,
    12.365281586475));
#1977 = CARTESIAN_POINT('',(77.803810479091,65.96571589897,
    12.136783386451));
#1978 = CARTESIAN_POINT('',(77.735566145308,66.01707915194,
    11.899906156693));
#1979 = CARTESIAN_POINT('',(77.676264911393,66.055399831055,
    11.659223611729));
#1980 = CARTESIAN_POINT('',(77.626327168248,66.084055643206,
    11.417236313083));
#1981 = CARTESIAN_POINT('',(77.585525258378,66.105393166778,
    11.174515608147));
#1982 = CARTESIAN_POINT('',(77.55362065491,66.120996887754,
    10.929631178229));
#1983 = CARTESIAN_POINT('',(77.506033537107,66.143321687379,
    10.407016471181));
#1984 = CARTESIAN_POINT('',(77.492596442264,66.148864136727,
    10.13307724517));
#1985 = CARTESIAN_POINT('',(77.490614800096,66.149524949264,
    9.85893889245));
#1986 = CARTESIAN_POINT('',(77.500042637258,66.145681109246,
    9.58484473526));
#1987 = CARTESIAN_POINT('',(77.520896530016,66.137000661387,
    9.311064967712));
#1988 = CARTESIAN_POINT('',(77.553246614652,66.122434274158,
    9.038174260295));
#1989 = CARTESIAN_POINT('',(77.596991559641,66.100071150432,
    8.767355024634));
#1990 = CARTESIAN_POINT('',(77.678886340542,66.050073600118,8.3659006602
    ));
#1991 = CARTESIAN_POINT('',(77.709088195277,66.030519883524,
    8.232322071116));
#1992 = CARTESIAN_POINT('',(77.741937575466,66.007786311148,
    8.099923771566));
#1993 = CARTESIAN_POINT('',(77.777397127954,65.981331207693,
    7.968735224412));
#1994 = CARTESIAN_POINT('',(77.815359042534,65.950493387624,
    7.839065438859));
#1995 = CARTESIAN_POINT('',(77.855580049956,65.914486120103,
    7.711528398565));
#1996 = CARTESIAN_POINT('',(77.897597715573,65.872403160768,
    7.587093669912));
#1997 = CARTESIAN_POINT('',(77.967941438262,65.792028628007,
    7.391035911125));
#1998 = CARTESIAN_POINT('',(77.99572280982,65.757897862332,
    7.316557719626));
#1999 = CARTESIAN_POINT('',(78.023787745863,65.720550359489,
    7.244059866343));
#2000 = CARTESIAN_POINT('',(78.051891403594,65.679668345677,
    7.173982390011));
#2001 = CARTESIAN_POINT('',(78.079703877444,65.63492454166,
    7.106890988119));
#2002 = CARTESIAN_POINT('',(78.106790171946,65.586000380652,
    7.043497429292));
#2003 = CARTESIAN_POINT('',(78.132594764886,65.532608369559,
    6.984682507591));
#2004 = CARTESIAN_POINT('',(78.164082588089,65.455870623487,
    6.914455813479));
#2005 = CARTESIAN_POINT('',(78.171528886547,65.436744994758,
    6.897978744961));
#2006 = CARTESIAN_POINT('',(78.178742558809,65.417145904045,
    6.882135653605));
#2007 = CARTESIAN_POINT('',(78.185696173307,65.397079046469,
    6.866971212916));
#2008 = CARTESIAN_POINT('',(78.19236212177,65.376551635996,
    6.852529486534));
#2009 = CARTESIAN_POINT('',(78.198712776813,65.355572425801,
    6.838853965276));
#2010 = CARTESIAN_POINT('',(78.204720649513,65.33415172865,6.82598760418
    ));
#2011 = CARTESIAN_POINT('',(78.219646466152,65.27630508568,
    6.794179669437));
#2012 = CARTESIAN_POINT('',(78.227946093021,65.239081604959,
    6.776664020117));
#2013 = CARTESIAN_POINT('',(78.235100621781,65.200790374881,
    6.761692204444));
#2014 = CARTESIAN_POINT('',(78.240975143264,65.161609214849,
    6.749480479066));
#2015 = CARTESIAN_POINT('',(78.245461975931,65.121731263482,
    6.740195573387));
#2016 = CARTESIAN_POINT('',(78.248484572178,65.081361418663,
    6.733954803678));
#2017 = CARTESIAN_POINT('',(78.25,65.040712338045,6.730825792345));
#2018 = CARTESIAN_POINT('',(78.25,65.,6.730825792345));
#2019 = PCURVE('',#365,#2020);
#2020 = DEFINITIONAL_REPRESENTATION('',(#2021),#2087);
#2021 = B_SPLINE_CURVE_WITH_KNOTS('',8,(#2022,#2023,#2024,#2025,#2026,
    #2027,#2028,#2029,#2030,#2031,#2032,#2033,#2034,#2035,#2036,#2037,
    #2038,#2039,#2040,#2041,#2042,#2043,#2044,#2045,#2046,#2047,#2048,
    #2049,#2050,#2051,#2052,#2053,#2054,#2055,#2056,#2057,#2058,#2059,
    #2060,#2061,#2062,#2063,#2064,#2065,#2066,#2067,#2068,#2069,#2070,
    #2071,#2072,#2073,#2074,#2075,#2076,#2077,#2078,#2079,#2080,#2081,
    #2082,#2083,#2084,#2085,#2086),.UNSPECIFIED.,.F.,.F.,(9,7,7,7,7,7,7,
    7,7,9),(0.,5.73207019865E-02,9.75277715586E-02,0.160649596096,
    0.414987882246,0.693343217575,0.834386600544,0.923913620555,
    0.952653569427,1.),.UNSPECIFIED.);
#2022 = CARTESIAN_POINT('',(-3.592619465386,-66.));
#2023 = CARTESIAN_POINT('',(-3.592619465386,-66.04887364531));
#2024 = CARTESIAN_POINT('',(-3.591951418869,-66.09760306511));
#2025 = CARTESIAN_POINT('',(-3.590622317132,-66.14583818009));
#2026 = CARTESIAN_POINT('',(-3.588653990924,-66.19323790401));
#2027 = CARTESIAN_POINT('',(-3.586082698215,-66.2394797661));
#2028 = CARTESIAN_POINT('',(-3.582958649685,-66.28426808953));
#2029 = CARTESIAN_POINT('',(-3.579345471936,-66.32734072578));
#2030 = CARTESIAN_POINT('',(-3.572495704193,-66.39732713693));
#2031 = CARTESIAN_POINT('',(-3.569462390373,-66.42529087397));
#2032 = CARTESIAN_POINT('',(-3.566236824893,-66.45235795566));
#2033 = CARTESIAN_POINT('',(-3.562835676253,-66.47852503078));
#2034 = CARTESIAN_POINT('',(-3.559275117747,-66.50379283211));
#2035 = CARTESIAN_POINT('',(-3.555570821679,-66.52816601126));
#2036 = CARTESIAN_POINT('',(-3.551737953572,-66.55165297337));
#2037 = CARTESIAN_POINT('',(-3.541595031945,-66.60976586985));
#2038 = CARTESIAN_POINT('',(-3.535114107539,-66.6431341851));
#2039 = CARTESIAN_POINT('',(-3.528393497196,-66.67447397924));
#2040 = CARTESIAN_POINT('',(-3.521471526905,-66.70389431976));
#2041 = CARTESIAN_POINT('',(-3.514380353371,-66.73150724272));
#2042 = CARTESIAN_POINT('',(-3.507146572785,-66.75742497527));
#2043 = CARTESIAN_POINT('',(-3.49979182958,-66.78175715821));
#2044 = CARTESIAN_POINT('',(-3.462281097013,-66.89668179132));
#2045 = CARTESIAN_POINT('',(-3.430217179997,-66.96571589897));
#2046 = CARTESIAN_POINT('',(-3.397388668521,-67.01707915194));
#2047 = CARTESIAN_POINT('',(-3.364387081694,-67.05539983105));
#2048 = CARTESIAN_POINT('',(-3.331487847584,-67.0840556432));
#2049 = CARTESIAN_POINT('',(-3.298708357834,-67.10539316677));
#2050 = CARTESIAN_POINT('',(-3.265805856558,-67.12099688775));
#2051 = CARTESIAN_POINT('',(-3.195835619608,-67.14332168737));
#2052 = CARTESIAN_POINT('',(-3.1592983829,-67.14886413672));
#2053 = CARTESIAN_POINT('',(-3.122798847537,-67.14952494926));
#2054 = CARTESIAN_POINT('',(-3.086294400151,-67.14568110924));
#2055 = CARTESIAN_POINT('',(-3.049748613367,-67.13700066138));
#2056 = CARTESIAN_POINT('',(-3.013162617335,-67.12243427415));
#2057 = CARTESIAN_POINT('',(-2.976616226226,-67.10007115043));
#2058 = CARTESIAN_POINT('',(-2.92198658643,-67.05007360011));
#2059 = CARTESIAN_POINT('',(-2.903730625026,-67.03051988352));
#2060 = CARTESIAN_POINT('',(-2.885548825774,-67.00778631114));
#2061 = CARTESIAN_POINT('',(-2.867437142469,-66.98133120769));
#2062 = CARTESIAN_POINT('',(-2.849429894284,-66.95049338762));
#2063 = CARTESIAN_POINT('',(-2.831605443968,-66.9144861201));
#2064 = CARTESIAN_POINT('',(-2.814096914053,-66.87240316076));
#2065 = CARTESIAN_POINT('',(-2.786324222717,-66.792028628));
#2066 = CARTESIAN_POINT('',(-2.775726260751,-66.75789786233));
#2067 = CARTESIAN_POINT('',(-2.765362174993,-66.72055035948));
#2068 = CARTESIAN_POINT('',(-2.755296536593,-66.67966834567));
#2069 = CARTESIAN_POINT('',(-2.745614004389,-66.63492454166));
#2070 = CARTESIAN_POINT('',(-2.73642304794,-66.58600038065));
#2071 = CARTESIAN_POINT('',(-2.727859757265,-66.53260836955));
#2072 = CARTESIAN_POINT('',(-2.717598051471,-66.45587062348));
#2073 = CARTESIAN_POINT('',(-2.715187193549,-66.43674499475));
#2074 = CARTESIAN_POINT('',(-2.71286613348,-66.41714590404));
#2075 = CARTESIAN_POINT('',(-2.710641786108,-66.39707904646));
#2076 = CARTESIAN_POINT('',(-2.708521008612,-66.37655163599));
#2077 = CARTESIAN_POINT('',(-2.706510595949,-66.3555724258));
#2078 = CARTESIAN_POINT('',(-2.704617276289,-66.33415172865));
#2079 = CARTESIAN_POINT('',(-2.699932502437,-66.27630508568));
#2080 = CARTESIAN_POINT('',(-2.697348186301,-66.23908160495));
#2081 = CARTESIAN_POINT('',(-2.695135742002,-66.20079037488));
#2082 = CARTESIAN_POINT('',(-2.69332891688,-66.16160921484));
#2083 = CARTESIAN_POINT('',(-2.691953960083,-66.12173126348));
#2084 = CARTESIAN_POINT('',(-2.691029397297,-66.08136141866));
#2085 = CARTESIAN_POINT('',(-2.690565841794,-66.04071233804));
#2086 = CARTESIAN_POINT('',(-2.690565841794,-66.));
#2087 = ( GEOMETRIC_REPRESENTATION_CONTEXT(2) 
PARAMETRIC_REPRESENTATION_CONTEXT() REPRESENTATION_CONTEXT('2D SPACE',''
  ) );
#2088 = PCURVE('',#848,#2089);
#2089 = DEFINITIONAL_REPRESENTATION('',(#2090),#2156);
#2090 = B_SPLINE_CURVE_WITH_KNOTS('',8,(#2091,#2092,#2093,#2094,#2095,
    #2096,#2097,#2098,#2099,#2100,#2101,#2102,#2103,#2104,#2105,#2106,
    #2107,#2108,#2109,#2110,#2111,#2112,#2113,#2114,#2115,#2116,#2117,
    #2118,#2119,#2120,#2121,#2122,#2123,#2124,#2125,#2126,#2127,#2128,
    #2129,#2130,#2131,#2132,#2133,#2134,#2135,#2136,#2137,#2138,#2139,
    #2140,#2141,#2142,#2143,#2144,#2145,#2146,#2147,#2148,#2149,#2150,
    #2151,#2152,#2153,#2154,#2155),.UNSPECIFIED.,.F.,.F.,(9,7,7,7,7,7,7,
    7,7,9),(0.,5.73207019865E-02,9.75277715586E-02,0.160649596096,
    0.414987882246,0.693343217575,0.834386600544,0.923913620555,
    0.952653569427,1.),.UNSPECIFIED.);
#2091 = CARTESIAN_POINT('',(8.881784197001E-16,-13.26917420765));
#2092 = CARTESIAN_POINT('',(-3.909891625101E-02,-13.26917420765));
#2093 = CARTESIAN_POINT('',(-7.808250086138E-02,-13.26466485295));
#2094 = CARTESIAN_POINT('',(-0.116761545579,-13.25569351853));
#2095 = CARTESIAN_POINT('',(-0.154952387577,-13.24239909687));
#2096 = CARTESIAN_POINT('',(-0.192473744005,-13.22501052222));
#2097 = CARTESIAN_POINT('',(-0.229145240652,-13.20384629284));
#2098 = CARTESIAN_POINT('',(-0.264787634747,-13.17931499128));
#2099 = CARTESIAN_POINT('',(-0.323380311113,-13.13269859987));
#2100 = CARTESIAN_POINT('',(-0.346997279354,-13.11202654439));
#2101 = CARTESIAN_POINT('',(-0.370074720864,-13.09001012235));
#2102 = CARTESIAN_POINT('',(-0.392611413738,-13.06675594855));
#2103 = CARTESIAN_POINT('',(-0.414606154644,-13.04236788627));
#2104 = CARTESIAN_POINT('',(-0.436058083574,-13.01694716731));
#2105 = CARTESIAN_POINT('',(-0.456967008604,-12.99059251182));
#2106 = CARTESIAN_POINT('',(-0.509307825481,-12.92071060909));
#2107 = CARTESIAN_POINT('',(-0.53996640252,-12.87592885745));
#2108 = CARTESIAN_POINT('',(-0.569364463963,-12.82934719747));
#2109 = CARTESIAN_POINT('',(-0.59755605502,-12.78121635227));
#2110 = CARTESIAN_POINT('',(-0.624594273083,-12.7317489221));
#2111 = CARTESIAN_POINT('',(-0.65053127688,-12.68112274262));
#2112 = CARTESIAN_POINT('',(-0.675418295648,-12.62948424309));
#2113 = CARTESIAN_POINT('',(-0.795555482632,-12.36528158647));
#2114 = CARTESIAN_POINT('',(-0.876626174822,-12.13678338645));
#2115 = CARTESIAN_POINT('',(-0.944570620337,-11.89990615669));
#2116 = CARTESIAN_POINT('',(-1.000855674586,-11.65922361173));
#2117 = CARTESIAN_POINT('',(-1.046845565431,-11.41723631308));
#2118 = CARTESIAN_POINT('',(-1.083657033047,-11.17451560814));
#2119 = CARTESIAN_POINT('',(-1.112066394084,-10.92963117822));
#2120 = CARTESIAN_POINT('',(-1.154117262016,-10.40701647118));
#2121 = CARTESIAN_POINT('',(-1.165733542687,-10.13307724517));
#2122 = CARTESIAN_POINT('',(-1.167404855678,-9.858938892451));
#2123 = CARTESIAN_POINT('',(-1.159263005039,-9.58484473526));
#2124 = CARTESIAN_POINT('',(-1.141181828089,-9.311064967712));
#2125 = CARTESIAN_POINT('',(-1.112823635169,-9.038174260295));
#2126 = CARTESIAN_POINT('',(-1.073630976533,-8.767355024634));
#2127 = CARTESIAN_POINT('',(-0.99687052765,-8.3659006602));
#2128 = CARTESIAN_POINT('',(-0.968096623613,-8.232322071116));
#2129 = CARTESIAN_POINT('',(-0.936165382294,-8.099923771566));
#2130 = CARTESIAN_POINT('',(-0.90082069073,-7.968735224412));
#2131 = CARTESIAN_POINT('',(-0.861768520751,-7.839065438858));
#2132 = CARTESIAN_POINT('',(-0.81868502717,-7.711528398565));
#2133 = CARTESIAN_POINT('',(-0.771212444327,-7.587093669912));
#2134 = CARTESIAN_POINT('',(-0.6857647112,-7.391035911125));
#2135 = CARTESIAN_POINT('',(-0.650580657218,-7.316557719625));
#2136 = CARTESIAN_POINT('',(-0.613255234209,-7.244059866343));
#2137 = CARTESIAN_POINT('',(-0.573641910696,-7.173982390011));
#2138 = CARTESIAN_POINT('',(-0.531593311962,-7.106890988119));
#2139 = CARTESIAN_POINT('',(-0.486964885402,-7.043497429292));
#2140 = CARTESIAN_POINT('',(-0.439611927794,-6.984682507591));
#2141 = CARTESIAN_POINT('',(-0.373254521299,-6.914455813479));
#2142 = CARTESIAN_POINT('',(-0.356837959324,-6.897978744961));
#2143 = CARTESIAN_POINT('',(-0.34013524578,-6.882135653605));
#2144 = CARTESIAN_POINT('',(-0.323151559243,-6.866971212916));
#2145 = CARTESIAN_POINT('',(-0.305892260294,-6.852529486534));
#2146 = CARTESIAN_POINT('',(-0.28836285219,-6.838853965276));
#2147 = CARTESIAN_POINT('',(-0.270568941515,-6.82598760418));
#2148 = CARTESIAN_POINT('',(-0.222775960573,-6.794179669437));
#2149 = CARTESIAN_POINT('',(-0.192282666972,-6.776664020117));
#2150 = CARTESIAN_POINT('',(-0.161151117752,-6.761692204444));
#2151 = CARTESIAN_POINT('',(-0.129497275365,-6.749480479066));
#2152 = CARTESIAN_POINT('',(-9.74376286264E-02,-6.740195573387));
#2153 = CARTESIAN_POINT('',(-6.508915341865E-02,-6.733954803678));
#2154 = CARTESIAN_POINT('',(-3.256987043613E-02,-6.730825792345));
#2155 = CARTESIAN_POINT('',(8.881784197001E-16,-6.730825792345));
#2156 = ( GEOMETRIC_REPRESENTATION_CONTEXT(2) 
PARAMETRIC_REPRESENTATION_CONTEXT() REPRESENTATION_CONTEXT('2D SPACE',''
  ) );
#2157 = ORIENTED_EDGE('',*,*,#2158,.T.);
#2158 = EDGE_CURVE('',#1950,#1948,#2159,.T.);
#2159 = SURFACE_CURVE('',#2160,(#2226,#2295),.PCURVE_S1.);
#2160 = B_SPLINE_CURVE_WITH_KNOTS('',8,(#2161,#2162,#2163,#2164,#2165,
    #2166,#2167,#2168,#2169,#2170,#2171,#2172,#2173,#2174,#2175,#2176,
    #2177,#2178,#2179,#2180,#2181,#2182,#2183,#2184,#2185,#2186,#2187,
    #2188,#2189,#2190,#2191,#2192,#2193,#2194,#2195,#2196,#2197,#2198,
    #2199,#2200,#2201,#2202,#2203,#2204,#2205,#2206,#2207,#2208,#2209,
    #2210,#2211,#2212,#2213,#2214,#2215,#2216,#2217,#2218,#2219,#2220,
    #2221,#2222,#2223,#2224,#2225),.UNSPECIFIED.,.F.,.F.,(9,7,7,7,7,7,7,
    7,7,9),(0.,5.714479242457E-02,9.752085905737E-02,0.161291938963,
    0.42303777259,0.67715812214,0.833746935229,0.922858445547,
    0.951851299726,1.),.UNSPECIFIED.);
#2161 = CARTESIAN_POINT('',(78.25,65.,6.730825792345));
#2162 = CARTESIAN_POINT('',(78.25,64.951308064475,6.730825792345));
#2163 = CARTESIAN_POINT('',(78.247832303718,64.902757935645,
    6.735301675397));
#2164 = CARTESIAN_POINT('',(78.243519058062,64.854696352237,
    6.744207036627));
#2165 = CARTESIAN_POINT('',(78.237147597016,64.807461236969,
    6.757405002834));
#2166 = CARTESIAN_POINT('',(78.228867111342,64.761372221644,
    6.774669688098));
#2167 = CARTESIAN_POINT('',(78.218882123064,64.71672258115,
    6.795686669646));
#2168 = CARTESIAN_POINT('',(78.207442764723,64.673772576385,
    6.820052483985));
#2169 = CARTESIAN_POINT('',(78.185921539844,64.603755314161,
    6.866506097146));
#2170 = CARTESIAN_POINT('',(78.17640651362,64.575661194422,
    6.887207089571));
#2171 = CARTESIAN_POINT('',(78.16635798641,64.548469798888,
    6.909265363163));
#2172 = CARTESIAN_POINT('',(78.155845070821,64.522184750941,
    6.932573040766));
#2173 = CARTESIAN_POINT('',(78.144934385751,64.496805513593,
    6.957025002557));
#2174 = CARTESIAN_POINT('',(78.133689651725,64.472327557735,
    6.982518763098));
#2175 = CARTESIAN_POINT('',(78.122171286237,64.448742530386,
    7.008954348405));
#2176 = CARTESIAN_POINT('',(78.091900960951,64.390178925704,
    7.07932068487));
#2177 = CARTESIAN_POINT('',(78.072812462372,64.356493410097,
    7.124541819366));
#2178 = CARTESIAN_POINT('',(78.05335976338,64.324875513027,
    7.171596627505));
#2179 = CARTESIAN_POINT('',(78.033701315189,64.295212919631,
    7.220227263433));
#2180 = CARTESIAN_POINT('',(78.013968141591,64.267390262574,
    7.270215473428));
#2181 = CARTESIAN_POINT('',(77.994267220351,64.241292021338,
    7.321379084889));
#2182 = CARTESIAN_POINT('',(77.974684864609,64.216805421511,
    7.373568495329));
#2183 = CARTESIAN_POINT('',(77.875685090216,64.09949428017,
    7.644588083541));
#2184 = CARTESIAN_POINT('',(77.798319221292,64.029415661177,
    7.880287092561));
#2185 = CARTESIAN_POINT('',(77.728619630248,63.977787266524,
    8.124664341265));
#2186 = CARTESIAN_POINT('',(77.668489707053,63.939645839227,
    8.37286748033));
#2187 = CARTESIAN_POINT('',(77.61833030692,63.911413017009,
    8.622253989805));
#2188 = CARTESIAN_POINT('',(77.577855725126,63.890640753258,
    8.872260416372));
#2189 = CARTESIAN_POINT('',(77.546812375213,63.875702089436,
    9.124482841572));
#2190 = CARTESIAN_POINT('',(77.504891628916,63.856276933118,
    9.631128436313));
#2191 = CARTESIAN_POINT('',(77.493773542023,63.851646779782,
    9.881395493758));
#2192 = CARTESIAN_POINT('',(77.49221351207,63.851107942176,
    10.131872678834));
#2193 = CARTESIAN_POINT('',(77.500187693082,63.854396223446,
    10.382294223779));
#2194 = CARTESIAN_POINT('',(77.517703639189,63.861747204578,
    10.632414643614));
#2195 = CARTESIAN_POINT('',(77.544792027179,63.873898806629,
    10.88180405316));
#2196 = CARTESIAN_POINT('',(77.581378874211,63.892173036993,
    11.129627492327));
#2197 = CARTESIAN_POINT('',(77.655124437808,63.934932728961,
    11.525235589043));
#2198 = CARTESIAN_POINT('',(77.686572559945,63.954283490821,
    11.674365050183));
#2199 = CARTESIAN_POINT('',(77.721341266121,63.977206766283,
    11.822203998403));
#2200 = CARTESIAN_POINT('',(77.75940967295,64.004373836265,
    11.968781111081));
#2201 = CARTESIAN_POINT('',(77.800672494379,64.036623998835,
    12.113739495495));
#2202 = CARTESIAN_POINT('',(77.844844267661,64.074980682002,
    12.256299205001));
#2203 = CARTESIAN_POINT('',(77.89133214897,64.120649218852,
    12.395180495652));
#2204 = CARTESIAN_POINT('',(77.966232135017,64.205903366508,
    12.604342963607));
#2205 = CARTESIAN_POINT('',(77.993866519497,64.239704641209,
    12.678578105614));
#2206 = CARTESIAN_POINT('',(78.021791585405,64.276676841614,
    12.75086791148));
#2207 = CARTESIAN_POINT('',(78.049769686728,64.317133352871,
    12.820785612933));
#2208 = CARTESIAN_POINT('',(78.077480299491,64.361397519029,
    12.88778095491));
#2209 = CARTESIAN_POINT('',(78.10450038517,64.409785184168,
    12.95116041817));
#2210 = CARTESIAN_POINT('',(78.130289046031,64.462583257452,
    13.01006503667));
#2211 = CARTESIAN_POINT('',(78.161948360296,64.538713019473,
    13.080813498347));
#2212 = CARTESIAN_POINT('',(78.169516553449,64.557887371975,
    13.097590941818));
#2213 = CARTESIAN_POINT('',(78.176853560148,64.57754370801,
    13.113732122841));
#2214 = CARTESIAN_POINT('',(78.183931484321,64.597676856402,
    13.129191585097));
#2215 = CARTESIAN_POINT('',(78.190722184546,64.618280103908,
    13.143924395544));
#2216 = CARTESIAN_POINT('',(78.197197433069,64.639345172738,
    13.157886106764));
#2217 = CARTESIAN_POINT('',(78.203329074826,64.660862198069,
    13.171032719302));
#2218 = CARTESIAN_POINT('',(78.218655056973,64.719284740738,
    13.203727313886));
#2219 = CARTESIAN_POINT('',(78.227213782534,64.757031366291,
    13.221803165835));
#2220 = CARTESIAN_POINT('',(78.23459931689,64.79589463256,
    13.237265568157));
#2221 = CARTESIAN_POINT('',(78.240668475746,64.835689789406,
    13.249884887789));
#2222 = CARTESIAN_POINT('',(78.24530674733,64.876215588841,
    13.259483928003));
#2223 = CARTESIAN_POINT('',(78.248432559018,64.917258078719,
    13.265937797037));
#2224 = CARTESIAN_POINT('',(78.25,64.958594887486,13.269174207656));
#2225 = CARTESIAN_POINT('',(78.25,65.,13.269174207656));
#2226 = PCURVE('',#365,#2227);
#2227 = DEFINITIONAL_REPRESENTATION('',(#2228),#2294);
#2228 = B_SPLINE_CURVE_WITH_KNOTS('',8,(#2229,#2230,#2231,#2232,#2233,
    #2234,#2235,#2236,#2237,#2238,#2239,#2240,#2241,#2242,#2243,#2244,
    #2245,#2246,#2247,#2248,#2249,#2250,#2251,#2252,#2253,#2254,#2255,
    #2256,#2257,#2258,#2259,#2260,#2261,#2262,#2263,#2264,#2265,#2266,
    #2267,#2268,#2269,#2270,#2271,#2272,#2273,#2274,#2275,#2276,#2277,
    #2278,#2279,#2280,#2281,#2282,#2283,#2284,#2285,#2286,#2287,#2288,
    #2289,#2290,#2291,#2292,#2293),.UNSPECIFIED.,.F.,.F.,(9,7,7,7,7,7,7,
    7,7,9),(0.,5.714479242457E-02,9.752085905737E-02,0.161291938963,
    0.42303777259,0.67715812214,0.833746935229,0.922858445547,
    0.951851299726,1.),.UNSPECIFIED.);
#2229 = CARTESIAN_POINT('',(-2.690565841794,-66.));
#2230 = CARTESIAN_POINT('',(-2.690565841794,-65.95130806447));
#2231 = CARTESIAN_POINT('',(-2.691228929696,-65.90275793564));
#2232 = CARTESIAN_POINT('',(-2.692548257254,-65.85469635223));
#2233 = CARTESIAN_POINT('',(-2.694502311853,-65.80746123696));
#2234 = CARTESIAN_POINT('',(-2.697055320764,-65.76137222164));
#2235 = CARTESIAN_POINT('',(-2.700157717292,-65.71672258115));
#2236 = CARTESIAN_POINT('',(-2.703746668845,-65.67377257638));
#2237 = CARTESIAN_POINT('',(-2.710572894476,-65.60375531416));
#2238 = CARTESIAN_POINT('',(-2.713610619775,-65.57566119442));
#2239 = CARTESIAN_POINT('',(-2.71684248489,-65.54846979888));
#2240 = CARTESIAN_POINT('',(-2.720251622793,-65.52218475094));
#2241 = CARTESIAN_POINT('',(-2.723821663339,-65.49680551359));
#2242 = CARTESIAN_POINT('',(-2.727536739269,-65.47232755773));
#2243 = CARTESIAN_POINT('',(-2.731381492219,-65.44874253038));
#2244 = CARTESIAN_POINT('',(-2.741594959494,-65.3901789257));
#2245 = CARTESIAN_POINT('',(-2.748139451408,-65.35649341009));
#2246 = CARTESIAN_POINT('',(-2.754928098092,-65.32487551302));
#2247 = CARTESIAN_POINT('',(-2.76192148705,-65.29521291963));
#2248 = CARTESIAN_POINT('',(-2.769086612607,-65.26739026257));
#2249 = CARTESIAN_POINT('',(-2.77639623885,-65.24129202133));
#2250 = CARTESIAN_POINT('',(-2.783828262587,-65.21680542151));
#2251 = CARTESIAN_POINT('',(-2.822299625102,-65.09949428017));
#2252 = CARTESIAN_POINT('',(-2.855357758904,-65.02941566117));
#2253 = CARTESIAN_POINT('',(-2.88919706771,-64.97778726652));
#2254 = CARTESIAN_POINT('',(-2.92319432328,-64.93964583922));
#2255 = CARTESIAN_POINT('',(-2.957062133552,-64.911413017));
#2256 = CARTESIAN_POINT('',(-2.990789711908,-64.89064075325));
#2257 = CARTESIAN_POINT('',(-3.024646166764,-64.87570208943));
#2258 = CARTESIAN_POINT('',(-3.092429758045,-64.85627693311));
#2259 = CARTESIAN_POINT('',(-3.125807304364,-64.85164677978));
#2260 = CARTESIAN_POINT('',(-3.159164377303,-64.85110794217));
#2261 = CARTESIAN_POINT('',(-3.192522577709,-64.85439622344));
#2262 = CARTESIAN_POINT('',(-3.225904948041,-64.86174720457));
#2263 = CARTESIAN_POINT('',(-3.259311421703,-64.87389880662));
#2264 = CARTESIAN_POINT('',(-3.292688934926,-64.89217303699));
#2265 = CARTESIAN_POINT('',(-3.346345318925,-64.93493272896));
#2266 = CARTESIAN_POINT('',(-3.366660922011,-64.95428349082));
#2267 = CARTESIAN_POINT('',(-3.38690155838,-64.97720676628));
#2268 = CARTESIAN_POINT('',(-3.40708274948,-65.00437383626));
#2269 = CARTESIAN_POINT('',(-3.427167557335,-65.03662399883));
#2270 = CARTESIAN_POINT('',(-3.447058553644,-65.074980682));
#2271 = CARTESIAN_POINT('',(-3.466581670869,-65.12064921885));
#2272 = CARTESIAN_POINT('',(-3.496204168599,-65.2059033665));
#2273 = CARTESIAN_POINT('',(-3.506764929558,-65.2397046412));
#2274 = CARTESIAN_POINT('',(-3.517096431014,-65.27667684161));
#2275 = CARTESIAN_POINT('',(-3.527136080622,-65.31713335287));
#2276 = CARTESIAN_POINT('',(-3.536801588468,-65.36139751902));
#2277 = CARTESIAN_POINT('',(-3.545987349666,-65.40978518416));
#2278 = CARTESIAN_POINT('',(-3.554560737196,-65.46258325745));
#2279 = CARTESIAN_POINT('',(-3.564895280789,-65.53871301947));
#2280 = CARTESIAN_POINT('',(-3.567349328058,-65.55788737197));
#2281 = CARTESIAN_POINT('',(-3.569713374428,-65.57754370801));
#2282 = CARTESIAN_POINT('',(-3.571980386149,-65.5976768564));
#2283 = CARTESIAN_POINT('',(-3.574143372613,-65.6182801039));
#2284 = CARTESIAN_POINT('',(-3.576195390879,-65.63934517273));
#2285 = CARTESIAN_POINT('',(-3.578129550204,-65.66086219806));
#2286 = CARTESIAN_POINT('',(-3.582944014049,-65.71928474073));
#2287 = CARTESIAN_POINT('',(-3.585610620798,-65.75703136629));
#2288 = CARTESIAN_POINT('',(-3.587895362856,-65.79589463256));
#2289 = CARTESIAN_POINT('',(-3.589762411202,-65.8356897894));
#2290 = CARTESIAN_POINT('',(-3.591183865494,-65.87621558884));
#2291 = CARTESIAN_POINT('',(-3.592139999094,-65.91725807871));
#2292 = CARTESIAN_POINT('',(-3.592619465386,-65.95859488748));
#2293 = CARTESIAN_POINT('',(-3.592619465386,-66.));
#2294 = ( GEOMETRIC_REPRESENTATION_CONTEXT(2) 
PARAMETRIC_REPRESENTATION_CONTEXT() REPRESENTATION_CONTEXT('2D SPACE',''
  ) );
#2295 = PCURVE('',#848,#2296);
#2296 = DEFINITIONAL_REPRESENTATION('',(#2297),#2363);
#2297 = B_SPLINE_CURVE_WITH_KNOTS('',8,(#2298,#2299,#2300,#2301,#2302,
    #2303,#2304,#2305,#2306,#2307,#2308,#2309,#2310,#2311,#2312,#2313,
    #2314,#2315,#2316,#2317,#2318,#2319,#2320,#2321,#2322,#2323,#2324,
    #2325,#2326,#2327,#2328,#2329,#2330,#2331,#2332,#2333,#2334,#2335,
    #2336,#2337,#2338,#2339,#2340,#2341,#2342,#2343,#2344,#2345,#2346,
    #2347,#2348,#2349,#2350,#2351,#2352,#2353,#2354,#2355,#2356,#2357,
    #2358,#2359,#2360,#2361,#2362),.UNSPECIFIED.,.F.,.F.,(9,7,7,7,7,7,7,
    7,7,9),(0.,5.714479242457E-02,9.752085905737E-02,0.161291938963,
    0.42303777259,0.67715812214,0.833746935229,0.922858445547,
    0.951851299726,1.),.UNSPECIFIED.);
#2298 = CARTESIAN_POINT('',(-6.28318530718,-6.730825792345));
#2299 = CARTESIAN_POINT('',(-6.24423175876,-6.730825792345));
#2300 = CARTESIAN_POINT('',(-6.205391607823,-6.735301675397));
#2301 = CARTESIAN_POINT('',(-6.166852398149,-6.744207036627));
#2302 = CARTESIAN_POINT('',(-6.12879622655,-6.757405002834));
#2303 = CARTESIAN_POINT('',(-6.091402847916,-6.774669688098));
#2304 = CARTESIAN_POINT('',(-6.054851119232,-6.795686669645));
#2305 = CARTESIAN_POINT('',(-6.019318782545,-6.820052483985));
#2306 = CARTESIAN_POINT('',(-5.960718686273,-6.866506097146));
#2307 = CARTESIAN_POINT('',(-5.936998884596,-6.887207089571));
#2308 = CARTESIAN_POINT('',(-5.913822220314,-6.909265363163));
#2309 = CARTESIAN_POINT('',(-5.891190041084,-6.932573040766));
#2310 = CARTESIAN_POINT('',(-5.869103674019,-6.957025002557));
#2311 = CARTESIAN_POINT('',(-5.847564095925,-6.982518763098));
#2312 = CARTESIAN_POINT('',(-5.826571603537,-7.008954348405));
#2313 = CARTESIAN_POINT('',(-5.773832314887,-7.07932068487));
#2314 = CARTESIAN_POINT('',(-5.742880618027,-7.124541819366));
#2315 = CARTESIAN_POINT('',(-5.713213748949,-7.171596627505));
#2316 = CARTESIAN_POINT('',(-5.68477606475,-7.220227263433));
#2317 = CARTESIAN_POINT('',(-5.65751291363,-7.270215473428));
#2318 = CARTESIAN_POINT('',(-5.631370624675,-7.321379084889));
#2319 = CARTESIAN_POINT('',(-5.606296497641,-7.373568495329));
#2320 = CARTESIAN_POINT('',(-5.483494910127,-7.644588083541));
#2321 = CARTESIAN_POINT('',(-5.400732174065,-7.880287092561));
#2322 = CARTESIAN_POINT('',(-5.331742000493,-8.124664341265));
#2323 = CARTESIAN_POINT('',(-5.274978756341,-8.372867480329));
#2324 = CARTESIAN_POINT('',(-5.228997751792,-8.622253989805));
#2325 = CARTESIAN_POINT('',(-5.192624638448,-8.872260416372));
#2326 = CARTESIAN_POINT('',(-5.165066533522,-9.124482841572));
#2327 = CARTESIAN_POINT('',(-5.128104406586,-9.631128436313));
#2328 = CARTESIAN_POINT('',(-5.118476393681,-9.881395493758));
#2329 = CARTESIAN_POINT('',(-5.117155640301,-10.13187267883));
#2330 = CARTESIAN_POINT('',(-5.124054991186,-10.38229422377));
#2331 = CARTESIAN_POINT('',(-5.139257594474,-10.63241464361));
#2332 = CARTESIAN_POINT('',(-5.162993434006,-10.88180405316));
#2333 = CARTESIAN_POINT('',(-5.195647998617,-11.12962749232));
#2334 = CARTESIAN_POINT('',(-5.263844418031,-11.52523558904));
#2335 = CARTESIAN_POINT('',(-5.293373995075,-11.67436505018));
#2336 = CARTESIAN_POINT('',(-5.326662586993,-11.8222039984));
#2337 = CARTESIAN_POINT('',(-5.36402083004,-11.96878111108));
#2338 = CARTESIAN_POINT('',(-5.405825655977,-12.11373949549));
#2339 = CARTESIAN_POINT('',(-5.45249599791,-12.256299205));
#2340 = CARTESIAN_POINT('',(-5.504489128005,-12.39518049565));
#2341 = CARTESIAN_POINT('',(-5.595275127286,-12.6043429636));
#2342 = CARTESIAN_POINT('',(-5.63018110045,-12.67857810561));
#2343 = CARTESIAN_POINT('',(-5.66720051786,-12.75086791148));
#2344 = CARTESIAN_POINT('',(-5.706478433084,-12.82078561293));
#2345 = CARTESIAN_POINT('',(-5.748160891042,-12.88778095491));
#2346 = CARTESIAN_POINT('',(-5.792391394933,-12.95116041817));
#2347 = CARTESIAN_POINT('',(-5.839313826203,-13.01006503667));
#2348 = CARTESIAN_POINT('',(-5.905274070449,-13.08081349834));
#2349 = CARTESIAN_POINT('',(-5.921762480617,-13.09759094181));
#2350 = CARTESIAN_POINT('',(-5.938542363542,-13.11373212284));
#2351 = CARTESIAN_POINT('',(-5.955608802024,-13.12919158509));
#2352 = CARTESIAN_POINT('',(-5.972956690025,-13.14392439554));
#2353 = CARTESIAN_POINT('',(-5.990580776571,-13.15788610676));
#2354 = CARTESIAN_POINT('',(-6.00847570964,-13.1710327193));
#2355 = CARTESIAN_POINT('',(-6.056795174675,-13.20372731388));
#2356 = CARTESIAN_POINT('',(-6.087741559584,-13.22180316583));
#2357 = CARTESIAN_POINT('',(-6.119355598648,-13.23726556815));
#2358 = CARTESIAN_POINT('',(-6.151516381074,-13.24988488778));
#2359 = CARTESIAN_POINT('',(-6.184102429772,-13.259483928));
#2360 = CARTESIAN_POINT('',(-6.216991749839,-13.26593779703));
#2361 = CARTESIAN_POINT('',(-6.250061217168,-13.26917420765));
#2362 = CARTESIAN_POINT('',(-6.28318530718,-13.26917420765));
#2363 = ( GEOMETRIC_REPRESENTATION_CONTEXT(2) 
PARAMETRIC_REPRESENTATION_CONTEXT() REPRESENTATION_CONTEXT('2D SPACE',''
  ) );
#2364 = FACE_BOUND('',#2365,.T.);
#2365 = EDGE_LOOP('',(#2366));
#2366 = ORIENTED_EDGE('',*,*,#2367,.F.);
#2367 = EDGE_CURVE('',#2368,#2368,#2370,.T.);
#2368 = VERTEX_POINT('',#2369);
#2369 = CARTESIAN_POINT('',(88.25,31.,3.240747082702));
#2370 = SURFACE_CURVE('',#2371,(#2423,#2478),.PCURVE_S1.);
#2371 = B_SPLINE_CURVE_WITH_KNOTS('',8,(#2372,#2373,#2374,#2375,#2376,
    #2377,#2378,#2379,#2380,#2381,#2382,#2383,#2384,#2385,#2386,#2387,
    #2388,#2389,#2390,#2391,#2392,#2393,#2394,#2395,#2396,#2397,#2398,
    #2399,#2400,#2401,#2402,#2403,#2404,#2405,#2406,#2407,#2408,#2409,
    #2410,#2411,#2412,#2413,#2414,#2415,#2416,#2417,#2418,#2419,#2420,
    #2421,#2422),.UNSPECIFIED.,.T.,.F.,(9,7,7,7,7,7,7,9),(0.,
    0.158132968349,0.307818159926,0.418772008891,0.539868877263,
    0.675222805649,0.801217465765,1.),.UNSPECIFIED.);
#2372 = CARTESIAN_POINT('',(88.25,31.,3.240747082702));
#2373 = CARTESIAN_POINT('',(88.25,31.12484774493,3.240747082702));
#2374 = CARTESIAN_POINT('',(88.235749567163,31.249589459346,
    3.233894806266));
#2375 = CARTESIAN_POINT('',(88.207288734539,31.372784781225,
    3.220211066645));
#2376 = CARTESIAN_POINT('',(88.16467477126,31.492981598466,
    3.199928061977));
#2377 = CARTESIAN_POINT('',(88.107990670354,31.60866055742,
    3.173497938539));
#2378 = CARTESIAN_POINT('',(88.037381218978,31.718179142147,
    3.141587559011));
#2379 = CARTESIAN_POINT('',(87.953116651069,31.819715324392,
    3.105059475715));
#2380 = CARTESIAN_POINT('',(87.76345616548,31.997818375244,
    3.026962051579));
#2381 = CARTESIAN_POINT('',(87.658004609011,32.076768209949,
    2.985179431034));
#2382 = CARTESIAN_POINT('',(87.540270184864,32.144732396559,
    2.94076380025));
#2383 = CARTESIAN_POINT('',(87.411942997942,32.19888587742,
    2.895234383877));
#2384 = CARTESIAN_POINT('',(87.275273934072,32.23693867545,
    2.850173788445));
#2385 = CARTESIAN_POINT('',(87.132934941372,32.257160873113,
    2.80698052178));
#2386 = CARTESIAN_POINT('',(86.98790182786,32.258406608945,
    2.766709600446));
#2387 = CARTESIAN_POINT('',(86.736172442979,32.226605792216,
    2.702882280801));
#2388 = CARTESIAN_POINT('',(86.630375990618,32.202488905937,
    2.677978231057));
#2389 = CARTESIAN_POINT('',(86.527147040632,32.167955205794,
    2.655532455944));
#2390 = CARTESIAN_POINT('',(86.427662018568,32.123324225656,
    2.63561559683));
#2391 = CARTESIAN_POINT('',(86.333057091025,32.069072194149,
    2.618192626756));
#2392 = CARTESIAN_POINT('',(86.244407177961,32.005831281999,
    2.603144396079));
#2393 = CARTESIAN_POINT('',(86.162697722142,31.934388447826,
    2.590295952369));
#2394 = CARTESIAN_POINT('',(86.00812424775,31.769784416216,
    2.567615966515));
#2395 = CARTESIAN_POINT('',(85.936739967884,31.675221807553,
    2.558165306193));
#2396 = CARTESIAN_POINT('',(85.8757010805,31.573152753955,2.550839050363
    ));
#2397 = CARTESIAN_POINT('',(85.825907613359,31.464883693859,
    2.545345119155));
#2398 = CARTESIAN_POINT('',(85.788070109528,31.351855166465,
    2.541419767701));
#2399 = CARTESIAN_POINT('',(85.762683548999,31.235615412983,
    2.538869376672));
#2400 = CARTESIAN_POINT('',(85.75,31.117783219293,2.5375942217));
#2401 = CARTESIAN_POINT('',(85.75,30.868349845511,2.5375942217));
#2402 = CARTESIAN_POINT('',(85.76584584978,30.736499684712,2.53918685019
    ));
#2403 = CARTESIAN_POINT('',(85.797623771421,30.605917881164,
    2.542380410947));
#2404 = CARTESIAN_POINT('',(85.845548460016,30.478183388403,
    2.547387727936));
#2405 = CARTESIAN_POINT('',(85.909888497864,30.355085399981,
    2.554620473973));
#2406 = CARTESIAN_POINT('',(85.990896005087,30.238714161466,
    2.564712845546));
#2407 = CARTESIAN_POINT('',(86.088712133786,30.131587602443,
    2.578533545739));
#2408 = CARTESIAN_POINT('',(86.309810057675,29.948679492697,
    2.614469606644));
#2409 = CARTESIAN_POINT('',(86.432302788609,29.870051991675,
    2.63617981529));
#2410 = CARTESIAN_POINT('',(86.568512142213,29.806330063494,
    2.662873734972));
#2411 = CARTESIAN_POINT('',(86.714872028703,29.761306164684,
    2.694951722958));
#2412 = CARTESIAN_POINT('',(86.866983209973,29.737213538128,
    2.732342994299));
#2413 = CARTESIAN_POINT('',(87.020076487583,29.734733625683,
    2.774244425139));
#2414 = CARTESIAN_POINT('',(87.169440491315,29.752960084577,
    2.819079030447));
#2415 = CARTESIAN_POINT('',(87.533984491434,29.846559075242,
    2.937144485856));
#2416 = CARTESIAN_POINT('',(87.733860239747,29.947967963771,
    3.010689214099));
#2417 = CARTESIAN_POINT('',(87.904281761474,30.083128359888,
    3.080647498643));
#2418 = CARTESIAN_POINT('',(88.042197867365,30.243465621617,
    3.142050171929));
#2419 = CARTESIAN_POINT('',(88.146080051659,30.421481462155,
    3.190780942316));
#2420 = CARTESIAN_POINT('',(88.215402506169,30.610738577734,
    3.224111636808));
#2421 = CARTESIAN_POINT('',(88.25,30.805473032298,3.240747082702));
#2422 = CARTESIAN_POINT('',(88.25,31.,3.240747082702));
#2423 = PCURVE('',#365,#2424);
#2424 = DEFINITIONAL_REPRESENTATION('',(#2425),#2477);
#2425 = B_SPLINE_CURVE_WITH_KNOTS('',8,(#2426,#2427,#2428,#2429,#2430,
    #2431,#2432,#2433,#2434,#2435,#2436,#2437,#2438,#2439,#2440,#2441,
    #2442,#2443,#2444,#2445,#2446,#2447,#2448,#2449,#2450,#2451,#2452,
    #2453,#2454,#2455,#2456,#2457,#2458,#2459,#2460,#2461,#2462,#2463,
    #2464,#2465,#2466,#2467,#2468,#2469,#2470,#2471,#2472,#2473,#2474,
    #2475,#2476),.UNSPECIFIED.,.T.,.F.,(9,7,7,7,7,7,7,9),(0.,
    0.158132968349,0.307818159926,0.418772008891,0.539868877263,
    0.675222805649,0.801217465765,1.),.UNSPECIFIED.);
#2426 = CARTESIAN_POINT('',(-1.122608190815,-32.));
#2427 = CARTESIAN_POINT('',(-1.122608190815,-32.12484774493));
#2428 = CARTESIAN_POINT('',(-1.124716467461,-32.24958945934));
#2429 = CARTESIAN_POINT('',(-1.12892713421,-32.37278478122));
#2430 = CARTESIAN_POINT('',(-1.13521970116,-32.49298159846));
#2431 = CARTESIAN_POINT('',(-1.143558117046,-32.60866055742));
#2432 = CARTESIAN_POINT('',(-1.1538878889,-32.71817914214));
#2433 = CARTESIAN_POINT('',(-1.166131279414,-32.81971532439));
#2434 = CARTESIAN_POINT('',(-1.193479342908,-32.99781837524));
#2435 = CARTESIAN_POINT('',(-1.208601650576,-33.07676820994));
#2436 = CARTESIAN_POINT('',(-1.225375672739,-33.14473239655));
#2437 = CARTESIAN_POINT('',(-1.243523273307,-33.19888587742));
#2438 = CARTESIAN_POINT('',(-1.262700508827,-33.23693867545));
#2439 = CARTESIAN_POINT('',(-1.282524253784,-33.25716087311));
#2440 = CARTESIAN_POINT('',(-1.302588554138,-33.25840660894));
#2441 = CARTESIAN_POINT('',(-1.337214584153,-33.22660579221));
#2442 = CARTESIAN_POINT('',(-1.351704206199,-33.20248890593));
#2443 = CARTESIAN_POINT('',(-1.365786300347,-33.16795520579));
#2444 = CARTESIAN_POINT('',(-1.379310733299,-33.12332422565));
#2445 = CARTESIAN_POINT('',(-1.392134208458,-33.06907219414));
#2446 = CARTESIAN_POINT('',(-1.404121759462,-33.00583128199));
#2447 = CARTESIAN_POINT('',(-1.415149641522,-32.93438844782));
#2448 = CARTESIAN_POINT('',(-1.435980106709,-32.76978441621));
#2449 = CARTESIAN_POINT('',(-1.445580084849,-32.67522180755));
#2450 = CARTESIAN_POINT('',(-1.453776223907,-32.57315275395));
#2451 = CARTESIAN_POINT('',(-1.460455269326,-32.46488369385));
#2452 = CARTESIAN_POINT('',(-1.465527294309,-32.35185516646));
#2453 = CARTESIAN_POINT('',(-1.468929263001,-32.23561541298));
#2454 = CARTESIAN_POINT('',(-1.470628905633,-32.11778321929));
#2455 = CARTESIAN_POINT('',(-1.470628905633,-31.86834984551));
#2456 = CARTESIAN_POINT('',(-1.468505478731,-31.73649968471));
#2457 = CARTESIAN_POINT('',(-1.46424708876,-31.60591788116));
#2458 = CARTESIAN_POINT('',(-1.457822385401,-31.4781833884));
#2459 = CARTESIAN_POINT('',(-1.449190274652,-31.35508539998));
#2460 = CARTESIAN_POINT('',(-1.438307639619,-31.23871416146));
#2461 = CARTESIAN_POINT('',(-1.425138790186,-31.13158760244));
#2462 = CARTESIAN_POINT('',(-1.395272215061,-30.94867949269));
#2463 = CARTESIAN_POINT('',(-1.378687060505,-30.87005199167));
#2464 = CARTESIAN_POINT('',(-1.360185262479,-30.80633006349));
#2465 = CARTESIAN_POINT('',(-1.340218226228,-30.76130616468));
#2466 = CARTESIAN_POINT('',(-1.319346537594,-30.73721353812));
#2467 = CARTESIAN_POINT('',(-1.298194142693,-30.73473362568));
#2468 = CARTESIAN_POINT('',(-1.277405883673,-30.75296008457));
#2469 = CARTESIAN_POINT('',(-1.226314370173,-30.84655907524));
#2470 = CARTESIAN_POINT('',(-1.197939451961,-30.94796796377));
#2471 = CARTESIAN_POINT('',(-1.173401476364,-31.08312835988));
#2472 = CARTESIAN_POINT('',(-1.153281114878,-31.24346562161));
#2473 = CARTESIAN_POINT('',(-1.137982610721,-31.42148146215));
#2474 = CARTESIAN_POINT('',(-1.127726740694,-31.61073857773));
#2475 = CARTESIAN_POINT('',(-1.122608190815,-31.80547303229));
#2476 = CARTESIAN_POINT('',(-1.122608190815,-32.));
#2477 = ( GEOMETRIC_REPRESENTATION_CONTEXT(2) 
PARAMETRIC_REPRESENTATION_CONTEXT() REPRESENTATION_CONTEXT('2D SPACE',''
  ) );
#2478 = PCURVE('',#1333,#2479);
#2479 = DEFINITIONAL_REPRESENTATION('',(#2480),#2532);
#2480 = B_SPLINE_CURVE_WITH_KNOTS('',8,(#2481,#2482,#2483,#2484,#2485,
    #2486,#2487,#2488,#2489,#2490,#2491,#2492,#2493,#2494,#2495,#2496,
    #2497,#2498,#2499,#2500,#2501,#2502,#2503,#2504,#2505,#2506,#2507,
    #2508,#2509,#2510,#2511,#2512,#2513,#2514,#2515,#2516,#2517,#2518,
    #2519,#2520,#2521,#2522,#2523,#2524,#2525,#2526,#2527,#2528,#2529,
    #2530,#2531),.UNSPECIFIED.,.F.,.F.,(9,7,7,7,7,7,7,9),(0.,
    0.158132968349,0.307818159926,0.418772008891,0.539868877263,
    0.675222805649,0.801217465765,1.),.UNSPECIFIED.);
#2481 = CARTESIAN_POINT('',(0.,-3.240747082702));
#2482 = CARTESIAN_POINT('',(-9.987819594439E-02,-3.240747082702));
#2483 = CARTESIAN_POINT('',(-0.199671963469,-3.233894806266));
#2484 = CARTESIAN_POINT('',(-0.299745423537,-3.220211066645));
#2485 = CARTESIAN_POINT('',(-0.400447537684,-3.199928061977));
#2486 = CARTESIAN_POINT('',(-0.502125483481,-3.173497938539));
#2487 = CARTESIAN_POINT('',(-0.605140668503,-3.141587559011));
#2488 = CARTESIAN_POINT('',(-0.70988738281,-3.105059475715));
#2489 = CARTESIAN_POINT('',(-0.918028560309,-3.026962051579));
#2490 = CARTESIAN_POINT('',(-1.022761155663,-2.985179431034));
#2491 = CARTESIAN_POINT('',(-1.130220639727,-2.94076380025));
#2492 = CARTESIAN_POINT('',(-1.239916085471,-2.895234383877));
#2493 = CARTESIAN_POINT('',(-1.351539721932,-2.850173788445));
#2494 = CARTESIAN_POINT('',(-1.464899471662,-2.80698052178));
#2495 = CARTESIAN_POINT('',(-1.57988611694,-2.766709600446));
#2496 = CARTESIAN_POINT('',(-1.782870215086,-2.702882280801));
#2497 = CARTESIAN_POINT('',(-1.869257931336,-2.677978231057));
#2498 = CARTESIAN_POINT('',(-1.955636099693,-2.655532455944));
#2499 = CARTESIAN_POINT('',(-2.042018562726,-2.63561559683));
#2500 = CARTESIAN_POINT('',(-2.128415134875,-2.618192626756));
#2501 = CARTESIAN_POINT('',(-2.214826192428,-2.603144396079));
#2502 = CARTESIAN_POINT('',(-2.301236806172,-2.590295952369));
#2503 = CARTESIAN_POINT('',(-2.481880005804,-2.567615966515));
#2504 = CARTESIAN_POINT('',(-2.576119179185,-2.558165306193));
#2505 = CARTESIAN_POINT('',(-2.670347317587,-2.550839050363));
#2506 = CARTESIAN_POINT('',(-2.76458189151,-2.545345119155));
#2507 = CARTESIAN_POINT('',(-2.858833376995,-2.541419767701));
#2508 = CARTESIAN_POINT('',(-2.953100538396,-2.538869376672));
#2509 = CARTESIAN_POINT('',(-3.047366078155,-2.5375942217));
#2510 = CARTESIAN_POINT('',(-3.246912777181,-2.5375942217));
#2511 = CARTESIAN_POINT('',(-3.352392541725,-2.53918685019));
#2512 = CARTESIAN_POINT('',(-3.458639468258,-2.542380410947));
#2513 = CARTESIAN_POINT('',(-3.566188833034,-2.547387727936));
#2514 = CARTESIAN_POINT('',(-3.675590164782,-2.554620473973));
#2515 = CARTESIAN_POINT('',(-3.787425352783,-2.564712845546));
#2516 = CARTESIAN_POINT('',(-3.902348617635,-2.578533545739));
#2517 = CARTESIAN_POINT('',(-4.131907733937,-2.614469606644));
#2518 = CARTESIAN_POINT('',(-4.247509324701,-2.63617981529));
#2519 = CARTESIAN_POINT('',(-4.36602746768,-2.662873734972));
#2520 = CARTESIAN_POINT('',(-4.486180120787,-2.694951722958));
#2521 = CARTESIAN_POINT('',(-4.606982923272,-2.732342994299));
#2522 = CARTESIAN_POINT('',(-4.727546168273,-2.774244425139));
#2523 = CARTESIAN_POINT('',(-4.846909185348,-2.819079030447));
#2524 = CARTESIAN_POINT('',(-5.148003827293,-2.937144485856));
#2525 = CARTESIAN_POINT('',(-5.323057468746,-3.010689214098));
#2526 = CARTESIAN_POINT('',(-5.491531164876,-3.080647498644));
#2527 = CARTESIAN_POINT('',(-5.654924960424,-3.142050171929));
#2528 = CARTESIAN_POINT('',(-5.814631848896,-3.190780942316));
#2529 = CARTESIAN_POINT('',(-5.971775165569,-3.224111636808));
#2530 = CARTESIAN_POINT('',(-6.127563733018,-3.240747082702));
#2531 = CARTESIAN_POINT('',(-6.28318530718,-3.240747082702));
#2532 = ( GEOMETRIC_REPRESENTATION_CONTEXT(2) 
PARAMETRIC_REPRESENTATION_CONTEXT() REPRESENTATION_CONTEXT('2D SPACE',''
  ) );
#2533 = FACE_BOUND('',#2534,.T.);
#2534 = EDGE_LOOP('',(#2535));
#2535 = ORIENTED_EDGE('',*,*,#2536,.T.);
#2536 = EDGE_CURVE('',#2537,#2537,#2539,.T.);
#2537 = VERTEX_POINT('',#2538);
#2538 = CARTESIAN_POINT('',(88.25,31.,16.759252917298));
#2539 = SURFACE_CURVE('',#2540,(#2592,#2647),.PCURVE_S1.);
#2540 = B_SPLINE_CURVE_WITH_KNOTS('',8,(#2541,#2542,#2543,#2544,#2545,
    #2546,#2547,#2548,#2549,#2550,#2551,#2552,#2553,#2554,#2555,#2556,
    #2557,#2558,#2559,#2560,#2561,#2562,#2563,#2564,#2565,#2566,#2567,
    #2568,#2569,#2570,#2571,#2572,#2573,#2574,#2575,#2576,#2577,#2578,
    #2579,#2580,#2581,#2582,#2583,#2584,#2585,#2586,#2587,#2588,#2589,
    #2590,#2591),.UNSPECIFIED.,.T.,.F.,(9,7,7,7,7,7,7,9),(0.,
    0.158132968216,0.307818159815,0.418772008797,0.539868877187,
    0.675222805594,0.801217465729,1.),.UNSPECIFIED.);
#2541 = CARTESIAN_POINT('',(88.25,31.,16.759252917298));
#2542 = CARTESIAN_POINT('',(88.25,31.124847744796,16.759252917298));
#2543 = CARTESIAN_POINT('',(88.235749567189,31.249589459439,
    16.766105193724));
#2544 = CARTESIAN_POINT('',(88.207288734498,31.372784781341,
    16.779788933372));
#2545 = CARTESIAN_POINT('',(88.164674771218,31.492981598442,
    16.800071938041));
#2546 = CARTESIAN_POINT('',(88.10799067041,31.608660557308,
    16.826502061437));
#2547 = CARTESIAN_POINT('',(88.03738121906,31.71817914211,
    16.858412440955));
#2548 = CARTESIAN_POINT('',(87.953116650972,31.819715324483,
    16.894940524325));
#2549 = CARTESIAN_POINT('',(87.76345616548,31.997818375244,
    16.973037948421));
#2550 = CARTESIAN_POINT('',(87.658004609011,32.076768209949,
    17.014820568966));
#2551 = CARTESIAN_POINT('',(87.540270184865,32.144732396559,
    17.05923619975));
#2552 = CARTESIAN_POINT('',(87.411942997942,32.19888587742,
    17.104765616123));
#2553 = CARTESIAN_POINT('',(87.275273934071,32.23693867545,
    17.149826211555));
#2554 = CARTESIAN_POINT('',(87.132934941372,32.257160873113,
    17.19301947822));
#2555 = CARTESIAN_POINT('',(86.98790182786,32.258406608945,
    17.233290399554));
#2556 = CARTESIAN_POINT('',(86.736172442979,32.226605792216,
    17.297117719199));
#2557 = CARTESIAN_POINT('',(86.630375990618,32.202488905937,
    17.322021768943));
#2558 = CARTESIAN_POINT('',(86.527147040632,32.167955205794,
    17.344467544056));
#2559 = CARTESIAN_POINT('',(86.427662018568,32.123324225656,
    17.36438440317));
#2560 = CARTESIAN_POINT('',(86.333057091025,32.069072194149,
    17.381807373244));
#2561 = CARTESIAN_POINT('',(86.244407177961,32.005831281999,
    17.396855603921));
#2562 = CARTESIAN_POINT('',(86.162697722142,31.934388447826,
    17.409704047631));
#2563 = CARTESIAN_POINT('',(86.00812424775,31.769784416216,
    17.432384033485));
#2564 = CARTESIAN_POINT('',(85.936739967884,31.675221807553,
    17.441834693807));
#2565 = CARTESIAN_POINT('',(85.8757010805,31.573152753955,
    17.449160949637));
#2566 = CARTESIAN_POINT('',(85.825907613359,31.464883693859,
    17.454654880845));
#2567 = CARTESIAN_POINT('',(85.788070109528,31.351855166465,
    17.458580232299));
#2568 = CARTESIAN_POINT('',(85.762683548999,31.235615412983,
    17.461130623328));
#2569 = CARTESIAN_POINT('',(85.75,31.117783219293,17.4624057783));
#2570 = CARTESIAN_POINT('',(85.75,30.868349845511,17.4624057783));
#2571 = CARTESIAN_POINT('',(85.76584584978,30.736499684712,
    17.46081314981));
#2572 = CARTESIAN_POINT('',(85.797623771421,30.605917881164,
    17.457619589053));
#2573 = CARTESIAN_POINT('',(85.845548460016,30.478183388403,
    17.452612272064));
#2574 = CARTESIAN_POINT('',(85.909888497864,30.35508539998,
    17.445379526027));
#2575 = CARTESIAN_POINT('',(85.990896005087,30.238714161466,
    17.435287154454));
#2576 = CARTESIAN_POINT('',(86.088712133786,30.131587602443,
    17.421466454261));
#2577 = CARTESIAN_POINT('',(86.309810057675,29.948679492697,
    17.385530393356));
#2578 = CARTESIAN_POINT('',(86.432302788609,29.870051991675,
    17.36382018471));
#2579 = CARTESIAN_POINT('',(86.568512142213,29.806330063494,
    17.337126265028));
#2580 = CARTESIAN_POINT('',(86.714872028703,29.761306164684,
    17.305048277042));
#2581 = CARTESIAN_POINT('',(86.866983209972,29.737213538128,
    17.267657005701));
#2582 = CARTESIAN_POINT('',(87.020076487583,29.734733625683,
    17.225755574861));
#2583 = CARTESIAN_POINT('',(87.169440491315,29.752960084577,
    17.180920969553));
#2584 = CARTESIAN_POINT('',(87.533984491441,29.846559075243,
    17.062855514142));
#2585 = CARTESIAN_POINT('',(87.733860239745,29.947967963774,
    16.989310785902));
#2586 = CARTESIAN_POINT('',(87.904281761464,30.083128359882,
    16.91935250136));
#2587 = CARTESIAN_POINT('',(88.04219786737,30.243465621612,
    16.85794982807));
#2588 = CARTESIAN_POINT('',(88.146080051663,30.421481462162,
    16.80921905768));
#2589 = CARTESIAN_POINT('',(88.215402506167,30.610738577742,
    16.775888363193));
#2590 = CARTESIAN_POINT('',(88.25,30.805473032289,16.759252917298));
#2591 = CARTESIAN_POINT('',(88.25,31.,16.759252917298));
#2592 = PCURVE('',#365,#2593);
#2593 = DEFINITIONAL_REPRESENTATION('',(#2594),#2646);
#2594 = B_SPLINE_CURVE_WITH_KNOTS('',8,(#2595,#2596,#2597,#2598,#2599,
    #2600,#2601,#2602,#2603,#2604,#2605,#2606,#2607,#2608,#2609,#2610,
    #2611,#2612,#2613,#2614,#2615,#2616,#2617,#2618,#2619,#2620,#2621,
    #2622,#2623,#2624,#2625,#2626,#2627,#2628,#2629,#2630,#2631,#2632,
    #2633,#2634,#2635,#2636,#2637,#2638,#2639,#2640,#2641,#2642,#2643,
    #2644,#2645),.UNSPECIFIED.,.T.,.F.,(9,7,7,7,7,7,7,9),(0.,
    0.158132968216,0.307818159815,0.418772008797,0.539868877187,
    0.675222805594,0.801217465729,1.),.UNSPECIFIED.);
#2595 = CARTESIAN_POINT('',(-5.160577116364,-32.));
#2596 = CARTESIAN_POINT('',(-5.160577116364,-32.12484774479));
#2597 = CARTESIAN_POINT('',(-5.158468839722,-32.24958945943));
#2598 = CARTESIAN_POINT('',(-5.154258172964,-32.37278478134));
#2599 = CARTESIAN_POINT('',(-5.147965606013,-32.49298159844));
#2600 = CARTESIAN_POINT('',(-5.139627190142,-32.6086605573));
#2601 = CARTESIAN_POINT('',(-5.129297418291,-32.71817914211));
#2602 = CARTESIAN_POINT('',(-5.117054027752,-32.81971532448));
#2603 = CARTESIAN_POINT('',(-5.089705964271,-32.99781837524));
#2604 = CARTESIAN_POINT('',(-5.074583656603,-33.07676820994));
#2605 = CARTESIAN_POINT('',(-5.057809634441,-33.14473239655));
#2606 = CARTESIAN_POINT('',(-5.039662033873,-33.19888587742));
#2607 = CARTESIAN_POINT('',(-5.020484798353,-33.23693867545));
#2608 = CARTESIAN_POINT('',(-5.000661053396,-33.25716087311));
#2609 = CARTESIAN_POINT('',(-4.980596753042,-33.25840660894));
#2610 = CARTESIAN_POINT('',(-4.945970723027,-33.22660579221));
#2611 = CARTESIAN_POINT('',(-4.931481100981,-33.20248890593));
#2612 = CARTESIAN_POINT('',(-4.917399006833,-33.16795520579));
#2613 = CARTESIAN_POINT('',(-4.903874573881,-33.12332422565));
#2614 = CARTESIAN_POINT('',(-4.891051098721,-33.06907219414));
#2615 = CARTESIAN_POINT('',(-4.879063547718,-33.00583128199));
#2616 = CARTESIAN_POINT('',(-4.868035665657,-32.93438844782));
#2617 = CARTESIAN_POINT('',(-4.84720520047,-32.76978441621));
#2618 = CARTESIAN_POINT('',(-4.837605222331,-32.67522180755));
#2619 = CARTESIAN_POINT('',(-4.829409083272,-32.57315275395));
#2620 = CARTESIAN_POINT('',(-4.822730037853,-32.46488369385));
#2621 = CARTESIAN_POINT('',(-4.81765801287,-32.35185516646));
#2622 = CARTESIAN_POINT('',(-4.814256044178,-32.23561541298));
#2623 = CARTESIAN_POINT('',(-4.812556401546,-32.11778321929));
#2624 = CARTESIAN_POINT('',(-4.812556401546,-31.86834984551));
#2625 = CARTESIAN_POINT('',(-4.814679828449,-31.73649968471));
#2626 = CARTESIAN_POINT('',(-4.81893821842,-31.60591788116));
#2627 = CARTESIAN_POINT('',(-4.825362921779,-31.4781833884));
#2628 = CARTESIAN_POINT('',(-4.833995032528,-31.35508539998));
#2629 = CARTESIAN_POINT('',(-4.844877667561,-31.23871416146));
#2630 = CARTESIAN_POINT('',(-4.858046516993,-31.13158760244));
#2631 = CARTESIAN_POINT('',(-4.887913092119,-30.94867949269));
#2632 = CARTESIAN_POINT('',(-4.904498246675,-30.87005199167));
#2633 = CARTESIAN_POINT('',(-4.923000044701,-30.80633006349));
#2634 = CARTESIAN_POINT('',(-4.942967080952,-30.76130616468));
#2635 = CARTESIAN_POINT('',(-4.963838769586,-30.73721353812));
#2636 = CARTESIAN_POINT('',(-4.984991164486,-30.73473362568));
#2637 = CARTESIAN_POINT('',(-5.005779423506,-30.75296008457));
#2638 = CARTESIAN_POINT('',(-5.056870937007,-30.84655907524));
#2639 = CARTESIAN_POINT('',(-5.085245855218,-30.94796796377));
#2640 = CARTESIAN_POINT('',(-5.109783830815,-31.08312835988));
#2641 = CARTESIAN_POINT('',(-5.129904192302,-31.24346562161));
#2642 = CARTESIAN_POINT('',(-5.145202696459,-31.42148146216));
#2643 = CARTESIAN_POINT('',(-5.155458566486,-31.61073857774));
#2644 = CARTESIAN_POINT('',(-5.160577116364,-31.80547303228));
#2645 = CARTESIAN_POINT('',(-5.160577116364,-32.));
#2646 = ( GEOMETRIC_REPRESENTATION_CONTEXT(2) 
PARAMETRIC_REPRESENTATION_CONTEXT() REPRESENTATION_CONTEXT('2D SPACE',''
  ) );
#2647 = PCURVE('',#631,#2648);
#2648 = DEFINITIONAL_REPRESENTATION('',(#2649),#2701);
#2649 = B_SPLINE_CURVE_WITH_KNOTS('',8,(#2650,#2651,#2652,#2653,#2654,
    #2655,#2656,#2657,#2658,#2659,#2660,#2661,#2662,#2663,#2664,#2665,
    #2666,#2667,#2668,#2669,#2670,#2671,#2672,#2673,#2674,#2675,#2676,
    #2677,#2678,#2679,#2680,#2681,#2682,#2683,#2684,#2685,#2686,#2687,
    #2688,#2689,#2690,#2691,#2692,#2693,#2694,#2695,#2696,#2697,#2698,
    #2699,#2700),.UNSPECIFIED.,.F.,.F.,(9,7,7,7,7,7,7,9),(0.,
    0.158132968216,0.307818159815,0.418772008797,0.539868877187,
    0.675222805594,0.801217465729,1.),.UNSPECIFIED.);
#2650 = CARTESIAN_POINT('',(0.,-16.75925291729));
#2651 = CARTESIAN_POINT('',(-9.987819583681E-02,-16.75925291729));
#2652 = CARTESIAN_POINT('',(-0.199671963533,-16.76610519372));
#2653 = CARTESIAN_POINT('',(-0.299745423642,-16.77978893337));
#2654 = CARTESIAN_POINT('',(-0.400447537679,-16.80007193804));
#2655 = CARTESIAN_POINT('',(-0.502125483374,-16.82650206143));
#2656 = CARTESIAN_POINT('',(-0.605140668447,-16.85841244095));
#2657 = CARTESIAN_POINT('',(-0.709887382916,-16.89494052432));
#2658 = CARTESIAN_POINT('',(-0.918028560309,-16.97303794842));
#2659 = CARTESIAN_POINT('',(-1.022761155663,-17.01482056896));
#2660 = CARTESIAN_POINT('',(-1.130220639727,-17.05923619975));
#2661 = CARTESIAN_POINT('',(-1.239916085471,-17.10476561612));
#2662 = CARTESIAN_POINT('',(-1.351539721932,-17.14982621155));
#2663 = CARTESIAN_POINT('',(-1.464899471662,-17.19301947822));
#2664 = CARTESIAN_POINT('',(-1.57988611694,-17.23329039955));
#2665 = CARTESIAN_POINT('',(-1.782870215086,-17.29711771919));
#2666 = CARTESIAN_POINT('',(-1.869257931336,-17.32202176894));
#2667 = CARTESIAN_POINT('',(-1.955636099693,-17.34446754405));
#2668 = CARTESIAN_POINT('',(-2.042018562726,-17.36438440317));
#2669 = CARTESIAN_POINT('',(-2.128415134875,-17.38180737324));
#2670 = CARTESIAN_POINT('',(-2.214826192428,-17.39685560392));
#2671 = CARTESIAN_POINT('',(-2.301236806172,-17.40970404763));
#2672 = CARTESIAN_POINT('',(-2.481880005804,-17.43238403348));
#2673 = CARTESIAN_POINT('',(-2.576119179185,-17.4418346938));
#2674 = CARTESIAN_POINT('',(-2.670347317587,-17.44916094963));
#2675 = CARTESIAN_POINT('',(-2.76458189151,-17.45465488084));
#2676 = CARTESIAN_POINT('',(-2.858833376995,-17.45858023229));
#2677 = CARTESIAN_POINT('',(-2.953100538396,-17.46113062332));
#2678 = CARTESIAN_POINT('',(-3.047366078155,-17.4624057783));
#2679 = CARTESIAN_POINT('',(-3.246912777181,-17.4624057783));
#2680 = CARTESIAN_POINT('',(-3.352392541725,-17.46081314981));
#2681 = CARTESIAN_POINT('',(-3.458639468258,-17.45761958905));
#2682 = CARTESIAN_POINT('',(-3.566188833034,-17.45261227206));
#2683 = CARTESIAN_POINT('',(-3.675590164782,-17.44537952602));
#2684 = CARTESIAN_POINT('',(-3.787425352783,-17.43528715445));
#2685 = CARTESIAN_POINT('',(-3.902348617635,-17.42146645426));
#2686 = CARTESIAN_POINT('',(-4.131907733937,-17.38553039335));
#2687 = CARTESIAN_POINT('',(-4.247509324701,-17.36382018471));
#2688 = CARTESIAN_POINT('',(-4.36602746768,-17.33712626502));
#2689 = CARTESIAN_POINT('',(-4.486180120787,-17.30504827704));
#2690 = CARTESIAN_POINT('',(-4.606982923272,-17.2676570057));
#2691 = CARTESIAN_POINT('',(-4.727546168273,-17.22575557486));
#2692 = CARTESIAN_POINT('',(-4.846909185347,-17.18092096955));
#2693 = CARTESIAN_POINT('',(-5.148003827299,-17.06285551414));
#2694 = CARTESIAN_POINT('',(-5.323057468744,-16.9893107859));
#2695 = CARTESIAN_POINT('',(-5.491531164869,-16.91935250136));
#2696 = CARTESIAN_POINT('',(-5.654924960423,-16.85794982807));
#2697 = CARTESIAN_POINT('',(-5.814631848901,-16.80921905768));
#2698 = CARTESIAN_POINT('',(-5.971775165575,-16.77588836319));
#2699 = CARTESIAN_POINT('',(-6.127563733011,-16.75925291729));
#2700 = CARTESIAN_POINT('',(-6.28318530718,-16.75925291729));
#2701 = ( GEOMETRIC_REPRESENTATION_CONTEXT(2) 
PARAMETRIC_REPRESENTATION_CONTEXT() REPRESENTATION_CONTEXT('2D SPACE',''
  ) );
#2702 = ADVANCED_FACE('',(#2703),#396,.F.);
#2703 = FACE_BOUND('',#2704,.T.);
#2704 = EDGE_LOOP('',(#2705,#2728,#2755,#2756));
#2705 = ORIENTED_EDGE('',*,*,#2706,.T.);
#2706 = EDGE_CURVE('',#380,#2707,#2709,.T.);
#2707 = VERTEX_POINT('',#2708);
#2708 = CARTESIAN_POINT('',(104.25,8.,17.));
#2709 = SEAM_CURVE('',#2710,(#2714,#2721),.PCURVE_S1.);
#2710 = LINE('',#2711,#2712);
#2711 = CARTESIAN_POINT('',(104.25,0.,17.));
#2712 = VECTOR('',#2713,1.);
#2713 = DIRECTION('',(0.,1.,1.110223024625E-16));
#2714 = PCURVE('',#396,#2715);
#2715 = DEFINITIONAL_REPRESENTATION('',(#2716),#2720);
#2716 = LINE('',#2717,#2718);
#2717 = CARTESIAN_POINT('',(-0.,0.));
#2718 = VECTOR('',#2719,1.);
#2719 = DIRECTION('',(-0.,-1.));
#2720 = ( GEOMETRIC_REPRESENTATION_CONTEXT(2) 
PARAMETRIC_REPRESENTATION_CONTEXT() REPRESENTATION_CONTEXT('2D SPACE',''
  ) );
#2721 = PCURVE('',#396,#2722);
#2722 = DEFINITIONAL_REPRESENTATION('',(#2723),#2727);
#2723 = LINE('',#2724,#2725);
#2724 = CARTESIAN_POINT('',(-6.28318530718,0.));
#2725 = VECTOR('',#2726,1.);
#2726 = DIRECTION('',(-0.,-1.));
#2727 = ( GEOMETRIC_REPRESENTATION_CONTEXT(2) 
PARAMETRIC_REPRESENTATION_CONTEXT() REPRESENTATION_CONTEXT('2D SPACE',''
  ) );
#2728 = ORIENTED_EDGE('',*,*,#2729,.T.);
#2729 = EDGE_CURVE('',#2707,#2707,#2730,.T.);
#2730 = SURFACE_CURVE('',#2731,(#2736,#2743),.PCURVE_S1.);
#2731 = CIRCLE('',#2732,1.25);
#2732 = AXIS2_PLACEMENT_3D('',#2733,#2734,#2735);
#2733 = CARTESIAN_POINT('',(103.,8.,17.));
#2734 = DIRECTION('',(-0.,1.,1.110223024625E-16));
#2735 = DIRECTION('',(1.,0.,0.));
#2736 = PCURVE('',#396,#2737);
#2737 = DEFINITIONAL_REPRESENTATION('',(#2738),#2742);
#2738 = LINE('',#2739,#2740);
#2739 = CARTESIAN_POINT('',(-0.,-8.));
#2740 = VECTOR('',#2741,1.);
#2741 = DIRECTION('',(-1.,0.));
#2742 = ( GEOMETRIC_REPRESENTATION_CONTEXT(2) 
PARAMETRIC_REPRESENTATION_CONTEXT() REPRESENTATION_CONTEXT('2D SPACE',''
  ) );
#2743 = PCURVE('',#2744,#2749);
#2744 = PLANE('',#2745);
#2745 = AXIS2_PLACEMENT_3D('',#2746,#2747,#2748);
#2746 = CARTESIAN_POINT('',(103.,8.,17.));
#2747 = DIRECTION('',(0.,1.,1.110223024625E-16));
#2748 = DIRECTION('',(1.,0.,0.));
#2749 = DEFINITIONAL_REPRESENTATION('',(#2750),#2754);
#2750 = CIRCLE('',#2751,1.25);
#2751 = AXIS2_PLACEMENT_2D('',#2752,#2753);
#2752 = CARTESIAN_POINT('',(0.,0.));
#2753 = DIRECTION('',(1.,0.));
#2754 = ( GEOMETRIC_REPRESENTATION_CONTEXT(2) 
PARAMETRIC_REPRESENTATION_CONTEXT() REPRESENTATION_CONTEXT('2D SPACE',''
  ) );
#2755 = ORIENTED_EDGE('',*,*,#2706,.F.);
#2756 = ORIENTED_EDGE('',*,*,#379,.F.);
#2757 = ADVANCED_FACE('',(#2758),#476,.F.);
#2758 = FACE_BOUND('',#2759,.T.);
#2759 = EDGE_LOOP('',(#2760,#2783,#2784,#2785));
#2760 = ORIENTED_EDGE('',*,*,#2761,.T.);
#2761 = EDGE_CURVE('',#2762,#460,#2764,.T.);
#2762 = VERTEX_POINT('',#2763);
#2763 = CARTESIAN_POINT('',(11.65,12.,15.));
#2764 = SEAM_CURVE('',#2765,(#2769,#2776),.PCURVE_S1.);
#2765 = LINE('',#2766,#2767);
#2766 = CARTESIAN_POINT('',(11.65,12.,15.));
#2767 = VECTOR('',#2768,1.);
#2768 = DIRECTION('',(0.,0.,1.));
#2769 = PCURVE('',#476,#2770);
#2770 = DEFINITIONAL_REPRESENTATION('',(#2771),#2775);
#2771 = LINE('',#2772,#2773);
#2772 = CARTESIAN_POINT('',(-0.,0.));
#2773 = VECTOR('',#2774,1.);
#2774 = DIRECTION('',(-0.,-1.));
#2775 = ( GEOMETRIC_REPRESENTATION_CONTEXT(2) 
PARAMETRIC_REPRESENTATION_CONTEXT() REPRESENTATION_CONTEXT('2D SPACE',''
  ) );
#2776 = PCURVE('',#476,#2777);
#2777 = DEFINITIONAL_REPRESENTATION('',(#2778),#2782);
#2778 = LINE('',#2779,#2780);
#2779 = CARTESIAN_POINT('',(-6.28318530718,0.));
#2780 = VECTOR('',#2781,1.);
#2781 = DIRECTION('',(-0.,-1.));
#2782 = ( GEOMETRIC_REPRESENTATION_CONTEXT(2) 
PARAMETRIC_REPRESENTATION_CONTEXT() REPRESENTATION_CONTEXT('2D SPACE',''
  ) );
#2783 = ORIENTED_EDGE('',*,*,#459,.T.);
#2784 = ORIENTED_EDGE('',*,*,#2761,.F.);
#2785 = ORIENTED_EDGE('',*,*,#2786,.F.);
#2786 = EDGE_CURVE('',#2762,#2762,#2787,.T.);
#2787 = SURFACE_CURVE('',#2788,(#2793,#2800),.PCURVE_S1.);
#2788 = CIRCLE('',#2789,1.65);
#2789 = AXIS2_PLACEMENT_3D('',#2790,#2791,#2792);
#2790 = CARTESIAN_POINT('',(10.,12.,15.));
#2791 = DIRECTION('',(0.,0.,1.));
#2792 = DIRECTION('',(1.,0.,0.));
#2793 = PCURVE('',#476,#2794);
#2794 = DEFINITIONAL_REPRESENTATION('',(#2795),#2799);
#2795 = LINE('',#2796,#2797);
#2796 = CARTESIAN_POINT('',(-0.,0.));
#2797 = VECTOR('',#2798,1.);
#2798 = DIRECTION('',(-1.,0.));
#2799 = ( GEOMETRIC_REPRESENTATION_CONTEXT(2) 
PARAMETRIC_REPRESENTATION_CONTEXT() REPRESENTATION_CONTEXT('2D SPACE',''
  ) );
#2800 = PCURVE('',#2801,#2806);
#2801 = PLANE('',#2802);
#2802 = AXIS2_PLACEMENT_3D('',#2803,#2804,#2805);
#2803 = CARTESIAN_POINT('',(10.,12.,15.));
#2804 = DIRECTION('',(0.,0.,1.));
#2805 = DIRECTION('',(1.,0.,-0.));
#2806 = DEFINITIONAL_REPRESENTATION('',(#2807),#2811);
#2807 = CIRCLE('',#2808,1.65);
#2808 = AXIS2_PLACEMENT_2D('',#2809,#2810);
#2809 = CARTESIAN_POINT('',(0.,0.));
#2810 = DIRECTION('',(1.,0.));
#2811 = ( GEOMETRIC_REPRESENTATION_CONTEXT(2) 
PARAMETRIC_REPRESENTATION_CONTEXT() REPRESENTATION_CONTEXT('2D SPACE',''
  ) );
#2812 = ADVANCED_FACE('',(#2813),#507,.F.);
#2813 = FACE_BOUND('',#2814,.T.);
#2814 = EDGE_LOOP('',(#2815,#2836,#2837,#2838));
#2815 = ORIENTED_EDGE('',*,*,#2816,.T.);
#2816 = EDGE_CURVE('',#1154,#491,#2817,.T.);
#2817 = SEAM_CURVE('',#2818,(#2822,#2829),.PCURVE_S1.);
#2818 = LINE('',#2819,#2820);
#2819 = CARTESIAN_POINT('',(4.25,31.,0.));
#2820 = VECTOR('',#2821,1.);
#2821 = DIRECTION('',(0.,0.,1.));
#2822 = PCURVE('',#507,#2823);
#2823 = DEFINITIONAL_REPRESENTATION('',(#2824),#2828);
#2824 = LINE('',#2825,#2826);
#2825 = CARTESIAN_POINT('',(-0.,0.));
#2826 = VECTOR('',#2827,1.);
#2827 = DIRECTION('',(-0.,-1.));
#2828 = ( GEOMETRIC_REPRESENTATION_CONTEXT(2) 
PARAMETRIC_REPRESENTATION_CONTEXT() REPRESENTATION_CONTEXT('2D SPACE',''
  ) );
#2829 = PCURVE('',#507,#2830);
#2830 = DEFINITIONAL_REPRESENTATION('',(#2831),#2835);
#2831 = LINE('',#2832,#2833);
#2832 = CARTESIAN_POINT('',(-6.28318530718,0.));
#2833 = VECTOR('',#2834,1.);
#2834 = DIRECTION('',(-0.,-1.));
#2835 = ( GEOMETRIC_REPRESENTATION_CONTEXT(2) 
PARAMETRIC_REPRESENTATION_CONTEXT() REPRESENTATION_CONTEXT('2D SPACE',''
  ) );
#2836 = ORIENTED_EDGE('',*,*,#490,.T.);
#2837 = ORIENTED_EDGE('',*,*,#2816,.F.);
#2838 = ORIENTED_EDGE('',*,*,#1153,.F.);
#2839 = ADVANCED_FACE('',(#2840),#538,.F.);
#2840 = FACE_BOUND('',#2841,.T.);
#2841 = EDGE_LOOP('',(#2842,#2843,#2864,#2865));
#2842 = ORIENTED_EDGE('',*,*,#1662,.F.);
#2843 = ORIENTED_EDGE('',*,*,#2844,.T.);
#2844 = EDGE_CURVE('',#1663,#522,#2845,.T.);
#2845 = SEAM_CURVE('',#2846,(#2850,#2857),.PCURVE_S1.);
#2846 = LINE('',#2847,#2848);
#2847 = CARTESIAN_POINT('',(24.25,31.,0.));
#2848 = VECTOR('',#2849,1.);
#2849 = DIRECTION('',(0.,0.,1.));
#2850 = PCURVE('',#538,#2851);
#2851 = DEFINITIONAL_REPRESENTATION('',(#2852),#2856);
#2852 = LINE('',#2853,#2854);
#2853 = CARTESIAN_POINT('',(-6.28318530718,0.));
#2854 = VECTOR('',#2855,1.);
#2855 = DIRECTION('',(-0.,-1.));
#2856 = ( GEOMETRIC_REPRESENTATION_CONTEXT(2) 
PARAMETRIC_REPRESENTATION_CONTEXT() REPRESENTATION_CONTEXT('2D SPACE',''
  ) );
#2857 = PCURVE('',#538,#2858);
#2858 = DEFINITIONAL_REPRESENTATION('',(#2859),#2863);
#2859 = LINE('',#2860,#2861);
#2860 = CARTESIAN_POINT('',(-0.,0.));
#2861 = VECTOR('',#2862,1.);
#2862 = DIRECTION('',(-0.,-1.));
#2863 = ( GEOMETRIC_REPRESENTATION_CONTEXT(2) 
PARAMETRIC_REPRESENTATION_CONTEXT() REPRESENTATION_CONTEXT('2D SPACE',''
  ) );
#2864 = ORIENTED_EDGE('',*,*,#521,.T.);
#2865 = ORIENTED_EDGE('',*,*,#2844,.F.);
#2866 = ADVANCED_FACE('',(#2867),#569,.F.);
#2867 = FACE_BOUND('',#2868,.T.);
#2868 = EDGE_LOOP('',(#2869,#2892,#2893,#2894));
#2869 = ORIENTED_EDGE('',*,*,#2870,.T.);
#2870 = EDGE_CURVE('',#2871,#553,#2873,.T.);
#2871 = VERTEX_POINT('',#2872);
#2872 = CARTESIAN_POINT('',(56.65,12.,15.8));
#2873 = SEAM_CURVE('',#2874,(#2878,#2885),.PCURVE_S1.);
#2874 = LINE('',#2875,#2876);
#2875 = CARTESIAN_POINT('',(56.65,12.,15.8));
#2876 = VECTOR('',#2877,1.);
#2877 = DIRECTION('',(0.,0.,1.));
#2878 = PCURVE('',#569,#2879);
#2879 = DEFINITIONAL_REPRESENTATION('',(#2880),#2884);
#2880 = LINE('',#2881,#2882);
#2881 = CARTESIAN_POINT('',(-0.,0.));
#2882 = VECTOR('',#2883,1.);
#2883 = DIRECTION('',(-0.,-1.));
#2884 = ( GEOMETRIC_REPRESENTATION_CONTEXT(2) 
PARAMETRIC_REPRESENTATION_CONTEXT() REPRESENTATION_CONTEXT('2D SPACE',''
  ) );
#2885 = PCURVE('',#569,#2886);
#2886 = DEFINITIONAL_REPRESENTATION('',(#2887),#2891);
#2887 = LINE('',#2888,#2889);
#2888 = CARTESIAN_POINT('',(-6.28318530718,0.));
#2889 = VECTOR('',#2890,1.);
#2890 = DIRECTION('',(-0.,-1.));
#2891 = ( GEOMETRIC_REPRESENTATION_CONTEXT(2) 
PARAMETRIC_REPRESENTATION_CONTEXT() REPRESENTATION_CONTEXT('2D SPACE',''
  ) );
#2892 = ORIENTED_EDGE('',*,*,#552,.T.);
#2893 = ORIENTED_EDGE('',*,*,#2870,.F.);
#2894 = ORIENTED_EDGE('',*,*,#2895,.F.);
#2895 = EDGE_CURVE('',#2871,#2871,#2896,.T.);
#2896 = SURFACE_CURVE('',#2897,(#2902,#2909),.PCURVE_S1.);
#2897 = CIRCLE('',#2898,1.65);
#2898 = AXIS2_PLACEMENT_3D('',#2899,#2900,#2901);
#2899 = CARTESIAN_POINT('',(55.,12.,15.8));
#2900 = DIRECTION('',(0.,0.,1.));
#2901 = DIRECTION('',(1.,0.,0.));
#2902 = PCURVE('',#569,#2903);
#2903 = DEFINITIONAL_REPRESENTATION('',(#2904),#2908);
#2904 = LINE('',#2905,#2906);
#2905 = CARTESIAN_POINT('',(-0.,0.));
#2906 = VECTOR('',#2907,1.);
#2907 = DIRECTION('',(-1.,0.));
#2908 = ( GEOMETRIC_REPRESENTATION_CONTEXT(2) 
PARAMETRIC_REPRESENTATION_CONTEXT() REPRESENTATION_CONTEXT('2D SPACE',''
  ) );
#2909 = PCURVE('',#2910,#2915);
#2910 = PLANE('',#2911);
#2911 = AXIS2_PLACEMENT_3D('',#2912,#2913,#2914);
#2912 = CARTESIAN_POINT('',(55.,12.,15.8));
#2913 = DIRECTION('',(0.,0.,1.));
#2914 = DIRECTION('',(1.,0.,-0.));
#2915 = DEFINITIONAL_REPRESENTATION('',(#2916),#2920);
#2916 = CIRCLE('',#2917,1.65);
#2917 = AXIS2_PLACEMENT_2D('',#2918,#2919);
#2918 = CARTESIAN_POINT('',(0.,0.));
#2919 = DIRECTION('',(1.,0.));
#2920 = ( GEOMETRIC_REPRESENTATION_CONTEXT(2) 
PARAMETRIC_REPRESENTATION_CONTEXT() REPRESENTATION_CONTEXT('2D SPACE',''
  ) );
#2921 = ADVANCED_FACE('',(#2922),#600,.F.);
#2922 = FACE_BOUND('',#2923,.T.);
#2923 = EDGE_LOOP('',(#2924,#2947,#2948,#2949));
#2924 = ORIENTED_EDGE('',*,*,#2925,.T.);
#2925 = EDGE_CURVE('',#2926,#584,#2928,.T.);
#2926 = VERTEX_POINT('',#2927);
#2927 = CARTESIAN_POINT('',(101.65,12.,15.));
#2928 = SEAM_CURVE('',#2929,(#2933,#2940),.PCURVE_S1.);
#2929 = LINE('',#2930,#2931);
#2930 = CARTESIAN_POINT('',(101.65,12.,15.));
#2931 = VECTOR('',#2932,1.);
#2932 = DIRECTION('',(0.,0.,1.));
#2933 = PCURVE('',#600,#2934);
#2934 = DEFINITIONAL_REPRESENTATION('',(#2935),#2939);
#2935 = LINE('',#2936,#2937);
#2936 = CARTESIAN_POINT('',(-0.,0.));
#2937 = VECTOR('',#2938,1.);
#2938 = DIRECTION('',(-0.,-1.));
#2939 = ( GEOMETRIC_REPRESENTATION_CONTEXT(2) 
PARAMETRIC_REPRESENTATION_CONTEXT() REPRESENTATION_CONTEXT('2D SPACE',''
  ) );
#2940 = PCURVE('',#600,#2941);
#2941 = DEFINITIONAL_REPRESENTATION('',(#2942),#2946);
#2942 = LINE('',#2943,#2944);
#2943 = CARTESIAN_POINT('',(-6.28318530718,0.));
#2944 = VECTOR('',#2945,1.);
#2945 = DIRECTION('',(-0.,-1.));
#2946 = ( GEOMETRIC_REPRESENTATION_CONTEXT(2) 
PARAMETRIC_REPRESENTATION_CONTEXT() REPRESENTATION_CONTEXT('2D SPACE',''
  ) );
#2947 = ORIENTED_EDGE('',*,*,#583,.T.);
#2948 = ORIENTED_EDGE('',*,*,#2925,.F.);
#2949 = ORIENTED_EDGE('',*,*,#2950,.F.);
#2950 = EDGE_CURVE('',#2926,#2926,#2951,.T.);
#2951 = SURFACE_CURVE('',#2952,(#2957,#2964),.PCURVE_S1.);
#2952 = CIRCLE('',#2953,1.65);
#2953 = AXIS2_PLACEMENT_3D('',#2954,#2955,#2956);
#2954 = CARTESIAN_POINT('',(100.,12.,15.));
#2955 = DIRECTION('',(0.,0.,1.));
#2956 = DIRECTION('',(1.,0.,0.));
#2957 = PCURVE('',#600,#2958);
#2958 = DEFINITIONAL_REPRESENTATION('',(#2959),#2963);
#2959 = LINE('',#2960,#2961);
#2960 = CARTESIAN_POINT('',(-0.,0.));
#2961 = VECTOR('',#2962,1.);
#2962 = DIRECTION('',(-1.,0.));
#2963 = ( GEOMETRIC_REPRESENTATION_CONTEXT(2) 
PARAMETRIC_REPRESENTATION_CONTEXT() REPRESENTATION_CONTEXT('2D SPACE',''
  ) );
#2964 = PCURVE('',#2965,#2970);
#2965 = PLANE('',#2966);
#2966 = AXIS2_PLACEMENT_3D('',#2967,#2968,#2969);
#2967 = CARTESIAN_POINT('',(100.,12.,15.));
#2968 = DIRECTION('',(0.,0.,1.));
#2969 = DIRECTION('',(1.,0.,-0.));
#2970 = DEFINITIONAL_REPRESENTATION('',(#2971),#2975);
#2971 = CIRCLE('',#2972,1.65);
#2972 = AXIS2_PLACEMENT_2D('',#2973,#2974);
#2973 = CARTESIAN_POINT('',(0.,0.));
#2974 = DIRECTION('',(1.,0.));
#2975 = ( GEOMETRIC_REPRESENTATION_CONTEXT(2) 
PARAMETRIC_REPRESENTATION_CONTEXT() REPRESENTATION_CONTEXT('2D SPACE',''
  ) );
#2976 = ADVANCED_FACE('',(#2977),#631,.F.);
#2977 = FACE_BOUND('',#2978,.T.);
#2978 = EDGE_LOOP('',(#2979,#2980,#3001,#3002));
#2979 = ORIENTED_EDGE('',*,*,#2536,.F.);
#2980 = ORIENTED_EDGE('',*,*,#2981,.T.);
#2981 = EDGE_CURVE('',#2537,#615,#2982,.T.);
#2982 = SEAM_CURVE('',#2983,(#2987,#2994),.PCURVE_S1.);
#2983 = LINE('',#2984,#2985);
#2984 = CARTESIAN_POINT('',(88.25,31.,0.));
#2985 = VECTOR('',#2986,1.);
#2986 = DIRECTION('',(0.,0.,1.));
#2987 = PCURVE('',#631,#2988);
#2988 = DEFINITIONAL_REPRESENTATION('',(#2989),#2993);
#2989 = LINE('',#2990,#2991);
#2990 = CARTESIAN_POINT('',(-6.28318530718,0.));
#2991 = VECTOR('',#2992,1.);
#2992 = DIRECTION('',(-0.,-1.));
#2993 = ( GEOMETRIC_REPRESENTATION_CONTEXT(2) 
PARAMETRIC_REPRESENTATION_CONTEXT() REPRESENTATION_CONTEXT('2D SPACE',''
  ) );
#2994 = PCURVE('',#631,#2995);
#2995 = DEFINITIONAL_REPRESENTATION('',(#2996),#3000);
#2996 = LINE('',#2997,#2998);
#2997 = CARTESIAN_POINT('',(-0.,0.));
#2998 = VECTOR('',#2999,1.);
#2999 = DIRECTION('',(-0.,-1.));
#3000 = ( GEOMETRIC_REPRESENTATION_CONTEXT(2) 
PARAMETRIC_REPRESENTATION_CONTEXT() REPRESENTATION_CONTEXT('2D SPACE',''
  ) );
#3001 = ORIENTED_EDGE('',*,*,#614,.T.);
#3002 = ORIENTED_EDGE('',*,*,#2981,.F.);
#3003 = ADVANCED_FACE('',(#3004),#662,.F.);
#3004 = FACE_BOUND('',#3005,.T.);
#3005 = EDGE_LOOP('',(#3006,#3027,#3028,#3029));
#3006 = ORIENTED_EDGE('',*,*,#3007,.T.);
#3007 = EDGE_CURVE('',#1348,#646,#3008,.T.);
#3008 = SEAM_CURVE('',#3009,(#3013,#3020),.PCURVE_S1.);
#3009 = LINE('',#3010,#3011);
#3010 = CARTESIAN_POINT('',(108.25,31.,0.));
#3011 = VECTOR('',#3012,1.);
#3012 = DIRECTION('',(0.,0.,1.));
#3013 = PCURVE('',#662,#3014);
#3014 = DEFINITIONAL_REPRESENTATION('',(#3015),#3019);
#3015 = LINE('',#3016,#3017);
#3016 = CARTESIAN_POINT('',(-0.,0.));
#3017 = VECTOR('',#3018,1.);
#3018 = DIRECTION('',(-0.,-1.));
#3019 = ( GEOMETRIC_REPRESENTATION_CONTEXT(2) 
PARAMETRIC_REPRESENTATION_CONTEXT() REPRESENTATION_CONTEXT('2D SPACE',''
  ) );
#3020 = PCURVE('',#662,#3021);
#3021 = DEFINITIONAL_REPRESENTATION('',(#3022),#3026);
#3022 = LINE('',#3023,#3024);
#3023 = CARTESIAN_POINT('',(-6.28318530718,0.));
#3024 = VECTOR('',#3025,1.);
#3025 = DIRECTION('',(-0.,-1.));
#3026 = ( GEOMETRIC_REPRESENTATION_CONTEXT(2) 
PARAMETRIC_REPRESENTATION_CONTEXT() REPRESENTATION_CONTEXT('2D SPACE',''
  ) );
#3027 = ORIENTED_EDGE('',*,*,#645,.T.);
#3028 = ORIENTED_EDGE('',*,*,#3007,.F.);
#3029 = ORIENTED_EDGE('',*,*,#1347,.F.);
#3030 = ADVANCED_FACE('',(#3031),#693,.F.);
#3031 = FACE_BOUND('',#3032,.T.);
#3032 = EDGE_LOOP('',(#3033,#3056,#3057,#3058));
#3033 = ORIENTED_EDGE('',*,*,#3034,.T.);
#3034 = EDGE_CURVE('',#3035,#677,#3037,.T.);
#3035 = VERTEX_POINT('',#3036);
#3036 = CARTESIAN_POINT('',(18.65,60.,15.8));
#3037 = SEAM_CURVE('',#3038,(#3042,#3049),.PCURVE_S1.);
#3038 = LINE('',#3039,#3040);
#3039 = CARTESIAN_POINT('',(18.65,60.,15.8));
#3040 = VECTOR('',#3041,1.);
#3041 = DIRECTION('',(0.,0.,1.));
#3042 = PCURVE('',#693,#3043);
#3043 = DEFINITIONAL_REPRESENTATION('',(#3044),#3048);
#3044 = LINE('',#3045,#3046);
#3045 = CARTESIAN_POINT('',(-0.,0.));
#3046 = VECTOR('',#3047,1.);
#3047 = DIRECTION('',(-0.,-1.));
#3048 = ( GEOMETRIC_REPRESENTATION_CONTEXT(2) 
PARAMETRIC_REPRESENTATION_CONTEXT() REPRESENTATION_CONTEXT('2D SPACE',''
  ) );
#3049 = PCURVE('',#693,#3050);
#3050 = DEFINITIONAL_REPRESENTATION('',(#3051),#3055);
#3051 = LINE('',#3052,#3053);
#3052 = CARTESIAN_POINT('',(-6.28318530718,0.));
#3053 = VECTOR('',#3054,1.);
#3054 = DIRECTION('',(-0.,-1.));
#3055 = ( GEOMETRIC_REPRESENTATION_CONTEXT(2) 
PARAMETRIC_REPRESENTATION_CONTEXT() REPRESENTATION_CONTEXT('2D SPACE',''
  ) );
#3056 = ORIENTED_EDGE('',*,*,#676,.T.);
#3057 = ORIENTED_EDGE('',*,*,#3034,.F.);
#3058 = ORIENTED_EDGE('',*,*,#3059,.F.);
#3059 = EDGE_CURVE('',#3035,#3035,#3060,.T.);
#3060 = SURFACE_CURVE('',#3061,(#3066,#3073),.PCURVE_S1.);
#3061 = CIRCLE('',#3062,1.65);
#3062 = AXIS2_PLACEMENT_3D('',#3063,#3064,#3065);
#3063 = CARTESIAN_POINT('',(17.,60.,15.8));
#3064 = DIRECTION('',(0.,0.,1.));
#3065 = DIRECTION('',(1.,0.,0.));
#3066 = PCURVE('',#693,#3067);
#3067 = DEFINITIONAL_REPRESENTATION('',(#3068),#3072);
#3068 = LINE('',#3069,#3070);
#3069 = CARTESIAN_POINT('',(-0.,0.));
#3070 = VECTOR('',#3071,1.);
#3071 = DIRECTION('',(-1.,0.));
#3072 = ( GEOMETRIC_REPRESENTATION_CONTEXT(2) 
PARAMETRIC_REPRESENTATION_CONTEXT() REPRESENTATION_CONTEXT('2D SPACE',''
  ) );
#3073 = PCURVE('',#3074,#3079);
#3074 = PLANE('',#3075);
#3075 = AXIS2_PLACEMENT_3D('',#3076,#3077,#3078);
#3076 = CARTESIAN_POINT('',(17.,60.,15.8));
#3077 = DIRECTION('',(0.,0.,1.));
#3078 = DIRECTION('',(1.,0.,-0.));
#3079 = DEFINITIONAL_REPRESENTATION('',(#3080),#3084);
#3080 = CIRCLE('',#3081,1.65);
#3081 = AXIS2_PLACEMENT_2D('',#3082,#3083);
#3082 = CARTESIAN_POINT('',(0.,0.));
#3083 = DIRECTION('',(1.,0.));
#3084 = ( GEOMETRIC_REPRESENTATION_CONTEXT(2) 
PARAMETRIC_REPRESENTATION_CONTEXT() REPRESENTATION_CONTEXT('2D SPACE',''
  ) );
#3085 = ADVANCED_FACE('',(#3086),#724,.F.);
#3086 = FACE_BOUND('',#3087,.T.);
#3087 = EDGE_LOOP('',(#3088,#3111,#3112,#3113));
#3088 = ORIENTED_EDGE('',*,*,#3089,.T.);
#3089 = EDGE_CURVE('',#3090,#708,#3092,.T.);
#3090 = VERTEX_POINT('',#3091);
#3091 = CARTESIAN_POINT('',(4.25,63.,15.));
#3092 = SEAM_CURVE('',#3093,(#3097,#3104),.PCURVE_S1.);
#3093 = LINE('',#3094,#3095);
#3094 = CARTESIAN_POINT('',(4.25,63.,15.));
#3095 = VECTOR('',#3096,1.);
#3096 = DIRECTION('',(0.,0.,1.));
#3097 = PCURVE('',#724,#3098);
#3098 = DEFINITIONAL_REPRESENTATION('',(#3099),#3103);
#3099 = LINE('',#3100,#3101);
#3100 = CARTESIAN_POINT('',(-0.,0.));
#3101 = VECTOR('',#3102,1.);
#3102 = DIRECTION('',(-0.,-1.));
#3103 = ( GEOMETRIC_REPRESENTATION_CONTEXT(2) 
PARAMETRIC_REPRESENTATION_CONTEXT() REPRESENTATION_CONTEXT('2D SPACE',''
  ) );
#3104 = PCURVE('',#724,#3105);
#3105 = DEFINITIONAL_REPRESENTATION('',(#3106),#3110);
#3106 = LINE('',#3107,#3108);
#3107 = CARTESIAN_POINT('',(-6.28318530718,0.));
#3108 = VECTOR('',#3109,1.);
#3109 = DIRECTION('',(-0.,-1.));
#3110 = ( GEOMETRIC_REPRESENTATION_CONTEXT(2) 
PARAMETRIC_REPRESENTATION_CONTEXT() REPRESENTATION_CONTEXT('2D SPACE',''
  ) );
#3111 = ORIENTED_EDGE('',*,*,#707,.T.);
#3112 = ORIENTED_EDGE('',*,*,#3089,.F.);
#3113 = ORIENTED_EDGE('',*,*,#3114,.F.);
#3114 = EDGE_CURVE('',#3090,#3090,#3115,.T.);
#3115 = SURFACE_CURVE('',#3116,(#3121,#3128),.PCURVE_S1.);
#3116 = CIRCLE('',#3117,1.25);
#3117 = AXIS2_PLACEMENT_3D('',#3118,#3119,#3120);
#3118 = CARTESIAN_POINT('',(3.,63.,15.));
#3119 = DIRECTION('',(0.,0.,1.));
#3120 = DIRECTION('',(1.,0.,0.));
#3121 = PCURVE('',#724,#3122);
#3122 = DEFINITIONAL_REPRESENTATION('',(#3123),#3127);
#3123 = LINE('',#3124,#3125);
#3124 = CARTESIAN_POINT('',(-0.,0.));
#3125 = VECTOR('',#3126,1.);
#3126 = DIRECTION('',(-1.,0.));
#3127 = ( GEOMETRIC_REPRESENTATION_CONTEXT(2) 
PARAMETRIC_REPRESENTATION_CONTEXT() REPRESENTATION_CONTEXT('2D SPACE',''
  ) );
#3128 = PCURVE('',#3129,#3134);
#3129 = PLANE('',#3130);
#3130 = AXIS2_PLACEMENT_3D('',#3131,#3132,#3133);
#3131 = CARTESIAN_POINT('',(3.,63.,15.));
#3132 = DIRECTION('',(0.,0.,1.));
#3133 = DIRECTION('',(1.,0.,-0.));
#3134 = DEFINITIONAL_REPRESENTATION('',(#3135),#3139);
#3135 = CIRCLE('',#3136,1.25);
#3136 = AXIS2_PLACEMENT_2D('',#3137,#3138);
#3137 = CARTESIAN_POINT('',(0.,0.));
#3138 = DIRECTION('',(1.,0.));
#3139 = ( GEOMETRIC_REPRESENTATION_CONTEXT(2) 
PARAMETRIC_REPRESENTATION_CONTEXT() REPRESENTATION_CONTEXT('2D SPACE',''
  ) );
#3140 = ADVANCED_FACE('',(#3141),#755,.F.);
#3141 = FACE_BOUND('',#3142,.T.);
#3142 = EDGE_LOOP('',(#3143,#3166,#3167,#3168));
#3143 = ORIENTED_EDGE('',*,*,#3144,.T.);
#3144 = EDGE_CURVE('',#3145,#739,#3147,.T.);
#3145 = VERTEX_POINT('',#3146);
#3146 = CARTESIAN_POINT('',(4.25,68.5,15.));
#3147 = SEAM_CURVE('',#3148,(#3152,#3159),.PCURVE_S1.);
#3148 = LINE('',#3149,#3150);
#3149 = CARTESIAN_POINT('',(4.25,68.5,15.));
#3150 = VECTOR('',#3151,1.);
#3151 = DIRECTION('',(0.,0.,1.));
#3152 = PCURVE('',#755,#3153);
#3153 = DEFINITIONAL_REPRESENTATION('',(#3154),#3158);
#3154 = LINE('',#3155,#3156);
#3155 = CARTESIAN_POINT('',(-0.,0.));
#3156 = VECTOR('',#3157,1.);
#3157 = DIRECTION('',(-0.,-1.));
#3158 = ( GEOMETRIC_REPRESENTATION_CONTEXT(2) 
PARAMETRIC_REPRESENTATION_CONTEXT() REPRESENTATION_CONTEXT('2D SPACE',''
  ) );
#3159 = PCURVE('',#755,#3160);
#3160 = DEFINITIONAL_REPRESENTATION('',(#3161),#3165);
#3161 = LINE('',#3162,#3163);
#3162 = CARTESIAN_POINT('',(-6.28318530718,0.));
#3163 = VECTOR('',#3164,1.);
#3164 = DIRECTION('',(-0.,-1.));
#3165 = ( GEOMETRIC_REPRESENTATION_CONTEXT(2) 
PARAMETRIC_REPRESENTATION_CONTEXT() REPRESENTATION_CONTEXT('2D SPACE',''
  ) );
#3166 = ORIENTED_EDGE('',*,*,#738,.T.);
#3167 = ORIENTED_EDGE('',*,*,#3144,.F.);
#3168 = ORIENTED_EDGE('',*,*,#3169,.F.);
#3169 = EDGE_CURVE('',#3145,#3145,#3170,.T.);
#3170 = SURFACE_CURVE('',#3171,(#3176,#3183),.PCURVE_S1.);
#3171 = CIRCLE('',#3172,1.25);
#3172 = AXIS2_PLACEMENT_3D('',#3173,#3174,#3175);
#3173 = CARTESIAN_POINT('',(3.,68.5,15.));
#3174 = DIRECTION('',(0.,0.,1.));
#3175 = DIRECTION('',(1.,0.,0.));
#3176 = PCURVE('',#755,#3177);
#3177 = DEFINITIONAL_REPRESENTATION('',(#3178),#3182);
#3178 = LINE('',#3179,#3180);
#3179 = CARTESIAN_POINT('',(-0.,0.));
#3180 = VECTOR('',#3181,1.);
#3181 = DIRECTION('',(-1.,0.));
#3182 = ( GEOMETRIC_REPRESENTATION_CONTEXT(2) 
PARAMETRIC_REPRESENTATION_CONTEXT() REPRESENTATION_CONTEXT('2D SPACE',''
  ) );
#3183 = PCURVE('',#3184,#3189);
#3184 = PLANE('',#3185);
#3185 = AXIS2_PLACEMENT_3D('',#3186,#3187,#3188);
#3186 = CARTESIAN_POINT('',(3.,68.5,15.));
#3187 = DIRECTION('',(0.,0.,1.));
#3188 = DIRECTION('',(1.,0.,-0.));
#3189 = DEFINITIONAL_REPRESENTATION('',(#3190),#3194);
#3190 = CIRCLE('',#3191,1.25);
#3191 = AXIS2_PLACEMENT_2D('',#3192,#3193);
#3192 = CARTESIAN_POINT('',(0.,0.));
#3193 = DIRECTION('',(1.,0.));
#3194 = ( GEOMETRIC_REPRESENTATION_CONTEXT(2) 
PARAMETRIC_REPRESENTATION_CONTEXT() REPRESENTATION_CONTEXT('2D SPACE',''
  ) );
#3195 = ADVANCED_FACE('',(#3196),#786,.F.);
#3196 = FACE_BOUND('',#3197,.T.);
#3197 = EDGE_LOOP('',(#3198,#3219,#3220,#3221));
#3198 = ORIENTED_EDGE('',*,*,#3199,.T.);
#3199 = EDGE_CURVE('',#1374,#770,#3200,.T.);
#3200 = SEAM_CURVE('',#3201,(#3205,#3212),.PCURVE_S1.);
#3201 = LINE('',#3202,#3203);
#3202 = CARTESIAN_POINT('',(48.25,65.,0.));
#3203 = VECTOR('',#3204,1.);
#3204 = DIRECTION('',(0.,0.,1.));
#3205 = PCURVE('',#786,#3206);
#3206 = DEFINITIONAL_REPRESENTATION('',(#3207),#3211);
#3207 = LINE('',#3208,#3209);
#3208 = CARTESIAN_POINT('',(-0.,0.));
#3209 = VECTOR('',#3210,1.);
#3210 = DIRECTION('',(-0.,-1.));
#3211 = ( GEOMETRIC_REPRESENTATION_CONTEXT(2) 
PARAMETRIC_REPRESENTATION_CONTEXT() REPRESENTATION_CONTEXT('2D SPACE',''
  ) );
#3212 = PCURVE('',#786,#3213);
#3213 = DEFINITIONAL_REPRESENTATION('',(#3214),#3218);
#3214 = LINE('',#3215,#3216);
#3215 = CARTESIAN_POINT('',(-6.28318530718,0.));
#3216 = VECTOR('',#3217,1.);
#3217 = DIRECTION('',(-0.,-1.));
#3218 = ( GEOMETRIC_REPRESENTATION_CONTEXT(2) 
PARAMETRIC_REPRESENTATION_CONTEXT() REPRESENTATION_CONTEXT('2D SPACE',''
  ) );
#3219 = ORIENTED_EDGE('',*,*,#769,.T.);
#3220 = ORIENTED_EDGE('',*,*,#3199,.F.);
#3221 = ORIENTED_EDGE('',*,*,#1373,.F.);
#3222 = ADVANCED_FACE('',(#3223),#817,.F.);
#3223 = FACE_BOUND('',#3224,.T.);
#3224 = EDGE_LOOP('',(#3225,#3248,#3249,#3250));
#3225 = ORIENTED_EDGE('',*,*,#3226,.T.);
#3226 = EDGE_CURVE('',#3227,#801,#3229,.T.);
#3227 = VERTEX_POINT('',#3228);
#3228 = CARTESIAN_POINT('',(56.65,62.,15.));
#3229 = SEAM_CURVE('',#3230,(#3234,#3241),.PCURVE_S1.);
#3230 = LINE('',#3231,#3232);
#3231 = CARTESIAN_POINT('',(56.65,62.,15.));
#3232 = VECTOR('',#3233,1.);
#3233 = DIRECTION('',(0.,0.,1.));
#3234 = PCURVE('',#817,#3235);
#3235 = DEFINITIONAL_REPRESENTATION('',(#3236),#3240);
#3236 = LINE('',#3237,#3238);
#3237 = CARTESIAN_POINT('',(-0.,0.));
#3238 = VECTOR('',#3239,1.);
#3239 = DIRECTION('',(-0.,-1.));
#3240 = ( GEOMETRIC_REPRESENTATION_CONTEXT(2) 
PARAMETRIC_REPRESENTATION_CONTEXT() REPRESENTATION_CONTEXT('2D SPACE',''
  ) );
#3241 = PCURVE('',#817,#3242);
#3242 = DEFINITIONAL_REPRESENTATION('',(#3243),#3247);
#3243 = LINE('',#3244,#3245);
#3244 = CARTESIAN_POINT('',(-6.28318530718,0.));
#3245 = VECTOR('',#3246,1.);
#3246 = DIRECTION('',(-0.,-1.));
#3247 = ( GEOMETRIC_REPRESENTATION_CONTEXT(2) 
PARAMETRIC_REPRESENTATION_CONTEXT() REPRESENTATION_CONTEXT('2D SPACE',''
  ) );
#3248 = ORIENTED_EDGE('',*,*,#800,.T.);
#3249 = ORIENTED_EDGE('',*,*,#3226,.F.);
#3250 = ORIENTED_EDGE('',*,*,#3251,.F.);
#3251 = EDGE_CURVE('',#3227,#3227,#3252,.T.);
#3252 = SURFACE_CURVE('',#3253,(#3258,#3265),.PCURVE_S1.);
#3253 = CIRCLE('',#3254,1.65);
#3254 = AXIS2_PLACEMENT_3D('',#3255,#3256,#3257);
#3255 = CARTESIAN_POINT('',(55.,62.,15.));
#3256 = DIRECTION('',(0.,0.,1.));
#3257 = DIRECTION('',(1.,0.,0.));
#3258 = PCURVE('',#817,#3259);
#3259 = DEFINITIONAL_REPRESENTATION('',(#3260),#3264);
#3260 = LINE('',#3261,#3262);
#3261 = CARTESIAN_POINT('',(-0.,0.));
#3262 = VECTOR('',#3263,1.);
#3263 = DIRECTION('',(-1.,0.));
#3264 = ( GEOMETRIC_REPRESENTATION_CONTEXT(2) 
PARAMETRIC_REPRESENTATION_CONTEXT() REPRESENTATION_CONTEXT('2D SPACE',''
  ) );
#3265 = PCURVE('',#3266,#3271);
#3266 = PLANE('',#3267);
#3267 = AXIS2_PLACEMENT_3D('',#3268,#3269,#3270);
#3268 = CARTESIAN_POINT('',(55.,62.,15.));
#3269 = DIRECTION('',(0.,0.,1.));
#3270 = DIRECTION('',(1.,0.,-0.));
#3271 = DEFINITIONAL_REPRESENTATION('',(#3272),#3276);
#3272 = CIRCLE('',#3273,1.65);
#3273 = AXIS2_PLACEMENT_2D('',#3274,#3275);
#3274 = CARTESIAN_POINT('',(0.,0.));
#3275 = DIRECTION('',(1.,0.));
#3276 = ( GEOMETRIC_REPRESENTATION_CONTEXT(2) 
PARAMETRIC_REPRESENTATION_CONTEXT() REPRESENTATION_CONTEXT('2D SPACE',''
  ) );
#3277 = ADVANCED_FACE('',(#3278),#848,.F.);
#3278 = FACE_BOUND('',#3279,.T.);
#3279 = EDGE_LOOP('',(#3280,#3281,#3302,#3303,#3324,#3325,#3326,#3327));
#3280 = ORIENTED_EDGE('',*,*,#1399,.F.);
#3281 = ORIENTED_EDGE('',*,*,#3282,.T.);
#3282 = EDGE_CURVE('',#1400,#1950,#3283,.T.);
#3283 = SEAM_CURVE('',#3284,(#3288,#3295),.PCURVE_S1.);
#3284 = LINE('',#3285,#3286);
#3285 = CARTESIAN_POINT('',(78.25,65.,0.));
#3286 = VECTOR('',#3287,1.);
#3287 = DIRECTION('',(0.,0.,1.));
#3288 = PCURVE('',#848,#3289);
#3289 = DEFINITIONAL_REPRESENTATION('',(#3290),#3294);
#3290 = LINE('',#3291,#3292);
#3291 = CARTESIAN_POINT('',(-6.28318530718,0.));
#3292 = VECTOR('',#3293,1.);
#3293 = DIRECTION('',(-0.,-1.));
#3294 = ( GEOMETRIC_REPRESENTATION_CONTEXT(2) 
PARAMETRIC_REPRESENTATION_CONTEXT() REPRESENTATION_CONTEXT('2D SPACE',''
  ) );
#3295 = PCURVE('',#848,#3296);
#3296 = DEFINITIONAL_REPRESENTATION('',(#3297),#3301);
#3297 = LINE('',#3298,#3299);
#3298 = CARTESIAN_POINT('',(-0.,0.));
#3299 = VECTOR('',#3300,1.);
#3300 = DIRECTION('',(-0.,-1.));
#3301 = ( GEOMETRIC_REPRESENTATION_CONTEXT(2) 
PARAMETRIC_REPRESENTATION_CONTEXT() REPRESENTATION_CONTEXT('2D SPACE',''
  ) );
#3302 = ORIENTED_EDGE('',*,*,#1947,.F.);
#3303 = ORIENTED_EDGE('',*,*,#3304,.T.);
#3304 = EDGE_CURVE('',#1948,#832,#3305,.T.);
#3305 = SEAM_CURVE('',#3306,(#3310,#3317),.PCURVE_S1.);
#3306 = LINE('',#3307,#3308);
#3307 = CARTESIAN_POINT('',(78.25,65.,0.));
#3308 = VECTOR('',#3309,1.);
#3309 = DIRECTION('',(0.,0.,1.));
#3310 = PCURVE('',#848,#3311);
#3311 = DEFINITIONAL_REPRESENTATION('',(#3312),#3316);
#3312 = LINE('',#3313,#3314);
#3313 = CARTESIAN_POINT('',(-6.28318530718,0.));
#3314 = VECTOR('',#3315,1.);
#3315 = DIRECTION('',(-0.,-1.));
#3316 = ( GEOMETRIC_REPRESENTATION_CONTEXT(2) 
PARAMETRIC_REPRESENTATION_CONTEXT() REPRESENTATION_CONTEXT('2D SPACE',''
  ) );
#3317 = PCURVE('',#848,#3318);
#3318 = DEFINITIONAL_REPRESENTATION('',(#3319),#3323);
#3319 = LINE('',#3320,#3321);
#3320 = CARTESIAN_POINT('',(-0.,0.));
#3321 = VECTOR('',#3322,1.);
#3322 = DIRECTION('',(-0.,-1.));
#3323 = ( GEOMETRIC_REPRESENTATION_CONTEXT(2) 
PARAMETRIC_REPRESENTATION_CONTEXT() REPRESENTATION_CONTEXT('2D SPACE',''
  ) );
#3324 = ORIENTED_EDGE('',*,*,#831,.T.);
#3325 = ORIENTED_EDGE('',*,*,#3304,.F.);
#3326 = ORIENTED_EDGE('',*,*,#2158,.F.);
#3327 = ORIENTED_EDGE('',*,*,#3282,.F.);
#3328 = ADVANCED_FACE('',(#3329),#879,.F.);
#3329 = FACE_BOUND('',#3330,.T.);
#3330 = EDGE_LOOP('',(#3331,#3354,#3355,#3356));
#3331 = ORIENTED_EDGE('',*,*,#3332,.T.);
#3332 = EDGE_CURVE('',#3333,#863,#3335,.T.);
#3333 = VERTEX_POINT('',#3334);
#3334 = CARTESIAN_POINT('',(94.65,62.,15.8));
#3335 = SEAM_CURVE('',#3336,(#3340,#3347),.PCURVE_S1.);
#3336 = LINE('',#3337,#3338);
#3337 = CARTESIAN_POINT('',(94.65,62.,15.8));
#3338 = VECTOR('',#3339,1.);
#3339 = DIRECTION('',(0.,0.,1.));
#3340 = PCURVE('',#879,#3341);
#3341 = DEFINITIONAL_REPRESENTATION('',(#3342),#3346);
#3342 = LINE('',#3343,#3344);
#3343 = CARTESIAN_POINT('',(-0.,0.));
#3344 = VECTOR('',#3345,1.);
#3345 = DIRECTION('',(-0.,-1.));
#3346 = ( GEOMETRIC_REPRESENTATION_CONTEXT(2) 
PARAMETRIC_REPRESENTATION_CONTEXT() REPRESENTATION_CONTEXT('2D SPACE',''
  ) );
#3347 = PCURVE('',#879,#3348);
#3348 = DEFINITIONAL_REPRESENTATION('',(#3349),#3353);
#3349 = LINE('',#3350,#3351);
#3350 = CARTESIAN_POINT('',(-6.28318530718,0.));
#3351 = VECTOR('',#3352,1.);
#3352 = DIRECTION('',(-0.,-1.));
#3353 = ( GEOMETRIC_REPRESENTATION_CONTEXT(2) 
PARAMETRIC_REPRESENTATION_CONTEXT() REPRESENTATION_CONTEXT('2D SPACE',''
  ) );
#3354 = ORIENTED_EDGE('',*,*,#862,.T.);
#3355 = ORIENTED_EDGE('',*,*,#3332,.F.);
#3356 = ORIENTED_EDGE('',*,*,#3357,.F.);
#3357 = EDGE_CURVE('',#3333,#3333,#3358,.T.);
#3358 = SURFACE_CURVE('',#3359,(#3364,#3371),.PCURVE_S1.);
#3359 = CIRCLE('',#3360,1.65);
#3360 = AXIS2_PLACEMENT_3D('',#3361,#3362,#3363);
#3361 = CARTESIAN_POINT('',(93.,62.,15.8));
#3362 = DIRECTION('',(0.,0.,1.));
#3363 = DIRECTION('',(1.,0.,0.));
#3364 = PCURVE('',#879,#3365);
#3365 = DEFINITIONAL_REPRESENTATION('',(#3366),#3370);
#3366 = LINE('',#3367,#3368);
#3367 = CARTESIAN_POINT('',(-0.,0.));
#3368 = VECTOR('',#3369,1.);
#3369 = DIRECTION('',(-1.,0.));
#3370 = ( GEOMETRIC_REPRESENTATION_CONTEXT(2) 
PARAMETRIC_REPRESENTATION_CONTEXT() REPRESENTATION_CONTEXT('2D SPACE',''
  ) );
#3371 = PCURVE('',#3372,#3377);
#3372 = PLANE('',#3373);
#3373 = AXIS2_PLACEMENT_3D('',#3374,#3375,#3376);
#3374 = CARTESIAN_POINT('',(93.,62.,15.8));
#3375 = DIRECTION('',(0.,0.,1.));
#3376 = DIRECTION('',(1.,0.,-0.));
#3377 = DEFINITIONAL_REPRESENTATION('',(#3378),#3382);
#3378 = CIRCLE('',#3379,1.65);
#3379 = AXIS2_PLACEMENT_2D('',#3380,#3381);
#3380 = CARTESIAN_POINT('',(0.,0.));
#3381 = DIRECTION('',(1.,0.));
#3382 = ( GEOMETRIC_REPRESENTATION_CONTEXT(2) 
PARAMETRIC_REPRESENTATION_CONTEXT() REPRESENTATION_CONTEXT('2D SPACE',''
  ) );
#3383 = ADVANCED_FACE('',(#3384),#959,.F.);
#3384 = FACE_BOUND('',#3385,.T.);
#3385 = EDGE_LOOP('',(#3386,#3409,#3410,#3411));
#3386 = ORIENTED_EDGE('',*,*,#3387,.T.);
#3387 = EDGE_CURVE('',#3388,#943,#3390,.T.);
#3388 = VERTEX_POINT('',#3389);
#3389 = CARTESIAN_POINT('',(8.25,64.,5.));
#3390 = SEAM_CURVE('',#3391,(#3395,#3402),.PCURVE_S1.);
#3391 = LINE('',#3392,#3393);
#3392 = CARTESIAN_POINT('',(8.25,64.,5.));
#3393 = VECTOR('',#3394,1.);
#3394 = DIRECTION('',(0.,1.,1.110223024625E-16));
#3395 = PCURVE('',#959,#3396);
#3396 = DEFINITIONAL_REPRESENTATION('',(#3397),#3401);
#3397 = LINE('',#3398,#3399);
#3398 = CARTESIAN_POINT('',(-0.,0.));
#3399 = VECTOR('',#3400,1.);
#3400 = DIRECTION('',(-0.,-1.));
#3401 = ( GEOMETRIC_REPRESENTATION_CONTEXT(2) 
PARAMETRIC_REPRESENTATION_CONTEXT() REPRESENTATION_CONTEXT('2D SPACE',''
  ) );
#3402 = PCURVE('',#959,#3403);
#3403 = DEFINITIONAL_REPRESENTATION('',(#3404),#3408);
#3404 = LINE('',#3405,#3406);
#3405 = CARTESIAN_POINT('',(-6.28318530718,0.));
#3406 = VECTOR('',#3407,1.);
#3407 = DIRECTION('',(-0.,-1.));
#3408 = ( GEOMETRIC_REPRESENTATION_CONTEXT(2) 
PARAMETRIC_REPRESENTATION_CONTEXT() REPRESENTATION_CONTEXT('2D SPACE',''
  ) );
#3409 = ORIENTED_EDGE('',*,*,#942,.T.);
#3410 = ORIENTED_EDGE('',*,*,#3387,.F.);
#3411 = ORIENTED_EDGE('',*,*,#3412,.F.);
#3412 = EDGE_CURVE('',#3388,#3388,#3413,.T.);
#3413 = SURFACE_CURVE('',#3414,(#3419,#3426),.PCURVE_S1.);
#3414 = CIRCLE('',#3415,1.25);
#3415 = AXIS2_PLACEMENT_3D('',#3416,#3417,#3418);
#3416 = CARTESIAN_POINT('',(7.,64.,5.));
#3417 = DIRECTION('',(-0.,1.,1.110223024625E-16));
#3418 = DIRECTION('',(1.,0.,0.));
#3419 = PCURVE('',#959,#3420);
#3420 = DEFINITIONAL_REPRESENTATION('',(#3421),#3425);
#3421 = LINE('',#3422,#3423);
#3422 = CARTESIAN_POINT('',(-0.,0.));
#3423 = VECTOR('',#3424,1.);
#3424 = DIRECTION('',(-1.,0.));
#3425 = ( GEOMETRIC_REPRESENTATION_CONTEXT(2) 
PARAMETRIC_REPRESENTATION_CONTEXT() REPRESENTATION_CONTEXT('2D SPACE',''
  ) );
#3426 = PCURVE('',#3427,#3432);
#3427 = PLANE('',#3428);
#3428 = AXIS2_PLACEMENT_3D('',#3429,#3430,#3431);
#3429 = CARTESIAN_POINT('',(7.,64.,5.));
#3430 = DIRECTION('',(0.,1.,1.110223024625E-16));
#3431 = DIRECTION('',(1.,0.,0.));
#3432 = DEFINITIONAL_REPRESENTATION('',(#3433),#3437);
#3433 = CIRCLE('',#3434,1.25);
#3434 = AXIS2_PLACEMENT_2D('',#3435,#3436);
#3435 = CARTESIAN_POINT('',(0.,0.));
#3436 = DIRECTION('',(1.,0.));
#3437 = ( GEOMETRIC_REPRESENTATION_CONTEXT(2) 
PARAMETRIC_REPRESENTATION_CONTEXT() REPRESENTATION_CONTEXT('2D SPACE',''
  ) );
#3438 = ADVANCED_FACE('',(#3439),#1020,.F.);
#3439 = FACE_BOUND('',#3440,.T.);
#3440 = EDGE_LOOP('',(#3441,#3464,#3465,#3466));
#3441 = ORIENTED_EDGE('',*,*,#3442,.T.);
#3442 = EDGE_CURVE('',#3443,#1004,#3445,.T.);
#3443 = VERTEX_POINT('',#3444);
#3444 = CARTESIAN_POINT('',(8.25,64.,17.));
#3445 = SEAM_CURVE('',#3446,(#3450,#3457),.PCURVE_S1.);
#3446 = LINE('',#3447,#3448);
#3447 = CARTESIAN_POINT('',(8.25,64.,17.));
#3448 = VECTOR('',#3449,1.);
#3449 = DIRECTION('',(0.,1.,1.110223024625E-16));
#3450 = PCURVE('',#1020,#3451);
#3451 = DEFINITIONAL_REPRESENTATION('',(#3452),#3456);
#3452 = LINE('',#3453,#3454);
#3453 = CARTESIAN_POINT('',(-0.,0.));
#3454 = VECTOR('',#3455,1.);
#3455 = DIRECTION('',(-0.,-1.));
#3456 = ( GEOMETRIC_REPRESENTATION_CONTEXT(2) 
PARAMETRIC_REPRESENTATION_CONTEXT() REPRESENTATION_CONTEXT('2D SPACE',''
  ) );
#3457 = PCURVE('',#1020,#3458);
#3458 = DEFINITIONAL_REPRESENTATION('',(#3459),#3463);
#3459 = LINE('',#3460,#3461);
#3460 = CARTESIAN_POINT('',(-6.28318530718,0.));
#3461 = VECTOR('',#3462,1.);
#3462 = DIRECTION('',(-0.,-1.));
#3463 = ( GEOMETRIC_REPRESENTATION_CONTEXT(2) 
PARAMETRIC_REPRESENTATION_CONTEXT() REPRESENTATION_CONTEXT('2D SPACE',''
  ) );
#3464 = ORIENTED_EDGE('',*,*,#1003,.T.);
#3465 = ORIENTED_EDGE('',*,*,#3442,.F.);
#3466 = ORIENTED_EDGE('',*,*,#3467,.F.);
#3467 = EDGE_CURVE('',#3443,#3443,#3468,.T.);
#3468 = SURFACE_CURVE('',#3469,(#3474,#3481),.PCURVE_S1.);
#3469 = CIRCLE('',#3470,1.25);
#3470 = AXIS2_PLACEMENT_3D('',#3471,#3472,#3473);
#3471 = CARTESIAN_POINT('',(7.,64.,17.));
#3472 = DIRECTION('',(-0.,1.,1.110223024625E-16));
#3473 = DIRECTION('',(1.,0.,0.));
#3474 = PCURVE('',#1020,#3475);
#3475 = DEFINITIONAL_REPRESENTATION('',(#3476),#3480);
#3476 = LINE('',#3477,#3478);
#3477 = CARTESIAN_POINT('',(-0.,0.));
#3478 = VECTOR('',#3479,1.);
#3479 = DIRECTION('',(-1.,0.));
#3480 = ( GEOMETRIC_REPRESENTATION_CONTEXT(2) 
PARAMETRIC_REPRESENTATION_CONTEXT() REPRESENTATION_CONTEXT('2D SPACE',''
  ) );
#3481 = PCURVE('',#3482,#3487);
#3482 = PLANE('',#3483);
#3483 = AXIS2_PLACEMENT_3D('',#3484,#3485,#3486);
#3484 = CARTESIAN_POINT('',(7.,64.,17.));
#3485 = DIRECTION('',(0.,1.,1.110223024625E-16));
#3486 = DIRECTION('',(1.,0.,0.));
#3487 = DEFINITIONAL_REPRESENTATION('',(#3488),#3492);
#3488 = CIRCLE('',#3489,1.25);
#3489 = AXIS2_PLACEMENT_2D('',#3490,#3491);
#3490 = CARTESIAN_POINT('',(0.,0.));
#3491 = DIRECTION('',(1.,0.));
#3492 = ( GEOMETRIC_REPRESENTATION_CONTEXT(2) 
PARAMETRIC_REPRESENTATION_CONTEXT() REPRESENTATION_CONTEXT('2D SPACE',''
  ) );
#3493 = ADVANCED_FACE('',(#3494),#1051,.F.);
#3494 = FACE_BOUND('',#3495,.T.);
#3495 = EDGE_LOOP('',(#3496,#3519,#3520,#3521));
#3496 = ORIENTED_EDGE('',*,*,#3497,.T.);
#3497 = EDGE_CURVE('',#3498,#1035,#3500,.T.);
#3498 = VERTEX_POINT('',#3499);
#3499 = CARTESIAN_POINT('',(104.25,64.,5.));
#3500 = SEAM_CURVE('',#3501,(#3505,#3512),.PCURVE_S1.);
#3501 = LINE('',#3502,#3503);
#3502 = CARTESIAN_POINT('',(104.25,64.,5.));
#3503 = VECTOR('',#3504,1.);
#3504 = DIRECTION('',(0.,1.,1.110223024625E-16));
#3505 = PCURVE('',#1051,#3506);
#3506 = DEFINITIONAL_REPRESENTATION('',(#3507),#3511);
#3507 = LINE('',#3508,#3509);
#3508 = CARTESIAN_POINT('',(-0.,0.));
#3509 = VECTOR('',#3510,1.);
#3510 = DIRECTION('',(-0.,-1.));
#3511 = ( GEOMETRIC_REPRESENTATION_CONTEXT(2) 
PARAMETRIC_REPRESENTATION_CONTEXT() REPRESENTATION_CONTEXT('2D SPACE',''
  ) );
#3512 = PCURVE('',#1051,#3513);
#3513 = DEFINITIONAL_REPRESENTATION('',(#3514),#3518);
#3514 = LINE('',#3515,#3516);
#3515 = CARTESIAN_POINT('',(-6.28318530718,0.));
#3516 = VECTOR('',#3517,1.);
#3517 = DIRECTION('',(-0.,-1.));
#3518 = ( GEOMETRIC_REPRESENTATION_CONTEXT(2) 
PARAMETRIC_REPRESENTATION_CONTEXT() REPRESENTATION_CONTEXT('2D SPACE',''
  ) );
#3519 = ORIENTED_EDGE('',*,*,#1034,.T.);
#3520 = ORIENTED_EDGE('',*,*,#3497,.F.);
#3521 = ORIENTED_EDGE('',*,*,#3522,.F.);
#3522 = EDGE_CURVE('',#3498,#3498,#3523,.T.);
#3523 = SURFACE_CURVE('',#3524,(#3529,#3536),.PCURVE_S1.);
#3524 = CIRCLE('',#3525,1.25);
#3525 = AXIS2_PLACEMENT_3D('',#3526,#3527,#3528);
#3526 = CARTESIAN_POINT('',(103.,64.,5.));
#3527 = DIRECTION('',(-0.,1.,1.110223024625E-16));
#3528 = DIRECTION('',(1.,0.,0.));
#3529 = PCURVE('',#1051,#3530);
#3530 = DEFINITIONAL_REPRESENTATION('',(#3531),#3535);
#3531 = LINE('',#3532,#3533);
#3532 = CARTESIAN_POINT('',(-0.,0.));
#3533 = VECTOR('',#3534,1.);
#3534 = DIRECTION('',(-1.,0.));
#3535 = ( GEOMETRIC_REPRESENTATION_CONTEXT(2) 
PARAMETRIC_REPRESENTATION_CONTEXT() REPRESENTATION_CONTEXT('2D SPACE',''
  ) );
#3536 = PCURVE('',#3537,#3542);
#3537 = PLANE('',#3538);
#3538 = AXIS2_PLACEMENT_3D('',#3539,#3540,#3541);
#3539 = CARTESIAN_POINT('',(103.,64.,5.));
#3540 = DIRECTION('',(0.,1.,1.110223024625E-16));
#3541 = DIRECTION('',(1.,0.,0.));
#3542 = DEFINITIONAL_REPRESENTATION('',(#3543),#3547);
#3543 = CIRCLE('',#3544,1.25);
#3544 = AXIS2_PLACEMENT_2D('',#3545,#3546);
#3545 = CARTESIAN_POINT('',(0.,0.));
#3546 = DIRECTION('',(1.,0.));
#3547 = ( GEOMETRIC_REPRESENTATION_CONTEXT(2) 
PARAMETRIC_REPRESENTATION_CONTEXT() REPRESENTATION_CONTEXT('2D SPACE',''
  ) );
#3548 = ADVANCED_FACE('',(#3549),#1112,.F.);
#3549 = FACE_BOUND('',#3550,.T.);
#3550 = EDGE_LOOP('',(#3551,#3574,#3575,#3576));
#3551 = ORIENTED_EDGE('',*,*,#3552,.T.);
#3552 = EDGE_CURVE('',#3553,#1096,#3555,.T.);
#3553 = VERTEX_POINT('',#3554);
#3554 = CARTESIAN_POINT('',(104.25,64.,17.));
#3555 = SEAM_CURVE('',#3556,(#3560,#3567),.PCURVE_S1.);
#3556 = LINE('',#3557,#3558);
#3557 = CARTESIAN_POINT('',(104.25,64.,17.));
#3558 = VECTOR('',#3559,1.);
#3559 = DIRECTION('',(0.,1.,1.110223024625E-16));
#3560 = PCURVE('',#1112,#3561);
#3561 = DEFINITIONAL_REPRESENTATION('',(#3562),#3566);
#3562 = LINE('',#3563,#3564);
#3563 = CARTESIAN_POINT('',(-0.,0.));
#3564 = VECTOR('',#3565,1.);
#3565 = DIRECTION('',(-0.,-1.));
#3566 = ( GEOMETRIC_REPRESENTATION_CONTEXT(2) 
PARAMETRIC_REPRESENTATION_CONTEXT() REPRESENTATION_CONTEXT('2D SPACE',''
  ) );
#3567 = PCURVE('',#1112,#3568);
#3568 = DEFINITIONAL_REPRESENTATION('',(#3569),#3573);
#3569 = LINE('',#3570,#3571);
#3570 = CARTESIAN_POINT('',(-6.28318530718,0.));
#3571 = VECTOR('',#3572,1.);
#3572 = DIRECTION('',(-0.,-1.));
#3573 = ( GEOMETRIC_REPRESENTATION_CONTEXT(2) 
PARAMETRIC_REPRESENTATION_CONTEXT() REPRESENTATION_CONTEXT('2D SPACE',''
  ) );
#3574 = ORIENTED_EDGE('',*,*,#1095,.T.);
#3575 = ORIENTED_EDGE('',*,*,#3552,.F.);
#3576 = ORIENTED_EDGE('',*,*,#3577,.F.);
#3577 = EDGE_CURVE('',#3553,#3553,#3578,.T.);
#3578 = SURFACE_CURVE('',#3579,(#3584,#3591),.PCURVE_S1.);
#3579 = CIRCLE('',#3580,1.25);
#3580 = AXIS2_PLACEMENT_3D('',#3581,#3582,#3583);
#3581 = CARTESIAN_POINT('',(103.,64.,17.));
#3582 = DIRECTION('',(-0.,1.,1.110223024625E-16));
#3583 = DIRECTION('',(1.,0.,0.));
#3584 = PCURVE('',#1112,#3585);
#3585 = DEFINITIONAL_REPRESENTATION('',(#3586),#3590);
#3586 = LINE('',#3587,#3588);
#3587 = CARTESIAN_POINT('',(-0.,0.));
#3588 = VECTOR('',#3589,1.);
#3589 = DIRECTION('',(-1.,0.));
#3590 = ( GEOMETRIC_REPRESENTATION_CONTEXT(2) 
PARAMETRIC_REPRESENTATION_CONTEXT() REPRESENTATION_CONTEXT('2D SPACE',''
  ) );
#3591 = PCURVE('',#3592,#3597);
#3592 = PLANE('',#3593);
#3593 = AXIS2_PLACEMENT_3D('',#3594,#3595,#3596);
#3594 = CARTESIAN_POINT('',(103.,64.,17.));
#3595 = DIRECTION('',(0.,1.,1.110223024625E-16));
#3596 = DIRECTION('',(1.,0.,0.));
#3597 = DEFINITIONAL_REPRESENTATION('',(#3598),#3602);
#3598 = CIRCLE('',#3599,1.25);
#3599 = AXIS2_PLACEMENT_2D('',#3600,#3601);
#3600 = CARTESIAN_POINT('',(0.,0.));
#3601 = DIRECTION('',(1.,0.));
#3602 = ( GEOMETRIC_REPRESENTATION_CONTEXT(2) 
PARAMETRIC_REPRESENTATION_CONTEXT() REPRESENTATION_CONTEXT('2D SPACE',''
  ) );
#3603 = ADVANCED_FACE('',(#3604),#1196,.F.);
#3604 = FACE_BOUND('',#3605,.T.);
#3605 = EDGE_LOOP('',(#3606,#3607,#3628,#3629));
#3606 = ORIENTED_EDGE('',*,*,#1179,.F.);
#3607 = ORIENTED_EDGE('',*,*,#3608,.T.);
#3608 = EDGE_CURVE('',#1180,#1515,#3609,.T.);
#3609 = SEAM_CURVE('',#3610,(#3614,#3621),.PCURVE_S1.);
#3610 = LINE('',#3611,#3612);
#3611 = CARTESIAN_POINT('',(24.25,31.,0.));
#3612 = VECTOR('',#3613,1.);
#3613 = DIRECTION('',(0.,0.,1.));
#3614 = PCURVE('',#1196,#3615);
#3615 = DEFINITIONAL_REPRESENTATION('',(#3616),#3620);
#3616 = LINE('',#3617,#3618);
#3617 = CARTESIAN_POINT('',(-6.28318530718,0.));
#3618 = VECTOR('',#3619,1.);
#3619 = DIRECTION('',(-0.,-1.));
#3620 = ( GEOMETRIC_REPRESENTATION_CONTEXT(2) 
PARAMETRIC_REPRESENTATION_CONTEXT() REPRESENTATION_CONTEXT('2D SPACE',''
  ) );
#3621 = PCURVE('',#1196,#3622);
#3622 = DEFINITIONAL_REPRESENTATION('',(#3623),#3627);
#3623 = LINE('',#3624,#3625);
#3624 = CARTESIAN_POINT('',(-0.,0.));
#3625 = VECTOR('',#3626,1.);
#3626 = DIRECTION('',(-0.,-1.));
#3627 = ( GEOMETRIC_REPRESENTATION_CONTEXT(2) 
PARAMETRIC_REPRESENTATION_CONTEXT() REPRESENTATION_CONTEXT('2D SPACE',''
  ) );
#3628 = ORIENTED_EDGE('',*,*,#1514,.T.);
#3629 = ORIENTED_EDGE('',*,*,#3608,.F.);
#3630 = ADVANCED_FACE('',(#3631),#1227,.T.);
#3631 = FACE_BOUND('',#3632,.T.);
#3632 = EDGE_LOOP('',(#3633,#3656,#3657,#3680));
#3633 = ORIENTED_EDGE('',*,*,#3634,.F.);
#3634 = EDGE_CURVE('',#1211,#3635,#3637,.T.);
#3635 = VERTEX_POINT('',#3636);
#3636 = CARTESIAN_POINT('',(67.,17.,15.));
#3637 = SURFACE_CURVE('',#3638,(#3642,#3649),.PCURVE_S1.);
#3638 = LINE('',#3639,#3640);
#3639 = CARTESIAN_POINT('',(67.,17.,-1.));
#3640 = VECTOR('',#3641,1.);
#3641 = DIRECTION('',(0.,0.,1.));
#3642 = PCURVE('',#1227,#3643);
#3643 = DEFINITIONAL_REPRESENTATION('',(#3644),#3648);
#3644 = LINE('',#3645,#3646);
#3645 = CARTESIAN_POINT('',(0.,24.));
#3646 = VECTOR('',#3647,1.);
#3647 = DIRECTION('',(1.,0.));
#3648 = ( GEOMETRIC_REPRESENTATION_CONTEXT(2) 
PARAMETRIC_REPRESENTATION_CONTEXT() REPRESENTATION_CONTEXT('2D SPACE',''
  ) );
#3649 = PCURVE('',#1303,#3650);
#3650 = DEFINITIONAL_REPRESENTATION('',(#3651),#3655);
#3651 = LINE('',#3652,#3653);
#3652 = CARTESIAN_POINT('',(0.,0.));
#3653 = VECTOR('',#3654,1.);
#3654 = DIRECTION('',(1.,0.));
#3655 = ( GEOMETRIC_REPRESENTATION_CONTEXT(2) 
PARAMETRIC_REPRESENTATION_CONTEXT() REPRESENTATION_CONTEXT('2D SPACE',''
  ) );
#3656 = ORIENTED_EDGE('',*,*,#1210,.T.);
#3657 = ORIENTED_EDGE('',*,*,#3658,.T.);
#3658 = EDGE_CURVE('',#1213,#3659,#3661,.T.);
#3659 = VERTEX_POINT('',#3660);
#3660 = CARTESIAN_POINT('',(43.,17.,15.));
#3661 = SURFACE_CURVE('',#3662,(#3666,#3673),.PCURVE_S1.);
#3662 = LINE('',#3663,#3664);
#3663 = CARTESIAN_POINT('',(43.,17.,-1.));
#3664 = VECTOR('',#3665,1.);
#3665 = DIRECTION('',(0.,0.,1.));
#3666 = PCURVE('',#1227,#3667);
#3667 = DEFINITIONAL_REPRESENTATION('',(#3668),#3672);
#3668 = LINE('',#3669,#3670);
#3669 = CARTESIAN_POINT('',(0.,0.));
#3670 = VECTOR('',#3671,1.);
#3671 = DIRECTION('',(1.,0.));
#3672 = ( GEOMETRIC_REPRESENTATION_CONTEXT(2) 
PARAMETRIC_REPRESENTATION_CONTEXT() REPRESENTATION_CONTEXT('2D SPACE',''
  ) );
#3673 = PCURVE('',#1253,#3674);
#3674 = DEFINITIONAL_REPRESENTATION('',(#3675),#3679);
#3675 = LINE('',#3676,#3677);
#3676 = CARTESIAN_POINT('',(0.,0.));
#3677 = VECTOR('',#3678,1.);
#3678 = DIRECTION('',(1.,0.));
#3679 = ( GEOMETRIC_REPRESENTATION_CONTEXT(2) 
PARAMETRIC_REPRESENTATION_CONTEXT() REPRESENTATION_CONTEXT('2D SPACE',''
  ) );
#3680 = ORIENTED_EDGE('',*,*,#3681,.T.);
#3681 = EDGE_CURVE('',#3659,#3635,#3682,.T.);
#3682 = SURFACE_CURVE('',#3683,(#3687,#3694),.PCURVE_S1.);
#3683 = LINE('',#3684,#3685);
#3684 = CARTESIAN_POINT('',(43.,17.,15.));
#3685 = VECTOR('',#3686,1.);
#3686 = DIRECTION('',(1.,0.,0.));
#3687 = PCURVE('',#1227,#3688);
#3688 = DEFINITIONAL_REPRESENTATION('',(#3689),#3693);
#3689 = LINE('',#3690,#3691);
#3690 = CARTESIAN_POINT('',(16.,0.));
#3691 = VECTOR('',#3692,1.);
#3692 = DIRECTION('',(0.,1.));
#3693 = ( GEOMETRIC_REPRESENTATION_CONTEXT(2) 
PARAMETRIC_REPRESENTATION_CONTEXT() REPRESENTATION_CONTEXT('2D SPACE',''
  ) );
#3694 = PCURVE('',#3695,#3700);
#3695 = PLANE('',#3696);
#3696 = AXIS2_PLACEMENT_3D('',#3697,#3698,#3699);
#3697 = CARTESIAN_POINT('',(43.,17.,15.));
#3698 = DIRECTION('',(0.,0.,1.));
#3699 = DIRECTION('',(1.,0.,0.));
#3700 = DEFINITIONAL_REPRESENTATION('',(#3701),#3705);
#3701 = LINE('',#3702,#3703);
#3702 = CARTESIAN_POINT('',(0.,0.));
#3703 = VECTOR('',#3704,1.);
#3704 = DIRECTION('',(1.,0.));
#3705 = ( GEOMETRIC_REPRESENTATION_CONTEXT(2) 
PARAMETRIC_REPRESENTATION_CONTEXT() REPRESENTATION_CONTEXT('2D SPACE',''
  ) );
#3706 = ADVANCED_FACE('',(#3707),#1303,.F.);
#3707 = FACE_BOUND('',#3708,.F.);
#3708 = EDGE_LOOP('',(#3709,#3710,#3711,#3734));
#3709 = ORIENTED_EDGE('',*,*,#3634,.F.);
#3710 = ORIENTED_EDGE('',*,*,#1290,.T.);
#3711 = ORIENTED_EDGE('',*,*,#3712,.T.);
#3712 = EDGE_CURVE('',#1265,#3713,#3715,.T.);
#3713 = VERTEX_POINT('',#3714);
#3714 = CARTESIAN_POINT('',(67.,31.,15.));
#3715 = SURFACE_CURVE('',#3716,(#3720,#3727),.PCURVE_S1.);
#3716 = LINE('',#3717,#3718);
#3717 = CARTESIAN_POINT('',(67.,31.,-1.));
#3718 = VECTOR('',#3719,1.);
#3719 = DIRECTION('',(0.,0.,1.));
#3720 = PCURVE('',#1303,#3721);
#3721 = DEFINITIONAL_REPRESENTATION('',(#3722),#3726);
#3722 = LINE('',#3723,#3724);
#3723 = CARTESIAN_POINT('',(0.,-14.));
#3724 = VECTOR('',#3725,1.);
#3725 = DIRECTION('',(1.,0.));
#3726 = ( GEOMETRIC_REPRESENTATION_CONTEXT(2) 
PARAMETRIC_REPRESENTATION_CONTEXT() REPRESENTATION_CONTEXT('2D SPACE',''
  ) );
#3727 = PCURVE('',#1279,#3728);
#3728 = DEFINITIONAL_REPRESENTATION('',(#3729),#3733);
#3729 = LINE('',#3730,#3731);
#3730 = CARTESIAN_POINT('',(0.,24.));
#3731 = VECTOR('',#3732,1.);
#3732 = DIRECTION('',(1.,0.));
#3733 = ( GEOMETRIC_REPRESENTATION_CONTEXT(2) 
PARAMETRIC_REPRESENTATION_CONTEXT() REPRESENTATION_CONTEXT('2D SPACE',''
  ) );
#3734 = ORIENTED_EDGE('',*,*,#3735,.F.);
#3735 = EDGE_CURVE('',#3635,#3713,#3736,.T.);
#3736 = SURFACE_CURVE('',#3737,(#3741,#3748),.PCURVE_S1.);
#3737 = LINE('',#3738,#3739);
#3738 = CARTESIAN_POINT('',(67.,17.,15.));
#3739 = VECTOR('',#3740,1.);
#3740 = DIRECTION('',(0.,1.,0.));
#3741 = PCURVE('',#1303,#3742);
#3742 = DEFINITIONAL_REPRESENTATION('',(#3743),#3747);
#3743 = LINE('',#3744,#3745);
#3744 = CARTESIAN_POINT('',(16.,0.));
#3745 = VECTOR('',#3746,1.);
#3746 = DIRECTION('',(0.,-1.));
#3747 = ( GEOMETRIC_REPRESENTATION_CONTEXT(2) 
PARAMETRIC_REPRESENTATION_CONTEXT() REPRESENTATION_CONTEXT('2D SPACE',''
  ) );
#3748 = PCURVE('',#3695,#3749);
#3749 = DEFINITIONAL_REPRESENTATION('',(#3750),#3754);
#3750 = LINE('',#3751,#3752);
#3751 = CARTESIAN_POINT('',(24.,0.));
#3752 = VECTOR('',#3753,1.);
#3753 = DIRECTION('',(0.,1.));
#3754 = ( GEOMETRIC_REPRESENTATION_CONTEXT(2) 
PARAMETRIC_REPRESENTATION_CONTEXT() REPRESENTATION_CONTEXT('2D SPACE',''
  ) );
#3755 = ADVANCED_FACE('',(#3756),#1253,.T.);
#3756 = FACE_BOUND('',#3757,.T.);
#3757 = EDGE_LOOP('',(#3758,#3759,#3760,#3783));
#3758 = ORIENTED_EDGE('',*,*,#3658,.F.);
#3759 = ORIENTED_EDGE('',*,*,#1238,.T.);
#3760 = ORIENTED_EDGE('',*,*,#3761,.T.);
#3761 = EDGE_CURVE('',#1239,#3762,#3764,.T.);
#3762 = VERTEX_POINT('',#3763);
#3763 = CARTESIAN_POINT('',(43.,31.,15.));
#3764 = SURFACE_CURVE('',#3765,(#3769,#3776),.PCURVE_S1.);
#3765 = LINE('',#3766,#3767);
#3766 = CARTESIAN_POINT('',(43.,31.,-1.));
#3767 = VECTOR('',#3768,1.);
#3768 = DIRECTION('',(0.,0.,1.));
#3769 = PCURVE('',#1253,#3770);
#3770 = DEFINITIONAL_REPRESENTATION('',(#3771),#3775);
#3771 = LINE('',#3772,#3773);
#3772 = CARTESIAN_POINT('',(0.,-14.));
#3773 = VECTOR('',#3774,1.);
#3774 = DIRECTION('',(1.,0.));
#3775 = ( GEOMETRIC_REPRESENTATION_CONTEXT(2) 
PARAMETRIC_REPRESENTATION_CONTEXT() REPRESENTATION_CONTEXT('2D SPACE',''
  ) );
#3776 = PCURVE('',#1279,#3777);
#3777 = DEFINITIONAL_REPRESENTATION('',(#3778),#3782);
#3778 = LINE('',#3779,#3780);
#3779 = CARTESIAN_POINT('',(0.,0.));
#3780 = VECTOR('',#3781,1.);
#3781 = DIRECTION('',(1.,0.));
#3782 = ( GEOMETRIC_REPRESENTATION_CONTEXT(2) 
PARAMETRIC_REPRESENTATION_CONTEXT() REPRESENTATION_CONTEXT('2D SPACE',''
  ) );
#3783 = ORIENTED_EDGE('',*,*,#3784,.F.);
#3784 = EDGE_CURVE('',#3659,#3762,#3785,.T.);
#3785 = SURFACE_CURVE('',#3786,(#3790,#3797),.PCURVE_S1.);
#3786 = LINE('',#3787,#3788);
#3787 = CARTESIAN_POINT('',(43.,17.,15.));
#3788 = VECTOR('',#3789,1.);
#3789 = DIRECTION('',(0.,1.,0.));
#3790 = PCURVE('',#1253,#3791);
#3791 = DEFINITIONAL_REPRESENTATION('',(#3792),#3796);
#3792 = LINE('',#3793,#3794);
#3793 = CARTESIAN_POINT('',(16.,0.));
#3794 = VECTOR('',#3795,1.);
#3795 = DIRECTION('',(0.,-1.));
#3796 = ( GEOMETRIC_REPRESENTATION_CONTEXT(2) 
PARAMETRIC_REPRESENTATION_CONTEXT() REPRESENTATION_CONTEXT('2D SPACE',''
  ) );
#3797 = PCURVE('',#3695,#3798);
#3798 = DEFINITIONAL_REPRESENTATION('',(#3799),#3803);
#3799 = LINE('',#3800,#3801);
#3800 = CARTESIAN_POINT('',(0.,0.));
#3801 = VECTOR('',#3802,1.);
#3802 = DIRECTION('',(0.,1.));
#3803 = ( GEOMETRIC_REPRESENTATION_CONTEXT(2) 
PARAMETRIC_REPRESENTATION_CONTEXT() REPRESENTATION_CONTEXT('2D SPACE',''
  ) );
#3804 = ADVANCED_FACE('',(#3805),#1279,.F.);
#3805 = FACE_BOUND('',#3806,.F.);
#3806 = EDGE_LOOP('',(#3807,#3808,#3809,#3810));
#3807 = ORIENTED_EDGE('',*,*,#3712,.F.);
#3808 = ORIENTED_EDGE('',*,*,#1264,.T.);
#3809 = ORIENTED_EDGE('',*,*,#3761,.T.);
#3810 = ORIENTED_EDGE('',*,*,#3811,.T.);
#3811 = EDGE_CURVE('',#3762,#3713,#3812,.T.);
#3812 = SURFACE_CURVE('',#3813,(#3817,#3824),.PCURVE_S1.);
#3813 = LINE('',#3814,#3815);
#3814 = CARTESIAN_POINT('',(43.,31.,15.));
#3815 = VECTOR('',#3816,1.);
#3816 = DIRECTION('',(1.,0.,0.));
#3817 = PCURVE('',#1279,#3818);
#3818 = DEFINITIONAL_REPRESENTATION('',(#3819),#3823);
#3819 = LINE('',#3820,#3821);
#3820 = CARTESIAN_POINT('',(16.,0.));
#3821 = VECTOR('',#3822,1.);
#3822 = DIRECTION('',(0.,1.));
#3823 = ( GEOMETRIC_REPRESENTATION_CONTEXT(2) 
PARAMETRIC_REPRESENTATION_CONTEXT() REPRESENTATION_CONTEXT('2D SPACE',''
  ) );
#3824 = PCURVE('',#3695,#3825);
#3825 = DEFINITIONAL_REPRESENTATION('',(#3826),#3830);
#3826 = LINE('',#3827,#3828);
#3827 = CARTESIAN_POINT('',(0.,14.));
#3828 = VECTOR('',#3829,1.);
#3829 = DIRECTION('',(1.,0.));
#3830 = ( GEOMETRIC_REPRESENTATION_CONTEXT(2) 
PARAMETRIC_REPRESENTATION_CONTEXT() REPRESENTATION_CONTEXT('2D SPACE',''
  ) );
#3831 = ADVANCED_FACE('',(#3832),#1333,.F.);
#3832 = FACE_BOUND('',#3833,.T.);
#3833 = EDGE_LOOP('',(#3834,#3835,#3856,#3857));
#3834 = ORIENTED_EDGE('',*,*,#1316,.F.);
#3835 = ORIENTED_EDGE('',*,*,#3836,.T.);
#3836 = EDGE_CURVE('',#1317,#2368,#3837,.T.);
#3837 = SEAM_CURVE('',#3838,(#3842,#3849),.PCURVE_S1.);
#3838 = LINE('',#3839,#3840);
#3839 = CARTESIAN_POINT('',(88.25,31.,0.));
#3840 = VECTOR('',#3841,1.);
#3841 = DIRECTION('',(0.,0.,1.));
#3842 = PCURVE('',#1333,#3843);
#3843 = DEFINITIONAL_REPRESENTATION('',(#3844),#3848);
#3844 = LINE('',#3845,#3846);
#3845 = CARTESIAN_POINT('',(-6.28318530718,0.));
#3846 = VECTOR('',#3847,1.);
#3847 = DIRECTION('',(-0.,-1.));
#3848 = ( GEOMETRIC_REPRESENTATION_CONTEXT(2) 
PARAMETRIC_REPRESENTATION_CONTEXT() REPRESENTATION_CONTEXT('2D SPACE',''
  ) );
#3849 = PCURVE('',#1333,#3850);
#3850 = DEFINITIONAL_REPRESENTATION('',(#3851),#3855);
#3851 = LINE('',#3852,#3853);
#3852 = CARTESIAN_POINT('',(-0.,0.));
#3853 = VECTOR('',#3854,1.);
#3854 = DIRECTION('',(-0.,-1.));
#3855 = ( GEOMETRIC_REPRESENTATION_CONTEXT(2) 
PARAMETRIC_REPRESENTATION_CONTEXT() REPRESENTATION_CONTEXT('2D SPACE',''
  ) );
#3856 = ORIENTED_EDGE('',*,*,#2367,.T.);
#3857 = ORIENTED_EDGE('',*,*,#3836,.F.);
#3858 = ADVANCED_FACE('',(#3859),#1471,.F.);
#3859 = FACE_BOUND('',#3860,.F.);
#3860 = EDGE_LOOP('',(#3861));
#3861 = ORIENTED_EDGE('',*,*,#1456,.T.);
#3862 = ADVANCED_FACE('',(#3863),#1849,.F.);
#3863 = FACE_BOUND('',#3864,.F.);
#3864 = EDGE_LOOP('',(#3865));
#3865 = ORIENTED_EDGE('',*,*,#1834,.T.);
#3866 = ADVANCED_FACE('',(#3867),#1904,.F.);
#3867 = FACE_BOUND('',#3868,.F.);
#3868 = EDGE_LOOP('',(#3869));
#3869 = ORIENTED_EDGE('',*,*,#1889,.T.);
#3870 = ADVANCED_FACE('',(#3871),#2744,.F.);
#3871 = FACE_BOUND('',#3872,.F.);
#3872 = EDGE_LOOP('',(#3873));
#3873 = ORIENTED_EDGE('',*,*,#2729,.T.);
#3874 = ADVANCED_FACE('',(#3875),#2801,.T.);
#3875 = FACE_BOUND('',#3876,.T.);
#3876 = EDGE_LOOP('',(#3877));
#3877 = ORIENTED_EDGE('',*,*,#2786,.T.);
#3878 = ADVANCED_FACE('',(#3879),#2910,.T.);
#3879 = FACE_BOUND('',#3880,.T.);
#3880 = EDGE_LOOP('',(#3881));
#3881 = ORIENTED_EDGE('',*,*,#2895,.T.);
#3882 = ADVANCED_FACE('',(#3883),#2965,.T.);
#3883 = FACE_BOUND('',#3884,.T.);
#3884 = EDGE_LOOP('',(#3885));
#3885 = ORIENTED_EDGE('',*,*,#2950,.T.);
#3886 = ADVANCED_FACE('',(#3887),#3074,.T.);
#3887 = FACE_BOUND('',#3888,.T.);
#3888 = EDGE_LOOP('',(#3889));
#3889 = ORIENTED_EDGE('',*,*,#3059,.T.);
#3890 = ADVANCED_FACE('',(#3891),#3129,.T.);
#3891 = FACE_BOUND('',#3892,.T.);
#3892 = EDGE_LOOP('',(#3893));
#3893 = ORIENTED_EDGE('',*,*,#3114,.T.);
#3894 = ADVANCED_FACE('',(#3895),#3184,.T.);
#3895 = FACE_BOUND('',#3896,.T.);
#3896 = EDGE_LOOP('',(#3897));
#3897 = ORIENTED_EDGE('',*,*,#3169,.T.);
#3898 = ADVANCED_FACE('',(#3899),#3266,.T.);
#3899 = FACE_BOUND('',#3900,.T.);
#3900 = EDGE_LOOP('',(#3901));
#3901 = ORIENTED_EDGE('',*,*,#3251,.T.);
#3902 = ADVANCED_FACE('',(#3903),#3372,.T.);
#3903 = FACE_BOUND('',#3904,.T.);
#3904 = EDGE_LOOP('',(#3905));
#3905 = ORIENTED_EDGE('',*,*,#3357,.T.);
#3906 = ADVANCED_FACE('',(#3907),#3427,.T.);
#3907 = FACE_BOUND('',#3908,.T.);
#3908 = EDGE_LOOP('',(#3909));
#3909 = ORIENTED_EDGE('',*,*,#3412,.T.);
#3910 = ADVANCED_FACE('',(#3911),#3482,.T.);
#3911 = FACE_BOUND('',#3912,.T.);
#3912 = EDGE_LOOP('',(#3913));
#3913 = ORIENTED_EDGE('',*,*,#3467,.T.);
#3914 = ADVANCED_FACE('',(#3915),#3537,.T.);
#3915 = FACE_BOUND('',#3916,.T.);
#3916 = EDGE_LOOP('',(#3917));
#3917 = ORIENTED_EDGE('',*,*,#3522,.T.);
#3918 = ADVANCED_FACE('',(#3919),#3592,.T.);
#3919 = FACE_BOUND('',#3920,.T.);
#3920 = EDGE_LOOP('',(#3921));
#3921 = ORIENTED_EDGE('',*,*,#3577,.T.);
#3922 = ADVANCED_FACE('',(#3923),#3695,.F.);
#3923 = FACE_BOUND('',#3924,.F.);
#3924 = EDGE_LOOP('',(#3925,#3926,#3927,#3928));
#3925 = ORIENTED_EDGE('',*,*,#3784,.F.);
#3926 = ORIENTED_EDGE('',*,*,#3681,.T.);
#3927 = ORIENTED_EDGE('',*,*,#3735,.T.);
#3928 = ORIENTED_EDGE('',*,*,#3811,.F.);
#3929 = ( GEOMETRIC_REPRESENTATION_CONTEXT(3) 
GLOBAL_UNCERTAINTY_ASSIGNED_CONTEXT((#3933)) 
GLOBAL_UNIT_ASSIGNED_CONTEXT((#3930,#3931,#3932)) REPRESENTATION_CONTEXT
('Context #1','3D Context with UNIT and UNCERTAINTY') );
#3930 = ( LENGTH_UNIT() NAMED_UNIT(*) SI_UNIT(.MILLI.,.METRE.) );
#3931 = ( NAMED_UNIT(*) PLANE_ANGLE_UNIT() SI_UNIT($,.RADIAN.) );
#3932 = ( NAMED_UNIT(*) SI_UNIT($,.STERADIAN.) SOLID_ANGLE_UNIT() );
#3933 = UNCERTAINTY_MEASURE_WITH_UNIT(LENGTH_MEASURE(1.E-07),#3930,
  'distance_accuracy_value','confusion accuracy');
#3934 = PRODUCT_RELATED_PRODUCT_CATEGORY('part',$,(#7));
ENDSEC;
END-ISO-10303-21;
