part_number,quantity,material,procured_stock,length_mm,thickness_mm,bounds_local_mm,individual_export_guarded,status,notes
MF_LEG_1_1,1,steel,steel,949.2,,"[0.0, 0.0, 0.0, 50.8, 50.8, 949.2]",False,ENGINEERING DEFINITION - REVIEW BEFORE FABRICATION,"50.8 x 50.8 x 3.048 mm nominal hollow tube; square-corner idealization | Welded structure: nominal square tube corners; stock corner radii are not precision mating datums. | Sandserviceport:Ø30weldbung,M20×1.5removableplug. Fillonlyafterallwelding/coating;weightactualdryballast."
MF_LEG_1_2,1,steel,steel,949.2,,"[0.0, 0.0, 0.0, 50.8, 50.8, 949.2]",False,ENGINEERING DEFINITION - REVIEW BEFORE FABRICATION,"50.8 x 50.8 x 3.048 mm nominal hollow tube; square-corner idealization | Welded structure: nominal square tube corners; stock corner radii are not precision mating datums. | Sandserviceport:Ø30weldbung,M20×1.5removableplug. Fillonlyafterallwelding/coating;weightactualdryballast."
MF_LEG_1_3,1,steel,steel,949.2,,"[0.0, 0.0, 0.0, 50.8, 50.8, 949.2]",False,ENGINEERING DEFINITION - REVIEW BEFORE FABRICATION,"50.8 x 50.8 x 3.048 mm nominal hollow tube; square-corner idealization | Welded structure: nominal square tube corners; stock corner radii are not precision mating datums. | Sandserviceport:Ø30weldbung,M20×1.5removableplug. Fillonlyafterallwelding/coating;weightactualdryballast."
MF_TOP_Y_1,1,steel,steel,1450.0,,"[0.0, 0.0, 0.0, 50.8, 1450.0, 50.8]",False,ENGINEERING DEFINITION - REVIEW BEFORE FABRICATION,"50.8 x 50.8 x 3.048 mm nominal hollow tube; square-corner idealization | Welded structure: nominal square tube corners; stock corner radii are not precision mating datums. | Sandserviceport:Ø30weldbung,M20×1.5removableplug. Fillonlyafterallwelding/coating;weightactualdryballast."
MF_LOWER_SIDE_1_1,1,steel,steel,648.8,,"[0.0, 0.0, 0.0, 50.8, 648.8, 50.8]",False,ENGINEERING DEFINITION - REVIEW BEFORE FABRICATION,"50.8 x 50.8 x 3.048 mm nominal hollow tube; square-corner idealization | Welded structure: nominal square tube corners; stock corner radii are not precision mating datums. | Sandserviceport:Ø30weldbung,M20×1.5removableplug. Fillonlyafterallwelding/coating;weightactualdryballast."
MF_LOWER_SIDE_1_2,1,steel,steel,648.7999999999998,,"[0.0, 0.0, 0.0, 50.8, 648.8, 50.8]",False,ENGINEERING DEFINITION - REVIEW BEFORE FABRICATION,"50.8 x 50.8 x 3.048 mm nominal hollow tube; square-corner idealization | Welded structure: nominal square tube corners; stock corner radii are not precision mating datums. | Sandserviceport:Ø30weldbung,M20×1.5removableplug. Fillonlyafterallwelding/coating;weightactualdryballast."
RAIL_CAP_1_BLANK,1,steel,steel,,,"[0.0, 0.0, 0.0, 100.0, 1450.0, 7.9375]",False,ENGINEERING DEFINITION - REVIEW BEFORE FABRICATION,"1450 x 100 x 7.9375 mm blank; 5/16-inch US-stock adaptation | Welded structure: nominal square tube corners; stock corner radii are not precision mating datums. | Raised6mm:underside1056/top1063.9375;continuousmachinedspacerunderrailcap. | Y stop/switch bracket: Ø6.6 holes at X66.5/1083.5, Y90/140/1410/1442; within inboard cap overhang, clear of spacer. | Y stop/switch bracket: Ø6.6 holes at X66.5/1083.5, Y90/140/1410/1442; within inboard cap overhang, clear of spacer. | Y stop/switch bracket: Ø6.6 holes at X66.5/1083.5, Y90/140/1410/1442; within inboard cap overhang, clear of spacer. | Y stop/switch bracket: Ø6.6 holes at X66.5/1083.5, Y90/140/1410/1442; within inboard cap overhang, clear of spacer."
MF_LEG_2_1,1,steel,steel,949.2,,"[0.0, 0.0, 0.0, 50.8, 50.8, 949.2]",False,ENGINEERING DEFINITION - REVIEW BEFORE FABRICATION,"50.8 x 50.8 x 3.048 mm nominal hollow tube; square-corner idealization | Welded structure: nominal square tube corners; stock corner radii are not precision mating datums. | Sandserviceport:Ø30weldbung,M20×1.5removableplug. Fillonlyafterallwelding/coating;weightactualdryballast."
MF_LEG_2_2,1,steel,steel,949.2,,"[0.0, 0.0, 0.0, 50.8, 50.8, 949.2]",False,ENGINEERING DEFINITION - REVIEW BEFORE FABRICATION,"50.8 x 50.8 x 3.048 mm nominal hollow tube; square-corner idealization | Welded structure: nominal square tube corners; stock corner radii are not precision mating datums. | Sandserviceport:Ø30weldbung,M20×1.5removableplug. Fillonlyafterallwelding/coating;weightactualdryballast."
MF_LEG_2_3,1,steel,steel,949.2,,"[0.0, 0.0, 0.0, 50.8, 50.8, 949.2]",False,ENGINEERING DEFINITION - REVIEW BEFORE FABRICATION,"50.8 x 50.8 x 3.048 mm nominal hollow tube; square-corner idealization | Welded structure: nominal square tube corners; stock corner radii are not precision mating datums. | Sandserviceport:Ø30weldbung,M20×1.5removableplug. Fillonlyafterallwelding/coating;weightactualdryballast."
MF_TOP_Y_2,1,steel,steel,1450.0,,"[0.0, 0.0, 0.0, 50.8, 1450.0, 50.8]",False,ENGINEERING DEFINITION - REVIEW BEFORE FABRICATION,"50.8 x 50.8 x 3.048 mm nominal hollow tube; square-corner idealization | Welded structure: nominal square tube corners; stock corner radii are not precision mating datums. | Sandserviceport:Ø30weldbung,M20×1.5removableplug. Fillonlyafterallwelding/coating;weightactualdryballast."
MF_LOWER_SIDE_2_1,1,steel,steel,648.8,,"[0.0, 0.0, 0.0, 50.8, 648.8, 50.8]",False,ENGINEERING DEFINITION - REVIEW BEFORE FABRICATION,"50.8 x 50.8 x 3.048 mm nominal hollow tube; square-corner idealization | Welded structure: nominal square tube corners; stock corner radii are not precision mating datums. | Sandserviceport:Ø30weldbung,M20×1.5removableplug. Fillonlyafterallwelding/coating;weightactualdryballast."
MF_LOWER_SIDE_2_2,1,steel,steel,648.7999999999998,,"[0.0, 0.0, 0.0, 50.8, 648.8, 50.8]",False,ENGINEERING DEFINITION - REVIEW BEFORE FABRICATION,"50.8 x 50.8 x 3.048 mm nominal hollow tube; square-corner idealization | Welded structure: nominal square tube corners; stock corner radii are not precision mating datums. | Sandserviceport:Ø30weldbung,M20×1.5removableplug. Fillonlyafterallwelding/coating;weightactualdryballast."
RAIL_CAP_2_BLANK,1,steel,steel,,,"[0.0, 0.0, 0.0, 100.0, 1450.0, 7.9375]",False,ENGINEERING DEFINITION - REVIEW BEFORE FABRICATION,"1450 x 100 x 7.9375 mm blank; 5/16-inch US-stock adaptation | Welded structure: nominal square tube corners; stock corner radii are not precision mating datums. | Raised6mm:underside1056/top1063.9375;continuousmachinedspacerunderrailcap. | Y stop/switch bracket: Ø6.6 holes at X66.5/1083.5, Y90/140/1410/1442; within inboard cap overhang, clear of spacer. | Y stop/switch bracket: Ø6.6 holes at X66.5/1083.5, Y90/140/1410/1442; within inboard cap overhang, clear of spacer. | Y stop/switch bracket: Ø6.6 holes at X66.5/1083.5, Y90/140/1410/1442; within inboard cap overhang, clear of spacer. | Y stop/switch bracket: Ø6.6 holes at X66.5/1083.5, Y90/140/1410/1442; within inboard cap overhang, clear of spacer."
MF_END_FRONT_LOW,1,steel,steel,1048.4,,"[0.0, 0.0, 0.0, 1048.4, 50.8, 50.8]",False,ENGINEERING DEFINITION - REVIEW BEFORE FABRICATION,"50.8 x 50.8 x 3.048 mm nominal hollow tube; square-corner idealization | Welded structure: nominal square tube corners; stock corner radii are not precision mating datums. | Sandserviceport:Ø30weldbung,M20×1.5removableplug. Fillonlyafterallwelding/coating;weightactualdryballast."
MF_END_REAR_LOW,1,steel,steel,1048.4,,"[0.0, 0.0, 0.0, 1048.4, 50.8, 50.8]",False,ENGINEERING DEFINITION - REVIEW BEFORE FABRICATION,"50.8 x 50.8 x 3.048 mm nominal hollow tube; square-corner idealization | Welded structure: nominal square tube corners; stock corner radii are not precision mating datums. | Sandserviceport:Ø30weldbung,M20×1.5removableplug. Fillonlyafterallwelding/coating;weightactualdryballast."
MF_END_FRONT_UPPER,1,steel,steel,1048.4,,"[0.0, 0.0, 0.0, 1048.4, 50.8, 50.8]",False,ENGINEERING DEFINITION - REVIEW BEFORE FABRICATION,"50.8 x 50.8 x 3.048 mm nominal hollow tube; square-corner idealization | Welded structure: nominal square tube corners; stock corner radii are not precision mating datums. | Sandserviceport:Ø30weldbung,M20×1.5removableplug. Fillonlyafterallwelding/coating;weightactualdryballast."
MF_END_REAR_UPPER,1,steel,steel,1048.4,,"[0.0, 0.0, 0.0, 1048.4, 50.8, 50.8]",False,ENGINEERING DEFINITION - REVIEW BEFORE FABRICATION,"50.8 x 50.8 x 3.048 mm nominal hollow tube; square-corner idealization | Welded structure: nominal square tube corners; stock corner radii are not precision mating datums. | Sandserviceport:Ø30weldbung,M20×1.5removableplug. Fillonlyafterallwelding/coating;weightactualdryballast."
MF_RECEIVER_LEDGER_1,1,steel,steel,1450.0,,"[0.0, 0.0, 0.0, 50.8, 1450.0, 50.8]",False,ENGINEERING DEFINITION - REVIEW BEFORE FABRICATION,"50.8 x 50.8 x 3.048 mm nominal hollow tube; square-corner idealization | Welded structure: nominal square tube corners; stock corner radii are not precision mating datums. | Sandserviceport:Ø30weldbung,M20×1.5removableplug. Fillonlyafterallwelding/coating;weightactualdryballast. | Rev J receiver: three Ø18 sleeve bores through both walls at X87.4, Y25/670/1310. Weld the sleeves and the three seat pads before ballast filling."
MF_RECEIVER_LEDGER_2,1,steel,steel,1450.0,,"[0.0, 0.0, 0.0, 50.8, 1450.0, 50.8]",False,ENGINEERING DEFINITION - REVIEW BEFORE FABRICATION,"50.8 x 50.8 x 3.048 mm nominal hollow tube; square-corner idealization | Welded structure: nominal square tube corners; stock corner radii are not precision mating datums. | Sandserviceport:Ø30weldbung,M20×1.5removableplug. Fillonlyafterallwelding/coating;weightactualdryballast. | Rev J receiver: three Ø18 sleeve bores through both walls at X1062.6, Y25/670/1310. Weld the sleeves and the three seat pads before ballast filling."
CAP_SPACER,2,A36 steel,A36 steel; finish-machine6.000mmfrom1/4in6.35mmstock,,6,"[0.0, 0.0, 0.0, 50.8, 1450.0, 6.0]",False,ENGINEERING DEFINITION - REVIEW BEFORE FABRICATION,Finish-machine6mmfrom1/4instock;capfastenerpatterncoordinatedwithmotionmodule.
FT_PAD,6,A36steel1/2in,A36steel1/2in,,12.7,"[0.0, 0.0, 0.0, 80.0, 80.0, 12.7]",False,ENGINEERING DEFINITION - REVIEW BEFORE FABRICATION,MilltopØ32×2deepjack-headseat. FourØ9optionalanchorholes;flooranchorchoiceis site-specific.
FT_LEG_CLOSURE,6,A36 steel,A36 steel; finish-machine6.000mmfrom1/4in6.35mmstock,,6,"[0.0, 0.0, 0.0, 50.8, 50.8, 6.0]",False,ENGINEERING DEFINITION - REVIEW BEFORE FABRICATION,WeldM16nutaboveclosurebeforeclosingleg. Continuous3mmfilletclosure-to-leg.
STD_M16_NUT,12,M16grade8nut24AF×13,M16grade8nut24AF×13,,,"[-13.8564, -12.0, 0.0, 13.8564, 12.0, 13.0]",True,PURCHASED ENVELOPE - VERIFY INTERFACE,
STD_M16x100_HEX,6,M16x100fullythreadedclass8.8,M16x100fullythreadedclass8.8,,,"[-13.8564, -12.0, 0.0, 13.8564, 12.0, 110.0]",True,PURCHASED ENVELOPE - VERIFY INTERFACE,Jackheadrestsrecessedonthefloorpad.±8mmlevelingrange;retightenjamnutandrecheckthreadengagement. No casters.
FB_SIDE_L_1,1,A5001x1x.083tube,A5001x1x.083tube,912.9940196956386,,"[0.0, 0.0, -0.0, 25.4, 617.9739, 705.8589]",False,ENGINEERING DEFINITION - REVIEW BEFORE FABRICATION,"Square-endnominalbrace;25.4×25.4×2.1082section. Weldinnerfaceto3mmgussets,3mmfilletsminimum50mmaccessibleedges."
FB_TRIANGLE_160_1,4,A36 steel,A36 steel,,3,"[0.0, 0.0, 0.0, 160.0, 160.0, 3.0]",False,ENGINEERING DEFINITION - REVIEW BEFORE FABRICATION,160mmlegsprovide>50mmbraceoverlap;3mmcontinuousfilletwheregussetoverlapsleg/rail.
FB_TRIANGLE_160_-1,4,A36 steel,A36 steel,,3,"[-160.0, -160.0, 0.0, 0.0, 0.0, 3.0]",False,ENGINEERING DEFINITION - REVIEW BEFORE FABRICATION,160mmlegsprovide>50mmbraceoverlap;3mmcontinuousfilletwheregussetoverlapsleg/rail.
FB_SIDE_L_2,1,A5001x1x.083tube,A5001x1x.083tube,912.9940196956386,,"[0.0, -0.0, -0.0, 25.4, 617.9739, 705.8589]",False,ENGINEERING DEFINITION - REVIEW BEFORE FABRICATION,"Square-endnominalbrace;25.4×25.4×2.1082section. Weldinnerfaceto3mmgussets,3mmfilletsminimum50mmaccessibleedges."
FB_SIDE_R_1,1,A5001x1x.083tube,A5001x1x.083tube,912.9940196956386,,"[0.0, 0.0, -0.0, 25.4, 617.9739, 705.8589]",False,ENGINEERING DEFINITION - REVIEW BEFORE FABRICATION,"Square-endnominalbrace;25.4×25.4×2.1082section. Weldinnerfaceto3mmgussets,3mmfilletsminimum50mmaccessibleedges."
FB_SIDE_R_2,1,A5001x1x.083tube,A5001x1x.083tube,912.9940196956386,,"[0.0, -0.0, -0.0, 25.4, 617.9739, 705.8589]",False,ENGINEERING DEFINITION - REVIEW BEFORE FABRICATION,"Square-endnominalbrace;25.4×25.4×2.1082section. Weldinnerfaceto3mmgussets,3mmfilletsminimum50mmaccessibleedges."
FB_REAR,1,A5001x1x.083tube,A5001x1x.083tube,1213.177315976523,,"[0.0, 0.0, 0.0, 1012.8296, 25.4, 710.1033]",False,ENGINEERING DEFINITION - REVIEW BEFORE FABRICATION,"ReardiagonalinsideframeatY1370.8..1396.2,clearofreservoir."
FB_REAR_GUSSET_LOW,1,A36 steel,A36 steel,,3,"[0.0, 0.0, 0.0, 160.0, 160.0, 3.0]",False,ENGINEERING DEFINITION - REVIEW BEFORE FABRICATION,Lowergussetnotches25.4×30.8aroundexistinglowersiderail.
FB_REAR_GUSSET_HIGH,1,A36 steel,A36 steel,,3,"[-160.0, -160.0, 0.0, 0.0, 0.0, 3.0]",False,ENGINEERING DEFINITION - REVIEW BEFORE FABRICATION,Lowergussetnotches25.4×30.8aroundexistinglowersiderail.
PAN_BEARER_1,1,A5002x2x.120tube,A5002x2x.120tube,1016.4,,"[0.0, 0.0, 0.0, 1016.4, 50.8, 50.8]",False,ENGINEERING DEFINITION - REVIEW BEFORE FABRICATION,Finishedtubeendsweldto8mmendplates;boltedinside8mmhangers. TopZ730.
PB_HANGER,6,A36 steel,A36 steel; finish-machine8.000mmfrom3/8in9.525mmstock,,8,"[0.0, 0.0, 0.0, 80.0, 144.2, 8.0]",False,ENGINEERING DEFINITION - REVIEW BEFORE FABRICATION,4×M8through-tapped:predrill6.8;CADusesnominalthreadenvelope. Weldtopedgeunderledgerwith3mmfilletsbothaccessible sides.
PB_END,6,A36 steel,A36 steel; finish-machine8.000mmfrom3/8in9.525mmstock,,8,"[0.0, 0.0, 0.0, 80.0, 130.0, 8.0]",False,ENGINEERING DEFINITION - REVIEW BEFORE FABRICATION,Weldtubetoendplate3mmfillets;matchfixturetobothhangerfacesbeforewelding.
STD_M8x16_SOCKET,40,M8x16class8.8,M8x16class8.8,,,"[-6.5, -6.5, 0.0, 6.5, 6.5, 24.0]",True,PURCHASED ENVELOPE - VERIFY INTERFACE,
STD_M8_WASHER,24,M8flatwasher16×8.4×1.6,M8flatwasher16×8.4×1.6,,,"[-8.0, -8.0, 0.0, 8.0, 8.0, 1.6]",True,PURCHASED ENVELOPE - VERIFY INTERFACE,
STD_M6_WELDNUT,30,M6weldnut,M6weldnut,,,"[-5.7735, -5.0, 0.0, 5.7735, 5.0, 5.0]",True,PURCHASED ENVELOPE - VERIFY INTERFACE,
PAN_BEARER_2,1,A5002x2x.120tube,A5002x2x.120tube,1016.4,,"[0.0, 0.0, 0.0, 1016.4, 50.8, 50.8]",False,ENGINEERING DEFINITION - REVIEW BEFORE FABRICATION,Finishedtubeendsweldto8mmendplates;boltedinside8mmhangers. TopZ730.
PAN_BEARER_3,1,A5002x2x.120tube,A5002x2x.120tube,1016.4,,"[0.0, 0.0, 0.0, 1016.4, 50.8, 50.8]",False,ENGINEERING DEFINITION - REVIEW BEFORE FABRICATION,Finishedtubeendsweldto8mmendplates;boltedinside8mmhangers. TopZ730.
TS_OUTER_TIE,2,A5002x2x.120tube,A5002x2x.120tube,648.8,,"[0.0, 0.0, 0.0, 50.8, 648.8, 50.8]",False,ENGINEERING DEFINITION - REVIEW BEFORE FABRICATION,Weldendsdirectlytomiddle/rearlegfaces. TopZ175.
TS_CROSS,3,A5002x2x.120tube,A5002x2x.120tube,1048.4,,"[0.0, 0.0, 0.0, 1048.4, 50.8, 50.8]",False,ENGINEERING DEFINITION - REVIEW BEFORE FABRICATION,Continuous3mmendfillets;reservoirfloorrestsontop. RearcleanoutneckatY1260isclear.
SAND_ENDCAP_2IN,8,A36 steel,"A36 steel; purchase0.120in sheet,verifyactualgauge",,3.048,"[0.0, 0.0, 0.0, 50.8, 50.8, 3.048]",False,ENGINEERING DEFINITION - REVIEW BEFORE FABRICATION,Continuouslyweldclosurebeforeballastfilling. Neverweldwithsand/waterincompartment.
SAND_M20_BUNG,18,Machinedmildsteel,Machinedmildsteel,,,"[-15.0, -15.0, 0.0, 15.0, 15.0, 10.0]",False,ENGINEERING DEFINITION - REVIEW BEFORE FABRICATION,"OD30×10;M20×1.5female,predrill18.5beforetap;nominalthreadenvelopeinSTEP. Continuouswatertightweldtotube."
SAND_M20_PLUG,18,CustomM20×1.5steelplug,CustomM20×1.5steelplug,,,"[-14.0, -14.0, 0.0, 14.0, 14.0, 16.0]",False,ENGINEERING DEFINITION - REVIEW BEFORE FABRICATION,"Turn20mmthread×10long,28mmhead×6,6mmhexsocket4deep;sealwasherorremovabledustsealant."
WP_FLOOR,1,A36 steel 0.120in sheet,"A36 steel 0.120in sheet; purchase0.120in sheet,verifyactualgauge",,3.048,"[0.0, 0.0, 0.0, 920.0, 1200.06, 3.048]",False,ENGINEERING DEFINITION - REVIEW BEFORE FABRICATION,"Install at 1% downward slope toward rear. Continuous watertight seam welds. | Two48.5mmweldneckclearanceholes:drainand1.5instandpipe. No bend allowance required. | Drain center is0.35mm above absolute rear floor edge; residual film requires cleaning. | Rev J: Ø21.6 normal hole at world XY(385,1215.4) receives the vertical refill riser; seal weld annulus, leak-test and coat after welding."
WP_SIDE,2,A36 steel,"A36 steel; purchase0.120in sheet,verifyactualgauge",,3.048,"[0.0, 3.0482, 0.0, 1200.0, 100.0, 3.048]",False,ENGINEERING DEFINITION - REVIEW BEFORE FABRICATION,Miter/fit lower seam to tilted floor; nominal corner weld gap<=0.1mm from 1% floor projection.
WP_END_FRONT,1,A36 steel,"A36 steel; purchase0.120in sheet,verifyactualgauge",,3.048,"[0.0, 0.0, 0.0, 913.904, 84.9518, 3.048]",False,ENGINEERING DEFINITION - REVIEW BEFORE FABRICATION,Welded end plate; dress local 0.031mm slope mismatch before welding.
WP_END_REAR,1,A36 steel,"A36 steel; purchase0.120in sheet,verifyactualgauge",,3.048,"[0.0, 0.0, 0.0, 913.904, 96.9214, 3.048]",False,ENGINEERING DEFINITION - REVIEW BEFORE FABRICATION,Welded end plate; dress local 0.031mm slope mismatch before welding.
WP_DRAIN_NECK,1,NPS1.5 schedule40 steel pipe,NPS1.5 schedule40 steel pipe,45,,"[-24.15, -24.15, 0.0, 24.15, 24.15, 45.0]",False,ENGINEERING DEFINITION - REVIEW BEFORE FABRICATION,"OD48.3 ID40.9 per Wheatland schedule40 table. Flush upper end to floor; continuous weld. | https://www.wheatland.com/wp-content/uploads/2017/12/Schedule-40-Submittal-Sheet.pdf | Rev I supersedes the old lower1.5NPT thread: keep lower end plain, square and prepared for sealed butt-weld to I_DRAIN_UPPER_SLEEVE. Do not thread it."
WP_OVERFLOW_STANDPIPE,1,NPS1.5 schedule40 steel pipe,NPS1.5 schedule40 steel pipe,375,,"[-24.15, -24.15, 0.0, 24.15, 24.15, 375.0]",False,ENGINEERING DEFINITION - REVIEW BEFORE FABRICATION,Top edgeZ825 establishes pan overflow. Lower outletZ450 air-gaps above reservoir inlet. | https://www.wheatland.com/wp-content/uploads/2017/12/Schedule-40-Submittal-Sheet.pdf
WP_CRADLE_WEB_1_1,1,A36 steel,A36 steel; finish-machine6.000mmfrom1/4in6.35mmstock,,6,"[0.0, 0.0, 0.0, 900.0, 16.24, 6.0]",False,ENGINEERING DEFINITION - REVIEW BEFORE FABRICATION,Weld web to bearer. Grind upper edge to measured floor slope; do not force-distort pan.
WP_CRADLE_WEB_1_2,1,A36 steel,A36 steel; finish-machine6.000mmfrom1/4in6.35mmstock,,6,"[0.0, 0.0, 0.0, 900.0, 15.792, 6.0]",False,ENGINEERING DEFINITION - REVIEW BEFORE FABRICATION,Weld web to bearer. Grind upper edge to measured floor slope; do not force-distort pan.
WP_CRADLE_WEB_2_1,1,A36 steel,A36 steel; finish-machine6.000mmfrom1/4in6.35mmstock,,6,"[0.0, 0.0, 0.0, 900.0, 11.24, 6.0]",False,ENGINEERING DEFINITION - REVIEW BEFORE FABRICATION,Weld web to bearer. Grind upper edge to measured floor slope; do not force-distort pan.
WP_CRADLE_WEB_2_2,1,A36 steel,A36 steel; finish-machine6.000mmfrom1/4in6.35mmstock,,6,"[0.0, 0.0, 0.0, 900.0, 10.792, 6.0]",False,ENGINEERING DEFINITION - REVIEW BEFORE FABRICATION,Weld web to bearer. Grind upper edge to measured floor slope; do not force-distort pan.
WP_CRADLE_WEB_3_1,1,A36 steel,A36 steel; finish-machine6.000mmfrom1/4in6.35mmstock,,6,"[0.0, 0.0, 0.0, 900.0, 6.49, 6.0]",False,ENGINEERING DEFINITION - REVIEW BEFORE FABRICATION,Weld web to bearer. Grind upper edge to measured floor slope; do not force-distort pan.
WP_CRADLE_WEB_3_2,1,A36 steel,A36 steel; finish-machine6.000mmfrom1/4in6.35mmstock,,6,"[0.0, 0.0, 0.0, 900.0, 6.042, 6.0]",False,ENGINEERING DEFINITION - REVIEW BEFORE FABRICATION,Weld web to bearer. Grind upper edge to measured floor slope; do not force-distort pan.
WP_HOLD_TAB_1,1,A36 steel,A36 steel; finish-machine6.000mmfrom1/4in6.35mmstock,,6,"[0.0, 0.0, 0.0, 26.0, 30.0, 6.0]",False,ENGINEERING DEFINITION - REVIEW BEFORE FABRICATION,"Continuous6mm-side-edge weld to pan side. M6x40 restraint, not part of routing load path."
WP_HOLD_SPACER_1,1,A36 steel,A36 steel,19.244152396190202,,"[-6.0, -6.0, 0.0, 6.0, 6.0, 19.2442]",False,ENGINEERING DEFINITION - REVIEW BEFORE FABRICATION,Machined spacer between bearer top and pan tab. Seats without pulling pan out of shape.
STD_M6x40_SOCKET,4,M6x40class8.8,M6x40class8.8,,,"[-5.0, -5.0, 0.0, 5.0, 5.0, 46.0]",True,PURCHASED ENVELOPE - VERIFY INTERFACE,
WP_HOLD_TAB_2,1,A36 steel,A36 steel; finish-machine6.000mmfrom1/4in6.35mmstock,,6,"[0.0, 0.0, 0.0, 26.0, 30.0, 6.0]",False,ENGINEERING DEFINITION - REVIEW BEFORE FABRICATION,"Continuous6mm-side-edge weld to pan side. M6x40 restraint, not part of routing load path."
WP_HOLD_SPACER_2,1,A36 steel,A36 steel,19.244152396190202,,"[-6.0, -6.0, 0.0, 6.0, 6.0, 19.2442]",False,ENGINEERING DEFINITION - REVIEW BEFORE FABRICATION,Machined spacer between bearer top and pan tab. Seats without pulling pan out of shape.
WP_HOLD_TAB_3,1,A36 steel,A36 steel; finish-machine6.000mmfrom1/4in6.35mmstock,,6,"[0.0, 0.0, 0.0, 26.0, 30.0, 6.0]",False,ENGINEERING DEFINITION - REVIEW BEFORE FABRICATION,"Continuous6mm-side-edge weld to pan side. M6x40 restraint, not part of routing load path."
WP_HOLD_SPACER_3,1,A36 steel,A36 steel,9.494152396190202,,"[-6.0, -6.0, 0.0, 6.0, 6.0, 9.4942]",False,ENGINEERING DEFINITION - REVIEW BEFORE FABRICATION,Machined spacer between bearer top and pan tab. Seats without pulling pan out of shape.
WP_HOLD_TAB_4,1,A36 steel,A36 steel; finish-machine6.000mmfrom1/4in6.35mmstock,,6,"[0.0, 0.0, 0.0, 26.0, 30.0, 6.0]",False,ENGINEERING DEFINITION - REVIEW BEFORE FABRICATION,"Continuous6mm-side-edge weld to pan side. M6x40 restraint, not part of routing load path."
WP_HOLD_SPACER_4,1,A36 steel,A36 steel,9.494152396190202,,"[-6.0, -6.0, 0.0, 6.0, 6.0, 9.4942]",False,ENGINEERING DEFINITION - REVIEW BEFORE FABRICATION,Machined spacer between bearer top and pan tab. Seats without pulling pan out of shape.
WP_COMB,2,A36 steel,A36 steel; finish-machine6.000mmfrom1/4in6.35mmstock,,6,"[0.0, 3.5982, 0.0, 1120.0, 60.0, 6.0]",False,ENGINEERING DEFINITION - REVIEW BEFORE FABRICATION,"Continuous lower edge follows floor. Stitch weld to floor, alternating sides; slots3.6wide toZ775 seat."
WP_SLAT,19,A36 steel,"A36 steel; purchase0.120in sheet,verifyactualgauge",,3.048,"[0.0, 0.0, 0.0, 880.0, 75.0, 3.048]",False,ENGINEERING DEFINITION - REVIEW BEFORE FABRICATION,Replaceable loose slat;75height yields topZ850. No welding to comb.
WT_FLOOR,1,A36 steel,"A36 steel; purchase0.120in sheet,verifyactualgauge",,3.048,"[0.0, 0.0, 0.0, 906.096, 606.096, 3.048]",False,ENGINEERING DEFINITION - REVIEW BEFORE FABRICATION,"Weld continuously to all walls. Floor drain allows washout; permanently vented, never pressure/vacuum-rated."
WT_SIDE,2,A36 steel,"A36 steel; purchase0.120in sheet,verifyactualgauge",,3.048,"[0.0, 0.0, 0.0, 606.096, 250.0, 3.048]",False,ENGINEERING DEFINITION - REVIEW BEFORE FABRICATION,
WT_FRONT,1,A36 steel,"A36 steel; purchase0.120in sheet,verifyactualgauge",,3.048,"[0.0, 0.0, 0.0, 900.0, 250.0, 3.048]",False,ENGINEERING DEFINITION - REVIEW BEFORE FABRICATION,
WT_REAR,1,A36 steel,"A36 steel; purchase0.120in sheet,verifyactualgauge",,3.048,"[0.0, 0.0, 0.0, 900.0, 250.0, 3.048]",False,ENGINEERING DEFINITION - REVIEW BEFORE FABRICATION,Rear port is the clarified pickup. The emergency overflow uses the separate internal standpipe through the floor.
WT_SETTLING_WEIR,1,A36 steel,"A36 steel; purchase0.120in sheet,verifyactualgauge",,3.048,"[0.0, 0.0, 0.0, 900.0, 50.0, 3.048]",False,ENGINEERING DEFINITION - REVIEW BEFORE FABRICATION,Weld bottom and sides;topZ228.048. Retainssettledmaterialwithouttrappingexcesswater.
WT_PICKUP_PIPE,1,NPS0.5 schedule40 steel pipe,NPS0.5 schedule40 steel pipe,608.048,,"[-10.65, -10.65, 0.0, 10.65, 10.65, 608.048]",False,ENGINEERING DEFINITION - REVIEW BEFORE FABRICATION,"Axis+Y;open intake is25mm above internalfloor,inclarifiedfrontbay. Sealbafflepenetration. | Rearexternalend1/2NPTmale. Pumptripat55mmaboveinternalfloor. | https://www.wheatland.com/wp-content/uploads/2017/12/Schedule-40-Submittal-Sheet.pdf"
WT_EMERGENCY_OVERFLOW,1,NPS1.5 schedule40 steel pipe,NPS1.5 schedule40 steel pipe,292,,"[-24.15, -24.15, 0.0, 24.15, 24.15, 292.0]",False,ENGINEERING DEFINITION - REVIEW BEFORE FABRICATION,"Internal standpipe crest Z420.048,242mm above reservoir floor. Open outlet below tank atZ128.048 must route to a visible drain; never cap. | https://www.wheatland.com/wp-content/uploads/2017/12/Schedule-40-Submittal-Sheet.pdf"
WT_CLEANOUT_NECK,1,NPS1.5 schedule40 steel pipe,NPS1.5 schedule40 steel pipe,62.048,,"[-24.15, -24.15, 0.0, 24.15, 24.15, 62.048]",False,ENGINEERING DEFINITION - REVIEW BEFORE FABRICATION,"Flush upper end with tank inner floor; lower end is plain, welded to the fabricated flange. The old1.5 NPT cap callout is superseded. | Tank must be emptied and isolated before loosening the cleanout cover. This large opening is for washout, not controlled draining of115 L."
WT_RIM_FRONT,1,A36 steel,A36 steel; finish-machine6.000mmfrom1/4in6.35mmstock,,6,"[0.0, 0.0, 0.0, 966.096, 30.0, 6.0]",False,ENGINEERING DEFINITION - REVIEW BEFORE FABRICATION,Continuous external wall weld. M6 weld nuts below each bolt hole; remove lid for tank washout.
WT_RIM_REAR,1,A36 steel,A36 steel; finish-machine6.000mmfrom1/4in6.35mmstock,,6,"[0.0, 0.0, 0.0, 966.096, 30.0, 6.0]",False,ENGINEERING DEFINITION - REVIEW BEFORE FABRICATION,Continuous external wall weld. M6 weld nuts below each bolt hole; remove lid for tank washout.
WT_RIM_LEFT,1,A36 steel,A36 steel; finish-machine6.000mmfrom1/4in6.35mmstock,,6,"[0.0, 0.0, 0.0, 30.0, 606.096, 6.0]",False,ENGINEERING DEFINITION - REVIEW BEFORE FABRICATION,Continuous external wall weld. M6 weld nuts below each bolt hole; remove lid for tank washout.
WT_RIM_RIGHT,1,A36 steel,A36 steel; finish-machine6.000mmfrom1/4in6.35mmstock,,6,"[0.0, 0.0, 0.0, 30.0, 606.096, 6.0]",False,ENGINEERING DEFINITION - REVIEW BEFORE FABRICATION,Continuous external wall weld. M6 weld nuts below each bolt hole; remove lid for tank washout.
WT_GASKET,1,"2 mm nitrile (NBR) sheet, oil- and coolant-resistant","2 mm nitrile (NBR) sheet, oil- and coolant-resistant",,2,"[0.0, 0.0, 0.0, 966.096, 666.096, 2.0]",False,ENGINEERING DEFINITION - REVIEW BEFORE FABRICATION,"Knife-cut; do not use metal laser program. Permanently vented cover, not a pressure seal. | Rev K: nitrile (NBR) instead of EPDM, because router coolant reaches the water."
WT_LID,1,A36 steel,"A36 steel; purchase0.120in sheet,verifyactualgauge",,3.048,"[0.0, 0.0, 0.0, 966.096, 666.096, 3.048]",False,ENGINEERING DEFINITION - REVIEW BEFORE FABRICATION,"Catch-basket hatch166x126. Separate55mm overflow entry and33.6mm vent pipe penetration. | Rev H: routine washout is through two independent service openings; the equipment lid remains installed. | The full lid is a major-disassembly item, not a verified routine removal. Drain and isolate before opening either hatch."
STD_M6x20_SOCKET,38,M6x20 class8.8,M6x20 class8.8,,,"[-5.0, -5.0, 0.0, 5.0, 5.0, 26.0]",True,PURCHASED ENVELOPE - VERIFY INTERFACE,
WT_VENT_NECK,1,NPS1 schedule40 steel pipe,NPS1 schedule40 steel pipe,60,,"[-16.7, -16.7, 0.0, 16.7, 16.7, 60.0]",False,ENGINEERING DEFINITION - REVIEW BEFORE FABRICATION,Permanently open vent. Fit coarse removable stainless insect/debris mesh; inspect for blockage. No compressed-air connection.
WT_BASKET_BASE,1,304 stainless1.5mm,304 stainless1.5mm,,1.5,"[0.0, 0.0, 0.0, 160.0, 120.0, 1.5]",False,ENGINEERING DEFINITION - REVIEW BEFORE FABRICATION,Ø6 coarse perforations; abrasive fines pass to settling tank. Removable for cleaning.
WT_BASKET_SIDE,2,304 stainless1.5mm,304 stainless1.5mm,,1.5,"[0.0, 0.0, 0.0, 120.0, 98.5, 1.5]",False,ENGINEERING DEFINITION - REVIEW BEFORE FABRICATION,
WT_BASKET_END,2,304 stainless1.5mm,304 stainless1.5mm,,1.5,"[0.0, 0.0, 0.0, 157.0, 98.5, 1.5]",False,ENGINEERING DEFINITION - REVIEW BEFORE FABRICATION,
WT_BASKET_RIM,1,304 stainless2mm,304 stainless2mm,,2,"[0.0, 0.0, 0.0, 180.0, 140.0, 2.0]",False,ENGINEERING DEFINITION - REVIEW BEFORE FABRICATION,Rim seats on lid with7mm minimum overlap around hatch; entire basket lifts vertically100mm before rearward removal.
WT_BASKET_SPLASH_COVER,1,304 stainless1.5mm,304 stainless1.5mm,,1.5,"[0.0, 0.0, 0.0, 180.0, 140.0, 1.5]",False,ENGINEERING DEFINITION - REVIEW BEFORE FABRICATION,Loose removable splash cover;58mm open inlet remains vented. Drain outlet is above inlet with air gap.
PUMP_TRAY,1,A36 steel,"A36 steel; purchase0.120in sheet,verifyactualgauge",,3.048,"[0.0, 0.0, 0.0, 250.0, 126.0, 3.048]",False,ENGINEERING DEFINITION - REVIEW BEFORE FABRICATION,"FourØ5pumpmounts:58longitudinal×85transverse,210mmfamilydrawing. Receipt-checkselected31seriesbracketbeforefinaldrill. | Pumpfootthicknessandportaxisnotpublished;M4mountboltlengthisreceipt-selected. Flexiblehoseconnectionsrequired. | Rev I head faces+X: world foot boresX806/864,Y850.5/935.5; supersedes previousX866/924 locations. Receipt-check feet before drilling."
PUMP_SPACER,4,A36 steel,A36 steel,13.856,,"[-6.0, -6.0, 0.0, 6.0, 6.0, 13.856]",False,ENGINEERING DEFINITION - REVIEW BEFORE FABRICATION,OD12ID6.6steelspacer;lidandtrayremaindemountableforwashout.
STD_M6x35_SOCKET,4,M6x35class8.8,M6x35class8.8,,,"[-5.0, -5.0, 0.0, 5.0, 5.0, 41.0]",True,PURCHASED ENVELOPE - VERIFY INTERFACE,
BUY_SFDP2_018_120_31,1,Purchased24V7Lminpump,Purchased24V7Lminpump,,,"[0.0, -0.0, 0.0, 210.0, 86.0, 114.5]",True,PURCHASED CLEARANCE ENVELOPE - RECEIPT VERIFY BRACKET AND PORTS,210×86×114.5manufacturerfamilyenvelope;notinternalpumpgeometry.3/8NPTportsviaflexible1/2inhoseadapters. | Exactmountfootthicknessnotpublished;selectM4boltsafterreceipt. | Rev I placement: head toward+X/right plumbing bay.180deg rotation changes world foot columns toX806/864; no inferred port centers.
VENT_SCREEN_SLEEVE,1,304stainlessmachinedsleeve,304stainlessmachinedsleeve,,,"[-19.7, -19.7, -0.0, 19.7, 19.7, 12.0]",False,ENGINEERING DEFINITION - REVIEW BEFORE FABRICATION,"ID33.8OD39.4length12;2×M4radialtap,opposed. Perforatedcapweldedtosleeve;removeforscreenwashing."
VENT_PERFORATED_CAP,1,304stainless1.5mm,304stainless1.5mm,,,"[-19.7, -19.7, 0.0, 19.7, 19.7, 1.5]",False,ENGINEERING DEFINITION - REVIEW BEFORE FABRICATION,"Ø39.4×1.5disc,12Ø3 holes on the ±3/±9 grid with four corners omitted;84.82mm² nominal open area,neverpaintorplug. Coarsedebrisguard,notfiltermedia."
STD_M4x3_GRUB,2,M4x3grubscrew,M4x3grubscrew,,,"[-2.0, -2.0, 0.0, 2.0, 2.0, 3.0]",True,PURCHASED ENVELOPE - VERIFY INTERFACE,
OVERFLOW_CATCH_FLOOR,1,304 stainless1.5mm,304 stainless1.5mm,,1.5,"[0.0, 0.0, 0.0, 600.0, 250.0, 1.5]",False,ENGINEERING DEFINITION - REVIEW BEFORE FABRICATION,"Welded open catch vessel,8.85L internal capacity. Keep visible and empty; investigate any water in it before restarting."
OVERFLOW_CATCH_SIDE,2,304 stainless1.5mm,304 stainless1.5mm,,1.5,"[0.0, 0.0, 0.0, 250.0, 60.0, 1.5]",False,ENGINEERING DEFINITION - REVIEW BEFORE FABRICATION,
OVERFLOW_CATCH_END,2,304 stainless1.5mm,304 stainless1.5mm,,1.5,"[0.0, 0.0, 0.0, 597.0, 60.0, 1.5]",False,ENGINEERING DEFINITION - REVIEW BEFORE FABRICATION,
OVERFLOW_CATCH_PAD,4,"NBR rubber30mm rod,cut15mm","NBR rubber30mm rod,cut15mm",15,,"[-15.0, -15.0, 0.0, 15.0, 15.0, 15.0]",False,ENGINEERING DEFINITION - REVIEW BEFORE FABRICATION,Bond pads beneath the removable catch vessel; inspect condition during washout.
FLOAT_BACKRAIL_PAN,3,304stainless6mm,304stainless6mm; finish-machine6.000mmfrom1/4in6.35mmstock,,6,"[0.0, 0.0, 0.0, 50.0, 155.0, 6.0]",False,ENGINEERING DEFINITION - REVIEW BEFORE FABRICATION,Slot height adjustment; weld two standoffs to wet face of wall. No new pan/tank wall penetrations.
FLOAT_STANDOFF,10,304stainlessbar,304stainlessbar,7.952,,"[-6.0, -6.0, 0.0, 6.0, 6.0, 7.952]",False,ENGINEERING DEFINITION - REVIEW BEFORE FABRICATION,"OD12×7.952solidstandoff,continuousfilletatbothends."
FLOAT_SLIDER,5,304stainless0.120insheet,"304stainless0.120insheet; purchase0.120in sheet,verifyactualgauge",,3.048,"[0.0, 0.0, 0.0, 44.0, 25.0, 3.048]",False,ENGINEERING DEFINITION - REVIEW BEFORE FABRICATION,
FLOAT_LEDGE,5,304stainless0.120insheet,"304stainless0.120insheet; purchase0.120in sheet,verifyactualgauge",,3.048,"[0.0, 0.0, 0.0, 35.952, 44.0, 3.048]",False,ENGINEERING DEFINITION - REVIEW BEFORE FABRICATION,M10sensorclearance10.5;weldrearledgetoslidertop. Floatthreadclampswithsuppliernut. Wetcalibrate;nominalmountZisnottripZ.
STD_M6x16_SOCKET,10,M6x16stainlesssocket,M6x16stainlesssocket,,,"[-5.0, -5.0, 0.0, 5.0, 5.0, 22.0]",True,PURCHASED ENVELOPE - VERIFY INTERFACE,
STD_M6_STAINLESS_NUT,10,M6stainlessnut,M6stainlessnut,,,"[-5.7735, -5.0, 0.0, 5.7735, 5.0, 5.0]",True,PURCHASED ENVELOPE - VERIFY INTERFACE,
BUY_FOCMKEAS_M10_65MM,5,Purchasedstainlessreedfloat,Purchasedstainlessreedfloat,,,"[-13.0, -13.0, 0.0, 13.0, 13.0, 68.048]",True,PURCHASED SERVICE ENVELOPE - WET CALIBRATE TRIP PLANE,"Seller65mmoverall/M10/Ø26;conservative60mmunderledgebodyenvelope. Actualbodyshapeandtripoffsetnotpublished. | TargettripZ=810;PAN_EMPTYislowlevelplus60sdrain,notanabsolutedrydetector."
BUY_FLOAT_M10_MOUNTNUT,5,SuppliedM10floatmountnut,SuppliedM10floatmountnut,,,"[-9.815, -8.5, 0.0, 9.815, 8.5, 5.0]",True,PURCHASED ENVELOPE - VERIFY INTERFACE,"Nominal17AF×5mountnutenvelope;usesensorsuppliednutandsealingwasher,confirmactualthreadpitch."
FLOAT_GUARD_FLOOR,4,304stainless1mm,304stainless1mm,,1,"[0.0, 0.0, 0.0, 36.0, 40.0, 1.0]",False,ENGINEERING DEFINITION - REVIEW BEFORE FABRICATION,
FLOAT_GUARD_SIDE,5,304stainless1mm,304stainless1mm,,1,"[0.0, 0.0, 0.0, 40.0, 61.0, 1.0]",False,ENGINEERING DEFINITION - REVIEW BEFORE FABRICATION,Slottedremovableguard;upperedgesweldtofloatledgeunderside. Brushcleanandtestfreefloattravel.
FLOAT_PAN_MIN_GUARD_SIDE_2,1,304stainless1mm,304stainless1mm,,,"[0.0, 0.0, 0.0, 1.0, 40.0, 61.0]",False,ENGINEERING DEFINITION - REVIEW BEFORE FABRICATION,Slottedremovableguard;upperedgesweldtofloatledgeunderside. Brushcleanandtestfreefloattravel. | Two 12 mm cylindrical access cuts along world X at the M6 clamp axes. Use the individual STEP for these guard cutouts; no through-cut DXF is issued for the intersecting notch.
FLOAT_PAN_MIN_GUARD_END_1,1,304stainless1mm,304stainless1mm,,,"[0.0, -0.0, 0.0, 34.0, 1.0, 61.0]",False,ENGINEERING DEFINITION - REVIEW BEFORE FABRICATION,Two 12 mm cylindrical access cuts along world X at the M6 clamp axes. Use the individual STEP for these guard cutouts; no through-cut DXF is issued for the intersecting notch.
FLOAT_PAN_MIN_GUARD_END_2,1,304stainless1mm,304stainless1mm,,,"[0.0, -0.0, 0.0, 34.0, 1.0, 61.0]",False,ENGINEERING DEFINITION - REVIEW BEFORE FABRICATION,Two 12 mm cylindrical access cuts along world X at the M6 clamp axes. Use the individual STEP for these guard cutouts; no through-cut DXF is issued for the intersecting notch.
FLOAT_PAN_FILL_GUARD_SIDE_2,1,304stainless1mm,304stainless1mm,,,"[0.0, 0.0, 0.0, 1.0, 40.0, 61.0]",False,ENGINEERING DEFINITION - REVIEW BEFORE FABRICATION,Slottedremovableguard;upperedgesweldtofloatledgeunderside. Brushcleanandtestfreefloattravel. | Two 12 mm cylindrical access cuts along world X at the M6 clamp axes. Use the individual STEP for these guard cutouts; no through-cut DXF is issued for the intersecting notch.
FLOAT_PAN_FILL_GUARD_END_1,1,304stainless1mm,304stainless1mm,,,"[0.0, -0.0, 0.0, 34.0, 1.0, 61.0]",False,ENGINEERING DEFINITION - REVIEW BEFORE FABRICATION,Two 12 mm cylindrical access cuts along world X at the M6 clamp axes. Use the individual STEP for these guard cutouts; no through-cut DXF is issued for the intersecting notch.
FLOAT_PAN_FILL_GUARD_END_2,1,304stainless1mm,304stainless1mm,,,"[0.0, -0.0, 0.0, 34.0, 1.0, 61.0]",False,ENGINEERING DEFINITION - REVIEW BEFORE FABRICATION,Two 12 mm cylindrical access cuts along world X at the M6 clamp axes. Use the individual STEP for these guard cutouts; no through-cut DXF is issued for the intersecting notch.
FLOAT_PAN_HH_GUARD_SIDE_2,1,304stainless1mm,304stainless1mm,,,"[0.0, 0.0, 0.0, 1.0, 40.0, 61.0]",False,ENGINEERING DEFINITION - REVIEW BEFORE FABRICATION,Slottedremovableguard;upperedgesweldtofloatledgeunderside. Brushcleanandtestfreefloattravel. | Two 12 mm cylindrical access cuts along world X at the M6 clamp axes. Use the individual STEP for these guard cutouts; no through-cut DXF is issued for the intersecting notch.
FLOAT_PAN_HH_GUARD_END_1,1,304stainless1mm,304stainless1mm,,,"[0.0, -0.0, 0.0, 34.0, 1.0, 61.0]",False,ENGINEERING DEFINITION - REVIEW BEFORE FABRICATION,Two 12 mm cylindrical access cuts along world X at the M6 clamp axes. Use the individual STEP for these guard cutouts; no through-cut DXF is issued for the intersecting notch.
FLOAT_PAN_HH_GUARD_END_2,1,304stainless1mm,304stainless1mm,,,"[0.0, -0.0, 0.0, 34.0, 1.0, 61.0]",False,ENGINEERING DEFINITION - REVIEW BEFORE FABRICATION,Two 12 mm cylindrical access cuts along world X at the M6 clamp axes. Use the individual STEP for these guard cutouts; no through-cut DXF is issued for the intersecting notch.
FLOAT_BACKRAIL_PAN_EMPTY,1,304stainless6mm,304stainless6mm; finish-machine6.000mmfrom1/4in6.35mmstock,,6,"[0.0, 0.0, 0.0, 50.0, 155.0, 6.0]",False,ENGINEERING DEFINITION - REVIEW BEFORE FABRICATION,Slot height adjustment; weld two standoffs to wet face of wall. No new pan/tank wall penetrations. | Restricted PAN_EMPTY carrier mount Z812..832 nominal; do not extend slots downward. Lowest bolt-axis limit including 0.3 mm slot/shank radial play is mount Z811.7.
FLOAT_GUARD_FLOOR_PAN_EMPTY,1,304stainless1mm,304stainless1mm,,1,"[0.0, 0.0, 0.0, 36.0, 40.0, 1.0]",False,ENGINEERING DEFINITION - REVIEW BEFORE FABRICATION,"PAN_EMPTY installed guard underside Z750 at carrier mount Z812; floor footprint X978..1014, Y1177..1217. Nominal closest pan-floor clearance is 10.671 mm before fabrication tolerances. | Maintain at least 8 mm actual clear gap across the entire guard footprint after welding, with the carrier clamped at its lowest allowed setting. This allows 2.37 mm total pan/guard/datum variation after 0.3 mm bolt-slot play; rework the bracket if the gauge fails. | Removable for brushing/washout; the 8 mm clean gap is not permission to accumulate sludge. Wet-calibrate PAN_EMPTY and prove the remaining 60 s drain empties the usable pan before enabling a bed change. No dry-pan claim from this float alone."
FLOAT_PAN_EMPTY_GUARD_SIDE_2,1,304stainless1mm,304stainless1mm,,,"[0.0, 0.0, 0.0, 1.0, 40.0, 61.0]",False,ENGINEERING DEFINITION - REVIEW BEFORE FABRICATION,Slottedremovableguard;upperedgesweldtofloatledgeunderside. Brushcleanandtestfreefloattravel. | Two 12 mm cylindrical access cuts along world X at the M6 clamp axes. Use the individual STEP for these guard cutouts; no through-cut DXF is issued for the intersecting notch.
FLOAT_PAN_EMPTY_GUARD_END_1,1,304stainless1mm,304stainless1mm,,,"[0.0, -0.0, 0.0, 34.0, 1.0, 61.0]",False,ENGINEERING DEFINITION - REVIEW BEFORE FABRICATION,Two 12 mm cylindrical access cuts along world X at the M6 clamp axes. Use the individual STEP for these guard cutouts; no through-cut DXF is issued for the intersecting notch.
FLOAT_PAN_EMPTY_GUARD_END_2,1,304stainless1mm,304stainless1mm,,,"[0.0, -0.0, 0.0, 34.0, 1.0, 61.0]",False,ENGINEERING DEFINITION - REVIEW BEFORE FABRICATION,Two 12 mm cylindrical access cuts along world X at the M6 clamp axes. Use the individual STEP for these guard cutouts; no through-cut DXF is issued for the intersecting notch.
FLOAT_BACKRAIL_TANK,1,304stainless6mm,304stainless6mm; finish-machine6.000mmfrom1/4in6.35mmstock,,6,"[0.0, 0.0, 0.0, 50.0, 115.0, 6.0]",False,ENGINEERING DEFINITION - REVIEW BEFORE FABRICATION,Slot height adjustment; weld two standoffs to wet face of wall. No new pan/tank wall penetrations.
FLOAT_TANK_LOW_GUARD_SIDE_2,1,304stainless1mm,304stainless1mm,,,"[0.0, 0.0, 0.0, 1.0, 40.0, 61.0]",False,ENGINEERING DEFINITION - REVIEW BEFORE FABRICATION,Slottedremovableguard;upperedgesweldtofloatledgeunderside. Brushcleanandtestfreefloattravel. | Two 12 mm cylindrical access cuts along world X at the M6 clamp axes. Use the individual STEP for these guard cutouts; no through-cut DXF is issued for the intersecting notch.
FLOAT_TANK_LOW_GUARD_END_1,1,304stainless1mm,304stainless1mm,,,"[0.0, -0.0, 0.0, 34.0, 1.0, 61.0]",False,ENGINEERING DEFINITION - REVIEW BEFORE FABRICATION,Two 12 mm cylindrical access cuts along world X at the M6 clamp axes. Use the individual STEP for these guard cutouts; no through-cut DXF is issued for the intersecting notch.
FLOAT_TANK_LOW_GUARD_END_2,1,304stainless1mm,304stainless1mm,,,"[0.0, 0.0, 0.0, 34.0, 1.0, 61.0]",False,ENGINEERING DEFINITION - REVIEW BEFORE FABRICATION,Two 12 mm cylindrical access cuts along world X at the M6 clamp axes. Use the individual STEP for these guard cutouts; no through-cut DXF is issued for the intersecting notch.
J_PAD_FRONT_ROUND,1,A36 steel,A36 steel; finish-machine6.000mmfrom1/4in6.35mmstock,,6.0,"[0.0, 0.0, 0.0, 45.0, 60.0, 6.0]",False,ENGINEERING DEFINITION - REVIEW BEFORE FABRICATION,"6 mm steel seat pad, fully on the ledger top. Weld all round with 3 mm fillets BEFORE the ledger is sand-filled. | After welding, face all six pad tops coplanar within 0.1 mm (fly-cut or shim-map), then drill the Ø11 bolt hole through into the ledger sleeve. | Front pads only: left Ø10.05 locating hole (reamed to the measured pin), right 10.05 x 16 slot along X. The slot axis passes through the left pin."
J_LEDGER_M10_SLEEVE,6,Machined steel,Machined steel,,,"[-9.0, -9.0, 0.0, 9.0, 9.0, 50.8]",False,ENGINEERING DEFINITION - REVIEW BEFORE FABRICATION,"OD18 x 50.8 sleeve through BOTH ledger walls; continuous seal welds top and bottom, finished flush, BEFORE sand fill. The ledger is a ballast compartment: never drill it after filling. | Drill 8.5 and tap M10x1.5 at least 25 deep from the top after welding. STEP bore is the nominal M10 thread envelope."
J_PAD_PLAIN,4,A36 steel,A36 steel; finish-machine6.000mmfrom1/4in6.35mmstock,,6.0,"[0.0, 0.0, 0.0, 45.0, 60.0, 6.0]",False,ENGINEERING DEFINITION - REVIEW BEFORE FABRICATION,"6 mm steel seat pad, fully on the ledger top. Weld all round with 3 mm fillets BEFORE the ledger is sand-filled. | After welding, face all six pad tops coplanar within 0.1 mm (fly-cut or shim-map), then drill the Ø11 bolt hole through into the ledger sleeve. | Front pads only: left Ø10.05 locating hole (reamed to the measured pin), right 10.05 x 16 slot along X. The slot axis passes through the left pin."
J_PAD_FRONT_SLOT,1,A36 steel,A36 steel; finish-machine6.000mmfrom1/4in6.35mmstock,,6.0,"[0.0, 0.0, 0.0, 45.0, 60.0, 6.0]",False,ENGINEERING DEFINITION - REVIEW BEFORE FABRICATION,"6 mm steel seat pad, fully on the ledger top. Weld all round with 3 mm fillets BEFORE the ledger is sand-filled. | After welding, face all six pad tops coplanar within 0.1 mm (fly-cut or shim-map), then drill the Ø11 bolt hole through into the ledger sleeve. | Front pads only: left Ø10.05 locating hole (reamed to the measured pin), right 10.05 x 16 slot along X. The slot axis passes through the left pin."
MOD_RAIL,2,A500 2x2x.120 tube,A500 2x2x.120 tube,1330.904,,"[0.0, 0.0, 0.0, 50.8, 1330.904, 50.8]",False,ENGINEERING DEFINITION - REVIEW BEFORE FABRICATION,"Module side rail. Bears only on the three seat pads; no other contact with the ledger. | Ø18 bores through both walls at the three drawdown stations; Ø10 bores through both walls for the front locating pin. | Weld sleeves, pins, crossmember end plates and end caps, then hot-dip galvanize the complete module weldment (vent holes per galvanizer)."
MOD_RAIL_CAP,4,A36 steel 0.120 in sheet,"A36 steel 0.120 in sheet; purchase0.120in sheet,verifyactualgauge",,3.048,"[0.0, 0.0, 0.0, 50.8, 50.8, 3.048]",False,ENGINEERING DEFINITION - REVIEW BEFORE FABRICATION,Seal-weld end cap. Galvanizing vent holes as the galvanizer specifies; seal or leave open to drain as agreed.
MOD_COMPRESSION_SLEEVE,6,Machined steel,Machined steel,50.8,,"[-9.0, -9.0, 0.0, 9.0, 9.0, 50.8]",False,ENGINEERING DEFINITION - REVIEW BEFORE FABRICATION,OD18 ID11 x 50.8 through both rail walls; weld and finish flush both faces. Carries the M10 drawdown preload without crushing the tube.
STD_DOWEL_10x56,2,"Hardened stainless dowel pin, Ø10 m6 x 56","Hardened stainless dowel pin, Ø10 m6 x 56",,,"[-5.0, -5.0, 0.0, 5.0, 5.0, 56.0]",True,PURCHASED ENVELOPE - VERIFY INTERFACE,"Press through both rail walls; top flush with the rail top, 5.2 mm projects below the rail into the front pad hole (left) or slot (right). | Pins sit in the moving module, so nothing projects above the pads in plasma mode (pad tops Z846, slat tops Z850)."
MOD_CROSSMEMBER_1,1,A500 2x2x.120 tube,A500 2x2x.120 tube,912.4000000000001,,"[0.0, 0.0, 0.0, 912.4, 50.8, 50.8]",False,ENGINEERING DEFINITION - REVIEW BEFORE FABRICATION,"2 x 2 x .120 crossmember; top is the T-slot seating plane at Z920.8. Not a precision surface: the HDPE top is surfaced in the machine. | Top wall: nine Ø5.5 holes for the M5 strip screws. Bottom wall: nine Ø14 access holes on the same axes, which also drain coolant after galvanizing. | Y position keeps the crossmember out of the pan-float bands at Y575..745 and Y1172..1222 in the installed position."
MOD_XM_END_PLATE,8,A36 steel,A36 steel; finish-machine6.000mmfrom1/4in6.35mmstock,,6,"[0.0, 0.0, 0.0, 50.8, 74.8, 6.0]",False,ENGINEERING DEFINITION - REVIEW BEFORE FABRICATION,6 mm end plate 50.8 x 74.8: closes the crossmember and joins it over the full rail height. Continuous 4 mm fillets to crossmember and rail.
MOD_CROSSMEMBER_2,1,A500 2x2x.120 tube,A500 2x2x.120 tube,912.4000000000001,,"[0.0, 0.0, 0.0, 912.4, 50.8, 50.8]",False,ENGINEERING DEFINITION - REVIEW BEFORE FABRICATION,"2 x 2 x .120 crossmember; top is the T-slot seating plane at Z920.8. Not a precision surface: the HDPE top is surfaced in the machine. | Top wall: nine Ø5.5 holes for the M5 strip screws. Bottom wall: nine Ø14 access holes on the same axes, which also drain coolant after galvanizing. | Y position keeps the crossmember out of the pan-float bands at Y575..745 and Y1172..1222 in the installed position."
MOD_CROSSMEMBER_3,1,A500 2x2x.120 tube,A500 2x2x.120 tube,912.4000000000001,,"[0.0, 0.0, 0.0, 912.4, 50.8, 50.8]",False,ENGINEERING DEFINITION - REVIEW BEFORE FABRICATION,"2 x 2 x .120 crossmember; top is the T-slot seating plane at Z920.8. Not a precision surface: the HDPE top is surfaced in the machine. | Top wall: nine Ø5.5 holes for the M5 strip screws. Bottom wall: nine Ø14 access holes on the same axes, which also drain coolant after galvanizing. | Y position keeps the crossmember out of the pan-float bands at Y575..745 and Y1172..1222 in the installed position."
MOD_CROSSMEMBER_4,1,A500 2x2x.120 tube,A500 2x2x.120 tube,912.4000000000001,,"[0.0, 0.0, 0.0, 912.4, 50.8, 50.8]",False,ENGINEERING DEFINITION - REVIEW BEFORE FABRICATION,"2 x 2 x .120 crossmember; top is the T-slot seating plane at Z920.8. Not a precision surface: the HDPE top is surfaced in the machine. | Top wall: nine Ø5.5 holes for the M5 strip screws. Bottom wall: nine Ø14 access holes on the same axes, which also drain coolant after galvanizing. | Y position keeps the crossmember out of the pan-float bands at Y575..745 and Y1172..1222 in the installed position."
MOD_LIFT_LUG,4,A36 steel,A36 steel,,9.525,"[0.0, 0.0, 0.0, 50.0, 75.0, 9.525]",False,ENGINEERING DEFINITION - REVIEW BEFORE FABRICATION,"3/8 in (9.525) lift lug welded to the crossmember end face, full height, 6 mm fillets both sides. Ø14 hole takes a 3/8 in screw-pin shackle (7/16 in pin). | Four lugs at X150/X1000 beyond both deck ends. The 4-leg sling runs inboard of the Y rails and forward of the rear-parked gantry; see the handling check. | Proof-load the finished module lift once at 2 x module mass before first use; lifting-equipment rules for the jurisdiction apply."
BUY_20100_1197,9,Purchased 6063-T5 profile,Purchased 6063-T5 profile,,,"[-0.0, 0.0, -0.0, 100.0, 1197.0, 20.0]",True,PURCHASED ENVELOPE - VERIFY INTERFACE,"Purchased 20100 profile, one saw cut per 1220 mm bar to 1197. No drilling. Slots run front-to-back. | Seated directly on the four crossmembers; one M5 screw per crossmember from inside the tube into a square nut in the bottom slot."
STD_M5x8_ISO7380_A4,36,M5x8 stainless button head,M5x8 stainless button head,,,"[-4.75, -4.75, -2.75, 4.75, 4.75, 8.0]",True,PURCHASED ENVELOPE - VERIFY INTERFACE,Inserted upward through the Ø14 bottom access hole. Stainless A4; anti-seize on aluminum.
STD_DIN562_M5_A4,48,M5 stainless square nut DIN562,M5 stainless square nut DIN562,,,"[-4.0, -4.0, 0.0, 4.0, 4.0, 2.7]",True,PURCHASED ENVELOPE - VERIFY INTERFACE,Slide into the bottom slot from the strip end before the strip is placed; seats on the 1.3 mm lips.
MOD_HDPE_PLATE_1,1,"HDPE sheet 3/4 in, finish 18.0","HDPE sheet 3/4 in, finish 18.0",,18.0,"[0.0, 0.0, 0.0, 398.0, 1000.0, 18.0]",False,ENGINEERING DEFINITION - REVIEW BEFORE FABRICATION,"398 x 1000 sacrificial top within tool reach (X175..975, Y130..1130 covers the nominal and the possible 20 mm rearward ZBX80 shift). | Waterproof, does not swell with coolant. Surface in place after the module is seated; re-skim if the module is reinstalled and the probe map moves. | HDPE expands about 0.15 mm per metre per degC: the fastener pattern lets it grow from one fixed point."
STD_M5x12_ISO4762_A4,12,M5x12 stainless socket head,M5x12 stainless socket head,,,"[-4.25, -4.25, 0.0, 4.25, 4.25, 17.0]",True,PURCHASED ENVELOPE - VERIFY INTERFACE,
STD_M5_WASHER_15_A4,12,M5 stainless washer 15x5.3x1.5,M5 stainless washer 15x5.3x1.5,,,"[-7.5, -7.5, 0.0, 7.5, 7.5, 1.5]",True,PURCHASED ENVELOPE - VERIFY INTERFACE,
MOD_HDPE_PLATE_2,1,"HDPE sheet 3/4 in, finish 18.0","HDPE sheet 3/4 in, finish 18.0",,18.0,"[0.0, 0.0, 0.0, 398.0, 1000.0, 18.0]",False,ENGINEERING DEFINITION - REVIEW BEFORE FABRICATION,"398 x 1000 sacrificial top within tool reach (X175..975, Y130..1130 covers the nominal and the possible 20 mm rearward ZBX80 shift). | Waterproof, does not swell with coolant. Surface in place after the module is seated; re-skim if the module is reinstalled and the probe map moves. | HDPE expands about 0.15 mm per metre per degC: the fastener pattern lets it grow from one fixed point."
STD_M10x80_ISO4762_A4,6,M10x80 stainless A4-70 socket head,M10x80 stainless A4-70 socket head,,,"[-8.0, -8.0, 0.0, 8.0, 8.0, 90.0]",True,PURCHASED ENVELOPE - VERIFY INTERFACE,"One of six module drawdowns, the only screws released for a bed change. 23 mm thread engagement in the ledger sleeve. | Anti-seize on the thread; 30 N m. Remove all six to the bolt tray before lifting."
STD_M10_WASHER_A4,6,M10 stainless washer 20x10.5x2,M10 stainless washer 20x10.5x2,,,"[-10.0, -10.0, 0.0, 10.0, 10.0, 2.0]",True,PURCHASED ENVELOPE - VERIFY INTERFACE,
J_BOLT_TRAY_FLOOR,1,304 stainless 3 mm sheet,304 stainless 3 mm sheet,,3,"[0.0, 0.0, 0.0, 210.0, 120.0, 3.0]",False,ENGINEERING DEFINITION - REVIEW BEFORE FABRICATION,Seal-weld to the removable reservoir lid. Holds the six M10 drawdowns and washers while the module is out.
J_BOLT_TRAY_SIDE,2,304 stainless 3 mm sheet,304 stainless 3 mm sheet,,3,"[0.0, 0.0, 0.0, 120.0, 20.0, 3.0]",False,ENGINEERING DEFINITION - REVIEW BEFORE FABRICATION,
J_BOLT_TRAY_END,2,304 stainless 3 mm sheet,304 stainless 3 mm sheet,,3,"[0.0, 0.0, 0.0, 204.0, 20.0, 3.0]",False,ENGINEERING DEFINITION - REVIEW BEFORE FABRICATION,
TOOL_PARK_BASE,2,A36 steel,"A36 steel; purchase0.120in sheet,verifyactualgauge",,3.048,"[0.0, 0.0, 0.0, 30.0, 110.0, 3.048]",False,ENGINEERING DEFINITION - REVIEW BEFORE FABRICATION,"Spindle is parked horizontally along X, inside the rear bay. Disconnect power before removing it from the head."
TOOL_PARK_CRADLE,2,A36 steel,A36 steel,,,"[0.0, 0.0, 0.0, 110.0, 166.856, 6.0]",False,ENGINEERING DEFINITION - REVIEW BEFORE FABRICATION,"110mm wide,6mm thick;65.6mm open-top cradle centered at Y1080/Z600. Weld bottom to base with3mm fillets. | Two6x16mm strap slots at local X10/100,Z130. Use two25mm cam straps to retain the spindle."
HW_BOLT_BIN_FLOOR,1,A36 steel,"A36 steel; purchase0.120in sheet,verifyactualgauge",,3.048,"[0.0, 0.0, 0.0, 200.0, 100.0, 3.048]",False,ENGINEERING DEFINITION - REVIEW BEFORE FABRICATION,Holds the removed spindle-clamp screws and the four lift shackles. The six Rev J drawdowns use their own tray on the reservoir lid.
HW_BOLT_BIN_SIDE,2,A36 steel,"A36 steel; purchase0.120in sheet,verifyactualgauge",,3.048,"[0.0, 0.0, 0.0, 100.0, 26.952, 3.048]",False,ENGINEERING DEFINITION - REVIEW BEFORE FABRICATION,
HW_BOLT_BIN_END,2,A36 steel,"A36 steel; purchase0.120in sheet,verifyactualgauge",,3.048,"[0.0, 0.0, 0.0, 193.904, 26.952, 3.048]",False,ENGINEERING DEFINITION - REVIEW BEFORE FABRICATION,
CAB_STRINGER,2,A5001x1x.083tube,A5001x1x.083tube,499.2,,"[0.0, 0.0, 0.0, 25.4, 499.2, 25.4]",False,ENGINEERING DEFINITION - REVIEW BEFORE FABRICATION,"Bridges the undersides of pan bearers 1 and 2 with 25 mm underlap each end, outboard of the enclosure width. | Drill two Ø6.0 clearance holes along local +Z through BOTH tube walls: local X12.7, Y12.6 and Y486.8 from the square-cut end. These bores are cut into the individual STEP. | The Ø6.0 bores provide 0.25 mm nominal radial clearance to the modeled Ø5.5 #12 shank. The screw self-drills only the bearer wall. The cage unbolts without disturbing the bearers or pan."
STD_12-14x38_TEK,4,#12-14x38 self-drilling screw,#12-14x38 self-drilling screw,,,"[-5.5, -5.5, 0.0, 5.5, 5.5, 38.0]",True,PURCHASED ENVELOPE - VERIFY INTERFACE,Head bears under the stringer; shank passes the pre-drilled stringer walls and self-drills the pan-bearer bottom wall.
CAB_UPRIGHT,2,A5001x1x.083tube,A5001x1x.083tube,488.80000000000007,,"[0.0, 0.0, 0.0, 25.4, 25.4, 488.8]",False,ENGINEERING DEFINITION - REVIEW BEFORE FABRICATION,"Welded T to its stringer at the top; both back rails weld across the pair. Fabricate the cage as one weldment, then bolt it up into the bearers."
CAB_RAIL,2,A5001x1x.083tube,A5001x1x.083tube,444.6,,"[0.0, 0.0, 0.0, 444.6, 25.4, 25.4]",False,ENGINEERING DEFINITION - REVIEW BEFORE FABRICATION,"Horizontal back rail welded across both uprights; carries the enclosure back-panel bolts. | Transfer-drill the two Ø6.6 bolt holes per rail from the selected enclosure back panel; nominal stations X460/X690. | Rev I: actual twoØ6.6 holes through both rail walls at worldX460/690 and rail centerZ; localX107.3/337.3,Y-axis. Match-drill enclosure, fit sealed washers."
STD_M6x45_SOCKET,4,M6x45 socket screw,M6x45 socket screw,,,"[-5.0, -5.0, 0.0, 5.0, 5.0, 51.0]",True,PURCHASED ENVELOPE - VERIFY INTERFACE,Through the enclosure back panel and both rail walls; nyloc at the rear face. Positions are nominal until the vendor back panel is transfer-drilled. | Rev I hole geometry is explicit; bonded sealing washer/interface thickness remains receipt-fit with enclosure.
STD_M6_NYLOC,16,M6 nyloc nut,M6 nyloc nut,,,"[-5.7735, -5.0, 0.0, 5.7735, 5.0, 6.0]",True,PURCHASED ENVELOPE - VERIFY INTERFACE,
CAB_DRIP_CAP,1,Mild steel1.5mm,Mild steel1.5mm,,1.5,"[0.0, 0.0, 0.0, 436.4, 233.2117, 1.5]",False,ENGINEERING DEFINITION - REVIEW BEFORE FABRICATION,"Flat 436.4 x 233.211660 x 1.5 mm roof, mounted rear high at 1% slope; four Ø5.5 holes at the DXF coordinates. No bends or bend allowance. | Continuously seal-weld the separate 20 mm front lip to the roof underside along the front edge. Control distortion, leak-test, then coat all faces; do not weld galvanized sheet. | Support and retention come from four cage tabs and M5 fasteners. No attachment to, or assumed load bearing by, the purchased enclosure. | Rear and side edges are intentionally plain so the shield can withdraw 230 mm forward parallel to its 1% slope, then lower 100 mm into the front bay for hand removal. Remove all four M5 bolts/nuts first. Confirm the actual enclosure door and hinge envelope before release. | After welding and coating, check at least 2 mm roof-to-enclosure clearance and 1 mm clearance to the bearer along the withdrawal path; adjust or remake tabs/shield if either check fails. These are as-built checks, not assumed vendor tolerances."
CAB_CAP_TAB_LEFT,2,A36 steel0.120insheet,"A36 steel0.120insheet; purchase0.120in sheet,verifyactualgauge",,3.048,"[0.0, 0.0, 0.0, 19.1, 30.0, 3.048]",False,ENGINEERING DEFINITION - REVIEW BEFORE FABRICATION,"Weld outer 30 mm edge to the inner vertical face of its cage stringer. Tab upper face follows the roof 1% slope and touches its underside; tack using the drilled roof as an alignment fixture, then remove roof before final welding. | Ø5.5 through-hole takes M5 retaining bolt. Deburr both bearing faces; coat weldment before final assembly. This tab does not bear on the enclosure."
STD_M5x20_SOCKET,4,M5x20 class8.8 socket screw,M5x20 class8.8 socket screw,,,"[-4.25, -4.25, 0.0, 4.25, 4.25, 25.0]",True,PURCHASED ENVELOPE - VERIFY INTERFACE,"Through Ø5.5 roof/tab holes, normal to the 1% roof plane. Remove bolt and nut before withdrawing the shield."
STD_M5_NYLOC,12,M5 nyloc nut,M5 nyloc nut,,,"[-4.6188, -4.0, 0.0, 4.6188, 4.0, 5.0]",True,PURCHASED ENVELOPE - VERIFY INTERFACE,"Nominal 8AF x 5 envelope; retained below cage tab, outside enclosure side wall."
CAB_CAP_TAB_RIGHT,2,A36 steel0.120insheet,"A36 steel0.120insheet; purchase0.120in sheet,verifyactualgauge",,3.048,"[0.0, 0.0, 0.0, 19.1, 30.0, 3.048]",False,ENGINEERING DEFINITION - REVIEW BEFORE FABRICATION,"Weld outer 30 mm edge to the inner vertical face of its cage stringer. Tab upper face follows the roof 1% slope and touches its underside; tack using the drilled roof as an alignment fixture, then remove roof before final welding. | Ø5.5 through-hole takes M5 retaining bolt. Deburr both bearing faces; coat weldment before final assembly. This tab does not bear on the enclosure."
H_WT_CLARIFIED_GASKET,1,"2 mm nitrile (NBR) sheet, oil- and coolant-resistant","2 mm nitrile (NBR) sheet, oil- and coolant-resistant",,2,"[0.0, 0.0, 0.0, 360.0, 215.0, 2.0]",False,ENGINEERING DEFINITION - REVIEW BEFORE FABRICATION,"Knife cut, not a metal cutting program. Splash seal only; tank remains permanently vented. | Rev K: nitrile (NBR) instead of EPDM, because router coolant reaches the water."
H_WT_CLARIFIED_COVER,1,A36 steel0.120in sheet,"A36 steel0.120in sheet; purchase0.120in sheet,verifyactualgauge",,3.048,"[0.0, 0.0, 0.0, 360.0, 215.0, 3.048]",False,ENGINEERING DEFINITION - REVIEW BEFORE FABRICATION,"Six M5x16 screws into underside weld nuts. Remove screws before lifting; retain gasket on the fixed lid. | Lift 50 mm, move forward to parking Y935.000, rotate +90 degrees about the cover lower/front edge, then lower into both 40 mm deep parking pockets. | Open position is service only. Confirm the panel is fully seated in both pockets; do not operate machine with a hatch open. | These are vacuum-wand/long-brush washout openings; tank cleaning efficacy is a physical commissioning check."
H_WT_PULL_TAB,2,A36 steel3mm,A36 steel3mm,,3,"[0.0, 0.0, 0.0, 20.0, 30.0, 3.0]",False,ENGINEERING DEFINITION - REVIEW BEFORE FABRICATION,Weld20 mm lower edge to cover top; deburr12 mm lifting-hook hole. Cover and tab move as one weldment. This is not a rated hoist point.
STD_M5_WELDNUT,12,M5 weld nut,M5 weld nut,,,"[-4.6188, -4.0, 0.0, 4.6188, 4.0, 4.0]",True,PURCHASED ENVELOPE - VERIFY INTERFACE,
STD_M5x16_SOCKET,12,M5x16 socket screw,M5x16 socket screw,,,"[-4.25, -4.25, 0.0, 4.25, 4.25, 21.0]",True,PURCHASED ENVELOPE - VERIFY INTERFACE,
H_WT_PARK_FLOOR,4,A36 steel,A36 steel,,3,"[0.0, 0.0, 0.0, 40.0, 14.0, 3.0]",False,ENGINEERING DEFINITION - REVIEW BEFORE FABRICATION,Seal weld perimeter to equipment lid; bottom support for service cover.
H_WT_PARK_FACE,8,A36 steel,A36 steel,,3,"[0.0, 0.0, 0.0, 40.0, 40.0, 3.0]",False,ENGINEERING DEFINITION - REVIEW BEFORE FABRICATION,Weld to pocket floor; installed inner gap is 8 mm for the 3.048 mm cover.
H_WT_PARK_END,4,A36 steel,A36 steel,,3,"[0.0, 0.0, 0.0, 8.0, 40.0, 3.0]",False,ENGINEERING DEFINITION - REVIEW BEFORE FABRICATION,Weld bottom edge to lid just beyond the service cover ends; limits sideways movement.
H_WT_SETTLING_GASKET,1,"2 mm nitrile (NBR) sheet, oil- and coolant-resistant","2 mm nitrile (NBR) sheet, oil- and coolant-resistant",,2,"[0.0, 0.0, 0.0, 310.0, 140.0, 2.0]",False,ENGINEERING DEFINITION - REVIEW BEFORE FABRICATION,"Knife cut, not a metal cutting program. Splash seal only; tank remains permanently vented. | Rev K: nitrile (NBR) instead of EPDM, because router coolant reaches the water."
H_WT_SETTLING_COVER,1,A36 steel0.120in sheet,"A36 steel0.120in sheet; purchase0.120in sheet,verifyactualgauge",,3.048,"[0.0, 0.0, 0.0, 310.0, 140.0, 3.048]",False,ENGINEERING DEFINITION - REVIEW BEFORE FABRICATION,"Six M5x16 screws into underside weld nuts. Remove screws before lifting; retain gasket on the fixed lid. | Lift 50 mm, move forward to parking Y1168.000, rotate +90 degrees about the cover lower/front edge, then lower into both 40 mm deep parking pockets. | Open position is service only. Confirm the panel is fully seated in both pockets; do not operate machine with a hatch open. | These are vacuum-wand/long-brush washout openings; tank cleaning efficacy is a physical commissioning check."
J_REFILL_GUSSET,1,A36 steel6mm,A36 steel6mm; finish-machine6.000mmfrom1/4in6.35mmstock,,6,"[0.0, 0.0, 0.0, 45.0, 60.0, 6.0]",False,ENGINEERING DEFINITION - REVIEW BEFORE FABRICATION,"Weld the 45 mm edge to the pan floor and the 60 mm edge to the riser, both sides, after the riser is seal-welded into the floor. | Replaces the Rev H stay: the riser now stands in the slat bay in front of slat 19, where a stay to the rear wall would pass under the slat."
H_WT_WASHOUT_FLANGE,1,A36 steel6mm,A36 steel6mm; finish-machine6.000mmfrom1/4in6.35mmstock,,6,"[-45.0, -45.0, 0.0, 45.0, 45.0, 6.0]",False,ENGINEERING DEFINITION - REVIEW BEFORE FABRICATION,Diameter90 nominal128-sided flange with48.5 bore; lower pipe end seats at flange topZ116. Continuous seal weld around pipe. | Four6.6 holes on70 pitch circle at45/135/225/315 degrees. Rear shelf crossmember stays untouched.
H_WT_WASHOUT_GASKET,1,"2 mm nitrile (NBR) sheet, oil- and coolant-resistant","2 mm nitrile (NBR) sheet, oil- and coolant-resistant",,2,"[-45.0, -45.0, 0.0, 45.0, 45.0, 2.0]",False,ENGINEERING DEFINITION - REVIEW BEFORE FABRICATION,"Knife cut. Vented gravity tank only; not a pressure-rated flange. | Rev K: nitrile (NBR) instead of EPDM, because router coolant reaches the water."
H_WT_WASHOUT_COVER,1,A36 steel4mm,A36 steel4mm,,4,"[-45.0, -45.0, 0.0, 45.0, 45.0, 4.0]",False,ENGINEERING DEFINITION - REVIEW BEFORE FABRICATION,Flat blank with four clearance holes. Cover removal requires the empty isolated tank and a washout catch beneath.
STD_M6x25_SOCKET_HEAD_DOWN,4,M6x25 socket screw,M6x25 socket screw,,,"[-5.0, -5.0, 0.0, 5.0, 5.0, 31.0]",True,PURCHASED ENVELOPE - VERIFY INTERFACE,
STD_M6_WASHER,12,M6 plain washer,M6 plain washer,,,"[-6.0, -6.0, 0.0, 6.0, 6.0, 1.6]",True,PURCHASED ENVELOPE - VERIFY INTERFACE,
K_REFILL_MITER_SPOUT,1,"NPS0.5 schedule40 steel pipe, welded miter assembly","NPS0.5 schedule40 steel pipe, welded miter assembly",,,"[334.35, 1204.75, 665.0, 395.65, 1226.05, 897.65]",False,ENGINEERING DEFINITION - REVIEW BEFORE FABRICATION,"Rev J spout with the riser 2 mm longer. Centerline: (385,1215.4,665) -> (385,1215.4,887) -> (345,1215.4,887) -> (345,1215.4,867). | Segment lengths 222/40/20 mm; long-point miter blanks 232.65/61.3/30.65 mm before dressing and thread allowance. | Outlet low edge Z867: 32 mm air gap over the Z835 pan rim, at least twice the 15.8 mm bore. Keep at least 31.6 mm as built. | Bottom end 1/2 NPT male at Z665 (as Rev J). Top discharge stays open: no valve or nozzle downstream."
K_DRAIN_SCREEN_BASKET,1,"304 stainless perforated sheet 0.8 mm, 3 mm holes, about 40 % open","304 stainless perforated sheet 0.8 mm, 3 mm holes, about 40 % open",,,"[-30.0, -30.0, -40.0, 30.0, 30.0, 26.5]",False,ENGINEERING DEFINITION - REVIEW BEFORE FABRICATION,"Basket Ø40 x 40 deep in the Ø40.9 pan drain neck, flange Ø60 x 1.5 on the pan floor, 8 x 25 lift tab with a Ø5 hole on the flange ring. Roll and seam the side, weld on the bottom disc and flange, then the tab. | Open area about 2513 mm², about 4x the NPS1 drain bore: the drain still passes the pan with the screen half blocked. Empty it before every mode change and after long cuts. | The flange rests on its front edge; the 1 % floor fall leaves up to 0.7 mm under its rear edge."
STD_HALF_COUPLING_1_2_NPT_3000,1,1/2 NPT 3000# forged steel half coupling,1/2 NPT 3000# forged steel half coupling,,,"[-0.0, -16.0, -16.0, 25.0, 16.0, 16.0]",True,PURCHASED ENVELOPE - VERIFY INTERFACE,"Seal weld to the outside of the tank right wall over the Ø22 hole, then leak-test and coat. Envelope Ø32 x 25."
K_TANK_DRAIN_VALVE_SET,1,Purchased fittings: space reservation,Purchased fittings: space reservation,,,"[0.0, 0.0, 0.0, 45.0, 130.0, 50.0]",True,"PURCHASED FITTING ZONE - SELECT VALVE, CLOSE NIPPLE AND HOSE ADAPTER TO FIT","1/2 in street elbow turned rearward, full-port ball valve with lever, 1/2 NPT close nipple, 1/2 MNPT x 3/4 garden-hose adapter and cap. Zone X1053..1098 / Y1135..1265 / Z176..226: inside the frame side (X1099), above the tank-support tubes (Z175) and below the frame side rail (Z230). Reach it from the right side between the legs. | To drain: screw on a garden hose to a floor drain, uncap, open the valve. It empties the clarified bay to 4 mm; the settling bay (about 6 L below its weir) empties through the washout cover."
I_DRAIN_REDUCER_SUPPORT,1,A36 steel,A36 steel; finish-machine6.000mmfrom1/4in6.35mmstock,,6,"[-30.0, -30.0, 0.0, 30.0, 35.0, 6.0]",False,ENGINEERING DEFINITION - REVIEW BEFORE FABRICATION,"Flat reducer/support plate. Weld NPS1.5 upper sleeve to upper face and NPS1 lower nipple through bore, then leak-test. | Rear straight60 mm edge meets the lower edge of the separate pan-wall support strap. Weld to strap; does not bear on reservoir lid."
I_DRAIN_UPPER_SLEEVE,1,A36 steel,A36 steel,12.398152,,"[-24.15, -24.15, 0.0, 24.15, 24.15, 12.3982]",False,ENGINEERING DEFINITION - REVIEW BEFORE FABRICATION,NPS1.5 SCH40 OD48.3/ID40.9. Upper end butts existing pan neck atZ693.398152; continuous sealed weld. Lower end seats on reducer plate.
I_DRAIN_WALL_STRAP,1,A36 steel,"A36 steel; purchase0.120in sheet,verifyactualgauge",,3.048,"[0.0, 0.0, 0.0, 60.0, 90.0, 3.048]",False,ENGINEERING DEFINITION - REVIEW BEFORE FABRICATION,"Flat60x90x3.048 support. Upper27 mm attaches outside pan rear wall; lower edge supports reducer ledge. Seal weld to pan after confirming pan remains square. | This strap carries valve/pipe dead weight; no hose or operator loads are permitted on the actuator. | Rear face datumY1308.128 leaves0.080mm nominal fit-up gap to pan rear wall/floor projection; bridge with continuous weld, not a bolted load path."
BUY_USS_MSV00009,1,Purchased item: see the part number and notes,Purchased item: see the part number and notes,,,"[-40.8, -107.0, -0.0, 40.8, 24.5, 72.0]",True,SOURCED PURCHASED ALLOCATION - FACE LENGTH AND STEM OFFSET MUST BE RECEIPT VERIFIED,"https://file.ussolid.com/content/JFMSV/MSV-physical-size.pdf pages3-4: exact SKU stainless1in full-port, L72,d25,H49; actuator81.6x62.1x58. | Actuator faces forward(-Y). Stem-side extent conservatively107 mm from pipe axis; H is not an explicit port-axis offset. This is an outer allocation, not the manufacturer solid. | Manufacturer product photo separately labels about81 mm overall. Fit upper/lower nipples after measuring the received valve; do not order prefabricated cut nipples from this nominal face stack. | 1in FNPT both ends; 24V2wire normally-closed auto-return; no inferred position feedback. Keep actuator dry and below its40C ambient limit."
I_DRAIN_UPPER_NIPPLE,1,A36 steel,A36 steel,45,,"[-16.7, -16.7, 0.0, 16.7, 16.7, 45.0]",True,GUARDED FIT-TO-ASSEMBLY PIPE - NPT END AND LENGTH REQUIRE RECEIVED VALVE,"Nominal45 mm NPS1 SCH40 stub; upper end flush reducer top681. Lower1NPT thread is represented by clearance only. | Fit and mark after valve is hand/makeup assembled to its maker guidance. Nominal16 mm engagement is an allocation, not specified tightening or manufactured length."
I_DRAIN_LOWER_NIPPLE,1,A36 steel,A36 steel,56,,"[-16.7, -16.7, 0.0, 16.7, 16.7, 56.0]",True,GUARDED FIT-TO-ASSEMBLY PIPE - NPT END AND LENGTH REQUIRE RECEIVED VALVE,Lower plain end welds into top flange with bottom flushZ542. Upper1NPT engages valve; nominal face datum580. | Cut final length after valve assembly to hold fixed flange lower faceZ542; unknown thread makeup must not be imposed on the pan.
I_DRAIN_FIXED_FLANGE,1,A36 steel6mm,A36 steel6mm; finish-machine6.000mmfrom1/4in6.35mmstock,,6,"[-45.0, -45.0, 0.0, 45.0, 45.0, 6.0]",False,ENGINEERING DEFINITION - REVIEW BEFORE FABRICATION,"FourØ6.6 holes on70 PCD at45/135/225/315deg. Dimensioned removable gravity tail connection, no purchased union. | Empty pan and isolate pump before removing all four bolts. Lower6, move90 forward, lift40, move140 right, move90 rearward, then lower47.904 into its parking cup."
I_DRAIN_TAIL_GASKET,1,"2 mm nitrile (NBR) sheet, oil- and coolant-resistant","2 mm nitrile (NBR) sheet, oil- and coolant-resistant",,2,"[-45.0, -45.0, 0.0, 45.0, 45.0, 2.0]",False,ENGINEERING DEFINITION - REVIEW BEFORE FABRICATION,"FourØ6.6 holes on70 PCD at45/135/225/315deg. Dimensioned removable gravity tail connection, no purchased union. | Empty pan and isolate pump before removing all four bolts. Lower6, move90 forward, lift40, move140 right, move90 rearward, then lower47.904 into its parking cup. | Rev K: nitrile (NBR) instead of EPDM, because router coolant reaches the water."
I_DRAIN_TAIL_FLANGE,1,A36 steel6mm,A36 steel6mm; finish-machine6.000mmfrom1/4in6.35mmstock,,6,"[-45.0, -45.0, 0.0, 45.0, 45.0, 6.0]",False,ENGINEERING DEFINITION - REVIEW BEFORE FABRICATION,"FourØ6.6 holes on70 PCD at45/135/225/315deg. Dimensioned removable gravity tail connection, no purchased union. | Empty pan and isolate pump before removing all four bolts. Lower6, move90 forward, lift40, move140 right, move90 rearward, then lower47.904 into its parking cup."
I_DRAIN_TAIL,1,A36 steel,A36 steel,90,,"[-16.7, -16.7, 0.0, 16.7, 16.7, 90.0]",False,ENGINEERING DEFINITION - REVIEW BEFORE FABRICATION,"NPS1 SCH40 straight90 mm. Upper end flush top of lower flangeZ540; continuous weld at flange bore. Lower outletZ450,13.404 mm above basket splash cover."
STD_M6x30_HEAD_DOWN,4,Purchased item: see the part number and notes,Purchased item: see the part number and notes,,,"[-5.0, -5.0, 0.0, 5.0, 5.0, 36.0]",True,PURCHASED ENVELOPE - VERIFY INTERFACE,
I_DRAIN_PARK_BASE,1,A36 steel,A36 steel,,3,"[0.0, 0.0, 0.0, 40.0, 60.0, 3.0]",False,ENGINEERING DEFINITION - REVIEW BEFORE FABRICATION,Weld the three supported edges to lid; right edge overhangs existing lid1.952mm. Supports detached gravity tail only.
I_DRAIN_PARK_COLLAR,1,A36 steel,A36 steel,35,,"[-20.0, -20.0, 0.0, 20.0, 20.0, 35.0]",False,ENGINEERING DEFINITION - REVIEW BEFORE FABRICATION,"Fabricated35 mm collar, ID35.0, OD40.0. Weld bottom to base. Lower pipe into cup until end restsZ436.096; flange thenZ520.096."
PARKER_801_6_PRESSURE_ROUTE,1,"Parker 801-6 hose, 3/8 in ID","Parker 801-6 hose, 3/8 in ID",876.99111843111,,"[377.05, 912.05, 550.0, 987.95, 1210.0, 652.95]",True,DEFINED ROUTE - FIELD-TRIM ENDS / APPROVED 82 SERIES CONNECTIONS STILL REQUIRED,"https://www.parker.com/content/dam/Parker-com/Literature/Hose-Products-Division/Websphere-Supporting-Literature/FCG_HPD-Thermal-Management-Hoses-Bulletin.pdf | Parker 801-6: 3/8 in nominal ID, 15.9 mm OD, 350 psi, 75 mm minimum bend radius. All three designed bends R80. | Rev K route: the Rev I route lowered 20 mm (centreline Z645) to meet the Rev J spout riser end at Z665. Use matching Parker 82 series fittings; the hose pressure rating exceeds the 120 psi pump shutoff. | Centreline length is routing length only; cut to the measured pump and spout fittings."
K_REFILL_SPOUT_CONNECTION_ZONE,1,Purchased fittings: space reservation,Purchased fittings: space reservation,,,"[0.0, 0.0, 0.0, 40.0, 26.0, 45.0]",True,ADJUSTABLE END CONNECTION ZONE - RECEIPT SELECT 1/2 NPT STREET ELBOW AND 82 SERIES ADAPTER,"Fitting volume X365..405 / Y1210..1236 / Z620..665, directly below the Rev J riser end (1/2 NPT male, Z665) and behind the hose start (385, 1210, 645), which heads forward under pan bearer 3. | The selected street elbow and adapter must fit this zone and let the hose leave without forcing the spout. Pan bearer 3 (Y1150..1200.8, bottom Z679) is above and in front of the zone."
I_HOSE_CLAMP_UPPER,3,Mild steel 20x37x14 offcut,Mild steel 20x37x14 offcut,,,"[0.0, 0.0, -0.0, 20.0, 37.0, 14.0]",False,ENGINEERING DEFINITION - REVIEW BEFORE FABRICATION,"Rev I split block, half Ø20 bore; split plane at the hose centre. Fit a 2 mm liner around the 15.9 mm hose; never clamp directly on the rubber."
I_HOSE_CLAMP_LOWER,3,Mild steel 20x37x14 offcut,Mild steel 20x37x14 offcut,,,"[0.0, 0.0, 0.0, 20.0, 37.0, 14.0]",False,ENGINEERING DEFINITION - REVIEW BEFORE FABRICATION,"Rev I split block, half Ø20 bore; split plane at the hose centre. Fit a 2 mm liner around the 15.9 mm hose; never clamp directly on the rubber."
K_HOSE_CLAMP_STRAP,3,A36 steel,A36 steel,,3,"[0.0, 0.0, 0.0, 20.0, 65.0, 3.0]",False,ENGINEERING DEFINITION - REVIEW BEFORE FABRICATION,"Steel 20x65x3 strap on bearer 3 front face Y1150, Z645..710; weld to the bearer over Z679.2..710. The upper clamp block welds or bolts to it (steel block)."
STD_M4x35_HEAD_DOWN,6,Purchased item: see the part number and notes,Purchased item: see the part number and notes,,,"[-3.5, -3.5, 0.0, 3.5, 3.5, 39.0]",True,PURCHASED ENVELOPE - VERIFY INTERFACE,
STD_M4_NYLOC,6,Purchased item: see the part number and notes,Purchased item: see the part number and notes,,,"[-4.0415, -3.5, 0.0, 4.0415, 3.5, 4.0]",True,PURCHASED ENVELOPE - VERIFY INTERFACE,
I_SUCTION_STANDOFF,6,A36 steel,A36 steel; finish-machine6.000mmfrom1/4in6.35mmstock,,6,"[0.0, 0.0, 0.0, 20.0, 30.952, 6.0]",False,ENGINEERING DEFINITION - REVIEW BEFORE FABRICATION,Weld front20mm edge to outer reservoir rear wall; rear edge meets stanchionY1349. No tank penetration.
I_SUCTION_GUIDE,2,A36 steel,A36 steel,,3,"[0.0, 0.0, 0.0, 35.0, 32.0, 3.0]",False,ENGINEERING DEFINITION - REVIEW BEFORE FABRICATION,Feed hose throughØ20 before end fittings; fit split soft liner and deburr. Left6mm of side edge welds to stanchion; not a hydraulic joint.
BUY_SEAFLO_SFWS_500_02,1,Purchased item: see the part number and notes,Purchased item: see the part number and notes,,,"[0.0, 0.0, 0.0, 97.0, 167.0, 117.0]",True,SOURCED L/H ALLOCATION - TRANSVERSE WIDTH AND PORT AXIS ACCEPTANCE HELD,"https://www.seaflo.com/uploads/allimg/20251113/1-25111323053E18.jpg | SFWS-500-02 drawing:body length97,barb-to-barb167,overall height117mm;1/2NPT,50mesh316screen. | 97mm transverse acceptance width is reserved, not dimensioned by supplier. Verify actual body fits clear97mm between carrier uprights and beneath620mm top straps before fabrication. | Whole strainer lifts120mm after four top screws and both hose connections are removed. Bowl washing occurs after removal from carrier; never loosen a suction fitting with pump enabled."
I_STRAINER_POST,2,1x1x.083steel tube,1x1x.083steel tube,57.904,,"[0.0, 0.0, 0.0, 25.4, 25.4, 57.904]",False,ENGINEERING DEFINITION - REVIEW BEFORE FABRICATION,Seal weld to lid; right-side tray support using brace stock.
I_STRAINER_POST_CAP,2,A36 steel,A36 steel,,3,"[0.0, 0.0, 0.0, 25.4, 25.4, 3.0]",False,ENGINEERING DEFINITION - REVIEW BEFORE FABRICATION,Weld cap to tube end; M6 weld nut beneath atcenter.
I_STRAINER_TRAY,1,A36 steel,A36 steel; finish-machine6.000mmfrom1/4in6.35mmstock,,6,"[0.0, 0.0, 0.0, 145.0, 187.0, 6.0]",False,ENGINEERING DEFINITION - REVIEW BEFORE FABRICATION,"6mm steel cantilever tray; twoM6 bolts into capped posts. Strainer weight rests on tray through fitted soft pads, not its hoses. | Right edgeX1150 is machine-plan boundary. Do not add outward projecting fittings. Source width acceptance and fit padding remain before fabrication."
I_STRAINER_UPRIGHT,4,A36 steel,A36 steel,,3,"[0.0, 0.0, 0.0, 10.0, 117.0, 3.0]",False,ENGINEERING DEFINITION - REVIEW BEFORE FABRICATION,Weld lower10mm edge to tray; clear inner width97mm.
I_STRAINER_LAND,4,A36 steel,A36 steel,,3,"[0.0, 0.0, 0.0, 10.0, 15.0, 3.0]",False,ENGINEERING DEFINITION - REVIEW BEFORE FABRICATION,Weld rear edge to upright; M4 weld nut below overhang.
STD_M4_WELDNUT,4,Purchased item: see the part number and notes,Purchased item: see the part number and notes,,,"[-4.0415, -3.5, 0.0, 4.0415, 3.5, 4.0]",True,PURCHASED ENVELOPE - VERIFY INTERFACE,
STD_M4x16_SOCKET,4,Purchased item: see the part number and notes,Purchased item: see the part number and notes,,,"[-3.5, -3.5, 0.0, 3.5, 3.5, 20.0]",True,PURCHASED ENVELOPE - VERIFY INTERFACE,
I_STRAINER_TOP,2,A36 steel,A36 steel,,3,"[0.0, 0.0, 0.0, 117.0, 15.0, 3.0]",False,ENGINEERING DEFINITION - REVIEW BEFORE FABRICATION,Remove bothM4 bolts and lift this top bridge before removing strainer. Soft padding secures bought strainer in carrier; never load its bowl threads.
PARKER_801_6_SUCTION_ROUTE,1,"Parker 801-6 hose, 3/8 in ID","Parker 801-6 hose, 3/8 in ID",1492.9911184307753,,"[172.05, 1042.05, 280.0, 1127.95, 1365.95, 628.0]",True,DEFINED SUCTION ROUTE - FIELD-FIT END 82 SERIES CONNECTIONS REQUIRED,"https://www.parker.com/content/dam/Parker-com/Literature/Hose-Products-Division/Websphere-Supporting-Literature/FCG_HPD-Thermal-Management-Hoses-Bulletin.pdf | Parker 801-6, 3/8 ID, 15.9 OD, 28 inHg vacuum rating, min R75; designed R80. | Rev K route rises the whole way: pickup Z280, rear leg Y1358/Z540, then up into the strainer end zone from below. No high point for air to collect in (Rev I peaked at Z710). | At 7 L/min the 9.5 mm bore runs at about 1.6 m/s, enough to carry air bubbles along. Commissioning test: the pump primes from dry within 30 s and fills at 5 L/min or more; otherwise go to 1/2 in hose."
K_SUCTION_STANCHION,1,A36 steel,A36 steel; finish-machine6.000mmfrom1/4in6.35mmstock,,6,"[0.0, 0.0, 0.0, 20.0, 230.0, 6.0]",False,ENGINEERING DEFINITION - REVIEW BEFORE FABRICATION,20x230x6 strip on the two Rev I standoffs; the Rev I 490 mm strip is cut down because the line turns at Z460.
K_SUCTION_REAR_POST,2,A36 steel 6 mm,A36 steel 6 mm; finish-machine6.000mmfrom1/4in6.35mmstock,,6,"[0.0, 0.0, 0.0, 34.0, 270.0, 6.0]",False,ENGINEERING DEFINITION - REVIEW BEFORE FABRICATION,"Post Y1349..1370 below Z480, Y1336..1370 above it; Ø20 eye for the hose at Y1358 / Z540 with a split soft liner. | Welded to two standoffs from the tank rear wall. Carries the hose only."
BUY_VEVOR_SPT_500_400_200_BODY,1,Purchased item: see the part number and notes,Purchased item: see the part number and notes,,,"[0.0, 0.0, 0.0, 400.0, 200.0, 500.0]",True,SOURCED BODY ALLOCATION - VENDOR FLANGES/HINGES/LATCH AND MODIFICATION ACCEPTANCE HELD,"https://www.vevor.com/electrical-enclosure-c_10749/vevor-20x16x8-carbon-steel-electrical-enclosure-wall-mount-junction-box-ip65-p_010399775149 | Published500x400x200 outer;1.5 steel; interior497x397x166.5. Outer shell is a simplified manufacturer allocation, not a fabrication drawing of the bought box. | New custom back holes atX460/690,Z190/620: drill with cage in place and deburr; fit bonded sealing washers. They replace the unknown vendor pendant mounting pattern. | Two145x80 bottom windows defined in assembly, each covered by a separate gasketed175x110 gland plate. Verify they do not intersect the received vendor outlet cutout/returns before cutting. Enclosure rating after modification is not asserted. | Rev K: two 145 x 120 floor windows (world X400..545 and X605..750, Y315..435) under the gland plates, eight Ø5.5 plate holes, and two 125 x 125 side cutouts: fan inlet on the left wall centred Y355 Z275, exhaust filter on the right wall centred Y355 Z545. With the fan the box is IP54, not IP65."
I_CABINET_DOOR_ALLOCATION,1,Purchased item: see the part number and notes,Purchased item: see the part number and notes,,,"[0.0, 0.0, 0.0, 397.0, 33.5, 497.0]",True,ACCESS-CLOSURE ALLOCATION - HINGE/LATCH DRAWING NOT AVAILABLE; NO OPENING CERTIFICATION,"Uses sourced usable-depth exclusion, not assumed physical33.5mm solid door. Actual folded return, hinge pin, lock and opening angle must be checked on selected VEVOR model. | Service the cabinet only with router panels installed and front storage bay empty. No cabinet access is required during normal in-footprint bed conversion."
I_CABINET_BACKPLATE,1,Vendor galvanized backplate2mm,Vendor galvanized backplate2mm,,2,"[0.0, 0.0, 0.0, 350.0, 450.0, 2.0]",True,SOURCED350x450 PANEL - STANDOFF DATUM AND VENDOR RETENTION HELD,"Component faceY420; envelope planeX400..750,Z190..640. Purchased350x450x2 dimensions; Y422 is design placement pending receipt measurement. | Keep component projections toY300..420,10mm clear around panel perimeter, and separate mains/VFD from24V/signal wiring. Root controls authority defines allocation/netlist. | No electronics thermal or EMC qualification follows from shell clearance."
K_CAB_GLAND_POWER,1,"304 stainless 2 mm, bare (EMC bonding face)","304 stainless 2 mm, bare (EMC bonding face)",,2.0,"[0.0, 0.0, 0.0, 175.0, 150.0, 2.0]",False,ENGINEERING DEFINITION - REVIEW BEFORE FABRICATION,"10 entries: 6 x M20, 4 x M25. | EMC glands (nickel-plated brass, 360-degree shield contact) on the motor, VFD-control, THCAD, head and torch-start cables; plain nylon glands elsewhere; rated blanking plugs in spare entries. | Bond the plate to the cabinet PE stud with a 16 mm² braid; use serrated washers under the four M5 nuts. Keep 230 V (power plate, row 1) and motor cables apart from the signal plate inside the box."
K_CAB_GLAND_GASKET_POWER,1,2 mm closed-cell EPDM,2 mm closed-cell EPDM,,2,"[0.0, 0.0, 0.0, 175.0, 150.0, 2.0]",False,ENGINEERING DEFINITION - REVIEW BEFORE FABRICATION,Knife-cut around the 145 x 120 window. Ingress test after assembly.
STD_M5x16_HEAD_DOWN,8,Purchased item: see the part number and notes,Purchased item: see the part number and notes,,,"[-4.25, -4.25, 0.0, 4.25, 4.25, 21.0]",True,PURCHASED ENVELOPE - VERIFY INTERFACE,
K_CAB_GLAND_SIGNAL,1,"304 stainless 2 mm, bare (EMC bonding face)","304 stainless 2 mm, bare (EMC bonding face)",,2.0,"[0.0, 0.0, 0.0, 175.0, 150.0, 2.0]",False,ENGINEERING DEFINITION - REVIEW BEFORE FABRICATION,"20 entries: 20 x M16. | EMC glands (nickel-plated brass, 360-degree shield contact) on the motor, VFD-control, THCAD, head and torch-start cables; plain nylon glands elsewhere; rated blanking plugs in spare entries. | Bond the plate to the cabinet PE stud with a 16 mm² braid; use serrated washers under the four M5 nuts. Keep 230 V (power plate, row 1) and motor cables apart from the signal plate inside the box."
K_CAB_GLAND_GASKET_SIGNAL,1,2 mm closed-cell EPDM,2 mm closed-cell EPDM,,2,"[0.0, 0.0, 0.0, 175.0, 150.0, 2.0]",False,ENGINEERING DEFINITION - REVIEW BEFORE FABRICATION,Knife-cut around the 145 x 120 window. Ingress test after assembly.
K_FILTER_FAN_IP54_120,1,Purchased IP54 filter fan (envelope),Purchased IP54 filter fan (envelope),,,"[-20.0, 0.0, 0.0, 40.0, 150.0, 150.0]",True,"PURCHASED ENVELOPE - SELECT IP54 FILTER FAN, 24 V DC, 40 M3/H OR MORE FREE-BLOWING","150 x 150 frame outside the left wall, 124 x 124 x 40 fan body inside through a 125 x 125 cutout. Blows in, low. | Keep components on the backplate at least 45 mm clear of the left wall in front of the fan."
K_EXHAUST_FILTER_IP54_120,1,Purchased IP54 outlet filter (envelope),Purchased IP54 outlet filter (envelope),,,"[-15.0, 0.0, 0.0, 20.0, 150.0, 150.0]",True,PURCHASED ENVELOPE - MATCHING IP54 OUTLET FILTER (SAME MAKER AND SIZE AS THE FAN),"150 x 150 frame outside the right wall, high; 15 mm inside through the 125 x 125 cutout."
K_CAB_DRIP_FRONT_LIP,1,Mild steel 1.5 mm,Mild steel 1.5 mm,,1.5,"[0.0, 0.0, 0.0, 436.4, 8.0, 1.5]",False,ENGINEERING DEFINITION - REVIEW BEFORE FABRICATION,"Flat 436.4 x 8 x 1.5 front drip lip (was 20 mm). Lower edge Z667.5, 2.5 mm above the box top (Z665), so a side-hinged door swings under it. Continuous sealed weld to the roof underside."
K_VFD_PLATE,1,A36 steel 3 mm,A36 steel 3 mm,,3,"[0.0, 0.0, 0.0, 210.4, 389.2, 3.0]",False,ENGINEERING DEFINITION - REVIEW BEFORE FABRICATION,Welded along the right faces of cage upright 2 (Y455..480.4) and stringer 2 (Z653.8..679.2). Drill the VFD fixing holes to the received unit; mount it with its air inlet down.
OWNER_SPINDLE_VFD,1,Owner spindle VFD (envelope),Owner spindle VFD (envelope),,,"[0.0, 0.0, 0.0, 180.0, 160.0, 250.0]",True,OWNER VFD NOT IDENTIFIED - ENVELOPE FOR A 1.5-2.2 KW UNIT,"180 deep x 160 wide x 250 tall, keypad facing +X (read from the right side of the machine). | Keep 100 mm clear above (to the drip roof) and below for its fan. Supply from the cabinet power plate through K1/K2; FWD/COM and the isolated 0-10 V from the signal plate; shielded spindle cable, shield bonded at both ends."
K_VFD_DRIP_ROOF,1,Mild steel 1.5 mm,Mild steel 1.5 mm,,1.5,"[0.0, 0.0, 0.0, 200.0, 240.0, 1.5]",False,ENGINEERING DEFINITION - REVIEW BEFORE FABRICATION,"Flat roof over the VFD, welded to the plate edge and two gussets; turn down a 10 mm lip on the three free edges."
K_VFD_ROOF_GUSSET,2,A36 steel 3 mm,A36 steel 3 mm,,3,"[0.0, 0.0, 0.0, 60.0, 60.0, 3.0]",False,ENGINEERING DEFINITION - REVIEW BEFORE FABRICATION,"Triangle 60 x 60: vertical edge welded to the VFD plate, top edge to the roof underside."
K_HEAD_DROP_BRACKET_135,1,6061-T6 aluminium plate 1/2 in (12.7),6061-T6 aluminium plate 1/2 in (12.7),,12.7,"[0.0, -135.0, 0.0, 110.0, 90.0, 12.7]",False,ENGINEERING DEFINITION - REVIEW BEFORE FABRICATION,"110 x 225 x 12.7 plate between the Z tool adapter and the Rev I head backplate. Lowers the head 135 mm and moves it 12.7 mm forward; slots give +/-25 mm. | Set the height from the measured torch so the tip is at Z845 at the bottom of Z (clamp-to-tip projection 115 mm nominal, 90..140 in range). | Stays bolted to the head. The pair parks on its back on the reservoir lid."
K_STD_M6x20_CSK,4,M6x20 ISO 10642 countersunk steel screw,M6x20 ISO 10642 countersunk steel screw,,,"[4.0, -119.0, 0.15, 16.0, -107.0, 20.0]",True,PURCHASED ENVELOPE - VERIFY INTERFACE,
I_HEAD_BACKPLATE,1,6061-T6 aluminium 3/8 in,6061-T6 aluminium 3/8 in,,9.525,"[0.0, 0.0, 0.0, 110.0, 130.0, 9.525]",False,ENGINEERING DEFINITION - REVIEW BEFORE FABRICATION,Four M6x1 tapped holes on custom 90 x 26 mm tool-side pattern. Minor diameter5 modeled; tap through. | This plate bolts to Rev H custom adapter from its rear. It does not establish the purchased Z output fixing pattern. | Rod and stop tapped coordinates are defined in the local STEP. Crossbars are matched and jig-bored.
I_HEAD_CROSSBAR_1,1,6061-T6 aluminium,6061-T6 aluminium,,,"[0.0, -0.0, 0.0, 110.0, 12.0, 25.0]",False,ENGINEERING DEFINITION - REVIEW BEFORE FABRICATION,Ø8 H7 matched rod sockets depth6; nominal geometry shown. Ø4.5 coaxial end-screw access. | Two Ø4.5 front mounting holes. M4x30 screws engage5mm into tapped backplate. Jig bore both rod centers together.
I_STD_M4x30_z_SOCKET,4,"Steel ISO4762 socket screw, nominal thread envelope","Steel ISO4762 socket screw, nominal thread envelope",,,"[-3.5, -3.5, 0.0, 3.5, 3.5, 34.0]",True,PURCHASED ENVELOPE - VERIFY INTERFACE,Specified unknurled socket heads: M3 diameter5.5/height3; M4 diameter7/height4. Enlarged knurled heads require new clearance check. | https://www.accu.co.uk/api/product-datasheet?id=151797
I_HEAD_CROSSBAR_2,1,6061-T6 aluminium,6061-T6 aluminium,,,"[0.0, -0.0, 0.0, 110.0, 12.0, 25.0]",False,ENGINEERING DEFINITION - REVIEW BEFORE FABRICATION,Ø8 H7 matched rod sockets depth6; nominal geometry shown. Ø4.5 coaxial end-screw access. | Two Ø4.5 front mounting holes. M4x30 screws engage5mm into tapped backplate. Jig bore both rod centers together.
I_HEAD_ROD_8x118_M4_ENDS,2,Ground stainless shaft Ø8 h6,Ground stainless shaft Ø8 h6,,,"[-4.0, -0.0, -4.0, 4.0, 118.0, 4.0]",False,ENGINEERING DEFINITION - REVIEW BEFORE FABRICATION,"Finish length118.0; axial M4x0.7 blind tap each end, usable depth10, pilot12. Hardened stock requires machinable ends or ground shaft made to drawing."
I_STD_M4x16_y_SOCKET,4,"Steel ISO4762 socket screw, nominal thread envelope","Steel ISO4762 socket screw, nominal thread envelope",,,"[-3.5, -0.0, -3.5, 3.5, 20.0, 3.5]",True,PURCHASED ENVELOPE - VERIFY INTERFACE,Specified unknurled socket heads: M3 diameter5.5/height3; M4 diameter7/height4. Enlarged knurled heads require new clearance check. | https://www.accu.co.uk/api/product-datasheet?id=151797
I_HEAD_FLOAT_CARRIAGE,1,6061-T6 aluminium,6061-T6 aluminium,,,"[0.0, -0.0, -0.0, 110.0, 72.0, 22.0]",False,ENGINEERING DEFINITION - REVIEW BEFORE FABRICATION,"Two Ø15 slip-fit bearing housings. Bearing retention comes from bolted end caps, never crush-fit preload. | Internal pocket X43..67 / Y45..59 / Z11..27 captures the fixed8mm tall stop: metal lower/upper travel limits0 and6. | Ream housings and jig align with ground shafts. Verify gravity return over full travel after wiring/lead installation."
IGUS_RJ4JP_01_08,4,igus J4 polymer bearing,igus J4 polymer bearing,,,"[-7.5, -0.0, -7.5, 7.5, 24.0, 7.5]",True,PURCHASED ENVELOPE - VERIFY INTERFACE,Manufacturer nominal ID8 / OD15 / length24. Internal clearance shown0.04; installed fit must be checked. | https://igus.partcommunity.com/3d-cad-models/rj4jp-01-linear-bearings-igus?info=igus%2Fdrylin_lineargleitlager%2Fr_runde_wellen_schnell_leise%2Frj4jp_01.prj
I_HEAD_BUSH_SPACER_23p85,2,Acetal bearing spacer,Acetal bearing spacer,,,"[-7.4, -0.0, -7.4, 7.4, 23.85, 7.4]",False,ENGINEERING DEFINITION - REVIEW BEFORE FABRICATION,OD14.8 / ID9 / length23.85. Combined nominal bushing/spacer stack71.85 leaves0.15mm axial clearance between caps72mm apart. Verify actual0.10..0.20mm clearance after assembly.
I_HEAD_BEARING_CAP_1,1,304 stainless 2mm,304 stainless 2mm,,2,"[0.0, 0.0, 0.0, 110.0, 22.0, 2.0]",False,ENGINEERING DEFINITION - REVIEW BEFORE FABRICATION,
I_STD_M3x8_y_SOCKET,8,"Steel ISO4762 socket screw, nominal thread envelope","Steel ISO4762 socket screw, nominal thread envelope",,,"[-2.75, 3.0, -2.75, 2.75, 14.0, 2.75]",True,PURCHASED ENVELOPE - VERIFY INTERFACE,Specified unknurled socket heads: M3 diameter5.5/height3; M4 diameter7/height4. Enlarged knurled heads require new clearance check. | https://www.accu.co.uk/api/product-datasheet?id=642039
I_HEAD_BEARING_CAP_2,1,304 stainless 2mm,304 stainless 2mm,,2,"[0.0, 0.0, 0.0, 110.0, 22.0, 2.0]",False,ENGINEERING DEFINITION - REVIEW BEFORE FABRICATION,
I_HEAD_FLOAT_STOP,1,6061-T6 aluminium,6061-T6 aluminium,,,"[0.0, 0.0, 0.0, 20.0, 8.0, 15.475]",False,ENGINEERING DEFINITION - REVIEW BEFORE FABRICATION,Rigid captured block controls both float travel ends; fit before carriage. No spring is needed to carry a falling head: the closed slot retains it. | Replaceable0.2mm stop shims may be fitted only with corresponding travel and probe offset recalibration. Nominal definition has no shim.
I_STD_M4x16_z_SOCKET,4,"Steel ISO4762 socket screw, nominal thread envelope","Steel ISO4762 socket screw, nominal thread envelope",,,"[-3.5, -3.5, 0.0, 3.5, 3.5, 20.0]",True,PURCHASED ENVELOPE - VERIFY INTERFACE,Specified unknurled socket heads: M3 diameter5.5/height3; M4 diameter7/height4. Enlarged knurled heads require new clearance check. | https://www.accu.co.uk/api/product-datasheet?id=151797
I_HEAD_SEAT_CONE,1,Hardened steel contact insert,Hardened steel contact insert,,,"[-5.0, -5.0, -6.0, 5.0, 5.0, 6.0]",False,ENGINEERING DEFINITION - REVIEW BEFORE FABRICATION,M4x0.7 integral6mm spigot into float body; fixture-machine contact height after assembly. | Cone90deg / V90deg / flat establishes a six-constraint coupling. Harden/contact polish; inspect contact blue before force tests.
I_HEAD_BALL_BUTTON_R3,3,Hardened spherical steel contact R3,Hardened spherical steel contact R3,,,"[-3.0, -3.0, -3.0, 3.0, 3.0, 3.7574]",False,ENGINEERING DEFINITION - REVIEW BEFORE FABRICATION,"Custom R3 hemispherical contact, Ø3.8 shank; M3 internal fixing thread. All three identical."
I_HEAD_SEAT_V,1,Hardened steel contact insert,Hardened steel contact insert,,,"[-10.0, -6.0, -6.0, 10.0, 6.0, 6.0]",False,ENGINEERING DEFINITION - REVIEW BEFORE FABRICATION,M4x0.7 integral6mm spigot into float body; fixture-machine contact height after assembly. | Cone90deg / V90deg / flat establishes a six-constraint coupling. Harden/contact polish; inspect contact blue before force tests.
I_HEAD_SEAT_FLAT,1,Hardened steel contact insert,Hardened steel contact insert,,,"[-5.0, -5.0, -6.0, 5.0, 5.0, 3.2426]",False,ENGINEERING DEFINITION - REVIEW BEFORE FABRICATION,M4x0.7 integral6mm spigot into float body; fixture-machine contact height after assembly. | Cone90deg / V90deg / flat establishes a six-constraint coupling. Harden/contact polish; inspect contact blue before force tests.
I_HEAD_RELEASE_PLATE,1,Low carbon steel 1/4in,Low carbon steel 1/4in,,6.35,"[0.0, 0.0, 0.0, 110.0, 97.0, 6.35]",False,ENGINEERING DEFINITION - REVIEW BEFORE FABRICATION,Steel back face is the magnet target. Three kinematic locator buttons fasten from the front. | Keep mating face uncoated/flat; corrosion film and swarf change both retention and repeatability. Clean before seating.
I_STD_M3x7_z_SOCKET,3,"Steel ISO4762 socket screw, nominal thread envelope","Steel ISO4762 socket screw, nominal thread envelope",,,"[-2.75, -2.75, 0.0, 2.75, 2.75, 10.0]",True,PURCHASED ENVELOPE - VERIFY INTERFACE,Specified unknurled socket heads: M3 diameter5.5/height3; M4 diameter7/height4. Enlarged knurled heads require new clearance check. | https://www.accu.co.uk/api/product-datasheet?id=642039
I_HEAD_MAGNET_SPACER_3p8,3,Aluminium,Aluminium,,,"[-10.25, -10.25, 0.0, 10.25, 10.25, 3.8]",False,ENGINEERING DEFINITION - REVIEW BEFORE FABRICATION,"3.8 mm nominal spacer leaves0.2mm magnet-to-target gap. Force qualification requires actual gap, coating and measured lead load."
SUPERMAGNETE_CSN_20,3,Purchased N38 magnet in Q235 cup,Purchased N38 magnet in Q235 cup,,,"[-10.0, -10.0, 0.0, 10.0, 10.0, 6.0]",True,PURCHASED ENVELOPE - VERIFY INTERFACE,"Manufacturer20x6mm, bore4.5 / countersink9.46x2.48;87.3N nominal direct steel pull,80C maximum. | https://www.supermagnete.de/eng/data_sheet_CSN-20.pdf | The catalog direct-contact pull is NOT the release force at this0.2mm gap. Set and record actual force after assembly."
I_STD_M4x16_CSK,3,M4 countersunk steel screw,M4 countersunk steel screw,,,"[-4.48, -4.48, 0.0, 4.48, 4.48, 16.0]",True,PURCHASED ENVELOPE - VERIFY INTERFACE,"ISO10642 M4x16 overall length, head diameter8.96 and height2.48;90deg conservative cone envelope. Supplier countersink diameter9.46 leaves0.25mm radial clearance. | https://www.accu.co.uk/countersunk-socket-head-screws/251236-SSK-M4-16-A2-R360"
I_HEAD_CLAMP_REAR,1,6061-T6 aluminium,6061-T6 aluminium,,,"[0.0, 0.0, 0.0, 90.0, 40.0, 30.0]",False,ENGINEERING DEFINITION - REVIEW BEFORE FABRICATION,FinishØ48 bore across matched assembled halves with0.5mm spacer in split. Rear half attaches through steel release plate. | FourM4 rear attachment taps depth12 usable; twoM4 pinch screws. Pinch torque must be set by actual torch allowable clamp load.
I_HEAD_CLAMP_FRONT,1,6061-T6 aluminium,6061-T6 aluminium,,,"[0.0, -0.0, -0.0, 90.0, 40.0, 30.0]",False,ENGINEERING DEFINITION - REVIEW BEFORE FABRICATION,FinishØ48 bore across matched assembled halves with0.5mm spacer in split. Rear half attaches through steel release plate. | FourM4 rear attachment taps depth12 usable; twoM4 pinch screws. Pinch torque must be set by actual torch allowable clamp load.
I_STD_M4x14_z_SOCKET,4,"Steel ISO4762 socket screw, nominal thread envelope","Steel ISO4762 socket screw, nominal thread envelope",,,"[-3.5, -3.5, 10.0, 3.5, 3.5, 28.0]",True,PURCHASED ENVELOPE - VERIFY INTERFACE,Specified unknurled socket heads: M3 diameter5.5/height3; M4 diameter7/height4. Enlarged knurled heads require new clearance check. | https://www.accu.co.uk/api/product-datasheet?id=151797
I_STD_M4x40_z_SOCKET,2,"Steel ISO4762 socket screw, nominal thread envelope","Steel ISO4762 socket screw, nominal thread envelope",,,"[-3.5, -3.5, 0.0, 3.5, 3.5, 44.0]",True,PURCHASED ENVELOPE - VERIFY INTERFACE,Specified unknurled socket heads: M3 diameter5.5/height3; M4 diameter7/height4. Enlarged knurled heads require new clearance check. | https://www.accu.co.uk/api/product-datasheet?id=151797
I_HEAD_INSERT_REAR,1,Machinable insulating insert blank; grade/temperature verify,Machinable insulating insert blank; grade/temperature verify,,,"[6.0013, -0.0, 6.0, 53.9987, 40.0, 29.75]",False,BORE TO THE MEASURED BARREL + 0.10 - SELLER NOMINAL 28.0 SHOWN,"Bored Ø28.10 across the assembled halves for the owner's PT31-style torch (seller: 28 mm barrel). Measure the barrel with calipers (diameter and roundness, 40 mm straight zone) before boring; bore = measured + 0.10. | Insulating insert: confirm grade and temperature rating; set the pinch torque from the torch maker's allowable clamp load."
I_HEAD_INSERT_FRONT,1,Machinable insulating insert blank; grade/temperature verify,Machinable insulating insert blank; grade/temperature verify,,,"[6.0013, -0.0, -0.0, 53.9987, 40.0, 23.75]",False,BORE TO THE MEASURED BARREL + 0.10 - SELLER NOMINAL 28.0 SHOWN,"Bored Ø28.10 across the assembled halves for the owner's PT31-style torch (seller: 28 mm barrel). Measure the barrel with calipers (diameter and roundness, 40 mm straight zone) before boring; bore = measured + 0.10. | Insulating insert: confirm grade and temperature rating; set the pinch torque from the torch maker's allowable clamp load."
I_HEAD_SPLASH_SCREEN,1,304 stainless 1.5mm,304 stainless 1.5mm,,1.5,"[0.0, 0.0, 0.0, 110.0, 60.5, 1.5]",False,ENGINEERING DEFINITION - REVIEW BEFORE FABRICATION,"Flat110x60.5x1.5 screen, Ø50 clearance opening. Weld two separate10x10x1.5 tabs; no unspecified bends. | Does not replace thermal qualification: magnet maximum80C and actual insert/lead temperatures must be measured. No aluminum-water plasma cutting is authorized by this model."
I_HEAD_SPLASH_TAB_5,1,304 stainless 1.5mm,304 stainless 1.5mm,,1.5,"[0.0, 0.0, 0.0, 10.0, 10.0, 1.5]",False,ENGINEERING DEFINITION - REVIEW BEFORE FABRICATION,"Bottom10mm edge welded to screen rear upper edge; local hole at5,6."
I_STD_M3x6_z_SOCKET,8,"Steel ISO4762 socket screw, nominal thread envelope","Steel ISO4762 socket screw, nominal thread envelope",,,"[-2.75, -2.75, 0.0, 2.75, 2.75, 9.0]",True,PURCHASED ENVELOPE - VERIFY INTERFACE,Specified unknurled socket heads: M3 diameter5.5/height3; M4 diameter7/height4. Enlarged knurled heads require new clearance check. | https://www.accu.co.uk/api/product-datasheet?id=642039
I_HEAD_SPLASH_TAB_105,1,304 stainless 1.5mm,304 stainless 1.5mm,,1.5,"[0.0, 0.0, 0.0, 10.0, 10.0, 1.5]",False,ENGINEERING DEFINITION - REVIEW BEFORE FABRICATION,"Bottom10mm edge welded to screen rear upper edge; local hole at5,6."
I_HEAD_FLOAT_CAM,1,Acetal cam,Acetal cam,,,"[0.0, -0.0, 0.0, 22.0, 32.0, 16.0]",False,ENGINEERING DEFINITION - REVIEW BEFORE FABRICATION,Pin mount datum39.5; conservative2.2mm pin has lowest contact edge atY111.55. Ramp crosses real switch range at1.0..1.65mm float. | Dwell maintains6.1mm normal position from the datum through remaining travel; TTPmax5.1 leaves1mm mechanical reserve. | Probe initially at1mm/s and calibrate actual offset and stopping distance. Cam clears a defined corner relief in the release plate.
I_STD_M3x10_z_SOCKET,4,"Steel ISO4762 socket screw, nominal thread envelope","Steel ISO4762 socket screw, nominal thread envelope",,,"[-2.75, -2.75, 0.0, 2.75, 2.75, 13.0]",True,PURCHASED ENVELOPE - VERIFY INTERFACE,Specified unknurled socket heads: M3 diameter5.5/height3; M4 diameter7/height4. Enlarged knurled heads require new clearance check. | https://www.accu.co.uk/api/product-datasheet?id=642039
OMRON_D2HW_C202MR,1,Omron sealed switch mating envelope,Omron sealed switch mating envelope,,,"[0.0, -1.5, 0.0, 18.5, 6.8, 6.5]",True,PURCHASED ENVELOPE - VERIFY INTERFACE,"https://omronfs.omron.com/en_US/ecb/products/pdf/en-d2hw.pdf | 18.5x5.3x6.5 conservative case; M3mount centers13mm. Locating postØ3 projects1.5. | Pin-plunger operating position6.4±0.2 from mount datum; FPmax7.2 / TTPmax5.1. IP67 body, protect unsealed lead ends."
I_SWITCH_PLUNGER_FLOAT_SWITCH,1,Switch plunger kinematic envelope,Switch plunger kinematic envelope,,,"[-1.1, -1.1, 0.0, 1.1, 1.1, 4.2]",True,PURCHASED ENVELOPE - VERIFY INTERFACE,
I_HEAD_FLOAT_SWITCH_BRACKET,1,6061-T6 aluminium machined L bracket,6061-T6 aluminium machined L bracket,,,"[0.0, -0.0, 0.0, 26.0, 14.0, 8.0]",False,ENGINEERING DEFINITION - REVIEW BEFORE FABRICATION,Upper mounting face faces the switch.13mm M3/post centers; foot supports from upper guide crossbar front.
I_STD_M3x10_y_SOCKET,4,"Steel ISO4762 socket screw, nominal thread envelope","Steel ISO4762 socket screw, nominal thread envelope",,,"[-2.75, -3.0, -2.75, 2.75, 10.0, 2.75]",True,PURCHASED ENVELOPE - VERIFY INTERFACE,Specified unknurled socket heads: M3 diameter5.5/height3; M4 diameter7/height4. Enlarged knurled heads require new clearance check. | https://www.accu.co.uk/api/product-datasheet?id=642039
I_HEAD_FLOAT_SWITCH_FOOT_SPACER_0,1,Aluminium spacer,Aluminium spacer,,,"[-3.0, -3.0, 0.0, 3.0, 3.0, 0.775]",False,ENGINEERING DEFINITION - REVIEW BEFORE FABRICATION,
I_STD_M3x8_z_SOCKET,2,"Steel ISO4762 socket screw, nominal thread envelope","Steel ISO4762 socket screw, nominal thread envelope",,,"[-2.75, -2.75, 0.0, 2.75, 2.75, 11.0]",True,PURCHASED ENVELOPE - VERIFY INTERFACE,Specified unknurled socket heads: M3 diameter5.5/height3; M4 diameter7/height4. Enlarged knurled heads require new clearance check. | https://www.accu.co.uk/api/product-datasheet?id=642039
I_HEAD_FLOAT_SWITCH_FOOT_SPACER_1,1,Aluminium spacer,Aluminium spacer,,,"[-3.0, -3.0, 0.0, 3.0, 3.0, 0.775]",False,ENGINEERING DEFINITION - REVIEW BEFORE FABRICATION,
OMRON_D2HW_C203MR,3,Omron sealed switch mating envelope,Omron sealed switch mating envelope,,,"[0.0, -1.5, 0.0, 18.5, 6.8, 6.5]",True,PURCHASED ENVELOPE - VERIFY INTERFACE,"https://omronfs.omron.com/en_US/ecb/products/pdf/en-d2hw.pdf | 18.5x5.3x6.5 conservative case; M3mount centers13mm. Locating postØ3 projects1.5. | Pin-plunger operating position6.4±0.2 from mount datum; FPmax7.2 / TTPmax5.1. IP67 body, protect unsealed lead ends."
I_SWITCH_PLUNGER_PRESENCE_LEFT,1,Switch plunger kinematic envelope,Switch plunger kinematic envelope,,,"[-1.1, -1.1, 0.0, 1.1, 1.1, 2.8]",True,PURCHASED ENVELOPE - VERIFY INTERFACE,
I_HEAD_PRESENCE_LEFT_BRACKET,1,6061-T6 aluminium machined L bracket,6061-T6 aluminium machined L bracket,,,"[0.0, 0.0, 0.0, 26.0, 14.0, 8.0]",False,ENGINEERING DEFINITION - REVIEW BEFORE FABRICATION,"6mm thick upright tappedM3; Ø3.05 locating pocket and screw centers13.0. TwoM3 feet fasten into supporting plate/body. | Locating post pocket is clearance in this envelope; fit switch and set trip using measured shim stack, then record installed actuation."
I_SWITCH_PLUNGER_PRESENCE_RIGHT,1,Switch plunger kinematic envelope,Switch plunger kinematic envelope,,,"[-1.1, -1.1, 0.0, 1.1, 1.1, 2.8]",True,PURCHASED ENVELOPE - VERIFY INTERFACE,
I_HEAD_PRESENCE_RIGHT_BRACKET,1,6061-T6 aluminium machined L bracket,6061-T6 aluminium machined L bracket,,,"[0.0, 0.0, 0.0, 26.0, 14.0, 8.0]",False,ENGINEERING DEFINITION - REVIEW BEFORE FABRICATION,"6mm thick upright tappedM3; Ø3.05 locating pocket and screw centers13.0. TwoM3 feet fasten into supporting plate/body. | Locating post pocket is clearance in this envelope; fit switch and set trip using measured shim stack, then record installed actuation."
I_SWITCH_PLUNGER_PRESENCE_TOP,1,Switch plunger kinematic envelope,Switch plunger kinematic envelope,,,"[-1.1, -1.1, 0.0, 1.1, 1.1, 2.8]",True,PURCHASED ENVELOPE - VERIFY INTERFACE,
I_HEAD_PRESENCE_TOP_BRACKET,1,6061-T6 aluminium machined L bracket,6061-T6 aluminium machined L bracket,,,"[0.0, 0.0, 0.0, 36.0, 14.0, 8.0]",False,ENGINEERING DEFINITION - REVIEW BEFORE FABRICATION,"6mm thick upright tappedM3; Ø3.05 locating pocket and screw centers13.0. TwoM3 feet fasten into supporting plate/body. | Locating post pocket is clearance in this envelope; fit switch and set trip using measured shim stack, then record installed actuation."
I_HEAD_LEAD_SADDLE,1,Aluminium fixed lead saddle,Aluminium fixed lead saddle,,,"[0.0, 0.0, 0.0, 32.0, 12.0, 15.0]",False,ENGINEERING DEFINITION - REVIEW BEFORE FABRICATION,"Open saddle accepts reusable insulated strap up to20mm wide. Fixed upper-crossbar attachment takes supply-lead drag off floating carriage. | Actual lead OD, minimum bend radius, slack loop and strap selection remain measurement inputs. No unmeasured cable is modeled."
I_HEAD_TETHER_EYE_FIXED,1,6061-T6 aluminium eye block,6061-T6 aluminium eye block,,,"[0.0, 0.0, 0.0, 12.0, 16.0, 12.0]",False,ENGINEERING DEFINITION - REVIEW BEFORE FABRICATION,Separate4mm tether passage and4.5mm screw clearance. Fit rated nonconductive tether with enough slack for6mm float/8mm normal release; qualify arrest load.
I_HEAD_TETHER_EYE_RELEASE,1,6061-T6 aluminium eye block,6061-T6 aluminium eye block,,,"[0.0, -0.0, 0.0, 16.0, 12.0, 12.0]",False,ENGINEERING DEFINITION - REVIEW BEFORE FABRICATION,Separate4mm tether passage and4.5mm screw clearance. Fit rated nonconductive tether with enough slack for6mm float/8mm normal release; qualify arrest load.
K_HEAD_PARK_FOOT_M5,2,Low carbon steel 1/4 in,Low carbon steel 1/4 in,,6.35,"[0.0, 0.0, 0.0, 40.0, 30.0, 6.35]",False,ENGINEERING DEFINITION - REVIEW BEFORE FABRICATION,"Weld to the reservoir lid with four 10 mm, 3 mm fillets; coat and leak-test. | M5x0.8 through tap."
K_HEAD_PARK_PAD,3,Machined steel support pad,Machined steel support pad,,,"[-6.0, -6.0, 0.0, 6.0, 6.0, 2.65]",False,ENGINEERING DEFINITION - REVIEW BEFORE FABRICATION,Machine 3 mm stock to 2.65; tack below the top datum. Check the three pads are coplanar.
K_STD_M5x20_SOCKET,2,M5x20 steel socket screw,M5x20 steel socket screw,,,"[-4.25, -4.25, 0.0, 4.25, 4.25, 25.0]",True,PURCHASED ENVELOPE - VERIFY INTERFACE,Head bears on the bracket top section; engages the tapped foot below the pad.
K_HEAD_PARK_FOOT,1,Low carbon steel 1/4 in,Low carbon steel 1/4 in,,6.35,"[0.0, 0.0, 0.0, 40.0, 30.0, 6.35]",False,ENGINEERING DEFINITION - REVIEW BEFORE FABRICATION,"Weld to the reservoir lid with four 10 mm, 3 mm fillets; coat and leak-test. | Support only."
K_STD_M6x30_SOCKET,4,M6x30 steel socket screw,M6x30 steel socket screw,,,"[-5.1, -5.1, 0.0, 5.1, 5.1, 36.0]",True,PURCHASED ENVELOPE - VERIFY INTERFACE,"Adapter to bracket: from the adapter rear, through the bracket slot, then washer and M6 nyloc on the bracket front face."
Y_DATUM_BAR,2,Machined steel8×45 bar,Machined steel8×45 bar,1450,,"[0.0, 0.0, 0.0, 8.0, 1450.0, 45.0]",True,INTERFACE HOLD - INDIVIDUAL EXPORT GUARDED,Weld to upper chassis inner face before finish-machining. Rail seat flatness target0.05/1000; parallelism target0.05 overtravel. | Rail fastening holes are transfer-drilled from actual purchased rail; hole locations remain a supplier hold. Do not flame-cut the rail seat.
PURCHASED_HGR20_1420,2,iMetrx steel guide rail,iMetrx steel guide rail,,,"[0.0, 0.0, 0.0, 1420.0, 20.0, 17.5]",True,PURCHASED CLEARANCE ENVELOPE - NOT MATERIAL MASS,"Sourced section: width20, height17.5. Hole D9.5 counterbore8.5 deep, through6. | Factory hole pitch and end datum HOLD: drawing P40/E20 does not close on1500. No invented rail screw coordinates. | Cut Y rail to1420 using abrasive-rated process, deburr; verify usable factory end holes before final cut."
Y_SHOE_L,1,6061-T6 aluminum12.7,6061-T6 aluminum12.7,,12.7,"[0.0, 0.0, 0.0, 280.0, 131.3, 12.7]",False,ENGINEERING DEFINITION - REVIEW BEFORE FABRICATION,"Loweredge1011 clears in-footprint beam transfer. EightM5 screws connect two guide blocks;4M6 connect end-foot bracket. | Y block centers180 apart. Raised gantry beam center80 mm behind Y guide midpoint. | 33×7.35 clearance window for thrust-link flange,0.5 mm all-round clearance. | Additional fourØ6.6 link-bracket mounting holes; see3D and matching flat coordinates. | Additional fourØ6.6 link-bracket mounting holes; see3D and matching flat coordinates. | Additional fourØ6.6 link-bracket mounting holes; see3D and matching flat coordinates. | Additional fourØ6.6 link-bracket mounting holes; see3D and matching flat coordinates."
PURCHASED_HGH20CA,8,iMetrx HGH20CA block,iMetrx HGH20CA block,,,"[0.0, 0.0, 0.0, 77.5, 44.0, 30.0]",True,PURCHASED CLEARANCE ENVELOPE - NOT MATERIAL MASS,"Published77.5×44×30 envelope; output4×M5 depth6, along36×across32. | Envelope omits bearing internals and seals. Source rating is iMetrx, not a HIWIN certification."
STD_M5x18_SOCKET,32,"M5 class 8.8 socket screw, nominal threads","M5 class 8.8 socket screw, nominal threads",,,"[-4.25, -4.25, 0.0, 4.25, 4.25, 23.0]",True,PURCHASED ENVELOPE - VERIFY INTERFACE,
GANTRY_END_BRACKET_L,1,6061-T6 machined billet,6061-T6 machined billet,,,"[0.0, 0.0, -70.0, 150.0, 80.0, 12.7]",False,ENGINEERING DEFINITION - REVIEW BEFORE FABRICATION,"Integral12.7 thick horizontal flange and70 mm downstand. No welded aluminum joint. | 4M8 underside T-slot fasteners. FourM6 threaded downstand holes,5.0 pilot; thread representation nominal."
STD_M6x22_SOCKET,8,"M6 class 8.8 socket screw, nominal threads","M6 class 8.8 socket screw, nominal threads",,,"[-5.0, -5.0, 0.0, 5.0, 5.0, 28.0]",True,PURCHASED ENVELOPE - VERIFY INTERFACE,
PURCHASED_HMS40_1000,2,KHMOS HMS40 drive-only module,KHMOS HMS40 drive-only module,,,"[0.0, 0.0, 0.0, 1125.0, 42.0, 60.0]",True,PURCHASED CLEARANCE ENVELOPE - NOT MATERIAL MASS,"Published body length S+125, end section42×60. Internal voids/rails not represented. | Selected screw lead10 mm. Assembly endpoint datum and base nut cavity require supplier confirmation."
HMS40_M57_MOTOR,3,HMS40 inline57×56 stepper motor,HMS40 inline57×56 stepper motor,,,"[0.0, 0.0, 0.0, 56.0, 57.0, 57.0]",True,PURCHASED CLEARANCE ENVELOPE - NOT MATERIAL MASS,Motor current/torque-speed/cable outlet not published in the recovered drawing.
HMS40_MOTOR_BRACKET,3,KHMOS bracket clearance envelope,KHMOS bracket clearance envelope,,,"[0.0, 0.0, 0.0, 20.0, 60.0, 75.0]",True,PURCHASED CLEARANCE ENVELOPE - NOT MATERIAL MASS,75 mm maximum bracket height; connector clearance remains HOLD.
HMS40_CARRIAGE_INTERFACE,3,KHMOS sourced top mating envelope,KHMOS sourced top mating envelope,,,"[0.0, 0.0, 0.0, 65.0, 48.0, 5.5]",True,PURCHASED CLEARANCE ENVELOPE - NOT MATERIAL MASS,"Output plane65.5 above base. Published4×M4 depth10 at30×30; along offsets16/46, transverse9/39. | Only exposed envelope above body max is separate; not a 5.5 mm actual carriage thickness."
HMS40_DRIVE_SHOE_6p35,2,6061-T6 aluminum 6.35,6061-T6 aluminum 6.35,,6.35,"[0.0, 0.0, 0.0, 65.0, 48.0, 6.35]",False,ENGINEERING DEFINITION - REVIEW BEFORE FABRICATION,"4×Ø4.5 through, Ø8 counterbore4.35 deep. M4×10 seats on2 mm web,8 mm thread engagement. | Drive-only shoe; do not transfer router overturning moment through HMS40."
STD_M4x10_SOCKET,16,"M4 class 8.8 socket screw, nominal threads","M4 class 8.8 socket screw, nominal threads",,,"[-3.5, -3.5, 0.0, 3.5, 3.5, 14.0]",True,PURCHASED ENVELOPE - VERIFY INTERFACE,
Y_LINK_SUPPORT_L,1,6061-T6 machined integral bracket,6061-T6 machined integral bracket,,,"[0.0, 0.0, -40.0, 103.1, 32.0, 6.35]",False,ENGINEERING DEFINITION - REVIEW BEFORE FABRICATION,103.1×32×6.35 horizontal flange with8×32×40 downstand. FourØ5.0 pilot holes cross downstand; tapM6×1 through8 mm. | TwoØ3.3 pilots on horizontal flange:tapM4×0.7 through. M4×12 clevis screws engage6 mm. FourM6×20 shoe screws engage7.3 mm.
MOTION_CLEVIS_BILLET,6,6061-T6 machined billet40×48×32,6061-T6 machined billet40×48×32,,,"[0.0, 0.0, 0.0, 40.0, 48.0, 32.0]",False,ENGINEERING DEFINITION - REVIEW BEFORE FABRICATION,"Mill7 mm gap between6 mm side ears. Pin axis19 mm above mounting sole. Ream common pin bore6H7 through both ears in one setup. | TwoØ4.5 base holes at(20,5)/(20,43); mount withM4×12 into6 mm minimum M4×0.7 engagement."
ISO7379_D6_L20_M5,6,"ISO7379 shoulder screw6×20,M5","ISO7379 shoulder screw6×20,M5",,,"[-5.0, -5.0, -10.0, 5.0, 5.0, 25.0]",True,PURCHASED ENVELOPE - VERIFY INTERFACE,Smooth6 mm shoulder crosses both ears and inner race. M5 prevailing-torque nut retains; do not run threaded shank in bearing.
SHIM_6p1x10x0p5,12,Hardened bearing spacer,Hardened bearing spacer,,,"[-5.0, -5.0, 0.0, 5.0, 5.0, 0.5]",True,PURCHASED ENVELOPE - VERIFY INTERFACE,
WASHER_6p4x12x1,6,Hardened steel washer,Hardened steel washer,,,"[-6.0, -6.0, 0.0, 6.0, 6.0, 1.0]",True,PURCHASED ENVELOPE - VERIFY INTERFACE,
WASHER_5p3x10x1,6,Steel washer,Steel washer,,,"[-5.0, -5.0, 0.0, 5.0, 5.0, 1.0]",True,PURCHASED ENVELOPE - VERIFY INTERFACE,
M5_PREVAILING_NUT,6,M5 prevailing torque locknut,M5 prevailing torque locknut,,,"[-4.6188, -4.0, 0.0, 4.6188, 4.0, 5.0]",True,PURCHASED ENVELOPE - VERIFY INTERFACE,
STD_M4x12_SOCKET,24,"M4 class 8.8 socket screw, nominal threads","M4 class 8.8 socket screw, nominal threads",,,"[-3.5, -3.5, 0.0, 3.5, 3.5, 16.0]",True,PURCHASED ENVELOPE - VERIFY INTERFACE,
SKF_SA6C,3,SKF steel/PTFE spherical rod end,SKF steel/PTFE spherical rod end,,,"[0.0, 0.0, 0.0, 6.0, 22.0, 22.0]",True,PURCHASED CLEARANCE ENVELOPE - NOT MATERIAL MASS,"SKF SA6C RH /SAL6C LH, bore6, eye22 maximum, inner width6, center-to-thread-end36, M6×1, thread16. | SKF catalog dynamic3.6 kN/static8.15 kN and13 degree tilt. Design thrust250 N; rating ratio14.4 dynamic before fatigue/application factors."
INCLUDED_SKF_ROD_END_SHANK,6,Included shank envelope; NOT a separate purchased item,Included shank envelope; NOT a separate purchased item,,,"[0.0, 0.0, 0.0, 6.0, 26.0, 6.0]",True,PURCHASED CLEARANCE ENVELOPE - NOT MATERIAL MASS,Clearance representation split from rod-end head to avoid Boolean tangency artifacts; included in SKF SA6C/SAL6C assembly.
SKF_SAL6C,3,SKF steel/PTFE spherical rod end,SKF steel/PTFE spherical rod end,,,"[0.0, 0.0, 0.0, 6.0, 22.0, 22.0]",True,PURCHASED CLEARANCE ENVELOPE - NOT MATERIAL MASS,"SKF SA6C RH /SAL6C LH, bore6, eye22 maximum, inner width6, center-to-thread-end36, M6×1, thread16. | SKF catalog dynamic3.6 kN/static8.15 kN and13 degree tilt. Design thrust250 N; rating ratio14.4 dynamic before fatigue/application factors."
LINK_COUPLER_M6_RHLH_28,3,"1215 steel12AF hex,28 long","1215 steel12AF hex,28 long",,,"[-0.0, 0.0, -0.0, 12.0, 28.0, 13.8564]",False,ENGINEERING DEFINITION - REVIEW BEFORE FABRICATION,"DrillØ5 through. TapM6×1 RH fromone end andLH fromother end, each12 deep. MarkLH end withcircumferential groove. | Set80 mm eye centers:10 mm thread engagement each end,8 mm internalgap. Never reduce engagement below9 mm."
M6_RH_JAM_NUT,3,M6×1 RH steel jamnut10AF×5,M6×1 RH steel jamnut10AF×5,,,"[-0.0, 0.0, 0.0, 10.0, 5.0, 11.547]",True,PURCHASED ENVELOPE - VERIFY INTERFACE,Hold coupler while tightening both jamnuts. Witness-mark after homing/squaring.
M6_LH_JAM_NUT,3,M6×1 LH steel jamnut10AF×5,M6×1 LH steel jamnut10AF×5,,,"[-0.0, 0.0, 0.0, 10.0, 5.0, 11.547]",True,PURCHASED ENVELOPE - VERIFY INTERFACE,Hold coupler while tightening both jamnuts. Witness-mark after homing/squaring.
Y_SHOE_R,1,6061-T6 aluminum12.7,6061-T6 aluminum12.7,,12.7,"[0.0, 0.0, 0.0, 280.0, 131.3, 12.7]",False,ENGINEERING DEFINITION - REVIEW BEFORE FABRICATION,"Loweredge1011 clears in-footprint beam transfer. EightM5 screws connect two guide blocks;4M6 connect end-foot bracket. | Y block centers180 apart. Raised gantry beam center80 mm behind Y guide midpoint. | 33×7.35 clearance window for thrust-link flange,0.5 mm all-round clearance. | Additional fourØ6.6 link-bracket mounting holes; see3D and matching flat coordinates. | Additional fourØ6.6 link-bracket mounting holes; see3D and matching flat coordinates. | Additional fourØ6.6 link-bracket mounting holes; see3D and matching flat coordinates. | Additional fourØ6.6 link-bracket mounting holes; see3D and matching flat coordinates."
GANTRY_END_BRACKET_R,1,6061-T6 machined billet,6061-T6 machined billet,,,"[0.0, 0.0, -70.0, 150.0, 80.0, 12.7]",False,ENGINEERING DEFINITION - REVIEW BEFORE FABRICATION,"Integral12.7 thick horizontal flange and70 mm downstand. No welded aluminum joint. | 4M8 underside T-slot fasteners. FourM6 threaded downstand holes,5.0 pilot; thread representation nominal."
Y_LINK_SUPPORT_R,1,6061-T6 machined integral bracket,6061-T6 machined integral bracket,,,"[0.0, 0.0, -40.0, 103.1, 32.0, 6.35]",False,ENGINEERING DEFINITION - REVIEW BEFORE FABRICATION,103.1×32×6.35 horizontal flange with8×32×40 downstand. FourØ5.0 pilot holes cross downstand; tapM6×1 through8 mm. | TwoØ3.3 pilots on horizontal flange:tapM4×0.7 through. M4×12 clevis screws engage6 mm. FourM6×20 shoe screws engage7.3 mm.
8020_40-8080_1200,1,80/20 40-8080 aluminum purchased profile,80/20 40-8080 aluminum purchased profile,,,"[0.0, 0.0, 0.0, 1200.0, 80.0, 80.0]",True,PURCHASED CLEARANCE ENVELOPE - NOT MATERIAL MASS,"Actual profile1200×80×80, eight slots at20/60 face offsets. Outer clearance envelope; cavities/T-slots omitted. | Manufacturer Ix=Iy171.6341 cm4, mass6.428 kg/m; do not use envelope volume for mass or inertia."
8020_40-3915_M8_TNUT,16,80/20 40-3915 M8×1.25 T-nut,80/20 40-3915 M8×1.25 T-nut,,,"[0.0, 0.0, 0.0, 22.0, 13.7, 5.9]",True,PURCHASED CLEARANCE ENVELOPE - NOT MATERIAL MASS,"Manufacturer22×13.7×5.9 maximum rectangular envelope; body seating4.32 mm below profile face. | M8×16 projects11.3 mm:5.9 mm nut fully engaged,1.08 mm tail projection; nominal root clearance3.55 mm."
X_GUIDE_FACE,1,6061-T6 aluminum12.7,6061-T6 aluminum12.7,,12.7,"[0.0, 0.0, 0.0, 1200.0, 112.0, 12.7]",True,INTERFACE HOLD - INDIVIDUAL EXPORT GUARDED,M8 beam-slot attachment coordinates are defined; HGR20 factory holes must be transferred after the actual rail pattern is confirmed. | Face spansZ1143..1255; rails centeredZ1165/1225. Mill both rail seats coplanar0.03 before assembling.
PURCHASED_HGR20_1200,2,iMetrx steel guide rail,iMetrx steel guide rail,,,"[0.0, 0.0, 0.0, 1200.0, 20.0, 17.5]",True,PURCHASED CLEARANCE ENVELOPE - NOT MATERIAL MASS,"Sourced section: width20, height17.5. Hole D9.5 counterbore8.5 deep, through6. | Factory hole pitch and end datum HOLD: drawing P40/E20 does not close on1500. No invented rail screw coordinates. | Cut Y rail to1420 using abrasive-rated process, deburr; verify usable factory end holes before final cut."
Z_CARRIER,1,6061-T6 aluminum12.7,6061-T6 aluminum12.7,,12.7,"[0.0, 0.0, 0.0, 260.0, 170.2, 12.7]",True,INTERFACE HOLD - INDIVIDUAL EXPORT GUARDED,16M5 connect four X guide blocks. Z module fixing holes are NOT invented: bottom slot coordinates/engagement and complete output-height drawing remain HOLD. | The Z module base mounting must be positively fastened before machining or commissioning. | Four additionalØ6.6 link-bridge mounting holes; matching flat coordinates included. | Four additionalØ6.6 link-bridge mounting holes; matching flat coordinates included. | Four additionalØ6.6 link-bridge mounting holes; matching flat coordinates included. | Four additionalØ6.6 link-bridge mounting holes; matching flat coordinates included.
PURCHASED_HMS40_800,1,KHMOS HMS40 drive-only module,KHMOS HMS40 drive-only module,,,"[0.0, 0.0, 0.0, 925.0, 42.0, 60.0]",True,PURCHASED CLEARANCE ENVELOPE - NOT MATERIAL MASS,"Published body length S+125, end section42×60. Internal voids/rails not represented. | Selected screw lead10 mm. Assembly endpoint datum and base nut cavity require supplier confirmation."
HMS40_DRIVE_SHOE_19p05,1,6061-T6 aluminum 19.05,6061-T6 aluminum 19.05,,19.05,"[0.0, 0.0, 0.0, 65.0, 48.0, 19.05]",False,ENGINEERING DEFINITION - REVIEW BEFORE FABRICATION,"4×Ø4.5 through, Ø8 counterbore17.05 deep. M4×10 seats on2 mm web,8 mm thread engagement. | Drive-only shoe; do not transfer router overturning moment through HMS40."
X_LINK_SUPPORT,1,6061-T6 machined integral bracket,6061-T6 machined integral bracket,,,"[0.0, 0.0, -30.0, 156.0, 120.8, 6.35]",False,ENGINEERING DEFINITION - REVIEW BEFORE FABRICATION,"156 mm front flange narrows to36 mm at rear;120.8 projection,6.35 thick. Integral156×8×30 downstand. FourØ5 pilots cross downstand;tapM6×1 through8. | TwoØ3.3 upper pilots:tapM4×0.7 through6.35. Bridge transfers thrust to X carrier with4M6×20,7.3 mm engagement."
RATTMOTOR_ZBX80_100,1,RATTMMOTOR ZBX80 base envelope,RATTMMOTOR ZBX80 base envelope,,,"[0.0, 0.0, 0.0, 80.0, 20.0, 219.0]",True,PURCHASED CLEARANCE ENVELOPE - NOT MATERIAL MASS,"Owner-supplied listing drawing (25 Sep 2026): body 219 long x 80 wide with 12 mm end blocks, 330 overall including the NEMA23 (57 sq) motor; matches this envelope. | Exact base-slot fastening interface remains HOLD; base fastening is measure-on-receipt."
ZBX80_END_BOTTOM,1,ZBX80 sourced endplate envelope,ZBX80 sourced endplate envelope,,,"[0.0, 0.0, 0.0, 80.0, 67.0, 12.0]",True,PURCHASED CLEARANCE ENVELOPE - NOT MATERIAL MASS,
ZBX80_END_TOP,1,ZBX80 sourced endplate envelope,ZBX80 sourced endplate envelope,,,"[0.0, 0.0, 0.0, 80.0, 78.0, 12.0]",True,PURCHASED CLEARANCE ENVELOPE - NOT MATERIAL MASS,
CANDIDATE_23HS30-5004D-B280,1,Purchased replacement brake motor clearance envelope; not mass solid,Purchased replacement brake motor clearance envelope; not mass solid,,,"[0.0, 0.0, 0.0, 57.0, 57.0, 116.5]",True,REPLACEMENT CANDIDATE - COUPLING/PILOT HOLD - INDIVIDUAL EXPORT GUARDED,"Candidate replacement, not an add-on to the original single-ended motor. Source: https://www.omc-stepperonline.com/nema-23-stepper-motor-2-0nm-283-22oz-in-with-24v-4-5w-electromagnetic-brake-23hs30-5004d-b280 | 57 x 57 x 116.5 body; shaft diameter8 x21 long, D-flat15. Body extends60.5 above the old56 envelope. | Two-phase1.8 degree, 5 A/phase, 2.0 N.m holding; brake power-off type, 2.8 N.m static,24 V/4.5 W. | Motor mount pilot, four mounting holes, shaft alignment/engagement and coupling bore remain unverified against ZBX80. Shaft and cables not silently included in this body solid. | Brake does not bypass coupling, ballscrew or attachment failure. Static rating is not an emergency-stop energy rating. | Brake must engage before driver torque is removed; release only after motor torque is established. Brake coil uses a separately rated24 V switched circuit, never a motor phase or logic pin."
ZBX80_UPPER_CLEARANCE,1,ZBX80 motor bracket/coupler clearance envelope,ZBX80 motor bracket/coupler clearance envelope,,,"[0.0, 0.0, 0.0, 80.0, 78.0, 55.0]",True,PURCHASED CLEARANCE ENVELOPE - NOT MATERIAL MASS,"Original stock module overall envelope is 330 mm from Z1040 to1370. The optional 116.5 mm brake-motor body extends the current reserved overall envelope to390.5 mm, ending atZ1430.5. | This body reserves the coupling/bracket zone only. Actual motor pilot, shaft, coupling and connector projections are unverified and are not modeled as established hardware."
ZBX80_OUTPUT_INTERFACE_HOLD,1,ZBX80 partial sourced carriage envelope,ZBX80 partial sourced carriage envelope,,,"[0.0, 0.0, 0.0, 90.0, 35.0, 50.0]",True,PURCHASED CLEARANCE ENVELOPE - NOT MATERIAL MASS,"Exact-ASIN top view gives a 90 x 50 output carriage. The 70 mm transverse dimension joins the smaller diameter5 fixing holes; it does not qualify the larger assembly bores as tool attachments. | Output height, along-travel fixing pitch, thread/depth and tool access remain unmeasured. Rev H reserves an 80 mm stack only as a placement assumption and uses an undrilled output-interface blank, without assumed adjustment slots."
H_TOOL_ADAPTER_TRANSFER_BLANK,1,6061-T6 aluminum12.7,6061-T6 aluminum12.7,,12.7,"[0.0, 0.0, 0.0, 110.0, 110.0, 12.7]",True,INTERFACE HOLD - INDIVIDUAL EXPORT GUARDED,"Rev H transfer-drill blank: obsolete assumed output slots removed. No output attachment fasteners are invented. | Record output height and all four fixing-hole coordinates, thread/pitch, usable depth and access before machining this guarded plate. | Custom tool-side four M6 clearance holes and rear counterbores are defined; Z output attachment is not released. | The present 80 mm output stack is a placement assumption, not a supplier measurement."
SPINDLE_B0BF5R3LNC,1,1.5 kW110V ER11 air-cooled spindle,1.5 kW110V ER11 air-cooled spindle,,,"[-32.5, -32.5, 0.0, 32.5, 32.5, 259.0]",True,PURCHASED CLEARANCE ENVELOPE - NOT MATERIAL MASS,"Exact selected diameter65, overall259, mass2.7 kg. Router tip/body reference here is a clearance assumption pending collet/tool drawing. | Custom split clamp is defined independently of the supplied kit clamp. Only Z-output adapter remains guarded. Remove entire tool before bed swap."
STD_M6x60_SOCKET,2,"M6 class 8.8 socket screw, nominal threads","M6 class 8.8 socket screw, nominal threads",,,"[-5.0, -5.0, 0.0, 5.0, 5.0, 66.0]",True,PURCHASED ENVELOPE - VERIFY INTERFACE,
SPINDLE_SPLIT_CLAMP_REAR,1,6061-T6 aluminum billet,6061-T6 aluminum billet,,,"[0.0, -0.0, 0.0, 110.0, 45.25, 40.0]",False,ENGINEERING DEFINITION - REVIEW BEFORE FABRICATION,"Width110, height40, assembled depth90.5; split gap0.50. BoreØ65.00/+0.03 with the split shim installed and both pinch bolts snug. | Rear:four blindM6×1 holes atX±45, Ø5 pilot17 deep, tap15 deep; mount screwsM6×20 engage13.3 through6.7 mm adapter web. | Pinch screws2×M6×60 atX±47. Rear split face:Ø5 pilot17 deep,tapM6×1 depth15. Front halfØ6.6 through; nominal engagement14.75. | Deburr bore edges0.3 maximum. Initial pinch torque3 N·m, verify spindle housing is retained without local deformation. Remove tool before bed swap."
SPINDLE_SPLIT_CLAMP_FRONT,1,6061-T6 aluminum billet,6061-T6 aluminum billet,,,"[0.0, 0.0, 0.0, 110.0, 44.75, 40.0]",False,ENGINEERING DEFINITION - REVIEW BEFORE FABRICATION,"Width110, height40, assembled depth90.5; split gap0.50. BoreØ65.00/+0.03 with the split shim installed and both pinch bolts snug. | Rear:four blindM6×1 holes atX±45, Ø5 pilot17 deep, tap15 deep; mount screwsM6×20 engage13.3 through6.7 mm adapter web. | Pinch screws2×M6×60 atX±47. Rear split face:Ø5 pilot17 deep,tapM6×1 depth15. Front halfØ6.6 through; nominal engagement14.75. | Deburr bore edges0.3 maximum. Initial pinch torque3 N·m, verify spindle housing is retained without local deformation. Remove tool before bed swap."
STD_M3x14_SOCKET,6,"M3 class 8.8 socket screw, nominal threads","M3 class 8.8 socket screw, nominal threads",,,"[-2.75, -2.75, 0.0, 2.75, 2.75, 17.0]",True,PURCHASED ENVELOPE - VERIFY INTERFACE,
Y_STOP_L_FRONT_BRACKET,1,"Welded A36 steel6.35 base/post,3 switch upright","Welded A36 steel6.35 base/post,3 switch upright",,,"[0.0, 0.0, 0.0, 43.3, 71.0, 56.35]",False,ENGINEERING DEFINITION - REVIEW BEFORE FABRICATION,"Mechanical contact atY carriage268/1282;2 mm software margin to electrical trip273/1277,then5 mm to buffer. | Weld steel bracket continuously3 mm fillets along base/post. Switch holesØ2.5 pilot,tapM3×0.5 through3. Buffer holesØ3.3 pilot,tapM4×0.7 through6.35. | Low-speed commissioning crash buffer only. At600 mm/min and20 mm/s² stopping distance2.5 mm before latency; higher feeds need measured stop-distance verification."
Y_STOP_L_FRONT_BUFFER,1,EPDM70A rubber8 mm,EPDM70A rubber8 mm,,,"[0.0, 0.0, 0.0, 15.8, 8.0, 30.0]",False,ENGINEERING DEFINITION - REVIEW BEFORE FABRICATION,"Mechanical contact atY carriage268/1282;2 mm software margin to electrical trip273/1277,then5 mm to buffer. | Weld steel bracket continuously3 mm fillets along base/post. Switch holesØ2.5 pilot,tapM3×0.5 through3. Buffer holesØ3.3 pilot,tapM4×0.7 through6.35. | Low-speed commissioning crash buffer only. At600 mm/min and20 mm/s² stopping distance2.5 mm before latency; higher feeds need measured stop-distance verification."
STD_M6x25_SOCKET,8,"M6 class 8.8 socket screw, nominal threads","M6 class 8.8 socket screw, nominal threads",,,"[-5.0, -5.0, 0.0, 5.0, 5.0, 31.0]",True,PURCHASED ENVELOPE - VERIFY INTERFACE,
STD_M6_NUT,8,M6 class8 steel nut,M6 class8 steel nut,,,"[-5.7735, -5.0, 0.0, 5.7735, 5.0, 5.0]",True,PURCHASED ENVELOPE - VERIFY INTERFACE,
OMRON_D2VW-01L2-1M,3,Omron sealed gold-contact roller microswitch,Omron sealed gold-contact roller microswitch,,,"[0.0, 0.0, 0.0, 33.0, 10.3, 15.9]",True,PURCHASED CLEARANCE ENVELOPE - NOT MATERIAL MASS,"D2VW-01L2-1M,SPDT with300 mm molded lead. Body33×10.3×15.9; mounting holes22.2×10.3 diagonal,Ø3.1. | Use COM black and NC red; insulate unused NO blue.24 V isolated input at5 mA; do not connect24 V to Kraken pins. | M3 mounting torque0.39–0.59 N·m. Roller operating position20.7±1.2 above bodybase; PT4 max,OT1.6 min. Cam continues on flat land."
INCLUDED_D2VW_ROLLER,3,"Included roller envelope, not a separate purchase","Included roller envelope, not a separate purchase",,,"[-0.0, -0.0, 0.0, 4.8, 4.8, 4.8]",True,PURCHASED CLEARANCE ENVELOPE - NOT MATERIAL MASS,Roller body only; small moving lever is omitted. Position follows the modeled cam without penetrating it.
Y_STOP_L_REAR_BRACKET,1,"Welded A36 steel6.35 base/post,3 switch upright","Welded A36 steel6.35 base/post,3 switch upright",,,"[0.0, 0.0, 0.0, 43.3, 50.0, 56.35]",False,ENGINEERING DEFINITION - REVIEW BEFORE FABRICATION,"Mechanical contact atY carriage268/1282;2 mm software margin to electrical trip273/1277,then5 mm to buffer. | Weld steel bracket continuously3 mm fillets along base/post. Switch holesØ2.5 pilot,tapM3×0.5 through3. Buffer holesØ3.3 pilot,tapM4×0.7 through6.35. | Low-speed commissioning crash buffer only. At600 mm/min and20 mm/s² stopping distance2.5 mm before latency; higher feeds need measured stop-distance verification."
Y_STOP_L_REAR_BUFFER,1,EPDM70A rubber8 mm,EPDM70A rubber8 mm,,,"[0.0, 0.0, 0.0, 15.8, 8.0, 30.0]",False,ENGINEERING DEFINITION - REVIEW BEFORE FABRICATION,"Mechanical contact atY carriage268/1282;2 mm software margin to electrical trip273/1277,then5 mm to buffer. | Weld steel bracket continuously3 mm fillets along base/post. Switch holesØ2.5 pilot,tapM3×0.5 through3. Buffer holesØ3.3 pilot,tapM4×0.7 through6.35. | Low-speed commissioning crash buffer only. At600 mm/min and20 mm/s² stopping distance2.5 mm before latency; higher feeds need measured stop-distance verification."
Y_CAM_L_FRONT,1,Machined A36 steel cam and3 mm attachment web,Machined A36 steel cam and3 mm attachment web,,,"[0.0, 0.0, 0.0, 26.8, 30.0, 28.3]",False,ENGINEERING DEFINITION - REVIEW BEFORE FABRICATION,"10 mm ramp reduces underside from1127 to1120.7, followed by20 mm flat land. Cam is a switch actuator, not a hard stop. | TwoM4×10 screws into8 mm-deep threads; adjust switch trip with bracket before final pinning."
Y_STOP_R_FRONT_BRACKET,1,"Welded A36 steel6.35 base/post,3 switch upright","Welded A36 steel6.35 base/post,3 switch upright",,,"[-0.0, 0.0, 0.0, 43.3, 71.0, 56.35]",False,ENGINEERING DEFINITION - REVIEW BEFORE FABRICATION,"Mechanical contact atY carriage268/1282;2 mm software margin to electrical trip273/1277,then5 mm to buffer. | Weld steel bracket continuously3 mm fillets along base/post. Switch holesØ2.5 pilot,tapM3×0.5 through3. Buffer holesØ3.3 pilot,tapM4×0.7 through6.35. | Low-speed commissioning crash buffer only. At600 mm/min and20 mm/s² stopping distance2.5 mm before latency; higher feeds need measured stop-distance verification."
Y_STOP_R_FRONT_BUFFER,1,EPDM70A rubber8 mm,EPDM70A rubber8 mm,,,"[-0.0, 0.0, 0.0, 15.8, 8.0, 30.0]",False,ENGINEERING DEFINITION - REVIEW BEFORE FABRICATION,"Mechanical contact atY carriage268/1282;2 mm software margin to electrical trip273/1277,then5 mm to buffer. | Weld steel bracket continuously3 mm fillets along base/post. Switch holesØ2.5 pilot,tapM3×0.5 through3. Buffer holesØ3.3 pilot,tapM4×0.7 through6.35. | Low-speed commissioning crash buffer only. At600 mm/min and20 mm/s² stopping distance2.5 mm before latency; higher feeds need measured stop-distance verification."
Y_STOP_R_REAR_BRACKET,1,"Welded A36 steel6.35 base/post,3 switch upright","Welded A36 steel6.35 base/post,3 switch upright",,,"[-0.0, 0.0, 0.0, 43.3, 50.0, 56.35]",False,ENGINEERING DEFINITION - REVIEW BEFORE FABRICATION,"Mechanical contact atY carriage268/1282;2 mm software margin to electrical trip273/1277,then5 mm to buffer. | Weld steel bracket continuously3 mm fillets along base/post. Switch holesØ2.5 pilot,tapM3×0.5 through3. Buffer holesØ3.3 pilot,tapM4×0.7 through6.35. | Low-speed commissioning crash buffer only. At600 mm/min and20 mm/s² stopping distance2.5 mm before latency; higher feeds need measured stop-distance verification."
Y_STOP_R_REAR_BUFFER,1,EPDM70A rubber8 mm,EPDM70A rubber8 mm,,,"[-0.0, 0.0, 0.0, 15.8, 8.0, 30.0]",False,ENGINEERING DEFINITION - REVIEW BEFORE FABRICATION,"Mechanical contact atY carriage268/1282;2 mm software margin to electrical trip273/1277,then5 mm to buffer. | Weld steel bracket continuously3 mm fillets along base/post. Switch holesØ2.5 pilot,tapM3×0.5 through3. Buffer holesØ3.3 pilot,tapM4×0.7 through6.35. | Low-speed commissioning crash buffer only. At600 mm/min and20 mm/s² stopping distance2.5 mm before latency; higher feeds need measured stop-distance verification."
Y_CAM_R_FRONT,1,Machined A36 steel cam and3 mm attachment web,Machined A36 steel cam and3 mm attachment web,,,"[-0.0, 0.0, 0.0, 26.8, 30.0, 28.3]",False,ENGINEERING DEFINITION - REVIEW BEFORE FABRICATION,"10 mm ramp reduces underside from1127 to1120.7, followed by20 mm flat land. Cam is a switch actuator, not a hard stop. | TwoM4×10 screws into8 mm-deep threads; adjust switch trip with bracket before final pinning."
STD_M6x55_SOCKET,4,"M6 class 8.8 socket screw, nominal threads","M6 class 8.8 socket screw, nominal threads",,,"[-5.0, -5.0, 0.0, 5.0, 5.0, 61.0]",True,PURCHASED ENVELOPE - VERIFY INTERFACE,
X_STOP_LEFT_BODY,1,Machined A36 steel stop block; left switch bracket welded3 mm fillets,Machined A36 steel stop block; left switch bracket welded3 mm fillets,,,"[0.0, 0.0, 0.0, 47.0, 52.4, 49.0]",False,ENGINEERING DEFINITION - REVIEW BEFORE FABRICATION,"Hard contact atheadX168/982. Normal soft travel175..975; home trip173 adjusted atlow speed. | Block20×45×26,2×Ø6.6 through45. Buffer screw threads:M4×0.7 depth10,Ø3.3 pilot11 frominner side. | Left switch bracket holes:Ø2.5 pilot,TAP M3×0.5 through3;switch screw torque0.39–0.59 N·m."
X_STOP_LEFT_BUFFER,1,EPDM70A rubber8,EPDM70A rubber8,,,"[0.0, 0.0, 0.0, 8.0, 14.0, 20.0]",False,ENGINEERING DEFINITION - REVIEW BEFORE FABRICATION,"Hard contact atheadX168/982. Normal soft travel175..975; home trip173 adjusted atlow speed. | Block20×45×26,2×Ø6.6 through45. Buffer screw threads:M4×0.7 depth10,Ø3.3 pilot11 frominner side. | Left switch bracket holes:Ø2.5 pilot,TAP M3×0.5 through3;switch screw torque0.39–0.59 N·m."
X_STOP_RIGHT_BODY,1,Machined A36 steel stop block; left switch bracket welded3 mm fillets,Machined A36 steel stop block; left switch bracket welded3 mm fillets,,,"[0.0, 0.0, 0.0, 20.0, 45.0, 26.0]",False,ENGINEERING DEFINITION - REVIEW BEFORE FABRICATION,"Hard contact atheadX168/982. Normal soft travel175..975; home trip173 adjusted atlow speed. | Block20×45×26,2×Ø6.6 through45. Buffer screw threads:M4×0.7 depth10,Ø3.3 pilot11 frominner side. | Left switch bracket holes:Ø2.5 pilot,TAP M3×0.5 through3;switch screw torque0.39–0.59 N·m."
X_STOP_RIGHT_BUFFER,1,EPDM70A rubber8,EPDM70A rubber8,,,"[0.0, 0.0, 0.0, 8.0, 14.0, 20.0]",False,ENGINEERING DEFINITION - REVIEW BEFORE FABRICATION,"Hard contact atheadX168/982. Normal soft travel175..975; home trip173 adjusted atlow speed. | Block20×45×26,2×Ø6.6 through45. Buffer screw threads:M4×0.7 depth10,Ø3.3 pilot11 frominner side. | Left switch bracket holes:Ø2.5 pilot,TAP M3×0.5 through3;switch screw torque0.39–0.59 N·m."
ISO7380_M4x8_BUTTON,2,M4×8 button-head screw7.6×2.2,M4×8 button-head screw7.6×2.2,,,"[-3.8, -3.8, 0.0, 3.8, 3.8, 10.2]",True,PURCHASED ENVELOPE - VERIFY INTERFACE,Cam web counterboreØ8×2.2 deep leaves0.8 mm;7.2 mm thread engagement. Cam carries only microswitch operating force.
X_HOME_CAM,1,A36 steel machined cam,A36 steel machined cam,,,"[0.0, 0.0, 0.0, 30.0, 20.0, 28.3]",False,ENGINEERING DEFINITION - REVIEW BEFORE FABRICATION,"30×20 ramp cam,10 mm ramp followed by20 mm land. TwoØ4.5 attachment holes."
