ISO-10303-21;
HEADER;
FILE_DESCRIPTION(('Open CASCADE Model'),'2;1');
FILE_NAME('Open CASCADE Shape Model','2026-09-26T20:47:26',('Author'),(
    'Open CASCADE'),'Open CASCADE STEP processor 7.8','Open CASCADE 7.8'
  ,'Unknown');
FILE_SCHEMA(('AUTOMOTIVE_DESIGN { 1 0 10303 214 1 1 1 1 }'));
ENDSEC;
DATA;
#1 = APPLICATION_PROTOCOL_DEFINITION('international standard',
  'automotive_design',2000,#2);
#2 = APPLICATION_CONTEXT(
  'core data for automotive mechanical design processes');
#3 = SHAPE_DEFINITION_REPRESENTATION(#4,#10);
#4 = PRODUCT_DEFINITION_SHAPE('','',#5);
#5 = PRODUCT_DEFINITION('design','',#6,#9);
#6 = PRODUCT_DEFINITION_FORMATION('','',#7);
#7 = PRODUCT('Open CASCADE STEP translator 7.8 415',
  'Open CASCADE STEP translator 7.8 415','',(#8));
#8 = PRODUCT_CONTEXT('',#2,'mechanical');
#9 = PRODUCT_DEFINITION_CONTEXT('part definition',#2,'design');
#10 = ADVANCED_BREP_SHAPE_REPRESENTATION('',(#11,#15),#2243);
#11 = AXIS2_PLACEMENT_3D('',#12,#13,#14);
#12 = CARTESIAN_POINT('',(0.,0.,0.));
#13 = DIRECTION('',(0.,0.,1.));
#14 = DIRECTION('',(1.,0.,-0.));
#15 = MANIFOLD_SOLID_BREP('',#16);
#16 = CLOSED_SHELL('',(#17,#361,#437,#486,#780,#902,#951,#1000,#1049,
    #1098,#1147,#1196,#1245,#1272,#1287,#1336,#1458,#1535,#1632,#1793,
    #1843,#1893,#1900,#1933,#1960,#2015,#2070,#2097,#2147,#2201,#2228,
    #2235,#2239));
#17 = ADVANCED_FACE('',(#18),#32,.F.);
#18 = FACE_BOUND('',#19,.F.);
#19 = EDGE_LOOP('',(#20,#55,#83,#111,#139,#167,#195,#223,#251,#279,#307,
    #335));
#20 = ORIENTED_EDGE('',*,*,#21,.F.);
#21 = EDGE_CURVE('',#22,#24,#26,.T.);
#22 = VERTEX_POINT('',#23);
#23 = CARTESIAN_POINT('',(1.279999999997E-02,0.,2.));
#24 = VERTEX_POINT('',#25);
#25 = CARTESIAN_POINT('',(1.279999999997E-02,32.956,2.));
#26 = SURFACE_CURVE('',#27,(#31,#43),.PCURVE_S1.);
#27 = LINE('',#28,#29);
#28 = CARTESIAN_POINT('',(1.279999999997E-02,0.,2.));
#29 = VECTOR('',#30,1.);
#30 = DIRECTION('',(0.,1.,0.));
#31 = PCURVE('',#32,#37);
#32 = PLANE('',#33);
#33 = AXIS2_PLACEMENT_3D('',#34,#35,#36);
#34 = CARTESIAN_POINT('',(1.279999999997E-02,0.,-2.));
#35 = DIRECTION('',(1.,0.,0.));
#36 = DIRECTION('',(0.,0.,1.));
#37 = DEFINITIONAL_REPRESENTATION('',(#38),#42);
#38 = LINE('',#39,#40);
#39 = CARTESIAN_POINT('',(4.,0.));
#40 = VECTOR('',#41,1.);
#41 = DIRECTION('',(0.,-1.));
#42 = ( GEOMETRIC_REPRESENTATION_CONTEXT(2) 
PARAMETRIC_REPRESENTATION_CONTEXT() REPRESENTATION_CONTEXT('2D SPACE',''
  ) );
#43 = PCURVE('',#44,#49);
#44 = PLANE('',#45);
#45 = AXIS2_PLACEMENT_3D('',#46,#47,#48);
#46 = CARTESIAN_POINT('',(1.279999999997E-02,0.,2.));
#47 = DIRECTION('',(0.,0.,1.));
#48 = DIRECTION('',(1.,0.,0.));
#49 = DEFINITIONAL_REPRESENTATION('',(#50),#54);
#50 = LINE('',#51,#52);
#51 = CARTESIAN_POINT('',(0.,0.));
#52 = VECTOR('',#53,1.);
#53 = DIRECTION('',(0.,1.));
#54 = ( GEOMETRIC_REPRESENTATION_CONTEXT(2) 
PARAMETRIC_REPRESENTATION_CONTEXT() REPRESENTATION_CONTEXT('2D SPACE',''
  ) );
#55 = ORIENTED_EDGE('',*,*,#56,.F.);
#56 = EDGE_CURVE('',#57,#22,#59,.T.);
#57 = VERTEX_POINT('',#58);
#58 = CARTESIAN_POINT('',(1.279999999997E-02,0.,0.));
#59 = SURFACE_CURVE('',#60,(#64,#71),.PCURVE_S1.);
#60 = LINE('',#61,#62);
#61 = CARTESIAN_POINT('',(1.279999999997E-02,0.,-2.));
#62 = VECTOR('',#63,1.);
#63 = DIRECTION('',(0.,0.,1.));
#64 = PCURVE('',#32,#65);
#65 = DEFINITIONAL_REPRESENTATION('',(#66),#70);
#66 = LINE('',#67,#68);
#67 = CARTESIAN_POINT('',(0.,0.));
#68 = VECTOR('',#69,1.);
#69 = DIRECTION('',(1.,0.));
#70 = ( GEOMETRIC_REPRESENTATION_CONTEXT(2) 
PARAMETRIC_REPRESENTATION_CONTEXT() REPRESENTATION_CONTEXT('2D SPACE',''
  ) );
#71 = PCURVE('',#72,#77);
#72 = PLANE('',#73);
#73 = AXIS2_PLACEMENT_3D('',#74,#75,#76);
#74 = CARTESIAN_POINT('',(1.279999999997E-02,0.,-2.));
#75 = DIRECTION('',(0.,1.,0.));
#76 = DIRECTION('',(0.,0.,1.));
#77 = DEFINITIONAL_REPRESENTATION('',(#78),#82);
#78 = LINE('',#79,#80);
#79 = CARTESIAN_POINT('',(0.,0.));
#80 = VECTOR('',#81,1.);
#81 = DIRECTION('',(1.,0.));
#82 = ( GEOMETRIC_REPRESENTATION_CONTEXT(2) 
PARAMETRIC_REPRESENTATION_CONTEXT() REPRESENTATION_CONTEXT('2D SPACE',''
  ) );
#83 = ORIENTED_EDGE('',*,*,#84,.F.);
#84 = EDGE_CURVE('',#85,#57,#87,.T.);
#85 = VERTEX_POINT('',#86);
#86 = CARTESIAN_POINT('',(1.279999999997E-02,36.956,0.));
#87 = SURFACE_CURVE('',#88,(#92,#99),.PCURVE_S1.);
#88 = LINE('',#89,#90);
#89 = CARTESIAN_POINT('',(1.279999999997E-02,-5.761,0.));
#90 = VECTOR('',#91,1.);
#91 = DIRECTION('',(0.,-1.,0.));
#92 = PCURVE('',#32,#93);
#93 = DEFINITIONAL_REPRESENTATION('',(#94),#98);
#94 = LINE('',#95,#96);
#95 = CARTESIAN_POINT('',(2.,5.761));
#96 = VECTOR('',#97,1.);
#97 = DIRECTION('',(0.,1.));
#98 = ( GEOMETRIC_REPRESENTATION_CONTEXT(2) 
PARAMETRIC_REPRESENTATION_CONTEXT() REPRESENTATION_CONTEXT('2D SPACE',''
  ) );
#99 = PCURVE('',#100,#105);
#100 = PLANE('',#101);
#101 = AXIS2_PLACEMENT_3D('',#102,#103,#104);
#102 = CARTESIAN_POINT('',(-49.9872,-11.522,0.));
#103 = DIRECTION('',(0.,0.,1.));
#104 = DIRECTION('',(1.,0.,0.));
#105 = DEFINITIONAL_REPRESENTATION('',(#106),#110);
#106 = LINE('',#107,#108);
#107 = CARTESIAN_POINT('',(50.,5.761));
#108 = VECTOR('',#109,1.);
#109 = DIRECTION('',(0.,-1.));
#110 = ( GEOMETRIC_REPRESENTATION_CONTEXT(2) 
PARAMETRIC_REPRESENTATION_CONTEXT() REPRESENTATION_CONTEXT('2D SPACE',''
  ) );
#111 = ORIENTED_EDGE('',*,*,#112,.F.);
#112 = EDGE_CURVE('',#113,#85,#115,.T.);
#113 = VERTEX_POINT('',#114);
#114 = CARTESIAN_POINT('',(1.279999999997E-02,36.956,30.9936));
#115 = SURFACE_CURVE('',#116,(#120,#127),.PCURVE_S1.);
#116 = LINE('',#117,#118);
#117 = CARTESIAN_POINT('',(1.279999999997E-02,36.956,30.9936));
#118 = VECTOR('',#119,1.);
#119 = DIRECTION('',(0.,0.,-1.));
#120 = PCURVE('',#32,#121);
#121 = DEFINITIONAL_REPRESENTATION('',(#122),#126);
#122 = LINE('',#123,#124);
#123 = CARTESIAN_POINT('',(32.9936,-36.956));
#124 = VECTOR('',#125,1.);
#125 = DIRECTION('',(-1.,0.));
#126 = ( GEOMETRIC_REPRESENTATION_CONTEXT(2) 
PARAMETRIC_REPRESENTATION_CONTEXT() REPRESENTATION_CONTEXT('2D SPACE',''
  ) );
#127 = PCURVE('',#128,#133);
#128 = PLANE('',#129);
#129 = AXIS2_PLACEMENT_3D('',#130,#131,#132);
#130 = CARTESIAN_POINT('',(1.279999999997E-02,36.956,-2.));
#131 = DIRECTION('',(0.,1.,0.));
#132 = DIRECTION('',(0.,0.,1.));
#133 = DEFINITIONAL_REPRESENTATION('',(#134),#138);
#134 = LINE('',#135,#136);
#135 = CARTESIAN_POINT('',(32.9936,0.));
#136 = VECTOR('',#137,1.);
#137 = DIRECTION('',(-1.,0.));
#138 = ( GEOMETRIC_REPRESENTATION_CONTEXT(2) 
PARAMETRIC_REPRESENTATION_CONTEXT() REPRESENTATION_CONTEXT('2D SPACE',''
  ) );
#139 = ORIENTED_EDGE('',*,*,#140,.T.);
#140 = EDGE_CURVE('',#113,#141,#143,.T.);
#141 = VERTEX_POINT('',#142);
#142 = CARTESIAN_POINT('',(1.279999999997E-02,40.956,30.9936));
#143 = SURFACE_CURVE('',#144,(#148,#155),.PCURVE_S1.);
#144 = LINE('',#145,#146);
#145 = CARTESIAN_POINT('',(1.279999999997E-02,32.956,30.9936));
#146 = VECTOR('',#147,1.);
#147 = DIRECTION('',(0.,1.,0.));
#148 = PCURVE('',#32,#149);
#149 = DEFINITIONAL_REPRESENTATION('',(#150),#154);
#150 = LINE('',#151,#152);
#151 = CARTESIAN_POINT('',(32.9936,-32.956));
#152 = VECTOR('',#153,1.);
#153 = DIRECTION('',(0.,-1.));
#154 = ( GEOMETRIC_REPRESENTATION_CONTEXT(2) 
PARAMETRIC_REPRESENTATION_CONTEXT() REPRESENTATION_CONTEXT('2D SPACE',''
  ) );
#155 = PCURVE('',#156,#161);
#156 = PLANE('',#157);
#157 = AXIS2_PLACEMENT_3D('',#158,#159,#160);
#158 = CARTESIAN_POINT('',(1.279999999997E-02,32.956,30.9936));
#159 = DIRECTION('',(0.,0.,1.));
#160 = DIRECTION('',(1.,0.,0.));
#161 = DEFINITIONAL_REPRESENTATION('',(#162),#166);
#162 = LINE('',#163,#164);
#163 = CARTESIAN_POINT('',(0.,0.));
#164 = VECTOR('',#165,1.);
#165 = DIRECTION('',(0.,1.));
#166 = ( GEOMETRIC_REPRESENTATION_CONTEXT(2) 
PARAMETRIC_REPRESENTATION_CONTEXT() REPRESENTATION_CONTEXT('2D SPACE',''
  ) );
#167 = ORIENTED_EDGE('',*,*,#168,.T.);
#168 = EDGE_CURVE('',#141,#169,#171,.T.);
#169 = VERTEX_POINT('',#170);
#170 = CARTESIAN_POINT('',(1.279999999997E-02,40.956,31.4968));
#171 = SURFACE_CURVE('',#172,(#176,#183),.PCURVE_S1.);
#172 = LINE('',#173,#174);
#173 = CARTESIAN_POINT('',(1.279999999997E-02,40.956,30.9936));
#174 = VECTOR('',#175,1.);
#175 = DIRECTION('',(0.,0.,1.));
#176 = PCURVE('',#32,#177);
#177 = DEFINITIONAL_REPRESENTATION('',(#178),#182);
#178 = LINE('',#179,#180);
#179 = CARTESIAN_POINT('',(32.9936,-40.956));
#180 = VECTOR('',#181,1.);
#181 = DIRECTION('',(1.,0.));
#182 = ( GEOMETRIC_REPRESENTATION_CONTEXT(2) 
PARAMETRIC_REPRESENTATION_CONTEXT() REPRESENTATION_CONTEXT('2D SPACE',''
  ) );
#183 = PCURVE('',#184,#189);
#184 = PLANE('',#185);
#185 = AXIS2_PLACEMENT_3D('',#186,#187,#188);
#186 = CARTESIAN_POINT('',(1.279999999997E-02,40.956,30.9936));
#187 = DIRECTION('',(0.,1.,0.));
#188 = DIRECTION('',(0.,0.,1.));
#189 = DEFINITIONAL_REPRESENTATION('',(#190),#194);
#190 = LINE('',#191,#192);
#191 = CARTESIAN_POINT('',(0.,0.));
#192 = VECTOR('',#193,1.);
#193 = DIRECTION('',(1.,0.));
#194 = ( GEOMETRIC_REPRESENTATION_CONTEXT(2) 
PARAMETRIC_REPRESENTATION_CONTEXT() REPRESENTATION_CONTEXT('2D SPACE',''
  ) );
#195 = ORIENTED_EDGE('',*,*,#196,.F.);
#196 = EDGE_CURVE('',#197,#169,#199,.T.);
#197 = VERTEX_POINT('',#198);
#198 = CARTESIAN_POINT('',(1.279999999997E-02,32.956,31.4968));
#199 = SURFACE_CURVE('',#200,(#204,#211),.PCURVE_S1.);
#200 = LINE('',#201,#202);
#201 = CARTESIAN_POINT('',(1.279999999997E-02,32.956,31.4968));
#202 = VECTOR('',#203,1.);
#203 = DIRECTION('',(0.,1.,0.));
#204 = PCURVE('',#32,#205);
#205 = DEFINITIONAL_REPRESENTATION('',(#206),#210);
#206 = LINE('',#207,#208);
#207 = CARTESIAN_POINT('',(33.4968,-32.956));
#208 = VECTOR('',#209,1.);
#209 = DIRECTION('',(0.,-1.));
#210 = ( GEOMETRIC_REPRESENTATION_CONTEXT(2) 
PARAMETRIC_REPRESENTATION_CONTEXT() REPRESENTATION_CONTEXT('2D SPACE',''
  ) );
#211 = PCURVE('',#212,#217);
#212 = PLANE('',#213);
#213 = AXIS2_PLACEMENT_3D('',#214,#215,#216);
#214 = CARTESIAN_POINT('',(1.279999999997E-02,32.956,31.4968));
#215 = DIRECTION('',(0.,0.,1.));
#216 = DIRECTION('',(1.,0.,0.));
#217 = DEFINITIONAL_REPRESENTATION('',(#218),#222);
#218 = LINE('',#219,#220);
#219 = CARTESIAN_POINT('',(0.,0.));
#220 = VECTOR('',#221,1.);
#221 = DIRECTION('',(0.,1.));
#222 = ( GEOMETRIC_REPRESENTATION_CONTEXT(2) 
PARAMETRIC_REPRESENTATION_CONTEXT() REPRESENTATION_CONTEXT('2D SPACE',''
  ) );
#223 = ORIENTED_EDGE('',*,*,#224,.F.);
#224 = EDGE_CURVE('',#225,#197,#227,.T.);
#225 = VERTEX_POINT('',#226);
#226 = CARTESIAN_POINT('',(1.279999999997E-02,32.956,30.9936));
#227 = SURFACE_CURVE('',#228,(#232,#239),.PCURVE_S1.);
#228 = LINE('',#229,#230);
#229 = CARTESIAN_POINT('',(1.279999999997E-02,32.956,30.9936));
#230 = VECTOR('',#231,1.);
#231 = DIRECTION('',(0.,0.,1.));
#232 = PCURVE('',#32,#233);
#233 = DEFINITIONAL_REPRESENTATION('',(#234),#238);
#234 = LINE('',#235,#236);
#235 = CARTESIAN_POINT('',(32.9936,-32.956));
#236 = VECTOR('',#237,1.);
#237 = DIRECTION('',(1.,0.));
#238 = ( GEOMETRIC_REPRESENTATION_CONTEXT(2) 
PARAMETRIC_REPRESENTATION_CONTEXT() REPRESENTATION_CONTEXT('2D SPACE',''
  ) );
#239 = PCURVE('',#240,#245);
#240 = PLANE('',#241);
#241 = AXIS2_PLACEMENT_3D('',#242,#243,#244);
#242 = CARTESIAN_POINT('',(1.279999999997E-02,32.956,2.));
#243 = DIRECTION('',(0.,1.,0.));
#244 = DIRECTION('',(0.,0.,1.));
#245 = DEFINITIONAL_REPRESENTATION('',(#246),#250);
#246 = LINE('',#247,#248);
#247 = CARTESIAN_POINT('',(28.9936,0.));
#248 = VECTOR('',#249,1.);
#249 = DIRECTION('',(1.,0.));
#250 = ( GEOMETRIC_REPRESENTATION_CONTEXT(2) 
PARAMETRIC_REPRESENTATION_CONTEXT() REPRESENTATION_CONTEXT('2D SPACE',''
  ) );
#251 = ORIENTED_EDGE('',*,*,#252,.F.);
#252 = EDGE_CURVE('',#253,#225,#255,.T.);
#253 = VERTEX_POINT('',#254);
#254 = CARTESIAN_POINT('',(1.279999999997E-02,29.478,30.9936));
#255 = SURFACE_CURVE('',#256,(#260,#267),.PCURVE_S1.);
#256 = LINE('',#257,#258);
#257 = CARTESIAN_POINT('',(1.279999999997E-02,0.,30.9936));
#258 = VECTOR('',#259,1.);
#259 = DIRECTION('',(0.,1.,0.));
#260 = PCURVE('',#32,#261);
#261 = DEFINITIONAL_REPRESENTATION('',(#262),#266);
#262 = LINE('',#263,#264);
#263 = CARTESIAN_POINT('',(32.9936,0.));
#264 = VECTOR('',#265,1.);
#265 = DIRECTION('',(0.,-1.));
#266 = ( GEOMETRIC_REPRESENTATION_CONTEXT(2) 
PARAMETRIC_REPRESENTATION_CONTEXT() REPRESENTATION_CONTEXT('2D SPACE',''
  ) );
#267 = PCURVE('',#268,#273);
#268 = PLANE('',#269);
#269 = AXIS2_PLACEMENT_3D('',#270,#271,#272);
#270 = CARTESIAN_POINT('',(1.279999999997E-02,0.,30.9936));
#271 = DIRECTION('',(0.,0.,1.));
#272 = DIRECTION('',(1.,0.,0.));
#273 = DEFINITIONAL_REPRESENTATION('',(#274),#278);
#274 = LINE('',#275,#276);
#275 = CARTESIAN_POINT('',(0.,0.));
#276 = VECTOR('',#277,1.);
#277 = DIRECTION('',(0.,1.));
#278 = ( GEOMETRIC_REPRESENTATION_CONTEXT(2) 
PARAMETRIC_REPRESENTATION_CONTEXT() REPRESENTATION_CONTEXT('2D SPACE',''
  ) );
#279 = ORIENTED_EDGE('',*,*,#280,.F.);
#280 = EDGE_CURVE('',#281,#253,#283,.T.);
#281 = VERTEX_POINT('',#282);
#282 = CARTESIAN_POINT('',(1.279999999997E-02,29.478,26.9936));
#283 = SURFACE_CURVE('',#284,(#288,#295),.PCURVE_S1.);
#284 = LINE('',#285,#286);
#285 = CARTESIAN_POINT('',(1.279999999997E-02,29.478,12.4968));
#286 = VECTOR('',#287,1.);
#287 = DIRECTION('',(0.,0.,1.));
#288 = PCURVE('',#32,#289);
#289 = DEFINITIONAL_REPRESENTATION('',(#290),#294);
#290 = LINE('',#291,#292);
#291 = CARTESIAN_POINT('',(14.4968,-29.478));
#292 = VECTOR('',#293,1.);
#293 = DIRECTION('',(1.,0.));
#294 = ( GEOMETRIC_REPRESENTATION_CONTEXT(2) 
PARAMETRIC_REPRESENTATION_CONTEXT() REPRESENTATION_CONTEXT('2D SPACE',''
  ) );
#295 = PCURVE('',#296,#301);
#296 = PLANE('',#297);
#297 = AXIS2_PLACEMENT_3D('',#298,#299,#300);
#298 = CARTESIAN_POINT('',(0.,29.478,26.9936));
#299 = DIRECTION('',(0.,1.,0.));
#300 = DIRECTION('',(0.,0.,1.));
#301 = DEFINITIONAL_REPRESENTATION('',(#302),#306);
#302 = LINE('',#303,#304);
#303 = CARTESIAN_POINT('',(-14.4968,1.279999999997E-02));
#304 = VECTOR('',#305,1.);
#305 = DIRECTION('',(1.,0.));
#306 = ( GEOMETRIC_REPRESENTATION_CONTEXT(2) 
PARAMETRIC_REPRESENTATION_CONTEXT() REPRESENTATION_CONTEXT('2D SPACE',''
  ) );
#307 = ORIENTED_EDGE('',*,*,#308,.T.);
#308 = EDGE_CURVE('',#281,#309,#311,.T.);
#309 = VERTEX_POINT('',#310);
#310 = CARTESIAN_POINT('',(1.279999999997E-02,32.956,26.9936));
#311 = SURFACE_CURVE('',#312,(#316,#323),.PCURVE_S1.);
#312 = LINE('',#313,#314);
#313 = CARTESIAN_POINT('',(1.279999999997E-02,0.,26.9936));
#314 = VECTOR('',#315,1.);
#315 = DIRECTION('',(0.,1.,0.));
#316 = PCURVE('',#32,#317);
#317 = DEFINITIONAL_REPRESENTATION('',(#318),#322);
#318 = LINE('',#319,#320);
#319 = CARTESIAN_POINT('',(28.9936,0.));
#320 = VECTOR('',#321,1.);
#321 = DIRECTION('',(0.,-1.));
#322 = ( GEOMETRIC_REPRESENTATION_CONTEXT(2) 
PARAMETRIC_REPRESENTATION_CONTEXT() REPRESENTATION_CONTEXT('2D SPACE',''
  ) );
#323 = PCURVE('',#324,#329);
#324 = PLANE('',#325);
#325 = AXIS2_PLACEMENT_3D('',#326,#327,#328);
#326 = CARTESIAN_POINT('',(1.279999999997E-02,0.,26.9936));
#327 = DIRECTION('',(0.,0.,1.));
#328 = DIRECTION('',(1.,0.,0.));
#329 = DEFINITIONAL_REPRESENTATION('',(#330),#334);
#330 = LINE('',#331,#332);
#331 = CARTESIAN_POINT('',(0.,0.));
#332 = VECTOR('',#333,1.);
#333 = DIRECTION('',(0.,1.));
#334 = ( GEOMETRIC_REPRESENTATION_CONTEXT(2) 
PARAMETRIC_REPRESENTATION_CONTEXT() REPRESENTATION_CONTEXT('2D SPACE',''
  ) );
#335 = ORIENTED_EDGE('',*,*,#336,.F.);
#336 = EDGE_CURVE('',#24,#309,#337,.T.);
#337 = SURFACE_CURVE('',#338,(#342,#349),.PCURVE_S1.);
#338 = LINE('',#339,#340);
#339 = CARTESIAN_POINT('',(1.279999999997E-02,32.956,2.));
#340 = VECTOR('',#341,1.);
#341 = DIRECTION('',(0.,0.,1.));
#342 = PCURVE('',#32,#343);
#343 = DEFINITIONAL_REPRESENTATION('',(#344),#348);
#344 = LINE('',#345,#346);
#345 = CARTESIAN_POINT('',(4.,-32.956));
#346 = VECTOR('',#347,1.);
#347 = DIRECTION('',(1.,0.));
#348 = ( GEOMETRIC_REPRESENTATION_CONTEXT(2) 
PARAMETRIC_REPRESENTATION_CONTEXT() REPRESENTATION_CONTEXT('2D SPACE',''
  ) );
#349 = PCURVE('',#350,#355);
#350 = PLANE('',#351);
#351 = AXIS2_PLACEMENT_3D('',#352,#353,#354);
#352 = CARTESIAN_POINT('',(1.279999999997E-02,32.956,2.));
#353 = DIRECTION('',(0.,1.,0.));
#354 = DIRECTION('',(0.,0.,1.));
#355 = DEFINITIONAL_REPRESENTATION('',(#356),#360);
#356 = LINE('',#357,#358);
#357 = CARTESIAN_POINT('',(0.,0.));
#358 = VECTOR('',#359,1.);
#359 = DIRECTION('',(1.,0.));
#360 = ( GEOMETRIC_REPRESENTATION_CONTEXT(2) 
PARAMETRIC_REPRESENTATION_CONTEXT() REPRESENTATION_CONTEXT('2D SPACE',''
  ) );
#361 = ADVANCED_FACE('',(#362),#44,.T.);
#362 = FACE_BOUND('',#363,.T.);
#363 = EDGE_LOOP('',(#364,#365,#388,#416));
#364 = ORIENTED_EDGE('',*,*,#21,.F.);
#365 = ORIENTED_EDGE('',*,*,#366,.T.);
#366 = EDGE_CURVE('',#22,#367,#369,.T.);
#367 = VERTEX_POINT('',#368);
#368 = CARTESIAN_POINT('',(6.0128,0.,2.));
#369 = SURFACE_CURVE('',#370,(#374,#381),.PCURVE_S1.);
#370 = LINE('',#371,#372);
#371 = CARTESIAN_POINT('',(1.279999999997E-02,0.,2.));
#372 = VECTOR('',#373,1.);
#373 = DIRECTION('',(1.,0.,0.));
#374 = PCURVE('',#44,#375);
#375 = DEFINITIONAL_REPRESENTATION('',(#376),#380);
#376 = LINE('',#377,#378);
#377 = CARTESIAN_POINT('',(0.,0.));
#378 = VECTOR('',#379,1.);
#379 = DIRECTION('',(1.,0.));
#380 = ( GEOMETRIC_REPRESENTATION_CONTEXT(2) 
PARAMETRIC_REPRESENTATION_CONTEXT() REPRESENTATION_CONTEXT('2D SPACE',''
  ) );
#381 = PCURVE('',#72,#382);
#382 = DEFINITIONAL_REPRESENTATION('',(#383),#387);
#383 = LINE('',#384,#385);
#384 = CARTESIAN_POINT('',(4.,0.));
#385 = VECTOR('',#386,1.);
#386 = DIRECTION('',(0.,1.));
#387 = ( GEOMETRIC_REPRESENTATION_CONTEXT(2) 
PARAMETRIC_REPRESENTATION_CONTEXT() REPRESENTATION_CONTEXT('2D SPACE',''
  ) );
#388 = ORIENTED_EDGE('',*,*,#389,.T.);
#389 = EDGE_CURVE('',#367,#390,#392,.T.);
#390 = VERTEX_POINT('',#391);
#391 = CARTESIAN_POINT('',(6.0128,32.956,2.));
#392 = SURFACE_CURVE('',#393,(#397,#404),.PCURVE_S1.);
#393 = LINE('',#394,#395);
#394 = CARTESIAN_POINT('',(6.0128,0.,2.));
#395 = VECTOR('',#396,1.);
#396 = DIRECTION('',(0.,1.,0.));
#397 = PCURVE('',#44,#398);
#398 = DEFINITIONAL_REPRESENTATION('',(#399),#403);
#399 = LINE('',#400,#401);
#400 = CARTESIAN_POINT('',(6.,0.));
#401 = VECTOR('',#402,1.);
#402 = DIRECTION('',(0.,1.));
#403 = ( GEOMETRIC_REPRESENTATION_CONTEXT(2) 
PARAMETRIC_REPRESENTATION_CONTEXT() REPRESENTATION_CONTEXT('2D SPACE',''
  ) );
#404 = PCURVE('',#405,#410);
#405 = PLANE('',#406);
#406 = AXIS2_PLACEMENT_3D('',#407,#408,#409);
#407 = CARTESIAN_POINT('',(6.0128,0.,-2.));
#408 = DIRECTION('',(1.,0.,0.));
#409 = DIRECTION('',(0.,0.,1.));
#410 = DEFINITIONAL_REPRESENTATION('',(#411),#415);
#411 = LINE('',#412,#413);
#412 = CARTESIAN_POINT('',(4.,0.));
#413 = VECTOR('',#414,1.);
#414 = DIRECTION('',(0.,-1.));
#415 = ( GEOMETRIC_REPRESENTATION_CONTEXT(2) 
PARAMETRIC_REPRESENTATION_CONTEXT() REPRESENTATION_CONTEXT('2D SPACE',''
  ) );
#416 = ORIENTED_EDGE('',*,*,#417,.F.);
#417 = EDGE_CURVE('',#24,#390,#418,.T.);
#418 = SURFACE_CURVE('',#419,(#423,#430),.PCURVE_S1.);
#419 = LINE('',#420,#421);
#420 = CARTESIAN_POINT('',(1.279999999997E-02,32.956,2.));
#421 = VECTOR('',#422,1.);
#422 = DIRECTION('',(1.,0.,0.));
#423 = PCURVE('',#44,#424);
#424 = DEFINITIONAL_REPRESENTATION('',(#425),#429);
#425 = LINE('',#426,#427);
#426 = CARTESIAN_POINT('',(0.,32.956));
#427 = VECTOR('',#428,1.);
#428 = DIRECTION('',(1.,0.));
#429 = ( GEOMETRIC_REPRESENTATION_CONTEXT(2) 
PARAMETRIC_REPRESENTATION_CONTEXT() REPRESENTATION_CONTEXT('2D SPACE',''
  ) );
#430 = PCURVE('',#350,#431);
#431 = DEFINITIONAL_REPRESENTATION('',(#432),#436);
#432 = LINE('',#433,#434);
#433 = CARTESIAN_POINT('',(0.,0.));
#434 = VECTOR('',#435,1.);
#435 = DIRECTION('',(0.,1.));
#436 = ( GEOMETRIC_REPRESENTATION_CONTEXT(2) 
PARAMETRIC_REPRESENTATION_CONTEXT() REPRESENTATION_CONTEXT('2D SPACE',''
  ) );
#437 = ADVANCED_FACE('',(#438),#350,.F.);
#438 = FACE_BOUND('',#439,.F.);
#439 = EDGE_LOOP('',(#440,#463,#464,#465));
#440 = ORIENTED_EDGE('',*,*,#441,.F.);
#441 = EDGE_CURVE('',#390,#442,#444,.T.);
#442 = VERTEX_POINT('',#443);
#443 = CARTESIAN_POINT('',(6.0128,32.956,26.9936));
#444 = SURFACE_CURVE('',#445,(#449,#456),.PCURVE_S1.);
#445 = LINE('',#446,#447);
#446 = CARTESIAN_POINT('',(6.0128,32.956,2.));
#447 = VECTOR('',#448,1.);
#448 = DIRECTION('',(0.,0.,1.));
#449 = PCURVE('',#350,#450);
#450 = DEFINITIONAL_REPRESENTATION('',(#451),#455);
#451 = LINE('',#452,#453);
#452 = CARTESIAN_POINT('',(0.,6.));
#453 = VECTOR('',#454,1.);
#454 = DIRECTION('',(1.,0.));
#455 = ( GEOMETRIC_REPRESENTATION_CONTEXT(2) 
PARAMETRIC_REPRESENTATION_CONTEXT() REPRESENTATION_CONTEXT('2D SPACE',''
  ) );
#456 = PCURVE('',#405,#457);
#457 = DEFINITIONAL_REPRESENTATION('',(#458),#462);
#458 = LINE('',#459,#460);
#459 = CARTESIAN_POINT('',(4.,-32.956));
#460 = VECTOR('',#461,1.);
#461 = DIRECTION('',(1.,0.));
#462 = ( GEOMETRIC_REPRESENTATION_CONTEXT(2) 
PARAMETRIC_REPRESENTATION_CONTEXT() REPRESENTATION_CONTEXT('2D SPACE',''
  ) );
#463 = ORIENTED_EDGE('',*,*,#417,.F.);
#464 = ORIENTED_EDGE('',*,*,#336,.T.);
#465 = ORIENTED_EDGE('',*,*,#466,.T.);
#466 = EDGE_CURVE('',#309,#442,#467,.T.);
#467 = SURFACE_CURVE('',#468,(#472,#479),.PCURVE_S1.);
#468 = LINE('',#469,#470);
#469 = CARTESIAN_POINT('',(1.279999999997E-02,32.956,26.9936));
#470 = VECTOR('',#471,1.);
#471 = DIRECTION('',(1.,0.,0.));
#472 = PCURVE('',#350,#473);
#473 = DEFINITIONAL_REPRESENTATION('',(#474),#478);
#474 = LINE('',#475,#476);
#475 = CARTESIAN_POINT('',(24.9936,0.));
#476 = VECTOR('',#477,1.);
#477 = DIRECTION('',(0.,1.));
#478 = ( GEOMETRIC_REPRESENTATION_CONTEXT(2) 
PARAMETRIC_REPRESENTATION_CONTEXT() REPRESENTATION_CONTEXT('2D SPACE',''
  ) );
#479 = PCURVE('',#324,#480);
#480 = DEFINITIONAL_REPRESENTATION('',(#481),#485);
#481 = LINE('',#482,#483);
#482 = CARTESIAN_POINT('',(0.,32.956));
#483 = VECTOR('',#484,1.);
#484 = DIRECTION('',(1.,0.));
#485 = ( GEOMETRIC_REPRESENTATION_CONTEXT(2) 
PARAMETRIC_REPRESENTATION_CONTEXT() REPRESENTATION_CONTEXT('2D SPACE',''
  ) );
#486 = ADVANCED_FACE('',(#487,#749),#324,.F.);
#487 = FACE_BOUND('',#488,.F.);
#488 = EDGE_LOOP('',(#489,#490,#513,#541,#569,#597,#625,#653,#676,#704,
    #727,#748));
#489 = ORIENTED_EDGE('',*,*,#308,.F.);
#490 = ORIENTED_EDGE('',*,*,#491,.F.);
#491 = EDGE_CURVE('',#492,#281,#494,.T.);
#492 = VERTEX_POINT('',#493);
#493 = CARTESIAN_POINT('',(0.,29.478,26.9936));
#494 = SURFACE_CURVE('',#495,(#499,#506),.PCURVE_S1.);
#495 = LINE('',#496,#497);
#496 = CARTESIAN_POINT('',(0.,29.478,26.9936));
#497 = VECTOR('',#498,1.);
#498 = DIRECTION('',(1.,0.,0.));
#499 = PCURVE('',#324,#500);
#500 = DEFINITIONAL_REPRESENTATION('',(#501),#505);
#501 = LINE('',#502,#503);
#502 = CARTESIAN_POINT('',(-1.279999999997E-02,29.478));
#503 = VECTOR('',#504,1.);
#504 = DIRECTION('',(1.,0.));
#505 = ( GEOMETRIC_REPRESENTATION_CONTEXT(2) 
PARAMETRIC_REPRESENTATION_CONTEXT() REPRESENTATION_CONTEXT('2D SPACE',''
  ) );
#506 = PCURVE('',#296,#507);
#507 = DEFINITIONAL_REPRESENTATION('',(#508),#512);
#508 = LINE('',#509,#510);
#509 = CARTESIAN_POINT('',(0.,0.));
#510 = VECTOR('',#511,1.);
#511 = DIRECTION('',(0.,1.));
#512 = ( GEOMETRIC_REPRESENTATION_CONTEXT(2) 
PARAMETRIC_REPRESENTATION_CONTEXT() REPRESENTATION_CONTEXT('2D SPACE',''
  ) );
#513 = ORIENTED_EDGE('',*,*,#514,.F.);
#514 = EDGE_CURVE('',#515,#492,#517,.T.);
#515 = VERTEX_POINT('',#516);
#516 = CARTESIAN_POINT('',(0.,7.478,26.9936));
#517 = SURFACE_CURVE('',#518,(#522,#529),.PCURVE_S1.);
#518 = LINE('',#519,#520);
#519 = CARTESIAN_POINT('',(0.,7.478,26.9936));
#520 = VECTOR('',#521,1.);
#521 = DIRECTION('',(0.,1.,0.));
#522 = PCURVE('',#324,#523);
#523 = DEFINITIONAL_REPRESENTATION('',(#524),#528);
#524 = LINE('',#525,#526);
#525 = CARTESIAN_POINT('',(-1.279999999997E-02,7.478));
#526 = VECTOR('',#527,1.);
#527 = DIRECTION('',(0.,1.));
#528 = ( GEOMETRIC_REPRESENTATION_CONTEXT(2) 
PARAMETRIC_REPRESENTATION_CONTEXT() REPRESENTATION_CONTEXT('2D SPACE',''
  ) );
#529 = PCURVE('',#530,#535);
#530 = PLANE('',#531);
#531 = AXIS2_PLACEMENT_3D('',#532,#533,#534);
#532 = CARTESIAN_POINT('',(0.,7.478,26.9936));
#533 = DIRECTION('',(1.,0.,0.));
#534 = DIRECTION('',(0.,0.,1.));
#535 = DEFINITIONAL_REPRESENTATION('',(#536),#540);
#536 = LINE('',#537,#538);
#537 = CARTESIAN_POINT('',(0.,0.));
#538 = VECTOR('',#539,1.);
#539 = DIRECTION('',(0.,-1.));
#540 = ( GEOMETRIC_REPRESENTATION_CONTEXT(2) 
PARAMETRIC_REPRESENTATION_CONTEXT() REPRESENTATION_CONTEXT('2D SPACE',''
  ) );
#541 = ORIENTED_EDGE('',*,*,#542,.T.);
#542 = EDGE_CURVE('',#515,#543,#545,.T.);
#543 = VERTEX_POINT('',#544);
#544 = CARTESIAN_POINT('',(1.279999999997E-02,7.478,26.9936));
#545 = SURFACE_CURVE('',#546,(#550,#557),.PCURVE_S1.);
#546 = LINE('',#547,#548);
#547 = CARTESIAN_POINT('',(0.,7.478,26.9936));
#548 = VECTOR('',#549,1.);
#549 = DIRECTION('',(1.,0.,0.));
#550 = PCURVE('',#324,#551);
#551 = DEFINITIONAL_REPRESENTATION('',(#552),#556);
#552 = LINE('',#553,#554);
#553 = CARTESIAN_POINT('',(-1.279999999997E-02,7.478));
#554 = VECTOR('',#555,1.);
#555 = DIRECTION('',(1.,0.));
#556 = ( GEOMETRIC_REPRESENTATION_CONTEXT(2) 
PARAMETRIC_REPRESENTATION_CONTEXT() REPRESENTATION_CONTEXT('2D SPACE',''
  ) );
#557 = PCURVE('',#558,#563);
#558 = PLANE('',#559);
#559 = AXIS2_PLACEMENT_3D('',#560,#561,#562);
#560 = CARTESIAN_POINT('',(0.,7.478,26.9936));
#561 = DIRECTION('',(0.,1.,0.));
#562 = DIRECTION('',(0.,0.,1.));
#563 = DEFINITIONAL_REPRESENTATION('',(#564),#568);
#564 = LINE('',#565,#566);
#565 = CARTESIAN_POINT('',(0.,0.));
#566 = VECTOR('',#567,1.);
#567 = DIRECTION('',(0.,1.));
#568 = ( GEOMETRIC_REPRESENTATION_CONTEXT(2) 
PARAMETRIC_REPRESENTATION_CONTEXT() REPRESENTATION_CONTEXT('2D SPACE',''
  ) );
#569 = ORIENTED_EDGE('',*,*,#570,.F.);
#570 = EDGE_CURVE('',#571,#543,#573,.T.);
#571 = VERTEX_POINT('',#572);
#572 = CARTESIAN_POINT('',(1.279999999997E-02,0.,26.9936));
#573 = SURFACE_CURVE('',#574,(#578,#585),.PCURVE_S1.);
#574 = LINE('',#575,#576);
#575 = CARTESIAN_POINT('',(1.279999999997E-02,0.,26.9936));
#576 = VECTOR('',#577,1.);
#577 = DIRECTION('',(0.,1.,0.));
#578 = PCURVE('',#324,#579);
#579 = DEFINITIONAL_REPRESENTATION('',(#580),#584);
#580 = LINE('',#581,#582);
#581 = CARTESIAN_POINT('',(0.,0.));
#582 = VECTOR('',#583,1.);
#583 = DIRECTION('',(0.,1.));
#584 = ( GEOMETRIC_REPRESENTATION_CONTEXT(2) 
PARAMETRIC_REPRESENTATION_CONTEXT() REPRESENTATION_CONTEXT('2D SPACE',''
  ) );
#585 = PCURVE('',#586,#591);
#586 = PLANE('',#587);
#587 = AXIS2_PLACEMENT_3D('',#588,#589,#590);
#588 = CARTESIAN_POINT('',(1.279999999997E-02,0.,-2.));
#589 = DIRECTION('',(1.,0.,0.));
#590 = DIRECTION('',(0.,0.,1.));
#591 = DEFINITIONAL_REPRESENTATION('',(#592),#596);
#592 = LINE('',#593,#594);
#593 = CARTESIAN_POINT('',(28.9936,0.));
#594 = VECTOR('',#595,1.);
#595 = DIRECTION('',(0.,-1.));
#596 = ( GEOMETRIC_REPRESENTATION_CONTEXT(2) 
PARAMETRIC_REPRESENTATION_CONTEXT() REPRESENTATION_CONTEXT('2D SPACE',''
  ) );
#597 = ORIENTED_EDGE('',*,*,#598,.T.);
#598 = EDGE_CURVE('',#571,#599,#601,.T.);
#599 = VERTEX_POINT('',#600);
#600 = CARTESIAN_POINT('',(6.0128,0.,26.9936));
#601 = SURFACE_CURVE('',#602,(#606,#613),.PCURVE_S1.);
#602 = LINE('',#603,#604);
#603 = CARTESIAN_POINT('',(1.279999999997E-02,0.,26.9936));
#604 = VECTOR('',#605,1.);
#605 = DIRECTION('',(1.,0.,0.));
#606 = PCURVE('',#324,#607);
#607 = DEFINITIONAL_REPRESENTATION('',(#608),#612);
#608 = LINE('',#609,#610);
#609 = CARTESIAN_POINT('',(0.,0.));
#610 = VECTOR('',#611,1.);
#611 = DIRECTION('',(1.,0.));
#612 = ( GEOMETRIC_REPRESENTATION_CONTEXT(2) 
PARAMETRIC_REPRESENTATION_CONTEXT() REPRESENTATION_CONTEXT('2D SPACE',''
  ) );
#613 = PCURVE('',#614,#619);
#614 = PLANE('',#615);
#615 = AXIS2_PLACEMENT_3D('',#616,#617,#618);
#616 = CARTESIAN_POINT('',(1.279999999997E-02,0.,26.9936));
#617 = DIRECTION('',(0.,1.,0.));
#618 = DIRECTION('',(0.,0.,1.));
#619 = DEFINITIONAL_REPRESENTATION('',(#620),#624);
#620 = LINE('',#621,#622);
#621 = CARTESIAN_POINT('',(0.,0.));
#622 = VECTOR('',#623,1.);
#623 = DIRECTION('',(0.,1.));
#624 = ( GEOMETRIC_REPRESENTATION_CONTEXT(2) 
PARAMETRIC_REPRESENTATION_CONTEXT() REPRESENTATION_CONTEXT('2D SPACE',''
  ) );
#625 = ORIENTED_EDGE('',*,*,#626,.T.);
#626 = EDGE_CURVE('',#599,#627,#629,.T.);
#627 = VERTEX_POINT('',#628);
#628 = CARTESIAN_POINT('',(6.0128,7.478,26.9936));
#629 = SURFACE_CURVE('',#630,(#634,#641),.PCURVE_S1.);
#630 = LINE('',#631,#632);
#631 = CARTESIAN_POINT('',(6.0128,0.,26.9936));
#632 = VECTOR('',#633,1.);
#633 = DIRECTION('',(0.,1.,0.));
#634 = PCURVE('',#324,#635);
#635 = DEFINITIONAL_REPRESENTATION('',(#636),#640);
#636 = LINE('',#637,#638);
#637 = CARTESIAN_POINT('',(6.,0.));
#638 = VECTOR('',#639,1.);
#639 = DIRECTION('',(0.,1.));
#640 = ( GEOMETRIC_REPRESENTATION_CONTEXT(2) 
PARAMETRIC_REPRESENTATION_CONTEXT() REPRESENTATION_CONTEXT('2D SPACE',''
  ) );
#641 = PCURVE('',#642,#647);
#642 = PLANE('',#643);
#643 = AXIS2_PLACEMENT_3D('',#644,#645,#646);
#644 = CARTESIAN_POINT('',(6.0128,0.,-2.));
#645 = DIRECTION('',(1.,0.,0.));
#646 = DIRECTION('',(0.,0.,1.));
#647 = DEFINITIONAL_REPRESENTATION('',(#648),#652);
#648 = LINE('',#649,#650);
#649 = CARTESIAN_POINT('',(28.9936,0.));
#650 = VECTOR('',#651,1.);
#651 = DIRECTION('',(0.,-1.));
#652 = ( GEOMETRIC_REPRESENTATION_CONTEXT(2) 
PARAMETRIC_REPRESENTATION_CONTEXT() REPRESENTATION_CONTEXT('2D SPACE',''
  ) );
#653 = ORIENTED_EDGE('',*,*,#654,.T.);
#654 = EDGE_CURVE('',#627,#655,#657,.T.);
#655 = VERTEX_POINT('',#656);
#656 = CARTESIAN_POINT('',(10.,7.478,26.9936));
#657 = SURFACE_CURVE('',#658,(#662,#669),.PCURVE_S1.);
#658 = LINE('',#659,#660);
#659 = CARTESIAN_POINT('',(0.,7.478,26.9936));
#660 = VECTOR('',#661,1.);
#661 = DIRECTION('',(1.,0.,0.));
#662 = PCURVE('',#324,#663);
#663 = DEFINITIONAL_REPRESENTATION('',(#664),#668);
#664 = LINE('',#665,#666);
#665 = CARTESIAN_POINT('',(-1.279999999997E-02,7.478));
#666 = VECTOR('',#667,1.);
#667 = DIRECTION('',(1.,0.));
#668 = ( GEOMETRIC_REPRESENTATION_CONTEXT(2) 
PARAMETRIC_REPRESENTATION_CONTEXT() REPRESENTATION_CONTEXT('2D SPACE',''
  ) );
#669 = PCURVE('',#558,#670);
#670 = DEFINITIONAL_REPRESENTATION('',(#671),#675);
#671 = LINE('',#672,#673);
#672 = CARTESIAN_POINT('',(0.,0.));
#673 = VECTOR('',#674,1.);
#674 = DIRECTION('',(0.,1.));
#675 = ( GEOMETRIC_REPRESENTATION_CONTEXT(2) 
PARAMETRIC_REPRESENTATION_CONTEXT() REPRESENTATION_CONTEXT('2D SPACE',''
  ) );
#676 = ORIENTED_EDGE('',*,*,#677,.T.);
#677 = EDGE_CURVE('',#655,#678,#680,.T.);
#678 = VERTEX_POINT('',#679);
#679 = CARTESIAN_POINT('',(10.,29.478,26.9936));
#680 = SURFACE_CURVE('',#681,(#685,#692),.PCURVE_S1.);
#681 = LINE('',#682,#683);
#682 = CARTESIAN_POINT('',(10.,7.478,26.9936));
#683 = VECTOR('',#684,1.);
#684 = DIRECTION('',(0.,1.,0.));
#685 = PCURVE('',#324,#686);
#686 = DEFINITIONAL_REPRESENTATION('',(#687),#691);
#687 = LINE('',#688,#689);
#688 = CARTESIAN_POINT('',(9.9872,7.478));
#689 = VECTOR('',#690,1.);
#690 = DIRECTION('',(0.,1.));
#691 = ( GEOMETRIC_REPRESENTATION_CONTEXT(2) 
PARAMETRIC_REPRESENTATION_CONTEXT() REPRESENTATION_CONTEXT('2D SPACE',''
  ) );
#692 = PCURVE('',#693,#698);
#693 = PLANE('',#694);
#694 = AXIS2_PLACEMENT_3D('',#695,#696,#697);
#695 = CARTESIAN_POINT('',(10.,7.478,26.9936));
#696 = DIRECTION('',(1.,0.,0.));
#697 = DIRECTION('',(0.,0.,1.));
#698 = DEFINITIONAL_REPRESENTATION('',(#699),#703);
#699 = LINE('',#700,#701);
#700 = CARTESIAN_POINT('',(0.,0.));
#701 = VECTOR('',#702,1.);
#702 = DIRECTION('',(0.,-1.));
#703 = ( GEOMETRIC_REPRESENTATION_CONTEXT(2) 
PARAMETRIC_REPRESENTATION_CONTEXT() REPRESENTATION_CONTEXT('2D SPACE',''
  ) );
#704 = ORIENTED_EDGE('',*,*,#705,.F.);
#705 = EDGE_CURVE('',#706,#678,#708,.T.);
#706 = VERTEX_POINT('',#707);
#707 = CARTESIAN_POINT('',(6.0128,29.478,26.9936));
#708 = SURFACE_CURVE('',#709,(#713,#720),.PCURVE_S1.);
#709 = LINE('',#710,#711);
#710 = CARTESIAN_POINT('',(0.,29.478,26.9936));
#711 = VECTOR('',#712,1.);
#712 = DIRECTION('',(1.,0.,0.));
#713 = PCURVE('',#324,#714);
#714 = DEFINITIONAL_REPRESENTATION('',(#715),#719);
#715 = LINE('',#716,#717);
#716 = CARTESIAN_POINT('',(-1.279999999997E-02,29.478));
#717 = VECTOR('',#718,1.);
#718 = DIRECTION('',(1.,0.));
#719 = ( GEOMETRIC_REPRESENTATION_CONTEXT(2) 
PARAMETRIC_REPRESENTATION_CONTEXT() REPRESENTATION_CONTEXT('2D SPACE',''
  ) );
#720 = PCURVE('',#296,#721);
#721 = DEFINITIONAL_REPRESENTATION('',(#722),#726);
#722 = LINE('',#723,#724);
#723 = CARTESIAN_POINT('',(0.,0.));
#724 = VECTOR('',#725,1.);
#725 = DIRECTION('',(0.,1.));
#726 = ( GEOMETRIC_REPRESENTATION_CONTEXT(2) 
PARAMETRIC_REPRESENTATION_CONTEXT() REPRESENTATION_CONTEXT('2D SPACE',''
  ) );
#727 = ORIENTED_EDGE('',*,*,#728,.T.);
#728 = EDGE_CURVE('',#706,#442,#729,.T.);
#729 = SURFACE_CURVE('',#730,(#734,#741),.PCURVE_S1.);
#730 = LINE('',#731,#732);
#731 = CARTESIAN_POINT('',(6.0128,0.,26.9936));
#732 = VECTOR('',#733,1.);
#733 = DIRECTION('',(0.,1.,0.));
#734 = PCURVE('',#324,#735);
#735 = DEFINITIONAL_REPRESENTATION('',(#736),#740);
#736 = LINE('',#737,#738);
#737 = CARTESIAN_POINT('',(6.,0.));
#738 = VECTOR('',#739,1.);
#739 = DIRECTION('',(0.,1.));
#740 = ( GEOMETRIC_REPRESENTATION_CONTEXT(2) 
PARAMETRIC_REPRESENTATION_CONTEXT() REPRESENTATION_CONTEXT('2D SPACE',''
  ) );
#741 = PCURVE('',#405,#742);
#742 = DEFINITIONAL_REPRESENTATION('',(#743),#747);
#743 = LINE('',#744,#745);
#744 = CARTESIAN_POINT('',(28.9936,0.));
#745 = VECTOR('',#746,1.);
#746 = DIRECTION('',(0.,-1.));
#747 = ( GEOMETRIC_REPRESENTATION_CONTEXT(2) 
PARAMETRIC_REPRESENTATION_CONTEXT() REPRESENTATION_CONTEXT('2D SPACE',''
  ) );
#748 = ORIENTED_EDGE('',*,*,#466,.F.);
#749 = FACE_BOUND('',#750,.F.);
#750 = EDGE_LOOP('',(#751));
#751 = ORIENTED_EDGE('',*,*,#752,.F.);
#752 = EDGE_CURVE('',#753,#753,#755,.T.);
#753 = VERTEX_POINT('',#754);
#754 = CARTESIAN_POINT('',(4.7128,2.,26.9936));
#755 = SURFACE_CURVE('',#756,(#761,#768),.PCURVE_S1.);
#756 = CIRCLE('',#757,1.7);
#757 = AXIS2_PLACEMENT_3D('',#758,#759,#760);
#758 = CARTESIAN_POINT('',(3.0128,2.,26.9936));
#759 = DIRECTION('',(0.,0.,1.));
#760 = DIRECTION('',(1.,0.,-0.));
#761 = PCURVE('',#324,#762);
#762 = DEFINITIONAL_REPRESENTATION('',(#763),#767);
#763 = CIRCLE('',#764,1.7);
#764 = AXIS2_PLACEMENT_2D('',#765,#766);
#765 = CARTESIAN_POINT('',(3.,2.));
#766 = DIRECTION('',(1.,0.));
#767 = ( GEOMETRIC_REPRESENTATION_CONTEXT(2) 
PARAMETRIC_REPRESENTATION_CONTEXT() REPRESENTATION_CONTEXT('2D SPACE',''
  ) );
#768 = PCURVE('',#769,#774);
#769 = CYLINDRICAL_SURFACE('',#770,1.7);
#770 = AXIS2_PLACEMENT_3D('',#771,#772,#773);
#771 = CARTESIAN_POINT('',(3.0128,2.,26.4968));
#772 = DIRECTION('',(0.,0.,1.));
#773 = DIRECTION('',(1.,0.,-0.));
#774 = DEFINITIONAL_REPRESENTATION('',(#775),#779);
#775 = LINE('',#776,#777);
#776 = CARTESIAN_POINT('',(0.,0.4968));
#777 = VECTOR('',#778,1.);
#778 = DIRECTION('',(1.,0.));
#779 = ( GEOMETRIC_REPRESENTATION_CONTEXT(2) 
PARAMETRIC_REPRESENTATION_CONTEXT() REPRESENTATION_CONTEXT('2D SPACE',''
  ) );
#780 = ADVANCED_FACE('',(#781),#296,.T.);
#781 = FACE_BOUND('',#782,.T.);
#782 = EDGE_LOOP('',(#783,#784,#807,#835,#856,#857,#880,#901));
#783 = ORIENTED_EDGE('',*,*,#491,.F.);
#784 = ORIENTED_EDGE('',*,*,#785,.T.);
#785 = EDGE_CURVE('',#492,#786,#788,.T.);
#786 = VERTEX_POINT('',#787);
#787 = CARTESIAN_POINT('',(0.,29.478,34.9936));
#788 = SURFACE_CURVE('',#789,(#793,#800),.PCURVE_S1.);
#789 = LINE('',#790,#791);
#790 = CARTESIAN_POINT('',(0.,29.478,26.9936));
#791 = VECTOR('',#792,1.);
#792 = DIRECTION('',(0.,0.,1.));
#793 = PCURVE('',#296,#794);
#794 = DEFINITIONAL_REPRESENTATION('',(#795),#799);
#795 = LINE('',#796,#797);
#796 = CARTESIAN_POINT('',(0.,0.));
#797 = VECTOR('',#798,1.);
#798 = DIRECTION('',(1.,0.));
#799 = ( GEOMETRIC_REPRESENTATION_CONTEXT(2) 
PARAMETRIC_REPRESENTATION_CONTEXT() REPRESENTATION_CONTEXT('2D SPACE',''
  ) );
#800 = PCURVE('',#530,#801);
#801 = DEFINITIONAL_REPRESENTATION('',(#802),#806);
#802 = LINE('',#803,#804);
#803 = CARTESIAN_POINT('',(0.,-22.));
#804 = VECTOR('',#805,1.);
#805 = DIRECTION('',(1.,0.));
#806 = ( GEOMETRIC_REPRESENTATION_CONTEXT(2) 
PARAMETRIC_REPRESENTATION_CONTEXT() REPRESENTATION_CONTEXT('2D SPACE',''
  ) );
#807 = ORIENTED_EDGE('',*,*,#808,.T.);
#808 = EDGE_CURVE('',#786,#809,#811,.T.);
#809 = VERTEX_POINT('',#810);
#810 = CARTESIAN_POINT('',(10.,29.478,34.9936));
#811 = SURFACE_CURVE('',#812,(#816,#823),.PCURVE_S1.);
#812 = LINE('',#813,#814);
#813 = CARTESIAN_POINT('',(0.,29.478,34.9936));
#814 = VECTOR('',#815,1.);
#815 = DIRECTION('',(1.,0.,0.));
#816 = PCURVE('',#296,#817);
#817 = DEFINITIONAL_REPRESENTATION('',(#818),#822);
#818 = LINE('',#819,#820);
#819 = CARTESIAN_POINT('',(8.,0.));
#820 = VECTOR('',#821,1.);
#821 = DIRECTION('',(0.,1.));
#822 = ( GEOMETRIC_REPRESENTATION_CONTEXT(2) 
PARAMETRIC_REPRESENTATION_CONTEXT() REPRESENTATION_CONTEXT('2D SPACE',''
  ) );
#823 = PCURVE('',#824,#829);
#824 = PLANE('',#825);
#825 = AXIS2_PLACEMENT_3D('',#826,#827,#828);
#826 = CARTESIAN_POINT('',(0.,7.478,34.9936));
#827 = DIRECTION('',(0.,0.,1.));
#828 = DIRECTION('',(1.,0.,0.));
#829 = DEFINITIONAL_REPRESENTATION('',(#830),#834);
#830 = LINE('',#831,#832);
#831 = CARTESIAN_POINT('',(0.,22.));
#832 = VECTOR('',#833,1.);
#833 = DIRECTION('',(1.,0.));
#834 = ( GEOMETRIC_REPRESENTATION_CONTEXT(2) 
PARAMETRIC_REPRESENTATION_CONTEXT() REPRESENTATION_CONTEXT('2D SPACE',''
  ) );
#835 = ORIENTED_EDGE('',*,*,#836,.F.);
#836 = EDGE_CURVE('',#678,#809,#837,.T.);
#837 = SURFACE_CURVE('',#838,(#842,#849),.PCURVE_S1.);
#838 = LINE('',#839,#840);
#839 = CARTESIAN_POINT('',(10.,29.478,26.9936));
#840 = VECTOR('',#841,1.);
#841 = DIRECTION('',(0.,0.,1.));
#842 = PCURVE('',#296,#843);
#843 = DEFINITIONAL_REPRESENTATION('',(#844),#848);
#844 = LINE('',#845,#846);
#845 = CARTESIAN_POINT('',(0.,10.));
#846 = VECTOR('',#847,1.);
#847 = DIRECTION('',(1.,0.));
#848 = ( GEOMETRIC_REPRESENTATION_CONTEXT(2) 
PARAMETRIC_REPRESENTATION_CONTEXT() REPRESENTATION_CONTEXT('2D SPACE',''
  ) );
#849 = PCURVE('',#693,#850);
#850 = DEFINITIONAL_REPRESENTATION('',(#851),#855);
#851 = LINE('',#852,#853);
#852 = CARTESIAN_POINT('',(0.,-22.));
#853 = VECTOR('',#854,1.);
#854 = DIRECTION('',(1.,0.));
#855 = ( GEOMETRIC_REPRESENTATION_CONTEXT(2) 
PARAMETRIC_REPRESENTATION_CONTEXT() REPRESENTATION_CONTEXT('2D SPACE',''
  ) );
#856 = ORIENTED_EDGE('',*,*,#705,.F.);
#857 = ORIENTED_EDGE('',*,*,#858,.T.);
#858 = EDGE_CURVE('',#706,#859,#861,.T.);
#859 = VERTEX_POINT('',#860);
#860 = CARTESIAN_POINT('',(6.0128,29.478,30.9936));
#861 = SURFACE_CURVE('',#862,(#866,#873),.PCURVE_S1.);
#862 = LINE('',#863,#864);
#863 = CARTESIAN_POINT('',(6.0128,29.478,12.4968));
#864 = VECTOR('',#865,1.);
#865 = DIRECTION('',(0.,0.,1.));
#866 = PCURVE('',#296,#867);
#867 = DEFINITIONAL_REPRESENTATION('',(#868),#872);
#868 = LINE('',#869,#870);
#869 = CARTESIAN_POINT('',(-14.4968,6.0128));
#870 = VECTOR('',#871,1.);
#871 = DIRECTION('',(1.,0.));
#872 = ( GEOMETRIC_REPRESENTATION_CONTEXT(2) 
PARAMETRIC_REPRESENTATION_CONTEXT() REPRESENTATION_CONTEXT('2D SPACE',''
  ) );
#873 = PCURVE('',#405,#874);
#874 = DEFINITIONAL_REPRESENTATION('',(#875),#879);
#875 = LINE('',#876,#877);
#876 = CARTESIAN_POINT('',(14.4968,-29.478));
#877 = VECTOR('',#878,1.);
#878 = DIRECTION('',(1.,0.));
#879 = ( GEOMETRIC_REPRESENTATION_CONTEXT(2) 
PARAMETRIC_REPRESENTATION_CONTEXT() REPRESENTATION_CONTEXT('2D SPACE',''
  ) );
#880 = ORIENTED_EDGE('',*,*,#881,.T.);
#881 = EDGE_CURVE('',#859,#253,#882,.T.);
#882 = SURFACE_CURVE('',#883,(#887,#894),.PCURVE_S1.);
#883 = LINE('',#884,#885);
#884 = CARTESIAN_POINT('',(6.399999999985E-03,29.478,30.9936));
#885 = VECTOR('',#886,1.);
#886 = DIRECTION('',(-1.,0.,0.));
#887 = PCURVE('',#296,#888);
#888 = DEFINITIONAL_REPRESENTATION('',(#889),#893);
#889 = LINE('',#890,#891);
#890 = CARTESIAN_POINT('',(4.,6.399999999985E-03));
#891 = VECTOR('',#892,1.);
#892 = DIRECTION('',(0.,-1.));
#893 = ( GEOMETRIC_REPRESENTATION_CONTEXT(2) 
PARAMETRIC_REPRESENTATION_CONTEXT() REPRESENTATION_CONTEXT('2D SPACE',''
  ) );
#894 = PCURVE('',#268,#895);
#895 = DEFINITIONAL_REPRESENTATION('',(#896),#900);
#896 = LINE('',#897,#898);
#897 = CARTESIAN_POINT('',(-6.399999999985E-03,29.478));
#898 = VECTOR('',#899,1.);
#899 = DIRECTION('',(-1.,0.));
#900 = ( GEOMETRIC_REPRESENTATION_CONTEXT(2) 
PARAMETRIC_REPRESENTATION_CONTEXT() REPRESENTATION_CONTEXT('2D SPACE',''
  ) );
#901 = ORIENTED_EDGE('',*,*,#280,.F.);
#902 = ADVANCED_FACE('',(#903),#268,.T.);
#903 = FACE_BOUND('',#904,.T.);
#904 = EDGE_LOOP('',(#905,#906,#907,#930));
#905 = ORIENTED_EDGE('',*,*,#252,.F.);
#906 = ORIENTED_EDGE('',*,*,#881,.F.);
#907 = ORIENTED_EDGE('',*,*,#908,.T.);
#908 = EDGE_CURVE('',#859,#909,#911,.T.);
#909 = VERTEX_POINT('',#910);
#910 = CARTESIAN_POINT('',(6.0128,32.956,30.9936));
#911 = SURFACE_CURVE('',#912,(#916,#923),.PCURVE_S1.);
#912 = LINE('',#913,#914);
#913 = CARTESIAN_POINT('',(6.0128,0.,30.9936));
#914 = VECTOR('',#915,1.);
#915 = DIRECTION('',(0.,1.,0.));
#916 = PCURVE('',#268,#917);
#917 = DEFINITIONAL_REPRESENTATION('',(#918),#922);
#918 = LINE('',#919,#920);
#919 = CARTESIAN_POINT('',(6.,0.));
#920 = VECTOR('',#921,1.);
#921 = DIRECTION('',(0.,1.));
#922 = ( GEOMETRIC_REPRESENTATION_CONTEXT(2) 
PARAMETRIC_REPRESENTATION_CONTEXT() REPRESENTATION_CONTEXT('2D SPACE',''
  ) );
#923 = PCURVE('',#405,#924);
#924 = DEFINITIONAL_REPRESENTATION('',(#925),#929);
#925 = LINE('',#926,#927);
#926 = CARTESIAN_POINT('',(32.9936,0.));
#927 = VECTOR('',#928,1.);
#928 = DIRECTION('',(0.,-1.));
#929 = ( GEOMETRIC_REPRESENTATION_CONTEXT(2) 
PARAMETRIC_REPRESENTATION_CONTEXT() REPRESENTATION_CONTEXT('2D SPACE',''
  ) );
#930 = ORIENTED_EDGE('',*,*,#931,.F.);
#931 = EDGE_CURVE('',#225,#909,#932,.T.);
#932 = SURFACE_CURVE('',#933,(#937,#944),.PCURVE_S1.);
#933 = LINE('',#934,#935);
#934 = CARTESIAN_POINT('',(1.279999999997E-02,32.956,30.9936));
#935 = VECTOR('',#936,1.);
#936 = DIRECTION('',(1.,0.,0.));
#937 = PCURVE('',#268,#938);
#938 = DEFINITIONAL_REPRESENTATION('',(#939),#943);
#939 = LINE('',#940,#941);
#940 = CARTESIAN_POINT('',(0.,32.956));
#941 = VECTOR('',#942,1.);
#942 = DIRECTION('',(1.,0.));
#943 = ( GEOMETRIC_REPRESENTATION_CONTEXT(2) 
PARAMETRIC_REPRESENTATION_CONTEXT() REPRESENTATION_CONTEXT('2D SPACE',''
  ) );
#944 = PCURVE('',#240,#945);
#945 = DEFINITIONAL_REPRESENTATION('',(#946),#950);
#946 = LINE('',#947,#948);
#947 = CARTESIAN_POINT('',(28.9936,0.));
#948 = VECTOR('',#949,1.);
#949 = DIRECTION('',(0.,1.));
#950 = ( GEOMETRIC_REPRESENTATION_CONTEXT(2) 
PARAMETRIC_REPRESENTATION_CONTEXT() REPRESENTATION_CONTEXT('2D SPACE',''
  ) );
#951 = ADVANCED_FACE('',(#952),#240,.F.);
#952 = FACE_BOUND('',#953,.F.);
#953 = EDGE_LOOP('',(#954,#955,#956,#979));
#954 = ORIENTED_EDGE('',*,*,#931,.F.);
#955 = ORIENTED_EDGE('',*,*,#224,.T.);
#956 = ORIENTED_EDGE('',*,*,#957,.T.);
#957 = EDGE_CURVE('',#197,#958,#960,.T.);
#958 = VERTEX_POINT('',#959);
#959 = CARTESIAN_POINT('',(6.0128,32.956,31.4968));
#960 = SURFACE_CURVE('',#961,(#965,#972),.PCURVE_S1.);
#961 = LINE('',#962,#963);
#962 = CARTESIAN_POINT('',(1.279999999997E-02,32.956,31.4968));
#963 = VECTOR('',#964,1.);
#964 = DIRECTION('',(1.,0.,0.));
#965 = PCURVE('',#240,#966);
#966 = DEFINITIONAL_REPRESENTATION('',(#967),#971);
#967 = LINE('',#968,#969);
#968 = CARTESIAN_POINT('',(29.4968,0.));
#969 = VECTOR('',#970,1.);
#970 = DIRECTION('',(0.,1.));
#971 = ( GEOMETRIC_REPRESENTATION_CONTEXT(2) 
PARAMETRIC_REPRESENTATION_CONTEXT() REPRESENTATION_CONTEXT('2D SPACE',''
  ) );
#972 = PCURVE('',#212,#973);
#973 = DEFINITIONAL_REPRESENTATION('',(#974),#978);
#974 = LINE('',#975,#976);
#975 = CARTESIAN_POINT('',(0.,0.));
#976 = VECTOR('',#977,1.);
#977 = DIRECTION('',(1.,0.));
#978 = ( GEOMETRIC_REPRESENTATION_CONTEXT(2) 
PARAMETRIC_REPRESENTATION_CONTEXT() REPRESENTATION_CONTEXT('2D SPACE',''
  ) );
#979 = ORIENTED_EDGE('',*,*,#980,.T.);
#980 = EDGE_CURVE('',#958,#909,#981,.T.);
#981 = SURFACE_CURVE('',#982,(#986,#993),.PCURVE_S1.);
#982 = LINE('',#983,#984);
#983 = CARTESIAN_POINT('',(6.0128,32.956,31.4968));
#984 = VECTOR('',#985,1.);
#985 = DIRECTION('',(0.,0.,-1.));
#986 = PCURVE('',#240,#987);
#987 = DEFINITIONAL_REPRESENTATION('',(#988),#992);
#988 = LINE('',#989,#990);
#989 = CARTESIAN_POINT('',(29.4968,6.));
#990 = VECTOR('',#991,1.);
#991 = DIRECTION('',(-1.,0.));
#992 = ( GEOMETRIC_REPRESENTATION_CONTEXT(2) 
PARAMETRIC_REPRESENTATION_CONTEXT() REPRESENTATION_CONTEXT('2D SPACE',''
  ) );
#993 = PCURVE('',#405,#994);
#994 = DEFINITIONAL_REPRESENTATION('',(#995),#999);
#995 = LINE('',#996,#997);
#996 = CARTESIAN_POINT('',(33.4968,-32.956));
#997 = VECTOR('',#998,1.);
#998 = DIRECTION('',(-1.,0.));
#999 = ( GEOMETRIC_REPRESENTATION_CONTEXT(2) 
PARAMETRIC_REPRESENTATION_CONTEXT() REPRESENTATION_CONTEXT('2D SPACE',''
  ) );
#1000 = ADVANCED_FACE('',(#1001),#212,.T.);
#1001 = FACE_BOUND('',#1002,.T.);
#1002 = EDGE_LOOP('',(#1003,#1004,#1005,#1028));
#1003 = ORIENTED_EDGE('',*,*,#196,.F.);
#1004 = ORIENTED_EDGE('',*,*,#957,.T.);
#1005 = ORIENTED_EDGE('',*,*,#1006,.T.);
#1006 = EDGE_CURVE('',#958,#1007,#1009,.T.);
#1007 = VERTEX_POINT('',#1008);
#1008 = CARTESIAN_POINT('',(6.0128,40.956,31.4968));
#1009 = SURFACE_CURVE('',#1010,(#1014,#1021),.PCURVE_S1.);
#1010 = LINE('',#1011,#1012);
#1011 = CARTESIAN_POINT('',(6.0128,32.956,31.4968));
#1012 = VECTOR('',#1013,1.);
#1013 = DIRECTION('',(0.,1.,0.));
#1014 = PCURVE('',#212,#1015);
#1015 = DEFINITIONAL_REPRESENTATION('',(#1016),#1020);
#1016 = LINE('',#1017,#1018);
#1017 = CARTESIAN_POINT('',(6.,0.));
#1018 = VECTOR('',#1019,1.);
#1019 = DIRECTION('',(0.,1.));
#1020 = ( GEOMETRIC_REPRESENTATION_CONTEXT(2) 
PARAMETRIC_REPRESENTATION_CONTEXT() REPRESENTATION_CONTEXT('2D SPACE',''
  ) );
#1021 = PCURVE('',#405,#1022);
#1022 = DEFINITIONAL_REPRESENTATION('',(#1023),#1027);
#1023 = LINE('',#1024,#1025);
#1024 = CARTESIAN_POINT('',(33.4968,-32.956));
#1025 = VECTOR('',#1026,1.);
#1026 = DIRECTION('',(0.,-1.));
#1027 = ( GEOMETRIC_REPRESENTATION_CONTEXT(2) 
PARAMETRIC_REPRESENTATION_CONTEXT() REPRESENTATION_CONTEXT('2D SPACE',''
  ) );
#1028 = ORIENTED_EDGE('',*,*,#1029,.F.);
#1029 = EDGE_CURVE('',#169,#1007,#1030,.T.);
#1030 = SURFACE_CURVE('',#1031,(#1035,#1042),.PCURVE_S1.);
#1031 = LINE('',#1032,#1033);
#1032 = CARTESIAN_POINT('',(1.279999999997E-02,40.956,31.4968));
#1033 = VECTOR('',#1034,1.);
#1034 = DIRECTION('',(1.,0.,0.));
#1035 = PCURVE('',#212,#1036);
#1036 = DEFINITIONAL_REPRESENTATION('',(#1037),#1041);
#1037 = LINE('',#1038,#1039);
#1038 = CARTESIAN_POINT('',(0.,8.));
#1039 = VECTOR('',#1040,1.);
#1040 = DIRECTION('',(1.,0.));
#1041 = ( GEOMETRIC_REPRESENTATION_CONTEXT(2) 
PARAMETRIC_REPRESENTATION_CONTEXT() REPRESENTATION_CONTEXT('2D SPACE',''
  ) );
#1042 = PCURVE('',#184,#1043);
#1043 = DEFINITIONAL_REPRESENTATION('',(#1044),#1048);
#1044 = LINE('',#1045,#1046);
#1045 = CARTESIAN_POINT('',(0.5032,0.));
#1046 = VECTOR('',#1047,1.);
#1047 = DIRECTION('',(0.,1.));
#1048 = ( GEOMETRIC_REPRESENTATION_CONTEXT(2) 
PARAMETRIC_REPRESENTATION_CONTEXT() REPRESENTATION_CONTEXT('2D SPACE',''
  ) );
#1049 = ADVANCED_FACE('',(#1050),#184,.T.);
#1050 = FACE_BOUND('',#1051,.T.);
#1051 = EDGE_LOOP('',(#1052,#1075,#1076,#1077));
#1052 = ORIENTED_EDGE('',*,*,#1053,.F.);
#1053 = EDGE_CURVE('',#141,#1054,#1056,.T.);
#1054 = VERTEX_POINT('',#1055);
#1055 = CARTESIAN_POINT('',(6.0128,40.956,30.9936));
#1056 = SURFACE_CURVE('',#1057,(#1061,#1068),.PCURVE_S1.);
#1057 = LINE('',#1058,#1059);
#1058 = CARTESIAN_POINT('',(1.279999999997E-02,40.956,30.9936));
#1059 = VECTOR('',#1060,1.);
#1060 = DIRECTION('',(1.,0.,0.));
#1061 = PCURVE('',#184,#1062);
#1062 = DEFINITIONAL_REPRESENTATION('',(#1063),#1067);
#1063 = LINE('',#1064,#1065);
#1064 = CARTESIAN_POINT('',(0.,0.));
#1065 = VECTOR('',#1066,1.);
#1066 = DIRECTION('',(0.,1.));
#1067 = ( GEOMETRIC_REPRESENTATION_CONTEXT(2) 
PARAMETRIC_REPRESENTATION_CONTEXT() REPRESENTATION_CONTEXT('2D SPACE',''
  ) );
#1068 = PCURVE('',#156,#1069);
#1069 = DEFINITIONAL_REPRESENTATION('',(#1070),#1074);
#1070 = LINE('',#1071,#1072);
#1071 = CARTESIAN_POINT('',(0.,8.));
#1072 = VECTOR('',#1073,1.);
#1073 = DIRECTION('',(1.,0.));
#1074 = ( GEOMETRIC_REPRESENTATION_CONTEXT(2) 
PARAMETRIC_REPRESENTATION_CONTEXT() REPRESENTATION_CONTEXT('2D SPACE',''
  ) );
#1075 = ORIENTED_EDGE('',*,*,#168,.T.);
#1076 = ORIENTED_EDGE('',*,*,#1029,.T.);
#1077 = ORIENTED_EDGE('',*,*,#1078,.F.);
#1078 = EDGE_CURVE('',#1054,#1007,#1079,.T.);
#1079 = SURFACE_CURVE('',#1080,(#1084,#1091),.PCURVE_S1.);
#1080 = LINE('',#1081,#1082);
#1081 = CARTESIAN_POINT('',(6.0128,40.956,30.9936));
#1082 = VECTOR('',#1083,1.);
#1083 = DIRECTION('',(0.,0.,1.));
#1084 = PCURVE('',#184,#1085);
#1085 = DEFINITIONAL_REPRESENTATION('',(#1086),#1090);
#1086 = LINE('',#1087,#1088);
#1087 = CARTESIAN_POINT('',(0.,6.));
#1088 = VECTOR('',#1089,1.);
#1089 = DIRECTION('',(1.,0.));
#1090 = ( GEOMETRIC_REPRESENTATION_CONTEXT(2) 
PARAMETRIC_REPRESENTATION_CONTEXT() REPRESENTATION_CONTEXT('2D SPACE',''
  ) );
#1091 = PCURVE('',#405,#1092);
#1092 = DEFINITIONAL_REPRESENTATION('',(#1093),#1097);
#1093 = LINE('',#1094,#1095);
#1094 = CARTESIAN_POINT('',(32.9936,-40.956));
#1095 = VECTOR('',#1096,1.);
#1096 = DIRECTION('',(1.,0.));
#1097 = ( GEOMETRIC_REPRESENTATION_CONTEXT(2) 
PARAMETRIC_REPRESENTATION_CONTEXT() REPRESENTATION_CONTEXT('2D SPACE',''
  ) );
#1098 = ADVANCED_FACE('',(#1099),#156,.F.);
#1099 = FACE_BOUND('',#1100,.F.);
#1100 = EDGE_LOOP('',(#1101,#1102,#1125,#1146));
#1101 = ORIENTED_EDGE('',*,*,#140,.F.);
#1102 = ORIENTED_EDGE('',*,*,#1103,.T.);
#1103 = EDGE_CURVE('',#113,#1104,#1106,.T.);
#1104 = VERTEX_POINT('',#1105);
#1105 = CARTESIAN_POINT('',(6.0128,36.956,30.9936));
#1106 = SURFACE_CURVE('',#1107,(#1111,#1118),.PCURVE_S1.);
#1107 = LINE('',#1108,#1109);
#1108 = CARTESIAN_POINT('',(1.279999999997E-02,36.956,30.9936));
#1109 = VECTOR('',#1110,1.);
#1110 = DIRECTION('',(1.,0.,0.));
#1111 = PCURVE('',#156,#1112);
#1112 = DEFINITIONAL_REPRESENTATION('',(#1113),#1117);
#1113 = LINE('',#1114,#1115);
#1114 = CARTESIAN_POINT('',(0.,4.));
#1115 = VECTOR('',#1116,1.);
#1116 = DIRECTION('',(1.,0.));
#1117 = ( GEOMETRIC_REPRESENTATION_CONTEXT(2) 
PARAMETRIC_REPRESENTATION_CONTEXT() REPRESENTATION_CONTEXT('2D SPACE',''
  ) );
#1118 = PCURVE('',#128,#1119);
#1119 = DEFINITIONAL_REPRESENTATION('',(#1120),#1124);
#1120 = LINE('',#1121,#1122);
#1121 = CARTESIAN_POINT('',(32.9936,0.));
#1122 = VECTOR('',#1123,1.);
#1123 = DIRECTION('',(0.,1.));
#1124 = ( GEOMETRIC_REPRESENTATION_CONTEXT(2) 
PARAMETRIC_REPRESENTATION_CONTEXT() REPRESENTATION_CONTEXT('2D SPACE',''
  ) );
#1125 = ORIENTED_EDGE('',*,*,#1126,.T.);
#1126 = EDGE_CURVE('',#1104,#1054,#1127,.T.);
#1127 = SURFACE_CURVE('',#1128,(#1132,#1139),.PCURVE_S1.);
#1128 = LINE('',#1129,#1130);
#1129 = CARTESIAN_POINT('',(6.0128,32.956,30.9936));
#1130 = VECTOR('',#1131,1.);
#1131 = DIRECTION('',(0.,1.,0.));
#1132 = PCURVE('',#156,#1133);
#1133 = DEFINITIONAL_REPRESENTATION('',(#1134),#1138);
#1134 = LINE('',#1135,#1136);
#1135 = CARTESIAN_POINT('',(6.,0.));
#1136 = VECTOR('',#1137,1.);
#1137 = DIRECTION('',(0.,1.));
#1138 = ( GEOMETRIC_REPRESENTATION_CONTEXT(2) 
PARAMETRIC_REPRESENTATION_CONTEXT() REPRESENTATION_CONTEXT('2D SPACE',''
  ) );
#1139 = PCURVE('',#405,#1140);
#1140 = DEFINITIONAL_REPRESENTATION('',(#1141),#1145);
#1141 = LINE('',#1142,#1143);
#1142 = CARTESIAN_POINT('',(32.9936,-32.956));
#1143 = VECTOR('',#1144,1.);
#1144 = DIRECTION('',(0.,-1.));
#1145 = ( GEOMETRIC_REPRESENTATION_CONTEXT(2) 
PARAMETRIC_REPRESENTATION_CONTEXT() REPRESENTATION_CONTEXT('2D SPACE',''
  ) );
#1146 = ORIENTED_EDGE('',*,*,#1053,.F.);
#1147 = ADVANCED_FACE('',(#1148),#128,.T.);
#1148 = FACE_BOUND('',#1149,.T.);
#1149 = EDGE_LOOP('',(#1150,#1173,#1194,#1195));
#1150 = ORIENTED_EDGE('',*,*,#1151,.T.);
#1151 = EDGE_CURVE('',#1104,#1152,#1154,.T.);
#1152 = VERTEX_POINT('',#1153);
#1153 = CARTESIAN_POINT('',(6.0128,36.956,0.));
#1154 = SURFACE_CURVE('',#1155,(#1159,#1166),.PCURVE_S1.);
#1155 = LINE('',#1156,#1157);
#1156 = CARTESIAN_POINT('',(6.0128,36.956,30.9936));
#1157 = VECTOR('',#1158,1.);
#1158 = DIRECTION('',(0.,0.,-1.));
#1159 = PCURVE('',#128,#1160);
#1160 = DEFINITIONAL_REPRESENTATION('',(#1161),#1165);
#1161 = LINE('',#1162,#1163);
#1162 = CARTESIAN_POINT('',(32.9936,6.));
#1163 = VECTOR('',#1164,1.);
#1164 = DIRECTION('',(-1.,0.));
#1165 = ( GEOMETRIC_REPRESENTATION_CONTEXT(2) 
PARAMETRIC_REPRESENTATION_CONTEXT() REPRESENTATION_CONTEXT('2D SPACE',''
  ) );
#1166 = PCURVE('',#405,#1167);
#1167 = DEFINITIONAL_REPRESENTATION('',(#1168),#1172);
#1168 = LINE('',#1169,#1170);
#1169 = CARTESIAN_POINT('',(32.9936,-36.956));
#1170 = VECTOR('',#1171,1.);
#1171 = DIRECTION('',(-1.,0.));
#1172 = ( GEOMETRIC_REPRESENTATION_CONTEXT(2) 
PARAMETRIC_REPRESENTATION_CONTEXT() REPRESENTATION_CONTEXT('2D SPACE',''
  ) );
#1173 = ORIENTED_EDGE('',*,*,#1174,.F.);
#1174 = EDGE_CURVE('',#85,#1152,#1175,.T.);
#1175 = SURFACE_CURVE('',#1176,(#1180,#1187),.PCURVE_S1.);
#1176 = LINE('',#1177,#1178);
#1177 = CARTESIAN_POINT('',(-24.9872,36.956,0.));
#1178 = VECTOR('',#1179,1.);
#1179 = DIRECTION('',(1.,0.,0.));
#1180 = PCURVE('',#128,#1181);
#1181 = DEFINITIONAL_REPRESENTATION('',(#1182),#1186);
#1182 = LINE('',#1183,#1184);
#1183 = CARTESIAN_POINT('',(2.,-25.));
#1184 = VECTOR('',#1185,1.);
#1185 = DIRECTION('',(0.,1.));
#1186 = ( GEOMETRIC_REPRESENTATION_CONTEXT(2) 
PARAMETRIC_REPRESENTATION_CONTEXT() REPRESENTATION_CONTEXT('2D SPACE',''
  ) );
#1187 = PCURVE('',#100,#1188);
#1188 = DEFINITIONAL_REPRESENTATION('',(#1189),#1193);
#1189 = LINE('',#1190,#1191);
#1190 = CARTESIAN_POINT('',(25.,48.478));
#1191 = VECTOR('',#1192,1.);
#1192 = DIRECTION('',(1.,0.));
#1193 = ( GEOMETRIC_REPRESENTATION_CONTEXT(2) 
PARAMETRIC_REPRESENTATION_CONTEXT() REPRESENTATION_CONTEXT('2D SPACE',''
  ) );
#1194 = ORIENTED_EDGE('',*,*,#112,.F.);
#1195 = ORIENTED_EDGE('',*,*,#1103,.T.);
#1196 = ADVANCED_FACE('',(#1197),#100,.F.);
#1197 = FACE_BOUND('',#1198,.F.);
#1198 = EDGE_LOOP('',(#1199,#1200,#1201,#1224));
#1199 = ORIENTED_EDGE('',*,*,#1174,.F.);
#1200 = ORIENTED_EDGE('',*,*,#84,.T.);
#1201 = ORIENTED_EDGE('',*,*,#1202,.T.);
#1202 = EDGE_CURVE('',#57,#1203,#1205,.T.);
#1203 = VERTEX_POINT('',#1204);
#1204 = CARTESIAN_POINT('',(6.0128,0.,0.));
#1205 = SURFACE_CURVE('',#1206,(#1210,#1217),.PCURVE_S1.);
#1206 = LINE('',#1207,#1208);
#1207 = CARTESIAN_POINT('',(-24.9872,0.,0.));
#1208 = VECTOR('',#1209,1.);
#1209 = DIRECTION('',(1.,0.,0.));
#1210 = PCURVE('',#100,#1211);
#1211 = DEFINITIONAL_REPRESENTATION('',(#1212),#1216);
#1212 = LINE('',#1213,#1214);
#1213 = CARTESIAN_POINT('',(25.,11.522));
#1214 = VECTOR('',#1215,1.);
#1215 = DIRECTION('',(1.,0.));
#1216 = ( GEOMETRIC_REPRESENTATION_CONTEXT(2) 
PARAMETRIC_REPRESENTATION_CONTEXT() REPRESENTATION_CONTEXT('2D SPACE',''
  ) );
#1217 = PCURVE('',#72,#1218);
#1218 = DEFINITIONAL_REPRESENTATION('',(#1219),#1223);
#1219 = LINE('',#1220,#1221);
#1220 = CARTESIAN_POINT('',(2.,-25.));
#1221 = VECTOR('',#1222,1.);
#1222 = DIRECTION('',(0.,1.));
#1223 = ( GEOMETRIC_REPRESENTATION_CONTEXT(2) 
PARAMETRIC_REPRESENTATION_CONTEXT() REPRESENTATION_CONTEXT('2D SPACE',''
  ) );
#1224 = ORIENTED_EDGE('',*,*,#1225,.F.);
#1225 = EDGE_CURVE('',#1152,#1203,#1226,.T.);
#1226 = SURFACE_CURVE('',#1227,(#1231,#1238),.PCURVE_S1.);
#1227 = LINE('',#1228,#1229);
#1228 = CARTESIAN_POINT('',(6.0128,-5.761,0.));
#1229 = VECTOR('',#1230,1.);
#1230 = DIRECTION('',(0.,-1.,0.));
#1231 = PCURVE('',#100,#1232);
#1232 = DEFINITIONAL_REPRESENTATION('',(#1233),#1237);
#1233 = LINE('',#1234,#1235);
#1234 = CARTESIAN_POINT('',(56.,5.761));
#1235 = VECTOR('',#1236,1.);
#1236 = DIRECTION('',(0.,-1.));
#1237 = ( GEOMETRIC_REPRESENTATION_CONTEXT(2) 
PARAMETRIC_REPRESENTATION_CONTEXT() REPRESENTATION_CONTEXT('2D SPACE',''
  ) );
#1238 = PCURVE('',#405,#1239);
#1239 = DEFINITIONAL_REPRESENTATION('',(#1240),#1244);
#1240 = LINE('',#1241,#1242);
#1241 = CARTESIAN_POINT('',(2.,5.761));
#1242 = VECTOR('',#1243,1.);
#1243 = DIRECTION('',(0.,1.));
#1244 = ( GEOMETRIC_REPRESENTATION_CONTEXT(2) 
PARAMETRIC_REPRESENTATION_CONTEXT() REPRESENTATION_CONTEXT('2D SPACE',''
  ) );
#1245 = ADVANCED_FACE('',(#1246),#72,.F.);
#1246 = FACE_BOUND('',#1247,.F.);
#1247 = EDGE_LOOP('',(#1248,#1269,#1270,#1271));
#1248 = ORIENTED_EDGE('',*,*,#1249,.F.);
#1249 = EDGE_CURVE('',#1203,#367,#1250,.T.);
#1250 = SURFACE_CURVE('',#1251,(#1255,#1262),.PCURVE_S1.);
#1251 = LINE('',#1252,#1253);
#1252 = CARTESIAN_POINT('',(6.0128,0.,-2.));
#1253 = VECTOR('',#1254,1.);
#1254 = DIRECTION('',(0.,0.,1.));
#1255 = PCURVE('',#72,#1256);
#1256 = DEFINITIONAL_REPRESENTATION('',(#1257),#1261);
#1257 = LINE('',#1258,#1259);
#1258 = CARTESIAN_POINT('',(0.,6.));
#1259 = VECTOR('',#1260,1.);
#1260 = DIRECTION('',(1.,0.));
#1261 = ( GEOMETRIC_REPRESENTATION_CONTEXT(2) 
PARAMETRIC_REPRESENTATION_CONTEXT() REPRESENTATION_CONTEXT('2D SPACE',''
  ) );
#1262 = PCURVE('',#405,#1263);
#1263 = DEFINITIONAL_REPRESENTATION('',(#1264),#1268);
#1264 = LINE('',#1265,#1266);
#1265 = CARTESIAN_POINT('',(0.,0.));
#1266 = VECTOR('',#1267,1.);
#1267 = DIRECTION('',(1.,0.));
#1268 = ( GEOMETRIC_REPRESENTATION_CONTEXT(2) 
PARAMETRIC_REPRESENTATION_CONTEXT() REPRESENTATION_CONTEXT('2D SPACE',''
  ) );
#1269 = ORIENTED_EDGE('',*,*,#1202,.F.);
#1270 = ORIENTED_EDGE('',*,*,#56,.T.);
#1271 = ORIENTED_EDGE('',*,*,#366,.T.);
#1272 = ADVANCED_FACE('',(#1273),#405,.T.);
#1273 = FACE_BOUND('',#1274,.T.);
#1274 = EDGE_LOOP('',(#1275,#1276,#1277,#1278,#1279,#1280,#1281,#1282,
    #1283,#1284,#1285,#1286));
#1275 = ORIENTED_EDGE('',*,*,#389,.F.);
#1276 = ORIENTED_EDGE('',*,*,#1249,.F.);
#1277 = ORIENTED_EDGE('',*,*,#1225,.F.);
#1278 = ORIENTED_EDGE('',*,*,#1151,.F.);
#1279 = ORIENTED_EDGE('',*,*,#1126,.T.);
#1280 = ORIENTED_EDGE('',*,*,#1078,.T.);
#1281 = ORIENTED_EDGE('',*,*,#1006,.F.);
#1282 = ORIENTED_EDGE('',*,*,#980,.T.);
#1283 = ORIENTED_EDGE('',*,*,#908,.F.);
#1284 = ORIENTED_EDGE('',*,*,#858,.F.);
#1285 = ORIENTED_EDGE('',*,*,#728,.T.);
#1286 = ORIENTED_EDGE('',*,*,#441,.F.);
#1287 = ADVANCED_FACE('',(#1288),#530,.F.);
#1288 = FACE_BOUND('',#1289,.F.);
#1289 = EDGE_LOOP('',(#1290,#1313,#1314,#1315));
#1290 = ORIENTED_EDGE('',*,*,#1291,.F.);
#1291 = EDGE_CURVE('',#515,#1292,#1294,.T.);
#1292 = VERTEX_POINT('',#1293);
#1293 = CARTESIAN_POINT('',(0.,7.478,34.9936));
#1294 = SURFACE_CURVE('',#1295,(#1299,#1306),.PCURVE_S1.);
#1295 = LINE('',#1296,#1297);
#1296 = CARTESIAN_POINT('',(0.,7.478,26.9936));
#1297 = VECTOR('',#1298,1.);
#1298 = DIRECTION('',(0.,0.,1.));
#1299 = PCURVE('',#530,#1300);
#1300 = DEFINITIONAL_REPRESENTATION('',(#1301),#1305);
#1301 = LINE('',#1302,#1303);
#1302 = CARTESIAN_POINT('',(0.,0.));
#1303 = VECTOR('',#1304,1.);
#1304 = DIRECTION('',(1.,0.));
#1305 = ( GEOMETRIC_REPRESENTATION_CONTEXT(2) 
PARAMETRIC_REPRESENTATION_CONTEXT() REPRESENTATION_CONTEXT('2D SPACE',''
  ) );
#1306 = PCURVE('',#558,#1307);
#1307 = DEFINITIONAL_REPRESENTATION('',(#1308),#1312);
#1308 = LINE('',#1309,#1310);
#1309 = CARTESIAN_POINT('',(0.,0.));
#1310 = VECTOR('',#1311,1.);
#1311 = DIRECTION('',(1.,0.));
#1312 = ( GEOMETRIC_REPRESENTATION_CONTEXT(2) 
PARAMETRIC_REPRESENTATION_CONTEXT() REPRESENTATION_CONTEXT('2D SPACE',''
  ) );
#1313 = ORIENTED_EDGE('',*,*,#514,.T.);
#1314 = ORIENTED_EDGE('',*,*,#785,.T.);
#1315 = ORIENTED_EDGE('',*,*,#1316,.F.);
#1316 = EDGE_CURVE('',#1292,#786,#1317,.T.);
#1317 = SURFACE_CURVE('',#1318,(#1322,#1329),.PCURVE_S1.);
#1318 = LINE('',#1319,#1320);
#1319 = CARTESIAN_POINT('',(0.,7.478,34.9936));
#1320 = VECTOR('',#1321,1.);
#1321 = DIRECTION('',(0.,1.,0.));
#1322 = PCURVE('',#530,#1323);
#1323 = DEFINITIONAL_REPRESENTATION('',(#1324),#1328);
#1324 = LINE('',#1325,#1326);
#1325 = CARTESIAN_POINT('',(8.,0.));
#1326 = VECTOR('',#1327,1.);
#1327 = DIRECTION('',(0.,-1.));
#1328 = ( GEOMETRIC_REPRESENTATION_CONTEXT(2) 
PARAMETRIC_REPRESENTATION_CONTEXT() REPRESENTATION_CONTEXT('2D SPACE',''
  ) );
#1329 = PCURVE('',#824,#1330);
#1330 = DEFINITIONAL_REPRESENTATION('',(#1331),#1335);
#1331 = LINE('',#1332,#1333);
#1332 = CARTESIAN_POINT('',(0.,0.));
#1333 = VECTOR('',#1334,1.);
#1334 = DIRECTION('',(0.,1.));
#1335 = ( GEOMETRIC_REPRESENTATION_CONTEXT(2) 
PARAMETRIC_REPRESENTATION_CONTEXT() REPRESENTATION_CONTEXT('2D SPACE',''
  ) );
#1336 = ADVANCED_FACE('',(#1337),#558,.F.);
#1337 = FACE_BOUND('',#1338,.F.);
#1338 = EDGE_LOOP('',(#1339,#1340,#1341,#1364,#1385,#1386,#1409,#1437));
#1339 = ORIENTED_EDGE('',*,*,#542,.F.);
#1340 = ORIENTED_EDGE('',*,*,#1291,.T.);
#1341 = ORIENTED_EDGE('',*,*,#1342,.T.);
#1342 = EDGE_CURVE('',#1292,#1343,#1345,.T.);
#1343 = VERTEX_POINT('',#1344);
#1344 = CARTESIAN_POINT('',(10.,7.478,34.9936));
#1345 = SURFACE_CURVE('',#1346,(#1350,#1357),.PCURVE_S1.);
#1346 = LINE('',#1347,#1348);
#1347 = CARTESIAN_POINT('',(0.,7.478,34.9936));
#1348 = VECTOR('',#1349,1.);
#1349 = DIRECTION('',(1.,0.,0.));
#1350 = PCURVE('',#558,#1351);
#1351 = DEFINITIONAL_REPRESENTATION('',(#1352),#1356);
#1352 = LINE('',#1353,#1354);
#1353 = CARTESIAN_POINT('',(8.,0.));
#1354 = VECTOR('',#1355,1.);
#1355 = DIRECTION('',(0.,1.));
#1356 = ( GEOMETRIC_REPRESENTATION_CONTEXT(2) 
PARAMETRIC_REPRESENTATION_CONTEXT() REPRESENTATION_CONTEXT('2D SPACE',''
  ) );
#1357 = PCURVE('',#824,#1358);
#1358 = DEFINITIONAL_REPRESENTATION('',(#1359),#1363);
#1359 = LINE('',#1360,#1361);
#1360 = CARTESIAN_POINT('',(0.,0.));
#1361 = VECTOR('',#1362,1.);
#1362 = DIRECTION('',(1.,0.));
#1363 = ( GEOMETRIC_REPRESENTATION_CONTEXT(2) 
PARAMETRIC_REPRESENTATION_CONTEXT() REPRESENTATION_CONTEXT('2D SPACE',''
  ) );
#1364 = ORIENTED_EDGE('',*,*,#1365,.F.);
#1365 = EDGE_CURVE('',#655,#1343,#1366,.T.);
#1366 = SURFACE_CURVE('',#1367,(#1371,#1378),.PCURVE_S1.);
#1367 = LINE('',#1368,#1369);
#1368 = CARTESIAN_POINT('',(10.,7.478,26.9936));
#1369 = VECTOR('',#1370,1.);
#1370 = DIRECTION('',(0.,0.,1.));
#1371 = PCURVE('',#558,#1372);
#1372 = DEFINITIONAL_REPRESENTATION('',(#1373),#1377);
#1373 = LINE('',#1374,#1375);
#1374 = CARTESIAN_POINT('',(0.,10.));
#1375 = VECTOR('',#1376,1.);
#1376 = DIRECTION('',(1.,0.));
#1377 = ( GEOMETRIC_REPRESENTATION_CONTEXT(2) 
PARAMETRIC_REPRESENTATION_CONTEXT() REPRESENTATION_CONTEXT('2D SPACE',''
  ) );
#1378 = PCURVE('',#693,#1379);
#1379 = DEFINITIONAL_REPRESENTATION('',(#1380),#1384);
#1380 = LINE('',#1381,#1382);
#1381 = CARTESIAN_POINT('',(0.,0.));
#1382 = VECTOR('',#1383,1.);
#1383 = DIRECTION('',(1.,0.));
#1384 = ( GEOMETRIC_REPRESENTATION_CONTEXT(2) 
PARAMETRIC_REPRESENTATION_CONTEXT() REPRESENTATION_CONTEXT('2D SPACE',''
  ) );
#1385 = ORIENTED_EDGE('',*,*,#654,.F.);
#1386 = ORIENTED_EDGE('',*,*,#1387,.T.);
#1387 = EDGE_CURVE('',#627,#1388,#1390,.T.);
#1388 = VERTEX_POINT('',#1389);
#1389 = CARTESIAN_POINT('',(6.0128,7.478,30.9936));
#1390 = SURFACE_CURVE('',#1391,(#1395,#1402),.PCURVE_S1.);
#1391 = LINE('',#1392,#1393);
#1392 = CARTESIAN_POINT('',(6.0128,7.478,12.4968));
#1393 = VECTOR('',#1394,1.);
#1394 = DIRECTION('',(0.,0.,1.));
#1395 = PCURVE('',#558,#1396);
#1396 = DEFINITIONAL_REPRESENTATION('',(#1397),#1401);
#1397 = LINE('',#1398,#1399);
#1398 = CARTESIAN_POINT('',(-14.4968,6.0128));
#1399 = VECTOR('',#1400,1.);
#1400 = DIRECTION('',(1.,0.));
#1401 = ( GEOMETRIC_REPRESENTATION_CONTEXT(2) 
PARAMETRIC_REPRESENTATION_CONTEXT() REPRESENTATION_CONTEXT('2D SPACE',''
  ) );
#1402 = PCURVE('',#642,#1403);
#1403 = DEFINITIONAL_REPRESENTATION('',(#1404),#1408);
#1404 = LINE('',#1405,#1406);
#1405 = CARTESIAN_POINT('',(14.4968,-7.478));
#1406 = VECTOR('',#1407,1.);
#1407 = DIRECTION('',(1.,0.));
#1408 = ( GEOMETRIC_REPRESENTATION_CONTEXT(2) 
PARAMETRIC_REPRESENTATION_CONTEXT() REPRESENTATION_CONTEXT('2D SPACE',''
  ) );
#1409 = ORIENTED_EDGE('',*,*,#1410,.T.);
#1410 = EDGE_CURVE('',#1388,#1411,#1413,.T.);
#1411 = VERTEX_POINT('',#1412);
#1412 = CARTESIAN_POINT('',(1.279999999997E-02,7.478,30.9936));
#1413 = SURFACE_CURVE('',#1414,(#1418,#1425),.PCURVE_S1.);
#1414 = LINE('',#1415,#1416);
#1415 = CARTESIAN_POINT('',(6.399999999985E-03,7.478,30.9936));
#1416 = VECTOR('',#1417,1.);
#1417 = DIRECTION('',(-1.,0.,0.));
#1418 = PCURVE('',#558,#1419);
#1419 = DEFINITIONAL_REPRESENTATION('',(#1420),#1424);
#1420 = LINE('',#1421,#1422);
#1421 = CARTESIAN_POINT('',(4.,6.399999999985E-03));
#1422 = VECTOR('',#1423,1.);
#1423 = DIRECTION('',(0.,-1.));
#1424 = ( GEOMETRIC_REPRESENTATION_CONTEXT(2) 
PARAMETRIC_REPRESENTATION_CONTEXT() REPRESENTATION_CONTEXT('2D SPACE',''
  ) );
#1425 = PCURVE('',#1426,#1431);
#1426 = PLANE('',#1427);
#1427 = AXIS2_PLACEMENT_3D('',#1428,#1429,#1430);
#1428 = CARTESIAN_POINT('',(1.279999999997E-02,0.,30.9936));
#1429 = DIRECTION('',(0.,0.,1.));
#1430 = DIRECTION('',(1.,0.,0.));
#1431 = DEFINITIONAL_REPRESENTATION('',(#1432),#1436);
#1432 = LINE('',#1433,#1434);
#1433 = CARTESIAN_POINT('',(-6.399999999985E-03,7.478));
#1434 = VECTOR('',#1435,1.);
#1435 = DIRECTION('',(-1.,0.));
#1436 = ( GEOMETRIC_REPRESENTATION_CONTEXT(2) 
PARAMETRIC_REPRESENTATION_CONTEXT() REPRESENTATION_CONTEXT('2D SPACE',''
  ) );
#1437 = ORIENTED_EDGE('',*,*,#1438,.F.);
#1438 = EDGE_CURVE('',#543,#1411,#1439,.T.);
#1439 = SURFACE_CURVE('',#1440,(#1444,#1451),.PCURVE_S1.);
#1440 = LINE('',#1441,#1442);
#1441 = CARTESIAN_POINT('',(1.279999999997E-02,7.478,12.4968));
#1442 = VECTOR('',#1443,1.);
#1443 = DIRECTION('',(0.,0.,1.));
#1444 = PCURVE('',#558,#1445);
#1445 = DEFINITIONAL_REPRESENTATION('',(#1446),#1450);
#1446 = LINE('',#1447,#1448);
#1447 = CARTESIAN_POINT('',(-14.4968,1.279999999997E-02));
#1448 = VECTOR('',#1449,1.);
#1449 = DIRECTION('',(1.,0.));
#1450 = ( GEOMETRIC_REPRESENTATION_CONTEXT(2) 
PARAMETRIC_REPRESENTATION_CONTEXT() REPRESENTATION_CONTEXT('2D SPACE',''
  ) );
#1451 = PCURVE('',#586,#1452);
#1452 = DEFINITIONAL_REPRESENTATION('',(#1453),#1457);
#1453 = LINE('',#1454,#1455);
#1454 = CARTESIAN_POINT('',(14.4968,-7.478));
#1455 = VECTOR('',#1456,1.);
#1456 = DIRECTION('',(1.,0.));
#1457 = ( GEOMETRIC_REPRESENTATION_CONTEXT(2) 
PARAMETRIC_REPRESENTATION_CONTEXT() REPRESENTATION_CONTEXT('2D SPACE',''
  ) );
#1458 = ADVANCED_FACE('',(#1459),#586,.F.);
#1459 = FACE_BOUND('',#1460,.F.);
#1460 = EDGE_LOOP('',(#1461,#1462,#1463,#1486,#1514));
#1461 = ORIENTED_EDGE('',*,*,#570,.T.);
#1462 = ORIENTED_EDGE('',*,*,#1438,.T.);
#1463 = ORIENTED_EDGE('',*,*,#1464,.F.);
#1464 = EDGE_CURVE('',#1465,#1411,#1467,.T.);
#1465 = VERTEX_POINT('',#1466);
#1466 = CARTESIAN_POINT('',(1.279999999997E-02,2.,30.9936));
#1467 = SURFACE_CURVE('',#1468,(#1472,#1479),.PCURVE_S1.);
#1468 = LINE('',#1469,#1470);
#1469 = CARTESIAN_POINT('',(1.279999999997E-02,0.,30.9936));
#1470 = VECTOR('',#1471,1.);
#1471 = DIRECTION('',(0.,1.,0.));
#1472 = PCURVE('',#586,#1473);
#1473 = DEFINITIONAL_REPRESENTATION('',(#1474),#1478);
#1474 = LINE('',#1475,#1476);
#1475 = CARTESIAN_POINT('',(32.9936,0.));
#1476 = VECTOR('',#1477,1.);
#1477 = DIRECTION('',(0.,-1.));
#1478 = ( GEOMETRIC_REPRESENTATION_CONTEXT(2) 
PARAMETRIC_REPRESENTATION_CONTEXT() REPRESENTATION_CONTEXT('2D SPACE',''
  ) );
#1479 = PCURVE('',#1426,#1480);
#1480 = DEFINITIONAL_REPRESENTATION('',(#1481),#1485);
#1481 = LINE('',#1482,#1483);
#1482 = CARTESIAN_POINT('',(0.,0.));
#1483 = VECTOR('',#1484,1.);
#1484 = DIRECTION('',(0.,1.));
#1485 = ( GEOMETRIC_REPRESENTATION_CONTEXT(2) 
PARAMETRIC_REPRESENTATION_CONTEXT() REPRESENTATION_CONTEXT('2D SPACE',''
  ) );
#1486 = ORIENTED_EDGE('',*,*,#1487,.F.);
#1487 = EDGE_CURVE('',#1488,#1465,#1490,.T.);
#1488 = VERTEX_POINT('',#1489);
#1489 = CARTESIAN_POINT('',(1.279999999997E-02,0.,30.9936));
#1490 = SURFACE_CURVE('',#1491,(#1495,#1502),.PCURVE_S1.);
#1491 = LINE('',#1492,#1493);
#1492 = CARTESIAN_POINT('',(1.279999999997E-02,0.,30.9936));
#1493 = VECTOR('',#1494,1.);
#1494 = DIRECTION('',(0.,1.,0.));
#1495 = PCURVE('',#586,#1496);
#1496 = DEFINITIONAL_REPRESENTATION('',(#1497),#1501);
#1497 = LINE('',#1498,#1499);
#1498 = CARTESIAN_POINT('',(32.9936,0.));
#1499 = VECTOR('',#1500,1.);
#1500 = DIRECTION('',(0.,-1.));
#1501 = ( GEOMETRIC_REPRESENTATION_CONTEXT(2) 
PARAMETRIC_REPRESENTATION_CONTEXT() REPRESENTATION_CONTEXT('2D SPACE',''
  ) );
#1502 = PCURVE('',#1503,#1508);
#1503 = PLANE('',#1504);
#1504 = AXIS2_PLACEMENT_3D('',#1505,#1506,#1507);
#1505 = CARTESIAN_POINT('',(1.279999999997E-02,0.,30.9936));
#1506 = DIRECTION('',(0.,0.,1.));
#1507 = DIRECTION('',(1.,0.,0.));
#1508 = DEFINITIONAL_REPRESENTATION('',(#1509),#1513);
#1509 = LINE('',#1510,#1511);
#1510 = CARTESIAN_POINT('',(0.,0.));
#1511 = VECTOR('',#1512,1.);
#1512 = DIRECTION('',(0.,1.));
#1513 = ( GEOMETRIC_REPRESENTATION_CONTEXT(2) 
PARAMETRIC_REPRESENTATION_CONTEXT() REPRESENTATION_CONTEXT('2D SPACE',''
  ) );
#1514 = ORIENTED_EDGE('',*,*,#1515,.F.);
#1515 = EDGE_CURVE('',#571,#1488,#1516,.T.);
#1516 = SURFACE_CURVE('',#1517,(#1521,#1528),.PCURVE_S1.);
#1517 = LINE('',#1518,#1519);
#1518 = CARTESIAN_POINT('',(1.279999999997E-02,0.,26.9936));
#1519 = VECTOR('',#1520,1.);
#1520 = DIRECTION('',(0.,0.,1.));
#1521 = PCURVE('',#586,#1522);
#1522 = DEFINITIONAL_REPRESENTATION('',(#1523),#1527);
#1523 = LINE('',#1524,#1525);
#1524 = CARTESIAN_POINT('',(28.9936,0.));
#1525 = VECTOR('',#1526,1.);
#1526 = DIRECTION('',(1.,0.));
#1527 = ( GEOMETRIC_REPRESENTATION_CONTEXT(2) 
PARAMETRIC_REPRESENTATION_CONTEXT() REPRESENTATION_CONTEXT('2D SPACE',''
  ) );
#1528 = PCURVE('',#614,#1529);
#1529 = DEFINITIONAL_REPRESENTATION('',(#1530),#1534);
#1530 = LINE('',#1531,#1532);
#1531 = CARTESIAN_POINT('',(0.,0.));
#1532 = VECTOR('',#1533,1.);
#1533 = DIRECTION('',(1.,0.));
#1534 = ( GEOMETRIC_REPRESENTATION_CONTEXT(2) 
PARAMETRIC_REPRESENTATION_CONTEXT() REPRESENTATION_CONTEXT('2D SPACE',''
  ) );
#1535 = ADVANCED_FACE('',(#1536,#1562,#1597),#693,.T.);
#1536 = FACE_BOUND('',#1537,.T.);
#1537 = EDGE_LOOP('',(#1538,#1539,#1540,#1541));
#1538 = ORIENTED_EDGE('',*,*,#1365,.F.);
#1539 = ORIENTED_EDGE('',*,*,#677,.T.);
#1540 = ORIENTED_EDGE('',*,*,#836,.T.);
#1541 = ORIENTED_EDGE('',*,*,#1542,.F.);
#1542 = EDGE_CURVE('',#1343,#809,#1543,.T.);
#1543 = SURFACE_CURVE('',#1544,(#1548,#1555),.PCURVE_S1.);
#1544 = LINE('',#1545,#1546);
#1545 = CARTESIAN_POINT('',(10.,7.478,34.9936));
#1546 = VECTOR('',#1547,1.);
#1547 = DIRECTION('',(0.,1.,0.));
#1548 = PCURVE('',#693,#1549);
#1549 = DEFINITIONAL_REPRESENTATION('',(#1550),#1554);
#1550 = LINE('',#1551,#1552);
#1551 = CARTESIAN_POINT('',(8.,0.));
#1552 = VECTOR('',#1553,1.);
#1553 = DIRECTION('',(0.,-1.));
#1554 = ( GEOMETRIC_REPRESENTATION_CONTEXT(2) 
PARAMETRIC_REPRESENTATION_CONTEXT() REPRESENTATION_CONTEXT('2D SPACE',''
  ) );
#1555 = PCURVE('',#824,#1556);
#1556 = DEFINITIONAL_REPRESENTATION('',(#1557),#1561);
#1557 = LINE('',#1558,#1559);
#1558 = CARTESIAN_POINT('',(10.,0.));
#1559 = VECTOR('',#1560,1.);
#1560 = DIRECTION('',(0.,1.));
#1561 = ( GEOMETRIC_REPRESENTATION_CONTEXT(2) 
PARAMETRIC_REPRESENTATION_CONTEXT() REPRESENTATION_CONTEXT('2D SPACE',''
  ) );
#1562 = FACE_BOUND('',#1563,.T.);
#1563 = EDGE_LOOP('',(#1564));
#1564 = ORIENTED_EDGE('',*,*,#1565,.T.);
#1565 = EDGE_CURVE('',#1566,#1566,#1568,.T.);
#1566 = VERTEX_POINT('',#1567);
#1567 = CARTESIAN_POINT('',(10.,25.978,30.9936));
#1568 = SURFACE_CURVE('',#1569,(#1574,#1585),.PCURVE_S1.);
#1569 = CIRCLE('',#1570,1.5);
#1570 = AXIS2_PLACEMENT_3D('',#1571,#1572,#1573);
#1571 = CARTESIAN_POINT('',(10.,24.478,30.9936));
#1572 = DIRECTION('',(-1.,0.,0.));
#1573 = DIRECTION('',(0.,1.,0.));
#1574 = PCURVE('',#693,#1575);
#1575 = DEFINITIONAL_REPRESENTATION('',(#1576),#1584);
#1576 = ( BOUNDED_CURVE() B_SPLINE_CURVE(2,(#1577,#1578,#1579,#1580,
#1581,#1582,#1583),.UNSPECIFIED.,.T.,.F.) B_SPLINE_CURVE_WITH_KNOTS((1,2
    ,2,2,2,1),(-2.094395102393,0.,2.094395102393,4.188790204786,
6.28318530718,8.377580409573),.UNSPECIFIED.) CURVE() 
GEOMETRIC_REPRESENTATION_ITEM() RATIONAL_B_SPLINE_CURVE((1.,0.5,1.,0.5,
1.,0.5,1.)) REPRESENTATION_ITEM('') );
#1577 = CARTESIAN_POINT('',(4.,-18.5));
#1578 = CARTESIAN_POINT('',(1.401923788647,-18.5));
#1579 = CARTESIAN_POINT('',(2.700961894323,-16.25));
#1580 = CARTESIAN_POINT('',(4.,-14.));
#1581 = CARTESIAN_POINT('',(5.299038105677,-16.25));
#1582 = CARTESIAN_POINT('',(6.598076211353,-18.5));
#1583 = CARTESIAN_POINT('',(4.,-18.5));
#1584 = ( GEOMETRIC_REPRESENTATION_CONTEXT(2) 
PARAMETRIC_REPRESENTATION_CONTEXT() REPRESENTATION_CONTEXT('2D SPACE',''
  ) );
#1585 = PCURVE('',#1586,#1591);
#1586 = CYLINDRICAL_SURFACE('',#1587,1.5);
#1587 = AXIS2_PLACEMENT_3D('',#1588,#1589,#1590);
#1588 = CARTESIAN_POINT('',(10.001,24.478,30.9936));
#1589 = DIRECTION('',(-1.,0.,0.));
#1590 = DIRECTION('',(0.,1.,0.));
#1591 = DEFINITIONAL_REPRESENTATION('',(#1592),#1596);
#1592 = LINE('',#1593,#1594);
#1593 = CARTESIAN_POINT('',(0.,9.999999999764E-04));
#1594 = VECTOR('',#1595,1.);
#1595 = DIRECTION('',(1.,0.));
#1596 = ( GEOMETRIC_REPRESENTATION_CONTEXT(2) 
PARAMETRIC_REPRESENTATION_CONTEXT() REPRESENTATION_CONTEXT('2D SPACE',''
  ) );
#1597 = FACE_BOUND('',#1598,.T.);
#1598 = EDGE_LOOP('',(#1599));
#1599 = ORIENTED_EDGE('',*,*,#1600,.T.);
#1600 = EDGE_CURVE('',#1601,#1601,#1603,.T.);
#1601 = VERTEX_POINT('',#1602);
#1602 = CARTESIAN_POINT('',(10.,13.978,30.9936));
#1603 = SURFACE_CURVE('',#1604,(#1609,#1620),.PCURVE_S1.);
#1604 = CIRCLE('',#1605,1.5);
#1605 = AXIS2_PLACEMENT_3D('',#1606,#1607,#1608);
#1606 = CARTESIAN_POINT('',(10.,12.478,30.9936));
#1607 = DIRECTION('',(-1.,0.,0.));
#1608 = DIRECTION('',(0.,1.,0.));
#1609 = PCURVE('',#693,#1610);
#1610 = DEFINITIONAL_REPRESENTATION('',(#1611),#1619);
#1611 = ( BOUNDED_CURVE() B_SPLINE_CURVE(2,(#1612,#1613,#1614,#1615,
#1616,#1617,#1618),.UNSPECIFIED.,.T.,.F.) B_SPLINE_CURVE_WITH_KNOTS((1,2
    ,2,2,2,1),(-2.094395102393,0.,2.094395102393,4.188790204786,
6.28318530718,8.377580409573),.UNSPECIFIED.) CURVE() 
GEOMETRIC_REPRESENTATION_ITEM() RATIONAL_B_SPLINE_CURVE((1.,0.5,1.,0.5,
1.,0.5,1.)) REPRESENTATION_ITEM('') );
#1612 = CARTESIAN_POINT('',(4.,-6.5));
#1613 = CARTESIAN_POINT('',(1.401923788647,-6.5));
#1614 = CARTESIAN_POINT('',(2.700961894323,-4.25));
#1615 = CARTESIAN_POINT('',(4.,-2.));
#1616 = CARTESIAN_POINT('',(5.299038105677,-4.25));
#1617 = CARTESIAN_POINT('',(6.598076211353,-6.5));
#1618 = CARTESIAN_POINT('',(4.,-6.5));
#1619 = ( GEOMETRIC_REPRESENTATION_CONTEXT(2) 
PARAMETRIC_REPRESENTATION_CONTEXT() REPRESENTATION_CONTEXT('2D SPACE',''
  ) );
#1620 = PCURVE('',#1621,#1626);
#1621 = CYLINDRICAL_SURFACE('',#1622,1.5);
#1622 = AXIS2_PLACEMENT_3D('',#1623,#1624,#1625);
#1623 = CARTESIAN_POINT('',(10.001,12.478,30.9936));
#1624 = DIRECTION('',(-1.,0.,0.));
#1625 = DIRECTION('',(0.,1.,0.));
#1626 = DEFINITIONAL_REPRESENTATION('',(#1627),#1631);
#1627 = LINE('',#1628,#1629);
#1628 = CARTESIAN_POINT('',(0.,9.999999999764E-04));
#1629 = VECTOR('',#1630,1.);
#1630 = DIRECTION('',(1.,0.));
#1631 = ( GEOMETRIC_REPRESENTATION_CONTEXT(2) 
PARAMETRIC_REPRESENTATION_CONTEXT() REPRESENTATION_CONTEXT('2D SPACE',''
  ) );
#1632 = ADVANCED_FACE('',(#1633),#614,.F.);
#1633 = FACE_BOUND('',#1634,.F.);
#1634 = EDGE_LOOP('',(#1635,#1658,#1659,#1660,#1683,#1711,#1739,#1767));
#1635 = ORIENTED_EDGE('',*,*,#1636,.F.);
#1636 = EDGE_CURVE('',#599,#1637,#1639,.T.);
#1637 = VERTEX_POINT('',#1638);
#1638 = CARTESIAN_POINT('',(6.0128,0.,30.9936));
#1639 = SURFACE_CURVE('',#1640,(#1644,#1651),.PCURVE_S1.);
#1640 = LINE('',#1641,#1642);
#1641 = CARTESIAN_POINT('',(6.0128,0.,26.9936));
#1642 = VECTOR('',#1643,1.);
#1643 = DIRECTION('',(0.,0.,1.));
#1644 = PCURVE('',#614,#1645);
#1645 = DEFINITIONAL_REPRESENTATION('',(#1646),#1650);
#1646 = LINE('',#1647,#1648);
#1647 = CARTESIAN_POINT('',(0.,6.));
#1648 = VECTOR('',#1649,1.);
#1649 = DIRECTION('',(1.,0.));
#1650 = ( GEOMETRIC_REPRESENTATION_CONTEXT(2) 
PARAMETRIC_REPRESENTATION_CONTEXT() REPRESENTATION_CONTEXT('2D SPACE',''
  ) );
#1651 = PCURVE('',#642,#1652);
#1652 = DEFINITIONAL_REPRESENTATION('',(#1653),#1657);
#1653 = LINE('',#1654,#1655);
#1654 = CARTESIAN_POINT('',(28.9936,0.));
#1655 = VECTOR('',#1656,1.);
#1656 = DIRECTION('',(1.,0.));
#1657 = ( GEOMETRIC_REPRESENTATION_CONTEXT(2) 
PARAMETRIC_REPRESENTATION_CONTEXT() REPRESENTATION_CONTEXT('2D SPACE',''
  ) );
#1658 = ORIENTED_EDGE('',*,*,#598,.F.);
#1659 = ORIENTED_EDGE('',*,*,#1515,.T.);
#1660 = ORIENTED_EDGE('',*,*,#1661,.T.);
#1661 = EDGE_CURVE('',#1488,#1662,#1664,.T.);
#1662 = VERTEX_POINT('',#1663);
#1663 = CARTESIAN_POINT('',(0.7767320225,0.,30.9936));
#1664 = SURFACE_CURVE('',#1665,(#1669,#1676),.PCURVE_S1.);
#1665 = LINE('',#1666,#1667);
#1666 = CARTESIAN_POINT('',(1.279999999997E-02,0.,30.9936));
#1667 = VECTOR('',#1668,1.);
#1668 = DIRECTION('',(1.,0.,0.));
#1669 = PCURVE('',#614,#1670);
#1670 = DEFINITIONAL_REPRESENTATION('',(#1671),#1675);
#1671 = LINE('',#1672,#1673);
#1672 = CARTESIAN_POINT('',(4.,0.));
#1673 = VECTOR('',#1674,1.);
#1674 = DIRECTION('',(0.,1.));
#1675 = ( GEOMETRIC_REPRESENTATION_CONTEXT(2) 
PARAMETRIC_REPRESENTATION_CONTEXT() REPRESENTATION_CONTEXT('2D SPACE',''
  ) );
#1676 = PCURVE('',#1503,#1677);
#1677 = DEFINITIONAL_REPRESENTATION('',(#1678),#1682);
#1678 = LINE('',#1679,#1680);
#1679 = CARTESIAN_POINT('',(0.,0.));
#1680 = VECTOR('',#1681,1.);
#1681 = DIRECTION('',(1.,0.));
#1682 = ( GEOMETRIC_REPRESENTATION_CONTEXT(2) 
PARAMETRIC_REPRESENTATION_CONTEXT() REPRESENTATION_CONTEXT('2D SPACE',''
  ) );
#1683 = ORIENTED_EDGE('',*,*,#1684,.F.);
#1684 = EDGE_CURVE('',#1685,#1662,#1687,.T.);
#1685 = VERTEX_POINT('',#1686);
#1686 = CARTESIAN_POINT('',(0.7767320225,0.,27.9936));
#1687 = SURFACE_CURVE('',#1688,(#1692,#1699),.PCURVE_S1.);
#1688 = LINE('',#1689,#1690);
#1689 = CARTESIAN_POINT('',(0.7767320225,0.,27.9936));
#1690 = VECTOR('',#1691,1.);
#1691 = DIRECTION('',(0.,0.,1.));
#1692 = PCURVE('',#614,#1693);
#1693 = DEFINITIONAL_REPRESENTATION('',(#1694),#1698);
#1694 = LINE('',#1695,#1696);
#1695 = CARTESIAN_POINT('',(1.,0.7639320225));
#1696 = VECTOR('',#1697,1.);
#1697 = DIRECTION('',(1.,0.));
#1698 = ( GEOMETRIC_REPRESENTATION_CONTEXT(2) 
PARAMETRIC_REPRESENTATION_CONTEXT() REPRESENTATION_CONTEXT('2D SPACE',''
  ) );
#1699 = PCURVE('',#1700,#1705);
#1700 = CYLINDRICAL_SURFACE('',#1701,3.);
#1701 = AXIS2_PLACEMENT_3D('',#1702,#1703,#1704);
#1702 = CARTESIAN_POINT('',(3.0128,2.,27.9936));
#1703 = DIRECTION('',(0.,0.,1.));
#1704 = DIRECTION('',(1.,0.,-0.));
#1705 = DEFINITIONAL_REPRESENTATION('',(#1706),#1710);
#1706 = LINE('',#1707,#1708);
#1707 = CARTESIAN_POINT('',(3.871320309817,0.));
#1708 = VECTOR('',#1709,1.);
#1709 = DIRECTION('',(0.,1.));
#1710 = ( GEOMETRIC_REPRESENTATION_CONTEXT(2) 
PARAMETRIC_REPRESENTATION_CONTEXT() REPRESENTATION_CONTEXT('2D SPACE',''
  ) );
#1711 = ORIENTED_EDGE('',*,*,#1712,.T.);
#1712 = EDGE_CURVE('',#1685,#1713,#1715,.T.);
#1713 = VERTEX_POINT('',#1714);
#1714 = CARTESIAN_POINT('',(5.2488679775,0.,27.9936));
#1715 = SURFACE_CURVE('',#1716,(#1720,#1727),.PCURVE_S1.);
#1716 = LINE('',#1717,#1718);
#1717 = CARTESIAN_POINT('',(1.5128,0.,27.9936));
#1718 = VECTOR('',#1719,1.);
#1719 = DIRECTION('',(1.,0.,0.));
#1720 = PCURVE('',#614,#1721);
#1721 = DEFINITIONAL_REPRESENTATION('',(#1722),#1726);
#1722 = LINE('',#1723,#1724);
#1723 = CARTESIAN_POINT('',(1.,1.5));
#1724 = VECTOR('',#1725,1.);
#1725 = DIRECTION('',(0.,1.));
#1726 = ( GEOMETRIC_REPRESENTATION_CONTEXT(2) 
PARAMETRIC_REPRESENTATION_CONTEXT() REPRESENTATION_CONTEXT('2D SPACE',''
  ) );
#1727 = PCURVE('',#1728,#1733);
#1728 = PLANE('',#1729);
#1729 = AXIS2_PLACEMENT_3D('',#1730,#1731,#1732);
#1730 = CARTESIAN_POINT('',(3.0128,2.,27.9936));
#1731 = DIRECTION('',(0.,0.,1.));
#1732 = DIRECTION('',(1.,0.,-0.));
#1733 = DEFINITIONAL_REPRESENTATION('',(#1734),#1738);
#1734 = LINE('',#1735,#1736);
#1735 = CARTESIAN_POINT('',(-1.5,-2.));
#1736 = VECTOR('',#1737,1.);
#1737 = DIRECTION('',(1.,0.));
#1738 = ( GEOMETRIC_REPRESENTATION_CONTEXT(2) 
PARAMETRIC_REPRESENTATION_CONTEXT() REPRESENTATION_CONTEXT('2D SPACE',''
  ) );
#1739 = ORIENTED_EDGE('',*,*,#1740,.T.);
#1740 = EDGE_CURVE('',#1713,#1741,#1743,.T.);
#1741 = VERTEX_POINT('',#1742);
#1742 = CARTESIAN_POINT('',(5.2488679775,0.,30.9936));
#1743 = SURFACE_CURVE('',#1744,(#1748,#1755),.PCURVE_S1.);
#1744 = LINE('',#1745,#1746);
#1745 = CARTESIAN_POINT('',(5.2488679775,0.,27.9936));
#1746 = VECTOR('',#1747,1.);
#1747 = DIRECTION('',(0.,0.,1.));
#1748 = PCURVE('',#614,#1749);
#1749 = DEFINITIONAL_REPRESENTATION('',(#1750),#1754);
#1750 = LINE('',#1751,#1752);
#1751 = CARTESIAN_POINT('',(1.,5.2360679775));
#1752 = VECTOR('',#1753,1.);
#1753 = DIRECTION('',(1.,0.));
#1754 = ( GEOMETRIC_REPRESENTATION_CONTEXT(2) 
PARAMETRIC_REPRESENTATION_CONTEXT() REPRESENTATION_CONTEXT('2D SPACE',''
  ) );
#1755 = PCURVE('',#1756,#1761);
#1756 = CYLINDRICAL_SURFACE('',#1757,3.);
#1757 = AXIS2_PLACEMENT_3D('',#1758,#1759,#1760);
#1758 = CARTESIAN_POINT('',(3.0128,2.,27.9936));
#1759 = DIRECTION('',(0.,0.,1.));
#1760 = DIRECTION('',(1.,0.,-0.));
#1761 = DEFINITIONAL_REPRESENTATION('',(#1762),#1766);
#1762 = LINE('',#1763,#1764);
#1763 = CARTESIAN_POINT('',(5.553457650953,0.));
#1764 = VECTOR('',#1765,1.);
#1765 = DIRECTION('',(0.,1.));
#1766 = ( GEOMETRIC_REPRESENTATION_CONTEXT(2) 
PARAMETRIC_REPRESENTATION_CONTEXT() REPRESENTATION_CONTEXT('2D SPACE',''
  ) );
#1767 = ORIENTED_EDGE('',*,*,#1768,.T.);
#1768 = EDGE_CURVE('',#1741,#1637,#1769,.T.);
#1769 = SURFACE_CURVE('',#1770,(#1774,#1781),.PCURVE_S1.);
#1770 = LINE('',#1771,#1772);
#1771 = CARTESIAN_POINT('',(1.279999999997E-02,0.,30.9936));
#1772 = VECTOR('',#1773,1.);
#1773 = DIRECTION('',(1.,0.,0.));
#1774 = PCURVE('',#614,#1775);
#1775 = DEFINITIONAL_REPRESENTATION('',(#1776),#1780);
#1776 = LINE('',#1777,#1778);
#1777 = CARTESIAN_POINT('',(4.,0.));
#1778 = VECTOR('',#1779,1.);
#1779 = DIRECTION('',(0.,1.));
#1780 = ( GEOMETRIC_REPRESENTATION_CONTEXT(2) 
PARAMETRIC_REPRESENTATION_CONTEXT() REPRESENTATION_CONTEXT('2D SPACE',''
  ) );
#1781 = PCURVE('',#1782,#1787);
#1782 = PLANE('',#1783);
#1783 = AXIS2_PLACEMENT_3D('',#1784,#1785,#1786);
#1784 = CARTESIAN_POINT('',(1.279999999997E-02,0.,30.9936));
#1785 = DIRECTION('',(0.,0.,1.));
#1786 = DIRECTION('',(1.,0.,0.));
#1787 = DEFINITIONAL_REPRESENTATION('',(#1788),#1792);
#1788 = LINE('',#1789,#1790);
#1789 = CARTESIAN_POINT('',(0.,0.));
#1790 = VECTOR('',#1791,1.);
#1791 = DIRECTION('',(1.,0.));
#1792 = ( GEOMETRIC_REPRESENTATION_CONTEXT(2) 
PARAMETRIC_REPRESENTATION_CONTEXT() REPRESENTATION_CONTEXT('2D SPACE',''
  ) );
#1793 = ADVANCED_FACE('',(#1794),#642,.T.);
#1794 = FACE_BOUND('',#1795,.T.);
#1795 = EDGE_LOOP('',(#1796,#1797,#1798,#1821,#1842));
#1796 = ORIENTED_EDGE('',*,*,#626,.T.);
#1797 = ORIENTED_EDGE('',*,*,#1387,.T.);
#1798 = ORIENTED_EDGE('',*,*,#1799,.F.);
#1799 = EDGE_CURVE('',#1800,#1388,#1802,.T.);
#1800 = VERTEX_POINT('',#1801);
#1801 = CARTESIAN_POINT('',(6.0128,2.,30.9936));
#1802 = SURFACE_CURVE('',#1803,(#1807,#1814),.PCURVE_S1.);
#1803 = LINE('',#1804,#1805);
#1804 = CARTESIAN_POINT('',(6.0128,0.,30.9936));
#1805 = VECTOR('',#1806,1.);
#1806 = DIRECTION('',(0.,1.,0.));
#1807 = PCURVE('',#642,#1808);
#1808 = DEFINITIONAL_REPRESENTATION('',(#1809),#1813);
#1809 = LINE('',#1810,#1811);
#1810 = CARTESIAN_POINT('',(32.9936,0.));
#1811 = VECTOR('',#1812,1.);
#1812 = DIRECTION('',(0.,-1.));
#1813 = ( GEOMETRIC_REPRESENTATION_CONTEXT(2) 
PARAMETRIC_REPRESENTATION_CONTEXT() REPRESENTATION_CONTEXT('2D SPACE',''
  ) );
#1814 = PCURVE('',#1426,#1815);
#1815 = DEFINITIONAL_REPRESENTATION('',(#1816),#1820);
#1816 = LINE('',#1817,#1818);
#1817 = CARTESIAN_POINT('',(6.,0.));
#1818 = VECTOR('',#1819,1.);
#1819 = DIRECTION('',(0.,1.));
#1820 = ( GEOMETRIC_REPRESENTATION_CONTEXT(2) 
PARAMETRIC_REPRESENTATION_CONTEXT() REPRESENTATION_CONTEXT('2D SPACE',''
  ) );
#1821 = ORIENTED_EDGE('',*,*,#1822,.F.);
#1822 = EDGE_CURVE('',#1637,#1800,#1823,.T.);
#1823 = SURFACE_CURVE('',#1824,(#1828,#1835),.PCURVE_S1.);
#1824 = LINE('',#1825,#1826);
#1825 = CARTESIAN_POINT('',(6.0128,0.,30.9936));
#1826 = VECTOR('',#1827,1.);
#1827 = DIRECTION('',(0.,1.,0.));
#1828 = PCURVE('',#642,#1829);
#1829 = DEFINITIONAL_REPRESENTATION('',(#1830),#1834);
#1830 = LINE('',#1831,#1832);
#1831 = CARTESIAN_POINT('',(32.9936,0.));
#1832 = VECTOR('',#1833,1.);
#1833 = DIRECTION('',(0.,-1.));
#1834 = ( GEOMETRIC_REPRESENTATION_CONTEXT(2) 
PARAMETRIC_REPRESENTATION_CONTEXT() REPRESENTATION_CONTEXT('2D SPACE',''
  ) );
#1835 = PCURVE('',#1782,#1836);
#1836 = DEFINITIONAL_REPRESENTATION('',(#1837),#1841);
#1837 = LINE('',#1838,#1839);
#1838 = CARTESIAN_POINT('',(6.,0.));
#1839 = VECTOR('',#1840,1.);
#1840 = DIRECTION('',(0.,1.));
#1841 = ( GEOMETRIC_REPRESENTATION_CONTEXT(2) 
PARAMETRIC_REPRESENTATION_CONTEXT() REPRESENTATION_CONTEXT('2D SPACE',''
  ) );
#1842 = ORIENTED_EDGE('',*,*,#1636,.F.);
#1843 = ADVANCED_FACE('',(#1844),#769,.F.);
#1844 = FACE_BOUND('',#1845,.F.);
#1845 = EDGE_LOOP('',(#1846,#1870,#1891,#1892));
#1846 = ORIENTED_EDGE('',*,*,#1847,.F.);
#1847 = EDGE_CURVE('',#1848,#1848,#1850,.T.);
#1848 = VERTEX_POINT('',#1849);
#1849 = CARTESIAN_POINT('',(4.7128,2.,27.9936));
#1850 = SURFACE_CURVE('',#1851,(#1856,#1863),.PCURVE_S1.);
#1851 = CIRCLE('',#1852,1.7);
#1852 = AXIS2_PLACEMENT_3D('',#1853,#1854,#1855);
#1853 = CARTESIAN_POINT('',(3.0128,2.,27.9936));
#1854 = DIRECTION('',(0.,0.,1.));
#1855 = DIRECTION('',(1.,0.,-0.));
#1856 = PCURVE('',#769,#1857);
#1857 = DEFINITIONAL_REPRESENTATION('',(#1858),#1862);
#1858 = LINE('',#1859,#1860);
#1859 = CARTESIAN_POINT('',(0.,1.4968));
#1860 = VECTOR('',#1861,1.);
#1861 = DIRECTION('',(1.,0.));
#1862 = ( GEOMETRIC_REPRESENTATION_CONTEXT(2) 
PARAMETRIC_REPRESENTATION_CONTEXT() REPRESENTATION_CONTEXT('2D SPACE',''
  ) );
#1863 = PCURVE('',#1728,#1864);
#1864 = DEFINITIONAL_REPRESENTATION('',(#1865),#1869);
#1865 = CIRCLE('',#1866,1.7);
#1866 = AXIS2_PLACEMENT_2D('',#1867,#1868);
#1867 = CARTESIAN_POINT('',(0.,0.));
#1868 = DIRECTION('',(1.,0.));
#1869 = ( GEOMETRIC_REPRESENTATION_CONTEXT(2) 
PARAMETRIC_REPRESENTATION_CONTEXT() REPRESENTATION_CONTEXT('2D SPACE',''
  ) );
#1870 = ORIENTED_EDGE('',*,*,#1871,.F.);
#1871 = EDGE_CURVE('',#753,#1848,#1872,.T.);
#1872 = SEAM_CURVE('',#1873,(#1877,#1884),.PCURVE_S1.);
#1873 = LINE('',#1874,#1875);
#1874 = CARTESIAN_POINT('',(4.7128,2.,26.4968));
#1875 = VECTOR('',#1876,1.);
#1876 = DIRECTION('',(0.,0.,1.));
#1877 = PCURVE('',#769,#1878);
#1878 = DEFINITIONAL_REPRESENTATION('',(#1879),#1883);
#1879 = LINE('',#1880,#1881);
#1880 = CARTESIAN_POINT('',(6.28318530718,-0.));
#1881 = VECTOR('',#1882,1.);
#1882 = DIRECTION('',(0.,1.));
#1883 = ( GEOMETRIC_REPRESENTATION_CONTEXT(2) 
PARAMETRIC_REPRESENTATION_CONTEXT() REPRESENTATION_CONTEXT('2D SPACE',''
  ) );
#1884 = PCURVE('',#769,#1885);
#1885 = DEFINITIONAL_REPRESENTATION('',(#1886),#1890);
#1886 = LINE('',#1887,#1888);
#1887 = CARTESIAN_POINT('',(0.,-0.));
#1888 = VECTOR('',#1889,1.);
#1889 = DIRECTION('',(0.,1.));
#1890 = ( GEOMETRIC_REPRESENTATION_CONTEXT(2) 
PARAMETRIC_REPRESENTATION_CONTEXT() REPRESENTATION_CONTEXT('2D SPACE',''
  ) );
#1891 = ORIENTED_EDGE('',*,*,#752,.T.);
#1892 = ORIENTED_EDGE('',*,*,#1871,.T.);
#1893 = ADVANCED_FACE('',(#1894),#824,.T.);
#1894 = FACE_BOUND('',#1895,.T.);
#1895 = EDGE_LOOP('',(#1896,#1897,#1898,#1899));
#1896 = ORIENTED_EDGE('',*,*,#1316,.F.);
#1897 = ORIENTED_EDGE('',*,*,#1342,.T.);
#1898 = ORIENTED_EDGE('',*,*,#1542,.T.);
#1899 = ORIENTED_EDGE('',*,*,#808,.F.);
#1900 = ADVANCED_FACE('',(#1901),#1426,.T.);
#1901 = FACE_BOUND('',#1902,.T.);
#1902 = EDGE_LOOP('',(#1903,#1904,#1931,#1932));
#1903 = ORIENTED_EDGE('',*,*,#1464,.F.);
#1904 = ORIENTED_EDGE('',*,*,#1905,.F.);
#1905 = EDGE_CURVE('',#1800,#1465,#1906,.T.);
#1906 = SURFACE_CURVE('',#1907,(#1912,#1919),.PCURVE_S1.);
#1907 = CIRCLE('',#1908,3.);
#1908 = AXIS2_PLACEMENT_3D('',#1909,#1910,#1911);
#1909 = CARTESIAN_POINT('',(3.0128,2.,30.9936));
#1910 = DIRECTION('',(0.,0.,1.));
#1911 = DIRECTION('',(1.,0.,-0.));
#1912 = PCURVE('',#1426,#1913);
#1913 = DEFINITIONAL_REPRESENTATION('',(#1914),#1918);
#1914 = CIRCLE('',#1915,3.);
#1915 = AXIS2_PLACEMENT_2D('',#1916,#1917);
#1916 = CARTESIAN_POINT('',(3.,2.));
#1917 = DIRECTION('',(1.,0.));
#1918 = ( GEOMETRIC_REPRESENTATION_CONTEXT(2) 
PARAMETRIC_REPRESENTATION_CONTEXT() REPRESENTATION_CONTEXT('2D SPACE',''
  ) );
#1919 = PCURVE('',#1920,#1925);
#1920 = CYLINDRICAL_SURFACE('',#1921,3.);
#1921 = AXIS2_PLACEMENT_3D('',#1922,#1923,#1924);
#1922 = CARTESIAN_POINT('',(3.0128,2.,27.9936));
#1923 = DIRECTION('',(0.,0.,1.));
#1924 = DIRECTION('',(1.,0.,-0.));
#1925 = DEFINITIONAL_REPRESENTATION('',(#1926),#1930);
#1926 = LINE('',#1927,#1928);
#1927 = CARTESIAN_POINT('',(0.,3.));
#1928 = VECTOR('',#1929,1.);
#1929 = DIRECTION('',(1.,0.));
#1930 = ( GEOMETRIC_REPRESENTATION_CONTEXT(2) 
PARAMETRIC_REPRESENTATION_CONTEXT() REPRESENTATION_CONTEXT('2D SPACE',''
  ) );
#1931 = ORIENTED_EDGE('',*,*,#1799,.T.);
#1932 = ORIENTED_EDGE('',*,*,#1410,.T.);
#1933 = ADVANCED_FACE('',(#1934),#1503,.T.);
#1934 = FACE_BOUND('',#1935,.T.);
#1935 = EDGE_LOOP('',(#1936,#1937,#1938));
#1936 = ORIENTED_EDGE('',*,*,#1487,.F.);
#1937 = ORIENTED_EDGE('',*,*,#1661,.T.);
#1938 = ORIENTED_EDGE('',*,*,#1939,.F.);
#1939 = EDGE_CURVE('',#1465,#1662,#1940,.T.);
#1940 = SURFACE_CURVE('',#1941,(#1946,#1953),.PCURVE_S1.);
#1941 = CIRCLE('',#1942,3.);
#1942 = AXIS2_PLACEMENT_3D('',#1943,#1944,#1945);
#1943 = CARTESIAN_POINT('',(3.0128,2.,30.9936));
#1944 = DIRECTION('',(0.,0.,1.));
#1945 = DIRECTION('',(1.,0.,-0.));
#1946 = PCURVE('',#1503,#1947);
#1947 = DEFINITIONAL_REPRESENTATION('',(#1948),#1952);
#1948 = CIRCLE('',#1949,3.);
#1949 = AXIS2_PLACEMENT_2D('',#1950,#1951);
#1950 = CARTESIAN_POINT('',(3.,2.));
#1951 = DIRECTION('',(1.,0.));
#1952 = ( GEOMETRIC_REPRESENTATION_CONTEXT(2) 
PARAMETRIC_REPRESENTATION_CONTEXT() REPRESENTATION_CONTEXT('2D SPACE',''
  ) );
#1953 = PCURVE('',#1700,#1954);
#1954 = DEFINITIONAL_REPRESENTATION('',(#1955),#1959);
#1955 = LINE('',#1956,#1957);
#1956 = CARTESIAN_POINT('',(0.,3.));
#1957 = VECTOR('',#1958,1.);
#1958 = DIRECTION('',(1.,0.));
#1959 = ( GEOMETRIC_REPRESENTATION_CONTEXT(2) 
PARAMETRIC_REPRESENTATION_CONTEXT() REPRESENTATION_CONTEXT('2D SPACE',''
  ) );
#1960 = ADVANCED_FACE('',(#1961),#1586,.F.);
#1961 = FACE_BOUND('',#1962,.F.);
#1962 = EDGE_LOOP('',(#1963,#1986,#2013,#2014));
#1963 = ORIENTED_EDGE('',*,*,#1964,.T.);
#1964 = EDGE_CURVE('',#1566,#1965,#1967,.T.);
#1965 = VERTEX_POINT('',#1966);
#1966 = CARTESIAN_POINT('',(2.,25.978,30.9936));
#1967 = SEAM_CURVE('',#1968,(#1972,#1979),.PCURVE_S1.);
#1968 = LINE('',#1969,#1970);
#1969 = CARTESIAN_POINT('',(10.001,25.978,30.9936));
#1970 = VECTOR('',#1971,1.);
#1971 = DIRECTION('',(-1.,0.,0.));
#1972 = PCURVE('',#1586,#1973);
#1973 = DEFINITIONAL_REPRESENTATION('',(#1974),#1978);
#1974 = LINE('',#1975,#1976);
#1975 = CARTESIAN_POINT('',(6.28318530718,-0.));
#1976 = VECTOR('',#1977,1.);
#1977 = DIRECTION('',(0.,1.));
#1978 = ( GEOMETRIC_REPRESENTATION_CONTEXT(2) 
PARAMETRIC_REPRESENTATION_CONTEXT() REPRESENTATION_CONTEXT('2D SPACE',''
  ) );
#1979 = PCURVE('',#1586,#1980);
#1980 = DEFINITIONAL_REPRESENTATION('',(#1981),#1985);
#1981 = LINE('',#1982,#1983);
#1982 = CARTESIAN_POINT('',(0.,-0.));
#1983 = VECTOR('',#1984,1.);
#1984 = DIRECTION('',(0.,1.));
#1985 = ( GEOMETRIC_REPRESENTATION_CONTEXT(2) 
PARAMETRIC_REPRESENTATION_CONTEXT() REPRESENTATION_CONTEXT('2D SPACE',''
  ) );
#1986 = ORIENTED_EDGE('',*,*,#1987,.F.);
#1987 = EDGE_CURVE('',#1965,#1965,#1988,.T.);
#1988 = SURFACE_CURVE('',#1989,(#1994,#2001),.PCURVE_S1.);
#1989 = CIRCLE('',#1990,1.5);
#1990 = AXIS2_PLACEMENT_3D('',#1991,#1992,#1993);
#1991 = CARTESIAN_POINT('',(2.,24.478,30.9936));
#1992 = DIRECTION('',(-1.,0.,0.));
#1993 = DIRECTION('',(0.,1.,0.));
#1994 = PCURVE('',#1586,#1995);
#1995 = DEFINITIONAL_REPRESENTATION('',(#1996),#2000);
#1996 = LINE('',#1997,#1998);
#1997 = CARTESIAN_POINT('',(0.,8.001));
#1998 = VECTOR('',#1999,1.);
#1999 = DIRECTION('',(1.,0.));
#2000 = ( GEOMETRIC_REPRESENTATION_CONTEXT(2) 
PARAMETRIC_REPRESENTATION_CONTEXT() REPRESENTATION_CONTEXT('2D SPACE',''
  ) );
#2001 = PCURVE('',#2002,#2007);
#2002 = PLANE('',#2003);
#2003 = AXIS2_PLACEMENT_3D('',#2004,#2005,#2006);
#2004 = CARTESIAN_POINT('',(2.,24.478,30.9936));
#2005 = DIRECTION('',(-1.,0.,0.));
#2006 = DIRECTION('',(0.,1.,0.));
#2007 = DEFINITIONAL_REPRESENTATION('',(#2008),#2012);
#2008 = CIRCLE('',#2009,1.5);
#2009 = AXIS2_PLACEMENT_2D('',#2010,#2011);
#2010 = CARTESIAN_POINT('',(0.,0.));
#2011 = DIRECTION('',(1.,0.));
#2012 = ( GEOMETRIC_REPRESENTATION_CONTEXT(2) 
PARAMETRIC_REPRESENTATION_CONTEXT() REPRESENTATION_CONTEXT('2D SPACE',''
  ) );
#2013 = ORIENTED_EDGE('',*,*,#1964,.F.);
#2014 = ORIENTED_EDGE('',*,*,#1565,.T.);
#2015 = ADVANCED_FACE('',(#2016),#1621,.F.);
#2016 = FACE_BOUND('',#2017,.F.);
#2017 = EDGE_LOOP('',(#2018,#2041,#2068,#2069));
#2018 = ORIENTED_EDGE('',*,*,#2019,.T.);
#2019 = EDGE_CURVE('',#1601,#2020,#2022,.T.);
#2020 = VERTEX_POINT('',#2021);
#2021 = CARTESIAN_POINT('',(2.,13.978,30.9936));
#2022 = SEAM_CURVE('',#2023,(#2027,#2034),.PCURVE_S1.);
#2023 = LINE('',#2024,#2025);
#2024 = CARTESIAN_POINT('',(10.001,13.978,30.9936));
#2025 = VECTOR('',#2026,1.);
#2026 = DIRECTION('',(-1.,0.,0.));
#2027 = PCURVE('',#1621,#2028);
#2028 = DEFINITIONAL_REPRESENTATION('',(#2029),#2033);
#2029 = LINE('',#2030,#2031);
#2030 = CARTESIAN_POINT('',(6.28318530718,-0.));
#2031 = VECTOR('',#2032,1.);
#2032 = DIRECTION('',(0.,1.));
#2033 = ( GEOMETRIC_REPRESENTATION_CONTEXT(2) 
PARAMETRIC_REPRESENTATION_CONTEXT() REPRESENTATION_CONTEXT('2D SPACE',''
  ) );
#2034 = PCURVE('',#1621,#2035);
#2035 = DEFINITIONAL_REPRESENTATION('',(#2036),#2040);
#2036 = LINE('',#2037,#2038);
#2037 = CARTESIAN_POINT('',(0.,-0.));
#2038 = VECTOR('',#2039,1.);
#2039 = DIRECTION('',(0.,1.));
#2040 = ( GEOMETRIC_REPRESENTATION_CONTEXT(2) 
PARAMETRIC_REPRESENTATION_CONTEXT() REPRESENTATION_CONTEXT('2D SPACE',''
  ) );
#2041 = ORIENTED_EDGE('',*,*,#2042,.F.);
#2042 = EDGE_CURVE('',#2020,#2020,#2043,.T.);
#2043 = SURFACE_CURVE('',#2044,(#2049,#2056),.PCURVE_S1.);
#2044 = CIRCLE('',#2045,1.5);
#2045 = AXIS2_PLACEMENT_3D('',#2046,#2047,#2048);
#2046 = CARTESIAN_POINT('',(2.,12.478,30.9936));
#2047 = DIRECTION('',(-1.,0.,0.));
#2048 = DIRECTION('',(0.,1.,0.));
#2049 = PCURVE('',#1621,#2050);
#2050 = DEFINITIONAL_REPRESENTATION('',(#2051),#2055);
#2051 = LINE('',#2052,#2053);
#2052 = CARTESIAN_POINT('',(0.,8.001));
#2053 = VECTOR('',#2054,1.);
#2054 = DIRECTION('',(1.,0.));
#2055 = ( GEOMETRIC_REPRESENTATION_CONTEXT(2) 
PARAMETRIC_REPRESENTATION_CONTEXT() REPRESENTATION_CONTEXT('2D SPACE',''
  ) );
#2056 = PCURVE('',#2057,#2062);
#2057 = PLANE('',#2058);
#2058 = AXIS2_PLACEMENT_3D('',#2059,#2060,#2061);
#2059 = CARTESIAN_POINT('',(2.,12.478,30.9936));
#2060 = DIRECTION('',(-1.,0.,0.));
#2061 = DIRECTION('',(0.,1.,0.));
#2062 = DEFINITIONAL_REPRESENTATION('',(#2063),#2067);
#2063 = CIRCLE('',#2064,1.5);
#2064 = AXIS2_PLACEMENT_2D('',#2065,#2066);
#2065 = CARTESIAN_POINT('',(0.,0.));
#2066 = DIRECTION('',(1.,0.));
#2067 = ( GEOMETRIC_REPRESENTATION_CONTEXT(2) 
PARAMETRIC_REPRESENTATION_CONTEXT() REPRESENTATION_CONTEXT('2D SPACE',''
  ) );
#2068 = ORIENTED_EDGE('',*,*,#2019,.F.);
#2069 = ORIENTED_EDGE('',*,*,#1600,.T.);
#2070 = ADVANCED_FACE('',(#2071),#1782,.T.);
#2071 = FACE_BOUND('',#2072,.T.);
#2072 = EDGE_LOOP('',(#2073,#2074,#2096));
#2073 = ORIENTED_EDGE('',*,*,#1822,.T.);
#2074 = ORIENTED_EDGE('',*,*,#2075,.F.);
#2075 = EDGE_CURVE('',#1741,#1800,#2076,.T.);
#2076 = SURFACE_CURVE('',#2077,(#2082,#2089),.PCURVE_S1.);
#2077 = CIRCLE('',#2078,3.);
#2078 = AXIS2_PLACEMENT_3D('',#2079,#2080,#2081);
#2079 = CARTESIAN_POINT('',(3.0128,2.,30.9936));
#2080 = DIRECTION('',(0.,0.,1.));
#2081 = DIRECTION('',(1.,0.,-0.));
#2082 = PCURVE('',#1782,#2083);
#2083 = DEFINITIONAL_REPRESENTATION('',(#2084),#2088);
#2084 = CIRCLE('',#2085,3.);
#2085 = AXIS2_PLACEMENT_2D('',#2086,#2087);
#2086 = CARTESIAN_POINT('',(3.,2.));
#2087 = DIRECTION('',(1.,0.));
#2088 = ( GEOMETRIC_REPRESENTATION_CONTEXT(2) 
PARAMETRIC_REPRESENTATION_CONTEXT() REPRESENTATION_CONTEXT('2D SPACE',''
  ) );
#2089 = PCURVE('',#1756,#2090);
#2090 = DEFINITIONAL_REPRESENTATION('',(#2091),#2095);
#2091 = LINE('',#2092,#2093);
#2092 = CARTESIAN_POINT('',(0.,3.));
#2093 = VECTOR('',#2094,1.);
#2094 = DIRECTION('',(1.,0.));
#2095 = ( GEOMETRIC_REPRESENTATION_CONTEXT(2) 
PARAMETRIC_REPRESENTATION_CONTEXT() REPRESENTATION_CONTEXT('2D SPACE',''
  ) );
#2096 = ORIENTED_EDGE('',*,*,#1768,.T.);
#2097 = ADVANCED_FACE('',(#2098),#1756,.F.);
#2098 = FACE_BOUND('',#2099,.F.);
#2099 = EDGE_LOOP('',(#2100,#2123,#2124,#2125));
#2100 = ORIENTED_EDGE('',*,*,#2101,.T.);
#2101 = EDGE_CURVE('',#2102,#1800,#2104,.T.);
#2102 = VERTEX_POINT('',#2103);
#2103 = CARTESIAN_POINT('',(6.0128,2.,27.9936));
#2104 = SURFACE_CURVE('',#2105,(#2109,#2116),.PCURVE_S1.);
#2105 = LINE('',#2106,#2107);
#2106 = CARTESIAN_POINT('',(6.0128,2.,27.9936));
#2107 = VECTOR('',#2108,1.);
#2108 = DIRECTION('',(0.,0.,1.));
#2109 = PCURVE('',#1756,#2110);
#2110 = DEFINITIONAL_REPRESENTATION('',(#2111),#2115);
#2111 = LINE('',#2112,#2113);
#2112 = CARTESIAN_POINT('',(6.28318530718,-0.));
#2113 = VECTOR('',#2114,1.);
#2114 = DIRECTION('',(0.,1.));
#2115 = ( GEOMETRIC_REPRESENTATION_CONTEXT(2) 
PARAMETRIC_REPRESENTATION_CONTEXT() REPRESENTATION_CONTEXT('2D SPACE',''
  ) );
#2116 = PCURVE('',#1920,#2117);
#2117 = DEFINITIONAL_REPRESENTATION('',(#2118),#2122);
#2118 = LINE('',#2119,#2120);
#2119 = CARTESIAN_POINT('',(0.,-0.));
#2120 = VECTOR('',#2121,1.);
#2121 = DIRECTION('',(0.,1.));
#2122 = ( GEOMETRIC_REPRESENTATION_CONTEXT(2) 
PARAMETRIC_REPRESENTATION_CONTEXT() REPRESENTATION_CONTEXT('2D SPACE',''
  ) );
#2123 = ORIENTED_EDGE('',*,*,#2075,.F.);
#2124 = ORIENTED_EDGE('',*,*,#1740,.F.);
#2125 = ORIENTED_EDGE('',*,*,#2126,.T.);
#2126 = EDGE_CURVE('',#1713,#2102,#2127,.T.);
#2127 = SURFACE_CURVE('',#2128,(#2133,#2140),.PCURVE_S1.);
#2128 = CIRCLE('',#2129,3.);
#2129 = AXIS2_PLACEMENT_3D('',#2130,#2131,#2132);
#2130 = CARTESIAN_POINT('',(3.0128,2.,27.9936));
#2131 = DIRECTION('',(0.,0.,1.));
#2132 = DIRECTION('',(1.,0.,-0.));
#2133 = PCURVE('',#1756,#2134);
#2134 = DEFINITIONAL_REPRESENTATION('',(#2135),#2139);
#2135 = LINE('',#2136,#2137);
#2136 = CARTESIAN_POINT('',(0.,0.));
#2137 = VECTOR('',#2138,1.);
#2138 = DIRECTION('',(1.,0.));
#2139 = ( GEOMETRIC_REPRESENTATION_CONTEXT(2) 
PARAMETRIC_REPRESENTATION_CONTEXT() REPRESENTATION_CONTEXT('2D SPACE',''
  ) );
#2140 = PCURVE('',#1728,#2141);
#2141 = DEFINITIONAL_REPRESENTATION('',(#2142),#2146);
#2142 = CIRCLE('',#2143,3.);
#2143 = AXIS2_PLACEMENT_2D('',#2144,#2145);
#2144 = CARTESIAN_POINT('',(0.,0.));
#2145 = DIRECTION('',(1.,0.));
#2146 = ( GEOMETRIC_REPRESENTATION_CONTEXT(2) 
PARAMETRIC_REPRESENTATION_CONTEXT() REPRESENTATION_CONTEXT('2D SPACE',''
  ) );
#2147 = ADVANCED_FACE('',(#2148,#2198),#1728,.T.);
#2148 = FACE_BOUND('',#2149,.T.);
#2149 = EDGE_LOOP('',(#2150,#2151,#2175,#2197));
#2150 = ORIENTED_EDGE('',*,*,#2126,.T.);
#2151 = ORIENTED_EDGE('',*,*,#2152,.T.);
#2152 = EDGE_CURVE('',#2102,#2153,#2155,.T.);
#2153 = VERTEX_POINT('',#2154);
#2154 = CARTESIAN_POINT('',(1.279999999997E-02,2.,27.9936));
#2155 = SURFACE_CURVE('',#2156,(#2161,#2168),.PCURVE_S1.);
#2156 = CIRCLE('',#2157,3.);
#2157 = AXIS2_PLACEMENT_3D('',#2158,#2159,#2160);
#2158 = CARTESIAN_POINT('',(3.0128,2.,27.9936));
#2159 = DIRECTION('',(0.,0.,1.));
#2160 = DIRECTION('',(1.,0.,-0.));
#2161 = PCURVE('',#1728,#2162);
#2162 = DEFINITIONAL_REPRESENTATION('',(#2163),#2167);
#2163 = CIRCLE('',#2164,3.);
#2164 = AXIS2_PLACEMENT_2D('',#2165,#2166);
#2165 = CARTESIAN_POINT('',(0.,0.));
#2166 = DIRECTION('',(1.,0.));
#2167 = ( GEOMETRIC_REPRESENTATION_CONTEXT(2) 
PARAMETRIC_REPRESENTATION_CONTEXT() REPRESENTATION_CONTEXT('2D SPACE',''
  ) );
#2168 = PCURVE('',#1920,#2169);
#2169 = DEFINITIONAL_REPRESENTATION('',(#2170),#2174);
#2170 = LINE('',#2171,#2172);
#2171 = CARTESIAN_POINT('',(0.,0.));
#2172 = VECTOR('',#2173,1.);
#2173 = DIRECTION('',(1.,0.));
#2174 = ( GEOMETRIC_REPRESENTATION_CONTEXT(2) 
PARAMETRIC_REPRESENTATION_CONTEXT() REPRESENTATION_CONTEXT('2D SPACE',''
  ) );
#2175 = ORIENTED_EDGE('',*,*,#2176,.T.);
#2176 = EDGE_CURVE('',#2153,#1685,#2177,.T.);
#2177 = SURFACE_CURVE('',#2178,(#2183,#2190),.PCURVE_S1.);
#2178 = CIRCLE('',#2179,3.);
#2179 = AXIS2_PLACEMENT_3D('',#2180,#2181,#2182);
#2180 = CARTESIAN_POINT('',(3.0128,2.,27.9936));
#2181 = DIRECTION('',(0.,0.,1.));
#2182 = DIRECTION('',(1.,0.,-0.));
#2183 = PCURVE('',#1728,#2184);
#2184 = DEFINITIONAL_REPRESENTATION('',(#2185),#2189);
#2185 = CIRCLE('',#2186,3.);
#2186 = AXIS2_PLACEMENT_2D('',#2187,#2188);
#2187 = CARTESIAN_POINT('',(0.,0.));
#2188 = DIRECTION('',(1.,0.));
#2189 = ( GEOMETRIC_REPRESENTATION_CONTEXT(2) 
PARAMETRIC_REPRESENTATION_CONTEXT() REPRESENTATION_CONTEXT('2D SPACE',''
  ) );
#2190 = PCURVE('',#1700,#2191);
#2191 = DEFINITIONAL_REPRESENTATION('',(#2192),#2196);
#2192 = LINE('',#2193,#2194);
#2193 = CARTESIAN_POINT('',(0.,0.));
#2194 = VECTOR('',#2195,1.);
#2195 = DIRECTION('',(1.,0.));
#2196 = ( GEOMETRIC_REPRESENTATION_CONTEXT(2) 
PARAMETRIC_REPRESENTATION_CONTEXT() REPRESENTATION_CONTEXT('2D SPACE',''
  ) );
#2197 = ORIENTED_EDGE('',*,*,#1712,.T.);
#2198 = FACE_BOUND('',#2199,.T.);
#2199 = EDGE_LOOP('',(#2200));
#2200 = ORIENTED_EDGE('',*,*,#1847,.F.);
#2201 = ADVANCED_FACE('',(#2202),#1700,.F.);
#2202 = FACE_BOUND('',#2203,.F.);
#2203 = EDGE_LOOP('',(#2204,#2205,#2226,#2227));
#2204 = ORIENTED_EDGE('',*,*,#1939,.F.);
#2205 = ORIENTED_EDGE('',*,*,#2206,.F.);
#2206 = EDGE_CURVE('',#2153,#1465,#2207,.T.);
#2207 = SURFACE_CURVE('',#2208,(#2212,#2219),.PCURVE_S1.);
#2208 = LINE('',#2209,#2210);
#2209 = CARTESIAN_POINT('',(1.279999999997E-02,2.,27.9936));
#2210 = VECTOR('',#2211,1.);
#2211 = DIRECTION('',(0.,0.,1.));
#2212 = PCURVE('',#1700,#2213);
#2213 = DEFINITIONAL_REPRESENTATION('',(#2214),#2218);
#2214 = LINE('',#2215,#2216);
#2215 = CARTESIAN_POINT('',(3.14159265359,0.));
#2216 = VECTOR('',#2217,1.);
#2217 = DIRECTION('',(0.,1.));
#2218 = ( GEOMETRIC_REPRESENTATION_CONTEXT(2) 
PARAMETRIC_REPRESENTATION_CONTEXT() REPRESENTATION_CONTEXT('2D SPACE',''
  ) );
#2219 = PCURVE('',#1920,#2220);
#2220 = DEFINITIONAL_REPRESENTATION('',(#2221),#2225);
#2221 = LINE('',#2222,#2223);
#2222 = CARTESIAN_POINT('',(3.14159265359,0.));
#2223 = VECTOR('',#2224,1.);
#2224 = DIRECTION('',(0.,1.));
#2225 = ( GEOMETRIC_REPRESENTATION_CONTEXT(2) 
PARAMETRIC_REPRESENTATION_CONTEXT() REPRESENTATION_CONTEXT('2D SPACE',''
  ) );
#2226 = ORIENTED_EDGE('',*,*,#2176,.T.);
#2227 = ORIENTED_EDGE('',*,*,#1684,.T.);
#2228 = ADVANCED_FACE('',(#2229),#1920,.F.);
#2229 = FACE_BOUND('',#2230,.F.);
#2230 = EDGE_LOOP('',(#2231,#2232,#2233,#2234));
#2231 = ORIENTED_EDGE('',*,*,#1905,.F.);
#2232 = ORIENTED_EDGE('',*,*,#2101,.F.);
#2233 = ORIENTED_EDGE('',*,*,#2152,.T.);
#2234 = ORIENTED_EDGE('',*,*,#2206,.T.);
#2235 = ADVANCED_FACE('',(#2236),#2002,.F.);
#2236 = FACE_BOUND('',#2237,.F.);
#2237 = EDGE_LOOP('',(#2238));
#2238 = ORIENTED_EDGE('',*,*,#1987,.T.);
#2239 = ADVANCED_FACE('',(#2240),#2057,.F.);
#2240 = FACE_BOUND('',#2241,.F.);
#2241 = EDGE_LOOP('',(#2242));
#2242 = ORIENTED_EDGE('',*,*,#2042,.T.);
#2243 = ( GEOMETRIC_REPRESENTATION_CONTEXT(3) 
GLOBAL_UNCERTAINTY_ASSIGNED_CONTEXT((#2247)) 
GLOBAL_UNIT_ASSIGNED_CONTEXT((#2244,#2245,#2246)) REPRESENTATION_CONTEXT
('Context #1','3D Context with UNIT and UNCERTAINTY') );
#2244 = ( LENGTH_UNIT() NAMED_UNIT(*) SI_UNIT(.MILLI.,.METRE.) );
#2245 = ( NAMED_UNIT(*) PLANE_ANGLE_UNIT() SI_UNIT($,.RADIAN.) );
#2246 = ( NAMED_UNIT(*) SI_UNIT($,.STERADIAN.) SOLID_ANGLE_UNIT() );
#2247 = UNCERTAINTY_MEASURE_WITH_UNIT(LENGTH_MEASURE(1.E-07),#2244,
  'distance_accuracy_value','confusion accuracy');
#2248 = PRODUCT_RELATED_PRODUCT_CATEGORY('part',$,(#7));
ENDSEC;
END-ISO-10303-21;
