ISO-10303-21;
HEADER;
FILE_DESCRIPTION(('Open CASCADE Model'),'2;1');
FILE_NAME('Open CASCADE Shape Model','2026-09-26T20:47:24',('Author'),(
    'Open CASCADE'),'Open CASCADE STEP processor 7.8','Open CASCADE 7.8'
  ,'Unknown');
FILE_SCHEMA(('AUTOMOTIVE_DESIGN { 1 0 10303 214 1 1 1 1 }'));
ENDSEC;
DATA;
#1 = APPLICATION_PROTOCOL_DEFINITION('international standard',
  'automotive_design',2000,#2);
#2 = APPLICATION_CONTEXT(
  'core data for automotive mechanical design processes');
#3 = SHAPE_DEFINITION_REPRESENTATION(#4,#10);
#4 = PRODUCT_DEFINITION_SHAPE('','',#5);
#5 = PRODUCT_DEFINITION('design','',#6,#9);
#6 = PRODUCT_DEFINITION_FORMATION('','',#7);
#7 = PRODUCT('Open CASCADE STEP translator 7.8 224',
  'Open CASCADE STEP translator 7.8 224','',(#8));
#8 = PRODUCT_CONTEXT('',#2,'mechanical');
#9 = PRODUCT_DEFINITION_CONTEXT('part definition',#2,'design');
#10 = ADVANCED_BREP_SHAPE_REPRESENTATION('',(#11,#15),#2233);
#11 = AXIS2_PLACEMENT_3D('',#12,#13,#14);
#12 = CARTESIAN_POINT('',(0.,0.,0.));
#13 = DIRECTION('',(0.,0.,1.));
#14 = DIRECTION('',(1.,0.,-0.));
#15 = MANIFOLD_SOLID_BREP('',#16);
#16 = CLOSED_SHELL('',(#17,#503,#538,#640,#1111,#1139,#1194,#1253,#1288,
    #1323,#1378,#1549,#1553,#1557,#1633,#1850,#1899,#2064,#2091,#2118,
    #2165,#2192,#2199,#2226));
#17 = ADVANCED_FACE('',(#18),#32,.T.);
#18 = FACE_BOUND('',#19,.T.);
#19 = EDGE_LOOP('',(#20,#50,#79,#254,#283,#453,#475,#476));
#20 = ORIENTED_EDGE('',*,*,#21,.F.);
#21 = EDGE_CURVE('',#22,#24,#26,.T.);
#22 = VERTEX_POINT('',#23);
#23 = CARTESIAN_POINT('',(59.,5.000000100078,15.));
#24 = VERTEX_POINT('',#25);
#25 = CARTESIAN_POINT('',(59.,5.000000100078,22.));
#26 = SEAM_CURVE('',#27,(#31,#43),.PCURVE_S1.);
#27 = LINE('',#28,#29);
#28 = CARTESIAN_POINT('',(59.,5.000000100078,0.));
#29 = VECTOR('',#30,1.);
#30 = DIRECTION('',(0.,0.,1.));
#31 = PCURVE('',#32,#37);
#32 = CYLINDRICAL_SURFACE('',#33,3.);
#33 = AXIS2_PLACEMENT_3D('',#34,#35,#36);
#34 = CARTESIAN_POINT('',(56.,5.000000100078,0.));
#35 = DIRECTION('',(0.,0.,1.));
#36 = DIRECTION('',(1.,0.,-0.));
#37 = DEFINITIONAL_REPRESENTATION('',(#38),#42);
#38 = LINE('',#39,#40);
#39 = CARTESIAN_POINT('',(0.,-0.));
#40 = VECTOR('',#41,1.);
#41 = DIRECTION('',(0.,1.));
#42 = ( GEOMETRIC_REPRESENTATION_CONTEXT(2) 
PARAMETRIC_REPRESENTATION_CONTEXT() REPRESENTATION_CONTEXT('2D SPACE',''
  ) );
#43 = PCURVE('',#32,#44);
#44 = DEFINITIONAL_REPRESENTATION('',(#45),#49);
#45 = LINE('',#46,#47);
#46 = CARTESIAN_POINT('',(6.28318530718,-0.));
#47 = VECTOR('',#48,1.);
#48 = DIRECTION('',(0.,1.));
#49 = ( GEOMETRIC_REPRESENTATION_CONTEXT(2) 
PARAMETRIC_REPRESENTATION_CONTEXT() REPRESENTATION_CONTEXT('2D SPACE',''
  ) );
#50 = ORIENTED_EDGE('',*,*,#51,.T.);
#51 = EDGE_CURVE('',#22,#52,#54,.T.);
#52 = VERTEX_POINT('',#53);
#53 = CARTESIAN_POINT('',(58.05,7.190319711459,15.));
#54 = SURFACE_CURVE('',#55,(#60,#67),.PCURVE_S1.);
#55 = CIRCLE('',#56,3.);
#56 = AXIS2_PLACEMENT_3D('',#57,#58,#59);
#57 = CARTESIAN_POINT('',(56.,5.000000100078,15.));
#58 = DIRECTION('',(0.,0.,1.));
#59 = DIRECTION('',(1.,0.,-0.));
#60 = PCURVE('',#32,#61);
#61 = DEFINITIONAL_REPRESENTATION('',(#62),#66);
#62 = LINE('',#63,#64);
#63 = CARTESIAN_POINT('',(0.,15.));
#64 = VECTOR('',#65,1.);
#65 = DIRECTION('',(1.,0.));
#66 = ( GEOMETRIC_REPRESENTATION_CONTEXT(2) 
PARAMETRIC_REPRESENTATION_CONTEXT() REPRESENTATION_CONTEXT('2D SPACE',''
  ) );
#67 = PCURVE('',#68,#73);
#68 = PLANE('',#69);
#69 = AXIS2_PLACEMENT_3D('',#70,#71,#72);
#70 = CARTESIAN_POINT('',(56.,5.000000100078,15.));
#71 = DIRECTION('',(0.,0.,1.));
#72 = DIRECTION('',(1.,0.,-0.));
#73 = DEFINITIONAL_REPRESENTATION('',(#74),#78);
#74 = CIRCLE('',#75,3.);
#75 = AXIS2_PLACEMENT_2D('',#76,#77);
#76 = CARTESIAN_POINT('',(0.,0.));
#77 = DIRECTION('',(1.,0.));
#78 = ( GEOMETRIC_REPRESENTATION_CONTEXT(2) 
PARAMETRIC_REPRESENTATION_CONTEXT() REPRESENTATION_CONTEXT('2D SPACE',''
  ) );
#79 = ORIENTED_EDGE('',*,*,#80,.F.);
#80 = EDGE_CURVE('',#81,#52,#83,.T.);
#81 = VERTEX_POINT('',#82);
#82 = CARTESIAN_POINT('',(53.949999999855,7.190319711323,15.));
#83 = SURFACE_CURVE('',#84,(#137,#193),.PCURVE_S1.);
#84 = B_SPLINE_CURVE_WITH_KNOTS('',6,(#85,#86,#87,#88,#89,#90,#91,#92,
    #93,#94,#95,#96,#97,#98,#99,#100,#101,#102,#103,#104,#105,#106,#107,
    #108,#109,#110,#111,#112,#113,#114,#115,#116,#117,#118,#119,#120,
    #121,#122,#123,#124,#125,#126,#127,#128,#129,#130,#131,#132,#133,
    #134,#135,#136),.UNSPECIFIED.,.F.,.F.,(7,5,5,5,5,5,5,5,5,5,7),(0.,
    0.100893549691,0.213236101572,0.33453959824,0.427861266619,
    0.500379111742,0.572719459683,0.666410367394,0.788287608503,
    0.898891629408,1.),.UNSPECIFIED.);
#85 = CARTESIAN_POINT('',(53.95,7.190319711459,14.9999994));
#86 = CARTESIAN_POINT('',(53.949999970413,7.190319683767,15.101087359913
    ));
#87 = CARTESIAN_POINT('',(53.955981600169,7.195918085366,15.201974657752
    ));
#88 = CARTESIAN_POINT('',(53.967900782337,7.207073792398,15.302230466023
    ));
#89 = CARTESIAN_POINT('',(53.985672725756,7.223477118766,15.4014005846)
  );
#90 = CARTESIAN_POINT('',(54.009156548683,7.244548794903,15.498960067472
    ));
#91 = CARTESIAN_POINT('',(54.070175063875,7.29729884332,15.700409399467)
  );
#92 = CARTESIAN_POINT('',(54.109043112701,7.329945183477,15.803898028655
    ));
#93 = CARTESIAN_POINT('',(54.154447653164,7.366591409486,15.904623590722
    ));
#94 = CARTESIAN_POINT('',(54.206306892876,7.406348847297,16.002396124323
    ));
#95 = CARTESIAN_POINT('',(54.264585059384,7.448347416477,16.096952084219
    ));
#96 = CARTESIAN_POINT('',(54.39916321739,7.538582004783,16.286218864537)
  );
#97 = CARTESIAN_POINT('',(54.476590545176,7.587089090811,16.380425670615
    ));
#98 = CARTESIAN_POINT('',(54.561775261375,7.636294966529,16.470366725343
    ));
#99 = CARTESIAN_POINT('',(54.655053621998,7.685252795035,16.555606020938
    ));
#100 = CARTESIAN_POINT('',(54.756817799429,7.732903612867,
    16.635421060002));
#101 = CARTESIAN_POINT('',(54.952491089846,7.812679804817,
    16.765118745972));
#102 = CARTESIAN_POINT('',(55.042990060802,7.845929788903,
    16.817787093044));
#103 = CARTESIAN_POINT('',(55.138843558819,7.877049675377,
    16.866026075711));
#104 = CARTESIAN_POINT('',(55.23991886686,7.905320706668,16.909109881089
    ));
#105 = CARTESIAN_POINT('',(55.346008492242,7.930015728842,
    16.946279170199));
#106 = CARTESIAN_POINT('',(55.542937317223,7.966270552369,17.00039220521
    ));
#107 = CARTESIAN_POINT('',(55.631885094515,7.979527913354,
    17.019991925511));
#108 = CARTESIAN_POINT('',(55.723029012554,7.989761000219,
    17.035017688727));
#109 = CARTESIAN_POINT('',(55.815698481488,7.996668882392,
    17.045124466046));
#110 = CARTESIAN_POINT('',(55.909202491475,8.000087419319,
    17.050127784322));
#111 = CARTESIAN_POINT('',(56.096249595592,7.999910308108,
    17.049868597051));
#112 = CARTESIAN_POINT('',(56.189490314719,7.996332088349,
    17.044631615235));
#113 = CARTESIAN_POINT('',(56.281870901496,7.98928709654,17.034322595307
    ));
#114 = CARTESIAN_POINT('',(56.372709183793,7.978942278211,
    17.019129218318));
#115 = CARTESIAN_POINT('',(56.461343510856,7.965599045818,
    16.999397019641));
#116 = CARTESIAN_POINT('',(56.65826665092,7.929071323817,16.944860011371
    ));
#117 = CARTESIAN_POINT('',(56.764620594436,7.904147178838,
    16.907330386842));
#118 = CARTESIAN_POINT('',(56.86591472543,7.875637567708,16.863858834068
    ));
#119 = CARTESIAN_POINT('',(56.961939849726,7.844278503677,
    16.815212974006));
#120 = CARTESIAN_POINT('',(57.052562671931,7.810797462268,16.76212696773
    ));
#121 = CARTESIAN_POINT('',(57.24849691997,7.730492420629,16.631407065474
    ));
#122 = CARTESIAN_POINT('',(57.350371971523,7.682542138198,
    16.550961085421));
#123 = CARTESIAN_POINT('',(57.44369422992,7.633312707821,16.465068973107
    ));
#124 = CARTESIAN_POINT('',(57.528860717194,7.583873969123,
    16.374454444273));
#125 = CARTESIAN_POINT('',(57.606209106642,7.535184472622,
    16.279551512535));
#126 = CARTESIAN_POINT('',(57.739213403279,7.445599671535,
    16.090738270022));
#127 = CARTESIAN_POINT('',(57.796262154326,7.404367495872,
    15.997479790999));
#128 = CARTESIAN_POINT('',(57.847088605704,7.365339137683,
    15.901110224553));
#129 = CARTESIAN_POINT('',(57.891655997716,7.329346589606,
    15.801881144126));
#130 = CARTESIAN_POINT('',(57.929884501048,7.297238184619,
    15.699975072469));
#131 = CARTESIAN_POINT('',(57.990590821389,7.244775467354,
    15.500008718857));
#132 = CARTESIAN_POINT('',(58.014174400824,7.223618211848,
    15.402252881523));
#133 = CARTESIAN_POINT('',(58.032022271775,7.207145808691,
    15.302876731608));
#134 = CARTESIAN_POINT('',(58.043992584827,7.195942246408,15.20240861612
    ));
#135 = CARTESIAN_POINT('',(58.05,7.190319711459,15.101305368308));
#136 = CARTESIAN_POINT('',(58.05,7.190319711459,15.));
#137 = PCURVE('',#32,#138);
#138 = DEFINITIONAL_REPRESENTATION('',(#139),#192);
#139 = B_SPLINE_CURVE_WITH_KNOTS('',6,(#140,#141,#142,#143,#144,#145,
    #146,#147,#148,#149,#150,#151,#152,#153,#154,#155,#156,#157,#158,
    #159,#160,#161,#162,#163,#164,#165,#166,#167,#168,#169,#170,#171,
    #172,#173,#174,#175,#176,#177,#178,#179,#180,#181,#182,#183,#184,
    #185,#186,#187,#188,#189,#190,#191),.UNSPECIFIED.,.F.,.F.,(7,5,5,5,5
    ,5,5,5,5,5,7),(0.,0.100893549691,0.213236101572,0.33453959824,
    0.427861266619,0.500379111742,0.572719459683,0.666410367394,
    0.788287608503,0.898891629408,1.),.UNSPECIFIED.);
#140 = CARTESIAN_POINT('',(2.32311480795,14.9999994));
#141 = CARTESIAN_POINT('',(2.323114821458,15.101087359913));
#142 = CARTESIAN_POINT('',(2.320383908412,15.201974657751));
#143 = CARTESIAN_POINT('',(2.314942031135,15.302230466024));
#144 = CARTESIAN_POINT('',(2.306880820135,15.4014005846));
#145 = CARTESIAN_POINT('',(2.296365427079,15.498960067473));
#146 = CARTESIAN_POINT('',(2.269479191848,15.700409399467));
#147 = CARTESIAN_POINT('',(2.252561126794,15.803898028655));
#148 = CARTESIAN_POINT('',(2.233117714709,15.904623590722));
#149 = CARTESIAN_POINT('',(2.211348178004,16.002396124323));
#150 = CARTESIAN_POINT('',(2.187416949644,16.096952084219));
#151 = CARTESIAN_POINT('',(2.133407113565,16.286218864537));
#152 = CARTESIAN_POINT('',(2.102966058425,16.380425670615));
#153 = CARTESIAN_POINT('',(2.070207937538,16.470366725343));
#154 = CARTESIAN_POINT('',(2.035141563227,16.555606020938));
#155 = CARTESIAN_POINT('',(1.997733895473,16.635421060002));
#156 = CARTESIAN_POINT('',(1.92729694385,16.765118745972));
#157 = CARTESIAN_POINT('',(1.895178678283,16.817787093044));
#158 = CARTESIAN_POINT('',(1.861624163913,16.866026075711));
#159 = CARTESIAN_POINT('',(1.826687500688,16.909109881089));
#160 = CARTESIAN_POINT('',(1.790418398778,16.946279170199));
#161 = CARTESIAN_POINT('',(1.723672300817,17.00039220521));
#162 = CARTESIAN_POINT('',(1.69371290933,17.019991925511));
#163 = CARTESIAN_POINT('',(1.663171530423,17.035017688727));
#164 = CARTESIAN_POINT('',(1.632229035804,17.045124466046));
#165 = CARTESIAN_POINT('',(1.601062176821,17.050127784322));
#166 = CARTESIAN_POINT('',(1.538713114165,17.049868597051));
#167 = CARTESIAN_POINT('',(1.507631809532,17.044631615235));
#168 = CARTESIAN_POINT('',(1.476781607034,17.034322595307));
#169 = CARTESIAN_POINT('',(1.446336971848,17.019129218318));
#170 = CARTESIAN_POINT('',(1.416476492706,16.999397019641));
#171 = CARTESIAN_POINT('',(1.349715727808,16.944860011371));
#172 = CARTESIAN_POINT('',(1.313343822981,16.907330386842));
#173 = CARTESIAN_POINT('',(1.278315839819,16.863858834068));
#174 = CARTESIAN_POINT('',(1.244682500457,16.815212974006));
#175 = CARTESIAN_POINT('',(1.212498957436,16.76212696773));
#176 = CARTESIAN_POINT('',(1.141914784464,16.631407065474));
#177 = CARTESIAN_POINT('',(1.104431612708,16.550961085421));
#178 = CARTESIAN_POINT('',(1.069310368338,16.465068973107));
#179 = CARTESIAN_POINT('',(1.036518675044,16.374454444272));
#180 = CARTESIAN_POINT('',(1.006067524385,16.279551512535));
#181 = CARTESIAN_POINT('',(0.952613931314,16.090738270022));
#182 = CARTESIAN_POINT('',(0.929163666288,15.997479790998));
#183 = CARTESIAN_POINT('',(0.907814493057,15.901110224553));
#184 = CARTESIAN_POINT('',(0.888724780513,15.801881144126));
#185 = CARTESIAN_POINT('',(0.872085218183,15.699975072469));
#186 = CARTESIAN_POINT('',(0.845340345295,15.500008718857));
#187 = CARTESIAN_POINT('',(0.834781173304,15.402252881523));
#188 = CARTESIAN_POINT('',(0.826685753632,15.302876731608));
#189 = CARTESIAN_POINT('',(0.821220530766,15.20240861612));
#190 = CARTESIAN_POINT('',(0.81847784564,15.101305368308));
#191 = CARTESIAN_POINT('',(0.81847784564,15.));
#192 = ( GEOMETRIC_REPRESENTATION_CONTEXT(2) 
PARAMETRIC_REPRESENTATION_CONTEXT() REPRESENTATION_CONTEXT('2D SPACE',''
  ) );
#193 = PCURVE('',#194,#199);
#194 = CYLINDRICAL_SURFACE('',#195,2.05);
#195 = AXIS2_PLACEMENT_3D('',#196,#197,#198);
#196 = CARTESIAN_POINT('',(56.,-4.999999899922,15.));
#197 = DIRECTION('',(0.,1.,0.));
#198 = DIRECTION('',(1.,0.,0.));
#199 = DEFINITIONAL_REPRESENTATION('',(#200),#253);
#200 = B_SPLINE_CURVE_WITH_KNOTS('',6,(#201,#202,#203,#204,#205,#206,
    #207,#208,#209,#210,#211,#212,#213,#214,#215,#216,#217,#218,#219,
    #220,#221,#222,#223,#224,#225,#226,#227,#228,#229,#230,#231,#232,
    #233,#234,#235,#236,#237,#238,#239,#240,#241,#242,#243,#244,#245,
    #246,#247,#248,#249,#250,#251,#252),.UNSPECIFIED.,.F.,.F.,(7,5,5,5,5
    ,5,5,5,5,5,7),(0.,0.100893549691,0.213236101572,0.33453959824,
    0.427861266619,0.500379111742,0.572719459683,0.666410367394,
    0.788287608503,0.898891629408,1.),.UNSPECIFIED.);
#201 = CARTESIAN_POINT('',(3.141592360907,12.190319611381));
#202 = CARTESIAN_POINT('',(3.190903560864,12.19031958369));
#203 = CARTESIAN_POINT('',(3.240116821231,12.195917985288));
#204 = CARTESIAN_POINT('',(3.289238184343,12.207073692321));
#205 = CARTESIAN_POINT('',(3.338256362046,12.223477018688));
#206 = CARTESIAN_POINT('',(3.387123626964,12.244548694825));
#207 = CARTESIAN_POINT('',(3.489800577787,12.297298743243));
#208 = CARTESIAN_POINT('',(3.543611491914,12.329945083399));
#209 = CARTESIAN_POINT('',(3.597341464755,12.366591309408));
#210 = CARTESIAN_POINT('',(3.65116120266,12.406348747219));
#211 = CARTESIAN_POINT('',(3.705226003646,12.4483473164));
#212 = CARTESIAN_POINT('',(3.818511474018,12.538581904705));
#213 = CARTESIAN_POINT('',(3.87785054055,12.587088990734));
#214 = CARTESIAN_POINT('',(3.938052489243,12.636294866452));
#215 = CARTESIAN_POINT('',(3.99943921394,12.685252694957));
#216 = CARTESIAN_POINT('',(4.062326768637,12.732903512789));
#217 = CARTESIAN_POINT('',(4.176841004135,12.81267970474));
#218 = CARTESIAN_POINT('',(4.227831737294,12.845929688826));
#219 = CARTESIAN_POINT('',(4.280028881684,12.877049575299));
#220 = CARTESIAN_POINT('',(4.33345671623,12.905320606591));
#221 = CARTESIAN_POINT('',(4.38816247622,12.930015628765));
#222 = CARTESIAN_POINT('',(4.487786018261,12.966270452291));
#223 = CARTESIAN_POINT('',(4.532157650825,12.979527813276));
#224 = CARTESIAN_POINT('',(4.577119934303,12.989760900142));
#225 = CARTESIAN_POINT('',(4.622489152033,12.996668782315));
#226 = CARTESIAN_POINT('',(4.668097469402,13.000087319242));
#227 = CARTESIAN_POINT('',(4.759340046813,12.999910208031));
#228 = CARTESIAN_POINT('',(4.804826851031,12.996331988271));
#229 = CARTESIAN_POINT('',(4.850067694509,12.989286996463));
#230 = CARTESIAN_POINT('',(4.894897196052,12.978942178133));
#231 = CARTESIAN_POINT('',(4.939134057498,12.96559894574));
#232 = CARTESIAN_POINT('',(5.038809925245,12.929071223739));
#233 = CARTESIAN_POINT('',(5.093694311853,12.90414707876));
#234 = CARTESIAN_POINT('',(5.147293025531,12.875637467631));
#235 = CARTESIAN_POINT('',(5.199653000209,12.8442784036));
#236 = CARTESIAN_POINT('',(5.250797876718,12.81079736219));
#237 = CARTESIAN_POINT('',(5.365694226977,12.730492320551));
#238 = CARTESIAN_POINT('',(5.428812408556,12.68254203812));
#239 = CARTESIAN_POINT('',(5.490427402042,12.633312607743));
#240 = CARTESIAN_POINT('',(5.550859579943,12.583873869045));
#241 = CARTESIAN_POINT('',(5.610435175385,12.535184372544));
#242 = CARTESIAN_POINT('',(5.723096543264,12.445599571458));
#243 = CARTESIAN_POINT('',(5.77631373844,12.404367395794));
#244 = CARTESIAN_POINT('',(5.829300616539,12.365339037605));
#245 = CARTESIAN_POINT('',(5.882204777731,12.329346489528));
#246 = CARTESIAN_POINT('',(5.935188564744,12.297238084541));
#247 = CARTESIAN_POINT('',(6.037129047207,12.244775367276));
#248 = CARTESIAN_POINT('',(6.08610031296,12.22361811177));
#249 = CARTESIAN_POINT('',(6.135223123965,12.207145708613));
#250 = CARTESIAN_POINT('',(6.184449452427,12.195942146331));
#251 = CARTESIAN_POINT('',(6.233768054347,12.190319611381));
#252 = CARTESIAN_POINT('',(6.28318530718,12.190319611381));
#253 = ( GEOMETRIC_REPRESENTATION_CONTEXT(2) 
PARAMETRIC_REPRESENTATION_CONTEXT() REPRESENTATION_CONTEXT('2D SPACE',''
  ) );
#254 = ORIENTED_EDGE('',*,*,#255,.T.);
#255 = EDGE_CURVE('',#81,#256,#258,.T.);
#256 = VERTEX_POINT('',#257);
#257 = CARTESIAN_POINT('',(53.949999999855,2.809680488833,15.));
#258 = SURFACE_CURVE('',#259,(#264,#271),.PCURVE_S1.);
#259 = CIRCLE('',#260,3.);
#260 = AXIS2_PLACEMENT_3D('',#261,#262,#263);
#261 = CARTESIAN_POINT('',(56.,5.000000100078,15.));
#262 = DIRECTION('',(0.,0.,1.));
#263 = DIRECTION('',(1.,0.,-0.));
#264 = PCURVE('',#32,#265);
#265 = DEFINITIONAL_REPRESENTATION('',(#266),#270);
#266 = LINE('',#267,#268);
#267 = CARTESIAN_POINT('',(0.,15.));
#268 = VECTOR('',#269,1.);
#269 = DIRECTION('',(1.,0.));
#270 = ( GEOMETRIC_REPRESENTATION_CONTEXT(2) 
PARAMETRIC_REPRESENTATION_CONTEXT() REPRESENTATION_CONTEXT('2D SPACE',''
  ) );
#271 = PCURVE('',#272,#277);
#272 = PLANE('',#273);
#273 = AXIS2_PLACEMENT_3D('',#274,#275,#276);
#274 = CARTESIAN_POINT('',(56.,5.000000100078,15.));
#275 = DIRECTION('',(0.,0.,1.));
#276 = DIRECTION('',(1.,0.,-0.));
#277 = DEFINITIONAL_REPRESENTATION('',(#278),#282);
#278 = CIRCLE('',#279,3.);
#279 = AXIS2_PLACEMENT_2D('',#280,#281);
#280 = CARTESIAN_POINT('',(0.,0.));
#281 = DIRECTION('',(1.,0.));
#282 = ( GEOMETRIC_REPRESENTATION_CONTEXT(2) 
PARAMETRIC_REPRESENTATION_CONTEXT() REPRESENTATION_CONTEXT('2D SPACE',''
  ) );
#283 = ORIENTED_EDGE('',*,*,#284,.T.);
#284 = EDGE_CURVE('',#256,#285,#287,.T.);
#285 = VERTEX_POINT('',#286);
#286 = CARTESIAN_POINT('',(58.05,2.809680488697,15.));
#287 = SURFACE_CURVE('',#288,(#341,#397),.PCURVE_S1.);
#288 = B_SPLINE_CURVE_WITH_KNOTS('',6,(#289,#290,#291,#292,#293,#294,
    #295,#296,#297,#298,#299,#300,#301,#302,#303,#304,#305,#306,#307,
    #308,#309,#310,#311,#312,#313,#314,#315,#316,#317,#318,#319,#320,
    #321,#322,#323,#324,#325,#326,#327,#328,#329,#330,#331,#332,#333,
    #334,#335,#336,#337,#338,#339,#340),.UNSPECIFIED.,.F.,.F.,(7,5,5,5,5
    ,5,5,5,5,5,7),(0.,0.100893549691,0.213236101573,0.334539598212,
    0.427861266594,0.500379111728,0.572719459679,0.666410367391,
    0.7882876085,0.898891629407,1.),.UNSPECIFIED.);
#289 = CARTESIAN_POINT('',(53.95,2.809680488697,14.9999994));
#290 = CARTESIAN_POINT('',(53.949999970413,2.809680516388,
    15.101087359913));
#291 = CARTESIAN_POINT('',(53.955981600169,2.80408211479,15.201974657752
    ));
#292 = CARTESIAN_POINT('',(53.967900782337,2.792926407757,
    15.302230466023));
#293 = CARTESIAN_POINT('',(53.985672725756,2.776523081389,15.4014005846)
  );
#294 = CARTESIAN_POINT('',(54.009156548683,2.755451405253,
    15.498960067472));
#295 = CARTESIAN_POINT('',(54.070175063875,2.702701356835,
    15.700409399467));
#296 = CARTESIAN_POINT('',(54.109043112701,2.670055016679,
    15.803898028655));
#297 = CARTESIAN_POINT('',(54.154447653164,2.633408790669,
    15.904623590722));
#298 = CARTESIAN_POINT('',(54.206306892876,2.593651352858,
    16.002396124323));
#299 = CARTESIAN_POINT('',(54.264585059384,2.551652783678,
    16.096952084219));
#300 = CARTESIAN_POINT('',(54.399163217373,2.461418195384,
    16.286218864514));
#301 = CARTESIAN_POINT('',(54.4765905452,2.412911109325,16.380425670656)
  );
#302 = CARTESIAN_POINT('',(54.561775261389,2.363705233627,
    16.470366725333));
#303 = CARTESIAN_POINT('',(54.65505362195,2.314747405138,16.555606020911
    ));
#304 = CARTESIAN_POINT('',(54.756817799457,2.267096587277,
    16.635421060021));
#305 = CARTESIAN_POINT('',(54.952491089846,2.187320395338,
    16.765118745972));
#306 = CARTESIAN_POINT('',(55.042990060802,2.154070411252,
    16.817787093044));
#307 = CARTESIAN_POINT('',(55.138843558819,2.122950524778,
    16.866026075711));
#308 = CARTESIAN_POINT('',(55.23991886686,2.094679493487,16.909109881089
    ));
#309 = CARTESIAN_POINT('',(55.346008492242,2.069984471313,
    16.946279170199));
#310 = CARTESIAN_POINT('',(55.542937317233,2.033729647785,
    17.000392205213));
#311 = CARTESIAN_POINT('',(55.631885094511,2.020472286803,
    17.019991925509));
#312 = CARTESIAN_POINT('',(55.723029012542,2.010239199937,
    17.035017688726));
#313 = CARTESIAN_POINT('',(55.815698481485,2.003331317762,
    17.045124466047));
#314 = CARTESIAN_POINT('',(55.909202491488,1.999912780836,
    17.050127784322));
#315 = CARTESIAN_POINT('',(56.096249595578,2.000089892047,
    17.049868597051));
#316 = CARTESIAN_POINT('',(56.189490314723,2.003668111806,
    17.044631615237));
#317 = CARTESIAN_POINT('',(56.28187090151,2.010713103616,17.034322595305
    ));
#318 = CARTESIAN_POINT('',(56.372709183796,2.021057921946,
    17.019129218316));
#319 = CARTESIAN_POINT('',(56.461343510844,2.034401154335,
    16.999397019645));
#320 = CARTESIAN_POINT('',(56.65826665092,2.070928876339,16.944860011371
    ));
#321 = CARTESIAN_POINT('',(56.764620594436,2.095853021317,
    16.907330386842));
#322 = CARTESIAN_POINT('',(56.86591472543,2.124362632447,16.863858834068
    ));
#323 = CARTESIAN_POINT('',(56.961939849726,2.155721696478,
    16.815212974006));
#324 = CARTESIAN_POINT('',(57.052562671931,2.189202737887,16.76212696773
    ));
#325 = CARTESIAN_POINT('',(57.24849691997,2.269507779526,16.631407065474
    ));
#326 = CARTESIAN_POINT('',(57.350371971522,2.317458061957,
    16.550961085421));
#327 = CARTESIAN_POINT('',(57.44369422992,2.366687492335,16.465068973106
    ));
#328 = CARTESIAN_POINT('',(57.528860717194,2.416126231032,
    16.374454444273));
#329 = CARTESIAN_POINT('',(57.606209106642,2.464815727533,
    16.279551512535));
#330 = CARTESIAN_POINT('',(57.739213403279,2.55440052862,16.090738270022
    ));
#331 = CARTESIAN_POINT('',(57.796262154326,2.595632704284,
    15.997479790999));
#332 = CARTESIAN_POINT('',(57.847088605704,2.634661062472,
    15.901110224553));
#333 = CARTESIAN_POINT('',(57.891655997716,2.670653610549,
    15.801881144126));
#334 = CARTESIAN_POINT('',(57.929884501048,2.702762015537,
    15.699975072469));
#335 = CARTESIAN_POINT('',(57.990590821389,2.755224732801,
    15.500008718857));
#336 = CARTESIAN_POINT('',(58.014174400824,2.776381988308,
    15.402252881523));
#337 = CARTESIAN_POINT('',(58.032022271775,2.792854391464,
    15.302876731608));
#338 = CARTESIAN_POINT('',(58.043992584827,2.804057953747,15.20240861612
    ));
#339 = CARTESIAN_POINT('',(58.05,2.809680488697,15.101305368308));
#340 = CARTESIAN_POINT('',(58.05,2.809680488697,15.));
#341 = PCURVE('',#32,#342);
#342 = DEFINITIONAL_REPRESENTATION('',(#343),#396);
#343 = B_SPLINE_CURVE_WITH_KNOTS('',6,(#344,#345,#346,#347,#348,#349,
    #350,#351,#352,#353,#354,#355,#356,#357,#358,#359,#360,#361,#362,
    #363,#364,#365,#366,#367,#368,#369,#370,#371,#372,#373,#374,#375,
    #376,#377,#378,#379,#380,#381,#382,#383,#384,#385,#386,#387,#388,
    #389,#390,#391,#392,#393,#394,#395),.UNSPECIFIED.,.F.,.F.,(7,5,5,5,5
    ,5,5,5,5,5,7),(0.,0.100893549691,0.213236101573,0.334539598212,
    0.427861266594,0.500379111728,0.572719459679,0.666410367391,
    0.7882876085,0.898891629407,1.),.UNSPECIFIED.);
#344 = CARTESIAN_POINT('',(3.960070499229,14.9999994));
#345 = CARTESIAN_POINT('',(3.960070485721,15.101087359913));
#346 = CARTESIAN_POINT('',(3.962801398768,15.201974657751));
#347 = CARTESIAN_POINT('',(3.968243276044,15.302230466024));
#348 = CARTESIAN_POINT('',(3.976304487045,15.4014005846));
#349 = CARTESIAN_POINT('',(3.9868198801,15.498960067472));
#350 = CARTESIAN_POINT('',(4.013706115332,15.700409399467));
#351 = CARTESIAN_POINT('',(4.030624180386,15.803898028655));
#352 = CARTESIAN_POINT('',(4.050067592471,15.904623590722));
#353 = CARTESIAN_POINT('',(4.071837129176,16.002396124323));
#354 = CARTESIAN_POINT('',(4.095768357536,16.096952084219));
#355 = CARTESIAN_POINT('',(4.149778193608,16.286218864513));
#356 = CARTESIAN_POINT('',(4.180219248765,16.380425670657));
#357 = CARTESIAN_POINT('',(4.212977369646,16.470366725332));
#358 = CARTESIAN_POINT('',(4.248043743935,16.555606020912));
#359 = CARTESIAN_POINT('',(4.285451411717,16.635421060021));
#360 = CARTESIAN_POINT('',(4.35588836333,16.765118745972));
#361 = CARTESIAN_POINT('',(4.388006628896,16.817787093044));
#362 = CARTESIAN_POINT('',(4.421561143266,16.866026075711));
#363 = CARTESIAN_POINT('',(4.456497806491,16.909109881089));
#364 = CARTESIAN_POINT('',(4.492766908401,16.946279170199));
#365 = CARTESIAN_POINT('',(4.559513006366,17.000392205213));
#366 = CARTESIAN_POINT('',(4.589472397849,17.019991925509));
#367 = CARTESIAN_POINT('',(4.620013776753,17.035017688726));
#368 = CARTESIAN_POINT('',(4.650956271375,17.045124466047));
#369 = CARTESIAN_POINT('',(4.682123130363,17.050127784322));
#370 = CARTESIAN_POINT('',(4.74447219301,17.049868597051));
#371 = CARTESIAN_POINT('',(4.775553497649,17.044631615236));
#372 = CARTESIAN_POINT('',(4.80640370015,17.034322595305));
#373 = CARTESIAN_POINT('',(4.836848335333,17.019129218316));
#374 = CARTESIAN_POINT('',(4.86670881447,16.999397019645));
#375 = CARTESIAN_POINT('',(4.933469579372,16.944860011371));
#376 = CARTESIAN_POINT('',(4.969841484199,16.907330386842));
#377 = CARTESIAN_POINT('',(5.004869467361,16.863858834068));
#378 = CARTESIAN_POINT('',(5.038502806723,16.815212974006));
#379 = CARTESIAN_POINT('',(5.070686349744,16.76212696773));
#380 = CARTESIAN_POINT('',(5.141270522716,16.631407065474));
#381 = CARTESIAN_POINT('',(5.178753694472,16.550961085421));
#382 = CARTESIAN_POINT('',(5.213874938842,16.465068973107));
#383 = CARTESIAN_POINT('',(5.246666632136,16.374454444273));
#384 = CARTESIAN_POINT('',(5.277117782795,16.279551512535));
#385 = CARTESIAN_POINT('',(5.330571375866,16.090738270022));
#386 = CARTESIAN_POINT('',(5.354021640892,15.997479790998));
#387 = CARTESIAN_POINT('',(5.375370814122,15.901110224553));
#388 = CARTESIAN_POINT('',(5.394460526666,15.801881144126));
#389 = CARTESIAN_POINT('',(5.411100088996,15.699975072469));
#390 = CARTESIAN_POINT('',(5.437844961884,15.500008718857));
#391 = CARTESIAN_POINT('',(5.448404133876,15.402252881523));
#392 = CARTESIAN_POINT('',(5.456499553548,15.302876731608));
#393 = CARTESIAN_POINT('',(5.461964776414,15.20240861612));
#394 = CARTESIAN_POINT('',(5.46470746154,15.101305368308));
#395 = CARTESIAN_POINT('',(5.46470746154,15.));
#396 = ( GEOMETRIC_REPRESENTATION_CONTEXT(2) 
PARAMETRIC_REPRESENTATION_CONTEXT() REPRESENTATION_CONTEXT('2D SPACE',''
  ) );
#397 = PCURVE('',#194,#398);
#398 = DEFINITIONAL_REPRESENTATION('',(#399),#452);
#399 = B_SPLINE_CURVE_WITH_KNOTS('',6,(#400,#401,#402,#403,#404,#405,
    #406,#407,#408,#409,#410,#411,#412,#413,#414,#415,#416,#417,#418,
    #419,#420,#421,#422,#423,#424,#425,#426,#427,#428,#429,#430,#431,
    #432,#433,#434,#435,#436,#437,#438,#439,#440,#441,#442,#443,#444,
    #445,#446,#447,#448,#449,#450,#451),.UNSPECIFIED.,.F.,.F.,(7,5,5,5,5
    ,5,5,5,5,5,7),(0.,0.100893549691,0.213236101573,0.334539598212,
    0.427861266594,0.500379111728,0.572719459679,0.666410367391,
    0.7882876085,0.898891629407,1.),.UNSPECIFIED.);
#400 = CARTESIAN_POINT('',(3.141592360907,7.809680388619));
#401 = CARTESIAN_POINT('',(3.190903560864,7.80968041631));
#402 = CARTESIAN_POINT('',(3.240116821231,7.804082014712));
#403 = CARTESIAN_POINT('',(3.289238184343,7.792926307679));
#404 = CARTESIAN_POINT('',(3.338256362046,7.776522981312));
#405 = CARTESIAN_POINT('',(3.387123626964,7.755451305175));
#406 = CARTESIAN_POINT('',(3.489800577787,7.702701256757));
#407 = CARTESIAN_POINT('',(3.543611491914,7.670054916601));
#408 = CARTESIAN_POINT('',(3.597341464755,7.633408690592));
#409 = CARTESIAN_POINT('',(3.65116120266,7.59365125278));
#410 = CARTESIAN_POINT('',(3.705226003646,7.5516526836));
#411 = CARTESIAN_POINT('',(3.818511474004,7.461418095306));
#412 = CARTESIAN_POINT('',(3.877850540573,7.412911009248));
#413 = CARTESIAN_POINT('',(3.938052489244,7.363705133549));
#414 = CARTESIAN_POINT('',(3.999439213914,7.31474730506));
#415 = CARTESIAN_POINT('',(4.062326768654,7.267096487199));
#416 = CARTESIAN_POINT('',(4.176841004135,7.18732029526));
#417 = CARTESIAN_POINT('',(4.227831737294,7.154070311174));
#418 = CARTESIAN_POINT('',(4.280028881684,7.122950424701));
#419 = CARTESIAN_POINT('',(4.33345671623,7.094679393409));
#420 = CARTESIAN_POINT('',(4.38816247622,7.069984371235));
#421 = CARTESIAN_POINT('',(4.487786018267,7.033729547707));
#422 = CARTESIAN_POINT('',(4.532157650823,7.020472186725));
#423 = CARTESIAN_POINT('',(4.577119934297,7.010239099859));
#424 = CARTESIAN_POINT('',(4.622489152031,7.003331217684));
#425 = CARTESIAN_POINT('',(4.668097469409,6.999912680758));
#426 = CARTESIAN_POINT('',(4.759340046806,7.000089791969));
#427 = CARTESIAN_POINT('',(4.804826851032,7.003668011728));
#428 = CARTESIAN_POINT('',(4.850067694516,7.010713003539));
#429 = CARTESIAN_POINT('',(4.894897196054,7.021057821869));
#430 = CARTESIAN_POINT('',(4.939134057492,7.034401054257));
#431 = CARTESIAN_POINT('',(5.038809925245,7.070928776261));
#432 = CARTESIAN_POINT('',(5.093694311853,7.09585292124));
#433 = CARTESIAN_POINT('',(5.147293025531,7.124362532369));
#434 = CARTESIAN_POINT('',(5.199653000209,7.1557215964));
#435 = CARTESIAN_POINT('',(5.250797876718,7.18920263781));
#436 = CARTESIAN_POINT('',(5.365694226977,7.269507679449));
#437 = CARTESIAN_POINT('',(5.428812408556,7.31745796188));
#438 = CARTESIAN_POINT('',(5.490427402042,7.366687392257));
#439 = CARTESIAN_POINT('',(5.550859579943,7.416126130955));
#440 = CARTESIAN_POINT('',(5.610435175385,7.464815627456));
#441 = CARTESIAN_POINT('',(5.723096543265,7.554400428543));
#442 = CARTESIAN_POINT('',(5.77631373844,7.595632604206));
#443 = CARTESIAN_POINT('',(5.829300616539,7.634660962395));
#444 = CARTESIAN_POINT('',(5.882204777731,7.670653510471));
#445 = CARTESIAN_POINT('',(5.935188564744,7.702761915459));
#446 = CARTESIAN_POINT('',(6.037129047207,7.755224632724));
#447 = CARTESIAN_POINT('',(6.08610031296,7.77638188823));
#448 = CARTESIAN_POINT('',(6.135223123965,7.792854291387));
#449 = CARTESIAN_POINT('',(6.184449452427,7.804057853669));
#450 = CARTESIAN_POINT('',(6.233768054347,7.809680388619));
#451 = CARTESIAN_POINT('',(6.28318530718,7.809680388619));
#452 = ( GEOMETRIC_REPRESENTATION_CONTEXT(2) 
PARAMETRIC_REPRESENTATION_CONTEXT() REPRESENTATION_CONTEXT('2D SPACE',''
  ) );
#453 = ORIENTED_EDGE('',*,*,#454,.T.);
#454 = EDGE_CURVE('',#285,#22,#455,.T.);
#455 = SURFACE_CURVE('',#456,(#461,#468),.PCURVE_S1.);
#456 = CIRCLE('',#457,3.);
#457 = AXIS2_PLACEMENT_3D('',#458,#459,#460);
#458 = CARTESIAN_POINT('',(56.,5.000000100078,15.));
#459 = DIRECTION('',(0.,0.,1.));
#460 = DIRECTION('',(1.,0.,-0.));
#461 = PCURVE('',#32,#462);
#462 = DEFINITIONAL_REPRESENTATION('',(#463),#467);
#463 = LINE('',#464,#465);
#464 = CARTESIAN_POINT('',(0.,15.));
#465 = VECTOR('',#466,1.);
#466 = DIRECTION('',(1.,0.));
#467 = ( GEOMETRIC_REPRESENTATION_CONTEXT(2) 
PARAMETRIC_REPRESENTATION_CONTEXT() REPRESENTATION_CONTEXT('2D SPACE',''
  ) );
#468 = PCURVE('',#68,#469);
#469 = DEFINITIONAL_REPRESENTATION('',(#470),#474);
#470 = CIRCLE('',#471,3.);
#471 = AXIS2_PLACEMENT_2D('',#472,#473);
#472 = CARTESIAN_POINT('',(0.,0.));
#473 = DIRECTION('',(1.,0.));
#474 = ( GEOMETRIC_REPRESENTATION_CONTEXT(2) 
PARAMETRIC_REPRESENTATION_CONTEXT() REPRESENTATION_CONTEXT('2D SPACE',''
  ) );
#475 = ORIENTED_EDGE('',*,*,#21,.T.);
#476 = ORIENTED_EDGE('',*,*,#477,.F.);
#477 = EDGE_CURVE('',#24,#24,#478,.T.);
#478 = SURFACE_CURVE('',#479,(#484,#491),.PCURVE_S1.);
#479 = CIRCLE('',#480,3.);
#480 = AXIS2_PLACEMENT_3D('',#481,#482,#483);
#481 = CARTESIAN_POINT('',(56.,5.000000100078,22.));
#482 = DIRECTION('',(0.,0.,1.));
#483 = DIRECTION('',(1.,0.,-0.));
#484 = PCURVE('',#32,#485);
#485 = DEFINITIONAL_REPRESENTATION('',(#486),#490);
#486 = LINE('',#487,#488);
#487 = CARTESIAN_POINT('',(0.,22.));
#488 = VECTOR('',#489,1.);
#489 = DIRECTION('',(1.,0.));
#490 = ( GEOMETRIC_REPRESENTATION_CONTEXT(2) 
PARAMETRIC_REPRESENTATION_CONTEXT() REPRESENTATION_CONTEXT('2D SPACE',''
  ) );
#491 = PCURVE('',#492,#497);
#492 = PLANE('',#493);
#493 = AXIS2_PLACEMENT_3D('',#494,#495,#496);
#494 = CARTESIAN_POINT('',(56.,5.000000100078,22.));
#495 = DIRECTION('',(0.,0.,1.));
#496 = DIRECTION('',(1.,0.,-0.));
#497 = DEFINITIONAL_REPRESENTATION('',(#498),#502);
#498 = CIRCLE('',#499,3.);
#499 = AXIS2_PLACEMENT_2D('',#500,#501);
#500 = CARTESIAN_POINT('',(0.,0.));
#501 = DIRECTION('',(1.,0.));
#502 = ( GEOMETRIC_REPRESENTATION_CONTEXT(2) 
PARAMETRIC_REPRESENTATION_CONTEXT() REPRESENTATION_CONTEXT('2D SPACE',''
  ) );
#503 = ADVANCED_FACE('',(#504,#535),#492,.F.);
#504 = FACE_BOUND('',#505,.F.);
#505 = EDGE_LOOP('',(#506));
#506 = ORIENTED_EDGE('',*,*,#507,.T.);
#507 = EDGE_CURVE('',#508,#508,#510,.T.);
#508 = VERTEX_POINT('',#509);
#509 = CARTESIAN_POINT('',(60.,5.000000100078,22.));
#510 = SURFACE_CURVE('',#511,(#516,#523),.PCURVE_S1.);
#511 = CIRCLE('',#512,4.);
#512 = AXIS2_PLACEMENT_3D('',#513,#514,#515);
#513 = CARTESIAN_POINT('',(56.,5.000000100078,22.));
#514 = DIRECTION('',(0.,0.,1.));
#515 = DIRECTION('',(1.,0.,-0.));
#516 = PCURVE('',#492,#517);
#517 = DEFINITIONAL_REPRESENTATION('',(#518),#522);
#518 = CIRCLE('',#519,4.);
#519 = AXIS2_PLACEMENT_2D('',#520,#521);
#520 = CARTESIAN_POINT('',(0.,0.));
#521 = DIRECTION('',(1.,0.));
#522 = ( GEOMETRIC_REPRESENTATION_CONTEXT(2) 
PARAMETRIC_REPRESENTATION_CONTEXT() REPRESENTATION_CONTEXT('2D SPACE',''
  ) );
#523 = PCURVE('',#524,#529);
#524 = CYLINDRICAL_SURFACE('',#525,4.);
#525 = AXIS2_PLACEMENT_3D('',#526,#527,#528);
#526 = CARTESIAN_POINT('',(56.,5.000000100078,22.));
#527 = DIRECTION('',(0.,0.,1.));
#528 = DIRECTION('',(1.,0.,-0.));
#529 = DEFINITIONAL_REPRESENTATION('',(#530),#534);
#530 = LINE('',#531,#532);
#531 = CARTESIAN_POINT('',(0.,0.));
#532 = VECTOR('',#533,1.);
#533 = DIRECTION('',(1.,0.));
#534 = ( GEOMETRIC_REPRESENTATION_CONTEXT(2) 
PARAMETRIC_REPRESENTATION_CONTEXT() REPRESENTATION_CONTEXT('2D SPACE',''
  ) );
#535 = FACE_BOUND('',#536,.F.);
#536 = EDGE_LOOP('',(#537));
#537 = ORIENTED_EDGE('',*,*,#477,.F.);
#538 = ADVANCED_FACE('',(#539),#68,.T.);
#539 = FACE_BOUND('',#540,.T.);
#540 = EDGE_LOOP('',(#541,#572,#596,#617,#618,#619));
#541 = ORIENTED_EDGE('',*,*,#542,.T.);
#542 = EDGE_CURVE('',#543,#545,#547,.T.);
#543 = VERTEX_POINT('',#544);
#544 = CARTESIAN_POINT('',(58.05,0.439572488548,15.));
#545 = VERTEX_POINT('',#546);
#546 = CARTESIAN_POINT('',(61.,5.000000100078,15.));
#547 = SURFACE_CURVE('',#548,(#553,#560),.PCURVE_S1.);
#548 = CIRCLE('',#549,5.);
#549 = AXIS2_PLACEMENT_3D('',#550,#551,#552);
#550 = CARTESIAN_POINT('',(56.,5.000000100078,15.));
#551 = DIRECTION('',(0.,0.,1.));
#552 = DIRECTION('',(1.,0.,-0.));
#553 = PCURVE('',#68,#554);
#554 = DEFINITIONAL_REPRESENTATION('',(#555),#559);
#555 = CIRCLE('',#556,5.);
#556 = AXIS2_PLACEMENT_2D('',#557,#558);
#557 = CARTESIAN_POINT('',(0.,0.));
#558 = DIRECTION('',(1.,0.));
#559 = ( GEOMETRIC_REPRESENTATION_CONTEXT(2) 
PARAMETRIC_REPRESENTATION_CONTEXT() REPRESENTATION_CONTEXT('2D SPACE',''
  ) );
#560 = PCURVE('',#561,#566);
#561 = CYLINDRICAL_SURFACE('',#562,5.);
#562 = AXIS2_PLACEMENT_3D('',#563,#564,#565);
#563 = CARTESIAN_POINT('',(56.,5.000000100078,7.));
#564 = DIRECTION('',(0.,0.,1.));
#565 = DIRECTION('',(1.,0.,-0.));
#566 = DEFINITIONAL_REPRESENTATION('',(#567),#571);
#567 = LINE('',#568,#569);
#568 = CARTESIAN_POINT('',(0.,8.));
#569 = VECTOR('',#570,1.);
#570 = DIRECTION('',(1.,0.));
#571 = ( GEOMETRIC_REPRESENTATION_CONTEXT(2) 
PARAMETRIC_REPRESENTATION_CONTEXT() REPRESENTATION_CONTEXT('2D SPACE',''
  ) );
#572 = ORIENTED_EDGE('',*,*,#573,.T.);
#573 = EDGE_CURVE('',#545,#574,#576,.T.);
#574 = VERTEX_POINT('',#575);
#575 = CARTESIAN_POINT('',(58.05,9.560427711607,15.));
#576 = SURFACE_CURVE('',#577,(#582,#589),.PCURVE_S1.);
#577 = CIRCLE('',#578,5.);
#578 = AXIS2_PLACEMENT_3D('',#579,#580,#581);
#579 = CARTESIAN_POINT('',(56.,5.000000100078,15.));
#580 = DIRECTION('',(0.,0.,1.));
#581 = DIRECTION('',(1.,0.,-0.));
#582 = PCURVE('',#68,#583);
#583 = DEFINITIONAL_REPRESENTATION('',(#584),#588);
#584 = CIRCLE('',#585,5.);
#585 = AXIS2_PLACEMENT_2D('',#586,#587);
#586 = CARTESIAN_POINT('',(0.,0.));
#587 = DIRECTION('',(1.,0.));
#588 = ( GEOMETRIC_REPRESENTATION_CONTEXT(2) 
PARAMETRIC_REPRESENTATION_CONTEXT() REPRESENTATION_CONTEXT('2D SPACE',''
  ) );
#589 = PCURVE('',#561,#590);
#590 = DEFINITIONAL_REPRESENTATION('',(#591),#595);
#591 = LINE('',#592,#593);
#592 = CARTESIAN_POINT('',(0.,8.));
#593 = VECTOR('',#594,1.);
#594 = DIRECTION('',(1.,0.));
#595 = ( GEOMETRIC_REPRESENTATION_CONTEXT(2) 
PARAMETRIC_REPRESENTATION_CONTEXT() REPRESENTATION_CONTEXT('2D SPACE',''
  ) );
#596 = ORIENTED_EDGE('',*,*,#597,.F.);
#597 = EDGE_CURVE('',#52,#574,#598,.T.);
#598 = SURFACE_CURVE('',#599,(#603,#610),.PCURVE_S1.);
#599 = LINE('',#600,#601);
#600 = CARTESIAN_POINT('',(58.05,-4.999999899922,15.));
#601 = VECTOR('',#602,1.);
#602 = DIRECTION('',(0.,1.,0.));
#603 = PCURVE('',#68,#604);
#604 = DEFINITIONAL_REPRESENTATION('',(#605),#609);
#605 = LINE('',#606,#607);
#606 = CARTESIAN_POINT('',(2.05,-10.));
#607 = VECTOR('',#608,1.);
#608 = DIRECTION('',(0.,1.));
#609 = ( GEOMETRIC_REPRESENTATION_CONTEXT(2) 
PARAMETRIC_REPRESENTATION_CONTEXT() REPRESENTATION_CONTEXT('2D SPACE',''
  ) );
#610 = PCURVE('',#194,#611);
#611 = DEFINITIONAL_REPRESENTATION('',(#612),#616);
#612 = LINE('',#613,#614);
#613 = CARTESIAN_POINT('',(0.,-0.));
#614 = VECTOR('',#615,1.);
#615 = DIRECTION('',(0.,1.));
#616 = ( GEOMETRIC_REPRESENTATION_CONTEXT(2) 
PARAMETRIC_REPRESENTATION_CONTEXT() REPRESENTATION_CONTEXT('2D SPACE',''
  ) );
#617 = ORIENTED_EDGE('',*,*,#51,.F.);
#618 = ORIENTED_EDGE('',*,*,#454,.F.);
#619 = ORIENTED_EDGE('',*,*,#620,.F.);
#620 = EDGE_CURVE('',#543,#285,#621,.T.);
#621 = SURFACE_CURVE('',#622,(#626,#633),.PCURVE_S1.);
#622 = LINE('',#623,#624);
#623 = CARTESIAN_POINT('',(58.05,-4.999999899922,15.));
#624 = VECTOR('',#625,1.);
#625 = DIRECTION('',(0.,1.,0.));
#626 = PCURVE('',#68,#627);
#627 = DEFINITIONAL_REPRESENTATION('',(#628),#632);
#628 = LINE('',#629,#630);
#629 = CARTESIAN_POINT('',(2.05,-10.));
#630 = VECTOR('',#631,1.);
#631 = DIRECTION('',(0.,1.));
#632 = ( GEOMETRIC_REPRESENTATION_CONTEXT(2) 
PARAMETRIC_REPRESENTATION_CONTEXT() REPRESENTATION_CONTEXT('2D SPACE',''
  ) );
#633 = PCURVE('',#194,#634);
#634 = DEFINITIONAL_REPRESENTATION('',(#635),#639);
#635 = LINE('',#636,#637);
#636 = CARTESIAN_POINT('',(0.,-0.));
#637 = VECTOR('',#638,1.);
#638 = DIRECTION('',(0.,1.));
#639 = ( GEOMETRIC_REPRESENTATION_CONTEXT(2) 
PARAMETRIC_REPRESENTATION_CONTEXT() REPRESENTATION_CONTEXT('2D SPACE',''
  ) );
#640 = ADVANCED_FACE('',(#641),#194,.F.);
#641 = FACE_BOUND('',#642,.F.);
#642 = EDGE_LOOP('',(#643,#843,#844,#865,#866,#1066,#1087,#1088,#1089,
    #1090));
#643 = ORIENTED_EDGE('',*,*,#644,.F.);
#644 = EDGE_CURVE('',#574,#645,#647,.T.);
#645 = VERTEX_POINT('',#646);
#646 = CARTESIAN_POINT('',(53.949999999855,9.560427711542,15.));
#647 = SURFACE_CURVE('',#648,(#711,#777),.PCURVE_S1.);
#648 = B_SPLINE_CURVE_WITH_KNOTS('',6,(#649,#650,#651,#652,#653,#654,
    #655,#656,#657,#658,#659,#660,#661,#662,#663,#664,#665,#666,#667,
    #668,#669,#670,#671,#672,#673,#674,#675,#676,#677,#678,#679,#680,
    #681,#682,#683,#684,#685,#686,#687,#688,#689,#690,#691,#692,#693,
    #694,#695,#696,#697,#698,#699,#700,#701,#702,#703,#704,#705,#706,
    #707,#708,#709,#710),.UNSPECIFIED.,.F.,.F.,(7,5,5,5,5,5,5,5,5,5,5,5,
    7),(0.,9.516363617411E-02,0.259046655563,0.305958498516,
    0.367060932688,0.443994282014,0.554910917754,0.63338627774,
    0.69516725362,0.742304710973,0.904621645549,0.998195535692,1.),
  .UNSPECIFIED.);
#649 = CARTESIAN_POINT('',(58.05,9.560427711607,15.));
#650 = CARTESIAN_POINT('',(58.05,9.560427711607,14.908666204953));
#651 = CARTESIAN_POINT('',(58.045117035732,9.562622632428,
    14.817343410629));
#652 = CARTESIAN_POINT('',(58.035352941703,9.567011965842,14.72626543056
    ));
#653 = CARTESIAN_POINT('',(58.020706761962,9.573548381399,14.63567216138
    ));
#654 = CARTESIAN_POINT('',(58.001176369151,9.5821393099,14.545810459937)
  );
#655 = CARTESIAN_POINT('',(57.934712356448,9.610746639505,
    14.303881018257));
#656 = CARTESIAN_POINT('',(57.878215823498,9.634516305758,
    14.153903394736));
#657 = CARTESIAN_POINT('',(57.807225423358,9.66328060653,14.007967890315
    ));
#658 = CARTESIAN_POINT('',(57.721503307262,9.696072340074,
    13.867213656602));
#659 = CARTESIAN_POINT('',(57.620715668607,9.731608641272,
    13.733101508295));
#660 = CARTESIAN_POINT('',(57.471293947247,9.778756214819,
    13.571647466708));
#661 = CARTESIAN_POINT('',(57.43677272302,9.789342855896,13.536411876226
    ));
#662 = CARTESIAN_POINT('',(57.400972533541,9.799986283437,
    13.501915697961));
#663 = CARTESIAN_POINT('',(57.363883678938,9.810646386672,
    13.468207940314));
#664 = CARTESIAN_POINT('',(57.325497912121,9.821280230019,13.43534279028
    ));
#665 = CARTESIAN_POINT('',(57.234113103878,9.84559877329,13.361747740007
    ));
#666 = CARTESIAN_POINT('',(57.180193900907,9.859236585656,
    13.321636098816));
#667 = CARTESIAN_POINT('',(57.124051034107,9.872649917744,
    13.283190618533));
#668 = CARTESIAN_POINT('',(57.065692683994,9.885725717709,13.2465668932)
  );
#669 = CARTESIAN_POINT('',(57.005135658049,9.898344948541,
    13.211930720057));
#670 = CARTESIAN_POINT('',(56.86342392598,9.925542412715,13.138573423605
    ));
#671 = CARTESIAN_POINT('',(56.780896814173,9.939800504688,
    13.101066975486));
#672 = CARTESIAN_POINT('',(56.695083537037,9.952864406251,
    13.067423174629));
#673 = CARTESIAN_POINT('',(56.60628469383,9.964452837874,13.038071666689
    ));
#674 = CARTESIAN_POINT('',(56.51484023196,9.974312559647,13.013392680462
    ));
#675 = CARTESIAN_POINT('',(56.286018474946,9.993653889906,
    12.965361939518));
#676 = CARTESIAN_POINT('',(56.146262814248,10.001038771517,
    12.947425946958));
#677 = CARTESIAN_POINT('',(56.004086336918,10.003674718519,
    12.941126529513));
#678 = CARTESIAN_POINT('',(55.861865136284,10.001274545333,
    12.946857258974));
#679 = CARTESIAN_POINT('',(55.721976463368,9.99411084691,12.964246519565
    ));
#680 = CARTESIAN_POINT('',(55.490904489447,9.974942518852,
    13.011815529754));
#681 = CARTESIAN_POINT('',(55.397497098764,9.964971170625,
    13.036755627638));
#682 = CARTESIAN_POINT('',(55.306829311642,9.953191657543,
    13.066571363762));
#683 = CARTESIAN_POINT('',(55.219262684714,9.939872107586,
    13.100860581541));
#684 = CARTESIAN_POINT('',(55.135116252511,9.925311120524,
    13.139167703655));
#685 = CARTESIAN_POINT('',(54.99132634611,9.897625832215,13.213894581019
    ));
#686 = CARTESIAN_POINT('',(54.930211688504,9.884841994966,
    13.249016744052));
#687 = CARTESIAN_POINT('',(54.871345880017,9.87159680274,13.286162875439
    ));
#688 = CARTESIAN_POINT('',(54.814745371981,9.858012968201,
    13.325162296411));
#689 = CARTESIAN_POINT('',(54.760417716622,9.844206876758,
    13.365855127626));
#690 = CARTESIAN_POINT('',(54.668645146601,9.819666530298,
    13.440317279241));
#691 = CARTESIAN_POINT('',(54.630243567425,9.808977858013,
    13.473447449269));
#692 = CARTESIAN_POINT('',(54.593150387577,9.798267202245,
    13.507422490167));
#693 = CARTESIAN_POINT('',(54.557357082952,9.787577879339,
    13.542187876441));
#694 = CARTESIAN_POINT('',(54.522853738771,9.776950345249,
    13.577694305531));
#695 = CARTESIAN_POINT('',(54.375220466631,9.730168713013,
    13.738563387993));
#696 = CARTESIAN_POINT('',(54.275884711618,9.695065137652,
    13.871591422269));
#697 = CARTESIAN_POINT('',(54.191316454251,9.662682494813,
    14.011102646394));
#698 = CARTESIAN_POINT('',(54.121194401358,9.634262672761,
    14.155681861536));
#699 = CARTESIAN_POINT('',(54.065289589988,9.610744046914,
    14.304221614719));
#700 = CARTESIAN_POINT('',(53.999498993923,9.582431955639,
    14.543153777557));
#701 = CARTESIAN_POINT('',(53.980164049312,9.57393213264,14.631481440636
    ));
#702 = CARTESIAN_POINT('',(53.965550677284,9.567415295298,
    14.720522279574));
#703 = CARTESIAN_POINT('',(53.955656788204,9.562970383262,
    14.810041720824));
#704 = CARTESIAN_POINT('',(53.950481435206,9.56064412275,14.899811837543
    ));
#705 = CARTESIAN_POINT('',(53.950017550945,9.560435601064,
    14.991342211254));
#706 = CARTESIAN_POINT('',(53.95001053006,9.560432445066,14.993073882285
    ));
#707 = CARTESIAN_POINT('',(53.950005264523,9.560430078112,
    14.994805558355));
#708 = CARTESIAN_POINT('',(53.950001754334,9.560428500214,
    14.996537237783));
#709 = CARTESIAN_POINT('',(53.949999999493,9.560427711379,
    14.998268918891));
#710 = CARTESIAN_POINT('',(53.95,9.560427711607,15.0000006));
#711 = PCURVE('',#194,#712);
#712 = DEFINITIONAL_REPRESENTATION('',(#713),#776);
#713 = B_SPLINE_CURVE_WITH_KNOTS('',6,(#714,#715,#716,#717,#718,#719,
    #720,#721,#722,#723,#724,#725,#726,#727,#728,#729,#730,#731,#732,
    #733,#734,#735,#736,#737,#738,#739,#740,#741,#742,#743,#744,#745,
    #746,#747,#748,#749,#750,#751,#752,#753,#754,#755,#756,#757,#758,
    #759,#760,#761,#762,#763,#764,#765,#766,#767,#768,#769,#770,#771,
    #772,#773,#774,#775),.UNSPECIFIED.,.F.,.F.,(7,5,5,5,5,5,5,5,5,5,5,5,
    7),(0.,9.516363617411E-02,0.259046655563,0.305958498516,
    0.367060932688,0.443994282014,0.554910917754,0.63338627774,
    0.69516725362,0.742304710973,0.904621645549,0.998195535692,1.),
  .UNSPECIFIED.);
#714 = CARTESIAN_POINT('',(0.,14.560427611529));
#715 = CARTESIAN_POINT('',(4.455307075455E-02,14.560427611529));
#716 = CARTESIAN_POINT('',(8.910077631989E-02,14.562622532351));
#717 = CARTESIAN_POINT('',(0.133688235734,14.567011865764));
#718 = CARTESIAN_POINT('',(0.178357478777,14.573548281322));
#719 = CARTESIAN_POINT('',(0.223150168424,14.582139209823));
#720 = CARTESIAN_POINT('',(0.345537019359,14.610746539428));
#721 = CARTESIAN_POINT('',(0.423383952431,14.63451620568));
#722 = CARTESIAN_POINT('',(0.50203711136,14.663280506452));
#723 = CARTESIAN_POINT('',(0.581875771041,14.696072239996));
#724 = CARTESIAN_POINT('',(0.66328388758,14.731608541194));
#725 = CARTESIAN_POINT('',(0.770594595106,14.778756114741));
#726 = CARTESIAN_POINT('',(0.794647434746,14.789342755818));
#727 = CARTESIAN_POINT('',(0.818883665822,14.799986183359));
#728 = CARTESIAN_POINT('',(0.843315397783,14.810646286595));
#729 = CARTESIAN_POINT('',(0.867954581625,14.821280129941));
#730 = CARTESIAN_POINT('',(0.92519098485,14.845598673212));
#731 = CARTESIAN_POINT('',(0.957948709895,14.859236485578));
#732 = CARTESIAN_POINT('',(0.991102606978,14.872649817667));
#733 = CARTESIAN_POINT('',(1.024670133318,14.885725617631));
#734 = CARTESIAN_POINT('',(1.058670836512,14.898344848463));
#735 = CARTESIAN_POINT('',(1.136511271768,14.925542312638));
#736 = CARTESIAN_POINT('',(1.180673113191,14.939800404611));
#737 = CARTESIAN_POINT('',(1.225539493164,14.952864306173));
#738 = CARTESIAN_POINT('',(1.271056734669,14.964452737796));
#739 = CARTESIAN_POINT('',(1.317185522003,14.974312459569));
#740 = CARTESIAN_POINT('',(1.431238379864,14.993653789828));
#741 = CARTESIAN_POINT('',(1.499755154748,15.00103867144));
#742 = CARTESIAN_POINT('',(1.568811709102,15.003674618441));
#743 = CARTESIAN_POINT('',(1.637878068544,15.001274445255));
#744 = CARTESIAN_POINT('',(1.70642519089,14.994110746833));
#745 = CARTESIAN_POINT('',(1.821506899298,14.974942418775));
#746 = CARTESIAN_POINT('',(1.868588746163,14.964971070547));
#747 = CARTESIAN_POINT('',(1.915036151439,14.953191557465));
#748 = CARTESIAN_POINT('',(1.960807831056,14.939872007509));
#749 = CARTESIAN_POINT('',(2.005846992893,14.925311020447));
#750 = CARTESIAN_POINT('',(2.084894931846,14.897625732138));
#751 = CARTESIAN_POINT('',(2.119248574005,14.884841894889));
#752 = CARTESIAN_POINT('',(2.153160043578,14.871596702662));
#753 = CARTESIAN_POINT('',(2.186649768928,14.858012868123));
#754 = CARTESIAN_POINT('',(2.219736025138,14.844206776681));
#755 = CARTESIAN_POINT('',(2.277385433502,14.81966643022));
#756 = CARTESIAN_POINT('',(2.302114609495,14.808977757935));
#757 = CARTESIAN_POINT('',(2.326635601715,14.798267102168));
#758 = CARTESIAN_POINT('',(2.350960557837,14.787577779261));
#759 = CARTESIAN_POINT('',(2.37510176079,14.776950245171));
#760 = CARTESIAN_POINT('',(2.481611411561,14.730168612935));
#761 = CARTESIAN_POINT('',(2.562185312982,14.695065037574));
#762 = CARTESIAN_POINT('',(2.641229807253,14.662682394735));
#763 = CARTESIAN_POINT('',(2.719117330857,14.634262572684));
#764 = CARTESIAN_POINT('',(2.796215578411,14.610743946836));
#765 = CARTESIAN_POINT('',(2.917105576609,14.582431855561));
#766 = CARTESIAN_POINT('',(2.961150072134,14.573932032563));
#767 = CARTESIAN_POINT('',(3.005074051092,14.567415195221));
#768 = CARTESIAN_POINT('',(3.048917261013,14.562970283184));
#769 = CARTESIAN_POINT('',(3.092719794961,14.560644022672));
#770 = CARTESIAN_POINT('',(3.137369331159,14.560435500987));
#771 = CARTESIAN_POINT('',(3.138214055244,14.560432344988));
#772 = CARTESIAN_POINT('',(3.139058778532,14.560429978034));
#773 = CARTESIAN_POINT('',(3.139903501289,14.560428400137));
#774 = CARTESIAN_POINT('',(3.14074822378,14.560427611302));
#775 = CARTESIAN_POINT('',(3.141592946273,14.560427611529));
#776 = ( GEOMETRIC_REPRESENTATION_CONTEXT(2) 
PARAMETRIC_REPRESENTATION_CONTEXT() REPRESENTATION_CONTEXT('2D SPACE',''
  ) );
#777 = PCURVE('',#561,#778);
#778 = DEFINITIONAL_REPRESENTATION('',(#779),#842);
#779 = B_SPLINE_CURVE_WITH_KNOTS('',6,(#780,#781,#782,#783,#784,#785,
    #786,#787,#788,#789,#790,#791,#792,#793,#794,#795,#796,#797,#798,
    #799,#800,#801,#802,#803,#804,#805,#806,#807,#808,#809,#810,#811,
    #812,#813,#814,#815,#816,#817,#818,#819,#820,#821,#822,#823,#824,
    #825,#826,#827,#828,#829,#830,#831,#832,#833,#834,#835,#836,#837,
    #838,#839,#840,#841),.UNSPECIFIED.,.F.,.F.,(7,5,5,5,5,5,5,5,5,5,5,5,
    7),(0.,9.516363617411E-02,0.259046655563,0.305958498516,
    0.367060932688,0.443994282014,0.554910917754,0.63338627774,
    0.69516725362,0.742304710973,0.904621645549,0.998195535692,1.),
  .UNSPECIFIED.);
#780 = CARTESIAN_POINT('',(1.148342264608,8.));
#781 = CARTESIAN_POINT('',(1.148342264608,7.908666204953));
#782 = CARTESIAN_POINT('',(1.149412974511,7.817343410629));
#783 = CARTESIAN_POINT('',(1.151554065387,7.726265430561));
#784 = CARTESIAN_POINT('',(1.154761736345,7.63567216138));
#785 = CARTESIAN_POINT('',(1.159028883341,7.545810459937));
#786 = CARTESIAN_POINT('',(1.173500710167,7.303881018257));
#787 = CARTESIAN_POINT('',(1.185758934497,7.153903394737));
#788 = CARTESIAN_POINT('',(1.201076085274,7.007967890315));
#789 = CARTESIAN_POINT('',(1.219425409193,6.867213656602));
#790 = CARTESIAN_POINT('',(1.240787331904,6.733101508295));
#791 = CARTESIAN_POINT('',(1.272124048073,6.571647466708));
#792 = CARTESIAN_POINT('',(1.279345434315,6.536411876226));
#793 = CARTESIAN_POINT('',(1.286814765758,6.501915697961));
#794 = CARTESIAN_POINT('',(1.294532325805,6.468207940314));
#795 = CARTESIAN_POINT('',(1.30249821843,6.43534279028));
#796 = CARTESIAN_POINT('',(1.321411255969,6.361747740007));
#797 = CARTESIAN_POINT('',(1.332533843833,6.321636098816));
#798 = CARTESIAN_POINT('',(1.344076863958,6.283190618533));
#799 = CARTESIAN_POINT('',(1.35603600337,6.2465668932));
#800 = CARTESIAN_POINT('',(1.368406030304,6.211930720057));
#801 = CARTESIAN_POINT('',(1.397265633256,6.138573423605));
#802 = CARTESIAN_POINT('',(1.414012722368,6.101066975486));
#803 = CARTESIAN_POINT('',(1.431367662399,6.067423174629));
#804 = CARTESIAN_POINT('',(1.449271569216,6.038071666689));
#805 = CARTESIAN_POINT('',(1.467661544607,6.013392680462));
#806 = CARTESIAN_POINT('',(1.513589089082,5.965361939518));
#807 = CARTESIAN_POINT('',(1.541565347729,5.947425946959));
#808 = CARTESIAN_POINT('',(1.569979680365,5.941126529513));
#809 = CARTESIAN_POINT('',(1.598402070297,5.946857258974));
#810 = CARTESIAN_POINT('',(1.626402527288,5.964246519565));
#811 = CARTESIAN_POINT('',(1.672775658273,6.011815529754));
#812 = CARTESIAN_POINT('',(1.691558032761,6.036755627638));
#813 = CARTESIAN_POINT('',(1.709837115365,6.066571363762));
#814 = CARTESIAN_POINT('',(1.727546088046,6.100860581541));
#815 = CARTESIAN_POINT('',(1.744622467664,6.139167703655));
#816 = CARTESIAN_POINT('',(1.773908650325,6.213894581019));
#817 = CARTESIAN_POINT('',(1.786394531112,6.249016744052));
#818 = CARTESIAN_POINT('',(1.79846006624,6.286162875438));
#819 = CARTESIAN_POINT('',(1.810100001053,6.325162296411));
#820 = CARTESIAN_POINT('',(1.821310026998,6.365855127626));
#821 = CARTESIAN_POINT('',(1.840309430371,6.440317279241));
#822 = CARTESIAN_POINT('',(1.848281303012,6.473447449269));
#823 = CARTESIAN_POINT('',(1.856002492088,6.507422490167));
#824 = CARTESIAN_POINT('',(1.863473124919,6.542187876441));
#825 = CARTESIAN_POINT('',(1.870693496289,6.577694305531));
#826 = CARTESIAN_POINT('',(1.901667100637,6.738563387993));
#827 = CARTESIAN_POINT('',(1.922726922763,6.871591422269));
#828 = CARTESIAN_POINT('',(1.940831728938,7.011102646394));
#829 = CARTESIAN_POINT('',(1.955962112206,7.155681861536));
#830 = CARTESIAN_POINT('',(1.968091790827,7.304221614719));
#831 = CARTESIAN_POINT('',(1.982416562438,7.543153777557));
#832 = CARTESIAN_POINT('',(1.986640597464,7.631481440637));
#833 = CARTESIAN_POINT('',(1.9898406814,7.720522279574));
#834 = CARTESIAN_POINT('',(1.992010003817,7.810041720824));
#835 = CARTESIAN_POINT('',(1.993144821252,7.899811837543));
#836 = CARTESIAN_POINT('',(1.993246540454,7.991342211254));
#837 = CARTESIAN_POINT('',(1.993248079975,7.993073882285));
#838 = CARTESIAN_POINT('',(1.993249234589,7.994805558355));
#839 = CARTESIAN_POINT('',(1.993250004295,7.996537237783));
#840 = CARTESIAN_POINT('',(1.993250389093,7.998268918891));
#841 = CARTESIAN_POINT('',(1.993250388982,8.0000006));
#842 = ( GEOMETRIC_REPRESENTATION_CONTEXT(2) 
PARAMETRIC_REPRESENTATION_CONTEXT() REPRESENTATION_CONTEXT('2D SPACE',''
  ) );
#843 = ORIENTED_EDGE('',*,*,#597,.F.);
#844 = ORIENTED_EDGE('',*,*,#845,.F.);
#845 = EDGE_CURVE('',#285,#52,#846,.T.);
#846 = SEAM_CURVE('',#847,(#851,#858),.PCURVE_S1.);
#847 = LINE('',#848,#849);
#848 = CARTESIAN_POINT('',(58.05,-4.999999899922,15.));
#849 = VECTOR('',#850,1.);
#850 = DIRECTION('',(0.,1.,0.));
#851 = PCURVE('',#194,#852);
#852 = DEFINITIONAL_REPRESENTATION('',(#853),#857);
#853 = LINE('',#854,#855);
#854 = CARTESIAN_POINT('',(6.28318530718,-0.));
#855 = VECTOR('',#856,1.);
#856 = DIRECTION('',(0.,1.));
#857 = ( GEOMETRIC_REPRESENTATION_CONTEXT(2) 
PARAMETRIC_REPRESENTATION_CONTEXT() REPRESENTATION_CONTEXT('2D SPACE',''
  ) );
#858 = PCURVE('',#194,#859);
#859 = DEFINITIONAL_REPRESENTATION('',(#860),#864);
#860 = LINE('',#861,#862);
#861 = CARTESIAN_POINT('',(0.,-0.));
#862 = VECTOR('',#863,1.);
#863 = DIRECTION('',(0.,1.));
#864 = ( GEOMETRIC_REPRESENTATION_CONTEXT(2) 
PARAMETRIC_REPRESENTATION_CONTEXT() REPRESENTATION_CONTEXT('2D SPACE',''
  ) );
#865 = ORIENTED_EDGE('',*,*,#620,.F.);
#866 = ORIENTED_EDGE('',*,*,#867,.T.);
#867 = EDGE_CURVE('',#543,#868,#870,.T.);
#868 = VERTEX_POINT('',#869);
#869 = CARTESIAN_POINT('',(53.949999999855,0.439572488614,15.));
#870 = SURFACE_CURVE('',#871,(#934,#1000),.PCURVE_S1.);
#871 = B_SPLINE_CURVE_WITH_KNOTS('',6,(#872,#873,#874,#875,#876,#877,
    #878,#879,#880,#881,#882,#883,#884,#885,#886,#887,#888,#889,#890,
    #891,#892,#893,#894,#895,#896,#897,#898,#899,#900,#901,#902,#903,
    #904,#905,#906,#907,#908,#909,#910,#911,#912,#913,#914,#915,#916,
    #917,#918,#919,#920,#921,#922,#923,#924,#925,#926,#927,#928,#929,
    #930,#931,#932,#933),.UNSPECIFIED.,.F.,.F.,(7,5,5,5,5,5,5,5,5,5,5,5,
    7),(0.,9.516363611388E-02,0.2590466554,0.305958498322,0.367060932455
    ,0.443994281775,0.554910917563,0.633386277582,0.695167253489,
    0.742304710862,0.904621645508,0.998195535691,1.),.UNSPECIFIED.);
#872 = CARTESIAN_POINT('',(58.05,0.439572488548,15.));
#873 = CARTESIAN_POINT('',(58.05,0.439572488548,14.908666204953));
#874 = CARTESIAN_POINT('',(58.045117035732,0.437377567727,
    14.817343410629));
#875 = CARTESIAN_POINT('',(58.035352941703,0.432988234314,
    14.726265430561));
#876 = CARTESIAN_POINT('',(58.020706761962,0.426451818756,14.63567216138
    ));
#877 = CARTESIAN_POINT('',(58.001176369151,0.417860890255,
    14.545810459937));
#878 = CARTESIAN_POINT('',(57.934712356448,0.38925356065,14.303881018257
    ));
#879 = CARTESIAN_POINT('',(57.878215823498,0.365483894398,
    14.153903394737));
#880 = CARTESIAN_POINT('',(57.807225423358,0.336719593626,
    14.007967890314));
#881 = CARTESIAN_POINT('',(57.721503307263,0.303927860082,
    13.867213656602));
#882 = CARTESIAN_POINT('',(57.620715668607,0.268391558883,
    13.733101508295));
#883 = CARTESIAN_POINT('',(57.471293947247,0.221243985337,
    13.571647466708));
#884 = CARTESIAN_POINT('',(57.43677272302,0.21065734426,13.536411876226)
  );
#885 = CARTESIAN_POINT('',(57.400972533541,0.200013916718,
    13.501915697961));
#886 = CARTESIAN_POINT('',(57.363883678938,0.189353813483,
    13.468207940314));
#887 = CARTESIAN_POINT('',(57.325497912121,0.178719970137,13.43534279028
    ));
#888 = CARTESIAN_POINT('',(57.234113103878,0.154401426865,
    13.361747740007));
#889 = CARTESIAN_POINT('',(57.180193900907,0.1407636145,13.321636098816)
  );
#890 = CARTESIAN_POINT('',(57.124051034107,0.127350282411,
    13.283190618533));
#891 = CARTESIAN_POINT('',(57.065692683994,0.114274482446,13.2465668932)
  );
#892 = CARTESIAN_POINT('',(57.005135658049,0.101655251615,
    13.211930720057));
#893 = CARTESIAN_POINT('',(56.863423925936,7.445778743164E-02,
    13.138573423583));
#894 = CARTESIAN_POINT('',(56.780896814182,6.019969547106E-02,
    13.101066975497));
#895 = CARTESIAN_POINT('',(56.695083537086,4.713579391114E-02,
    13.067423174646));
#896 = CARTESIAN_POINT('',(56.606284693849,3.554736228148E-02,
    13.038071666688));
#897 = CARTESIAN_POINT('',(56.514840231912,2.568764050426E-02,
    13.013392680452));
#898 = CARTESIAN_POINT('',(56.286018474946,6.346310249285E-03,
    12.965361939518));
#899 = CARTESIAN_POINT('',(56.146262814248,-1.038571362017E-03,
    12.947425946958));
#900 = CARTESIAN_POINT('',(56.004086336918,-3.674518363709E-03,
    12.941126529513));
#901 = CARTESIAN_POINT('',(55.861865136284,-1.274345177762E-03,
    12.946857258974));
#902 = CARTESIAN_POINT('',(55.721976463368,5.889353244982E-03,
    12.964246519565));
#903 = CARTESIAN_POINT('',(55.490904489447,2.505768130311E-02,
    13.011815529754));
#904 = CARTESIAN_POINT('',(55.397497098764,3.502902953051E-02,
    13.036755627638));
#905 = CARTESIAN_POINT('',(55.306829311642,4.680854261238E-02,
    13.066571363762));
#906 = CARTESIAN_POINT('',(55.219262684714,6.012809256919E-02,
    13.100860581541));
#907 = CARTESIAN_POINT('',(55.135116252511,7.46890796309E-02,
    13.139167703655));
#908 = CARTESIAN_POINT('',(54.99132634611,0.10237436794,13.213894581019)
  );
#909 = CARTESIAN_POINT('',(54.930211688504,0.115158205189,
    13.249016744052));
#910 = CARTESIAN_POINT('',(54.871345880017,0.128403397416,
    13.286162875439));
#911 = CARTESIAN_POINT('',(54.814745371981,0.141987231954,
    13.325162296411));
#912 = CARTESIAN_POINT('',(54.760417716622,0.155793323397,
    13.365855127626));
#913 = CARTESIAN_POINT('',(54.668645146601,0.180333669858,
    13.440317279241));
#914 = CARTESIAN_POINT('',(54.630243567425,0.191022342142,
    13.473447449269));
#915 = CARTESIAN_POINT('',(54.593150387577,0.20173299791,13.507422490167
    ));
#916 = CARTESIAN_POINT('',(54.557357082952,0.212422320817,
    13.542187876441));
#917 = CARTESIAN_POINT('',(54.522853738771,0.223049854906,
    13.577694305531));
#918 = CARTESIAN_POINT('',(54.375220466631,0.269831487143,
    13.738563387993));
#919 = CARTESIAN_POINT('',(54.275884711618,0.304935062503,
    13.871591422269));
#920 = CARTESIAN_POINT('',(54.191316454251,0.337317705343,
    14.011102646394));
#921 = CARTESIAN_POINT('',(54.121194401358,0.365737527394,
    14.155681861536));
#922 = CARTESIAN_POINT('',(54.065289589988,0.389256153241,
    14.304221614719));
#923 = CARTESIAN_POINT('',(53.999498993923,0.417568244517,
    14.543153777557));
#924 = CARTESIAN_POINT('',(53.980164049312,0.426068067515,
    14.631481440636));
#925 = CARTESIAN_POINT('',(53.965550677284,0.432584904857,
    14.720522279574));
#926 = CARTESIAN_POINT('',(53.955656788204,0.437029816893,
    14.810041720824));
#927 = CARTESIAN_POINT('',(53.950481435206,0.439356077405,
    14.899811837543));
#928 = CARTESIAN_POINT('',(53.950017550945,0.439564599091,
    14.991342211254));
#929 = CARTESIAN_POINT('',(53.95001053006,0.439567755089,14.993073882285
    ));
#930 = CARTESIAN_POINT('',(53.950005264523,0.439570122044,
    14.994805558355));
#931 = CARTESIAN_POINT('',(53.950001754334,0.439571699941,
    14.996537237783));
#932 = CARTESIAN_POINT('',(53.949999999493,0.439572488776,
    14.998268918891));
#933 = CARTESIAN_POINT('',(53.95,0.439572488548,15.0000006));
#934 = PCURVE('',#194,#935);
#935 = DEFINITIONAL_REPRESENTATION('',(#936),#999);
#936 = B_SPLINE_CURVE_WITH_KNOTS('',6,(#937,#938,#939,#940,#941,#942,
    #943,#944,#945,#946,#947,#948,#949,#950,#951,#952,#953,#954,#955,
    #956,#957,#958,#959,#960,#961,#962,#963,#964,#965,#966,#967,#968,
    #969,#970,#971,#972,#973,#974,#975,#976,#977,#978,#979,#980,#981,
    #982,#983,#984,#985,#986,#987,#988,#989,#990,#991,#992,#993,#994,
    #995,#996,#997,#998),.UNSPECIFIED.,.F.,.F.,(7,5,5,5,5,5,5,5,5,5,5,5,
    7),(0.,9.516363611388E-02,0.2590466554,0.305958498322,0.367060932455
    ,0.443994281775,0.554910917563,0.633386277582,0.695167253489,
    0.742304710862,0.904621645508,0.998195535691,1.),.UNSPECIFIED.);
#937 = CARTESIAN_POINT('',(0.,5.439572388471));
#938 = CARTESIAN_POINT('',(4.455307075455E-02,5.439572388471));
#939 = CARTESIAN_POINT('',(8.91007763199E-02,5.437377467649));
#940 = CARTESIAN_POINT('',(0.133688235734,5.432988134236));
#941 = CARTESIAN_POINT('',(0.178357478777,5.426451718678));
#942 = CARTESIAN_POINT('',(0.223150168424,5.417860790177));
#943 = CARTESIAN_POINT('',(0.345537019359,5.389253460572));
#944 = CARTESIAN_POINT('',(0.423383952431,5.36548379432));
#945 = CARTESIAN_POINT('',(0.50203711136,5.336719493548));
#946 = CARTESIAN_POINT('',(0.581875771041,5.303927760004));
#947 = CARTESIAN_POINT('',(0.66328388758,5.268391458806));
#948 = CARTESIAN_POINT('',(0.770594595106,5.221243885259));
#949 = CARTESIAN_POINT('',(0.794647434746,5.210657244182));
#950 = CARTESIAN_POINT('',(0.818883665822,5.200013816641));
#951 = CARTESIAN_POINT('',(0.843315397783,5.189353713405));
#952 = CARTESIAN_POINT('',(0.867954581625,5.178719870059));
#953 = CARTESIAN_POINT('',(0.92519098485,5.154401326788));
#954 = CARTESIAN_POINT('',(0.957948709895,5.140763514422));
#955 = CARTESIAN_POINT('',(0.991102606978,5.127350182333));
#956 = CARTESIAN_POINT('',(1.024670133318,5.114274382369));
#957 = CARTESIAN_POINT('',(1.058670836512,5.101655151537));
#958 = CARTESIAN_POINT('',(1.136511271792,5.074457687354));
#959 = CARTESIAN_POINT('',(1.180673113185,5.060199595393));
#960 = CARTESIAN_POINT('',(1.225539493138,5.047135693834));
#961 = CARTESIAN_POINT('',(1.27105673466,5.035547262204));
#962 = CARTESIAN_POINT('',(1.317185522027,5.025687540427));
#963 = CARTESIAN_POINT('',(1.431238379864,5.006346210172));
#964 = CARTESIAN_POINT('',(1.499755154748,4.99896132856));
#965 = CARTESIAN_POINT('',(1.568811709102,4.996325381559));
#966 = CARTESIAN_POINT('',(1.637878068544,4.998725554745));
#967 = CARTESIAN_POINT('',(1.70642519089,5.005889253167));
#968 = CARTESIAN_POINT('',(1.821506899298,5.025057581225));
#969 = CARTESIAN_POINT('',(1.868588746163,5.035028929453));
#970 = CARTESIAN_POINT('',(1.915036151439,5.046808442535));
#971 = CARTESIAN_POINT('',(1.960807831056,5.060127992491));
#972 = CARTESIAN_POINT('',(2.005846992893,5.074688979553));
#973 = CARTESIAN_POINT('',(2.084894931846,5.102374267862));
#974 = CARTESIAN_POINT('',(2.119248574005,5.115158105111));
#975 = CARTESIAN_POINT('',(2.153160043578,5.128403297338));
#976 = CARTESIAN_POINT('',(2.186649768928,5.141987131877));
#977 = CARTESIAN_POINT('',(2.219736025138,5.155793223319));
#978 = CARTESIAN_POINT('',(2.277385433502,5.18033356978));
#979 = CARTESIAN_POINT('',(2.302114609495,5.191022242065));
#980 = CARTESIAN_POINT('',(2.326635601715,5.201732897832));
#981 = CARTESIAN_POINT('',(2.350960557837,5.212422220739));
#982 = CARTESIAN_POINT('',(2.37510176079,5.223049754829));
#983 = CARTESIAN_POINT('',(2.481611411561,5.269831387065));
#984 = CARTESIAN_POINT('',(2.562185312982,5.304934962426));
#985 = CARTESIAN_POINT('',(2.641229807253,5.337317605265));
#986 = CARTESIAN_POINT('',(2.719117330857,5.365737427316));
#987 = CARTESIAN_POINT('',(2.796215578411,5.389256053164));
#988 = CARTESIAN_POINT('',(2.917105576609,5.417568144439));
#989 = CARTESIAN_POINT('',(2.961150072134,5.426067967437));
#990 = CARTESIAN_POINT('',(3.005074051092,5.432584804779));
#991 = CARTESIAN_POINT('',(3.048917261013,5.437029716816));
#992 = CARTESIAN_POINT('',(3.092719794961,5.439355977328));
#993 = CARTESIAN_POINT('',(3.137369331159,5.439564499013));
#994 = CARTESIAN_POINT('',(3.138214055244,5.439567655012));
#995 = CARTESIAN_POINT('',(3.139058778532,5.439570021966));
#996 = CARTESIAN_POINT('',(3.139903501289,5.439571599863));
#997 = CARTESIAN_POINT('',(3.14074822378,5.439572388698));
#998 = CARTESIAN_POINT('',(3.141592946273,5.439572388471));
#999 = ( GEOMETRIC_REPRESENTATION_CONTEXT(2) 
PARAMETRIC_REPRESENTATION_CONTEXT() REPRESENTATION_CONTEXT('2D SPACE',''
  ) );
#1000 = PCURVE('',#561,#1001);
#1001 = DEFINITIONAL_REPRESENTATION('',(#1002),#1065);
#1002 = B_SPLINE_CURVE_WITH_KNOTS('',6,(#1003,#1004,#1005,#1006,#1007,
    #1008,#1009,#1010,#1011,#1012,#1013,#1014,#1015,#1016,#1017,#1018,
    #1019,#1020,#1021,#1022,#1023,#1024,#1025,#1026,#1027,#1028,#1029,
    #1030,#1031,#1032,#1033,#1034,#1035,#1036,#1037,#1038,#1039,#1040,
    #1041,#1042,#1043,#1044,#1045,#1046,#1047,#1048,#1049,#1050,#1051,
    #1052,#1053,#1054,#1055,#1056,#1057,#1058,#1059,#1060,#1061,#1062,
    #1063,#1064),.UNSPECIFIED.,.F.,.F.,(7,5,5,5,5,5,5,5,5,5,5,5,7),(0.,
    9.516363611388E-02,0.2590466554,0.305958498322,0.367060932455,
    0.443994281775,0.554910917563,0.633386277582,0.695167253489,
    0.742304710862,0.904621645508,0.998195535691,1.),.UNSPECIFIED.);
#1003 = CARTESIAN_POINT('',(5.134843042571,8.));
#1004 = CARTESIAN_POINT('',(5.134843042571,7.908666204953));
#1005 = CARTESIAN_POINT('',(5.133772332669,7.817343410629));
#1006 = CARTESIAN_POINT('',(5.131631241792,7.726265430561));
#1007 = CARTESIAN_POINT('',(5.128423570834,7.63567216138));
#1008 = CARTESIAN_POINT('',(5.124156423838,7.545810459937));
#1009 = CARTESIAN_POINT('',(5.109684597013,7.303881018257));
#1010 = CARTESIAN_POINT('',(5.097426372683,7.153903394737));
#1011 = CARTESIAN_POINT('',(5.082109221905,7.007967890314));
#1012 = CARTESIAN_POINT('',(5.063759897986,6.867213656602));
#1013 = CARTESIAN_POINT('',(5.042397975275,6.733101508295));
#1014 = CARTESIAN_POINT('',(5.011061259107,6.571647466708));
#1015 = CARTESIAN_POINT('',(5.003839872865,6.536411876226));
#1016 = CARTESIAN_POINT('',(4.996370541422,6.501915697961));
#1017 = CARTESIAN_POINT('',(4.988652981375,6.468207940314));
#1018 = CARTESIAN_POINT('',(4.98068708875,6.43534279028));
#1019 = CARTESIAN_POINT('',(4.96177405121,6.361747740007));
#1020 = CARTESIAN_POINT('',(4.950651463346,6.321636098816));
#1021 = CARTESIAN_POINT('',(4.939108443221,6.283190618533));
#1022 = CARTESIAN_POINT('',(4.92714930381,6.2465668932));
#1023 = CARTESIAN_POINT('',(4.914779276875,6.211930720057));
#1024 = CARTESIAN_POINT('',(4.885919673915,6.138573423583));
#1025 = CARTESIAN_POINT('',(4.869172584814,6.101066975497));
#1026 = CARTESIAN_POINT('',(4.851817644791,6.067423174646));
#1027 = CARTESIAN_POINT('',(4.833913737967,6.038071666688));
#1028 = CARTESIAN_POINT('',(4.815523762563,6.013392680452));
#1029 = CARTESIAN_POINT('',(4.769596218097,5.965361939518));
#1030 = CARTESIAN_POINT('',(4.741619959451,5.947425946959));
#1031 = CARTESIAN_POINT('',(4.713205626815,5.941126529513));
#1032 = CARTESIAN_POINT('',(4.684783236883,5.946857258974));
#1033 = CARTESIAN_POINT('',(4.656782779891,5.964246519565));
#1034 = CARTESIAN_POINT('',(4.610409648907,6.011815529754));
#1035 = CARTESIAN_POINT('',(4.591627274418,6.036755627638));
#1036 = CARTESIAN_POINT('',(4.573348191814,6.066571363762));
#1037 = CARTESIAN_POINT('',(4.555639219133,6.100860581541));
#1038 = CARTESIAN_POINT('',(4.538562839516,6.139167703655));
#1039 = CARTESIAN_POINT('',(4.509276656855,6.213894581019));
#1040 = CARTESIAN_POINT('',(4.496790776068,6.249016744052));
#1041 = CARTESIAN_POINT('',(4.484725240939,6.286162875438));
#1042 = CARTESIAN_POINT('',(4.473085306126,6.325162296411));
#1043 = CARTESIAN_POINT('',(4.461875280181,6.365855127626));
#1044 = CARTESIAN_POINT('',(4.442875876809,6.440317279241));
#1045 = CARTESIAN_POINT('',(4.434904004168,6.473447449269));
#1046 = CARTESIAN_POINT('',(4.427182815091,6.507422490167));
#1047 = CARTESIAN_POINT('',(4.419712182261,6.542187876441));
#1048 = CARTESIAN_POINT('',(4.412491810891,6.577694305531));
#1049 = CARTESIAN_POINT('',(4.381518206543,6.738563387993));
#1050 = CARTESIAN_POINT('',(4.360458384416,6.871591422269));
#1051 = CARTESIAN_POINT('',(4.342353578242,7.011102646394));
#1052 = CARTESIAN_POINT('',(4.327223194974,7.155681861536));
#1053 = CARTESIAN_POINT('',(4.315093516353,7.304221614719));
#1054 = CARTESIAN_POINT('',(4.300768744742,7.543153777557));
#1055 = CARTESIAN_POINT('',(4.296544709715,7.631481440637));
#1056 = CARTESIAN_POINT('',(4.29334462578,7.720522279574));
#1057 = CARTESIAN_POINT('',(4.291175303363,7.810041720824));
#1058 = CARTESIAN_POINT('',(4.290040485928,7.899811837543));
#1059 = CARTESIAN_POINT('',(4.289938766726,7.991342211254));
#1060 = CARTESIAN_POINT('',(4.289937227205,7.993073882285));
#1061 = CARTESIAN_POINT('',(4.28993607259,7.994805558355));
#1062 = CARTESIAN_POINT('',(4.289935302884,7.996537237783));
#1063 = CARTESIAN_POINT('',(4.289934918087,7.998268918891));
#1064 = CARTESIAN_POINT('',(4.289934918198,8.0000006));
#1065 = ( GEOMETRIC_REPRESENTATION_CONTEXT(2) 
PARAMETRIC_REPRESENTATION_CONTEXT() REPRESENTATION_CONTEXT('2D SPACE',''
  ) );
#1066 = ORIENTED_EDGE('',*,*,#1067,.T.);
#1067 = EDGE_CURVE('',#868,#256,#1068,.T.);
#1068 = SURFACE_CURVE('',#1069,(#1073,#1080),.PCURVE_S1.);
#1069 = LINE('',#1070,#1071);
#1070 = CARTESIAN_POINT('',(53.95,-4.999999899922,15.));
#1071 = VECTOR('',#1072,1.);
#1072 = DIRECTION('',(0.,1.,0.));
#1073 = PCURVE('',#194,#1074);
#1074 = DEFINITIONAL_REPRESENTATION('',(#1075),#1079);
#1075 = LINE('',#1076,#1077);
#1076 = CARTESIAN_POINT('',(3.14159265359,0.));
#1077 = VECTOR('',#1078,1.);
#1078 = DIRECTION('',(0.,1.));
#1079 = ( GEOMETRIC_REPRESENTATION_CONTEXT(2) 
PARAMETRIC_REPRESENTATION_CONTEXT() REPRESENTATION_CONTEXT('2D SPACE',''
  ) );
#1080 = PCURVE('',#272,#1081);
#1081 = DEFINITIONAL_REPRESENTATION('',(#1082),#1086);
#1082 = LINE('',#1083,#1084);
#1083 = CARTESIAN_POINT('',(-2.05,-10.));
#1084 = VECTOR('',#1085,1.);
#1085 = DIRECTION('',(0.,1.));
#1086 = ( GEOMETRIC_REPRESENTATION_CONTEXT(2) 
PARAMETRIC_REPRESENTATION_CONTEXT() REPRESENTATION_CONTEXT('2D SPACE',''
  ) );
#1087 = ORIENTED_EDGE('',*,*,#284,.T.);
#1088 = ORIENTED_EDGE('',*,*,#845,.T.);
#1089 = ORIENTED_EDGE('',*,*,#80,.F.);
#1090 = ORIENTED_EDGE('',*,*,#1091,.T.);
#1091 = EDGE_CURVE('',#81,#645,#1092,.T.);
#1092 = SURFACE_CURVE('',#1093,(#1097,#1104),.PCURVE_S1.);
#1093 = LINE('',#1094,#1095);
#1094 = CARTESIAN_POINT('',(53.95,-4.999999899922,15.));
#1095 = VECTOR('',#1096,1.);
#1096 = DIRECTION('',(0.,1.,0.));
#1097 = PCURVE('',#194,#1098);
#1098 = DEFINITIONAL_REPRESENTATION('',(#1099),#1103);
#1099 = LINE('',#1100,#1101);
#1100 = CARTESIAN_POINT('',(3.14159265359,0.));
#1101 = VECTOR('',#1102,1.);
#1102 = DIRECTION('',(0.,1.));
#1103 = ( GEOMETRIC_REPRESENTATION_CONTEXT(2) 
PARAMETRIC_REPRESENTATION_CONTEXT() REPRESENTATION_CONTEXT('2D SPACE',''
  ) );
#1104 = PCURVE('',#272,#1105);
#1105 = DEFINITIONAL_REPRESENTATION('',(#1106),#1110);
#1106 = LINE('',#1107,#1108);
#1107 = CARTESIAN_POINT('',(-2.05,-10.));
#1108 = VECTOR('',#1109,1.);
#1109 = DIRECTION('',(0.,1.));
#1110 = ( GEOMETRIC_REPRESENTATION_CONTEXT(2) 
PARAMETRIC_REPRESENTATION_CONTEXT() REPRESENTATION_CONTEXT('2D SPACE',''
  ) );
#1111 = ADVANCED_FACE('',(#1112),#272,.T.);
#1112 = FACE_BOUND('',#1113,.T.);
#1113 = EDGE_LOOP('',(#1114,#1115,#1137,#1138));
#1114 = ORIENTED_EDGE('',*,*,#1091,.T.);
#1115 = ORIENTED_EDGE('',*,*,#1116,.T.);
#1116 = EDGE_CURVE('',#645,#868,#1117,.T.);
#1117 = SURFACE_CURVE('',#1118,(#1123,#1130),.PCURVE_S1.);
#1118 = CIRCLE('',#1119,5.);
#1119 = AXIS2_PLACEMENT_3D('',#1120,#1121,#1122);
#1120 = CARTESIAN_POINT('',(56.,5.000000100078,15.));
#1121 = DIRECTION('',(0.,0.,1.));
#1122 = DIRECTION('',(1.,0.,-0.));
#1123 = PCURVE('',#272,#1124);
#1124 = DEFINITIONAL_REPRESENTATION('',(#1125),#1129);
#1125 = CIRCLE('',#1126,5.);
#1126 = AXIS2_PLACEMENT_2D('',#1127,#1128);
#1127 = CARTESIAN_POINT('',(0.,0.));
#1128 = DIRECTION('',(1.,0.));
#1129 = ( GEOMETRIC_REPRESENTATION_CONTEXT(2) 
PARAMETRIC_REPRESENTATION_CONTEXT() REPRESENTATION_CONTEXT('2D SPACE',''
  ) );
#1130 = PCURVE('',#561,#1131);
#1131 = DEFINITIONAL_REPRESENTATION('',(#1132),#1136);
#1132 = LINE('',#1133,#1134);
#1133 = CARTESIAN_POINT('',(0.,8.));
#1134 = VECTOR('',#1135,1.);
#1135 = DIRECTION('',(1.,0.));
#1136 = ( GEOMETRIC_REPRESENTATION_CONTEXT(2) 
PARAMETRIC_REPRESENTATION_CONTEXT() REPRESENTATION_CONTEXT('2D SPACE',''
  ) );
#1137 = ORIENTED_EDGE('',*,*,#1067,.T.);
#1138 = ORIENTED_EDGE('',*,*,#255,.F.);
#1139 = ADVANCED_FACE('',(#1140),#524,.T.);
#1140 = FACE_BOUND('',#1141,.T.);
#1141 = EDGE_LOOP('',(#1142,#1171,#1192,#1193));
#1142 = ORIENTED_EDGE('',*,*,#1143,.F.);
#1143 = EDGE_CURVE('',#1144,#1144,#1146,.T.);
#1144 = VERTEX_POINT('',#1145);
#1145 = CARTESIAN_POINT('',(60.,5.000000100078,25.));
#1146 = SURFACE_CURVE('',#1147,(#1152,#1159),.PCURVE_S1.);
#1147 = CIRCLE('',#1148,4.);
#1148 = AXIS2_PLACEMENT_3D('',#1149,#1150,#1151);
#1149 = CARTESIAN_POINT('',(56.,5.000000100078,25.));
#1150 = DIRECTION('',(0.,0.,1.));
#1151 = DIRECTION('',(1.,0.,-0.));
#1152 = PCURVE('',#524,#1153);
#1153 = DEFINITIONAL_REPRESENTATION('',(#1154),#1158);
#1154 = LINE('',#1155,#1156);
#1155 = CARTESIAN_POINT('',(0.,3.));
#1156 = VECTOR('',#1157,1.);
#1157 = DIRECTION('',(1.,0.));
#1158 = ( GEOMETRIC_REPRESENTATION_CONTEXT(2) 
PARAMETRIC_REPRESENTATION_CONTEXT() REPRESENTATION_CONTEXT('2D SPACE',''
  ) );
#1159 = PCURVE('',#1160,#1165);
#1160 = PLANE('',#1161);
#1161 = AXIS2_PLACEMENT_3D('',#1162,#1163,#1164);
#1162 = CARTESIAN_POINT('',(56.,5.000000100078,25.));
#1163 = DIRECTION('',(0.,0.,1.));
#1164 = DIRECTION('',(1.,0.,-0.));
#1165 = DEFINITIONAL_REPRESENTATION('',(#1166),#1170);
#1166 = CIRCLE('',#1167,4.);
#1167 = AXIS2_PLACEMENT_2D('',#1168,#1169);
#1168 = CARTESIAN_POINT('',(0.,0.));
#1169 = DIRECTION('',(1.,0.));
#1170 = ( GEOMETRIC_REPRESENTATION_CONTEXT(2) 
PARAMETRIC_REPRESENTATION_CONTEXT() REPRESENTATION_CONTEXT('2D SPACE',''
  ) );
#1171 = ORIENTED_EDGE('',*,*,#1172,.F.);
#1172 = EDGE_CURVE('',#508,#1144,#1173,.T.);
#1173 = SEAM_CURVE('',#1174,(#1178,#1185),.PCURVE_S1.);
#1174 = LINE('',#1175,#1176);
#1175 = CARTESIAN_POINT('',(60.,5.000000100078,22.));
#1176 = VECTOR('',#1177,1.);
#1177 = DIRECTION('',(0.,0.,1.));
#1178 = PCURVE('',#524,#1179);
#1179 = DEFINITIONAL_REPRESENTATION('',(#1180),#1184);
#1180 = LINE('',#1181,#1182);
#1181 = CARTESIAN_POINT('',(6.28318530718,-0.));
#1182 = VECTOR('',#1183,1.);
#1183 = DIRECTION('',(0.,1.));
#1184 = ( GEOMETRIC_REPRESENTATION_CONTEXT(2) 
PARAMETRIC_REPRESENTATION_CONTEXT() REPRESENTATION_CONTEXT('2D SPACE',''
  ) );
#1185 = PCURVE('',#524,#1186);
#1186 = DEFINITIONAL_REPRESENTATION('',(#1187),#1191);
#1187 = LINE('',#1188,#1189);
#1188 = CARTESIAN_POINT('',(0.,-0.));
#1189 = VECTOR('',#1190,1.);
#1190 = DIRECTION('',(0.,1.));
#1191 = ( GEOMETRIC_REPRESENTATION_CONTEXT(2) 
PARAMETRIC_REPRESENTATION_CONTEXT() REPRESENTATION_CONTEXT('2D SPACE',''
  ) );
#1192 = ORIENTED_EDGE('',*,*,#507,.T.);
#1193 = ORIENTED_EDGE('',*,*,#1172,.T.);
#1194 = ADVANCED_FACE('',(#1195),#561,.T.);
#1195 = FACE_BOUND('',#1196,.T.);
#1196 = EDGE_LOOP('',(#1197,#1220,#1221,#1222,#1223,#1224,#1225,#1226));
#1197 = ORIENTED_EDGE('',*,*,#1198,.T.);
#1198 = EDGE_CURVE('',#1199,#545,#1201,.T.);
#1199 = VERTEX_POINT('',#1200);
#1200 = CARTESIAN_POINT('',(61.,5.000000100078,7.));
#1201 = SEAM_CURVE('',#1202,(#1206,#1213),.PCURVE_S1.);
#1202 = LINE('',#1203,#1204);
#1203 = CARTESIAN_POINT('',(61.,5.000000100078,7.));
#1204 = VECTOR('',#1205,1.);
#1205 = DIRECTION('',(0.,0.,1.));
#1206 = PCURVE('',#561,#1207);
#1207 = DEFINITIONAL_REPRESENTATION('',(#1208),#1212);
#1208 = LINE('',#1209,#1210);
#1209 = CARTESIAN_POINT('',(6.28318530718,-0.));
#1210 = VECTOR('',#1211,1.);
#1211 = DIRECTION('',(0.,1.));
#1212 = ( GEOMETRIC_REPRESENTATION_CONTEXT(2) 
PARAMETRIC_REPRESENTATION_CONTEXT() REPRESENTATION_CONTEXT('2D SPACE',''
  ) );
#1213 = PCURVE('',#561,#1214);
#1214 = DEFINITIONAL_REPRESENTATION('',(#1215),#1219);
#1215 = LINE('',#1216,#1217);
#1216 = CARTESIAN_POINT('',(0.,-0.));
#1217 = VECTOR('',#1218,1.);
#1218 = DIRECTION('',(0.,1.));
#1219 = ( GEOMETRIC_REPRESENTATION_CONTEXT(2) 
PARAMETRIC_REPRESENTATION_CONTEXT() REPRESENTATION_CONTEXT('2D SPACE',''
  ) );
#1220 = ORIENTED_EDGE('',*,*,#542,.F.);
#1221 = ORIENTED_EDGE('',*,*,#867,.T.);
#1222 = ORIENTED_EDGE('',*,*,#1116,.F.);
#1223 = ORIENTED_EDGE('',*,*,#644,.F.);
#1224 = ORIENTED_EDGE('',*,*,#573,.F.);
#1225 = ORIENTED_EDGE('',*,*,#1198,.F.);
#1226 = ORIENTED_EDGE('',*,*,#1227,.T.);
#1227 = EDGE_CURVE('',#1199,#1199,#1228,.T.);
#1228 = SURFACE_CURVE('',#1229,(#1234,#1241),.PCURVE_S1.);
#1229 = CIRCLE('',#1230,5.);
#1230 = AXIS2_PLACEMENT_3D('',#1231,#1232,#1233);
#1231 = CARTESIAN_POINT('',(56.,5.000000100078,7.));
#1232 = DIRECTION('',(0.,0.,1.));
#1233 = DIRECTION('',(1.,0.,-0.));
#1234 = PCURVE('',#561,#1235);
#1235 = DEFINITIONAL_REPRESENTATION('',(#1236),#1240);
#1236 = LINE('',#1237,#1238);
#1237 = CARTESIAN_POINT('',(0.,0.));
#1238 = VECTOR('',#1239,1.);
#1239 = DIRECTION('',(1.,0.));
#1240 = ( GEOMETRIC_REPRESENTATION_CONTEXT(2) 
PARAMETRIC_REPRESENTATION_CONTEXT() REPRESENTATION_CONTEXT('2D SPACE',''
  ) );
#1241 = PCURVE('',#1242,#1247);
#1242 = PLANE('',#1243);
#1243 = AXIS2_PLACEMENT_3D('',#1244,#1245,#1246);
#1244 = CARTESIAN_POINT('',(56.,5.000000100078,7.));
#1245 = DIRECTION('',(0.,0.,1.));
#1246 = DIRECTION('',(1.,0.,-0.));
#1247 = DEFINITIONAL_REPRESENTATION('',(#1248),#1252);
#1248 = CIRCLE('',#1249,5.);
#1249 = AXIS2_PLACEMENT_2D('',#1250,#1251);
#1250 = CARTESIAN_POINT('',(0.,0.));
#1251 = DIRECTION('',(1.,0.));
#1252 = ( GEOMETRIC_REPRESENTATION_CONTEXT(2) 
PARAMETRIC_REPRESENTATION_CONTEXT() REPRESENTATION_CONTEXT('2D SPACE',''
  ) );
#1253 = ADVANCED_FACE('',(#1254,#1257),#1160,.T.);
#1254 = FACE_BOUND('',#1255,.T.);
#1255 = EDGE_LOOP('',(#1256));
#1256 = ORIENTED_EDGE('',*,*,#1143,.T.);
#1257 = FACE_BOUND('',#1258,.T.);
#1258 = EDGE_LOOP('',(#1259));
#1259 = ORIENTED_EDGE('',*,*,#1260,.F.);
#1260 = EDGE_CURVE('',#1261,#1261,#1263,.T.);
#1261 = VERTEX_POINT('',#1262);
#1262 = CARTESIAN_POINT('',(59.,5.000000100078,25.));
#1263 = SURFACE_CURVE('',#1264,(#1269,#1276),.PCURVE_S1.);
#1264 = CIRCLE('',#1265,3.);
#1265 = AXIS2_PLACEMENT_3D('',#1266,#1267,#1268);
#1266 = CARTESIAN_POINT('',(56.,5.000000100078,25.));
#1267 = DIRECTION('',(0.,0.,1.));
#1268 = DIRECTION('',(1.,0.,-0.));
#1269 = PCURVE('',#1160,#1270);
#1270 = DEFINITIONAL_REPRESENTATION('',(#1271),#1275);
#1271 = CIRCLE('',#1272,3.);
#1272 = AXIS2_PLACEMENT_2D('',#1273,#1274);
#1273 = CARTESIAN_POINT('',(0.,0.));
#1274 = DIRECTION('',(1.,0.));
#1275 = ( GEOMETRIC_REPRESENTATION_CONTEXT(2) 
PARAMETRIC_REPRESENTATION_CONTEXT() REPRESENTATION_CONTEXT('2D SPACE',''
  ) );
#1276 = PCURVE('',#1277,#1282);
#1277 = CYLINDRICAL_SURFACE('',#1278,3.);
#1278 = AXIS2_PLACEMENT_3D('',#1279,#1280,#1281);
#1279 = CARTESIAN_POINT('',(56.,5.000000100078,0.));
#1280 = DIRECTION('',(0.,0.,1.));
#1281 = DIRECTION('',(1.,0.,-0.));
#1282 = DEFINITIONAL_REPRESENTATION('',(#1283),#1287);
#1283 = LINE('',#1284,#1285);
#1284 = CARTESIAN_POINT('',(0.,25.));
#1285 = VECTOR('',#1286,1.);
#1286 = DIRECTION('',(1.,0.));
#1287 = ( GEOMETRIC_REPRESENTATION_CONTEXT(2) 
PARAMETRIC_REPRESENTATION_CONTEXT() REPRESENTATION_CONTEXT('2D SPACE',''
  ) );
#1288 = ADVANCED_FACE('',(#1289,#1292),#1242,.F.);
#1289 = FACE_BOUND('',#1290,.F.);
#1290 = EDGE_LOOP('',(#1291));
#1291 = ORIENTED_EDGE('',*,*,#1227,.T.);
#1292 = FACE_BOUND('',#1293,.F.);
#1293 = EDGE_LOOP('',(#1294));
#1294 = ORIENTED_EDGE('',*,*,#1295,.F.);
#1295 = EDGE_CURVE('',#1296,#1296,#1298,.T.);
#1296 = VERTEX_POINT('',#1297);
#1297 = CARTESIAN_POINT('',(59.,5.000000100078,7.));
#1298 = SURFACE_CURVE('',#1299,(#1304,#1311),.PCURVE_S1.);
#1299 = CIRCLE('',#1300,3.);
#1300 = AXIS2_PLACEMENT_3D('',#1301,#1302,#1303);
#1301 = CARTESIAN_POINT('',(56.,5.000000100078,7.));
#1302 = DIRECTION('',(0.,0.,1.));
#1303 = DIRECTION('',(1.,0.,-0.));
#1304 = PCURVE('',#1242,#1305);
#1305 = DEFINITIONAL_REPRESENTATION('',(#1306),#1310);
#1306 = CIRCLE('',#1307,3.);
#1307 = AXIS2_PLACEMENT_2D('',#1308,#1309);
#1308 = CARTESIAN_POINT('',(0.,0.));
#1309 = DIRECTION('',(1.,0.));
#1310 = ( GEOMETRIC_REPRESENTATION_CONTEXT(2) 
PARAMETRIC_REPRESENTATION_CONTEXT() REPRESENTATION_CONTEXT('2D SPACE',''
  ) );
#1311 = PCURVE('',#1312,#1317);
#1312 = CYLINDRICAL_SURFACE('',#1313,3.);
#1313 = AXIS2_PLACEMENT_3D('',#1314,#1315,#1316);
#1314 = CARTESIAN_POINT('',(56.,5.000000100078,0.));
#1315 = DIRECTION('',(0.,0.,1.));
#1316 = DIRECTION('',(1.,0.,-0.));
#1317 = DEFINITIONAL_REPRESENTATION('',(#1318),#1322);
#1318 = LINE('',#1319,#1320);
#1319 = CARTESIAN_POINT('',(0.,7.));
#1320 = VECTOR('',#1321,1.);
#1321 = DIRECTION('',(1.,0.));
#1322 = ( GEOMETRIC_REPRESENTATION_CONTEXT(2) 
PARAMETRIC_REPRESENTATION_CONTEXT() REPRESENTATION_CONTEXT('2D SPACE',''
  ) );
#1323 = ADVANCED_FACE('',(#1324),#1277,.T.);
#1324 = FACE_BOUND('',#1325,.T.);
#1325 = EDGE_LOOP('',(#1326,#1327,#1350,#1377));
#1326 = ORIENTED_EDGE('',*,*,#1260,.T.);
#1327 = ORIENTED_EDGE('',*,*,#1328,.T.);
#1328 = EDGE_CURVE('',#1261,#1329,#1331,.T.);
#1329 = VERTEX_POINT('',#1330);
#1330 = CARTESIAN_POINT('',(59.,5.000000100078,64.7));
#1331 = SEAM_CURVE('',#1332,(#1336,#1343),.PCURVE_S1.);
#1332 = LINE('',#1333,#1334);
#1333 = CARTESIAN_POINT('',(59.,5.000000100078,0.));
#1334 = VECTOR('',#1335,1.);
#1335 = DIRECTION('',(0.,0.,1.));
#1336 = PCURVE('',#1277,#1337);
#1337 = DEFINITIONAL_REPRESENTATION('',(#1338),#1342);
#1338 = LINE('',#1339,#1340);
#1339 = CARTESIAN_POINT('',(0.,-0.));
#1340 = VECTOR('',#1341,1.);
#1341 = DIRECTION('',(0.,1.));
#1342 = ( GEOMETRIC_REPRESENTATION_CONTEXT(2) 
PARAMETRIC_REPRESENTATION_CONTEXT() REPRESENTATION_CONTEXT('2D SPACE',''
  ) );
#1343 = PCURVE('',#1277,#1344);
#1344 = DEFINITIONAL_REPRESENTATION('',(#1345),#1349);
#1345 = LINE('',#1346,#1347);
#1346 = CARTESIAN_POINT('',(6.28318530718,-0.));
#1347 = VECTOR('',#1348,1.);
#1348 = DIRECTION('',(0.,1.));
#1349 = ( GEOMETRIC_REPRESENTATION_CONTEXT(2) 
PARAMETRIC_REPRESENTATION_CONTEXT() REPRESENTATION_CONTEXT('2D SPACE',''
  ) );
#1350 = ORIENTED_EDGE('',*,*,#1351,.F.);
#1351 = EDGE_CURVE('',#1329,#1329,#1352,.T.);
#1352 = SURFACE_CURVE('',#1353,(#1358,#1365),.PCURVE_S1.);
#1353 = CIRCLE('',#1354,3.);
#1354 = AXIS2_PLACEMENT_3D('',#1355,#1356,#1357);
#1355 = CARTESIAN_POINT('',(56.,5.000000100078,64.7));
#1356 = DIRECTION('',(0.,0.,1.));
#1357 = DIRECTION('',(1.,0.,-0.));
#1358 = PCURVE('',#1277,#1359);
#1359 = DEFINITIONAL_REPRESENTATION('',(#1360),#1364);
#1360 = LINE('',#1361,#1362);
#1361 = CARTESIAN_POINT('',(0.,64.7));
#1362 = VECTOR('',#1363,1.);
#1363 = DIRECTION('',(1.,0.));
#1364 = ( GEOMETRIC_REPRESENTATION_CONTEXT(2) 
PARAMETRIC_REPRESENTATION_CONTEXT() REPRESENTATION_CONTEXT('2D SPACE',''
  ) );
#1365 = PCURVE('',#1366,#1371);
#1366 = PLANE('',#1367);
#1367 = AXIS2_PLACEMENT_3D('',#1368,#1369,#1370);
#1368 = CARTESIAN_POINT('',(56.,5.000000100078,64.7));
#1369 = DIRECTION('',(0.,0.,1.));
#1370 = DIRECTION('',(1.,0.,-0.));
#1371 = DEFINITIONAL_REPRESENTATION('',(#1372),#1376);
#1372 = CIRCLE('',#1373,3.);
#1373 = AXIS2_PLACEMENT_2D('',#1374,#1375);
#1374 = CARTESIAN_POINT('',(0.,0.));
#1375 = DIRECTION('',(1.,0.));
#1376 = ( GEOMETRIC_REPRESENTATION_CONTEXT(2) 
PARAMETRIC_REPRESENTATION_CONTEXT() REPRESENTATION_CONTEXT('2D SPACE',''
  ) );
#1377 = ORIENTED_EDGE('',*,*,#1328,.F.);
#1378 = ADVANCED_FACE('',(#1379,#1433),#1312,.T.);
#1379 = FACE_BOUND('',#1380,.T.);
#1380 = EDGE_LOOP('',(#1381,#1404,#1405,#1406));
#1381 = ORIENTED_EDGE('',*,*,#1382,.T.);
#1382 = EDGE_CURVE('',#1383,#1296,#1385,.T.);
#1383 = VERTEX_POINT('',#1384);
#1384 = CARTESIAN_POINT('',(59.,5.000000100078,0.));
#1385 = SEAM_CURVE('',#1386,(#1390,#1397),.PCURVE_S1.);
#1386 = LINE('',#1387,#1388);
#1387 = CARTESIAN_POINT('',(59.,5.000000100078,0.));
#1388 = VECTOR('',#1389,1.);
#1389 = DIRECTION('',(0.,0.,1.));
#1390 = PCURVE('',#1312,#1391);
#1391 = DEFINITIONAL_REPRESENTATION('',(#1392),#1396);
#1392 = LINE('',#1393,#1394);
#1393 = CARTESIAN_POINT('',(6.28318530718,-0.));
#1394 = VECTOR('',#1395,1.);
#1395 = DIRECTION('',(0.,1.));
#1396 = ( GEOMETRIC_REPRESENTATION_CONTEXT(2) 
PARAMETRIC_REPRESENTATION_CONTEXT() REPRESENTATION_CONTEXT('2D SPACE',''
  ) );
#1397 = PCURVE('',#1312,#1398);
#1398 = DEFINITIONAL_REPRESENTATION('',(#1399),#1403);
#1399 = LINE('',#1400,#1401);
#1400 = CARTESIAN_POINT('',(0.,-0.));
#1401 = VECTOR('',#1402,1.);
#1402 = DIRECTION('',(0.,1.));
#1403 = ( GEOMETRIC_REPRESENTATION_CONTEXT(2) 
PARAMETRIC_REPRESENTATION_CONTEXT() REPRESENTATION_CONTEXT('2D SPACE',''
  ) );
#1404 = ORIENTED_EDGE('',*,*,#1295,.F.);
#1405 = ORIENTED_EDGE('',*,*,#1382,.F.);
#1406 = ORIENTED_EDGE('',*,*,#1407,.T.);
#1407 = EDGE_CURVE('',#1383,#1383,#1408,.T.);
#1408 = SURFACE_CURVE('',#1409,(#1414,#1421),.PCURVE_S1.);
#1409 = CIRCLE('',#1410,3.);
#1410 = AXIS2_PLACEMENT_3D('',#1411,#1412,#1413);
#1411 = CARTESIAN_POINT('',(56.,5.000000100078,0.));
#1412 = DIRECTION('',(0.,0.,1.));
#1413 = DIRECTION('',(1.,0.,-0.));
#1414 = PCURVE('',#1312,#1415);
#1415 = DEFINITIONAL_REPRESENTATION('',(#1416),#1420);
#1416 = LINE('',#1417,#1418);
#1417 = CARTESIAN_POINT('',(0.,0.));
#1418 = VECTOR('',#1419,1.);
#1419 = DIRECTION('',(1.,0.));
#1420 = ( GEOMETRIC_REPRESENTATION_CONTEXT(2) 
PARAMETRIC_REPRESENTATION_CONTEXT() REPRESENTATION_CONTEXT('2D SPACE',''
  ) );
#1421 = PCURVE('',#1422,#1427);
#1422 = PLANE('',#1423);
#1423 = AXIS2_PLACEMENT_3D('',#1424,#1425,#1426);
#1424 = CARTESIAN_POINT('',(56.,5.000000100078,0.));
#1425 = DIRECTION('',(0.,0.,1.));
#1426 = DIRECTION('',(1.,0.,-0.));
#1427 = DEFINITIONAL_REPRESENTATION('',(#1428),#1432);
#1428 = CIRCLE('',#1429,3.);
#1429 = AXIS2_PLACEMENT_2D('',#1430,#1431);
#1430 = CARTESIAN_POINT('',(0.,0.));
#1431 = DIRECTION('',(1.,0.));
#1432 = ( GEOMETRIC_REPRESENTATION_CONTEXT(2) 
PARAMETRIC_REPRESENTATION_CONTEXT() REPRESENTATION_CONTEXT('2D SPACE',''
  ) );
#1433 = FACE_BOUND('',#1434,.T.);
#1434 = EDGE_LOOP('',(#1435,#1465,#1494,#1522));
#1435 = ORIENTED_EDGE('',*,*,#1436,.T.);
#1436 = EDGE_CURVE('',#1437,#1439,#1441,.T.);
#1437 = VERTEX_POINT('',#1438);
#1438 = CARTESIAN_POINT('',(53.171572875254,6.000000100078,2.));
#1439 = VERTEX_POINT('',#1440);
#1440 = CARTESIAN_POINT('',(53.171572875254,6.000000100078,4.));
#1441 = SURFACE_CURVE('',#1442,(#1446,#1453),.PCURVE_S1.);
#1442 = LINE('',#1443,#1444);
#1443 = CARTESIAN_POINT('',(53.171572875254,6.000000100078,0.));
#1444 = VECTOR('',#1445,1.);
#1445 = DIRECTION('',(0.,0.,1.));
#1446 = PCURVE('',#1312,#1447);
#1447 = DEFINITIONAL_REPRESENTATION('',(#1448),#1452);
#1448 = LINE('',#1449,#1450);
#1449 = CARTESIAN_POINT('',(2.801755744136,0.));
#1450 = VECTOR('',#1451,1.);
#1451 = DIRECTION('',(0.,1.));
#1452 = ( GEOMETRIC_REPRESENTATION_CONTEXT(2) 
PARAMETRIC_REPRESENTATION_CONTEXT() REPRESENTATION_CONTEXT('2D SPACE',''
  ) );
#1453 = PCURVE('',#1454,#1459);
#1454 = PLANE('',#1455);
#1455 = AXIS2_PLACEMENT_3D('',#1456,#1457,#1458);
#1456 = CARTESIAN_POINT('',(0.,6.000000100078,2.));
#1457 = DIRECTION('',(0.,1.,0.));
#1458 = DIRECTION('',(0.,0.,1.));
#1459 = DEFINITIONAL_REPRESENTATION('',(#1460),#1464);
#1460 = LINE('',#1461,#1462);
#1461 = CARTESIAN_POINT('',(-2.,53.171572875254));
#1462 = VECTOR('',#1463,1.);
#1463 = DIRECTION('',(1.,0.));
#1464 = ( GEOMETRIC_REPRESENTATION_CONTEXT(2) 
PARAMETRIC_REPRESENTATION_CONTEXT() REPRESENTATION_CONTEXT('2D SPACE',''
  ) );
#1465 = ORIENTED_EDGE('',*,*,#1466,.T.);
#1466 = EDGE_CURVE('',#1439,#1467,#1469,.T.);
#1467 = VERTEX_POINT('',#1468);
#1468 = CARTESIAN_POINT('',(53.171572875254,4.000000100078,4.));
#1469 = SURFACE_CURVE('',#1470,(#1475,#1482),.PCURVE_S1.);
#1470 = CIRCLE('',#1471,3.);
#1471 = AXIS2_PLACEMENT_3D('',#1472,#1473,#1474);
#1472 = CARTESIAN_POINT('',(56.,5.000000100078,4.));
#1473 = DIRECTION('',(0.,0.,1.));
#1474 = DIRECTION('',(1.,0.,-0.));
#1475 = PCURVE('',#1312,#1476);
#1476 = DEFINITIONAL_REPRESENTATION('',(#1477),#1481);
#1477 = LINE('',#1478,#1479);
#1478 = CARTESIAN_POINT('',(0.,4.));
#1479 = VECTOR('',#1480,1.);
#1480 = DIRECTION('',(1.,0.));
#1481 = ( GEOMETRIC_REPRESENTATION_CONTEXT(2) 
PARAMETRIC_REPRESENTATION_CONTEXT() REPRESENTATION_CONTEXT('2D SPACE',''
  ) );
#1482 = PCURVE('',#1483,#1488);
#1483 = PLANE('',#1484);
#1484 = AXIS2_PLACEMENT_3D('',#1485,#1486,#1487);
#1485 = CARTESIAN_POINT('',(0.,4.000000100078,4.));
#1486 = DIRECTION('',(0.,0.,1.));
#1487 = DIRECTION('',(1.,0.,0.));
#1488 = DEFINITIONAL_REPRESENTATION('',(#1489),#1493);
#1489 = CIRCLE('',#1490,3.);
#1490 = AXIS2_PLACEMENT_2D('',#1491,#1492);
#1491 = CARTESIAN_POINT('',(56.,1.));
#1492 = DIRECTION('',(1.,0.));
#1493 = ( GEOMETRIC_REPRESENTATION_CONTEXT(2) 
PARAMETRIC_REPRESENTATION_CONTEXT() REPRESENTATION_CONTEXT('2D SPACE',''
  ) );
#1494 = ORIENTED_EDGE('',*,*,#1495,.F.);
#1495 = EDGE_CURVE('',#1496,#1467,#1498,.T.);
#1496 = VERTEX_POINT('',#1497);
#1497 = CARTESIAN_POINT('',(53.171572875254,4.000000100078,2.));
#1498 = SURFACE_CURVE('',#1499,(#1503,#1510),.PCURVE_S1.);
#1499 = LINE('',#1500,#1501);
#1500 = CARTESIAN_POINT('',(53.171572875254,4.000000100078,0.));
#1501 = VECTOR('',#1502,1.);
#1502 = DIRECTION('',(0.,0.,1.));
#1503 = PCURVE('',#1312,#1504);
#1504 = DEFINITIONAL_REPRESENTATION('',(#1505),#1509);
#1505 = LINE('',#1506,#1507);
#1506 = CARTESIAN_POINT('',(3.481429563044,0.));
#1507 = VECTOR('',#1508,1.);
#1508 = DIRECTION('',(0.,1.));
#1509 = ( GEOMETRIC_REPRESENTATION_CONTEXT(2) 
PARAMETRIC_REPRESENTATION_CONTEXT() REPRESENTATION_CONTEXT('2D SPACE',''
  ) );
#1510 = PCURVE('',#1511,#1516);
#1511 = PLANE('',#1512);
#1512 = AXIS2_PLACEMENT_3D('',#1513,#1514,#1515);
#1513 = CARTESIAN_POINT('',(0.,4.000000100078,2.));
#1514 = DIRECTION('',(0.,1.,0.));
#1515 = DIRECTION('',(0.,0.,1.));
#1516 = DEFINITIONAL_REPRESENTATION('',(#1517),#1521);
#1517 = LINE('',#1518,#1519);
#1518 = CARTESIAN_POINT('',(-2.,53.171572875254));
#1519 = VECTOR('',#1520,1.);
#1520 = DIRECTION('',(1.,0.));
#1521 = ( GEOMETRIC_REPRESENTATION_CONTEXT(2) 
PARAMETRIC_REPRESENTATION_CONTEXT() REPRESENTATION_CONTEXT('2D SPACE',''
  ) );
#1522 = ORIENTED_EDGE('',*,*,#1523,.F.);
#1523 = EDGE_CURVE('',#1437,#1496,#1524,.T.);
#1524 = SURFACE_CURVE('',#1525,(#1530,#1537),.PCURVE_S1.);
#1525 = CIRCLE('',#1526,3.);
#1526 = AXIS2_PLACEMENT_3D('',#1527,#1528,#1529);
#1527 = CARTESIAN_POINT('',(56.,5.000000100078,2.));
#1528 = DIRECTION('',(0.,0.,1.));
#1529 = DIRECTION('',(1.,0.,-0.));
#1530 = PCURVE('',#1312,#1531);
#1531 = DEFINITIONAL_REPRESENTATION('',(#1532),#1536);
#1532 = LINE('',#1533,#1534);
#1533 = CARTESIAN_POINT('',(0.,2.));
#1534 = VECTOR('',#1535,1.);
#1535 = DIRECTION('',(1.,0.));
#1536 = ( GEOMETRIC_REPRESENTATION_CONTEXT(2) 
PARAMETRIC_REPRESENTATION_CONTEXT() REPRESENTATION_CONTEXT('2D SPACE',''
  ) );
#1537 = PCURVE('',#1538,#1543);
#1538 = PLANE('',#1539);
#1539 = AXIS2_PLACEMENT_3D('',#1540,#1541,#1542);
#1540 = CARTESIAN_POINT('',(0.,4.000000100078,2.));
#1541 = DIRECTION('',(0.,0.,1.));
#1542 = DIRECTION('',(1.,0.,0.));
#1543 = DEFINITIONAL_REPRESENTATION('',(#1544),#1548);
#1544 = CIRCLE('',#1545,3.);
#1545 = AXIS2_PLACEMENT_2D('',#1546,#1547);
#1546 = CARTESIAN_POINT('',(56.,1.));
#1547 = DIRECTION('',(1.,0.));
#1548 = ( GEOMETRIC_REPRESENTATION_CONTEXT(2) 
PARAMETRIC_REPRESENTATION_CONTEXT() REPRESENTATION_CONTEXT('2D SPACE',''
  ) );
#1549 = ADVANCED_FACE('',(#1550),#1366,.T.);
#1550 = FACE_BOUND('',#1551,.T.);
#1551 = EDGE_LOOP('',(#1552));
#1552 = ORIENTED_EDGE('',*,*,#1351,.T.);
#1553 = ADVANCED_FACE('',(#1554),#1422,.F.);
#1554 = FACE_BOUND('',#1555,.T.);
#1555 = EDGE_LOOP('',(#1556));
#1556 = ORIENTED_EDGE('',*,*,#1407,.F.);
#1557 = ADVANCED_FACE('',(#1558),#1454,.T.);
#1558 = FACE_BOUND('',#1559,.T.);
#1559 = EDGE_LOOP('',(#1560,#1583,#1611,#1632));
#1560 = ORIENTED_EDGE('',*,*,#1561,.F.);
#1561 = EDGE_CURVE('',#1562,#1437,#1564,.T.);
#1562 = VERTEX_POINT('',#1563);
#1563 = CARTESIAN_POINT('',(17.,6.000000100078,2.));
#1564 = SURFACE_CURVE('',#1565,(#1569,#1576),.PCURVE_S1.);
#1565 = LINE('',#1566,#1567);
#1566 = CARTESIAN_POINT('',(0.,6.000000100078,2.));
#1567 = VECTOR('',#1568,1.);
#1568 = DIRECTION('',(1.,0.,0.));
#1569 = PCURVE('',#1454,#1570);
#1570 = DEFINITIONAL_REPRESENTATION('',(#1571),#1575);
#1571 = LINE('',#1572,#1573);
#1572 = CARTESIAN_POINT('',(0.,0.));
#1573 = VECTOR('',#1574,1.);
#1574 = DIRECTION('',(0.,1.));
#1575 = ( GEOMETRIC_REPRESENTATION_CONTEXT(2) 
PARAMETRIC_REPRESENTATION_CONTEXT() REPRESENTATION_CONTEXT('2D SPACE',''
  ) );
#1576 = PCURVE('',#1538,#1577);
#1577 = DEFINITIONAL_REPRESENTATION('',(#1578),#1582);
#1578 = LINE('',#1579,#1580);
#1579 = CARTESIAN_POINT('',(0.,2.));
#1580 = VECTOR('',#1581,1.);
#1581 = DIRECTION('',(1.,0.));
#1582 = ( GEOMETRIC_REPRESENTATION_CONTEXT(2) 
PARAMETRIC_REPRESENTATION_CONTEXT() REPRESENTATION_CONTEXT('2D SPACE',''
  ) );
#1583 = ORIENTED_EDGE('',*,*,#1584,.F.);
#1584 = EDGE_CURVE('',#1585,#1562,#1587,.T.);
#1585 = VERTEX_POINT('',#1586);
#1586 = CARTESIAN_POINT('',(17.,6.000000100078,4.));
#1587 = SURFACE_CURVE('',#1588,(#1592,#1599),.PCURVE_S1.);
#1588 = LINE('',#1589,#1590);
#1589 = CARTESIAN_POINT('',(17.,6.000000100078,2.));
#1590 = VECTOR('',#1591,1.);
#1591 = DIRECTION('',(0.,0.,-1.));
#1592 = PCURVE('',#1454,#1593);
#1593 = DEFINITIONAL_REPRESENTATION('',(#1594),#1598);
#1594 = LINE('',#1595,#1596);
#1595 = CARTESIAN_POINT('',(0.,17.));
#1596 = VECTOR('',#1597,1.);
#1597 = DIRECTION('',(-1.,0.));
#1598 = ( GEOMETRIC_REPRESENTATION_CONTEXT(2) 
PARAMETRIC_REPRESENTATION_CONTEXT() REPRESENTATION_CONTEXT('2D SPACE',''
  ) );
#1599 = PCURVE('',#1600,#1605);
#1600 = PLANE('',#1601);
#1601 = AXIS2_PLACEMENT_3D('',#1602,#1603,#1604);
#1602 = CARTESIAN_POINT('',(17.,5.000000100078,2.));
#1603 = DIRECTION('',(1.,0.,0.));
#1604 = DIRECTION('',(0.,0.,1.));
#1605 = DEFINITIONAL_REPRESENTATION('',(#1606),#1610);
#1606 = LINE('',#1607,#1608);
#1607 = CARTESIAN_POINT('',(0.,-1.));
#1608 = VECTOR('',#1609,1.);
#1609 = DIRECTION('',(-1.,0.));
#1610 = ( GEOMETRIC_REPRESENTATION_CONTEXT(2) 
PARAMETRIC_REPRESENTATION_CONTEXT() REPRESENTATION_CONTEXT('2D SPACE',''
  ) );
#1611 = ORIENTED_EDGE('',*,*,#1612,.T.);
#1612 = EDGE_CURVE('',#1585,#1439,#1613,.T.);
#1613 = SURFACE_CURVE('',#1614,(#1618,#1625),.PCURVE_S1.);
#1614 = LINE('',#1615,#1616);
#1615 = CARTESIAN_POINT('',(0.,6.000000100078,4.));
#1616 = VECTOR('',#1617,1.);
#1617 = DIRECTION('',(1.,0.,0.));
#1618 = PCURVE('',#1454,#1619);
#1619 = DEFINITIONAL_REPRESENTATION('',(#1620),#1624);
#1620 = LINE('',#1621,#1622);
#1621 = CARTESIAN_POINT('',(2.,0.));
#1622 = VECTOR('',#1623,1.);
#1623 = DIRECTION('',(0.,1.));
#1624 = ( GEOMETRIC_REPRESENTATION_CONTEXT(2) 
PARAMETRIC_REPRESENTATION_CONTEXT() REPRESENTATION_CONTEXT('2D SPACE',''
  ) );
#1625 = PCURVE('',#1483,#1626);
#1626 = DEFINITIONAL_REPRESENTATION('',(#1627),#1631);
#1627 = LINE('',#1628,#1629);
#1628 = CARTESIAN_POINT('',(0.,2.));
#1629 = VECTOR('',#1630,1.);
#1630 = DIRECTION('',(1.,0.));
#1631 = ( GEOMETRIC_REPRESENTATION_CONTEXT(2) 
PARAMETRIC_REPRESENTATION_CONTEXT() REPRESENTATION_CONTEXT('2D SPACE',''
  ) );
#1632 = ORIENTED_EDGE('',*,*,#1436,.F.);
#1633 = ADVANCED_FACE('',(#1634),#1538,.F.);
#1634 = FACE_BOUND('',#1635,.F.);
#1635 = EDGE_LOOP('',(#1636,#1666,#1687,#1688,#1689,#1712,#1740,#1768,
    #1796,#1824));
#1636 = ORIENTED_EDGE('',*,*,#1637,.F.);
#1637 = EDGE_CURVE('',#1638,#1640,#1642,.T.);
#1638 = VERTEX_POINT('',#1639);
#1639 = CARTESIAN_POINT('',(0.,4.000000100078,2.));
#1640 = VERTEX_POINT('',#1641);
#1641 = CARTESIAN_POINT('',(0.,24.000000100078,2.));
#1642 = SURFACE_CURVE('',#1643,(#1647,#1654),.PCURVE_S1.);
#1643 = LINE('',#1644,#1645);
#1644 = CARTESIAN_POINT('',(0.,4.000000100078,2.));
#1645 = VECTOR('',#1646,1.);
#1646 = DIRECTION('',(0.,1.,0.));
#1647 = PCURVE('',#1538,#1648);
#1648 = DEFINITIONAL_REPRESENTATION('',(#1649),#1653);
#1649 = LINE('',#1650,#1651);
#1650 = CARTESIAN_POINT('',(0.,0.));
#1651 = VECTOR('',#1652,1.);
#1652 = DIRECTION('',(0.,1.));
#1653 = ( GEOMETRIC_REPRESENTATION_CONTEXT(2) 
PARAMETRIC_REPRESENTATION_CONTEXT() REPRESENTATION_CONTEXT('2D SPACE',''
  ) );
#1654 = PCURVE('',#1655,#1660);
#1655 = PLANE('',#1656);
#1656 = AXIS2_PLACEMENT_3D('',#1657,#1658,#1659);
#1657 = CARTESIAN_POINT('',(0.,4.000000100078,2.));
#1658 = DIRECTION('',(1.,0.,0.));
#1659 = DIRECTION('',(0.,0.,1.));
#1660 = DEFINITIONAL_REPRESENTATION('',(#1661),#1665);
#1661 = LINE('',#1662,#1663);
#1662 = CARTESIAN_POINT('',(0.,0.));
#1663 = VECTOR('',#1664,1.);
#1664 = DIRECTION('',(0.,-1.));
#1665 = ( GEOMETRIC_REPRESENTATION_CONTEXT(2) 
PARAMETRIC_REPRESENTATION_CONTEXT() REPRESENTATION_CONTEXT('2D SPACE',''
  ) );
#1666 = ORIENTED_EDGE('',*,*,#1667,.T.);
#1667 = EDGE_CURVE('',#1638,#1496,#1668,.T.);
#1668 = SURFACE_CURVE('',#1669,(#1673,#1680),.PCURVE_S1.);
#1669 = LINE('',#1670,#1671);
#1670 = CARTESIAN_POINT('',(0.,4.000000100078,2.));
#1671 = VECTOR('',#1672,1.);
#1672 = DIRECTION('',(1.,0.,0.));
#1673 = PCURVE('',#1538,#1674);
#1674 = DEFINITIONAL_REPRESENTATION('',(#1675),#1679);
#1675 = LINE('',#1676,#1677);
#1676 = CARTESIAN_POINT('',(0.,0.));
#1677 = VECTOR('',#1678,1.);
#1678 = DIRECTION('',(1.,0.));
#1679 = ( GEOMETRIC_REPRESENTATION_CONTEXT(2) 
PARAMETRIC_REPRESENTATION_CONTEXT() REPRESENTATION_CONTEXT('2D SPACE',''
  ) );
#1680 = PCURVE('',#1511,#1681);
#1681 = DEFINITIONAL_REPRESENTATION('',(#1682),#1686);
#1682 = LINE('',#1683,#1684);
#1683 = CARTESIAN_POINT('',(0.,0.));
#1684 = VECTOR('',#1685,1.);
#1685 = DIRECTION('',(0.,1.));
#1686 = ( GEOMETRIC_REPRESENTATION_CONTEXT(2) 
PARAMETRIC_REPRESENTATION_CONTEXT() REPRESENTATION_CONTEXT('2D SPACE',''
  ) );
#1687 = ORIENTED_EDGE('',*,*,#1523,.F.);
#1688 = ORIENTED_EDGE('',*,*,#1561,.F.);
#1689 = ORIENTED_EDGE('',*,*,#1690,.T.);
#1690 = EDGE_CURVE('',#1562,#1691,#1693,.T.);
#1691 = VERTEX_POINT('',#1692);
#1692 = CARTESIAN_POINT('',(17.,24.000000100078,2.));
#1693 = SURFACE_CURVE('',#1694,(#1698,#1705),.PCURVE_S1.);
#1694 = LINE('',#1695,#1696);
#1695 = CARTESIAN_POINT('',(17.,5.000000100078,2.));
#1696 = VECTOR('',#1697,1.);
#1697 = DIRECTION('',(0.,1.,0.));
#1698 = PCURVE('',#1538,#1699);
#1699 = DEFINITIONAL_REPRESENTATION('',(#1700),#1704);
#1700 = LINE('',#1701,#1702);
#1701 = CARTESIAN_POINT('',(17.,1.));
#1702 = VECTOR('',#1703,1.);
#1703 = DIRECTION('',(0.,1.));
#1704 = ( GEOMETRIC_REPRESENTATION_CONTEXT(2) 
PARAMETRIC_REPRESENTATION_CONTEXT() REPRESENTATION_CONTEXT('2D SPACE',''
  ) );
#1705 = PCURVE('',#1600,#1706);
#1706 = DEFINITIONAL_REPRESENTATION('',(#1707),#1711);
#1707 = LINE('',#1708,#1709);
#1708 = CARTESIAN_POINT('',(0.,0.));
#1709 = VECTOR('',#1710,1.);
#1710 = DIRECTION('',(0.,-1.));
#1711 = ( GEOMETRIC_REPRESENTATION_CONTEXT(2) 
PARAMETRIC_REPRESENTATION_CONTEXT() REPRESENTATION_CONTEXT('2D SPACE',''
  ) );
#1712 = ORIENTED_EDGE('',*,*,#1713,.F.);
#1713 = EDGE_CURVE('',#1714,#1691,#1716,.T.);
#1714 = VERTEX_POINT('',#1715);
#1715 = CARTESIAN_POINT('',(15.,24.000000100078,2.));
#1716 = SURFACE_CURVE('',#1717,(#1721,#1728),.PCURVE_S1.);
#1717 = LINE('',#1718,#1719);
#1718 = CARTESIAN_POINT('',(15.,24.000000100078,2.));
#1719 = VECTOR('',#1720,1.);
#1720 = DIRECTION('',(1.,0.,0.));
#1721 = PCURVE('',#1538,#1722);
#1722 = DEFINITIONAL_REPRESENTATION('',(#1723),#1727);
#1723 = LINE('',#1724,#1725);
#1724 = CARTESIAN_POINT('',(15.,20.));
#1725 = VECTOR('',#1726,1.);
#1726 = DIRECTION('',(1.,0.));
#1727 = ( GEOMETRIC_REPRESENTATION_CONTEXT(2) 
PARAMETRIC_REPRESENTATION_CONTEXT() REPRESENTATION_CONTEXT('2D SPACE',''
  ) );
#1728 = PCURVE('',#1729,#1734);
#1729 = PLANE('',#1730);
#1730 = AXIS2_PLACEMENT_3D('',#1731,#1732,#1733);
#1731 = CARTESIAN_POINT('',(15.,24.000000100078,2.));
#1732 = DIRECTION('',(0.,1.,0.));
#1733 = DIRECTION('',(0.,0.,1.));
#1734 = DEFINITIONAL_REPRESENTATION('',(#1735),#1739);
#1735 = LINE('',#1736,#1737);
#1736 = CARTESIAN_POINT('',(0.,0.));
#1737 = VECTOR('',#1738,1.);
#1738 = DIRECTION('',(0.,1.));
#1739 = ( GEOMETRIC_REPRESENTATION_CONTEXT(2) 
PARAMETRIC_REPRESENTATION_CONTEXT() REPRESENTATION_CONTEXT('2D SPACE',''
  ) );
#1740 = ORIENTED_EDGE('',*,*,#1741,.F.);
#1741 = EDGE_CURVE('',#1742,#1714,#1744,.T.);
#1742 = VERTEX_POINT('',#1743);
#1743 = CARTESIAN_POINT('',(15.,6.000000100078,2.));
#1744 = SURFACE_CURVE('',#1745,(#1749,#1756),.PCURVE_S1.);
#1745 = LINE('',#1746,#1747);
#1746 = CARTESIAN_POINT('',(15.,5.000000100078,2.));
#1747 = VECTOR('',#1748,1.);
#1748 = DIRECTION('',(0.,1.,0.));
#1749 = PCURVE('',#1538,#1750);
#1750 = DEFINITIONAL_REPRESENTATION('',(#1751),#1755);
#1751 = LINE('',#1752,#1753);
#1752 = CARTESIAN_POINT('',(15.,1.));
#1753 = VECTOR('',#1754,1.);
#1754 = DIRECTION('',(0.,1.));
#1755 = ( GEOMETRIC_REPRESENTATION_CONTEXT(2) 
PARAMETRIC_REPRESENTATION_CONTEXT() REPRESENTATION_CONTEXT('2D SPACE',''
  ) );
#1756 = PCURVE('',#1757,#1762);
#1757 = PLANE('',#1758);
#1758 = AXIS2_PLACEMENT_3D('',#1759,#1760,#1761);
#1759 = CARTESIAN_POINT('',(15.,5.000000100078,2.));
#1760 = DIRECTION('',(1.,0.,0.));
#1761 = DIRECTION('',(0.,0.,1.));
#1762 = DEFINITIONAL_REPRESENTATION('',(#1763),#1767);
#1763 = LINE('',#1764,#1765);
#1764 = CARTESIAN_POINT('',(0.,0.));
#1765 = VECTOR('',#1766,1.);
#1766 = DIRECTION('',(0.,-1.));
#1767 = ( GEOMETRIC_REPRESENTATION_CONTEXT(2) 
PARAMETRIC_REPRESENTATION_CONTEXT() REPRESENTATION_CONTEXT('2D SPACE',''
  ) );
#1768 = ORIENTED_EDGE('',*,*,#1769,.F.);
#1769 = EDGE_CURVE('',#1770,#1742,#1772,.T.);
#1770 = VERTEX_POINT('',#1771);
#1771 = CARTESIAN_POINT('',(2.,6.000000100078,2.));
#1772 = SURFACE_CURVE('',#1773,(#1777,#1784),.PCURVE_S1.);
#1773 = LINE('',#1774,#1775);
#1774 = CARTESIAN_POINT('',(0.,6.000000100078,2.));
#1775 = VECTOR('',#1776,1.);
#1776 = DIRECTION('',(1.,0.,0.));
#1777 = PCURVE('',#1538,#1778);
#1778 = DEFINITIONAL_REPRESENTATION('',(#1779),#1783);
#1779 = LINE('',#1780,#1781);
#1780 = CARTESIAN_POINT('',(0.,2.));
#1781 = VECTOR('',#1782,1.);
#1782 = DIRECTION('',(1.,0.));
#1783 = ( GEOMETRIC_REPRESENTATION_CONTEXT(2) 
PARAMETRIC_REPRESENTATION_CONTEXT() REPRESENTATION_CONTEXT('2D SPACE',''
  ) );
#1784 = PCURVE('',#1785,#1790);
#1785 = PLANE('',#1786);
#1786 = AXIS2_PLACEMENT_3D('',#1787,#1788,#1789);
#1787 = CARTESIAN_POINT('',(0.,6.000000100078,2.));
#1788 = DIRECTION('',(0.,1.,0.));
#1789 = DIRECTION('',(0.,0.,1.));
#1790 = DEFINITIONAL_REPRESENTATION('',(#1791),#1795);
#1791 = LINE('',#1792,#1793);
#1792 = CARTESIAN_POINT('',(0.,0.));
#1793 = VECTOR('',#1794,1.);
#1794 = DIRECTION('',(0.,1.));
#1795 = ( GEOMETRIC_REPRESENTATION_CONTEXT(2) 
PARAMETRIC_REPRESENTATION_CONTEXT() REPRESENTATION_CONTEXT('2D SPACE',''
  ) );
#1796 = ORIENTED_EDGE('',*,*,#1797,.T.);
#1797 = EDGE_CURVE('',#1770,#1798,#1800,.T.);
#1798 = VERTEX_POINT('',#1799);
#1799 = CARTESIAN_POINT('',(2.,24.000000100078,2.));
#1800 = SURFACE_CURVE('',#1801,(#1805,#1812),.PCURVE_S1.);
#1801 = LINE('',#1802,#1803);
#1802 = CARTESIAN_POINT('',(2.,5.000000100078,2.));
#1803 = VECTOR('',#1804,1.);
#1804 = DIRECTION('',(0.,1.,0.));
#1805 = PCURVE('',#1538,#1806);
#1806 = DEFINITIONAL_REPRESENTATION('',(#1807),#1811);
#1807 = LINE('',#1808,#1809);
#1808 = CARTESIAN_POINT('',(2.,1.));
#1809 = VECTOR('',#1810,1.);
#1810 = DIRECTION('',(0.,1.));
#1811 = ( GEOMETRIC_REPRESENTATION_CONTEXT(2) 
PARAMETRIC_REPRESENTATION_CONTEXT() REPRESENTATION_CONTEXT('2D SPACE',''
  ) );
#1812 = PCURVE('',#1813,#1818);
#1813 = PLANE('',#1814);
#1814 = AXIS2_PLACEMENT_3D('',#1815,#1816,#1817);
#1815 = CARTESIAN_POINT('',(2.,5.000000100078,2.));
#1816 = DIRECTION('',(1.,0.,0.));
#1817 = DIRECTION('',(0.,0.,1.));
#1818 = DEFINITIONAL_REPRESENTATION('',(#1819),#1823);
#1819 = LINE('',#1820,#1821);
#1820 = CARTESIAN_POINT('',(0.,0.));
#1821 = VECTOR('',#1822,1.);
#1822 = DIRECTION('',(0.,-1.));
#1823 = ( GEOMETRIC_REPRESENTATION_CONTEXT(2) 
PARAMETRIC_REPRESENTATION_CONTEXT() REPRESENTATION_CONTEXT('2D SPACE',''
  ) );
#1824 = ORIENTED_EDGE('',*,*,#1825,.F.);
#1825 = EDGE_CURVE('',#1640,#1798,#1826,.T.);
#1826 = SURFACE_CURVE('',#1827,(#1831,#1838),.PCURVE_S1.);
#1827 = LINE('',#1828,#1829);
#1828 = CARTESIAN_POINT('',(0.,24.000000100078,2.));
#1829 = VECTOR('',#1830,1.);
#1830 = DIRECTION('',(1.,0.,0.));
#1831 = PCURVE('',#1538,#1832);
#1832 = DEFINITIONAL_REPRESENTATION('',(#1833),#1837);
#1833 = LINE('',#1834,#1835);
#1834 = CARTESIAN_POINT('',(0.,20.));
#1835 = VECTOR('',#1836,1.);
#1836 = DIRECTION('',(1.,0.));
#1837 = ( GEOMETRIC_REPRESENTATION_CONTEXT(2) 
PARAMETRIC_REPRESENTATION_CONTEXT() REPRESENTATION_CONTEXT('2D SPACE',''
  ) );
#1838 = PCURVE('',#1839,#1844);
#1839 = PLANE('',#1840);
#1840 = AXIS2_PLACEMENT_3D('',#1841,#1842,#1843);
#1841 = CARTESIAN_POINT('',(0.,24.000000100078,2.));
#1842 = DIRECTION('',(0.,1.,0.));
#1843 = DIRECTION('',(0.,0.,1.));
#1844 = DEFINITIONAL_REPRESENTATION('',(#1845),#1849);
#1845 = LINE('',#1846,#1847);
#1846 = CARTESIAN_POINT('',(0.,0.));
#1847 = VECTOR('',#1848,1.);
#1848 = DIRECTION('',(0.,1.));
#1849 = ( GEOMETRIC_REPRESENTATION_CONTEXT(2) 
PARAMETRIC_REPRESENTATION_CONTEXT() REPRESENTATION_CONTEXT('2D SPACE',''
  ) );
#1850 = ADVANCED_FACE('',(#1851),#1511,.F.);
#1851 = FACE_BOUND('',#1852,.F.);
#1852 = EDGE_LOOP('',(#1853,#1854,#1877,#1898));
#1853 = ORIENTED_EDGE('',*,*,#1667,.F.);
#1854 = ORIENTED_EDGE('',*,*,#1855,.T.);
#1855 = EDGE_CURVE('',#1638,#1856,#1858,.T.);
#1856 = VERTEX_POINT('',#1857);
#1857 = CARTESIAN_POINT('',(0.,4.000000100078,4.));
#1858 = SURFACE_CURVE('',#1859,(#1863,#1870),.PCURVE_S1.);
#1859 = LINE('',#1860,#1861);
#1860 = CARTESIAN_POINT('',(0.,4.000000100078,2.));
#1861 = VECTOR('',#1862,1.);
#1862 = DIRECTION('',(0.,0.,1.));
#1863 = PCURVE('',#1511,#1864);
#1864 = DEFINITIONAL_REPRESENTATION('',(#1865),#1869);
#1865 = LINE('',#1866,#1867);
#1866 = CARTESIAN_POINT('',(0.,0.));
#1867 = VECTOR('',#1868,1.);
#1868 = DIRECTION('',(1.,0.));
#1869 = ( GEOMETRIC_REPRESENTATION_CONTEXT(2) 
PARAMETRIC_REPRESENTATION_CONTEXT() REPRESENTATION_CONTEXT('2D SPACE',''
  ) );
#1870 = PCURVE('',#1655,#1871);
#1871 = DEFINITIONAL_REPRESENTATION('',(#1872),#1876);
#1872 = LINE('',#1873,#1874);
#1873 = CARTESIAN_POINT('',(0.,0.));
#1874 = VECTOR('',#1875,1.);
#1875 = DIRECTION('',(1.,0.));
#1876 = ( GEOMETRIC_REPRESENTATION_CONTEXT(2) 
PARAMETRIC_REPRESENTATION_CONTEXT() REPRESENTATION_CONTEXT('2D SPACE',''
  ) );
#1877 = ORIENTED_EDGE('',*,*,#1878,.T.);
#1878 = EDGE_CURVE('',#1856,#1467,#1879,.T.);
#1879 = SURFACE_CURVE('',#1880,(#1884,#1891),.PCURVE_S1.);
#1880 = LINE('',#1881,#1882);
#1881 = CARTESIAN_POINT('',(0.,4.000000100078,4.));
#1882 = VECTOR('',#1883,1.);
#1883 = DIRECTION('',(1.,0.,0.));
#1884 = PCURVE('',#1511,#1885);
#1885 = DEFINITIONAL_REPRESENTATION('',(#1886),#1890);
#1886 = LINE('',#1887,#1888);
#1887 = CARTESIAN_POINT('',(2.,0.));
#1888 = VECTOR('',#1889,1.);
#1889 = DIRECTION('',(0.,1.));
#1890 = ( GEOMETRIC_REPRESENTATION_CONTEXT(2) 
PARAMETRIC_REPRESENTATION_CONTEXT() REPRESENTATION_CONTEXT('2D SPACE',''
  ) );
#1891 = PCURVE('',#1483,#1892);
#1892 = DEFINITIONAL_REPRESENTATION('',(#1893),#1897);
#1893 = LINE('',#1894,#1895);
#1894 = CARTESIAN_POINT('',(0.,0.));
#1895 = VECTOR('',#1896,1.);
#1896 = DIRECTION('',(1.,0.));
#1897 = ( GEOMETRIC_REPRESENTATION_CONTEXT(2) 
PARAMETRIC_REPRESENTATION_CONTEXT() REPRESENTATION_CONTEXT('2D SPACE',''
  ) );
#1898 = ORIENTED_EDGE('',*,*,#1495,.F.);
#1899 = ADVANCED_FACE('',(#1900),#1483,.T.);
#1900 = FACE_BOUND('',#1901,.T.);
#1901 = EDGE_LOOP('',(#1902,#1903,#1904,#1905,#1928,#1951,#1974,#1997,
    #2020,#2043));
#1902 = ORIENTED_EDGE('',*,*,#1878,.T.);
#1903 = ORIENTED_EDGE('',*,*,#1466,.F.);
#1904 = ORIENTED_EDGE('',*,*,#1612,.F.);
#1905 = ORIENTED_EDGE('',*,*,#1906,.T.);
#1906 = EDGE_CURVE('',#1585,#1907,#1909,.T.);
#1907 = VERTEX_POINT('',#1908);
#1908 = CARTESIAN_POINT('',(17.,24.000000100078,4.));
#1909 = SURFACE_CURVE('',#1910,(#1914,#1921),.PCURVE_S1.);
#1910 = LINE('',#1911,#1912);
#1911 = CARTESIAN_POINT('',(17.,5.000000100078,4.));
#1912 = VECTOR('',#1913,1.);
#1913 = DIRECTION('',(0.,1.,0.));
#1914 = PCURVE('',#1483,#1915);
#1915 = DEFINITIONAL_REPRESENTATION('',(#1916),#1920);
#1916 = LINE('',#1917,#1918);
#1917 = CARTESIAN_POINT('',(17.,1.));
#1918 = VECTOR('',#1919,1.);
#1919 = DIRECTION('',(0.,1.));
#1920 = ( GEOMETRIC_REPRESENTATION_CONTEXT(2) 
PARAMETRIC_REPRESENTATION_CONTEXT() REPRESENTATION_CONTEXT('2D SPACE',''
  ) );
#1921 = PCURVE('',#1600,#1922);
#1922 = DEFINITIONAL_REPRESENTATION('',(#1923),#1927);
#1923 = LINE('',#1924,#1925);
#1924 = CARTESIAN_POINT('',(2.,0.));
#1925 = VECTOR('',#1926,1.);
#1926 = DIRECTION('',(0.,-1.));
#1927 = ( GEOMETRIC_REPRESENTATION_CONTEXT(2) 
PARAMETRIC_REPRESENTATION_CONTEXT() REPRESENTATION_CONTEXT('2D SPACE',''
  ) );
#1928 = ORIENTED_EDGE('',*,*,#1929,.F.);
#1929 = EDGE_CURVE('',#1930,#1907,#1932,.T.);
#1930 = VERTEX_POINT('',#1931);
#1931 = CARTESIAN_POINT('',(15.,24.000000100078,4.));
#1932 = SURFACE_CURVE('',#1933,(#1937,#1944),.PCURVE_S1.);
#1933 = LINE('',#1934,#1935);
#1934 = CARTESIAN_POINT('',(15.,24.000000100078,4.));
#1935 = VECTOR('',#1936,1.);
#1936 = DIRECTION('',(1.,0.,0.));
#1937 = PCURVE('',#1483,#1938);
#1938 = DEFINITIONAL_REPRESENTATION('',(#1939),#1943);
#1939 = LINE('',#1940,#1941);
#1940 = CARTESIAN_POINT('',(15.,20.));
#1941 = VECTOR('',#1942,1.);
#1942 = DIRECTION('',(1.,0.));
#1943 = ( GEOMETRIC_REPRESENTATION_CONTEXT(2) 
PARAMETRIC_REPRESENTATION_CONTEXT() REPRESENTATION_CONTEXT('2D SPACE',''
  ) );
#1944 = PCURVE('',#1729,#1945);
#1945 = DEFINITIONAL_REPRESENTATION('',(#1946),#1950);
#1946 = LINE('',#1947,#1948);
#1947 = CARTESIAN_POINT('',(2.,0.));
#1948 = VECTOR('',#1949,1.);
#1949 = DIRECTION('',(0.,1.));
#1950 = ( GEOMETRIC_REPRESENTATION_CONTEXT(2) 
PARAMETRIC_REPRESENTATION_CONTEXT() REPRESENTATION_CONTEXT('2D SPACE',''
  ) );
#1951 = ORIENTED_EDGE('',*,*,#1952,.F.);
#1952 = EDGE_CURVE('',#1953,#1930,#1955,.T.);
#1953 = VERTEX_POINT('',#1954);
#1954 = CARTESIAN_POINT('',(15.,6.000000100078,4.));
#1955 = SURFACE_CURVE('',#1956,(#1960,#1967),.PCURVE_S1.);
#1956 = LINE('',#1957,#1958);
#1957 = CARTESIAN_POINT('',(15.,5.000000100078,4.));
#1958 = VECTOR('',#1959,1.);
#1959 = DIRECTION('',(0.,1.,0.));
#1960 = PCURVE('',#1483,#1961);
#1961 = DEFINITIONAL_REPRESENTATION('',(#1962),#1966);
#1962 = LINE('',#1963,#1964);
#1963 = CARTESIAN_POINT('',(15.,1.));
#1964 = VECTOR('',#1965,1.);
#1965 = DIRECTION('',(0.,1.));
#1966 = ( GEOMETRIC_REPRESENTATION_CONTEXT(2) 
PARAMETRIC_REPRESENTATION_CONTEXT() REPRESENTATION_CONTEXT('2D SPACE',''
  ) );
#1967 = PCURVE('',#1757,#1968);
#1968 = DEFINITIONAL_REPRESENTATION('',(#1969),#1973);
#1969 = LINE('',#1970,#1971);
#1970 = CARTESIAN_POINT('',(2.,0.));
#1971 = VECTOR('',#1972,1.);
#1972 = DIRECTION('',(0.,-1.));
#1973 = ( GEOMETRIC_REPRESENTATION_CONTEXT(2) 
PARAMETRIC_REPRESENTATION_CONTEXT() REPRESENTATION_CONTEXT('2D SPACE',''
  ) );
#1974 = ORIENTED_EDGE('',*,*,#1975,.F.);
#1975 = EDGE_CURVE('',#1976,#1953,#1978,.T.);
#1976 = VERTEX_POINT('',#1977);
#1977 = CARTESIAN_POINT('',(2.,6.000000100078,4.));
#1978 = SURFACE_CURVE('',#1979,(#1983,#1990),.PCURVE_S1.);
#1979 = LINE('',#1980,#1981);
#1980 = CARTESIAN_POINT('',(0.,6.000000100078,4.));
#1981 = VECTOR('',#1982,1.);
#1982 = DIRECTION('',(1.,0.,0.));
#1983 = PCURVE('',#1483,#1984);
#1984 = DEFINITIONAL_REPRESENTATION('',(#1985),#1989);
#1985 = LINE('',#1986,#1987);
#1986 = CARTESIAN_POINT('',(0.,2.));
#1987 = VECTOR('',#1988,1.);
#1988 = DIRECTION('',(1.,0.));
#1989 = ( GEOMETRIC_REPRESENTATION_CONTEXT(2) 
PARAMETRIC_REPRESENTATION_CONTEXT() REPRESENTATION_CONTEXT('2D SPACE',''
  ) );
#1990 = PCURVE('',#1785,#1991);
#1991 = DEFINITIONAL_REPRESENTATION('',(#1992),#1996);
#1992 = LINE('',#1993,#1994);
#1993 = CARTESIAN_POINT('',(2.,0.));
#1994 = VECTOR('',#1995,1.);
#1995 = DIRECTION('',(0.,1.));
#1996 = ( GEOMETRIC_REPRESENTATION_CONTEXT(2) 
PARAMETRIC_REPRESENTATION_CONTEXT() REPRESENTATION_CONTEXT('2D SPACE',''
  ) );
#1997 = ORIENTED_EDGE('',*,*,#1998,.T.);
#1998 = EDGE_CURVE('',#1976,#1999,#2001,.T.);
#1999 = VERTEX_POINT('',#2000);
#2000 = CARTESIAN_POINT('',(2.,24.000000100078,4.));
#2001 = SURFACE_CURVE('',#2002,(#2006,#2013),.PCURVE_S1.);
#2002 = LINE('',#2003,#2004);
#2003 = CARTESIAN_POINT('',(2.,5.000000100078,4.));
#2004 = VECTOR('',#2005,1.);
#2005 = DIRECTION('',(0.,1.,0.));
#2006 = PCURVE('',#1483,#2007);
#2007 = DEFINITIONAL_REPRESENTATION('',(#2008),#2012);
#2008 = LINE('',#2009,#2010);
#2009 = CARTESIAN_POINT('',(2.,1.));
#2010 = VECTOR('',#2011,1.);
#2011 = DIRECTION('',(0.,1.));
#2012 = ( GEOMETRIC_REPRESENTATION_CONTEXT(2) 
PARAMETRIC_REPRESENTATION_CONTEXT() REPRESENTATION_CONTEXT('2D SPACE',''
  ) );
#2013 = PCURVE('',#1813,#2014);
#2014 = DEFINITIONAL_REPRESENTATION('',(#2015),#2019);
#2015 = LINE('',#2016,#2017);
#2016 = CARTESIAN_POINT('',(2.,0.));
#2017 = VECTOR('',#2018,1.);
#2018 = DIRECTION('',(0.,-1.));
#2019 = ( GEOMETRIC_REPRESENTATION_CONTEXT(2) 
PARAMETRIC_REPRESENTATION_CONTEXT() REPRESENTATION_CONTEXT('2D SPACE',''
  ) );
#2020 = ORIENTED_EDGE('',*,*,#2021,.F.);
#2021 = EDGE_CURVE('',#2022,#1999,#2024,.T.);
#2022 = VERTEX_POINT('',#2023);
#2023 = CARTESIAN_POINT('',(0.,24.000000100078,4.));
#2024 = SURFACE_CURVE('',#2025,(#2029,#2036),.PCURVE_S1.);
#2025 = LINE('',#2026,#2027);
#2026 = CARTESIAN_POINT('',(0.,24.000000100078,4.));
#2027 = VECTOR('',#2028,1.);
#2028 = DIRECTION('',(1.,0.,0.));
#2029 = PCURVE('',#1483,#2030);
#2030 = DEFINITIONAL_REPRESENTATION('',(#2031),#2035);
#2031 = LINE('',#2032,#2033);
#2032 = CARTESIAN_POINT('',(0.,20.));
#2033 = VECTOR('',#2034,1.);
#2034 = DIRECTION('',(1.,0.));
#2035 = ( GEOMETRIC_REPRESENTATION_CONTEXT(2) 
PARAMETRIC_REPRESENTATION_CONTEXT() REPRESENTATION_CONTEXT('2D SPACE',''
  ) );
#2036 = PCURVE('',#1839,#2037);
#2037 = DEFINITIONAL_REPRESENTATION('',(#2038),#2042);
#2038 = LINE('',#2039,#2040);
#2039 = CARTESIAN_POINT('',(2.,0.));
#2040 = VECTOR('',#2041,1.);
#2041 = DIRECTION('',(0.,1.));
#2042 = ( GEOMETRIC_REPRESENTATION_CONTEXT(2) 
PARAMETRIC_REPRESENTATION_CONTEXT() REPRESENTATION_CONTEXT('2D SPACE',''
  ) );
#2043 = ORIENTED_EDGE('',*,*,#2044,.T.);
#2044 = EDGE_CURVE('',#2022,#1856,#2045,.T.);
#2045 = SURFACE_CURVE('',#2046,(#2050,#2057),.PCURVE_S1.);
#2046 = LINE('',#2047,#2048);
#2047 = CARTESIAN_POINT('',(0.,24.000000100078,4.));
#2048 = VECTOR('',#2049,1.);
#2049 = DIRECTION('',(0.,-1.,0.));
#2050 = PCURVE('',#1483,#2051);
#2051 = DEFINITIONAL_REPRESENTATION('',(#2052),#2056);
#2052 = LINE('',#2053,#2054);
#2053 = CARTESIAN_POINT('',(0.,20.));
#2054 = VECTOR('',#2055,1.);
#2055 = DIRECTION('',(0.,-1.));
#2056 = ( GEOMETRIC_REPRESENTATION_CONTEXT(2) 
PARAMETRIC_REPRESENTATION_CONTEXT() REPRESENTATION_CONTEXT('2D SPACE',''
  ) );
#2057 = PCURVE('',#1655,#2058);
#2058 = DEFINITIONAL_REPRESENTATION('',(#2059),#2063);
#2059 = LINE('',#2060,#2061);
#2060 = CARTESIAN_POINT('',(2.,-20.));
#2061 = VECTOR('',#2062,1.);
#2062 = DIRECTION('',(0.,1.));
#2063 = ( GEOMETRIC_REPRESENTATION_CONTEXT(2) 
PARAMETRIC_REPRESENTATION_CONTEXT() REPRESENTATION_CONTEXT('2D SPACE',''
  ) );
#2064 = ADVANCED_FACE('',(#2065),#1600,.T.);
#2065 = FACE_BOUND('',#2066,.T.);
#2066 = EDGE_LOOP('',(#2067,#2068,#2069,#2070));
#2067 = ORIENTED_EDGE('',*,*,#1906,.F.);
#2068 = ORIENTED_EDGE('',*,*,#1584,.T.);
#2069 = ORIENTED_EDGE('',*,*,#1690,.T.);
#2070 = ORIENTED_EDGE('',*,*,#2071,.T.);
#2071 = EDGE_CURVE('',#1691,#1907,#2072,.T.);
#2072 = SURFACE_CURVE('',#2073,(#2077,#2084),.PCURVE_S1.);
#2073 = LINE('',#2074,#2075);
#2074 = CARTESIAN_POINT('',(17.,24.000000100078,2.));
#2075 = VECTOR('',#2076,1.);
#2076 = DIRECTION('',(0.,0.,1.));
#2077 = PCURVE('',#1600,#2078);
#2078 = DEFINITIONAL_REPRESENTATION('',(#2079),#2083);
#2079 = LINE('',#2080,#2081);
#2080 = CARTESIAN_POINT('',(0.,-19.));
#2081 = VECTOR('',#2082,1.);
#2082 = DIRECTION('',(1.,0.));
#2083 = ( GEOMETRIC_REPRESENTATION_CONTEXT(2) 
PARAMETRIC_REPRESENTATION_CONTEXT() REPRESENTATION_CONTEXT('2D SPACE',''
  ) );
#2084 = PCURVE('',#1729,#2085);
#2085 = DEFINITIONAL_REPRESENTATION('',(#2086),#2090);
#2086 = LINE('',#2087,#2088);
#2087 = CARTESIAN_POINT('',(0.,2.));
#2088 = VECTOR('',#2089,1.);
#2089 = DIRECTION('',(1.,0.));
#2090 = ( GEOMETRIC_REPRESENTATION_CONTEXT(2) 
PARAMETRIC_REPRESENTATION_CONTEXT() REPRESENTATION_CONTEXT('2D SPACE',''
  ) );
#2091 = ADVANCED_FACE('',(#2092),#1655,.F.);
#2092 = FACE_BOUND('',#2093,.F.);
#2093 = EDGE_LOOP('',(#2094,#2095,#2096,#2117));
#2094 = ORIENTED_EDGE('',*,*,#1855,.F.);
#2095 = ORIENTED_EDGE('',*,*,#1637,.T.);
#2096 = ORIENTED_EDGE('',*,*,#2097,.T.);
#2097 = EDGE_CURVE('',#1640,#2022,#2098,.T.);
#2098 = SURFACE_CURVE('',#2099,(#2103,#2110),.PCURVE_S1.);
#2099 = LINE('',#2100,#2101);
#2100 = CARTESIAN_POINT('',(0.,24.000000100078,2.));
#2101 = VECTOR('',#2102,1.);
#2102 = DIRECTION('',(0.,0.,1.));
#2103 = PCURVE('',#1655,#2104);
#2104 = DEFINITIONAL_REPRESENTATION('',(#2105),#2109);
#2105 = LINE('',#2106,#2107);
#2106 = CARTESIAN_POINT('',(0.,-20.));
#2107 = VECTOR('',#2108,1.);
#2108 = DIRECTION('',(1.,0.));
#2109 = ( GEOMETRIC_REPRESENTATION_CONTEXT(2) 
PARAMETRIC_REPRESENTATION_CONTEXT() REPRESENTATION_CONTEXT('2D SPACE',''
  ) );
#2110 = PCURVE('',#1839,#2111);
#2111 = DEFINITIONAL_REPRESENTATION('',(#2112),#2116);
#2112 = LINE('',#2113,#2114);
#2113 = CARTESIAN_POINT('',(0.,0.));
#2114 = VECTOR('',#2115,1.);
#2115 = DIRECTION('',(1.,0.));
#2116 = ( GEOMETRIC_REPRESENTATION_CONTEXT(2) 
PARAMETRIC_REPRESENTATION_CONTEXT() REPRESENTATION_CONTEXT('2D SPACE',''
  ) );
#2117 = ORIENTED_EDGE('',*,*,#2044,.T.);
#2118 = ADVANCED_FACE('',(#2119),#1785,.T.);
#2119 = FACE_BOUND('',#2120,.T.);
#2120 = EDGE_LOOP('',(#2121,#2122,#2143,#2144));
#2121 = ORIENTED_EDGE('',*,*,#1769,.F.);
#2122 = ORIENTED_EDGE('',*,*,#2123,.F.);
#2123 = EDGE_CURVE('',#1976,#1770,#2124,.T.);
#2124 = SURFACE_CURVE('',#2125,(#2129,#2136),.PCURVE_S1.);
#2125 = LINE('',#2126,#2127);
#2126 = CARTESIAN_POINT('',(2.,6.000000100078,2.));
#2127 = VECTOR('',#2128,1.);
#2128 = DIRECTION('',(0.,0.,-1.));
#2129 = PCURVE('',#1785,#2130);
#2130 = DEFINITIONAL_REPRESENTATION('',(#2131),#2135);
#2131 = LINE('',#2132,#2133);
#2132 = CARTESIAN_POINT('',(0.,2.));
#2133 = VECTOR('',#2134,1.);
#2134 = DIRECTION('',(-1.,0.));
#2135 = ( GEOMETRIC_REPRESENTATION_CONTEXT(2) 
PARAMETRIC_REPRESENTATION_CONTEXT() REPRESENTATION_CONTEXT('2D SPACE',''
  ) );
#2136 = PCURVE('',#1813,#2137);
#2137 = DEFINITIONAL_REPRESENTATION('',(#2138),#2142);
#2138 = LINE('',#2139,#2140);
#2139 = CARTESIAN_POINT('',(0.,-1.));
#2140 = VECTOR('',#2141,1.);
#2141 = DIRECTION('',(-1.,0.));
#2142 = ( GEOMETRIC_REPRESENTATION_CONTEXT(2) 
PARAMETRIC_REPRESENTATION_CONTEXT() REPRESENTATION_CONTEXT('2D SPACE',''
  ) );
#2143 = ORIENTED_EDGE('',*,*,#1975,.T.);
#2144 = ORIENTED_EDGE('',*,*,#2145,.T.);
#2145 = EDGE_CURVE('',#1953,#1742,#2146,.T.);
#2146 = SURFACE_CURVE('',#2147,(#2151,#2158),.PCURVE_S1.);
#2147 = LINE('',#2148,#2149);
#2148 = CARTESIAN_POINT('',(15.,6.000000100078,2.));
#2149 = VECTOR('',#2150,1.);
#2150 = DIRECTION('',(0.,0.,-1.));
#2151 = PCURVE('',#1785,#2152);
#2152 = DEFINITIONAL_REPRESENTATION('',(#2153),#2157);
#2153 = LINE('',#2154,#2155);
#2154 = CARTESIAN_POINT('',(0.,15.));
#2155 = VECTOR('',#2156,1.);
#2156 = DIRECTION('',(-1.,0.));
#2157 = ( GEOMETRIC_REPRESENTATION_CONTEXT(2) 
PARAMETRIC_REPRESENTATION_CONTEXT() REPRESENTATION_CONTEXT('2D SPACE',''
  ) );
#2158 = PCURVE('',#1757,#2159);
#2159 = DEFINITIONAL_REPRESENTATION('',(#2160),#2164);
#2160 = LINE('',#2161,#2162);
#2161 = CARTESIAN_POINT('',(0.,-1.));
#2162 = VECTOR('',#2163,1.);
#2163 = DIRECTION('',(-1.,0.));
#2164 = ( GEOMETRIC_REPRESENTATION_CONTEXT(2) 
PARAMETRIC_REPRESENTATION_CONTEXT() REPRESENTATION_CONTEXT('2D SPACE',''
  ) );
#2165 = ADVANCED_FACE('',(#2166),#1729,.T.);
#2166 = FACE_BOUND('',#2167,.T.);
#2167 = EDGE_LOOP('',(#2168,#2169,#2190,#2191));
#2168 = ORIENTED_EDGE('',*,*,#1713,.F.);
#2169 = ORIENTED_EDGE('',*,*,#2170,.T.);
#2170 = EDGE_CURVE('',#1714,#1930,#2171,.T.);
#2171 = SURFACE_CURVE('',#2172,(#2176,#2183),.PCURVE_S1.);
#2172 = LINE('',#2173,#2174);
#2173 = CARTESIAN_POINT('',(15.,24.000000100078,2.));
#2174 = VECTOR('',#2175,1.);
#2175 = DIRECTION('',(0.,0.,1.));
#2176 = PCURVE('',#1729,#2177);
#2177 = DEFINITIONAL_REPRESENTATION('',(#2178),#2182);
#2178 = LINE('',#2179,#2180);
#2179 = CARTESIAN_POINT('',(0.,0.));
#2180 = VECTOR('',#2181,1.);
#2181 = DIRECTION('',(1.,0.));
#2182 = ( GEOMETRIC_REPRESENTATION_CONTEXT(2) 
PARAMETRIC_REPRESENTATION_CONTEXT() REPRESENTATION_CONTEXT('2D SPACE',''
  ) );
#2183 = PCURVE('',#1757,#2184);
#2184 = DEFINITIONAL_REPRESENTATION('',(#2185),#2189);
#2185 = LINE('',#2186,#2187);
#2186 = CARTESIAN_POINT('',(0.,-19.));
#2187 = VECTOR('',#2188,1.);
#2188 = DIRECTION('',(1.,0.));
#2189 = ( GEOMETRIC_REPRESENTATION_CONTEXT(2) 
PARAMETRIC_REPRESENTATION_CONTEXT() REPRESENTATION_CONTEXT('2D SPACE',''
  ) );
#2190 = ORIENTED_EDGE('',*,*,#1929,.T.);
#2191 = ORIENTED_EDGE('',*,*,#2071,.F.);
#2192 = ADVANCED_FACE('',(#2193),#1757,.F.);
#2193 = FACE_BOUND('',#2194,.F.);
#2194 = EDGE_LOOP('',(#2195,#2196,#2197,#2198));
#2195 = ORIENTED_EDGE('',*,*,#1952,.F.);
#2196 = ORIENTED_EDGE('',*,*,#2145,.T.);
#2197 = ORIENTED_EDGE('',*,*,#1741,.T.);
#2198 = ORIENTED_EDGE('',*,*,#2170,.T.);
#2199 = ADVANCED_FACE('',(#2200),#1813,.T.);
#2200 = FACE_BOUND('',#2201,.T.);
#2201 = EDGE_LOOP('',(#2202,#2203,#2204,#2205));
#2202 = ORIENTED_EDGE('',*,*,#1998,.F.);
#2203 = ORIENTED_EDGE('',*,*,#2123,.T.);
#2204 = ORIENTED_EDGE('',*,*,#1797,.T.);
#2205 = ORIENTED_EDGE('',*,*,#2206,.T.);
#2206 = EDGE_CURVE('',#1798,#1999,#2207,.T.);
#2207 = SURFACE_CURVE('',#2208,(#2212,#2219),.PCURVE_S1.);
#2208 = LINE('',#2209,#2210);
#2209 = CARTESIAN_POINT('',(2.,24.000000100078,2.));
#2210 = VECTOR('',#2211,1.);
#2211 = DIRECTION('',(0.,0.,1.));
#2212 = PCURVE('',#1813,#2213);
#2213 = DEFINITIONAL_REPRESENTATION('',(#2214),#2218);
#2214 = LINE('',#2215,#2216);
#2215 = CARTESIAN_POINT('',(0.,-19.));
#2216 = VECTOR('',#2217,1.);
#2217 = DIRECTION('',(1.,0.));
#2218 = ( GEOMETRIC_REPRESENTATION_CONTEXT(2) 
PARAMETRIC_REPRESENTATION_CONTEXT() REPRESENTATION_CONTEXT('2D SPACE',''
  ) );
#2219 = PCURVE('',#1839,#2220);
#2220 = DEFINITIONAL_REPRESENTATION('',(#2221),#2225);
#2221 = LINE('',#2222,#2223);
#2222 = CARTESIAN_POINT('',(0.,2.));
#2223 = VECTOR('',#2224,1.);
#2224 = DIRECTION('',(1.,0.));
#2225 = ( GEOMETRIC_REPRESENTATION_CONTEXT(2) 
PARAMETRIC_REPRESENTATION_CONTEXT() REPRESENTATION_CONTEXT('2D SPACE',''
  ) );
#2226 = ADVANCED_FACE('',(#2227),#1839,.T.);
#2227 = FACE_BOUND('',#2228,.T.);
#2228 = EDGE_LOOP('',(#2229,#2230,#2231,#2232));
#2229 = ORIENTED_EDGE('',*,*,#1825,.F.);
#2230 = ORIENTED_EDGE('',*,*,#2097,.T.);
#2231 = ORIENTED_EDGE('',*,*,#2021,.T.);
#2232 = ORIENTED_EDGE('',*,*,#2206,.F.);
#2233 = ( GEOMETRIC_REPRESENTATION_CONTEXT(3) 
GLOBAL_UNCERTAINTY_ASSIGNED_CONTEXT((#2237)) 
GLOBAL_UNIT_ASSIGNED_CONTEXT((#2234,#2235,#2236)) REPRESENTATION_CONTEXT
('Context #1','3D Context with UNIT and UNCERTAINTY') );
#2234 = ( LENGTH_UNIT() NAMED_UNIT(*) SI_UNIT(.MILLI.,.METRE.) );
#2235 = ( NAMED_UNIT(*) PLANE_ANGLE_UNIT() SI_UNIT($,.RADIAN.) );
#2236 = ( NAMED_UNIT(*) SI_UNIT($,.STERADIAN.) SOLID_ANGLE_UNIT() );
#2237 = UNCERTAINTY_MEASURE_WITH_UNIT(LENGTH_MEASURE(1.E-07),#2234,
  'distance_accuracy_value','confusion accuracy');
#2238 = PRODUCT_RELATED_PRODUCT_CATEGORY('part',$,(#7));
ENDSEC;
END-ISO-10303-21;
