ISO-10303-21;
HEADER;
FILE_DESCRIPTION(('Open CASCADE Model'),'2;1');
FILE_NAME('Open CASCADE Shape Model','2026-09-26T20:47:24',('Author'),(
    'Open CASCADE'),'Open CASCADE STEP processor 7.8','Open CASCADE 7.8'
  ,'Unknown');
FILE_SCHEMA(('AUTOMOTIVE_DESIGN { 1 0 10303 214 1 1 1 1 }'));
ENDSEC;
DATA;
#1 = APPLICATION_PROTOCOL_DEFINITION('international standard',
  'automotive_design',2000,#2);
#2 = APPLICATION_CONTEXT(
  'core data for automotive mechanical design processes');
#3 = SHAPE_DEFINITION_REPRESENTATION(#4,#10);
#4 = PRODUCT_DEFINITION_SHAPE('','',#5);
#5 = PRODUCT_DEFINITION('design','',#6,#9);
#6 = PRODUCT_DEFINITION_FORMATION('','',#7);
#7 = PRODUCT('Open CASCADE STEP translator 7.8 253',
  'Open CASCADE STEP translator 7.8 253','',(#8));
#8 = PRODUCT_CONTEXT('',#2,'mechanical');
#9 = PRODUCT_DEFINITION_CONTEXT('part definition',#2,'design');
#10 = ADVANCED_BREP_SHAPE_REPRESENTATION('',(#11,#15),#3085);
#11 = AXIS2_PLACEMENT_3D('',#12,#13,#14);
#12 = CARTESIAN_POINT('',(0.,0.,0.));
#13 = DIRECTION('',(0.,0.,1.));
#14 = DIRECTION('',(1.,0.,-0.));
#15 = MANIFOLD_SOLID_BREP('',#16);
#16 = CLOSED_SHELL('',(#17,#168,#244,#1245,#2076,#2103,#2157,#2187,#2214
    ,#2241,#2268,#2295,#2322,#2349,#2376,#2403,#2430,#2457,#2484,#2511,
    #2538,#2565,#2592,#2619,#2646,#2673,#2700,#2727,#2754,#2781,#2808,
    #2835,#2862,#2889,#2916,#2943,#2970,#2997,#3024,#3051,#3078));
#17 = ADVANCED_FACE('',(#18,#137),#32,.T.);
#18 = FACE_BOUND('',#19,.T.);
#19 = EDGE_LOOP('',(#20,#55,#83,#111));
#20 = ORIENTED_EDGE('',*,*,#21,.T.);
#21 = EDGE_CURVE('',#22,#24,#26,.T.);
#22 = VERTEX_POINT('',#23);
#23 = CARTESIAN_POINT('',(10.,56.,2.25));
#24 = VERTEX_POINT('',#25);
#25 = CARTESIAN_POINT('',(0.,56.,2.25));
#26 = SURFACE_CURVE('',#27,(#31,#43),.PCURVE_S1.);
#27 = LINE('',#28,#29);
#28 = CARTESIAN_POINT('',(10.,56.,2.25));
#29 = VECTOR('',#30,1.);
#30 = DIRECTION('',(-1.,0.,0.));
#31 = PCURVE('',#32,#37);
#32 = PLANE('',#33);
#33 = AXIS2_PLACEMENT_3D('',#34,#35,#36);
#34 = CARTESIAN_POINT('',(10.,56.,2.25));
#35 = DIRECTION('',(0.,0.,1.));
#36 = DIRECTION('',(0.,-1.,0.));
#37 = DEFINITIONAL_REPRESENTATION('',(#38),#42);
#38 = LINE('',#39,#40);
#39 = CARTESIAN_POINT('',(0.,0.));
#40 = VECTOR('',#41,1.);
#41 = DIRECTION('',(0.,-1.));
#42 = ( GEOMETRIC_REPRESENTATION_CONTEXT(2) 
PARAMETRIC_REPRESENTATION_CONTEXT() REPRESENTATION_CONTEXT('2D SPACE',''
  ) );
#43 = PCURVE('',#44,#49);
#44 = PLANE('',#45);
#45 = AXIS2_PLACEMENT_3D('',#46,#47,#48);
#46 = CARTESIAN_POINT('',(10.,56.,2.));
#47 = DIRECTION('',(0.,1.,0.));
#48 = DIRECTION('',(0.,0.,1.));
#49 = DEFINITIONAL_REPRESENTATION('',(#50),#54);
#50 = LINE('',#51,#52);
#51 = CARTESIAN_POINT('',(0.25,0.));
#52 = VECTOR('',#53,1.);
#53 = DIRECTION('',(0.,-1.));
#54 = ( GEOMETRIC_REPRESENTATION_CONTEXT(2) 
PARAMETRIC_REPRESENTATION_CONTEXT() REPRESENTATION_CONTEXT('2D SPACE',''
  ) );
#55 = ORIENTED_EDGE('',*,*,#56,.T.);
#56 = EDGE_CURVE('',#24,#57,#59,.T.);
#57 = VERTEX_POINT('',#58);
#58 = CARTESIAN_POINT('',(0.,46.,2.25));
#59 = SURFACE_CURVE('',#60,(#64,#71),.PCURVE_S1.);
#60 = LINE('',#61,#62);
#61 = CARTESIAN_POINT('',(0.,56.,2.25));
#62 = VECTOR('',#63,1.);
#63 = DIRECTION('',(0.,-1.,0.));
#64 = PCURVE('',#32,#65);
#65 = DEFINITIONAL_REPRESENTATION('',(#66),#70);
#66 = LINE('',#67,#68);
#67 = CARTESIAN_POINT('',(0.,-10.));
#68 = VECTOR('',#69,1.);
#69 = DIRECTION('',(1.,0.));
#70 = ( GEOMETRIC_REPRESENTATION_CONTEXT(2) 
PARAMETRIC_REPRESENTATION_CONTEXT() REPRESENTATION_CONTEXT('2D SPACE',''
  ) );
#71 = PCURVE('',#72,#77);
#72 = PLANE('',#73);
#73 = AXIS2_PLACEMENT_3D('',#74,#75,#76);
#74 = CARTESIAN_POINT('',(0.,27.989910378327,1.372780987161));
#75 = DIRECTION('',(1.,0.,-0.));
#76 = DIRECTION('',(0.,1.,0.));
#77 = DEFINITIONAL_REPRESENTATION('',(#78),#82);
#78 = LINE('',#79,#80);
#79 = CARTESIAN_POINT('',(28.010089621673,0.877219012839));
#80 = VECTOR('',#81,1.);
#81 = DIRECTION('',(-1.,0.));
#82 = ( GEOMETRIC_REPRESENTATION_CONTEXT(2) 
PARAMETRIC_REPRESENTATION_CONTEXT() REPRESENTATION_CONTEXT('2D SPACE',''
  ) );
#83 = ORIENTED_EDGE('',*,*,#84,.F.);
#84 = EDGE_CURVE('',#85,#57,#87,.T.);
#85 = VERTEX_POINT('',#86);
#86 = CARTESIAN_POINT('',(10.,46.,2.25));
#87 = SURFACE_CURVE('',#88,(#92,#99),.PCURVE_S1.);
#88 = LINE('',#89,#90);
#89 = CARTESIAN_POINT('',(10.,46.,2.25));
#90 = VECTOR('',#91,1.);
#91 = DIRECTION('',(-1.,0.,0.));
#92 = PCURVE('',#32,#93);
#93 = DEFINITIONAL_REPRESENTATION('',(#94),#98);
#94 = LINE('',#95,#96);
#95 = CARTESIAN_POINT('',(10.,0.));
#96 = VECTOR('',#97,1.);
#97 = DIRECTION('',(0.,-1.));
#98 = ( GEOMETRIC_REPRESENTATION_CONTEXT(2) 
PARAMETRIC_REPRESENTATION_CONTEXT() REPRESENTATION_CONTEXT('2D SPACE',''
  ) );
#99 = PCURVE('',#100,#105);
#100 = PLANE('',#101);
#101 = AXIS2_PLACEMENT_3D('',#102,#103,#104);
#102 = CARTESIAN_POINT('',(10.,46.,2.25));
#103 = DIRECTION('',(0.,-4.589795404412E-03,0.999989466834));
#104 = DIRECTION('',(0.,-0.999989466834,-4.589795404412E-03));
#105 = DEFINITIONAL_REPRESENTATION('',(#106),#110);
#106 = LINE('',#107,#108);
#107 = CARTESIAN_POINT('',(0.,0.));
#108 = VECTOR('',#109,1.);
#109 = DIRECTION('',(0.,-1.));
#110 = ( GEOMETRIC_REPRESENTATION_CONTEXT(2) 
PARAMETRIC_REPRESENTATION_CONTEXT() REPRESENTATION_CONTEXT('2D SPACE',''
  ) );
#111 = ORIENTED_EDGE('',*,*,#112,.F.);
#112 = EDGE_CURVE('',#22,#85,#113,.T.);
#113 = SURFACE_CURVE('',#114,(#118,#125),.PCURVE_S1.);
#114 = LINE('',#115,#116);
#115 = CARTESIAN_POINT('',(10.,56.,2.25));
#116 = VECTOR('',#117,1.);
#117 = DIRECTION('',(0.,-1.,0.));
#118 = PCURVE('',#32,#119);
#119 = DEFINITIONAL_REPRESENTATION('',(#120),#124);
#120 = LINE('',#121,#122);
#121 = CARTESIAN_POINT('',(0.,0.));
#122 = VECTOR('',#123,1.);
#123 = DIRECTION('',(1.,0.));
#124 = ( GEOMETRIC_REPRESENTATION_CONTEXT(2) 
PARAMETRIC_REPRESENTATION_CONTEXT() REPRESENTATION_CONTEXT('2D SPACE',''
  ) );
#125 = PCURVE('',#126,#131);
#126 = PLANE('',#127);
#127 = AXIS2_PLACEMENT_3D('',#128,#129,#130);
#128 = CARTESIAN_POINT('',(10.,27.989910378327,1.372780987161));
#129 = DIRECTION('',(1.,0.,-0.));
#130 = DIRECTION('',(0.,1.,0.));
#131 = DEFINITIONAL_REPRESENTATION('',(#132),#136);
#132 = LINE('',#133,#134);
#133 = CARTESIAN_POINT('',(28.010089621673,0.877219012839));
#134 = VECTOR('',#135,1.);
#135 = DIRECTION('',(-1.,0.));
#136 = ( GEOMETRIC_REPRESENTATION_CONTEXT(2) 
PARAMETRIC_REPRESENTATION_CONTEXT() REPRESENTATION_CONTEXT('2D SPACE',''
  ) );
#137 = FACE_BOUND('',#138,.T.);
#138 = EDGE_LOOP('',(#139));
#139 = ORIENTED_EDGE('',*,*,#140,.F.);
#140 = EDGE_CURVE('',#141,#141,#143,.T.);
#141 = VERTEX_POINT('',#142);
#142 = CARTESIAN_POINT('',(6.7,51.,2.25));
#143 = SURFACE_CURVE('',#144,(#149,#156),.PCURVE_S1.);
#144 = CIRCLE('',#145,1.7);
#145 = AXIS2_PLACEMENT_3D('',#146,#147,#148);
#146 = CARTESIAN_POINT('',(5.,51.,2.25));
#147 = DIRECTION('',(0.,0.,1.));
#148 = DIRECTION('',(1.,0.,-0.));
#149 = PCURVE('',#32,#150);
#150 = DEFINITIONAL_REPRESENTATION('',(#151),#155);
#151 = CIRCLE('',#152,1.7);
#152 = AXIS2_PLACEMENT_2D('',#153,#154);
#153 = CARTESIAN_POINT('',(5.,-5.));
#154 = DIRECTION('',(0.,1.));
#155 = ( GEOMETRIC_REPRESENTATION_CONTEXT(2) 
PARAMETRIC_REPRESENTATION_CONTEXT() REPRESENTATION_CONTEXT('2D SPACE',''
  ) );
#156 = PCURVE('',#157,#162);
#157 = CYLINDRICAL_SURFACE('',#158,1.7);
#158 = AXIS2_PLACEMENT_3D('',#159,#160,#161);
#159 = CARTESIAN_POINT('',(5.,51.,-0.75));
#160 = DIRECTION('',(0.,0.,1.));
#161 = DIRECTION('',(1.,0.,-0.));
#162 = DEFINITIONAL_REPRESENTATION('',(#163),#167);
#163 = LINE('',#164,#165);
#164 = CARTESIAN_POINT('',(0.,3.));
#165 = VECTOR('',#166,1.);
#166 = DIRECTION('',(1.,0.));
#167 = ( GEOMETRIC_REPRESENTATION_CONTEXT(2) 
PARAMETRIC_REPRESENTATION_CONTEXT() REPRESENTATION_CONTEXT('2D SPACE',''
  ) );
#168 = ADVANCED_FACE('',(#169),#44,.T.);
#169 = FACE_BOUND('',#170,.T.);
#170 = EDGE_LOOP('',(#171,#201,#222,#223));
#171 = ORIENTED_EDGE('',*,*,#172,.T.);
#172 = EDGE_CURVE('',#173,#175,#177,.T.);
#173 = VERTEX_POINT('',#174);
#174 = CARTESIAN_POINT('',(10.,56.,2.));
#175 = VERTEX_POINT('',#176);
#176 = CARTESIAN_POINT('',(0.,56.,2.));
#177 = SURFACE_CURVE('',#178,(#182,#189),.PCURVE_S1.);
#178 = LINE('',#179,#180);
#179 = CARTESIAN_POINT('',(10.,56.,2.));
#180 = VECTOR('',#181,1.);
#181 = DIRECTION('',(-1.,0.,0.));
#182 = PCURVE('',#44,#183);
#183 = DEFINITIONAL_REPRESENTATION('',(#184),#188);
#184 = LINE('',#185,#186);
#185 = CARTESIAN_POINT('',(0.,0.));
#186 = VECTOR('',#187,1.);
#187 = DIRECTION('',(0.,-1.));
#188 = ( GEOMETRIC_REPRESENTATION_CONTEXT(2) 
PARAMETRIC_REPRESENTATION_CONTEXT() REPRESENTATION_CONTEXT('2D SPACE',''
  ) );
#189 = PCURVE('',#190,#195);
#190 = PLANE('',#191);
#191 = AXIS2_PLACEMENT_3D('',#192,#193,#194);
#192 = CARTESIAN_POINT('',(10.,46.,2.));
#193 = DIRECTION('',(0.,0.,-1.));
#194 = DIRECTION('',(0.,1.,0.));
#195 = DEFINITIONAL_REPRESENTATION('',(#196),#200);
#196 = LINE('',#197,#198);
#197 = CARTESIAN_POINT('',(10.,0.));
#198 = VECTOR('',#199,1.);
#199 = DIRECTION('',(0.,-1.));
#200 = ( GEOMETRIC_REPRESENTATION_CONTEXT(2) 
PARAMETRIC_REPRESENTATION_CONTEXT() REPRESENTATION_CONTEXT('2D SPACE',''
  ) );
#201 = ORIENTED_EDGE('',*,*,#202,.T.);
#202 = EDGE_CURVE('',#175,#24,#203,.T.);
#203 = SURFACE_CURVE('',#204,(#208,#215),.PCURVE_S1.);
#204 = LINE('',#205,#206);
#205 = CARTESIAN_POINT('',(0.,56.,2.));
#206 = VECTOR('',#207,1.);
#207 = DIRECTION('',(0.,0.,1.));
#208 = PCURVE('',#44,#209);
#209 = DEFINITIONAL_REPRESENTATION('',(#210),#214);
#210 = LINE('',#211,#212);
#211 = CARTESIAN_POINT('',(0.,-10.));
#212 = VECTOR('',#213,1.);
#213 = DIRECTION('',(1.,0.));
#214 = ( GEOMETRIC_REPRESENTATION_CONTEXT(2) 
PARAMETRIC_REPRESENTATION_CONTEXT() REPRESENTATION_CONTEXT('2D SPACE',''
  ) );
#215 = PCURVE('',#72,#216);
#216 = DEFINITIONAL_REPRESENTATION('',(#217),#221);
#217 = LINE('',#218,#219);
#218 = CARTESIAN_POINT('',(28.010089621673,0.627219012839));
#219 = VECTOR('',#220,1.);
#220 = DIRECTION('',(0.,1.));
#221 = ( GEOMETRIC_REPRESENTATION_CONTEXT(2) 
PARAMETRIC_REPRESENTATION_CONTEXT() REPRESENTATION_CONTEXT('2D SPACE',''
  ) );
#222 = ORIENTED_EDGE('',*,*,#21,.F.);
#223 = ORIENTED_EDGE('',*,*,#224,.F.);
#224 = EDGE_CURVE('',#173,#22,#225,.T.);
#225 = SURFACE_CURVE('',#226,(#230,#237),.PCURVE_S1.);
#226 = LINE('',#227,#228);
#227 = CARTESIAN_POINT('',(10.,56.,2.));
#228 = VECTOR('',#229,1.);
#229 = DIRECTION('',(0.,0.,1.));
#230 = PCURVE('',#44,#231);
#231 = DEFINITIONAL_REPRESENTATION('',(#232),#236);
#232 = LINE('',#233,#234);
#233 = CARTESIAN_POINT('',(0.,0.));
#234 = VECTOR('',#235,1.);
#235 = DIRECTION('',(1.,0.));
#236 = ( GEOMETRIC_REPRESENTATION_CONTEXT(2) 
PARAMETRIC_REPRESENTATION_CONTEXT() REPRESENTATION_CONTEXT('2D SPACE',''
  ) );
#237 = PCURVE('',#126,#238);
#238 = DEFINITIONAL_REPRESENTATION('',(#239),#243);
#239 = LINE('',#240,#241);
#240 = CARTESIAN_POINT('',(28.010089621673,0.627219012839));
#241 = VECTOR('',#242,1.);
#242 = DIRECTION('',(0.,1.));
#243 = ( GEOMETRIC_REPRESENTATION_CONTEXT(2) 
PARAMETRIC_REPRESENTATION_CONTEXT() REPRESENTATION_CONTEXT('2D SPACE',''
  ) );
#244 = ADVANCED_FACE('',(#245),#126,.T.);
#245 = FACE_BOUND('',#246,.T.);
#246 = EDGE_LOOP('',(#247,#248,#271,#299,#327,#355,#383,#411,#439,#467,
    #495,#523,#551,#579,#607,#635,#663,#691,#719,#747,#775,#803,#831,
    #859,#887,#915,#943,#971,#999,#1027,#1055,#1083,#1111,#1139,#1167,
    #1195,#1223,#1244));
#247 = ORIENTED_EDGE('',*,*,#112,.T.);
#248 = ORIENTED_EDGE('',*,*,#249,.T.);
#249 = EDGE_CURVE('',#85,#250,#252,.T.);
#250 = VERTEX_POINT('',#251);
#251 = CARTESIAN_POINT('',(10.,43.5,2.238525390625));
#252 = SURFACE_CURVE('',#253,(#257,#264),.PCURVE_S1.);
#253 = LINE('',#254,#255);
#254 = CARTESIAN_POINT('',(10.,46.,2.25));
#255 = VECTOR('',#256,1.);
#256 = DIRECTION('',(0.,-0.999989466834,-4.589795404412E-03));
#257 = PCURVE('',#126,#258);
#258 = DEFINITIONAL_REPRESENTATION('',(#259),#263);
#259 = LINE('',#260,#261);
#260 = CARTESIAN_POINT('',(18.010089621673,0.877219012839));
#261 = VECTOR('',#262,1.);
#262 = DIRECTION('',(-0.999989466834,-4.589795404412E-03));
#263 = ( GEOMETRIC_REPRESENTATION_CONTEXT(2) 
PARAMETRIC_REPRESENTATION_CONTEXT() REPRESENTATION_CONTEXT('2D SPACE',''
  ) );
#264 = PCURVE('',#100,#265);
#265 = DEFINITIONAL_REPRESENTATION('',(#266),#270);
#266 = LINE('',#267,#268);
#267 = CARTESIAN_POINT('',(0.,0.));
#268 = VECTOR('',#269,1.);
#269 = DIRECTION('',(1.,0.));
#270 = ( GEOMETRIC_REPRESENTATION_CONTEXT(2) 
PARAMETRIC_REPRESENTATION_CONTEXT() REPRESENTATION_CONTEXT('2D SPACE',''
  ) );
#271 = ORIENTED_EDGE('',*,*,#272,.T.);
#272 = EDGE_CURVE('',#250,#273,#275,.T.);
#273 = VERTEX_POINT('',#274);
#274 = CARTESIAN_POINT('',(10.,41.,2.205078125));
#275 = SURFACE_CURVE('',#276,(#280,#287),.PCURVE_S1.);
#276 = LINE('',#277,#278);
#277 = CARTESIAN_POINT('',(10.,43.5,2.238525390625));
#278 = VECTOR('',#279,1.);
#279 = DIRECTION('',(0.,-0.999910514447,-1.337770903117E-02));
#280 = PCURVE('',#126,#281);
#281 = DEFINITIONAL_REPRESENTATION('',(#282),#286);
#282 = LINE('',#283,#284);
#283 = CARTESIAN_POINT('',(15.510089621673,0.865744403464));
#284 = VECTOR('',#285,1.);
#285 = DIRECTION('',(-0.999910514447,-1.337770903117E-02));
#286 = ( GEOMETRIC_REPRESENTATION_CONTEXT(2) 
PARAMETRIC_REPRESENTATION_CONTEXT() REPRESENTATION_CONTEXT('2D SPACE',''
  ) );
#287 = PCURVE('',#288,#293);
#288 = PLANE('',#289);
#289 = AXIS2_PLACEMENT_3D('',#290,#291,#292);
#290 = CARTESIAN_POINT('',(10.,43.5,2.238525390625));
#291 = DIRECTION('',(0.,-1.337770903117E-02,0.999910514447));
#292 = DIRECTION('',(0.,-0.999910514447,-1.337770903117E-02));
#293 = DEFINITIONAL_REPRESENTATION('',(#294),#298);
#294 = LINE('',#295,#296);
#295 = CARTESIAN_POINT('',(0.,0.));
#296 = VECTOR('',#297,1.);
#297 = DIRECTION('',(1.,0.));
#298 = ( GEOMETRIC_REPRESENTATION_CONTEXT(2) 
PARAMETRIC_REPRESENTATION_CONTEXT() REPRESENTATION_CONTEXT('2D SPACE',''
  ) );
#299 = ORIENTED_EDGE('',*,*,#300,.T.);
#300 = EDGE_CURVE('',#273,#301,#303,.T.);
#301 = VERTEX_POINT('',#302);
#302 = CARTESIAN_POINT('',(10.,38.5,2.151123046875));
#303 = SURFACE_CURVE('',#304,(#308,#315),.PCURVE_S1.);
#304 = LINE('',#305,#306);
#305 = CARTESIAN_POINT('',(10.,41.,2.205078125));
#306 = VECTOR('',#307,1.);
#307 = DIRECTION('',(0.,-0.99976718929,-2.157700672198E-02));
#308 = PCURVE('',#126,#309);
#309 = DEFINITIONAL_REPRESENTATION('',(#310),#314);
#310 = LINE('',#311,#312);
#311 = CARTESIAN_POINT('',(13.010089621673,0.832297137839));
#312 = VECTOR('',#313,1.);
#313 = DIRECTION('',(-0.99976718929,-2.157700672198E-02));
#314 = ( GEOMETRIC_REPRESENTATION_CONTEXT(2) 
PARAMETRIC_REPRESENTATION_CONTEXT() REPRESENTATION_CONTEXT('2D SPACE',''
  ) );
#315 = PCURVE('',#316,#321);
#316 = PLANE('',#317);
#317 = AXIS2_PLACEMENT_3D('',#318,#319,#320);
#318 = CARTESIAN_POINT('',(10.,41.,2.205078125));
#319 = DIRECTION('',(0.,-2.157700672198E-02,0.99976718929));
#320 = DIRECTION('',(0.,-0.99976718929,-2.157700672198E-02));
#321 = DEFINITIONAL_REPRESENTATION('',(#322),#326);
#322 = LINE('',#323,#324);
#323 = CARTESIAN_POINT('',(0.,0.));
#324 = VECTOR('',#325,1.);
#325 = DIRECTION('',(1.,0.));
#326 = ( GEOMETRIC_REPRESENTATION_CONTEXT(2) 
PARAMETRIC_REPRESENTATION_CONTEXT() REPRESENTATION_CONTEXT('2D SPACE',''
  ) );
#327 = ORIENTED_EDGE('',*,*,#328,.T.);
#328 = EDGE_CURVE('',#301,#329,#331,.T.);
#329 = VERTEX_POINT('',#330);
#330 = CARTESIAN_POINT('',(10.,36.,2.078125));
#331 = SURFACE_CURVE('',#332,(#336,#343),.PCURVE_S1.);
#332 = LINE('',#333,#334);
#333 = CARTESIAN_POINT('',(10.,38.5,2.151123046875));
#334 = VECTOR('',#335,1.);
#335 = DIRECTION('',(0.,-0.999573975213,-2.918677915904E-02));
#336 = PCURVE('',#126,#337);
#337 = DEFINITIONAL_REPRESENTATION('',(#338),#342);
#338 = LINE('',#339,#340);
#339 = CARTESIAN_POINT('',(10.510089621673,0.778342059714));
#340 = VECTOR('',#341,1.);
#341 = DIRECTION('',(-0.999573975213,-2.918677915904E-02));
#342 = ( GEOMETRIC_REPRESENTATION_CONTEXT(2) 
PARAMETRIC_REPRESENTATION_CONTEXT() REPRESENTATION_CONTEXT('2D SPACE',''
  ) );
#343 = PCURVE('',#344,#349);
#344 = PLANE('',#345);
#345 = AXIS2_PLACEMENT_3D('',#346,#347,#348);
#346 = CARTESIAN_POINT('',(10.,38.5,2.151123046875));
#347 = DIRECTION('',(0.,-2.918677915904E-02,0.999573975213));
#348 = DIRECTION('',(0.,-0.999573975213,-2.918677915904E-02));
#349 = DEFINITIONAL_REPRESENTATION('',(#350),#354);
#350 = LINE('',#351,#352);
#351 = CARTESIAN_POINT('',(0.,0.));
#352 = VECTOR('',#353,1.);
#353 = DIRECTION('',(1.,0.));
#354 = ( GEOMETRIC_REPRESENTATION_CONTEXT(2) 
PARAMETRIC_REPRESENTATION_CONTEXT() REPRESENTATION_CONTEXT('2D SPACE',''
  ) );
#355 = ORIENTED_EDGE('',*,*,#356,.T.);
#356 = EDGE_CURVE('',#329,#357,#359,.T.);
#357 = VERTEX_POINT('',#358);
#358 = CARTESIAN_POINT('',(10.,33.5,1.987548828125));
#359 = SURFACE_CURVE('',#360,(#364,#371),.PCURVE_S1.);
#360 = LINE('',#361,#362);
#361 = CARTESIAN_POINT('',(10.,36.,2.078125));
#362 = VECTOR('',#363,1.);
#363 = DIRECTION('',(0.,-0.999344322002,-3.620671322877E-02));
#364 = PCURVE('',#126,#365);
#365 = DEFINITIONAL_REPRESENTATION('',(#366),#370);
#366 = LINE('',#367,#368);
#367 = CARTESIAN_POINT('',(8.010089621673,0.705344012839));
#368 = VECTOR('',#369,1.);
#369 = DIRECTION('',(-0.999344322002,-3.620671322877E-02));
#370 = ( GEOMETRIC_REPRESENTATION_CONTEXT(2) 
PARAMETRIC_REPRESENTATION_CONTEXT() REPRESENTATION_CONTEXT('2D SPACE',''
  ) );
#371 = PCURVE('',#372,#377);
#372 = PLANE('',#373);
#373 = AXIS2_PLACEMENT_3D('',#374,#375,#376);
#374 = CARTESIAN_POINT('',(10.,36.,2.078125));
#375 = DIRECTION('',(0.,-3.620671322877E-02,0.999344322002));
#376 = DIRECTION('',(0.,-0.999344322002,-3.620671322877E-02));
#377 = DEFINITIONAL_REPRESENTATION('',(#378),#382);
#378 = LINE('',#379,#380);
#379 = CARTESIAN_POINT('',(0.,0.));
#380 = VECTOR('',#381,1.);
#381 = DIRECTION('',(1.,0.));
#382 = ( GEOMETRIC_REPRESENTATION_CONTEXT(2) 
PARAMETRIC_REPRESENTATION_CONTEXT() REPRESENTATION_CONTEXT('2D SPACE',''
  ) );
#383 = ORIENTED_EDGE('',*,*,#384,.T.);
#384 = EDGE_CURVE('',#357,#385,#387,.T.);
#385 = VERTEX_POINT('',#386);
#386 = CARTESIAN_POINT('',(10.,31.,1.880859375));
#387 = SURFACE_CURVE('',#388,(#392,#399),.PCURVE_S1.);
#388 = LINE('',#389,#390);
#389 = CARTESIAN_POINT('',(10.,33.5,1.987548828125));
#390 = VECTOR('',#391,1.);
#391 = DIRECTION('',(0.,-0.999090630782,-4.263697320816E-02));
#392 = PCURVE('',#126,#393);
#393 = DEFINITIONAL_REPRESENTATION('',(#394),#398);
#394 = LINE('',#395,#396);
#395 = CARTESIAN_POINT('',(5.510089621673,0.614767840964));
#396 = VECTOR('',#397,1.);
#397 = DIRECTION('',(-0.999090630782,-4.263697320816E-02));
#398 = ( GEOMETRIC_REPRESENTATION_CONTEXT(2) 
PARAMETRIC_REPRESENTATION_CONTEXT() REPRESENTATION_CONTEXT('2D SPACE',''
  ) );
#399 = PCURVE('',#400,#405);
#400 = PLANE('',#401);
#401 = AXIS2_PLACEMENT_3D('',#402,#403,#404);
#402 = CARTESIAN_POINT('',(10.,33.5,1.987548828125));
#403 = DIRECTION('',(0.,-4.263697320816E-02,0.999090630782));
#404 = DIRECTION('',(0.,-0.999090630782,-4.263697320816E-02));
#405 = DEFINITIONAL_REPRESENTATION('',(#406),#410);
#406 = LINE('',#407,#408);
#407 = CARTESIAN_POINT('',(0.,0.));
#408 = VECTOR('',#409,1.);
#409 = DIRECTION('',(1.,0.));
#410 = ( GEOMETRIC_REPRESENTATION_CONTEXT(2) 
PARAMETRIC_REPRESENTATION_CONTEXT() REPRESENTATION_CONTEXT('2D SPACE',''
  ) );
#411 = ORIENTED_EDGE('',*,*,#412,.T.);
#412 = EDGE_CURVE('',#385,#413,#415,.T.);
#413 = VERTEX_POINT('',#414);
#414 = CARTESIAN_POINT('',(10.,28.5,1.759521484375));
#415 = SURFACE_CURVE('',#416,(#420,#427),.PCURVE_S1.);
#416 = LINE('',#417,#418);
#417 = CARTESIAN_POINT('',(10.,31.,1.880859375));
#418 = VECTOR('',#419,1.);
#419 = DIRECTION('',(0.,-0.998824246155,-4.847809085342E-02));
#420 = PCURVE('',#126,#421);
#421 = DEFINITIONAL_REPRESENTATION('',(#422),#426);
#422 = LINE('',#423,#424);
#423 = CARTESIAN_POINT('',(3.010089621673,0.508078387839));
#424 = VECTOR('',#425,1.);
#425 = DIRECTION('',(-0.998824246155,-4.847809085342E-02));
#426 = ( GEOMETRIC_REPRESENTATION_CONTEXT(2) 
PARAMETRIC_REPRESENTATION_CONTEXT() REPRESENTATION_CONTEXT('2D SPACE',''
  ) );
#427 = PCURVE('',#428,#433);
#428 = PLANE('',#429);
#429 = AXIS2_PLACEMENT_3D('',#430,#431,#432);
#430 = CARTESIAN_POINT('',(10.,31.,1.880859375));
#431 = DIRECTION('',(0.,-4.847809085342E-02,0.998824246155));
#432 = DIRECTION('',(0.,-0.998824246155,-4.847809085342E-02));
#433 = DEFINITIONAL_REPRESENTATION('',(#434),#438);
#434 = LINE('',#435,#436);
#435 = CARTESIAN_POINT('',(0.,0.));
#436 = VECTOR('',#437,1.);
#437 = DIRECTION('',(1.,0.));
#438 = ( GEOMETRIC_REPRESENTATION_CONTEXT(2) 
PARAMETRIC_REPRESENTATION_CONTEXT() REPRESENTATION_CONTEXT('2D SPACE',''
  ) );
#439 = ORIENTED_EDGE('',*,*,#440,.T.);
#440 = EDGE_CURVE('',#413,#441,#443,.T.);
#441 = VERTEX_POINT('',#442);
#442 = CARTESIAN_POINT('',(10.,26.,1.625));
#443 = SURFACE_CURVE('',#444,(#448,#455),.PCURVE_S1.);
#444 = LINE('',#445,#446);
#445 = CARTESIAN_POINT('',(10.,28.5,1.759521484375));
#446 = VECTOR('',#447,1.);
#447 = DIRECTION('',(0.,-0.99855545373,-5.37308647466E-02));
#448 = PCURVE('',#126,#449);
#449 = DEFINITIONAL_REPRESENTATION('',(#450),#454);
#450 = LINE('',#451,#452);
#451 = CARTESIAN_POINT('',(0.510089621673,0.386740497214));
#452 = VECTOR('',#453,1.);
#453 = DIRECTION('',(-0.99855545373,-5.37308647466E-02));
#454 = ( GEOMETRIC_REPRESENTATION_CONTEXT(2) 
PARAMETRIC_REPRESENTATION_CONTEXT() REPRESENTATION_CONTEXT('2D SPACE',''
  ) );
#455 = PCURVE('',#456,#461);
#456 = PLANE('',#457);
#457 = AXIS2_PLACEMENT_3D('',#458,#459,#460);
#458 = CARTESIAN_POINT('',(10.,28.5,1.759521484375));
#459 = DIRECTION('',(0.,-5.37308647466E-02,0.99855545373));
#460 = DIRECTION('',(0.,-0.99855545373,-5.37308647466E-02));
#461 = DEFINITIONAL_REPRESENTATION('',(#462),#466);
#462 = LINE('',#463,#464);
#463 = CARTESIAN_POINT('',(0.,0.));
#464 = VECTOR('',#465,1.);
#465 = DIRECTION('',(1.,0.));
#466 = ( GEOMETRIC_REPRESENTATION_CONTEXT(2) 
PARAMETRIC_REPRESENTATION_CONTEXT() REPRESENTATION_CONTEXT('2D SPACE',''
  ) );
#467 = ORIENTED_EDGE('',*,*,#468,.T.);
#468 = EDGE_CURVE('',#441,#469,#471,.T.);
#469 = VERTEX_POINT('',#470);
#470 = CARTESIAN_POINT('',(10.,23.5,1.478759765625));
#471 = SURFACE_CURVE('',#472,(#476,#483),.PCURVE_S1.);
#472 = LINE('',#473,#474);
#473 = CARTESIAN_POINT('',(10.,26.,1.625));
#474 = VECTOR('',#475,1.);
#475 = DIRECTION('',(0.,-0.998293481775,-5.839626909995E-02));
#476 = PCURVE('',#126,#477);
#477 = DEFINITIONAL_REPRESENTATION('',(#478),#482);
#478 = LINE('',#479,#480);
#479 = CARTESIAN_POINT('',(-1.989910378327,0.252219012839));
#480 = VECTOR('',#481,1.);
#481 = DIRECTION('',(-0.998293481775,-5.839626909995E-02));
#482 = ( GEOMETRIC_REPRESENTATION_CONTEXT(2) 
PARAMETRIC_REPRESENTATION_CONTEXT() REPRESENTATION_CONTEXT('2D SPACE',''
  ) );
#483 = PCURVE('',#484,#489);
#484 = PLANE('',#485);
#485 = AXIS2_PLACEMENT_3D('',#486,#487,#488);
#486 = CARTESIAN_POINT('',(10.,26.,1.625));
#487 = DIRECTION('',(0.,-5.839626909995E-02,0.998293481775));
#488 = DIRECTION('',(0.,-0.998293481775,-5.839626909995E-02));
#489 = DEFINITIONAL_REPRESENTATION('',(#490),#494);
#490 = LINE('',#491,#492);
#491 = CARTESIAN_POINT('',(0.,0.));
#492 = VECTOR('',#493,1.);
#493 = DIRECTION('',(1.,0.));
#494 = ( GEOMETRIC_REPRESENTATION_CONTEXT(2) 
PARAMETRIC_REPRESENTATION_CONTEXT() REPRESENTATION_CONTEXT('2D SPACE',''
  ) );
#495 = ORIENTED_EDGE('',*,*,#496,.T.);
#496 = EDGE_CURVE('',#469,#497,#499,.T.);
#497 = VERTEX_POINT('',#498);
#498 = CARTESIAN_POINT('',(10.,21.,1.322265625));
#499 = SURFACE_CURVE('',#500,(#504,#511),.PCURVE_S1.);
#500 = LINE('',#501,#502);
#501 = CARTESIAN_POINT('',(10.,23.5,1.478759765625));
#502 = VECTOR('',#503,1.);
#503 = DIRECTION('',(0.,-0.998046505871,-6.247537209603E-02));
#504 = PCURVE('',#126,#505);
#505 = DEFINITIONAL_REPRESENTATION('',(#506),#510);
#506 = LINE('',#507,#508);
#507 = CARTESIAN_POINT('',(-4.489910378327,0.105978778464));
#508 = VECTOR('',#509,1.);
#509 = DIRECTION('',(-0.998046505871,-6.247537209603E-02));
#510 = ( GEOMETRIC_REPRESENTATION_CONTEXT(2) 
PARAMETRIC_REPRESENTATION_CONTEXT() REPRESENTATION_CONTEXT('2D SPACE',''
  ) );
#511 = PCURVE('',#512,#517);
#512 = PLANE('',#513);
#513 = AXIS2_PLACEMENT_3D('',#514,#515,#516);
#514 = CARTESIAN_POINT('',(10.,23.5,1.478759765625));
#515 = DIRECTION('',(0.,-6.247537209603E-02,0.998046505871));
#516 = DIRECTION('',(0.,-0.998046505871,-6.247537209603E-02));
#517 = DEFINITIONAL_REPRESENTATION('',(#518),#522);
#518 = LINE('',#519,#520);
#519 = CARTESIAN_POINT('',(0.,0.));
#520 = VECTOR('',#521,1.);
#521 = DIRECTION('',(1.,0.));
#522 = ( GEOMETRIC_REPRESENTATION_CONTEXT(2) 
PARAMETRIC_REPRESENTATION_CONTEXT() REPRESENTATION_CONTEXT('2D SPACE',''
  ) );
#523 = ORIENTED_EDGE('',*,*,#524,.T.);
#524 = EDGE_CURVE('',#497,#525,#527,.T.);
#525 = VERTEX_POINT('',#526);
#526 = CARTESIAN_POINT('',(10.,18.5,1.156982421875));
#527 = SURFACE_CURVE('',#528,(#532,#539),.PCURVE_S1.);
#528 = LINE('',#529,#530);
#529 = CARTESIAN_POINT('',(10.,21.,1.322265625));
#530 = VECTOR('',#531,1.);
#531 = DIRECTION('',(0.,-0.997821655528,-6.596926374925E-02));
#532 = PCURVE('',#126,#533);
#533 = DEFINITIONAL_REPRESENTATION('',(#534),#538);
#534 = LINE('',#535,#536);
#535 = CARTESIAN_POINT('',(-6.989910378327,-5.051536216126E-02));
#536 = VECTOR('',#537,1.);
#537 = DIRECTION('',(-0.997821655528,-6.596926374925E-02));
#538 = ( GEOMETRIC_REPRESENTATION_CONTEXT(2) 
PARAMETRIC_REPRESENTATION_CONTEXT() REPRESENTATION_CONTEXT('2D SPACE',''
  ) );
#539 = PCURVE('',#540,#545);
#540 = PLANE('',#541);
#541 = AXIS2_PLACEMENT_3D('',#542,#543,#544);
#542 = CARTESIAN_POINT('',(10.,21.,1.322265625));
#543 = DIRECTION('',(0.,-6.596926374925E-02,0.997821655528));
#544 = DIRECTION('',(0.,-0.997821655528,-6.596926374925E-02));
#545 = DEFINITIONAL_REPRESENTATION('',(#546),#550);
#546 = LINE('',#547,#548);
#547 = CARTESIAN_POINT('',(0.,0.));
#548 = VECTOR('',#549,1.);
#549 = DIRECTION('',(1.,0.));
#550 = ( GEOMETRIC_REPRESENTATION_CONTEXT(2) 
PARAMETRIC_REPRESENTATION_CONTEXT() REPRESENTATION_CONTEXT('2D SPACE',''
  ) );
#551 = ORIENTED_EDGE('',*,*,#552,.T.);
#552 = EDGE_CURVE('',#525,#553,#555,.T.);
#553 = VERTEX_POINT('',#554);
#554 = CARTESIAN_POINT('',(10.,16.,0.984375));
#555 = SURFACE_CURVE('',#556,(#560,#567),.PCURVE_S1.);
#556 = LINE('',#557,#558);
#557 = CARTESIAN_POINT('',(10.,18.5,1.156982421875));
#558 = VECTOR('',#559,1.);
#559 = DIRECTION('',(0.,-0.997625021887,-6.887899321034E-02));
#560 = PCURVE('',#126,#561);
#561 = DEFINITIONAL_REPRESENTATION('',(#562),#566);
#562 = LINE('',#563,#564);
#563 = CARTESIAN_POINT('',(-9.489910378327,-0.215798565286));
#564 = VECTOR('',#565,1.);
#565 = DIRECTION('',(-0.997625021887,-6.887899321034E-02));
#566 = ( GEOMETRIC_REPRESENTATION_CONTEXT(2) 
PARAMETRIC_REPRESENTATION_CONTEXT() REPRESENTATION_CONTEXT('2D SPACE',''
  ) );
#567 = PCURVE('',#568,#573);
#568 = PLANE('',#569);
#569 = AXIS2_PLACEMENT_3D('',#570,#571,#572);
#570 = CARTESIAN_POINT('',(10.,18.5,1.156982421875));
#571 = DIRECTION('',(0.,-6.887899321034E-02,0.997625021887));
#572 = DIRECTION('',(0.,-0.997625021887,-6.887899321034E-02));
#573 = DEFINITIONAL_REPRESENTATION('',(#574),#578);
#574 = LINE('',#575,#576);
#575 = CARTESIAN_POINT('',(0.,0.));
#576 = VECTOR('',#577,1.);
#577 = DIRECTION('',(1.,0.));
#578 = ( GEOMETRIC_REPRESENTATION_CONTEXT(2) 
PARAMETRIC_REPRESENTATION_CONTEXT() REPRESENTATION_CONTEXT('2D SPACE',''
  ) );
#579 = ORIENTED_EDGE('',*,*,#580,.T.);
#580 = EDGE_CURVE('',#553,#581,#583,.T.);
#581 = VERTEX_POINT('',#582);
#582 = CARTESIAN_POINT('',(10.,13.5,0.805908203125));
#583 = SURFACE_CURVE('',#584,(#588,#595),.PCURVE_S1.);
#584 = LINE('',#585,#586);
#585 = CARTESIAN_POINT('',(10.,16.,0.984375));
#586 = VECTOR('',#587,1.);
#587 = DIRECTION('',(0.,-0.997461665718,-7.120551539453E-02));
#588 = PCURVE('',#126,#589);
#589 = DEFINITIONAL_REPRESENTATION('',(#590),#594);
#590 = LINE('',#591,#592);
#591 = CARTESIAN_POINT('',(-11.98991037832,-0.388405987161));
#592 = VECTOR('',#593,1.);
#593 = DIRECTION('',(-0.997461665718,-7.120551539453E-02));
#594 = ( GEOMETRIC_REPRESENTATION_CONTEXT(2) 
PARAMETRIC_REPRESENTATION_CONTEXT() REPRESENTATION_CONTEXT('2D SPACE',''
  ) );
#595 = PCURVE('',#596,#601);
#596 = PLANE('',#597);
#597 = AXIS2_PLACEMENT_3D('',#598,#599,#600);
#598 = CARTESIAN_POINT('',(10.,16.,0.984375));
#599 = DIRECTION('',(0.,-7.120551539453E-02,0.997461665718));
#600 = DIRECTION('',(0.,-0.997461665718,-7.120551539453E-02));
#601 = DEFINITIONAL_REPRESENTATION('',(#602),#606);
#602 = LINE('',#603,#604);
#603 = CARTESIAN_POINT('',(0.,0.));
#604 = VECTOR('',#605,1.);
#605 = DIRECTION('',(1.,0.));
#606 = ( GEOMETRIC_REPRESENTATION_CONTEXT(2) 
PARAMETRIC_REPRESENTATION_CONTEXT() REPRESENTATION_CONTEXT('2D SPACE',''
  ) );
#607 = ORIENTED_EDGE('',*,*,#608,.T.);
#608 = EDGE_CURVE('',#581,#609,#611,.T.);
#609 = VERTEX_POINT('',#610);
#610 = CARTESIAN_POINT('',(10.,11.,0.623046875));
#611 = SURFACE_CURVE('',#612,(#616,#623),.PCURVE_S1.);
#612 = LINE('',#613,#614);
#613 = CARTESIAN_POINT('',(10.,13.5,0.805908203125));
#614 = VECTOR('',#615,1.);
#615 = DIRECTION('',(0.,-0.997335625069,-7.294964679463E-02));
#616 = PCURVE('',#126,#617);
#617 = DEFINITIONAL_REPRESENTATION('',(#618),#622);
#618 = LINE('',#619,#620);
#619 = CARTESIAN_POINT('',(-14.48991037832,-0.566872784036));
#620 = VECTOR('',#621,1.);
#621 = DIRECTION('',(-0.997335625069,-7.294964679463E-02));
#622 = ( GEOMETRIC_REPRESENTATION_CONTEXT(2) 
PARAMETRIC_REPRESENTATION_CONTEXT() REPRESENTATION_CONTEXT('2D SPACE',''
  ) );
#623 = PCURVE('',#624,#629);
#624 = PLANE('',#625);
#625 = AXIS2_PLACEMENT_3D('',#626,#627,#628);
#626 = CARTESIAN_POINT('',(10.,13.5,0.805908203125));
#627 = DIRECTION('',(0.,-7.294964679463E-02,0.997335625069));
#628 = DIRECTION('',(0.,-0.997335625069,-7.294964679463E-02));
#629 = DEFINITIONAL_REPRESENTATION('',(#630),#634);
#630 = LINE('',#631,#632);
#631 = CARTESIAN_POINT('',(0.,0.));
#632 = VECTOR('',#633,1.);
#633 = DIRECTION('',(1.,0.));
#634 = ( GEOMETRIC_REPRESENTATION_CONTEXT(2) 
PARAMETRIC_REPRESENTATION_CONTEXT() REPRESENTATION_CONTEXT('2D SPACE',''
  ) );
#635 = ORIENTED_EDGE('',*,*,#636,.T.);
#636 = EDGE_CURVE('',#609,#637,#639,.T.);
#637 = VERTEX_POINT('',#638);
#638 = CARTESIAN_POINT('',(10.,8.5,0.437255859375));
#639 = SURFACE_CURVE('',#640,(#644,#651),.PCURVE_S1.);
#640 = LINE('',#641,#642);
#641 = CARTESIAN_POINT('',(10.,11.,0.623046875));
#642 = VECTOR('',#643,1.);
#643 = DIRECTION('',(0.,-0.997249922015,-7.411203033726E-02));
#644 = PCURVE('',#126,#645);
#645 = DEFINITIONAL_REPRESENTATION('',(#646),#650);
#646 = LINE('',#647,#648);
#647 = CARTESIAN_POINT('',(-16.98991037832,-0.749734112161));
#648 = VECTOR('',#649,1.);
#649 = DIRECTION('',(-0.997249922015,-7.411203033726E-02));
#650 = ( GEOMETRIC_REPRESENTATION_CONTEXT(2) 
PARAMETRIC_REPRESENTATION_CONTEXT() REPRESENTATION_CONTEXT('2D SPACE',''
  ) );
#651 = PCURVE('',#652,#657);
#652 = PLANE('',#653);
#653 = AXIS2_PLACEMENT_3D('',#654,#655,#656);
#654 = CARTESIAN_POINT('',(10.,11.,0.623046875));
#655 = DIRECTION('',(0.,-7.411203033726E-02,0.997249922015));
#656 = DIRECTION('',(0.,-0.997249922015,-7.411203033726E-02));
#657 = DEFINITIONAL_REPRESENTATION('',(#658),#662);
#658 = LINE('',#659,#660);
#659 = CARTESIAN_POINT('',(0.,0.));
#660 = VECTOR('',#661,1.);
#661 = DIRECTION('',(1.,0.));
#662 = ( GEOMETRIC_REPRESENTATION_CONTEXT(2) 
PARAMETRIC_REPRESENTATION_CONTEXT() REPRESENTATION_CONTEXT('2D SPACE',''
  ) );
#663 = ORIENTED_EDGE('',*,*,#664,.T.);
#664 = EDGE_CURVE('',#637,#665,#667,.T.);
#665 = VERTEX_POINT('',#666);
#666 = CARTESIAN_POINT('',(10.,6.,0.25));
#667 = SURFACE_CURVE('',#668,(#672,#679),.PCURVE_S1.);
#668 = LINE('',#669,#670);
#669 = CARTESIAN_POINT('',(10.,8.5,0.437255859375));
#670 = VECTOR('',#671,1.);
#671 = DIRECTION('',(0.,-0.997206568092,-7.469310915296E-02));
#672 = PCURVE('',#126,#673);
#673 = DEFINITIONAL_REPRESENTATION('',(#674),#678);
#674 = LINE('',#675,#676);
#675 = CARTESIAN_POINT('',(-19.48991037832,-0.935525127786));
#676 = VECTOR('',#677,1.);
#677 = DIRECTION('',(-0.997206568092,-7.469310915296E-02));
#678 = ( GEOMETRIC_REPRESENTATION_CONTEXT(2) 
PARAMETRIC_REPRESENTATION_CONTEXT() REPRESENTATION_CONTEXT('2D SPACE',''
  ) );
#679 = PCURVE('',#680,#685);
#680 = PLANE('',#681);
#681 = AXIS2_PLACEMENT_3D('',#682,#683,#684);
#682 = CARTESIAN_POINT('',(10.,8.5,0.437255859375));
#683 = DIRECTION('',(0.,-7.469310915296E-02,0.997206568092));
#684 = DIRECTION('',(0.,-0.997206568092,-7.469310915296E-02));
#685 = DEFINITIONAL_REPRESENTATION('',(#686),#690);
#686 = LINE('',#687,#688);
#687 = CARTESIAN_POINT('',(0.,0.));
#688 = VECTOR('',#689,1.);
#689 = DIRECTION('',(1.,0.));
#690 = ( GEOMETRIC_REPRESENTATION_CONTEXT(2) 
PARAMETRIC_REPRESENTATION_CONTEXT() REPRESENTATION_CONTEXT('2D SPACE',''
  ) );
#691 = ORIENTED_EDGE('',*,*,#692,.T.);
#692 = EDGE_CURVE('',#665,#693,#695,.T.);
#693 = VERTEX_POINT('',#694);
#694 = CARTESIAN_POINT('',(10.,0.,0.25));
#695 = SURFACE_CURVE('',#696,(#700,#707),.PCURVE_S1.);
#696 = LINE('',#697,#698);
#697 = CARTESIAN_POINT('',(10.,6.,0.25));
#698 = VECTOR('',#699,1.);
#699 = DIRECTION('',(0.,-1.,0.));
#700 = PCURVE('',#126,#701);
#701 = DEFINITIONAL_REPRESENTATION('',(#702),#706);
#702 = LINE('',#703,#704);
#703 = CARTESIAN_POINT('',(-21.98991037832,-1.122780987161));
#704 = VECTOR('',#705,1.);
#705 = DIRECTION('',(-1.,0.));
#706 = ( GEOMETRIC_REPRESENTATION_CONTEXT(2) 
PARAMETRIC_REPRESENTATION_CONTEXT() REPRESENTATION_CONTEXT('2D SPACE',''
  ) );
#707 = PCURVE('',#708,#713);
#708 = PLANE('',#709);
#709 = AXIS2_PLACEMENT_3D('',#710,#711,#712);
#710 = CARTESIAN_POINT('',(10.,6.,0.25));
#711 = DIRECTION('',(0.,0.,1.));
#712 = DIRECTION('',(0.,-1.,0.));
#713 = DEFINITIONAL_REPRESENTATION('',(#714),#718);
#714 = LINE('',#715,#716);
#715 = CARTESIAN_POINT('',(0.,0.));
#716 = VECTOR('',#717,1.);
#717 = DIRECTION('',(1.,0.));
#718 = ( GEOMETRIC_REPRESENTATION_CONTEXT(2) 
PARAMETRIC_REPRESENTATION_CONTEXT() REPRESENTATION_CONTEXT('2D SPACE',''
  ) );
#719 = ORIENTED_EDGE('',*,*,#720,.T.);
#720 = EDGE_CURVE('',#693,#721,#723,.T.);
#721 = VERTEX_POINT('',#722);
#722 = CARTESIAN_POINT('',(10.,0.,0.));
#723 = SURFACE_CURVE('',#724,(#728,#735),.PCURVE_S1.);
#724 = LINE('',#725,#726);
#725 = CARTESIAN_POINT('',(10.,0.,0.25));
#726 = VECTOR('',#727,1.);
#727 = DIRECTION('',(0.,0.,-1.));
#728 = PCURVE('',#126,#729);
#729 = DEFINITIONAL_REPRESENTATION('',(#730),#734);
#730 = LINE('',#731,#732);
#731 = CARTESIAN_POINT('',(-27.98991037832,-1.122780987161));
#732 = VECTOR('',#733,1.);
#733 = DIRECTION('',(0.,-1.));
#734 = ( GEOMETRIC_REPRESENTATION_CONTEXT(2) 
PARAMETRIC_REPRESENTATION_CONTEXT() REPRESENTATION_CONTEXT('2D SPACE',''
  ) );
#735 = PCURVE('',#736,#741);
#736 = PLANE('',#737);
#737 = AXIS2_PLACEMENT_3D('',#738,#739,#740);
#738 = CARTESIAN_POINT('',(10.,0.,0.25));
#739 = DIRECTION('',(0.,-1.,0.));
#740 = DIRECTION('',(0.,0.,-1.));
#741 = DEFINITIONAL_REPRESENTATION('',(#742),#746);
#742 = LINE('',#743,#744);
#743 = CARTESIAN_POINT('',(0.,0.));
#744 = VECTOR('',#745,1.);
#745 = DIRECTION('',(1.,0.));
#746 = ( GEOMETRIC_REPRESENTATION_CONTEXT(2) 
PARAMETRIC_REPRESENTATION_CONTEXT() REPRESENTATION_CONTEXT('2D SPACE',''
  ) );
#747 = ORIENTED_EDGE('',*,*,#748,.T.);
#748 = EDGE_CURVE('',#721,#749,#751,.T.);
#749 = VERTEX_POINT('',#750);
#750 = CARTESIAN_POINT('',(10.,6.,0.));
#751 = SURFACE_CURVE('',#752,(#756,#763),.PCURVE_S1.);
#752 = LINE('',#753,#754);
#753 = CARTESIAN_POINT('',(10.,0.,0.));
#754 = VECTOR('',#755,1.);
#755 = DIRECTION('',(0.,1.,0.));
#756 = PCURVE('',#126,#757);
#757 = DEFINITIONAL_REPRESENTATION('',(#758),#762);
#758 = LINE('',#759,#760);
#759 = CARTESIAN_POINT('',(-27.98991037832,-1.372780987161));
#760 = VECTOR('',#761,1.);
#761 = DIRECTION('',(1.,0.));
#762 = ( GEOMETRIC_REPRESENTATION_CONTEXT(2) 
PARAMETRIC_REPRESENTATION_CONTEXT() REPRESENTATION_CONTEXT('2D SPACE',''
  ) );
#763 = PCURVE('',#764,#769);
#764 = PLANE('',#765);
#765 = AXIS2_PLACEMENT_3D('',#766,#767,#768);
#766 = CARTESIAN_POINT('',(10.,0.,0.));
#767 = DIRECTION('',(0.,0.,-1.));
#768 = DIRECTION('',(0.,1.,0.));
#769 = DEFINITIONAL_REPRESENTATION('',(#770),#774);
#770 = LINE('',#771,#772);
#771 = CARTESIAN_POINT('',(0.,-0.));
#772 = VECTOR('',#773,1.);
#773 = DIRECTION('',(1.,0.));
#774 = ( GEOMETRIC_REPRESENTATION_CONTEXT(2) 
PARAMETRIC_REPRESENTATION_CONTEXT() REPRESENTATION_CONTEXT('2D SPACE',''
  ) );
#775 = ORIENTED_EDGE('',*,*,#776,.T.);
#776 = EDGE_CURVE('',#749,#777,#779,.T.);
#777 = VERTEX_POINT('',#778);
#778 = CARTESIAN_POINT('',(10.,8.5,0.187255859375));
#779 = SURFACE_CURVE('',#780,(#784,#791),.PCURVE_S1.);
#780 = LINE('',#781,#782);
#781 = CARTESIAN_POINT('',(10.,6.,0.));
#782 = VECTOR('',#783,1.);
#783 = DIRECTION('',(0.,0.997206568092,7.469310915296E-02));
#784 = PCURVE('',#126,#785);
#785 = DEFINITIONAL_REPRESENTATION('',(#786),#790);
#786 = LINE('',#787,#788);
#787 = CARTESIAN_POINT('',(-21.98991037832,-1.372780987161));
#788 = VECTOR('',#789,1.);
#789 = DIRECTION('',(0.997206568092,7.469310915296E-02));
#790 = ( GEOMETRIC_REPRESENTATION_CONTEXT(2) 
PARAMETRIC_REPRESENTATION_CONTEXT() REPRESENTATION_CONTEXT('2D SPACE',''
  ) );
#791 = PCURVE('',#792,#797);
#792 = PLANE('',#793);
#793 = AXIS2_PLACEMENT_3D('',#794,#795,#796);
#794 = CARTESIAN_POINT('',(10.,6.,0.));
#795 = DIRECTION('',(-0.,7.469310915296E-02,-0.997206568092));
#796 = DIRECTION('',(0.,0.997206568092,7.469310915296E-02));
#797 = DEFINITIONAL_REPRESENTATION('',(#798),#802);
#798 = LINE('',#799,#800);
#799 = CARTESIAN_POINT('',(0.,0.));
#800 = VECTOR('',#801,1.);
#801 = DIRECTION('',(1.,0.));
#802 = ( GEOMETRIC_REPRESENTATION_CONTEXT(2) 
PARAMETRIC_REPRESENTATION_CONTEXT() REPRESENTATION_CONTEXT('2D SPACE',''
  ) );
#803 = ORIENTED_EDGE('',*,*,#804,.T.);
#804 = EDGE_CURVE('',#777,#805,#807,.T.);
#805 = VERTEX_POINT('',#806);
#806 = CARTESIAN_POINT('',(10.,11.,0.373046875));
#807 = SURFACE_CURVE('',#808,(#812,#819),.PCURVE_S1.);
#808 = LINE('',#809,#810);
#809 = CARTESIAN_POINT('',(10.,8.5,0.187255859375));
#810 = VECTOR('',#811,1.);
#811 = DIRECTION('',(0.,0.997249922015,7.411203033726E-02));
#812 = PCURVE('',#126,#813);
#813 = DEFINITIONAL_REPRESENTATION('',(#814),#818);
#814 = LINE('',#815,#816);
#815 = CARTESIAN_POINT('',(-19.48991037832,-1.185525127786));
#816 = VECTOR('',#817,1.);
#817 = DIRECTION('',(0.997249922015,7.411203033726E-02));
#818 = ( GEOMETRIC_REPRESENTATION_CONTEXT(2) 
PARAMETRIC_REPRESENTATION_CONTEXT() REPRESENTATION_CONTEXT('2D SPACE',''
  ) );
#819 = PCURVE('',#820,#825);
#820 = PLANE('',#821);
#821 = AXIS2_PLACEMENT_3D('',#822,#823,#824);
#822 = CARTESIAN_POINT('',(10.,8.5,0.187255859375));
#823 = DIRECTION('',(-0.,7.411203033726E-02,-0.997249922015));
#824 = DIRECTION('',(0.,0.997249922015,7.411203033726E-02));
#825 = DEFINITIONAL_REPRESENTATION('',(#826),#830);
#826 = LINE('',#827,#828);
#827 = CARTESIAN_POINT('',(0.,0.));
#828 = VECTOR('',#829,1.);
#829 = DIRECTION('',(1.,0.));
#830 = ( GEOMETRIC_REPRESENTATION_CONTEXT(2) 
PARAMETRIC_REPRESENTATION_CONTEXT() REPRESENTATION_CONTEXT('2D SPACE',''
  ) );
#831 = ORIENTED_EDGE('',*,*,#832,.T.);
#832 = EDGE_CURVE('',#805,#833,#835,.T.);
#833 = VERTEX_POINT('',#834);
#834 = CARTESIAN_POINT('',(10.,13.5,0.555908203125));
#835 = SURFACE_CURVE('',#836,(#840,#847),.PCURVE_S1.);
#836 = LINE('',#837,#838);
#837 = CARTESIAN_POINT('',(10.,11.,0.373046875));
#838 = VECTOR('',#839,1.);
#839 = DIRECTION('',(0.,0.997335625069,7.294964679463E-02));
#840 = PCURVE('',#126,#841);
#841 = DEFINITIONAL_REPRESENTATION('',(#842),#846);
#842 = LINE('',#843,#844);
#843 = CARTESIAN_POINT('',(-16.98991037832,-0.999734112161));
#844 = VECTOR('',#845,1.);
#845 = DIRECTION('',(0.997335625069,7.294964679463E-02));
#846 = ( GEOMETRIC_REPRESENTATION_CONTEXT(2) 
PARAMETRIC_REPRESENTATION_CONTEXT() REPRESENTATION_CONTEXT('2D SPACE',''
  ) );
#847 = PCURVE('',#848,#853);
#848 = PLANE('',#849);
#849 = AXIS2_PLACEMENT_3D('',#850,#851,#852);
#850 = CARTESIAN_POINT('',(10.,11.,0.373046875));
#851 = DIRECTION('',(-0.,7.294964679463E-02,-0.997335625069));
#852 = DIRECTION('',(0.,0.997335625069,7.294964679463E-02));
#853 = DEFINITIONAL_REPRESENTATION('',(#854),#858);
#854 = LINE('',#855,#856);
#855 = CARTESIAN_POINT('',(0.,0.));
#856 = VECTOR('',#857,1.);
#857 = DIRECTION('',(1.,0.));
#858 = ( GEOMETRIC_REPRESENTATION_CONTEXT(2) 
PARAMETRIC_REPRESENTATION_CONTEXT() REPRESENTATION_CONTEXT('2D SPACE',''
  ) );
#859 = ORIENTED_EDGE('',*,*,#860,.T.);
#860 = EDGE_CURVE('',#833,#861,#863,.T.);
#861 = VERTEX_POINT('',#862);
#862 = CARTESIAN_POINT('',(10.,16.,0.734375));
#863 = SURFACE_CURVE('',#864,(#868,#875),.PCURVE_S1.);
#864 = LINE('',#865,#866);
#865 = CARTESIAN_POINT('',(10.,13.5,0.555908203125));
#866 = VECTOR('',#867,1.);
#867 = DIRECTION('',(0.,0.997461665718,7.120551539453E-02));
#868 = PCURVE('',#126,#869);
#869 = DEFINITIONAL_REPRESENTATION('',(#870),#874);
#870 = LINE('',#871,#872);
#871 = CARTESIAN_POINT('',(-14.48991037832,-0.816872784036));
#872 = VECTOR('',#873,1.);
#873 = DIRECTION('',(0.997461665718,7.120551539453E-02));
#874 = ( GEOMETRIC_REPRESENTATION_CONTEXT(2) 
PARAMETRIC_REPRESENTATION_CONTEXT() REPRESENTATION_CONTEXT('2D SPACE',''
  ) );
#875 = PCURVE('',#876,#881);
#876 = PLANE('',#877);
#877 = AXIS2_PLACEMENT_3D('',#878,#879,#880);
#878 = CARTESIAN_POINT('',(10.,13.5,0.555908203125));
#879 = DIRECTION('',(-0.,7.120551539453E-02,-0.997461665718));
#880 = DIRECTION('',(0.,0.997461665718,7.120551539453E-02));
#881 = DEFINITIONAL_REPRESENTATION('',(#882),#886);
#882 = LINE('',#883,#884);
#883 = CARTESIAN_POINT('',(0.,0.));
#884 = VECTOR('',#885,1.);
#885 = DIRECTION('',(1.,0.));
#886 = ( GEOMETRIC_REPRESENTATION_CONTEXT(2) 
PARAMETRIC_REPRESENTATION_CONTEXT() REPRESENTATION_CONTEXT('2D SPACE',''
  ) );
#887 = ORIENTED_EDGE('',*,*,#888,.T.);
#888 = EDGE_CURVE('',#861,#889,#891,.T.);
#889 = VERTEX_POINT('',#890);
#890 = CARTESIAN_POINT('',(10.,18.5,0.906982421875));
#891 = SURFACE_CURVE('',#892,(#896,#903),.PCURVE_S1.);
#892 = LINE('',#893,#894);
#893 = CARTESIAN_POINT('',(10.,16.,0.734375));
#894 = VECTOR('',#895,1.);
#895 = DIRECTION('',(0.,0.997625021887,6.887899321034E-02));
#896 = PCURVE('',#126,#897);
#897 = DEFINITIONAL_REPRESENTATION('',(#898),#902);
#898 = LINE('',#899,#900);
#899 = CARTESIAN_POINT('',(-11.98991037832,-0.638405987161));
#900 = VECTOR('',#901,1.);
#901 = DIRECTION('',(0.997625021887,6.887899321034E-02));
#902 = ( GEOMETRIC_REPRESENTATION_CONTEXT(2) 
PARAMETRIC_REPRESENTATION_CONTEXT() REPRESENTATION_CONTEXT('2D SPACE',''
  ) );
#903 = PCURVE('',#904,#909);
#904 = PLANE('',#905);
#905 = AXIS2_PLACEMENT_3D('',#906,#907,#908);
#906 = CARTESIAN_POINT('',(10.,16.,0.734375));
#907 = DIRECTION('',(-0.,6.887899321034E-02,-0.997625021887));
#908 = DIRECTION('',(0.,0.997625021887,6.887899321034E-02));
#909 = DEFINITIONAL_REPRESENTATION('',(#910),#914);
#910 = LINE('',#911,#912);
#911 = CARTESIAN_POINT('',(0.,0.));
#912 = VECTOR('',#913,1.);
#913 = DIRECTION('',(1.,0.));
#914 = ( GEOMETRIC_REPRESENTATION_CONTEXT(2) 
PARAMETRIC_REPRESENTATION_CONTEXT() REPRESENTATION_CONTEXT('2D SPACE',''
  ) );
#915 = ORIENTED_EDGE('',*,*,#916,.T.);
#916 = EDGE_CURVE('',#889,#917,#919,.T.);
#917 = VERTEX_POINT('',#918);
#918 = CARTESIAN_POINT('',(10.,21.,1.072265625));
#919 = SURFACE_CURVE('',#920,(#924,#931),.PCURVE_S1.);
#920 = LINE('',#921,#922);
#921 = CARTESIAN_POINT('',(10.,18.5,0.906982421875));
#922 = VECTOR('',#923,1.);
#923 = DIRECTION('',(0.,0.997821655528,6.596926374925E-02));
#924 = PCURVE('',#126,#925);
#925 = DEFINITIONAL_REPRESENTATION('',(#926),#930);
#926 = LINE('',#927,#928);
#927 = CARTESIAN_POINT('',(-9.489910378327,-0.465798565286));
#928 = VECTOR('',#929,1.);
#929 = DIRECTION('',(0.997821655528,6.596926374925E-02));
#930 = ( GEOMETRIC_REPRESENTATION_CONTEXT(2) 
PARAMETRIC_REPRESENTATION_CONTEXT() REPRESENTATION_CONTEXT('2D SPACE',''
  ) );
#931 = PCURVE('',#932,#937);
#932 = PLANE('',#933);
#933 = AXIS2_PLACEMENT_3D('',#934,#935,#936);
#934 = CARTESIAN_POINT('',(10.,18.5,0.906982421875));
#935 = DIRECTION('',(-0.,6.596926374925E-02,-0.997821655528));
#936 = DIRECTION('',(0.,0.997821655528,6.596926374925E-02));
#937 = DEFINITIONAL_REPRESENTATION('',(#938),#942);
#938 = LINE('',#939,#940);
#939 = CARTESIAN_POINT('',(0.,0.));
#940 = VECTOR('',#941,1.);
#941 = DIRECTION('',(1.,0.));
#942 = ( GEOMETRIC_REPRESENTATION_CONTEXT(2) 
PARAMETRIC_REPRESENTATION_CONTEXT() REPRESENTATION_CONTEXT('2D SPACE',''
  ) );
#943 = ORIENTED_EDGE('',*,*,#944,.T.);
#944 = EDGE_CURVE('',#917,#945,#947,.T.);
#945 = VERTEX_POINT('',#946);
#946 = CARTESIAN_POINT('',(10.,23.5,1.228759765625));
#947 = SURFACE_CURVE('',#948,(#952,#959),.PCURVE_S1.);
#948 = LINE('',#949,#950);
#949 = CARTESIAN_POINT('',(10.,21.,1.072265625));
#950 = VECTOR('',#951,1.);
#951 = DIRECTION('',(0.,0.998046505871,6.247537209603E-02));
#952 = PCURVE('',#126,#953);
#953 = DEFINITIONAL_REPRESENTATION('',(#954),#958);
#954 = LINE('',#955,#956);
#955 = CARTESIAN_POINT('',(-6.989910378327,-0.300515362161));
#956 = VECTOR('',#957,1.);
#957 = DIRECTION('',(0.998046505871,6.247537209603E-02));
#958 = ( GEOMETRIC_REPRESENTATION_CONTEXT(2) 
PARAMETRIC_REPRESENTATION_CONTEXT() REPRESENTATION_CONTEXT('2D SPACE',''
  ) );
#959 = PCURVE('',#960,#965);
#960 = PLANE('',#961);
#961 = AXIS2_PLACEMENT_3D('',#962,#963,#964);
#962 = CARTESIAN_POINT('',(10.,21.,1.072265625));
#963 = DIRECTION('',(-0.,6.247537209603E-02,-0.998046505871));
#964 = DIRECTION('',(0.,0.998046505871,6.247537209603E-02));
#965 = DEFINITIONAL_REPRESENTATION('',(#966),#970);
#966 = LINE('',#967,#968);
#967 = CARTESIAN_POINT('',(0.,0.));
#968 = VECTOR('',#969,1.);
#969 = DIRECTION('',(1.,0.));
#970 = ( GEOMETRIC_REPRESENTATION_CONTEXT(2) 
PARAMETRIC_REPRESENTATION_CONTEXT() REPRESENTATION_CONTEXT('2D SPACE',''
  ) );
#971 = ORIENTED_EDGE('',*,*,#972,.T.);
#972 = EDGE_CURVE('',#945,#973,#975,.T.);
#973 = VERTEX_POINT('',#974);
#974 = CARTESIAN_POINT('',(10.,26.,1.375));
#975 = SURFACE_CURVE('',#976,(#980,#987),.PCURVE_S1.);
#976 = LINE('',#977,#978);
#977 = CARTESIAN_POINT('',(10.,23.5,1.228759765625));
#978 = VECTOR('',#979,1.);
#979 = DIRECTION('',(0.,0.998293481775,5.839626909995E-02));
#980 = PCURVE('',#126,#981);
#981 = DEFINITIONAL_REPRESENTATION('',(#982),#986);
#982 = LINE('',#983,#984);
#983 = CARTESIAN_POINT('',(-4.489910378327,-0.144021221536));
#984 = VECTOR('',#985,1.);
#985 = DIRECTION('',(0.998293481775,5.839626909995E-02));
#986 = ( GEOMETRIC_REPRESENTATION_CONTEXT(2) 
PARAMETRIC_REPRESENTATION_CONTEXT() REPRESENTATION_CONTEXT('2D SPACE',''
  ) );
#987 = PCURVE('',#988,#993);
#988 = PLANE('',#989);
#989 = AXIS2_PLACEMENT_3D('',#990,#991,#992);
#990 = CARTESIAN_POINT('',(10.,23.5,1.228759765625));
#991 = DIRECTION('',(-0.,5.839626909995E-02,-0.998293481775));
#992 = DIRECTION('',(0.,0.998293481775,5.839626909995E-02));
#993 = DEFINITIONAL_REPRESENTATION('',(#994),#998);
#994 = LINE('',#995,#996);
#995 = CARTESIAN_POINT('',(0.,0.));
#996 = VECTOR('',#997,1.);
#997 = DIRECTION('',(1.,0.));
#998 = ( GEOMETRIC_REPRESENTATION_CONTEXT(2) 
PARAMETRIC_REPRESENTATION_CONTEXT() REPRESENTATION_CONTEXT('2D SPACE',''
  ) );
#999 = ORIENTED_EDGE('',*,*,#1000,.T.);
#1000 = EDGE_CURVE('',#973,#1001,#1003,.T.);
#1001 = VERTEX_POINT('',#1002);
#1002 = CARTESIAN_POINT('',(10.,28.5,1.509521484375));
#1003 = SURFACE_CURVE('',#1004,(#1008,#1015),.PCURVE_S1.);
#1004 = LINE('',#1005,#1006);
#1005 = CARTESIAN_POINT('',(10.,26.,1.375));
#1006 = VECTOR('',#1007,1.);
#1007 = DIRECTION('',(0.,0.99855545373,5.37308647466E-02));
#1008 = PCURVE('',#126,#1009);
#1009 = DEFINITIONAL_REPRESENTATION('',(#1010),#1014);
#1010 = LINE('',#1011,#1012);
#1011 = CARTESIAN_POINT('',(-1.989910378327,2.219012838736E-03));
#1012 = VECTOR('',#1013,1.);
#1013 = DIRECTION('',(0.99855545373,5.37308647466E-02));
#1014 = ( GEOMETRIC_REPRESENTATION_CONTEXT(2) 
PARAMETRIC_REPRESENTATION_CONTEXT() REPRESENTATION_CONTEXT('2D SPACE',''
  ) );
#1015 = PCURVE('',#1016,#1021);
#1016 = PLANE('',#1017);
#1017 = AXIS2_PLACEMENT_3D('',#1018,#1019,#1020);
#1018 = CARTESIAN_POINT('',(10.,26.,1.375));
#1019 = DIRECTION('',(-0.,5.37308647466E-02,-0.99855545373));
#1020 = DIRECTION('',(0.,0.99855545373,5.37308647466E-02));
#1021 = DEFINITIONAL_REPRESENTATION('',(#1022),#1026);
#1022 = LINE('',#1023,#1024);
#1023 = CARTESIAN_POINT('',(0.,0.));
#1024 = VECTOR('',#1025,1.);
#1025 = DIRECTION('',(1.,0.));
#1026 = ( GEOMETRIC_REPRESENTATION_CONTEXT(2) 
PARAMETRIC_REPRESENTATION_CONTEXT() REPRESENTATION_CONTEXT('2D SPACE',''
  ) );
#1027 = ORIENTED_EDGE('',*,*,#1028,.T.);
#1028 = EDGE_CURVE('',#1001,#1029,#1031,.T.);
#1029 = VERTEX_POINT('',#1030);
#1030 = CARTESIAN_POINT('',(10.,31.,1.630859375));
#1031 = SURFACE_CURVE('',#1032,(#1036,#1043),.PCURVE_S1.);
#1032 = LINE('',#1033,#1034);
#1033 = CARTESIAN_POINT('',(10.,28.5,1.509521484375));
#1034 = VECTOR('',#1035,1.);
#1035 = DIRECTION('',(0.,0.998824246155,4.847809085342E-02));
#1036 = PCURVE('',#126,#1037);
#1037 = DEFINITIONAL_REPRESENTATION('',(#1038),#1042);
#1038 = LINE('',#1039,#1040);
#1039 = CARTESIAN_POINT('',(0.510089621673,0.136740497214));
#1040 = VECTOR('',#1041,1.);
#1041 = DIRECTION('',(0.998824246155,4.847809085342E-02));
#1042 = ( GEOMETRIC_REPRESENTATION_CONTEXT(2) 
PARAMETRIC_REPRESENTATION_CONTEXT() REPRESENTATION_CONTEXT('2D SPACE',''
  ) );
#1043 = PCURVE('',#1044,#1049);
#1044 = PLANE('',#1045);
#1045 = AXIS2_PLACEMENT_3D('',#1046,#1047,#1048);
#1046 = CARTESIAN_POINT('',(10.,28.5,1.509521484375));
#1047 = DIRECTION('',(-0.,4.847809085342E-02,-0.998824246155));
#1048 = DIRECTION('',(0.,0.998824246155,4.847809085342E-02));
#1049 = DEFINITIONAL_REPRESENTATION('',(#1050),#1054);
#1050 = LINE('',#1051,#1052);
#1051 = CARTESIAN_POINT('',(0.,0.));
#1052 = VECTOR('',#1053,1.);
#1053 = DIRECTION('',(1.,0.));
#1054 = ( GEOMETRIC_REPRESENTATION_CONTEXT(2) 
PARAMETRIC_REPRESENTATION_CONTEXT() REPRESENTATION_CONTEXT('2D SPACE',''
  ) );
#1055 = ORIENTED_EDGE('',*,*,#1056,.T.);
#1056 = EDGE_CURVE('',#1029,#1057,#1059,.T.);
#1057 = VERTEX_POINT('',#1058);
#1058 = CARTESIAN_POINT('',(10.,33.5,1.737548828125));
#1059 = SURFACE_CURVE('',#1060,(#1064,#1071),.PCURVE_S1.);
#1060 = LINE('',#1061,#1062);
#1061 = CARTESIAN_POINT('',(10.,31.,1.630859375));
#1062 = VECTOR('',#1063,1.);
#1063 = DIRECTION('',(0.,0.999090630782,4.263697320816E-02));
#1064 = PCURVE('',#126,#1065);
#1065 = DEFINITIONAL_REPRESENTATION('',(#1066),#1070);
#1066 = LINE('',#1067,#1068);
#1067 = CARTESIAN_POINT('',(3.010089621673,0.258078387839));
#1068 = VECTOR('',#1069,1.);
#1069 = DIRECTION('',(0.999090630782,4.263697320816E-02));
#1070 = ( GEOMETRIC_REPRESENTATION_CONTEXT(2) 
PARAMETRIC_REPRESENTATION_CONTEXT() REPRESENTATION_CONTEXT('2D SPACE',''
  ) );
#1071 = PCURVE('',#1072,#1077);
#1072 = PLANE('',#1073);
#1073 = AXIS2_PLACEMENT_3D('',#1074,#1075,#1076);
#1074 = CARTESIAN_POINT('',(10.,31.,1.630859375));
#1075 = DIRECTION('',(-0.,4.263697320816E-02,-0.999090630782));
#1076 = DIRECTION('',(0.,0.999090630782,4.263697320816E-02));
#1077 = DEFINITIONAL_REPRESENTATION('',(#1078),#1082);
#1078 = LINE('',#1079,#1080);
#1079 = CARTESIAN_POINT('',(0.,0.));
#1080 = VECTOR('',#1081,1.);
#1081 = DIRECTION('',(1.,0.));
#1082 = ( GEOMETRIC_REPRESENTATION_CONTEXT(2) 
PARAMETRIC_REPRESENTATION_CONTEXT() REPRESENTATION_CONTEXT('2D SPACE',''
  ) );
#1083 = ORIENTED_EDGE('',*,*,#1084,.T.);
#1084 = EDGE_CURVE('',#1057,#1085,#1087,.T.);
#1085 = VERTEX_POINT('',#1086);
#1086 = CARTESIAN_POINT('',(10.,36.,1.828125));
#1087 = SURFACE_CURVE('',#1088,(#1092,#1099),.PCURVE_S1.);
#1088 = LINE('',#1089,#1090);
#1089 = CARTESIAN_POINT('',(10.,33.5,1.737548828125));
#1090 = VECTOR('',#1091,1.);
#1091 = DIRECTION('',(0.,0.999344322002,3.620671322877E-02));
#1092 = PCURVE('',#126,#1093);
#1093 = DEFINITIONAL_REPRESENTATION('',(#1094),#1098);
#1094 = LINE('',#1095,#1096);
#1095 = CARTESIAN_POINT('',(5.510089621673,0.364767840964));
#1096 = VECTOR('',#1097,1.);
#1097 = DIRECTION('',(0.999344322002,3.620671322877E-02));
#1098 = ( GEOMETRIC_REPRESENTATION_CONTEXT(2) 
PARAMETRIC_REPRESENTATION_CONTEXT() REPRESENTATION_CONTEXT('2D SPACE',''
  ) );
#1099 = PCURVE('',#1100,#1105);
#1100 = PLANE('',#1101);
#1101 = AXIS2_PLACEMENT_3D('',#1102,#1103,#1104);
#1102 = CARTESIAN_POINT('',(10.,33.5,1.737548828125));
#1103 = DIRECTION('',(-0.,3.620671322877E-02,-0.999344322002));
#1104 = DIRECTION('',(0.,0.999344322002,3.620671322877E-02));
#1105 = DEFINITIONAL_REPRESENTATION('',(#1106),#1110);
#1106 = LINE('',#1107,#1108);
#1107 = CARTESIAN_POINT('',(0.,0.));
#1108 = VECTOR('',#1109,1.);
#1109 = DIRECTION('',(1.,0.));
#1110 = ( GEOMETRIC_REPRESENTATION_CONTEXT(2) 
PARAMETRIC_REPRESENTATION_CONTEXT() REPRESENTATION_CONTEXT('2D SPACE',''
  ) );
#1111 = ORIENTED_EDGE('',*,*,#1112,.T.);
#1112 = EDGE_CURVE('',#1085,#1113,#1115,.T.);
#1113 = VERTEX_POINT('',#1114);
#1114 = CARTESIAN_POINT('',(10.,38.5,1.901123046875));
#1115 = SURFACE_CURVE('',#1116,(#1120,#1127),.PCURVE_S1.);
#1116 = LINE('',#1117,#1118);
#1117 = CARTESIAN_POINT('',(10.,36.,1.828125));
#1118 = VECTOR('',#1119,1.);
#1119 = DIRECTION('',(0.,0.999573975213,2.918677915904E-02));
#1120 = PCURVE('',#126,#1121);
#1121 = DEFINITIONAL_REPRESENTATION('',(#1122),#1126);
#1122 = LINE('',#1123,#1124);
#1123 = CARTESIAN_POINT('',(8.010089621673,0.455344012839));
#1124 = VECTOR('',#1125,1.);
#1125 = DIRECTION('',(0.999573975213,2.918677915904E-02));
#1126 = ( GEOMETRIC_REPRESENTATION_CONTEXT(2) 
PARAMETRIC_REPRESENTATION_CONTEXT() REPRESENTATION_CONTEXT('2D SPACE',''
  ) );
#1127 = PCURVE('',#1128,#1133);
#1128 = PLANE('',#1129);
#1129 = AXIS2_PLACEMENT_3D('',#1130,#1131,#1132);
#1130 = CARTESIAN_POINT('',(10.,36.,1.828125));
#1131 = DIRECTION('',(-0.,2.918677915904E-02,-0.999573975213));
#1132 = DIRECTION('',(0.,0.999573975213,2.918677915904E-02));
#1133 = DEFINITIONAL_REPRESENTATION('',(#1134),#1138);
#1134 = LINE('',#1135,#1136);
#1135 = CARTESIAN_POINT('',(0.,0.));
#1136 = VECTOR('',#1137,1.);
#1137 = DIRECTION('',(1.,0.));
#1138 = ( GEOMETRIC_REPRESENTATION_CONTEXT(2) 
PARAMETRIC_REPRESENTATION_CONTEXT() REPRESENTATION_CONTEXT('2D SPACE',''
  ) );
#1139 = ORIENTED_EDGE('',*,*,#1140,.T.);
#1140 = EDGE_CURVE('',#1113,#1141,#1143,.T.);
#1141 = VERTEX_POINT('',#1142);
#1142 = CARTESIAN_POINT('',(10.,41.,1.955078125));
#1143 = SURFACE_CURVE('',#1144,(#1148,#1155),.PCURVE_S1.);
#1144 = LINE('',#1145,#1146);
#1145 = CARTESIAN_POINT('',(10.,38.5,1.901123046875));
#1146 = VECTOR('',#1147,1.);
#1147 = DIRECTION('',(0.,0.99976718929,2.157700672198E-02));
#1148 = PCURVE('',#126,#1149);
#1149 = DEFINITIONAL_REPRESENTATION('',(#1150),#1154);
#1150 = LINE('',#1151,#1152);
#1151 = CARTESIAN_POINT('',(10.510089621673,0.528342059714));
#1152 = VECTOR('',#1153,1.);
#1153 = DIRECTION('',(0.99976718929,2.157700672198E-02));
#1154 = ( GEOMETRIC_REPRESENTATION_CONTEXT(2) 
PARAMETRIC_REPRESENTATION_CONTEXT() REPRESENTATION_CONTEXT('2D SPACE',''
  ) );
#1155 = PCURVE('',#1156,#1161);
#1156 = PLANE('',#1157);
#1157 = AXIS2_PLACEMENT_3D('',#1158,#1159,#1160);
#1158 = CARTESIAN_POINT('',(10.,38.5,1.901123046875));
#1159 = DIRECTION('',(-0.,2.157700672198E-02,-0.99976718929));
#1160 = DIRECTION('',(0.,0.99976718929,2.157700672198E-02));
#1161 = DEFINITIONAL_REPRESENTATION('',(#1162),#1166);
#1162 = LINE('',#1163,#1164);
#1163 = CARTESIAN_POINT('',(0.,0.));
#1164 = VECTOR('',#1165,1.);
#1165 = DIRECTION('',(1.,0.));
#1166 = ( GEOMETRIC_REPRESENTATION_CONTEXT(2) 
PARAMETRIC_REPRESENTATION_CONTEXT() REPRESENTATION_CONTEXT('2D SPACE',''
  ) );
#1167 = ORIENTED_EDGE('',*,*,#1168,.T.);
#1168 = EDGE_CURVE('',#1141,#1169,#1171,.T.);
#1169 = VERTEX_POINT('',#1170);
#1170 = CARTESIAN_POINT('',(10.,43.5,1.988525390625));
#1171 = SURFACE_CURVE('',#1172,(#1176,#1183),.PCURVE_S1.);
#1172 = LINE('',#1173,#1174);
#1173 = CARTESIAN_POINT('',(10.,41.,1.955078125));
#1174 = VECTOR('',#1175,1.);
#1175 = DIRECTION('',(0.,0.999910514447,1.337770903117E-02));
#1176 = PCURVE('',#126,#1177);
#1177 = DEFINITIONAL_REPRESENTATION('',(#1178),#1182);
#1178 = LINE('',#1179,#1180);
#1179 = CARTESIAN_POINT('',(13.010089621673,0.582297137839));
#1180 = VECTOR('',#1181,1.);
#1181 = DIRECTION('',(0.999910514447,1.337770903117E-02));
#1182 = ( GEOMETRIC_REPRESENTATION_CONTEXT(2) 
PARAMETRIC_REPRESENTATION_CONTEXT() REPRESENTATION_CONTEXT('2D SPACE',''
  ) );
#1183 = PCURVE('',#1184,#1189);
#1184 = PLANE('',#1185);
#1185 = AXIS2_PLACEMENT_3D('',#1186,#1187,#1188);
#1186 = CARTESIAN_POINT('',(10.,41.,1.955078125));
#1187 = DIRECTION('',(-0.,1.337770903117E-02,-0.999910514447));
#1188 = DIRECTION('',(0.,0.999910514447,1.337770903117E-02));
#1189 = DEFINITIONAL_REPRESENTATION('',(#1190),#1194);
#1190 = LINE('',#1191,#1192);
#1191 = CARTESIAN_POINT('',(0.,0.));
#1192 = VECTOR('',#1193,1.);
#1193 = DIRECTION('',(1.,0.));
#1194 = ( GEOMETRIC_REPRESENTATION_CONTEXT(2) 
PARAMETRIC_REPRESENTATION_CONTEXT() REPRESENTATION_CONTEXT('2D SPACE',''
  ) );
#1195 = ORIENTED_EDGE('',*,*,#1196,.T.);
#1196 = EDGE_CURVE('',#1169,#1197,#1199,.T.);
#1197 = VERTEX_POINT('',#1198);
#1198 = CARTESIAN_POINT('',(10.,46.,2.));
#1199 = SURFACE_CURVE('',#1200,(#1204,#1211),.PCURVE_S1.);
#1200 = LINE('',#1201,#1202);
#1201 = CARTESIAN_POINT('',(10.,43.5,1.988525390625));
#1202 = VECTOR('',#1203,1.);
#1203 = DIRECTION('',(0.,0.999989466834,4.589795404412E-03));
#1204 = PCURVE('',#126,#1205);
#1205 = DEFINITIONAL_REPRESENTATION('',(#1206),#1210);
#1206 = LINE('',#1207,#1208);
#1207 = CARTESIAN_POINT('',(15.510089621673,0.615744403464));
#1208 = VECTOR('',#1209,1.);
#1209 = DIRECTION('',(0.999989466834,4.589795404412E-03));
#1210 = ( GEOMETRIC_REPRESENTATION_CONTEXT(2) 
PARAMETRIC_REPRESENTATION_CONTEXT() REPRESENTATION_CONTEXT('2D SPACE',''
  ) );
#1211 = PCURVE('',#1212,#1217);
#1212 = PLANE('',#1213);
#1213 = AXIS2_PLACEMENT_3D('',#1214,#1215,#1216);
#1214 = CARTESIAN_POINT('',(10.,43.5,1.988525390625));
#1215 = DIRECTION('',(-0.,4.589795404412E-03,-0.999989466834));
#1216 = DIRECTION('',(0.,0.999989466834,4.589795404412E-03));
#1217 = DEFINITIONAL_REPRESENTATION('',(#1218),#1222);
#1218 = LINE('',#1219,#1220);
#1219 = CARTESIAN_POINT('',(0.,0.));
#1220 = VECTOR('',#1221,1.);
#1221 = DIRECTION('',(1.,0.));
#1222 = ( GEOMETRIC_REPRESENTATION_CONTEXT(2) 
PARAMETRIC_REPRESENTATION_CONTEXT() REPRESENTATION_CONTEXT('2D SPACE',''
  ) );
#1223 = ORIENTED_EDGE('',*,*,#1224,.T.);
#1224 = EDGE_CURVE('',#1197,#173,#1225,.T.);
#1225 = SURFACE_CURVE('',#1226,(#1230,#1237),.PCURVE_S1.);
#1226 = LINE('',#1227,#1228);
#1227 = CARTESIAN_POINT('',(10.,46.,2.));
#1228 = VECTOR('',#1229,1.);
#1229 = DIRECTION('',(0.,1.,0.));
#1230 = PCURVE('',#126,#1231);
#1231 = DEFINITIONAL_REPRESENTATION('',(#1232),#1236);
#1232 = LINE('',#1233,#1234);
#1233 = CARTESIAN_POINT('',(18.010089621673,0.627219012839));
#1234 = VECTOR('',#1235,1.);
#1235 = DIRECTION('',(1.,0.));
#1236 = ( GEOMETRIC_REPRESENTATION_CONTEXT(2) 
PARAMETRIC_REPRESENTATION_CONTEXT() REPRESENTATION_CONTEXT('2D SPACE',''
  ) );
#1237 = PCURVE('',#190,#1238);
#1238 = DEFINITIONAL_REPRESENTATION('',(#1239),#1243);
#1239 = LINE('',#1240,#1241);
#1240 = CARTESIAN_POINT('',(0.,-0.));
#1241 = VECTOR('',#1242,1.);
#1242 = DIRECTION('',(1.,0.));
#1243 = ( GEOMETRIC_REPRESENTATION_CONTEXT(2) 
PARAMETRIC_REPRESENTATION_CONTEXT() REPRESENTATION_CONTEXT('2D SPACE',''
  ) );
#1244 = ORIENTED_EDGE('',*,*,#224,.T.);
#1245 = ADVANCED_FACE('',(#1246),#72,.F.);
#1246 = FACE_BOUND('',#1247,.F.);
#1247 = EDGE_LOOP('',(#1248,#1249,#1272,#1295,#1318,#1341,#1364,#1387,
    #1410,#1433,#1456,#1479,#1502,#1525,#1548,#1571,#1594,#1617,#1640,
    #1663,#1686,#1709,#1732,#1755,#1778,#1801,#1824,#1847,#1870,#1893,
    #1916,#1939,#1962,#1985,#2008,#2031,#2054,#2075));
#1248 = ORIENTED_EDGE('',*,*,#56,.T.);
#1249 = ORIENTED_EDGE('',*,*,#1250,.T.);
#1250 = EDGE_CURVE('',#57,#1251,#1253,.T.);
#1251 = VERTEX_POINT('',#1252);
#1252 = CARTESIAN_POINT('',(0.,43.5,2.238525390625));
#1253 = SURFACE_CURVE('',#1254,(#1258,#1265),.PCURVE_S1.);
#1254 = LINE('',#1255,#1256);
#1255 = CARTESIAN_POINT('',(0.,46.,2.25));
#1256 = VECTOR('',#1257,1.);
#1257 = DIRECTION('',(0.,-0.999989466834,-4.589795404412E-03));
#1258 = PCURVE('',#72,#1259);
#1259 = DEFINITIONAL_REPRESENTATION('',(#1260),#1264);
#1260 = LINE('',#1261,#1262);
#1261 = CARTESIAN_POINT('',(18.010089621673,0.877219012839));
#1262 = VECTOR('',#1263,1.);
#1263 = DIRECTION('',(-0.999989466834,-4.589795404412E-03));
#1264 = ( GEOMETRIC_REPRESENTATION_CONTEXT(2) 
PARAMETRIC_REPRESENTATION_CONTEXT() REPRESENTATION_CONTEXT('2D SPACE',''
  ) );
#1265 = PCURVE('',#100,#1266);
#1266 = DEFINITIONAL_REPRESENTATION('',(#1267),#1271);
#1267 = LINE('',#1268,#1269);
#1268 = CARTESIAN_POINT('',(0.,-10.));
#1269 = VECTOR('',#1270,1.);
#1270 = DIRECTION('',(1.,0.));
#1271 = ( GEOMETRIC_REPRESENTATION_CONTEXT(2) 
PARAMETRIC_REPRESENTATION_CONTEXT() REPRESENTATION_CONTEXT('2D SPACE',''
  ) );
#1272 = ORIENTED_EDGE('',*,*,#1273,.T.);
#1273 = EDGE_CURVE('',#1251,#1274,#1276,.T.);
#1274 = VERTEX_POINT('',#1275);
#1275 = CARTESIAN_POINT('',(0.,41.,2.205078125));
#1276 = SURFACE_CURVE('',#1277,(#1281,#1288),.PCURVE_S1.);
#1277 = LINE('',#1278,#1279);
#1278 = CARTESIAN_POINT('',(0.,43.5,2.238525390625));
#1279 = VECTOR('',#1280,1.);
#1280 = DIRECTION('',(0.,-0.999910514447,-1.337770903117E-02));
#1281 = PCURVE('',#72,#1282);
#1282 = DEFINITIONAL_REPRESENTATION('',(#1283),#1287);
#1283 = LINE('',#1284,#1285);
#1284 = CARTESIAN_POINT('',(15.510089621673,0.865744403464));
#1285 = VECTOR('',#1286,1.);
#1286 = DIRECTION('',(-0.999910514447,-1.337770903117E-02));
#1287 = ( GEOMETRIC_REPRESENTATION_CONTEXT(2) 
PARAMETRIC_REPRESENTATION_CONTEXT() REPRESENTATION_CONTEXT('2D SPACE',''
  ) );
#1288 = PCURVE('',#288,#1289);
#1289 = DEFINITIONAL_REPRESENTATION('',(#1290),#1294);
#1290 = LINE('',#1291,#1292);
#1291 = CARTESIAN_POINT('',(0.,-10.));
#1292 = VECTOR('',#1293,1.);
#1293 = DIRECTION('',(1.,0.));
#1294 = ( GEOMETRIC_REPRESENTATION_CONTEXT(2) 
PARAMETRIC_REPRESENTATION_CONTEXT() REPRESENTATION_CONTEXT('2D SPACE',''
  ) );
#1295 = ORIENTED_EDGE('',*,*,#1296,.T.);
#1296 = EDGE_CURVE('',#1274,#1297,#1299,.T.);
#1297 = VERTEX_POINT('',#1298);
#1298 = CARTESIAN_POINT('',(0.,38.5,2.151123046875));
#1299 = SURFACE_CURVE('',#1300,(#1304,#1311),.PCURVE_S1.);
#1300 = LINE('',#1301,#1302);
#1301 = CARTESIAN_POINT('',(0.,41.,2.205078125));
#1302 = VECTOR('',#1303,1.);
#1303 = DIRECTION('',(0.,-0.99976718929,-2.157700672198E-02));
#1304 = PCURVE('',#72,#1305);
#1305 = DEFINITIONAL_REPRESENTATION('',(#1306),#1310);
#1306 = LINE('',#1307,#1308);
#1307 = CARTESIAN_POINT('',(13.010089621673,0.832297137839));
#1308 = VECTOR('',#1309,1.);
#1309 = DIRECTION('',(-0.99976718929,-2.157700672198E-02));
#1310 = ( GEOMETRIC_REPRESENTATION_CONTEXT(2) 
PARAMETRIC_REPRESENTATION_CONTEXT() REPRESENTATION_CONTEXT('2D SPACE',''
  ) );
#1311 = PCURVE('',#316,#1312);
#1312 = DEFINITIONAL_REPRESENTATION('',(#1313),#1317);
#1313 = LINE('',#1314,#1315);
#1314 = CARTESIAN_POINT('',(0.,-10.));
#1315 = VECTOR('',#1316,1.);
#1316 = DIRECTION('',(1.,0.));
#1317 = ( GEOMETRIC_REPRESENTATION_CONTEXT(2) 
PARAMETRIC_REPRESENTATION_CONTEXT() REPRESENTATION_CONTEXT('2D SPACE',''
  ) );
#1318 = ORIENTED_EDGE('',*,*,#1319,.T.);
#1319 = EDGE_CURVE('',#1297,#1320,#1322,.T.);
#1320 = VERTEX_POINT('',#1321);
#1321 = CARTESIAN_POINT('',(0.,36.,2.078125));
#1322 = SURFACE_CURVE('',#1323,(#1327,#1334),.PCURVE_S1.);
#1323 = LINE('',#1324,#1325);
#1324 = CARTESIAN_POINT('',(0.,38.5,2.151123046875));
#1325 = VECTOR('',#1326,1.);
#1326 = DIRECTION('',(0.,-0.999573975213,-2.918677915904E-02));
#1327 = PCURVE('',#72,#1328);
#1328 = DEFINITIONAL_REPRESENTATION('',(#1329),#1333);
#1329 = LINE('',#1330,#1331);
#1330 = CARTESIAN_POINT('',(10.510089621673,0.778342059714));
#1331 = VECTOR('',#1332,1.);
#1332 = DIRECTION('',(-0.999573975213,-2.918677915904E-02));
#1333 = ( GEOMETRIC_REPRESENTATION_CONTEXT(2) 
PARAMETRIC_REPRESENTATION_CONTEXT() REPRESENTATION_CONTEXT('2D SPACE',''
  ) );
#1334 = PCURVE('',#344,#1335);
#1335 = DEFINITIONAL_REPRESENTATION('',(#1336),#1340);
#1336 = LINE('',#1337,#1338);
#1337 = CARTESIAN_POINT('',(0.,-10.));
#1338 = VECTOR('',#1339,1.);
#1339 = DIRECTION('',(1.,0.));
#1340 = ( GEOMETRIC_REPRESENTATION_CONTEXT(2) 
PARAMETRIC_REPRESENTATION_CONTEXT() REPRESENTATION_CONTEXT('2D SPACE',''
  ) );
#1341 = ORIENTED_EDGE('',*,*,#1342,.T.);
#1342 = EDGE_CURVE('',#1320,#1343,#1345,.T.);
#1343 = VERTEX_POINT('',#1344);
#1344 = CARTESIAN_POINT('',(0.,33.5,1.987548828125));
#1345 = SURFACE_CURVE('',#1346,(#1350,#1357),.PCURVE_S1.);
#1346 = LINE('',#1347,#1348);
#1347 = CARTESIAN_POINT('',(0.,36.,2.078125));
#1348 = VECTOR('',#1349,1.);
#1349 = DIRECTION('',(0.,-0.999344322002,-3.620671322877E-02));
#1350 = PCURVE('',#72,#1351);
#1351 = DEFINITIONAL_REPRESENTATION('',(#1352),#1356);
#1352 = LINE('',#1353,#1354);
#1353 = CARTESIAN_POINT('',(8.010089621673,0.705344012839));
#1354 = VECTOR('',#1355,1.);
#1355 = DIRECTION('',(-0.999344322002,-3.620671322877E-02));
#1356 = ( GEOMETRIC_REPRESENTATION_CONTEXT(2) 
PARAMETRIC_REPRESENTATION_CONTEXT() REPRESENTATION_CONTEXT('2D SPACE',''
  ) );
#1357 = PCURVE('',#372,#1358);
#1358 = DEFINITIONAL_REPRESENTATION('',(#1359),#1363);
#1359 = LINE('',#1360,#1361);
#1360 = CARTESIAN_POINT('',(0.,-10.));
#1361 = VECTOR('',#1362,1.);
#1362 = DIRECTION('',(1.,0.));
#1363 = ( GEOMETRIC_REPRESENTATION_CONTEXT(2) 
PARAMETRIC_REPRESENTATION_CONTEXT() REPRESENTATION_CONTEXT('2D SPACE',''
  ) );
#1364 = ORIENTED_EDGE('',*,*,#1365,.T.);
#1365 = EDGE_CURVE('',#1343,#1366,#1368,.T.);
#1366 = VERTEX_POINT('',#1367);
#1367 = CARTESIAN_POINT('',(0.,31.,1.880859375));
#1368 = SURFACE_CURVE('',#1369,(#1373,#1380),.PCURVE_S1.);
#1369 = LINE('',#1370,#1371);
#1370 = CARTESIAN_POINT('',(0.,33.5,1.987548828125));
#1371 = VECTOR('',#1372,1.);
#1372 = DIRECTION('',(0.,-0.999090630782,-4.263697320816E-02));
#1373 = PCURVE('',#72,#1374);
#1374 = DEFINITIONAL_REPRESENTATION('',(#1375),#1379);
#1375 = LINE('',#1376,#1377);
#1376 = CARTESIAN_POINT('',(5.510089621673,0.614767840964));
#1377 = VECTOR('',#1378,1.);
#1378 = DIRECTION('',(-0.999090630782,-4.263697320816E-02));
#1379 = ( GEOMETRIC_REPRESENTATION_CONTEXT(2) 
PARAMETRIC_REPRESENTATION_CONTEXT() REPRESENTATION_CONTEXT('2D SPACE',''
  ) );
#1380 = PCURVE('',#400,#1381);
#1381 = DEFINITIONAL_REPRESENTATION('',(#1382),#1386);
#1382 = LINE('',#1383,#1384);
#1383 = CARTESIAN_POINT('',(0.,-10.));
#1384 = VECTOR('',#1385,1.);
#1385 = DIRECTION('',(1.,0.));
#1386 = ( GEOMETRIC_REPRESENTATION_CONTEXT(2) 
PARAMETRIC_REPRESENTATION_CONTEXT() REPRESENTATION_CONTEXT('2D SPACE',''
  ) );
#1387 = ORIENTED_EDGE('',*,*,#1388,.T.);
#1388 = EDGE_CURVE('',#1366,#1389,#1391,.T.);
#1389 = VERTEX_POINT('',#1390);
#1390 = CARTESIAN_POINT('',(0.,28.5,1.759521484375));
#1391 = SURFACE_CURVE('',#1392,(#1396,#1403),.PCURVE_S1.);
#1392 = LINE('',#1393,#1394);
#1393 = CARTESIAN_POINT('',(0.,31.,1.880859375));
#1394 = VECTOR('',#1395,1.);
#1395 = DIRECTION('',(0.,-0.998824246155,-4.847809085342E-02));
#1396 = PCURVE('',#72,#1397);
#1397 = DEFINITIONAL_REPRESENTATION('',(#1398),#1402);
#1398 = LINE('',#1399,#1400);
#1399 = CARTESIAN_POINT('',(3.010089621673,0.508078387839));
#1400 = VECTOR('',#1401,1.);
#1401 = DIRECTION('',(-0.998824246155,-4.847809085342E-02));
#1402 = ( GEOMETRIC_REPRESENTATION_CONTEXT(2) 
PARAMETRIC_REPRESENTATION_CONTEXT() REPRESENTATION_CONTEXT('2D SPACE',''
  ) );
#1403 = PCURVE('',#428,#1404);
#1404 = DEFINITIONAL_REPRESENTATION('',(#1405),#1409);
#1405 = LINE('',#1406,#1407);
#1406 = CARTESIAN_POINT('',(0.,-10.));
#1407 = VECTOR('',#1408,1.);
#1408 = DIRECTION('',(1.,0.));
#1409 = ( GEOMETRIC_REPRESENTATION_CONTEXT(2) 
PARAMETRIC_REPRESENTATION_CONTEXT() REPRESENTATION_CONTEXT('2D SPACE',''
  ) );
#1410 = ORIENTED_EDGE('',*,*,#1411,.T.);
#1411 = EDGE_CURVE('',#1389,#1412,#1414,.T.);
#1412 = VERTEX_POINT('',#1413);
#1413 = CARTESIAN_POINT('',(0.,26.,1.625));
#1414 = SURFACE_CURVE('',#1415,(#1419,#1426),.PCURVE_S1.);
#1415 = LINE('',#1416,#1417);
#1416 = CARTESIAN_POINT('',(0.,28.5,1.759521484375));
#1417 = VECTOR('',#1418,1.);
#1418 = DIRECTION('',(0.,-0.99855545373,-5.37308647466E-02));
#1419 = PCURVE('',#72,#1420);
#1420 = DEFINITIONAL_REPRESENTATION('',(#1421),#1425);
#1421 = LINE('',#1422,#1423);
#1422 = CARTESIAN_POINT('',(0.510089621673,0.386740497214));
#1423 = VECTOR('',#1424,1.);
#1424 = DIRECTION('',(-0.99855545373,-5.37308647466E-02));
#1425 = ( GEOMETRIC_REPRESENTATION_CONTEXT(2) 
PARAMETRIC_REPRESENTATION_CONTEXT() REPRESENTATION_CONTEXT('2D SPACE',''
  ) );
#1426 = PCURVE('',#456,#1427);
#1427 = DEFINITIONAL_REPRESENTATION('',(#1428),#1432);
#1428 = LINE('',#1429,#1430);
#1429 = CARTESIAN_POINT('',(0.,-10.));
#1430 = VECTOR('',#1431,1.);
#1431 = DIRECTION('',(1.,0.));
#1432 = ( GEOMETRIC_REPRESENTATION_CONTEXT(2) 
PARAMETRIC_REPRESENTATION_CONTEXT() REPRESENTATION_CONTEXT('2D SPACE',''
  ) );
#1433 = ORIENTED_EDGE('',*,*,#1434,.T.);
#1434 = EDGE_CURVE('',#1412,#1435,#1437,.T.);
#1435 = VERTEX_POINT('',#1436);
#1436 = CARTESIAN_POINT('',(0.,23.5,1.478759765625));
#1437 = SURFACE_CURVE('',#1438,(#1442,#1449),.PCURVE_S1.);
#1438 = LINE('',#1439,#1440);
#1439 = CARTESIAN_POINT('',(0.,26.,1.625));
#1440 = VECTOR('',#1441,1.);
#1441 = DIRECTION('',(0.,-0.998293481775,-5.839626909995E-02));
#1442 = PCURVE('',#72,#1443);
#1443 = DEFINITIONAL_REPRESENTATION('',(#1444),#1448);
#1444 = LINE('',#1445,#1446);
#1445 = CARTESIAN_POINT('',(-1.989910378327,0.252219012839));
#1446 = VECTOR('',#1447,1.);
#1447 = DIRECTION('',(-0.998293481775,-5.839626909995E-02));
#1448 = ( GEOMETRIC_REPRESENTATION_CONTEXT(2) 
PARAMETRIC_REPRESENTATION_CONTEXT() REPRESENTATION_CONTEXT('2D SPACE',''
  ) );
#1449 = PCURVE('',#484,#1450);
#1450 = DEFINITIONAL_REPRESENTATION('',(#1451),#1455);
#1451 = LINE('',#1452,#1453);
#1452 = CARTESIAN_POINT('',(0.,-10.));
#1453 = VECTOR('',#1454,1.);
#1454 = DIRECTION('',(1.,0.));
#1455 = ( GEOMETRIC_REPRESENTATION_CONTEXT(2) 
PARAMETRIC_REPRESENTATION_CONTEXT() REPRESENTATION_CONTEXT('2D SPACE',''
  ) );
#1456 = ORIENTED_EDGE('',*,*,#1457,.T.);
#1457 = EDGE_CURVE('',#1435,#1458,#1460,.T.);
#1458 = VERTEX_POINT('',#1459);
#1459 = CARTESIAN_POINT('',(0.,21.,1.322265625));
#1460 = SURFACE_CURVE('',#1461,(#1465,#1472),.PCURVE_S1.);
#1461 = LINE('',#1462,#1463);
#1462 = CARTESIAN_POINT('',(0.,23.5,1.478759765625));
#1463 = VECTOR('',#1464,1.);
#1464 = DIRECTION('',(0.,-0.998046505871,-6.247537209603E-02));
#1465 = PCURVE('',#72,#1466);
#1466 = DEFINITIONAL_REPRESENTATION('',(#1467),#1471);
#1467 = LINE('',#1468,#1469);
#1468 = CARTESIAN_POINT('',(-4.489910378327,0.105978778464));
#1469 = VECTOR('',#1470,1.);
#1470 = DIRECTION('',(-0.998046505871,-6.247537209603E-02));
#1471 = ( GEOMETRIC_REPRESENTATION_CONTEXT(2) 
PARAMETRIC_REPRESENTATION_CONTEXT() REPRESENTATION_CONTEXT('2D SPACE',''
  ) );
#1472 = PCURVE('',#512,#1473);
#1473 = DEFINITIONAL_REPRESENTATION('',(#1474),#1478);
#1474 = LINE('',#1475,#1476);
#1475 = CARTESIAN_POINT('',(0.,-10.));
#1476 = VECTOR('',#1477,1.);
#1477 = DIRECTION('',(1.,0.));
#1478 = ( GEOMETRIC_REPRESENTATION_CONTEXT(2) 
PARAMETRIC_REPRESENTATION_CONTEXT() REPRESENTATION_CONTEXT('2D SPACE',''
  ) );
#1479 = ORIENTED_EDGE('',*,*,#1480,.T.);
#1480 = EDGE_CURVE('',#1458,#1481,#1483,.T.);
#1481 = VERTEX_POINT('',#1482);
#1482 = CARTESIAN_POINT('',(0.,18.5,1.156982421875));
#1483 = SURFACE_CURVE('',#1484,(#1488,#1495),.PCURVE_S1.);
#1484 = LINE('',#1485,#1486);
#1485 = CARTESIAN_POINT('',(0.,21.,1.322265625));
#1486 = VECTOR('',#1487,1.);
#1487 = DIRECTION('',(0.,-0.997821655528,-6.596926374925E-02));
#1488 = PCURVE('',#72,#1489);
#1489 = DEFINITIONAL_REPRESENTATION('',(#1490),#1494);
#1490 = LINE('',#1491,#1492);
#1491 = CARTESIAN_POINT('',(-6.989910378327,-5.051536216126E-02));
#1492 = VECTOR('',#1493,1.);
#1493 = DIRECTION('',(-0.997821655528,-6.596926374925E-02));
#1494 = ( GEOMETRIC_REPRESENTATION_CONTEXT(2) 
PARAMETRIC_REPRESENTATION_CONTEXT() REPRESENTATION_CONTEXT('2D SPACE',''
  ) );
#1495 = PCURVE('',#540,#1496);
#1496 = DEFINITIONAL_REPRESENTATION('',(#1497),#1501);
#1497 = LINE('',#1498,#1499);
#1498 = CARTESIAN_POINT('',(0.,-10.));
#1499 = VECTOR('',#1500,1.);
#1500 = DIRECTION('',(1.,0.));
#1501 = ( GEOMETRIC_REPRESENTATION_CONTEXT(2) 
PARAMETRIC_REPRESENTATION_CONTEXT() REPRESENTATION_CONTEXT('2D SPACE',''
  ) );
#1502 = ORIENTED_EDGE('',*,*,#1503,.T.);
#1503 = EDGE_CURVE('',#1481,#1504,#1506,.T.);
#1504 = VERTEX_POINT('',#1505);
#1505 = CARTESIAN_POINT('',(0.,16.,0.984375));
#1506 = SURFACE_CURVE('',#1507,(#1511,#1518),.PCURVE_S1.);
#1507 = LINE('',#1508,#1509);
#1508 = CARTESIAN_POINT('',(0.,18.5,1.156982421875));
#1509 = VECTOR('',#1510,1.);
#1510 = DIRECTION('',(0.,-0.997625021887,-6.887899321034E-02));
#1511 = PCURVE('',#72,#1512);
#1512 = DEFINITIONAL_REPRESENTATION('',(#1513),#1517);
#1513 = LINE('',#1514,#1515);
#1514 = CARTESIAN_POINT('',(-9.489910378327,-0.215798565286));
#1515 = VECTOR('',#1516,1.);
#1516 = DIRECTION('',(-0.997625021887,-6.887899321034E-02));
#1517 = ( GEOMETRIC_REPRESENTATION_CONTEXT(2) 
PARAMETRIC_REPRESENTATION_CONTEXT() REPRESENTATION_CONTEXT('2D SPACE',''
  ) );
#1518 = PCURVE('',#568,#1519);
#1519 = DEFINITIONAL_REPRESENTATION('',(#1520),#1524);
#1520 = LINE('',#1521,#1522);
#1521 = CARTESIAN_POINT('',(0.,-10.));
#1522 = VECTOR('',#1523,1.);
#1523 = DIRECTION('',(1.,0.));
#1524 = ( GEOMETRIC_REPRESENTATION_CONTEXT(2) 
PARAMETRIC_REPRESENTATION_CONTEXT() REPRESENTATION_CONTEXT('2D SPACE',''
  ) );
#1525 = ORIENTED_EDGE('',*,*,#1526,.T.);
#1526 = EDGE_CURVE('',#1504,#1527,#1529,.T.);
#1527 = VERTEX_POINT('',#1528);
#1528 = CARTESIAN_POINT('',(0.,13.5,0.805908203125));
#1529 = SURFACE_CURVE('',#1530,(#1534,#1541),.PCURVE_S1.);
#1530 = LINE('',#1531,#1532);
#1531 = CARTESIAN_POINT('',(0.,16.,0.984375));
#1532 = VECTOR('',#1533,1.);
#1533 = DIRECTION('',(0.,-0.997461665718,-7.120551539453E-02));
#1534 = PCURVE('',#72,#1535);
#1535 = DEFINITIONAL_REPRESENTATION('',(#1536),#1540);
#1536 = LINE('',#1537,#1538);
#1537 = CARTESIAN_POINT('',(-11.98991037832,-0.388405987161));
#1538 = VECTOR('',#1539,1.);
#1539 = DIRECTION('',(-0.997461665718,-7.120551539453E-02));
#1540 = ( GEOMETRIC_REPRESENTATION_CONTEXT(2) 
PARAMETRIC_REPRESENTATION_CONTEXT() REPRESENTATION_CONTEXT('2D SPACE',''
  ) );
#1541 = PCURVE('',#596,#1542);
#1542 = DEFINITIONAL_REPRESENTATION('',(#1543),#1547);
#1543 = LINE('',#1544,#1545);
#1544 = CARTESIAN_POINT('',(0.,-10.));
#1545 = VECTOR('',#1546,1.);
#1546 = DIRECTION('',(1.,0.));
#1547 = ( GEOMETRIC_REPRESENTATION_CONTEXT(2) 
PARAMETRIC_REPRESENTATION_CONTEXT() REPRESENTATION_CONTEXT('2D SPACE',''
  ) );
#1548 = ORIENTED_EDGE('',*,*,#1549,.T.);
#1549 = EDGE_CURVE('',#1527,#1550,#1552,.T.);
#1550 = VERTEX_POINT('',#1551);
#1551 = CARTESIAN_POINT('',(0.,11.,0.623046875));
#1552 = SURFACE_CURVE('',#1553,(#1557,#1564),.PCURVE_S1.);
#1553 = LINE('',#1554,#1555);
#1554 = CARTESIAN_POINT('',(0.,13.5,0.805908203125));
#1555 = VECTOR('',#1556,1.);
#1556 = DIRECTION('',(0.,-0.997335625069,-7.294964679463E-02));
#1557 = PCURVE('',#72,#1558);
#1558 = DEFINITIONAL_REPRESENTATION('',(#1559),#1563);
#1559 = LINE('',#1560,#1561);
#1560 = CARTESIAN_POINT('',(-14.48991037832,-0.566872784036));
#1561 = VECTOR('',#1562,1.);
#1562 = DIRECTION('',(-0.997335625069,-7.294964679463E-02));
#1563 = ( GEOMETRIC_REPRESENTATION_CONTEXT(2) 
PARAMETRIC_REPRESENTATION_CONTEXT() REPRESENTATION_CONTEXT('2D SPACE',''
  ) );
#1564 = PCURVE('',#624,#1565);
#1565 = DEFINITIONAL_REPRESENTATION('',(#1566),#1570);
#1566 = LINE('',#1567,#1568);
#1567 = CARTESIAN_POINT('',(0.,-10.));
#1568 = VECTOR('',#1569,1.);
#1569 = DIRECTION('',(1.,0.));
#1570 = ( GEOMETRIC_REPRESENTATION_CONTEXT(2) 
PARAMETRIC_REPRESENTATION_CONTEXT() REPRESENTATION_CONTEXT('2D SPACE',''
  ) );
#1571 = ORIENTED_EDGE('',*,*,#1572,.T.);
#1572 = EDGE_CURVE('',#1550,#1573,#1575,.T.);
#1573 = VERTEX_POINT('',#1574);
#1574 = CARTESIAN_POINT('',(0.,8.5,0.437255859375));
#1575 = SURFACE_CURVE('',#1576,(#1580,#1587),.PCURVE_S1.);
#1576 = LINE('',#1577,#1578);
#1577 = CARTESIAN_POINT('',(0.,11.,0.623046875));
#1578 = VECTOR('',#1579,1.);
#1579 = DIRECTION('',(0.,-0.997249922015,-7.411203033726E-02));
#1580 = PCURVE('',#72,#1581);
#1581 = DEFINITIONAL_REPRESENTATION('',(#1582),#1586);
#1582 = LINE('',#1583,#1584);
#1583 = CARTESIAN_POINT('',(-16.98991037832,-0.749734112161));
#1584 = VECTOR('',#1585,1.);
#1585 = DIRECTION('',(-0.997249922015,-7.411203033726E-02));
#1586 = ( GEOMETRIC_REPRESENTATION_CONTEXT(2) 
PARAMETRIC_REPRESENTATION_CONTEXT() REPRESENTATION_CONTEXT('2D SPACE',''
  ) );
#1587 = PCURVE('',#652,#1588);
#1588 = DEFINITIONAL_REPRESENTATION('',(#1589),#1593);
#1589 = LINE('',#1590,#1591);
#1590 = CARTESIAN_POINT('',(0.,-10.));
#1591 = VECTOR('',#1592,1.);
#1592 = DIRECTION('',(1.,0.));
#1593 = ( GEOMETRIC_REPRESENTATION_CONTEXT(2) 
PARAMETRIC_REPRESENTATION_CONTEXT() REPRESENTATION_CONTEXT('2D SPACE',''
  ) );
#1594 = ORIENTED_EDGE('',*,*,#1595,.T.);
#1595 = EDGE_CURVE('',#1573,#1596,#1598,.T.);
#1596 = VERTEX_POINT('',#1597);
#1597 = CARTESIAN_POINT('',(0.,6.,0.25));
#1598 = SURFACE_CURVE('',#1599,(#1603,#1610),.PCURVE_S1.);
#1599 = LINE('',#1600,#1601);
#1600 = CARTESIAN_POINT('',(0.,8.5,0.437255859375));
#1601 = VECTOR('',#1602,1.);
#1602 = DIRECTION('',(0.,-0.997206568092,-7.469310915296E-02));
#1603 = PCURVE('',#72,#1604);
#1604 = DEFINITIONAL_REPRESENTATION('',(#1605),#1609);
#1605 = LINE('',#1606,#1607);
#1606 = CARTESIAN_POINT('',(-19.48991037832,-0.935525127786));
#1607 = VECTOR('',#1608,1.);
#1608 = DIRECTION('',(-0.997206568092,-7.469310915296E-02));
#1609 = ( GEOMETRIC_REPRESENTATION_CONTEXT(2) 
PARAMETRIC_REPRESENTATION_CONTEXT() REPRESENTATION_CONTEXT('2D SPACE',''
  ) );
#1610 = PCURVE('',#680,#1611);
#1611 = DEFINITIONAL_REPRESENTATION('',(#1612),#1616);
#1612 = LINE('',#1613,#1614);
#1613 = CARTESIAN_POINT('',(0.,-10.));
#1614 = VECTOR('',#1615,1.);
#1615 = DIRECTION('',(1.,0.));
#1616 = ( GEOMETRIC_REPRESENTATION_CONTEXT(2) 
PARAMETRIC_REPRESENTATION_CONTEXT() REPRESENTATION_CONTEXT('2D SPACE',''
  ) );
#1617 = ORIENTED_EDGE('',*,*,#1618,.T.);
#1618 = EDGE_CURVE('',#1596,#1619,#1621,.T.);
#1619 = VERTEX_POINT('',#1620);
#1620 = CARTESIAN_POINT('',(0.,0.,0.25));
#1621 = SURFACE_CURVE('',#1622,(#1626,#1633),.PCURVE_S1.);
#1622 = LINE('',#1623,#1624);
#1623 = CARTESIAN_POINT('',(0.,6.,0.25));
#1624 = VECTOR('',#1625,1.);
#1625 = DIRECTION('',(0.,-1.,0.));
#1626 = PCURVE('',#72,#1627);
#1627 = DEFINITIONAL_REPRESENTATION('',(#1628),#1632);
#1628 = LINE('',#1629,#1630);
#1629 = CARTESIAN_POINT('',(-21.98991037832,-1.122780987161));
#1630 = VECTOR('',#1631,1.);
#1631 = DIRECTION('',(-1.,0.));
#1632 = ( GEOMETRIC_REPRESENTATION_CONTEXT(2) 
PARAMETRIC_REPRESENTATION_CONTEXT() REPRESENTATION_CONTEXT('2D SPACE',''
  ) );
#1633 = PCURVE('',#708,#1634);
#1634 = DEFINITIONAL_REPRESENTATION('',(#1635),#1639);
#1635 = LINE('',#1636,#1637);
#1636 = CARTESIAN_POINT('',(0.,-10.));
#1637 = VECTOR('',#1638,1.);
#1638 = DIRECTION('',(1.,0.));
#1639 = ( GEOMETRIC_REPRESENTATION_CONTEXT(2) 
PARAMETRIC_REPRESENTATION_CONTEXT() REPRESENTATION_CONTEXT('2D SPACE',''
  ) );
#1640 = ORIENTED_EDGE('',*,*,#1641,.T.);
#1641 = EDGE_CURVE('',#1619,#1642,#1644,.T.);
#1642 = VERTEX_POINT('',#1643);
#1643 = CARTESIAN_POINT('',(0.,0.,0.));
#1644 = SURFACE_CURVE('',#1645,(#1649,#1656),.PCURVE_S1.);
#1645 = LINE('',#1646,#1647);
#1646 = CARTESIAN_POINT('',(0.,0.,0.25));
#1647 = VECTOR('',#1648,1.);
#1648 = DIRECTION('',(0.,0.,-1.));
#1649 = PCURVE('',#72,#1650);
#1650 = DEFINITIONAL_REPRESENTATION('',(#1651),#1655);
#1651 = LINE('',#1652,#1653);
#1652 = CARTESIAN_POINT('',(-27.98991037832,-1.122780987161));
#1653 = VECTOR('',#1654,1.);
#1654 = DIRECTION('',(0.,-1.));
#1655 = ( GEOMETRIC_REPRESENTATION_CONTEXT(2) 
PARAMETRIC_REPRESENTATION_CONTEXT() REPRESENTATION_CONTEXT('2D SPACE',''
  ) );
#1656 = PCURVE('',#736,#1657);
#1657 = DEFINITIONAL_REPRESENTATION('',(#1658),#1662);
#1658 = LINE('',#1659,#1660);
#1659 = CARTESIAN_POINT('',(0.,-10.));
#1660 = VECTOR('',#1661,1.);
#1661 = DIRECTION('',(1.,0.));
#1662 = ( GEOMETRIC_REPRESENTATION_CONTEXT(2) 
PARAMETRIC_REPRESENTATION_CONTEXT() REPRESENTATION_CONTEXT('2D SPACE',''
  ) );
#1663 = ORIENTED_EDGE('',*,*,#1664,.T.);
#1664 = EDGE_CURVE('',#1642,#1665,#1667,.T.);
#1665 = VERTEX_POINT('',#1666);
#1666 = CARTESIAN_POINT('',(0.,6.,0.));
#1667 = SURFACE_CURVE('',#1668,(#1672,#1679),.PCURVE_S1.);
#1668 = LINE('',#1669,#1670);
#1669 = CARTESIAN_POINT('',(0.,0.,0.));
#1670 = VECTOR('',#1671,1.);
#1671 = DIRECTION('',(0.,1.,0.));
#1672 = PCURVE('',#72,#1673);
#1673 = DEFINITIONAL_REPRESENTATION('',(#1674),#1678);
#1674 = LINE('',#1675,#1676);
#1675 = CARTESIAN_POINT('',(-27.98991037832,-1.372780987161));
#1676 = VECTOR('',#1677,1.);
#1677 = DIRECTION('',(1.,0.));
#1678 = ( GEOMETRIC_REPRESENTATION_CONTEXT(2) 
PARAMETRIC_REPRESENTATION_CONTEXT() REPRESENTATION_CONTEXT('2D SPACE',''
  ) );
#1679 = PCURVE('',#764,#1680);
#1680 = DEFINITIONAL_REPRESENTATION('',(#1681),#1685);
#1681 = LINE('',#1682,#1683);
#1682 = CARTESIAN_POINT('',(0.,-10.));
#1683 = VECTOR('',#1684,1.);
#1684 = DIRECTION('',(1.,0.));
#1685 = ( GEOMETRIC_REPRESENTATION_CONTEXT(2) 
PARAMETRIC_REPRESENTATION_CONTEXT() REPRESENTATION_CONTEXT('2D SPACE',''
  ) );
#1686 = ORIENTED_EDGE('',*,*,#1687,.T.);
#1687 = EDGE_CURVE('',#1665,#1688,#1690,.T.);
#1688 = VERTEX_POINT('',#1689);
#1689 = CARTESIAN_POINT('',(0.,8.5,0.187255859375));
#1690 = SURFACE_CURVE('',#1691,(#1695,#1702),.PCURVE_S1.);
#1691 = LINE('',#1692,#1693);
#1692 = CARTESIAN_POINT('',(0.,6.,0.));
#1693 = VECTOR('',#1694,1.);
#1694 = DIRECTION('',(0.,0.997206568092,7.469310915296E-02));
#1695 = PCURVE('',#72,#1696);
#1696 = DEFINITIONAL_REPRESENTATION('',(#1697),#1701);
#1697 = LINE('',#1698,#1699);
#1698 = CARTESIAN_POINT('',(-21.98991037832,-1.372780987161));
#1699 = VECTOR('',#1700,1.);
#1700 = DIRECTION('',(0.997206568092,7.469310915296E-02));
#1701 = ( GEOMETRIC_REPRESENTATION_CONTEXT(2) 
PARAMETRIC_REPRESENTATION_CONTEXT() REPRESENTATION_CONTEXT('2D SPACE',''
  ) );
#1702 = PCURVE('',#792,#1703);
#1703 = DEFINITIONAL_REPRESENTATION('',(#1704),#1708);
#1704 = LINE('',#1705,#1706);
#1705 = CARTESIAN_POINT('',(0.,-10.));
#1706 = VECTOR('',#1707,1.);
#1707 = DIRECTION('',(1.,0.));
#1708 = ( GEOMETRIC_REPRESENTATION_CONTEXT(2) 
PARAMETRIC_REPRESENTATION_CONTEXT() REPRESENTATION_CONTEXT('2D SPACE',''
  ) );
#1709 = ORIENTED_EDGE('',*,*,#1710,.T.);
#1710 = EDGE_CURVE('',#1688,#1711,#1713,.T.);
#1711 = VERTEX_POINT('',#1712);
#1712 = CARTESIAN_POINT('',(0.,11.,0.373046875));
#1713 = SURFACE_CURVE('',#1714,(#1718,#1725),.PCURVE_S1.);
#1714 = LINE('',#1715,#1716);
#1715 = CARTESIAN_POINT('',(0.,8.5,0.187255859375));
#1716 = VECTOR('',#1717,1.);
#1717 = DIRECTION('',(0.,0.997249922015,7.411203033726E-02));
#1718 = PCURVE('',#72,#1719);
#1719 = DEFINITIONAL_REPRESENTATION('',(#1720),#1724);
#1720 = LINE('',#1721,#1722);
#1721 = CARTESIAN_POINT('',(-19.48991037832,-1.185525127786));
#1722 = VECTOR('',#1723,1.);
#1723 = DIRECTION('',(0.997249922015,7.411203033726E-02));
#1724 = ( GEOMETRIC_REPRESENTATION_CONTEXT(2) 
PARAMETRIC_REPRESENTATION_CONTEXT() REPRESENTATION_CONTEXT('2D SPACE',''
  ) );
#1725 = PCURVE('',#820,#1726);
#1726 = DEFINITIONAL_REPRESENTATION('',(#1727),#1731);
#1727 = LINE('',#1728,#1729);
#1728 = CARTESIAN_POINT('',(0.,-10.));
#1729 = VECTOR('',#1730,1.);
#1730 = DIRECTION('',(1.,0.));
#1731 = ( GEOMETRIC_REPRESENTATION_CONTEXT(2) 
PARAMETRIC_REPRESENTATION_CONTEXT() REPRESENTATION_CONTEXT('2D SPACE',''
  ) );
#1732 = ORIENTED_EDGE('',*,*,#1733,.T.);
#1733 = EDGE_CURVE('',#1711,#1734,#1736,.T.);
#1734 = VERTEX_POINT('',#1735);
#1735 = CARTESIAN_POINT('',(0.,13.5,0.555908203125));
#1736 = SURFACE_CURVE('',#1737,(#1741,#1748),.PCURVE_S1.);
#1737 = LINE('',#1738,#1739);
#1738 = CARTESIAN_POINT('',(0.,11.,0.373046875));
#1739 = VECTOR('',#1740,1.);
#1740 = DIRECTION('',(0.,0.997335625069,7.294964679463E-02));
#1741 = PCURVE('',#72,#1742);
#1742 = DEFINITIONAL_REPRESENTATION('',(#1743),#1747);
#1743 = LINE('',#1744,#1745);
#1744 = CARTESIAN_POINT('',(-16.98991037832,-0.999734112161));
#1745 = VECTOR('',#1746,1.);
#1746 = DIRECTION('',(0.997335625069,7.294964679463E-02));
#1747 = ( GEOMETRIC_REPRESENTATION_CONTEXT(2) 
PARAMETRIC_REPRESENTATION_CONTEXT() REPRESENTATION_CONTEXT('2D SPACE',''
  ) );
#1748 = PCURVE('',#848,#1749);
#1749 = DEFINITIONAL_REPRESENTATION('',(#1750),#1754);
#1750 = LINE('',#1751,#1752);
#1751 = CARTESIAN_POINT('',(0.,-10.));
#1752 = VECTOR('',#1753,1.);
#1753 = DIRECTION('',(1.,0.));
#1754 = ( GEOMETRIC_REPRESENTATION_CONTEXT(2) 
PARAMETRIC_REPRESENTATION_CONTEXT() REPRESENTATION_CONTEXT('2D SPACE',''
  ) );
#1755 = ORIENTED_EDGE('',*,*,#1756,.T.);
#1756 = EDGE_CURVE('',#1734,#1757,#1759,.T.);
#1757 = VERTEX_POINT('',#1758);
#1758 = CARTESIAN_POINT('',(0.,16.,0.734375));
#1759 = SURFACE_CURVE('',#1760,(#1764,#1771),.PCURVE_S1.);
#1760 = LINE('',#1761,#1762);
#1761 = CARTESIAN_POINT('',(0.,13.5,0.555908203125));
#1762 = VECTOR('',#1763,1.);
#1763 = DIRECTION('',(0.,0.997461665718,7.120551539453E-02));
#1764 = PCURVE('',#72,#1765);
#1765 = DEFINITIONAL_REPRESENTATION('',(#1766),#1770);
#1766 = LINE('',#1767,#1768);
#1767 = CARTESIAN_POINT('',(-14.48991037832,-0.816872784036));
#1768 = VECTOR('',#1769,1.);
#1769 = DIRECTION('',(0.997461665718,7.120551539453E-02));
#1770 = ( GEOMETRIC_REPRESENTATION_CONTEXT(2) 
PARAMETRIC_REPRESENTATION_CONTEXT() REPRESENTATION_CONTEXT('2D SPACE',''
  ) );
#1771 = PCURVE('',#876,#1772);
#1772 = DEFINITIONAL_REPRESENTATION('',(#1773),#1777);
#1773 = LINE('',#1774,#1775);
#1774 = CARTESIAN_POINT('',(0.,-10.));
#1775 = VECTOR('',#1776,1.);
#1776 = DIRECTION('',(1.,0.));
#1777 = ( GEOMETRIC_REPRESENTATION_CONTEXT(2) 
PARAMETRIC_REPRESENTATION_CONTEXT() REPRESENTATION_CONTEXT('2D SPACE',''
  ) );
#1778 = ORIENTED_EDGE('',*,*,#1779,.T.);
#1779 = EDGE_CURVE('',#1757,#1780,#1782,.T.);
#1780 = VERTEX_POINT('',#1781);
#1781 = CARTESIAN_POINT('',(0.,18.5,0.906982421875));
#1782 = SURFACE_CURVE('',#1783,(#1787,#1794),.PCURVE_S1.);
#1783 = LINE('',#1784,#1785);
#1784 = CARTESIAN_POINT('',(0.,16.,0.734375));
#1785 = VECTOR('',#1786,1.);
#1786 = DIRECTION('',(0.,0.997625021887,6.887899321034E-02));
#1787 = PCURVE('',#72,#1788);
#1788 = DEFINITIONAL_REPRESENTATION('',(#1789),#1793);
#1789 = LINE('',#1790,#1791);
#1790 = CARTESIAN_POINT('',(-11.98991037832,-0.638405987161));
#1791 = VECTOR('',#1792,1.);
#1792 = DIRECTION('',(0.997625021887,6.887899321034E-02));
#1793 = ( GEOMETRIC_REPRESENTATION_CONTEXT(2) 
PARAMETRIC_REPRESENTATION_CONTEXT() REPRESENTATION_CONTEXT('2D SPACE',''
  ) );
#1794 = PCURVE('',#904,#1795);
#1795 = DEFINITIONAL_REPRESENTATION('',(#1796),#1800);
#1796 = LINE('',#1797,#1798);
#1797 = CARTESIAN_POINT('',(0.,-10.));
#1798 = VECTOR('',#1799,1.);
#1799 = DIRECTION('',(1.,0.));
#1800 = ( GEOMETRIC_REPRESENTATION_CONTEXT(2) 
PARAMETRIC_REPRESENTATION_CONTEXT() REPRESENTATION_CONTEXT('2D SPACE',''
  ) );
#1801 = ORIENTED_EDGE('',*,*,#1802,.T.);
#1802 = EDGE_CURVE('',#1780,#1803,#1805,.T.);
#1803 = VERTEX_POINT('',#1804);
#1804 = CARTESIAN_POINT('',(0.,21.,1.072265625));
#1805 = SURFACE_CURVE('',#1806,(#1810,#1817),.PCURVE_S1.);
#1806 = LINE('',#1807,#1808);
#1807 = CARTESIAN_POINT('',(0.,18.5,0.906982421875));
#1808 = VECTOR('',#1809,1.);
#1809 = DIRECTION('',(0.,0.997821655528,6.596926374925E-02));
#1810 = PCURVE('',#72,#1811);
#1811 = DEFINITIONAL_REPRESENTATION('',(#1812),#1816);
#1812 = LINE('',#1813,#1814);
#1813 = CARTESIAN_POINT('',(-9.489910378327,-0.465798565286));
#1814 = VECTOR('',#1815,1.);
#1815 = DIRECTION('',(0.997821655528,6.596926374925E-02));
#1816 = ( GEOMETRIC_REPRESENTATION_CONTEXT(2) 
PARAMETRIC_REPRESENTATION_CONTEXT() REPRESENTATION_CONTEXT('2D SPACE',''
  ) );
#1817 = PCURVE('',#932,#1818);
#1818 = DEFINITIONAL_REPRESENTATION('',(#1819),#1823);
#1819 = LINE('',#1820,#1821);
#1820 = CARTESIAN_POINT('',(0.,-10.));
#1821 = VECTOR('',#1822,1.);
#1822 = DIRECTION('',(1.,0.));
#1823 = ( GEOMETRIC_REPRESENTATION_CONTEXT(2) 
PARAMETRIC_REPRESENTATION_CONTEXT() REPRESENTATION_CONTEXT('2D SPACE',''
  ) );
#1824 = ORIENTED_EDGE('',*,*,#1825,.T.);
#1825 = EDGE_CURVE('',#1803,#1826,#1828,.T.);
#1826 = VERTEX_POINT('',#1827);
#1827 = CARTESIAN_POINT('',(0.,23.5,1.228759765625));
#1828 = SURFACE_CURVE('',#1829,(#1833,#1840),.PCURVE_S1.);
#1829 = LINE('',#1830,#1831);
#1830 = CARTESIAN_POINT('',(0.,21.,1.072265625));
#1831 = VECTOR('',#1832,1.);
#1832 = DIRECTION('',(0.,0.998046505871,6.247537209603E-02));
#1833 = PCURVE('',#72,#1834);
#1834 = DEFINITIONAL_REPRESENTATION('',(#1835),#1839);
#1835 = LINE('',#1836,#1837);
#1836 = CARTESIAN_POINT('',(-6.989910378327,-0.300515362161));
#1837 = VECTOR('',#1838,1.);
#1838 = DIRECTION('',(0.998046505871,6.247537209603E-02));
#1839 = ( GEOMETRIC_REPRESENTATION_CONTEXT(2) 
PARAMETRIC_REPRESENTATION_CONTEXT() REPRESENTATION_CONTEXT('2D SPACE',''
  ) );
#1840 = PCURVE('',#960,#1841);
#1841 = DEFINITIONAL_REPRESENTATION('',(#1842),#1846);
#1842 = LINE('',#1843,#1844);
#1843 = CARTESIAN_POINT('',(0.,-10.));
#1844 = VECTOR('',#1845,1.);
#1845 = DIRECTION('',(1.,0.));
#1846 = ( GEOMETRIC_REPRESENTATION_CONTEXT(2) 
PARAMETRIC_REPRESENTATION_CONTEXT() REPRESENTATION_CONTEXT('2D SPACE',''
  ) );
#1847 = ORIENTED_EDGE('',*,*,#1848,.T.);
#1848 = EDGE_CURVE('',#1826,#1849,#1851,.T.);
#1849 = VERTEX_POINT('',#1850);
#1850 = CARTESIAN_POINT('',(0.,26.,1.375));
#1851 = SURFACE_CURVE('',#1852,(#1856,#1863),.PCURVE_S1.);
#1852 = LINE('',#1853,#1854);
#1853 = CARTESIAN_POINT('',(0.,23.5,1.228759765625));
#1854 = VECTOR('',#1855,1.);
#1855 = DIRECTION('',(0.,0.998293481775,5.839626909995E-02));
#1856 = PCURVE('',#72,#1857);
#1857 = DEFINITIONAL_REPRESENTATION('',(#1858),#1862);
#1858 = LINE('',#1859,#1860);
#1859 = CARTESIAN_POINT('',(-4.489910378327,-0.144021221536));
#1860 = VECTOR('',#1861,1.);
#1861 = DIRECTION('',(0.998293481775,5.839626909995E-02));
#1862 = ( GEOMETRIC_REPRESENTATION_CONTEXT(2) 
PARAMETRIC_REPRESENTATION_CONTEXT() REPRESENTATION_CONTEXT('2D SPACE',''
  ) );
#1863 = PCURVE('',#988,#1864);
#1864 = DEFINITIONAL_REPRESENTATION('',(#1865),#1869);
#1865 = LINE('',#1866,#1867);
#1866 = CARTESIAN_POINT('',(0.,-10.));
#1867 = VECTOR('',#1868,1.);
#1868 = DIRECTION('',(1.,0.));
#1869 = ( GEOMETRIC_REPRESENTATION_CONTEXT(2) 
PARAMETRIC_REPRESENTATION_CONTEXT() REPRESENTATION_CONTEXT('2D SPACE',''
  ) );
#1870 = ORIENTED_EDGE('',*,*,#1871,.T.);
#1871 = EDGE_CURVE('',#1849,#1872,#1874,.T.);
#1872 = VERTEX_POINT('',#1873);
#1873 = CARTESIAN_POINT('',(0.,28.5,1.509521484375));
#1874 = SURFACE_CURVE('',#1875,(#1879,#1886),.PCURVE_S1.);
#1875 = LINE('',#1876,#1877);
#1876 = CARTESIAN_POINT('',(0.,26.,1.375));
#1877 = VECTOR('',#1878,1.);
#1878 = DIRECTION('',(0.,0.99855545373,5.37308647466E-02));
#1879 = PCURVE('',#72,#1880);
#1880 = DEFINITIONAL_REPRESENTATION('',(#1881),#1885);
#1881 = LINE('',#1882,#1883);
#1882 = CARTESIAN_POINT('',(-1.989910378327,2.219012838736E-03));
#1883 = VECTOR('',#1884,1.);
#1884 = DIRECTION('',(0.99855545373,5.37308647466E-02));
#1885 = ( GEOMETRIC_REPRESENTATION_CONTEXT(2) 
PARAMETRIC_REPRESENTATION_CONTEXT() REPRESENTATION_CONTEXT('2D SPACE',''
  ) );
#1886 = PCURVE('',#1016,#1887);
#1887 = DEFINITIONAL_REPRESENTATION('',(#1888),#1892);
#1888 = LINE('',#1889,#1890);
#1889 = CARTESIAN_POINT('',(0.,-10.));
#1890 = VECTOR('',#1891,1.);
#1891 = DIRECTION('',(1.,0.));
#1892 = ( GEOMETRIC_REPRESENTATION_CONTEXT(2) 
PARAMETRIC_REPRESENTATION_CONTEXT() REPRESENTATION_CONTEXT('2D SPACE',''
  ) );
#1893 = ORIENTED_EDGE('',*,*,#1894,.T.);
#1894 = EDGE_CURVE('',#1872,#1895,#1897,.T.);
#1895 = VERTEX_POINT('',#1896);
#1896 = CARTESIAN_POINT('',(0.,31.,1.630859375));
#1897 = SURFACE_CURVE('',#1898,(#1902,#1909),.PCURVE_S1.);
#1898 = LINE('',#1899,#1900);
#1899 = CARTESIAN_POINT('',(0.,28.5,1.509521484375));
#1900 = VECTOR('',#1901,1.);
#1901 = DIRECTION('',(0.,0.998824246155,4.847809085342E-02));
#1902 = PCURVE('',#72,#1903);
#1903 = DEFINITIONAL_REPRESENTATION('',(#1904),#1908);
#1904 = LINE('',#1905,#1906);
#1905 = CARTESIAN_POINT('',(0.510089621673,0.136740497214));
#1906 = VECTOR('',#1907,1.);
#1907 = DIRECTION('',(0.998824246155,4.847809085342E-02));
#1908 = ( GEOMETRIC_REPRESENTATION_CONTEXT(2) 
PARAMETRIC_REPRESENTATION_CONTEXT() REPRESENTATION_CONTEXT('2D SPACE',''
  ) );
#1909 = PCURVE('',#1044,#1910);
#1910 = DEFINITIONAL_REPRESENTATION('',(#1911),#1915);
#1911 = LINE('',#1912,#1913);
#1912 = CARTESIAN_POINT('',(0.,-10.));
#1913 = VECTOR('',#1914,1.);
#1914 = DIRECTION('',(1.,0.));
#1915 = ( GEOMETRIC_REPRESENTATION_CONTEXT(2) 
PARAMETRIC_REPRESENTATION_CONTEXT() REPRESENTATION_CONTEXT('2D SPACE',''
  ) );
#1916 = ORIENTED_EDGE('',*,*,#1917,.T.);
#1917 = EDGE_CURVE('',#1895,#1918,#1920,.T.);
#1918 = VERTEX_POINT('',#1919);
#1919 = CARTESIAN_POINT('',(0.,33.5,1.737548828125));
#1920 = SURFACE_CURVE('',#1921,(#1925,#1932),.PCURVE_S1.);
#1921 = LINE('',#1922,#1923);
#1922 = CARTESIAN_POINT('',(0.,31.,1.630859375));
#1923 = VECTOR('',#1924,1.);
#1924 = DIRECTION('',(0.,0.999090630782,4.263697320816E-02));
#1925 = PCURVE('',#72,#1926);
#1926 = DEFINITIONAL_REPRESENTATION('',(#1927),#1931);
#1927 = LINE('',#1928,#1929);
#1928 = CARTESIAN_POINT('',(3.010089621673,0.258078387839));
#1929 = VECTOR('',#1930,1.);
#1930 = DIRECTION('',(0.999090630782,4.263697320816E-02));
#1931 = ( GEOMETRIC_REPRESENTATION_CONTEXT(2) 
PARAMETRIC_REPRESENTATION_CONTEXT() REPRESENTATION_CONTEXT('2D SPACE',''
  ) );
#1932 = PCURVE('',#1072,#1933);
#1933 = DEFINITIONAL_REPRESENTATION('',(#1934),#1938);
#1934 = LINE('',#1935,#1936);
#1935 = CARTESIAN_POINT('',(0.,-10.));
#1936 = VECTOR('',#1937,1.);
#1937 = DIRECTION('',(1.,0.));
#1938 = ( GEOMETRIC_REPRESENTATION_CONTEXT(2) 
PARAMETRIC_REPRESENTATION_CONTEXT() REPRESENTATION_CONTEXT('2D SPACE',''
  ) );
#1939 = ORIENTED_EDGE('',*,*,#1940,.T.);
#1940 = EDGE_CURVE('',#1918,#1941,#1943,.T.);
#1941 = VERTEX_POINT('',#1942);
#1942 = CARTESIAN_POINT('',(0.,36.,1.828125));
#1943 = SURFACE_CURVE('',#1944,(#1948,#1955),.PCURVE_S1.);
#1944 = LINE('',#1945,#1946);
#1945 = CARTESIAN_POINT('',(0.,33.5,1.737548828125));
#1946 = VECTOR('',#1947,1.);
#1947 = DIRECTION('',(0.,0.999344322002,3.620671322877E-02));
#1948 = PCURVE('',#72,#1949);
#1949 = DEFINITIONAL_REPRESENTATION('',(#1950),#1954);
#1950 = LINE('',#1951,#1952);
#1951 = CARTESIAN_POINT('',(5.510089621673,0.364767840964));
#1952 = VECTOR('',#1953,1.);
#1953 = DIRECTION('',(0.999344322002,3.620671322877E-02));
#1954 = ( GEOMETRIC_REPRESENTATION_CONTEXT(2) 
PARAMETRIC_REPRESENTATION_CONTEXT() REPRESENTATION_CONTEXT('2D SPACE',''
  ) );
#1955 = PCURVE('',#1100,#1956);
#1956 = DEFINITIONAL_REPRESENTATION('',(#1957),#1961);
#1957 = LINE('',#1958,#1959);
#1958 = CARTESIAN_POINT('',(0.,-10.));
#1959 = VECTOR('',#1960,1.);
#1960 = DIRECTION('',(1.,0.));
#1961 = ( GEOMETRIC_REPRESENTATION_CONTEXT(2) 
PARAMETRIC_REPRESENTATION_CONTEXT() REPRESENTATION_CONTEXT('2D SPACE',''
  ) );
#1962 = ORIENTED_EDGE('',*,*,#1963,.T.);
#1963 = EDGE_CURVE('',#1941,#1964,#1966,.T.);
#1964 = VERTEX_POINT('',#1965);
#1965 = CARTESIAN_POINT('',(0.,38.5,1.901123046875));
#1966 = SURFACE_CURVE('',#1967,(#1971,#1978),.PCURVE_S1.);
#1967 = LINE('',#1968,#1969);
#1968 = CARTESIAN_POINT('',(0.,36.,1.828125));
#1969 = VECTOR('',#1970,1.);
#1970 = DIRECTION('',(0.,0.999573975213,2.918677915904E-02));
#1971 = PCURVE('',#72,#1972);
#1972 = DEFINITIONAL_REPRESENTATION('',(#1973),#1977);
#1973 = LINE('',#1974,#1975);
#1974 = CARTESIAN_POINT('',(8.010089621673,0.455344012839));
#1975 = VECTOR('',#1976,1.);
#1976 = DIRECTION('',(0.999573975213,2.918677915904E-02));
#1977 = ( GEOMETRIC_REPRESENTATION_CONTEXT(2) 
PARAMETRIC_REPRESENTATION_CONTEXT() REPRESENTATION_CONTEXT('2D SPACE',''
  ) );
#1978 = PCURVE('',#1128,#1979);
#1979 = DEFINITIONAL_REPRESENTATION('',(#1980),#1984);
#1980 = LINE('',#1981,#1982);
#1981 = CARTESIAN_POINT('',(0.,-10.));
#1982 = VECTOR('',#1983,1.);
#1983 = DIRECTION('',(1.,0.));
#1984 = ( GEOMETRIC_REPRESENTATION_CONTEXT(2) 
PARAMETRIC_REPRESENTATION_CONTEXT() REPRESENTATION_CONTEXT('2D SPACE',''
  ) );
#1985 = ORIENTED_EDGE('',*,*,#1986,.T.);
#1986 = EDGE_CURVE('',#1964,#1987,#1989,.T.);
#1987 = VERTEX_POINT('',#1988);
#1988 = CARTESIAN_POINT('',(0.,41.,1.955078125));
#1989 = SURFACE_CURVE('',#1990,(#1994,#2001),.PCURVE_S1.);
#1990 = LINE('',#1991,#1992);
#1991 = CARTESIAN_POINT('',(0.,38.5,1.901123046875));
#1992 = VECTOR('',#1993,1.);
#1993 = DIRECTION('',(0.,0.99976718929,2.157700672198E-02));
#1994 = PCURVE('',#72,#1995);
#1995 = DEFINITIONAL_REPRESENTATION('',(#1996),#2000);
#1996 = LINE('',#1997,#1998);
#1997 = CARTESIAN_POINT('',(10.510089621673,0.528342059714));
#1998 = VECTOR('',#1999,1.);
#1999 = DIRECTION('',(0.99976718929,2.157700672198E-02));
#2000 = ( GEOMETRIC_REPRESENTATION_CONTEXT(2) 
PARAMETRIC_REPRESENTATION_CONTEXT() REPRESENTATION_CONTEXT('2D SPACE',''
  ) );
#2001 = PCURVE('',#1156,#2002);
#2002 = DEFINITIONAL_REPRESENTATION('',(#2003),#2007);
#2003 = LINE('',#2004,#2005);
#2004 = CARTESIAN_POINT('',(0.,-10.));
#2005 = VECTOR('',#2006,1.);
#2006 = DIRECTION('',(1.,0.));
#2007 = ( GEOMETRIC_REPRESENTATION_CONTEXT(2) 
PARAMETRIC_REPRESENTATION_CONTEXT() REPRESENTATION_CONTEXT('2D SPACE',''
  ) );
#2008 = ORIENTED_EDGE('',*,*,#2009,.T.);
#2009 = EDGE_CURVE('',#1987,#2010,#2012,.T.);
#2010 = VERTEX_POINT('',#2011);
#2011 = CARTESIAN_POINT('',(0.,43.5,1.988525390625));
#2012 = SURFACE_CURVE('',#2013,(#2017,#2024),.PCURVE_S1.);
#2013 = LINE('',#2014,#2015);
#2014 = CARTESIAN_POINT('',(0.,41.,1.955078125));
#2015 = VECTOR('',#2016,1.);
#2016 = DIRECTION('',(0.,0.999910514447,1.337770903117E-02));
#2017 = PCURVE('',#72,#2018);
#2018 = DEFINITIONAL_REPRESENTATION('',(#2019),#2023);
#2019 = LINE('',#2020,#2021);
#2020 = CARTESIAN_POINT('',(13.010089621673,0.582297137839));
#2021 = VECTOR('',#2022,1.);
#2022 = DIRECTION('',(0.999910514447,1.337770903117E-02));
#2023 = ( GEOMETRIC_REPRESENTATION_CONTEXT(2) 
PARAMETRIC_REPRESENTATION_CONTEXT() REPRESENTATION_CONTEXT('2D SPACE',''
  ) );
#2024 = PCURVE('',#1184,#2025);
#2025 = DEFINITIONAL_REPRESENTATION('',(#2026),#2030);
#2026 = LINE('',#2027,#2028);
#2027 = CARTESIAN_POINT('',(0.,-10.));
#2028 = VECTOR('',#2029,1.);
#2029 = DIRECTION('',(1.,0.));
#2030 = ( GEOMETRIC_REPRESENTATION_CONTEXT(2) 
PARAMETRIC_REPRESENTATION_CONTEXT() REPRESENTATION_CONTEXT('2D SPACE',''
  ) );
#2031 = ORIENTED_EDGE('',*,*,#2032,.T.);
#2032 = EDGE_CURVE('',#2010,#2033,#2035,.T.);
#2033 = VERTEX_POINT('',#2034);
#2034 = CARTESIAN_POINT('',(0.,46.,2.));
#2035 = SURFACE_CURVE('',#2036,(#2040,#2047),.PCURVE_S1.);
#2036 = LINE('',#2037,#2038);
#2037 = CARTESIAN_POINT('',(0.,43.5,1.988525390625));
#2038 = VECTOR('',#2039,1.);
#2039 = DIRECTION('',(0.,0.999989466834,4.589795404412E-03));
#2040 = PCURVE('',#72,#2041);
#2041 = DEFINITIONAL_REPRESENTATION('',(#2042),#2046);
#2042 = LINE('',#2043,#2044);
#2043 = CARTESIAN_POINT('',(15.510089621673,0.615744403464));
#2044 = VECTOR('',#2045,1.);
#2045 = DIRECTION('',(0.999989466834,4.589795404412E-03));
#2046 = ( GEOMETRIC_REPRESENTATION_CONTEXT(2) 
PARAMETRIC_REPRESENTATION_CONTEXT() REPRESENTATION_CONTEXT('2D SPACE',''
  ) );
#2047 = PCURVE('',#1212,#2048);
#2048 = DEFINITIONAL_REPRESENTATION('',(#2049),#2053);
#2049 = LINE('',#2050,#2051);
#2050 = CARTESIAN_POINT('',(0.,-10.));
#2051 = VECTOR('',#2052,1.);
#2052 = DIRECTION('',(1.,0.));
#2053 = ( GEOMETRIC_REPRESENTATION_CONTEXT(2) 
PARAMETRIC_REPRESENTATION_CONTEXT() REPRESENTATION_CONTEXT('2D SPACE',''
  ) );
#2054 = ORIENTED_EDGE('',*,*,#2055,.T.);
#2055 = EDGE_CURVE('',#2033,#175,#2056,.T.);
#2056 = SURFACE_CURVE('',#2057,(#2061,#2068),.PCURVE_S1.);
#2057 = LINE('',#2058,#2059);
#2058 = CARTESIAN_POINT('',(0.,46.,2.));
#2059 = VECTOR('',#2060,1.);
#2060 = DIRECTION('',(0.,1.,0.));
#2061 = PCURVE('',#72,#2062);
#2062 = DEFINITIONAL_REPRESENTATION('',(#2063),#2067);
#2063 = LINE('',#2064,#2065);
#2064 = CARTESIAN_POINT('',(18.010089621673,0.627219012839));
#2065 = VECTOR('',#2066,1.);
#2066 = DIRECTION('',(1.,0.));
#2067 = ( GEOMETRIC_REPRESENTATION_CONTEXT(2) 
PARAMETRIC_REPRESENTATION_CONTEXT() REPRESENTATION_CONTEXT('2D SPACE',''
  ) );
#2068 = PCURVE('',#190,#2069);
#2069 = DEFINITIONAL_REPRESENTATION('',(#2070),#2074);
#2070 = LINE('',#2071,#2072);
#2071 = CARTESIAN_POINT('',(0.,-10.));
#2072 = VECTOR('',#2073,1.);
#2073 = DIRECTION('',(1.,0.));
#2074 = ( GEOMETRIC_REPRESENTATION_CONTEXT(2) 
PARAMETRIC_REPRESENTATION_CONTEXT() REPRESENTATION_CONTEXT('2D SPACE',''
  ) );
#2075 = ORIENTED_EDGE('',*,*,#202,.T.);
#2076 = ADVANCED_FACE('',(#2077),#100,.T.);
#2077 = FACE_BOUND('',#2078,.T.);
#2078 = EDGE_LOOP('',(#2079,#2080,#2081,#2102));
#2079 = ORIENTED_EDGE('',*,*,#84,.T.);
#2080 = ORIENTED_EDGE('',*,*,#1250,.T.);
#2081 = ORIENTED_EDGE('',*,*,#2082,.F.);
#2082 = EDGE_CURVE('',#250,#1251,#2083,.T.);
#2083 = SURFACE_CURVE('',#2084,(#2088,#2095),.PCURVE_S1.);
#2084 = LINE('',#2085,#2086);
#2085 = CARTESIAN_POINT('',(10.,43.5,2.238525390625));
#2086 = VECTOR('',#2087,1.);
#2087 = DIRECTION('',(-1.,0.,0.));
#2088 = PCURVE('',#100,#2089);
#2089 = DEFINITIONAL_REPRESENTATION('',(#2090),#2094);
#2090 = LINE('',#2091,#2092);
#2091 = CARTESIAN_POINT('',(2.500026333193,0.));
#2092 = VECTOR('',#2093,1.);
#2093 = DIRECTION('',(0.,-1.));
#2094 = ( GEOMETRIC_REPRESENTATION_CONTEXT(2) 
PARAMETRIC_REPRESENTATION_CONTEXT() REPRESENTATION_CONTEXT('2D SPACE',''
  ) );
#2095 = PCURVE('',#288,#2096);
#2096 = DEFINITIONAL_REPRESENTATION('',(#2097),#2101);
#2097 = LINE('',#2098,#2099);
#2098 = CARTESIAN_POINT('',(0.,0.));
#2099 = VECTOR('',#2100,1.);
#2100 = DIRECTION('',(0.,-1.));
#2101 = ( GEOMETRIC_REPRESENTATION_CONTEXT(2) 
PARAMETRIC_REPRESENTATION_CONTEXT() REPRESENTATION_CONTEXT('2D SPACE',''
  ) );
#2102 = ORIENTED_EDGE('',*,*,#249,.F.);
#2103 = ADVANCED_FACE('',(#2104),#157,.F.);
#2104 = FACE_BOUND('',#2105,.F.);
#2105 = EDGE_LOOP('',(#2106,#2107,#2130,#2156));
#2106 = ORIENTED_EDGE('',*,*,#140,.F.);
#2107 = ORIENTED_EDGE('',*,*,#2108,.F.);
#2108 = EDGE_CURVE('',#2109,#141,#2111,.T.);
#2109 = VERTEX_POINT('',#2110);
#2110 = CARTESIAN_POINT('',(6.7,51.,2.));
#2111 = SEAM_CURVE('',#2112,(#2116,#2123),.PCURVE_S1.);
#2112 = LINE('',#2113,#2114);
#2113 = CARTESIAN_POINT('',(6.7,51.,-0.75));
#2114 = VECTOR('',#2115,1.);
#2115 = DIRECTION('',(0.,0.,1.));
#2116 = PCURVE('',#157,#2117);
#2117 = DEFINITIONAL_REPRESENTATION('',(#2118),#2122);
#2118 = LINE('',#2119,#2120);
#2119 = CARTESIAN_POINT('',(6.28318530718,-0.));
#2120 = VECTOR('',#2121,1.);
#2121 = DIRECTION('',(0.,1.));
#2122 = ( GEOMETRIC_REPRESENTATION_CONTEXT(2) 
PARAMETRIC_REPRESENTATION_CONTEXT() REPRESENTATION_CONTEXT('2D SPACE',''
  ) );
#2123 = PCURVE('',#157,#2124);
#2124 = DEFINITIONAL_REPRESENTATION('',(#2125),#2129);
#2125 = LINE('',#2126,#2127);
#2126 = CARTESIAN_POINT('',(0.,-0.));
#2127 = VECTOR('',#2128,1.);
#2128 = DIRECTION('',(0.,1.));
#2129 = ( GEOMETRIC_REPRESENTATION_CONTEXT(2) 
PARAMETRIC_REPRESENTATION_CONTEXT() REPRESENTATION_CONTEXT('2D SPACE',''
  ) );
#2130 = ORIENTED_EDGE('',*,*,#2131,.T.);
#2131 = EDGE_CURVE('',#2109,#2109,#2132,.T.);
#2132 = SURFACE_CURVE('',#2133,(#2138,#2145),.PCURVE_S1.);
#2133 = CIRCLE('',#2134,1.7);
#2134 = AXIS2_PLACEMENT_3D('',#2135,#2136,#2137);
#2135 = CARTESIAN_POINT('',(5.,51.,2.));
#2136 = DIRECTION('',(0.,0.,1.));
#2137 = DIRECTION('',(1.,0.,-0.));
#2138 = PCURVE('',#157,#2139);
#2139 = DEFINITIONAL_REPRESENTATION('',(#2140),#2144);
#2140 = LINE('',#2141,#2142);
#2141 = CARTESIAN_POINT('',(0.,2.75));
#2142 = VECTOR('',#2143,1.);
#2143 = DIRECTION('',(1.,0.));
#2144 = ( GEOMETRIC_REPRESENTATION_CONTEXT(2) 
PARAMETRIC_REPRESENTATION_CONTEXT() REPRESENTATION_CONTEXT('2D SPACE',''
  ) );
#2145 = PCURVE('',#190,#2146);
#2146 = DEFINITIONAL_REPRESENTATION('',(#2147),#2155);
#2147 = ( BOUNDED_CURVE() B_SPLINE_CURVE(2,(#2148,#2149,#2150,#2151,
#2152,#2153,#2154),.UNSPECIFIED.,.T.,.F.) B_SPLINE_CURVE_WITH_KNOTS((1,2
    ,2,2,2,1),(-2.094395102393,0.,2.094395102393,4.188790204786,
6.28318530718,8.377580409573),.UNSPECIFIED.) CURVE() 
GEOMETRIC_REPRESENTATION_ITEM() RATIONAL_B_SPLINE_CURVE((1.,0.5,1.,0.5,
1.,0.5,1.)) REPRESENTATION_ITEM('') );
#2148 = CARTESIAN_POINT('',(5.,-3.3));
#2149 = CARTESIAN_POINT('',(7.944486372867,-3.3));
#2150 = CARTESIAN_POINT('',(6.472243186434,-5.85));
#2151 = CARTESIAN_POINT('',(5.,-8.4));
#2152 = CARTESIAN_POINT('',(3.527756813566,-5.85));
#2153 = CARTESIAN_POINT('',(2.055513627133,-3.3));
#2154 = CARTESIAN_POINT('',(5.,-3.3));
#2155 = ( GEOMETRIC_REPRESENTATION_CONTEXT(2) 
PARAMETRIC_REPRESENTATION_CONTEXT() REPRESENTATION_CONTEXT('2D SPACE',''
  ) );
#2156 = ORIENTED_EDGE('',*,*,#2108,.T.);
#2157 = ADVANCED_FACE('',(#2158,#2184),#190,.T.);
#2158 = FACE_BOUND('',#2159,.T.);
#2159 = EDGE_LOOP('',(#2160,#2181,#2182,#2183));
#2160 = ORIENTED_EDGE('',*,*,#2161,.T.);
#2161 = EDGE_CURVE('',#1197,#2033,#2162,.T.);
#2162 = SURFACE_CURVE('',#2163,(#2167,#2174),.PCURVE_S1.);
#2163 = LINE('',#2164,#2165);
#2164 = CARTESIAN_POINT('',(10.,46.,2.));
#2165 = VECTOR('',#2166,1.);
#2166 = DIRECTION('',(-1.,0.,0.));
#2167 = PCURVE('',#190,#2168);
#2168 = DEFINITIONAL_REPRESENTATION('',(#2169),#2173);
#2169 = LINE('',#2170,#2171);
#2170 = CARTESIAN_POINT('',(0.,-0.));
#2171 = VECTOR('',#2172,1.);
#2172 = DIRECTION('',(0.,-1.));
#2173 = ( GEOMETRIC_REPRESENTATION_CONTEXT(2) 
PARAMETRIC_REPRESENTATION_CONTEXT() REPRESENTATION_CONTEXT('2D SPACE',''
  ) );
#2174 = PCURVE('',#1212,#2175);
#2175 = DEFINITIONAL_REPRESENTATION('',(#2176),#2180);
#2176 = LINE('',#2177,#2178);
#2177 = CARTESIAN_POINT('',(2.500026333193,0.));
#2178 = VECTOR('',#2179,1.);
#2179 = DIRECTION('',(0.,-1.));
#2180 = ( GEOMETRIC_REPRESENTATION_CONTEXT(2) 
PARAMETRIC_REPRESENTATION_CONTEXT() REPRESENTATION_CONTEXT('2D SPACE',''
  ) );
#2181 = ORIENTED_EDGE('',*,*,#2055,.T.);
#2182 = ORIENTED_EDGE('',*,*,#172,.F.);
#2183 = ORIENTED_EDGE('',*,*,#1224,.F.);
#2184 = FACE_BOUND('',#2185,.T.);
#2185 = EDGE_LOOP('',(#2186));
#2186 = ORIENTED_EDGE('',*,*,#2131,.T.);
#2187 = ADVANCED_FACE('',(#2188),#288,.T.);
#2188 = FACE_BOUND('',#2189,.T.);
#2189 = EDGE_LOOP('',(#2190,#2191,#2192,#2213));
#2190 = ORIENTED_EDGE('',*,*,#2082,.T.);
#2191 = ORIENTED_EDGE('',*,*,#1273,.T.);
#2192 = ORIENTED_EDGE('',*,*,#2193,.F.);
#2193 = EDGE_CURVE('',#273,#1274,#2194,.T.);
#2194 = SURFACE_CURVE('',#2195,(#2199,#2206),.PCURVE_S1.);
#2195 = LINE('',#2196,#2197);
#2196 = CARTESIAN_POINT('',(10.,41.,2.205078125));
#2197 = VECTOR('',#2198,1.);
#2198 = DIRECTION('',(-1.,0.,0.));
#2199 = PCURVE('',#288,#2200);
#2200 = DEFINITIONAL_REPRESENTATION('',(#2201),#2205);
#2201 = LINE('',#2202,#2203);
#2202 = CARTESIAN_POINT('',(2.500223733904,0.));
#2203 = VECTOR('',#2204,1.);
#2204 = DIRECTION('',(0.,-1.));
#2205 = ( GEOMETRIC_REPRESENTATION_CONTEXT(2) 
PARAMETRIC_REPRESENTATION_CONTEXT() REPRESENTATION_CONTEXT('2D SPACE',''
  ) );
#2206 = PCURVE('',#316,#2207);
#2207 = DEFINITIONAL_REPRESENTATION('',(#2208),#2212);
#2208 = LINE('',#2209,#2210);
#2209 = CARTESIAN_POINT('',(0.,0.));
#2210 = VECTOR('',#2211,1.);
#2211 = DIRECTION('',(0.,-1.));
#2212 = ( GEOMETRIC_REPRESENTATION_CONTEXT(2) 
PARAMETRIC_REPRESENTATION_CONTEXT() REPRESENTATION_CONTEXT('2D SPACE',''
  ) );
#2213 = ORIENTED_EDGE('',*,*,#272,.F.);
#2214 = ADVANCED_FACE('',(#2215),#316,.T.);
#2215 = FACE_BOUND('',#2216,.T.);
#2216 = EDGE_LOOP('',(#2217,#2218,#2219,#2240));
#2217 = ORIENTED_EDGE('',*,*,#2193,.T.);
#2218 = ORIENTED_EDGE('',*,*,#1296,.T.);
#2219 = ORIENTED_EDGE('',*,*,#2220,.F.);
#2220 = EDGE_CURVE('',#301,#1297,#2221,.T.);
#2221 = SURFACE_CURVE('',#2222,(#2226,#2233),.PCURVE_S1.);
#2222 = LINE('',#2223,#2224);
#2223 = CARTESIAN_POINT('',(10.,38.5,2.151123046875));
#2224 = VECTOR('',#2225,1.);
#2225 = DIRECTION('',(-1.,0.,0.));
#2226 = PCURVE('',#316,#2227);
#2227 = DEFINITIONAL_REPRESENTATION('',(#2228),#2232);
#2228 = LINE('',#2229,#2230);
#2229 = CARTESIAN_POINT('',(2.500582162309,0.));
#2230 = VECTOR('',#2231,1.);
#2231 = DIRECTION('',(0.,-1.));
#2232 = ( GEOMETRIC_REPRESENTATION_CONTEXT(2) 
PARAMETRIC_REPRESENTATION_CONTEXT() REPRESENTATION_CONTEXT('2D SPACE',''
  ) );
#2233 = PCURVE('',#344,#2234);
#2234 = DEFINITIONAL_REPRESENTATION('',(#2235),#2239);
#2235 = LINE('',#2236,#2237);
#2236 = CARTESIAN_POINT('',(0.,0.));
#2237 = VECTOR('',#2238,1.);
#2238 = DIRECTION('',(0.,-1.));
#2239 = ( GEOMETRIC_REPRESENTATION_CONTEXT(2) 
PARAMETRIC_REPRESENTATION_CONTEXT() REPRESENTATION_CONTEXT('2D SPACE',''
  ) );
#2240 = ORIENTED_EDGE('',*,*,#300,.F.);
#2241 = ADVANCED_FACE('',(#2242),#344,.T.);
#2242 = FACE_BOUND('',#2243,.T.);
#2243 = EDGE_LOOP('',(#2244,#2245,#2246,#2267));
#2244 = ORIENTED_EDGE('',*,*,#2220,.T.);
#2245 = ORIENTED_EDGE('',*,*,#1319,.T.);
#2246 = ORIENTED_EDGE('',*,*,#2247,.F.);
#2247 = EDGE_CURVE('',#329,#1320,#2248,.T.);
#2248 = SURFACE_CURVE('',#2249,(#2253,#2260),.PCURVE_S1.);
#2249 = LINE('',#2250,#2251);
#2250 = CARTESIAN_POINT('',(10.,36.,2.078125));
#2251 = VECTOR('',#2252,1.);
#2252 = DIRECTION('',(-1.,0.,0.));
#2253 = PCURVE('',#344,#2254);
#2254 = DEFINITIONAL_REPRESENTATION('',(#2255),#2259);
#2255 = LINE('',#2256,#2257);
#2256 = CARTESIAN_POINT('',(2.501065515905,0.));
#2257 = VECTOR('',#2258,1.);
#2258 = DIRECTION('',(0.,-1.));
#2259 = ( GEOMETRIC_REPRESENTATION_CONTEXT(2) 
PARAMETRIC_REPRESENTATION_CONTEXT() REPRESENTATION_CONTEXT('2D SPACE',''
  ) );
#2260 = PCURVE('',#372,#2261);
#2261 = DEFINITIONAL_REPRESENTATION('',(#2262),#2266);
#2262 = LINE('',#2263,#2264);
#2263 = CARTESIAN_POINT('',(0.,0.));
#2264 = VECTOR('',#2265,1.);
#2265 = DIRECTION('',(0.,-1.));
#2266 = ( GEOMETRIC_REPRESENTATION_CONTEXT(2) 
PARAMETRIC_REPRESENTATION_CONTEXT() REPRESENTATION_CONTEXT('2D SPACE',''
  ) );
#2267 = ORIENTED_EDGE('',*,*,#328,.F.);
#2268 = ADVANCED_FACE('',(#2269),#372,.T.);
#2269 = FACE_BOUND('',#2270,.T.);
#2270 = EDGE_LOOP('',(#2271,#2272,#2273,#2294));
#2271 = ORIENTED_EDGE('',*,*,#2247,.T.);
#2272 = ORIENTED_EDGE('',*,*,#1342,.T.);
#2273 = ORIENTED_EDGE('',*,*,#2274,.F.);
#2274 = EDGE_CURVE('',#357,#1343,#2275,.T.);
#2275 = SURFACE_CURVE('',#2276,(#2280,#2287),.PCURVE_S1.);
#2276 = LINE('',#2277,#2278);
#2277 = CARTESIAN_POINT('',(10.,33.5,1.987548828125));
#2278 = VECTOR('',#2279,1.);
#2279 = DIRECTION('',(-1.,0.,0.));
#2280 = PCURVE('',#372,#2281);
#2281 = DEFINITIONAL_REPRESENTATION('',(#2282),#2286);
#2282 = LINE('',#2283,#2284);
#2283 = CARTESIAN_POINT('',(2.501640270485,0.));
#2284 = VECTOR('',#2285,1.);
#2285 = DIRECTION('',(0.,-1.));
#2286 = ( GEOMETRIC_REPRESENTATION_CONTEXT(2) 
PARAMETRIC_REPRESENTATION_CONTEXT() REPRESENTATION_CONTEXT('2D SPACE',''
  ) );
#2287 = PCURVE('',#400,#2288);
#2288 = DEFINITIONAL_REPRESENTATION('',(#2289),#2293);
#2289 = LINE('',#2290,#2291);
#2290 = CARTESIAN_POINT('',(0.,0.));
#2291 = VECTOR('',#2292,1.);
#2292 = DIRECTION('',(0.,-1.));
#2293 = ( GEOMETRIC_REPRESENTATION_CONTEXT(2) 
PARAMETRIC_REPRESENTATION_CONTEXT() REPRESENTATION_CONTEXT('2D SPACE',''
  ) );
#2294 = ORIENTED_EDGE('',*,*,#356,.F.);
#2295 = ADVANCED_FACE('',(#2296),#400,.T.);
#2296 = FACE_BOUND('',#2297,.T.);
#2297 = EDGE_LOOP('',(#2298,#2299,#2300,#2321));
#2298 = ORIENTED_EDGE('',*,*,#2274,.T.);
#2299 = ORIENTED_EDGE('',*,*,#1365,.T.);
#2300 = ORIENTED_EDGE('',*,*,#2301,.F.);
#2301 = EDGE_CURVE('',#385,#1366,#2302,.T.);
#2302 = SURFACE_CURVE('',#2303,(#2307,#2314),.PCURVE_S1.);
#2303 = LINE('',#2304,#2305);
#2304 = CARTESIAN_POINT('',(10.,31.,1.880859375));
#2305 = VECTOR('',#2306,1.);
#2306 = DIRECTION('',(-1.,0.,0.));
#2307 = PCURVE('',#400,#2308);
#2308 = DEFINITIONAL_REPRESENTATION('',(#2309),#2313);
#2309 = LINE('',#2310,#2311);
#2310 = CARTESIAN_POINT('',(2.502275492309,0.));
#2311 = VECTOR('',#2312,1.);
#2312 = DIRECTION('',(0.,-1.));
#2313 = ( GEOMETRIC_REPRESENTATION_CONTEXT(2) 
PARAMETRIC_REPRESENTATION_CONTEXT() REPRESENTATION_CONTEXT('2D SPACE',''
  ) );
#2314 = PCURVE('',#428,#2315);
#2315 = DEFINITIONAL_REPRESENTATION('',(#2316),#2320);
#2316 = LINE('',#2317,#2318);
#2317 = CARTESIAN_POINT('',(0.,0.));
#2318 = VECTOR('',#2319,1.);
#2319 = DIRECTION('',(0.,-1.));
#2320 = ( GEOMETRIC_REPRESENTATION_CONTEXT(2) 
PARAMETRIC_REPRESENTATION_CONTEXT() REPRESENTATION_CONTEXT('2D SPACE',''
  ) );
#2321 = ORIENTED_EDGE('',*,*,#384,.F.);
#2322 = ADVANCED_FACE('',(#2323),#428,.T.);
#2323 = FACE_BOUND('',#2324,.T.);
#2324 = EDGE_LOOP('',(#2325,#2326,#2327,#2348));
#2325 = ORIENTED_EDGE('',*,*,#2301,.T.);
#2326 = ORIENTED_EDGE('',*,*,#1388,.T.);
#2327 = ORIENTED_EDGE('',*,*,#2328,.F.);
#2328 = EDGE_CURVE('',#413,#1389,#2329,.T.);
#2329 = SURFACE_CURVE('',#2330,(#2334,#2341),.PCURVE_S1.);
#2330 = LINE('',#2331,#2332);
#2331 = CARTESIAN_POINT('',(10.,28.5,1.759521484375));
#2332 = VECTOR('',#2333,1.);
#2333 = DIRECTION('',(-1.,0.,0.));
#2334 = PCURVE('',#428,#2335);
#2335 = DEFINITIONAL_REPRESENTATION('',(#2336),#2340);
#2336 = LINE('',#2337,#2338);
#2337 = CARTESIAN_POINT('',(2.502942844673,0.));
#2338 = VECTOR('',#2339,1.);
#2339 = DIRECTION('',(0.,-1.));
#2340 = ( GEOMETRIC_REPRESENTATION_CONTEXT(2) 
PARAMETRIC_REPRESENTATION_CONTEXT() REPRESENTATION_CONTEXT('2D SPACE',''
  ) );
#2341 = PCURVE('',#456,#2342);
#2342 = DEFINITIONAL_REPRESENTATION('',(#2343),#2347);
#2343 = LINE('',#2344,#2345);
#2344 = CARTESIAN_POINT('',(0.,0.));
#2345 = VECTOR('',#2346,1.);
#2346 = DIRECTION('',(0.,-1.));
#2347 = ( GEOMETRIC_REPRESENTATION_CONTEXT(2) 
PARAMETRIC_REPRESENTATION_CONTEXT() REPRESENTATION_CONTEXT('2D SPACE',''
  ) );
#2348 = ORIENTED_EDGE('',*,*,#412,.F.);
#2349 = ADVANCED_FACE('',(#2350),#456,.T.);
#2350 = FACE_BOUND('',#2351,.T.);
#2351 = EDGE_LOOP('',(#2352,#2353,#2354,#2375));
#2352 = ORIENTED_EDGE('',*,*,#2328,.T.);
#2353 = ORIENTED_EDGE('',*,*,#1411,.T.);
#2354 = ORIENTED_EDGE('',*,*,#2355,.F.);
#2355 = EDGE_CURVE('',#441,#1412,#2356,.T.);
#2356 = SURFACE_CURVE('',#2357,(#2361,#2368),.PCURVE_S1.);
#2357 = LINE('',#2358,#2359);
#2358 = CARTESIAN_POINT('',(10.,26.,1.625));
#2359 = VECTOR('',#2360,1.);
#2360 = DIRECTION('',(-1.,0.,0.));
#2361 = PCURVE('',#456,#2362);
#2362 = DEFINITIONAL_REPRESENTATION('',(#2363),#2367);
#2363 = LINE('',#2364,#2365);
#2364 = CARTESIAN_POINT('',(2.503616590007,0.));
#2365 = VECTOR('',#2366,1.);
#2366 = DIRECTION('',(0.,-1.));
#2367 = ( GEOMETRIC_REPRESENTATION_CONTEXT(2) 
PARAMETRIC_REPRESENTATION_CONTEXT() REPRESENTATION_CONTEXT('2D SPACE',''
  ) );
#2368 = PCURVE('',#484,#2369);
#2369 = DEFINITIONAL_REPRESENTATION('',(#2370),#2374);
#2370 = LINE('',#2371,#2372);
#2371 = CARTESIAN_POINT('',(0.,0.));
#2372 = VECTOR('',#2373,1.);
#2373 = DIRECTION('',(0.,-1.));
#2374 = ( GEOMETRIC_REPRESENTATION_CONTEXT(2) 
PARAMETRIC_REPRESENTATION_CONTEXT() REPRESENTATION_CONTEXT('2D SPACE',''
  ) );
#2375 = ORIENTED_EDGE('',*,*,#440,.F.);
#2376 = ADVANCED_FACE('',(#2377),#484,.T.);
#2377 = FACE_BOUND('',#2378,.T.);
#2378 = EDGE_LOOP('',(#2379,#2380,#2381,#2402));
#2379 = ORIENTED_EDGE('',*,*,#2355,.T.);
#2380 = ORIENTED_EDGE('',*,*,#1434,.T.);
#2381 = ORIENTED_EDGE('',*,*,#2382,.F.);
#2382 = EDGE_CURVE('',#469,#1435,#2383,.T.);
#2383 = SURFACE_CURVE('',#2384,(#2388,#2395),.PCURVE_S1.);
#2384 = LINE('',#2385,#2386);
#2385 = CARTESIAN_POINT('',(10.,23.5,1.478759765625));
#2386 = VECTOR('',#2387,1.);
#2387 = DIRECTION('',(-1.,0.,0.));
#2388 = PCURVE('',#484,#2389);
#2389 = DEFINITIONAL_REPRESENTATION('',(#2390),#2394);
#2390 = LINE('',#2391,#2392);
#2391 = CARTESIAN_POINT('',(2.504273588518,0.));
#2392 = VECTOR('',#2393,1.);
#2393 = DIRECTION('',(0.,-1.));
#2394 = ( GEOMETRIC_REPRESENTATION_CONTEXT(2) 
PARAMETRIC_REPRESENTATION_CONTEXT() REPRESENTATION_CONTEXT('2D SPACE',''
  ) );
#2395 = PCURVE('',#512,#2396);
#2396 = DEFINITIONAL_REPRESENTATION('',(#2397),#2401);
#2397 = LINE('',#2398,#2399);
#2398 = CARTESIAN_POINT('',(0.,0.));
#2399 = VECTOR('',#2400,1.);
#2400 = DIRECTION('',(0.,-1.));
#2401 = ( GEOMETRIC_REPRESENTATION_CONTEXT(2) 
PARAMETRIC_REPRESENTATION_CONTEXT() REPRESENTATION_CONTEXT('2D SPACE',''
  ) );
#2402 = ORIENTED_EDGE('',*,*,#468,.F.);
#2403 = ADVANCED_FACE('',(#2404),#512,.T.);
#2404 = FACE_BOUND('',#2405,.T.);
#2405 = EDGE_LOOP('',(#2406,#2407,#2408,#2429));
#2406 = ORIENTED_EDGE('',*,*,#2382,.T.);
#2407 = ORIENTED_EDGE('',*,*,#1457,.T.);
#2408 = ORIENTED_EDGE('',*,*,#2409,.F.);
#2409 = EDGE_CURVE('',#497,#1458,#2410,.T.);
#2410 = SURFACE_CURVE('',#2411,(#2415,#2422),.PCURVE_S1.);
#2411 = LINE('',#2412,#2413);
#2412 = CARTESIAN_POINT('',(10.,21.,1.322265625));
#2413 = VECTOR('',#2414,1.);
#2414 = DIRECTION('',(-1.,0.,0.));
#2415 = PCURVE('',#512,#2416);
#2416 = DEFINITIONAL_REPRESENTATION('',(#2417),#2421);
#2417 = LINE('',#2418,#2419);
#2418 = CARTESIAN_POINT('',(2.504893294344,0.));
#2419 = VECTOR('',#2420,1.);
#2420 = DIRECTION('',(0.,-1.));
#2421 = ( GEOMETRIC_REPRESENTATION_CONTEXT(2) 
PARAMETRIC_REPRESENTATION_CONTEXT() REPRESENTATION_CONTEXT('2D SPACE',''
  ) );
#2422 = PCURVE('',#540,#2423);
#2423 = DEFINITIONAL_REPRESENTATION('',(#2424),#2428);
#2424 = LINE('',#2425,#2426);
#2425 = CARTESIAN_POINT('',(0.,0.));
#2426 = VECTOR('',#2427,1.);
#2427 = DIRECTION('',(0.,-1.));
#2428 = ( GEOMETRIC_REPRESENTATION_CONTEXT(2) 
PARAMETRIC_REPRESENTATION_CONTEXT() REPRESENTATION_CONTEXT('2D SPACE',''
  ) );
#2429 = ORIENTED_EDGE('',*,*,#496,.F.);
#2430 = ADVANCED_FACE('',(#2431),#540,.T.);
#2431 = FACE_BOUND('',#2432,.T.);
#2432 = EDGE_LOOP('',(#2433,#2434,#2435,#2456));
#2433 = ORIENTED_EDGE('',*,*,#2409,.T.);
#2434 = ORIENTED_EDGE('',*,*,#1480,.T.);
#2435 = ORIENTED_EDGE('',*,*,#2436,.F.);
#2436 = EDGE_CURVE('',#525,#1481,#2437,.T.);
#2437 = SURFACE_CURVE('',#2438,(#2442,#2449),.PCURVE_S1.);
#2438 = LINE('',#2439,#2440);
#2439 = CARTESIAN_POINT('',(10.,18.5,1.156982421875));
#2440 = VECTOR('',#2441,1.);
#2441 = DIRECTION('',(-1.,0.,0.));
#2442 = PCURVE('',#540,#2443);
#2443 = DEFINITIONAL_REPRESENTATION('',(#2444),#2448);
#2444 = LINE('',#2445,#2446);
#2445 = CARTESIAN_POINT('',(2.50545775004,0.));
#2446 = VECTOR('',#2447,1.);
#2447 = DIRECTION('',(0.,-1.));
#2448 = ( GEOMETRIC_REPRESENTATION_CONTEXT(2) 
PARAMETRIC_REPRESENTATION_CONTEXT() REPRESENTATION_CONTEXT('2D SPACE',''
  ) );
#2449 = PCURVE('',#568,#2450);
#2450 = DEFINITIONAL_REPRESENTATION('',(#2451),#2455);
#2451 = LINE('',#2452,#2453);
#2452 = CARTESIAN_POINT('',(0.,0.));
#2453 = VECTOR('',#2454,1.);
#2454 = DIRECTION('',(0.,-1.));
#2455 = ( GEOMETRIC_REPRESENTATION_CONTEXT(2) 
PARAMETRIC_REPRESENTATION_CONTEXT() REPRESENTATION_CONTEXT('2D SPACE',''
  ) );
#2456 = ORIENTED_EDGE('',*,*,#524,.F.);
#2457 = ADVANCED_FACE('',(#2458),#568,.T.);
#2458 = FACE_BOUND('',#2459,.T.);
#2459 = EDGE_LOOP('',(#2460,#2461,#2462,#2483));
#2460 = ORIENTED_EDGE('',*,*,#2436,.T.);
#2461 = ORIENTED_EDGE('',*,*,#1503,.T.);
#2462 = ORIENTED_EDGE('',*,*,#2463,.F.);
#2463 = EDGE_CURVE('',#553,#1504,#2464,.T.);
#2464 = SURFACE_CURVE('',#2465,(#2469,#2476),.PCURVE_S1.);
#2465 = LINE('',#2466,#2467);
#2466 = CARTESIAN_POINT('',(10.,16.,0.984375));
#2467 = VECTOR('',#2468,1.);
#2468 = DIRECTION('',(-1.,0.,0.));
#2469 = PCURVE('',#568,#2470);
#2470 = DEFINITIONAL_REPRESENTATION('',(#2471),#2475);
#2471 = LINE('',#2472,#2473);
#2472 = CARTESIAN_POINT('',(2.505951580156,0.));
#2473 = VECTOR('',#2474,1.);
#2474 = DIRECTION('',(0.,-1.));
#2475 = ( GEOMETRIC_REPRESENTATION_CONTEXT(2) 
PARAMETRIC_REPRESENTATION_CONTEXT() REPRESENTATION_CONTEXT('2D SPACE',''
  ) );
#2476 = PCURVE('',#596,#2477);
#2477 = DEFINITIONAL_REPRESENTATION('',(#2478),#2482);
#2478 = LINE('',#2479,#2480);
#2479 = CARTESIAN_POINT('',(0.,0.));
#2480 = VECTOR('',#2481,1.);
#2481 = DIRECTION('',(0.,-1.));
#2482 = ( GEOMETRIC_REPRESENTATION_CONTEXT(2) 
PARAMETRIC_REPRESENTATION_CONTEXT() REPRESENTATION_CONTEXT('2D SPACE',''
  ) );
#2483 = ORIENTED_EDGE('',*,*,#552,.F.);
#2484 = ADVANCED_FACE('',(#2485),#596,.T.);
#2485 = FACE_BOUND('',#2486,.T.);
#2486 = EDGE_LOOP('',(#2487,#2488,#2489,#2510));
#2487 = ORIENTED_EDGE('',*,*,#2463,.T.);
#2488 = ORIENTED_EDGE('',*,*,#1526,.T.);
#2489 = ORIENTED_EDGE('',*,*,#2490,.F.);
#2490 = EDGE_CURVE('',#581,#1527,#2491,.T.);
#2491 = SURFACE_CURVE('',#2492,(#2496,#2503),.PCURVE_S1.);
#2492 = LINE('',#2493,#2494);
#2493 = CARTESIAN_POINT('',(10.,13.5,0.805908203125));
#2494 = VECTOR('',#2495,1.);
#2495 = DIRECTION('',(-1.,0.,0.));
#2496 = PCURVE('',#596,#2497);
#2497 = DEFINITIONAL_REPRESENTATION('',(#2498),#2502);
#2498 = LINE('',#2499,#2500);
#2499 = CARTESIAN_POINT('',(2.506361984548,0.));
#2500 = VECTOR('',#2501,1.);
#2501 = DIRECTION('',(0.,-1.));
#2502 = ( GEOMETRIC_REPRESENTATION_CONTEXT(2) 
PARAMETRIC_REPRESENTATION_CONTEXT() REPRESENTATION_CONTEXT('2D SPACE',''
  ) );
#2503 = PCURVE('',#624,#2504);
#2504 = DEFINITIONAL_REPRESENTATION('',(#2505),#2509);
#2505 = LINE('',#2506,#2507);
#2506 = CARTESIAN_POINT('',(0.,0.));
#2507 = VECTOR('',#2508,1.);
#2508 = DIRECTION('',(0.,-1.));
#2509 = ( GEOMETRIC_REPRESENTATION_CONTEXT(2) 
PARAMETRIC_REPRESENTATION_CONTEXT() REPRESENTATION_CONTEXT('2D SPACE',''
  ) );
#2510 = ORIENTED_EDGE('',*,*,#580,.F.);
#2511 = ADVANCED_FACE('',(#2512),#624,.T.);
#2512 = FACE_BOUND('',#2513,.T.);
#2513 = EDGE_LOOP('',(#2514,#2515,#2516,#2537));
#2514 = ORIENTED_EDGE('',*,*,#2490,.T.);
#2515 = ORIENTED_EDGE('',*,*,#1549,.T.);
#2516 = ORIENTED_EDGE('',*,*,#2517,.F.);
#2517 = EDGE_CURVE('',#609,#1550,#2518,.T.);
#2518 = SURFACE_CURVE('',#2519,(#2523,#2530),.PCURVE_S1.);
#2519 = LINE('',#2520,#2521);
#2520 = CARTESIAN_POINT('',(10.,11.,0.623046875));
#2521 = VECTOR('',#2522,1.);
#2522 = DIRECTION('',(-1.,0.,0.));
#2523 = PCURVE('',#624,#2524);
#2524 = DEFINITIONAL_REPRESENTATION('',(#2525),#2529);
#2525 = LINE('',#2526,#2527);
#2526 = CARTESIAN_POINT('',(2.506678731973,0.));
#2527 = VECTOR('',#2528,1.);
#2528 = DIRECTION('',(0.,-1.));
#2529 = ( GEOMETRIC_REPRESENTATION_CONTEXT(2) 
PARAMETRIC_REPRESENTATION_CONTEXT() REPRESENTATION_CONTEXT('2D SPACE',''
  ) );
#2530 = PCURVE('',#652,#2531);
#2531 = DEFINITIONAL_REPRESENTATION('',(#2532),#2536);
#2532 = LINE('',#2533,#2534);
#2533 = CARTESIAN_POINT('',(0.,0.));
#2534 = VECTOR('',#2535,1.);
#2535 = DIRECTION('',(0.,-1.));
#2536 = ( GEOMETRIC_REPRESENTATION_CONTEXT(2) 
PARAMETRIC_REPRESENTATION_CONTEXT() REPRESENTATION_CONTEXT('2D SPACE',''
  ) );
#2537 = ORIENTED_EDGE('',*,*,#608,.F.);
#2538 = ADVANCED_FACE('',(#2539),#652,.T.);
#2539 = FACE_BOUND('',#2540,.T.);
#2540 = EDGE_LOOP('',(#2541,#2542,#2543,#2564));
#2541 = ORIENTED_EDGE('',*,*,#2517,.T.);
#2542 = ORIENTED_EDGE('',*,*,#1572,.T.);
#2543 = ORIENTED_EDGE('',*,*,#2544,.F.);
#2544 = EDGE_CURVE('',#637,#1573,#2545,.T.);
#2545 = SURFACE_CURVE('',#2546,(#2550,#2557),.PCURVE_S1.);
#2546 = LINE('',#2547,#2548);
#2547 = CARTESIAN_POINT('',(10.,8.5,0.437255859375));
#2548 = VECTOR('',#2549,1.);
#2549 = DIRECTION('',(-1.,0.,0.));
#2550 = PCURVE('',#652,#2551);
#2551 = DEFINITIONAL_REPRESENTATION('',(#2552),#2556);
#2552 = LINE('',#2553,#2554);
#2553 = CARTESIAN_POINT('',(2.506894154424,0.));
#2554 = VECTOR('',#2555,1.);
#2555 = DIRECTION('',(0.,-1.));
#2556 = ( GEOMETRIC_REPRESENTATION_CONTEXT(2) 
PARAMETRIC_REPRESENTATION_CONTEXT() REPRESENTATION_CONTEXT('2D SPACE',''
  ) );
#2557 = PCURVE('',#680,#2558);
#2558 = DEFINITIONAL_REPRESENTATION('',(#2559),#2563);
#2559 = LINE('',#2560,#2561);
#2560 = CARTESIAN_POINT('',(0.,0.));
#2561 = VECTOR('',#2562,1.);
#2562 = DIRECTION('',(0.,-1.));
#2563 = ( GEOMETRIC_REPRESENTATION_CONTEXT(2) 
PARAMETRIC_REPRESENTATION_CONTEXT() REPRESENTATION_CONTEXT('2D SPACE',''
  ) );
#2564 = ORIENTED_EDGE('',*,*,#636,.F.);
#2565 = ADVANCED_FACE('',(#2566),#680,.T.);
#2566 = FACE_BOUND('',#2567,.T.);
#2567 = EDGE_LOOP('',(#2568,#2569,#2570,#2591));
#2568 = ORIENTED_EDGE('',*,*,#2544,.T.);
#2569 = ORIENTED_EDGE('',*,*,#1595,.T.);
#2570 = ORIENTED_EDGE('',*,*,#2571,.F.);
#2571 = EDGE_CURVE('',#665,#1596,#2572,.T.);
#2572 = SURFACE_CURVE('',#2573,(#2577,#2584),.PCURVE_S1.);
#2573 = LINE('',#2574,#2575);
#2574 = CARTESIAN_POINT('',(10.,6.,0.25));
#2575 = VECTOR('',#2576,1.);
#2576 = DIRECTION('',(-1.,0.,0.));
#2577 = PCURVE('',#680,#2578);
#2578 = DEFINITIONAL_REPRESENTATION('',(#2579),#2583);
#2579 = LINE('',#2580,#2581);
#2580 = CARTESIAN_POINT('',(2.507003142573,0.));
#2581 = VECTOR('',#2582,1.);
#2582 = DIRECTION('',(0.,-1.));
#2583 = ( GEOMETRIC_REPRESENTATION_CONTEXT(2) 
PARAMETRIC_REPRESENTATION_CONTEXT() REPRESENTATION_CONTEXT('2D SPACE',''
  ) );
#2584 = PCURVE('',#708,#2585);
#2585 = DEFINITIONAL_REPRESENTATION('',(#2586),#2590);
#2586 = LINE('',#2587,#2588);
#2587 = CARTESIAN_POINT('',(0.,0.));
#2588 = VECTOR('',#2589,1.);
#2589 = DIRECTION('',(0.,-1.));
#2590 = ( GEOMETRIC_REPRESENTATION_CONTEXT(2) 
PARAMETRIC_REPRESENTATION_CONTEXT() REPRESENTATION_CONTEXT('2D SPACE',''
  ) );
#2591 = ORIENTED_EDGE('',*,*,#664,.F.);
#2592 = ADVANCED_FACE('',(#2593),#708,.T.);
#2593 = FACE_BOUND('',#2594,.T.);
#2594 = EDGE_LOOP('',(#2595,#2596,#2597,#2618));
#2595 = ORIENTED_EDGE('',*,*,#2571,.T.);
#2596 = ORIENTED_EDGE('',*,*,#1618,.T.);
#2597 = ORIENTED_EDGE('',*,*,#2598,.F.);
#2598 = EDGE_CURVE('',#693,#1619,#2599,.T.);
#2599 = SURFACE_CURVE('',#2600,(#2604,#2611),.PCURVE_S1.);
#2600 = LINE('',#2601,#2602);
#2601 = CARTESIAN_POINT('',(10.,0.,0.25));
#2602 = VECTOR('',#2603,1.);
#2603 = DIRECTION('',(-1.,0.,0.));
#2604 = PCURVE('',#708,#2605);
#2605 = DEFINITIONAL_REPRESENTATION('',(#2606),#2610);
#2606 = LINE('',#2607,#2608);
#2607 = CARTESIAN_POINT('',(6.,0.));
#2608 = VECTOR('',#2609,1.);
#2609 = DIRECTION('',(0.,-1.));
#2610 = ( GEOMETRIC_REPRESENTATION_CONTEXT(2) 
PARAMETRIC_REPRESENTATION_CONTEXT() REPRESENTATION_CONTEXT('2D SPACE',''
  ) );
#2611 = PCURVE('',#736,#2612);
#2612 = DEFINITIONAL_REPRESENTATION('',(#2613),#2617);
#2613 = LINE('',#2614,#2615);
#2614 = CARTESIAN_POINT('',(0.,0.));
#2615 = VECTOR('',#2616,1.);
#2616 = DIRECTION('',(0.,-1.));
#2617 = ( GEOMETRIC_REPRESENTATION_CONTEXT(2) 
PARAMETRIC_REPRESENTATION_CONTEXT() REPRESENTATION_CONTEXT('2D SPACE',''
  ) );
#2618 = ORIENTED_EDGE('',*,*,#692,.F.);
#2619 = ADVANCED_FACE('',(#2620),#736,.T.);
#2620 = FACE_BOUND('',#2621,.T.);
#2621 = EDGE_LOOP('',(#2622,#2623,#2624,#2645));
#2622 = ORIENTED_EDGE('',*,*,#2598,.T.);
#2623 = ORIENTED_EDGE('',*,*,#1641,.T.);
#2624 = ORIENTED_EDGE('',*,*,#2625,.F.);
#2625 = EDGE_CURVE('',#721,#1642,#2626,.T.);
#2626 = SURFACE_CURVE('',#2627,(#2631,#2638),.PCURVE_S1.);
#2627 = LINE('',#2628,#2629);
#2628 = CARTESIAN_POINT('',(10.,0.,0.));
#2629 = VECTOR('',#2630,1.);
#2630 = DIRECTION('',(-1.,0.,0.));
#2631 = PCURVE('',#736,#2632);
#2632 = DEFINITIONAL_REPRESENTATION('',(#2633),#2637);
#2633 = LINE('',#2634,#2635);
#2634 = CARTESIAN_POINT('',(0.25,0.));
#2635 = VECTOR('',#2636,1.);
#2636 = DIRECTION('',(0.,-1.));
#2637 = ( GEOMETRIC_REPRESENTATION_CONTEXT(2) 
PARAMETRIC_REPRESENTATION_CONTEXT() REPRESENTATION_CONTEXT('2D SPACE',''
  ) );
#2638 = PCURVE('',#764,#2639);
#2639 = DEFINITIONAL_REPRESENTATION('',(#2640),#2644);
#2640 = LINE('',#2641,#2642);
#2641 = CARTESIAN_POINT('',(0.,-0.));
#2642 = VECTOR('',#2643,1.);
#2643 = DIRECTION('',(0.,-1.));
#2644 = ( GEOMETRIC_REPRESENTATION_CONTEXT(2) 
PARAMETRIC_REPRESENTATION_CONTEXT() REPRESENTATION_CONTEXT('2D SPACE',''
  ) );
#2645 = ORIENTED_EDGE('',*,*,#720,.F.);
#2646 = ADVANCED_FACE('',(#2647),#764,.T.);
#2647 = FACE_BOUND('',#2648,.T.);
#2648 = EDGE_LOOP('',(#2649,#2650,#2651,#2672));
#2649 = ORIENTED_EDGE('',*,*,#2625,.T.);
#2650 = ORIENTED_EDGE('',*,*,#1664,.T.);
#2651 = ORIENTED_EDGE('',*,*,#2652,.F.);
#2652 = EDGE_CURVE('',#749,#1665,#2653,.T.);
#2653 = SURFACE_CURVE('',#2654,(#2658,#2665),.PCURVE_S1.);
#2654 = LINE('',#2655,#2656);
#2655 = CARTESIAN_POINT('',(10.,6.,0.));
#2656 = VECTOR('',#2657,1.);
#2657 = DIRECTION('',(-1.,0.,0.));
#2658 = PCURVE('',#764,#2659);
#2659 = DEFINITIONAL_REPRESENTATION('',(#2660),#2664);
#2660 = LINE('',#2661,#2662);
#2661 = CARTESIAN_POINT('',(6.,0.));
#2662 = VECTOR('',#2663,1.);
#2663 = DIRECTION('',(0.,-1.));
#2664 = ( GEOMETRIC_REPRESENTATION_CONTEXT(2) 
PARAMETRIC_REPRESENTATION_CONTEXT() REPRESENTATION_CONTEXT('2D SPACE',''
  ) );
#2665 = PCURVE('',#792,#2666);
#2666 = DEFINITIONAL_REPRESENTATION('',(#2667),#2671);
#2667 = LINE('',#2668,#2669);
#2668 = CARTESIAN_POINT('',(0.,0.));
#2669 = VECTOR('',#2670,1.);
#2670 = DIRECTION('',(0.,-1.));
#2671 = ( GEOMETRIC_REPRESENTATION_CONTEXT(2) 
PARAMETRIC_REPRESENTATION_CONTEXT() REPRESENTATION_CONTEXT('2D SPACE',''
  ) );
#2672 = ORIENTED_EDGE('',*,*,#748,.F.);
#2673 = ADVANCED_FACE('',(#2674),#792,.T.);
#2674 = FACE_BOUND('',#2675,.T.);
#2675 = EDGE_LOOP('',(#2676,#2677,#2678,#2699));
#2676 = ORIENTED_EDGE('',*,*,#2652,.T.);
#2677 = ORIENTED_EDGE('',*,*,#1687,.T.);
#2678 = ORIENTED_EDGE('',*,*,#2679,.F.);
#2679 = EDGE_CURVE('',#777,#1688,#2680,.T.);
#2680 = SURFACE_CURVE('',#2681,(#2685,#2692),.PCURVE_S1.);
#2681 = LINE('',#2682,#2683);
#2682 = CARTESIAN_POINT('',(10.,8.5,0.187255859375));
#2683 = VECTOR('',#2684,1.);
#2684 = DIRECTION('',(-1.,0.,0.));
#2685 = PCURVE('',#792,#2686);
#2686 = DEFINITIONAL_REPRESENTATION('',(#2687),#2691);
#2687 = LINE('',#2688,#2689);
#2688 = CARTESIAN_POINT('',(2.507003142573,0.));
#2689 = VECTOR('',#2690,1.);
#2690 = DIRECTION('',(0.,-1.));
#2691 = ( GEOMETRIC_REPRESENTATION_CONTEXT(2) 
PARAMETRIC_REPRESENTATION_CONTEXT() REPRESENTATION_CONTEXT('2D SPACE',''
  ) );
#2692 = PCURVE('',#820,#2693);
#2693 = DEFINITIONAL_REPRESENTATION('',(#2694),#2698);
#2694 = LINE('',#2695,#2696);
#2695 = CARTESIAN_POINT('',(0.,0.));
#2696 = VECTOR('',#2697,1.);
#2697 = DIRECTION('',(0.,-1.));
#2698 = ( GEOMETRIC_REPRESENTATION_CONTEXT(2) 
PARAMETRIC_REPRESENTATION_CONTEXT() REPRESENTATION_CONTEXT('2D SPACE',''
  ) );
#2699 = ORIENTED_EDGE('',*,*,#776,.F.);
#2700 = ADVANCED_FACE('',(#2701),#820,.T.);
#2701 = FACE_BOUND('',#2702,.T.);
#2702 = EDGE_LOOP('',(#2703,#2704,#2705,#2726));
#2703 = ORIENTED_EDGE('',*,*,#2679,.T.);
#2704 = ORIENTED_EDGE('',*,*,#1710,.T.);
#2705 = ORIENTED_EDGE('',*,*,#2706,.F.);
#2706 = EDGE_CURVE('',#805,#1711,#2707,.T.);
#2707 = SURFACE_CURVE('',#2708,(#2712,#2719),.PCURVE_S1.);
#2708 = LINE('',#2709,#2710);
#2709 = CARTESIAN_POINT('',(10.,11.,0.373046875));
#2710 = VECTOR('',#2711,1.);
#2711 = DIRECTION('',(-1.,0.,0.));
#2712 = PCURVE('',#820,#2713);
#2713 = DEFINITIONAL_REPRESENTATION('',(#2714),#2718);
#2714 = LINE('',#2715,#2716);
#2715 = CARTESIAN_POINT('',(2.506894154424,0.));
#2716 = VECTOR('',#2717,1.);
#2717 = DIRECTION('',(0.,-1.));
#2718 = ( GEOMETRIC_REPRESENTATION_CONTEXT(2) 
PARAMETRIC_REPRESENTATION_CONTEXT() REPRESENTATION_CONTEXT('2D SPACE',''
  ) );
#2719 = PCURVE('',#848,#2720);
#2720 = DEFINITIONAL_REPRESENTATION('',(#2721),#2725);
#2721 = LINE('',#2722,#2723);
#2722 = CARTESIAN_POINT('',(0.,0.));
#2723 = VECTOR('',#2724,1.);
#2724 = DIRECTION('',(0.,-1.));
#2725 = ( GEOMETRIC_REPRESENTATION_CONTEXT(2) 
PARAMETRIC_REPRESENTATION_CONTEXT() REPRESENTATION_CONTEXT('2D SPACE',''
  ) );
#2726 = ORIENTED_EDGE('',*,*,#804,.F.);
#2727 = ADVANCED_FACE('',(#2728),#848,.T.);
#2728 = FACE_BOUND('',#2729,.T.);
#2729 = EDGE_LOOP('',(#2730,#2731,#2732,#2753));
#2730 = ORIENTED_EDGE('',*,*,#2706,.T.);
#2731 = ORIENTED_EDGE('',*,*,#1733,.T.);
#2732 = ORIENTED_EDGE('',*,*,#2733,.F.);
#2733 = EDGE_CURVE('',#833,#1734,#2734,.T.);
#2734 = SURFACE_CURVE('',#2735,(#2739,#2746),.PCURVE_S1.);
#2735 = LINE('',#2736,#2737);
#2736 = CARTESIAN_POINT('',(10.,13.5,0.555908203125));
#2737 = VECTOR('',#2738,1.);
#2738 = DIRECTION('',(-1.,0.,0.));
#2739 = PCURVE('',#848,#2740);
#2740 = DEFINITIONAL_REPRESENTATION('',(#2741),#2745);
#2741 = LINE('',#2742,#2743);
#2742 = CARTESIAN_POINT('',(2.506678731973,0.));
#2743 = VECTOR('',#2744,1.);
#2744 = DIRECTION('',(0.,-1.));
#2745 = ( GEOMETRIC_REPRESENTATION_CONTEXT(2) 
PARAMETRIC_REPRESENTATION_CONTEXT() REPRESENTATION_CONTEXT('2D SPACE',''
  ) );
#2746 = PCURVE('',#876,#2747);
#2747 = DEFINITIONAL_REPRESENTATION('',(#2748),#2752);
#2748 = LINE('',#2749,#2750);
#2749 = CARTESIAN_POINT('',(0.,0.));
#2750 = VECTOR('',#2751,1.);
#2751 = DIRECTION('',(0.,-1.));
#2752 = ( GEOMETRIC_REPRESENTATION_CONTEXT(2) 
PARAMETRIC_REPRESENTATION_CONTEXT() REPRESENTATION_CONTEXT('2D SPACE',''
  ) );
#2753 = ORIENTED_EDGE('',*,*,#832,.F.);
#2754 = ADVANCED_FACE('',(#2755),#876,.T.);
#2755 = FACE_BOUND('',#2756,.T.);
#2756 = EDGE_LOOP('',(#2757,#2758,#2759,#2780));
#2757 = ORIENTED_EDGE('',*,*,#2733,.T.);
#2758 = ORIENTED_EDGE('',*,*,#1756,.T.);
#2759 = ORIENTED_EDGE('',*,*,#2760,.F.);
#2760 = EDGE_CURVE('',#861,#1757,#2761,.T.);
#2761 = SURFACE_CURVE('',#2762,(#2766,#2773),.PCURVE_S1.);
#2762 = LINE('',#2763,#2764);
#2763 = CARTESIAN_POINT('',(10.,16.,0.734375));
#2764 = VECTOR('',#2765,1.);
#2765 = DIRECTION('',(-1.,0.,0.));
#2766 = PCURVE('',#876,#2767);
#2767 = DEFINITIONAL_REPRESENTATION('',(#2768),#2772);
#2768 = LINE('',#2769,#2770);
#2769 = CARTESIAN_POINT('',(2.506361984548,0.));
#2770 = VECTOR('',#2771,1.);
#2771 = DIRECTION('',(0.,-1.));
#2772 = ( GEOMETRIC_REPRESENTATION_CONTEXT(2) 
PARAMETRIC_REPRESENTATION_CONTEXT() REPRESENTATION_CONTEXT('2D SPACE',''
  ) );
#2773 = PCURVE('',#904,#2774);
#2774 = DEFINITIONAL_REPRESENTATION('',(#2775),#2779);
#2775 = LINE('',#2776,#2777);
#2776 = CARTESIAN_POINT('',(0.,0.));
#2777 = VECTOR('',#2778,1.);
#2778 = DIRECTION('',(0.,-1.));
#2779 = ( GEOMETRIC_REPRESENTATION_CONTEXT(2) 
PARAMETRIC_REPRESENTATION_CONTEXT() REPRESENTATION_CONTEXT('2D SPACE',''
  ) );
#2780 = ORIENTED_EDGE('',*,*,#860,.F.);
#2781 = ADVANCED_FACE('',(#2782),#904,.T.);
#2782 = FACE_BOUND('',#2783,.T.);
#2783 = EDGE_LOOP('',(#2784,#2785,#2786,#2807));
#2784 = ORIENTED_EDGE('',*,*,#2760,.T.);
#2785 = ORIENTED_EDGE('',*,*,#1779,.T.);
#2786 = ORIENTED_EDGE('',*,*,#2787,.F.);
#2787 = EDGE_CURVE('',#889,#1780,#2788,.T.);
#2788 = SURFACE_CURVE('',#2789,(#2793,#2800),.PCURVE_S1.);
#2789 = LINE('',#2790,#2791);
#2790 = CARTESIAN_POINT('',(10.,18.5,0.906982421875));
#2791 = VECTOR('',#2792,1.);
#2792 = DIRECTION('',(-1.,0.,0.));
#2793 = PCURVE('',#904,#2794);
#2794 = DEFINITIONAL_REPRESENTATION('',(#2795),#2799);
#2795 = LINE('',#2796,#2797);
#2796 = CARTESIAN_POINT('',(2.505951580156,0.));
#2797 = VECTOR('',#2798,1.);
#2798 = DIRECTION('',(0.,-1.));
#2799 = ( GEOMETRIC_REPRESENTATION_CONTEXT(2) 
PARAMETRIC_REPRESENTATION_CONTEXT() REPRESENTATION_CONTEXT('2D SPACE',''
  ) );
#2800 = PCURVE('',#932,#2801);
#2801 = DEFINITIONAL_REPRESENTATION('',(#2802),#2806);
#2802 = LINE('',#2803,#2804);
#2803 = CARTESIAN_POINT('',(0.,0.));
#2804 = VECTOR('',#2805,1.);
#2805 = DIRECTION('',(0.,-1.));
#2806 = ( GEOMETRIC_REPRESENTATION_CONTEXT(2) 
PARAMETRIC_REPRESENTATION_CONTEXT() REPRESENTATION_CONTEXT('2D SPACE',''
  ) );
#2807 = ORIENTED_EDGE('',*,*,#888,.F.);
#2808 = ADVANCED_FACE('',(#2809),#932,.T.);
#2809 = FACE_BOUND('',#2810,.T.);
#2810 = EDGE_LOOP('',(#2811,#2812,#2813,#2834));
#2811 = ORIENTED_EDGE('',*,*,#2787,.T.);
#2812 = ORIENTED_EDGE('',*,*,#1802,.T.);
#2813 = ORIENTED_EDGE('',*,*,#2814,.F.);
#2814 = EDGE_CURVE('',#917,#1803,#2815,.T.);
#2815 = SURFACE_CURVE('',#2816,(#2820,#2827),.PCURVE_S1.);
#2816 = LINE('',#2817,#2818);
#2817 = CARTESIAN_POINT('',(10.,21.,1.072265625));
#2818 = VECTOR('',#2819,1.);
#2819 = DIRECTION('',(-1.,0.,0.));
#2820 = PCURVE('',#932,#2821);
#2821 = DEFINITIONAL_REPRESENTATION('',(#2822),#2826);
#2822 = LINE('',#2823,#2824);
#2823 = CARTESIAN_POINT('',(2.50545775004,0.));
#2824 = VECTOR('',#2825,1.);
#2825 = DIRECTION('',(0.,-1.));
#2826 = ( GEOMETRIC_REPRESENTATION_CONTEXT(2) 
PARAMETRIC_REPRESENTATION_CONTEXT() REPRESENTATION_CONTEXT('2D SPACE',''
  ) );
#2827 = PCURVE('',#960,#2828);
#2828 = DEFINITIONAL_REPRESENTATION('',(#2829),#2833);
#2829 = LINE('',#2830,#2831);
#2830 = CARTESIAN_POINT('',(0.,0.));
#2831 = VECTOR('',#2832,1.);
#2832 = DIRECTION('',(0.,-1.));
#2833 = ( GEOMETRIC_REPRESENTATION_CONTEXT(2) 
PARAMETRIC_REPRESENTATION_CONTEXT() REPRESENTATION_CONTEXT('2D SPACE',''
  ) );
#2834 = ORIENTED_EDGE('',*,*,#916,.F.);
#2835 = ADVANCED_FACE('',(#2836),#960,.T.);
#2836 = FACE_BOUND('',#2837,.T.);
#2837 = EDGE_LOOP('',(#2838,#2839,#2840,#2861));
#2838 = ORIENTED_EDGE('',*,*,#2814,.T.);
#2839 = ORIENTED_EDGE('',*,*,#1825,.T.);
#2840 = ORIENTED_EDGE('',*,*,#2841,.F.);
#2841 = EDGE_CURVE('',#945,#1826,#2842,.T.);
#2842 = SURFACE_CURVE('',#2843,(#2847,#2854),.PCURVE_S1.);
#2843 = LINE('',#2844,#2845);
#2844 = CARTESIAN_POINT('',(10.,23.5,1.228759765625));
#2845 = VECTOR('',#2846,1.);
#2846 = DIRECTION('',(-1.,0.,0.));
#2847 = PCURVE('',#960,#2848);
#2848 = DEFINITIONAL_REPRESENTATION('',(#2849),#2853);
#2849 = LINE('',#2850,#2851);
#2850 = CARTESIAN_POINT('',(2.504893294344,0.));
#2851 = VECTOR('',#2852,1.);
#2852 = DIRECTION('',(0.,-1.));
#2853 = ( GEOMETRIC_REPRESENTATION_CONTEXT(2) 
PARAMETRIC_REPRESENTATION_CONTEXT() REPRESENTATION_CONTEXT('2D SPACE',''
  ) );
#2854 = PCURVE('',#988,#2855);
#2855 = DEFINITIONAL_REPRESENTATION('',(#2856),#2860);
#2856 = LINE('',#2857,#2858);
#2857 = CARTESIAN_POINT('',(0.,0.));
#2858 = VECTOR('',#2859,1.);
#2859 = DIRECTION('',(0.,-1.));
#2860 = ( GEOMETRIC_REPRESENTATION_CONTEXT(2) 
PARAMETRIC_REPRESENTATION_CONTEXT() REPRESENTATION_CONTEXT('2D SPACE',''
  ) );
#2861 = ORIENTED_EDGE('',*,*,#944,.F.);
#2862 = ADVANCED_FACE('',(#2863),#988,.T.);
#2863 = FACE_BOUND('',#2864,.T.);
#2864 = EDGE_LOOP('',(#2865,#2866,#2867,#2888));
#2865 = ORIENTED_EDGE('',*,*,#2841,.T.);
#2866 = ORIENTED_EDGE('',*,*,#1848,.T.);
#2867 = ORIENTED_EDGE('',*,*,#2868,.F.);
#2868 = EDGE_CURVE('',#973,#1849,#2869,.T.);
#2869 = SURFACE_CURVE('',#2870,(#2874,#2881),.PCURVE_S1.);
#2870 = LINE('',#2871,#2872);
#2871 = CARTESIAN_POINT('',(10.,26.,1.375));
#2872 = VECTOR('',#2873,1.);
#2873 = DIRECTION('',(-1.,0.,0.));
#2874 = PCURVE('',#988,#2875);
#2875 = DEFINITIONAL_REPRESENTATION('',(#2876),#2880);
#2876 = LINE('',#2877,#2878);
#2877 = CARTESIAN_POINT('',(2.504273588518,0.));
#2878 = VECTOR('',#2879,1.);
#2879 = DIRECTION('',(0.,-1.));
#2880 = ( GEOMETRIC_REPRESENTATION_CONTEXT(2) 
PARAMETRIC_REPRESENTATION_CONTEXT() REPRESENTATION_CONTEXT('2D SPACE',''
  ) );
#2881 = PCURVE('',#1016,#2882);
#2882 = DEFINITIONAL_REPRESENTATION('',(#2883),#2887);
#2883 = LINE('',#2884,#2885);
#2884 = CARTESIAN_POINT('',(0.,0.));
#2885 = VECTOR('',#2886,1.);
#2886 = DIRECTION('',(0.,-1.));
#2887 = ( GEOMETRIC_REPRESENTATION_CONTEXT(2) 
PARAMETRIC_REPRESENTATION_CONTEXT() REPRESENTATION_CONTEXT('2D SPACE',''
  ) );
#2888 = ORIENTED_EDGE('',*,*,#972,.F.);
#2889 = ADVANCED_FACE('',(#2890),#1016,.T.);
#2890 = FACE_BOUND('',#2891,.T.);
#2891 = EDGE_LOOP('',(#2892,#2893,#2894,#2915));
#2892 = ORIENTED_EDGE('',*,*,#2868,.T.);
#2893 = ORIENTED_EDGE('',*,*,#1871,.T.);
#2894 = ORIENTED_EDGE('',*,*,#2895,.F.);
#2895 = EDGE_CURVE('',#1001,#1872,#2896,.T.);
#2896 = SURFACE_CURVE('',#2897,(#2901,#2908),.PCURVE_S1.);
#2897 = LINE('',#2898,#2899);
#2898 = CARTESIAN_POINT('',(10.,28.5,1.509521484375));
#2899 = VECTOR('',#2900,1.);
#2900 = DIRECTION('',(-1.,0.,0.));
#2901 = PCURVE('',#1016,#2902);
#2902 = DEFINITIONAL_REPRESENTATION('',(#2903),#2907);
#2903 = LINE('',#2904,#2905);
#2904 = CARTESIAN_POINT('',(2.503616590007,0.));
#2905 = VECTOR('',#2906,1.);
#2906 = DIRECTION('',(0.,-1.));
#2907 = ( GEOMETRIC_REPRESENTATION_CONTEXT(2) 
PARAMETRIC_REPRESENTATION_CONTEXT() REPRESENTATION_CONTEXT('2D SPACE',''
  ) );
#2908 = PCURVE('',#1044,#2909);
#2909 = DEFINITIONAL_REPRESENTATION('',(#2910),#2914);
#2910 = LINE('',#2911,#2912);
#2911 = CARTESIAN_POINT('',(0.,0.));
#2912 = VECTOR('',#2913,1.);
#2913 = DIRECTION('',(0.,-1.));
#2914 = ( GEOMETRIC_REPRESENTATION_CONTEXT(2) 
PARAMETRIC_REPRESENTATION_CONTEXT() REPRESENTATION_CONTEXT('2D SPACE',''
  ) );
#2915 = ORIENTED_EDGE('',*,*,#1000,.F.);
#2916 = ADVANCED_FACE('',(#2917),#1044,.T.);
#2917 = FACE_BOUND('',#2918,.T.);
#2918 = EDGE_LOOP('',(#2919,#2920,#2921,#2942));
#2919 = ORIENTED_EDGE('',*,*,#2895,.T.);
#2920 = ORIENTED_EDGE('',*,*,#1894,.T.);
#2921 = ORIENTED_EDGE('',*,*,#2922,.F.);
#2922 = EDGE_CURVE('',#1029,#1895,#2923,.T.);
#2923 = SURFACE_CURVE('',#2924,(#2928,#2935),.PCURVE_S1.);
#2924 = LINE('',#2925,#2926);
#2925 = CARTESIAN_POINT('',(10.,31.,1.630859375));
#2926 = VECTOR('',#2927,1.);
#2927 = DIRECTION('',(-1.,0.,0.));
#2928 = PCURVE('',#1044,#2929);
#2929 = DEFINITIONAL_REPRESENTATION('',(#2930),#2934);
#2930 = LINE('',#2931,#2932);
#2931 = CARTESIAN_POINT('',(2.502942844673,0.));
#2932 = VECTOR('',#2933,1.);
#2933 = DIRECTION('',(0.,-1.));
#2934 = ( GEOMETRIC_REPRESENTATION_CONTEXT(2) 
PARAMETRIC_REPRESENTATION_CONTEXT() REPRESENTATION_CONTEXT('2D SPACE',''
  ) );
#2935 = PCURVE('',#1072,#2936);
#2936 = DEFINITIONAL_REPRESENTATION('',(#2937),#2941);
#2937 = LINE('',#2938,#2939);
#2938 = CARTESIAN_POINT('',(0.,0.));
#2939 = VECTOR('',#2940,1.);
#2940 = DIRECTION('',(0.,-1.));
#2941 = ( GEOMETRIC_REPRESENTATION_CONTEXT(2) 
PARAMETRIC_REPRESENTATION_CONTEXT() REPRESENTATION_CONTEXT('2D SPACE',''
  ) );
#2942 = ORIENTED_EDGE('',*,*,#1028,.F.);
#2943 = ADVANCED_FACE('',(#2944),#1072,.T.);
#2944 = FACE_BOUND('',#2945,.T.);
#2945 = EDGE_LOOP('',(#2946,#2947,#2948,#2969));
#2946 = ORIENTED_EDGE('',*,*,#2922,.T.);
#2947 = ORIENTED_EDGE('',*,*,#1917,.T.);
#2948 = ORIENTED_EDGE('',*,*,#2949,.F.);
#2949 = EDGE_CURVE('',#1057,#1918,#2950,.T.);
#2950 = SURFACE_CURVE('',#2951,(#2955,#2962),.PCURVE_S1.);
#2951 = LINE('',#2952,#2953);
#2952 = CARTESIAN_POINT('',(10.,33.5,1.737548828125));
#2953 = VECTOR('',#2954,1.);
#2954 = DIRECTION('',(-1.,0.,0.));
#2955 = PCURVE('',#1072,#2956);
#2956 = DEFINITIONAL_REPRESENTATION('',(#2957),#2961);
#2957 = LINE('',#2958,#2959);
#2958 = CARTESIAN_POINT('',(2.502275492309,0.));
#2959 = VECTOR('',#2960,1.);
#2960 = DIRECTION('',(0.,-1.));
#2961 = ( GEOMETRIC_REPRESENTATION_CONTEXT(2) 
PARAMETRIC_REPRESENTATION_CONTEXT() REPRESENTATION_CONTEXT('2D SPACE',''
  ) );
#2962 = PCURVE('',#1100,#2963);
#2963 = DEFINITIONAL_REPRESENTATION('',(#2964),#2968);
#2964 = LINE('',#2965,#2966);
#2965 = CARTESIAN_POINT('',(0.,0.));
#2966 = VECTOR('',#2967,1.);
#2967 = DIRECTION('',(0.,-1.));
#2968 = ( GEOMETRIC_REPRESENTATION_CONTEXT(2) 
PARAMETRIC_REPRESENTATION_CONTEXT() REPRESENTATION_CONTEXT('2D SPACE',''
  ) );
#2969 = ORIENTED_EDGE('',*,*,#1056,.F.);
#2970 = ADVANCED_FACE('',(#2971),#1100,.T.);
#2971 = FACE_BOUND('',#2972,.T.);
#2972 = EDGE_LOOP('',(#2973,#2974,#2975,#2996));
#2973 = ORIENTED_EDGE('',*,*,#2949,.T.);
#2974 = ORIENTED_EDGE('',*,*,#1940,.T.);
#2975 = ORIENTED_EDGE('',*,*,#2976,.F.);
#2976 = EDGE_CURVE('',#1085,#1941,#2977,.T.);
#2977 = SURFACE_CURVE('',#2978,(#2982,#2989),.PCURVE_S1.);
#2978 = LINE('',#2979,#2980);
#2979 = CARTESIAN_POINT('',(10.,36.,1.828125));
#2980 = VECTOR('',#2981,1.);
#2981 = DIRECTION('',(-1.,0.,0.));
#2982 = PCURVE('',#1100,#2983);
#2983 = DEFINITIONAL_REPRESENTATION('',(#2984),#2988);
#2984 = LINE('',#2985,#2986);
#2985 = CARTESIAN_POINT('',(2.501640270485,0.));
#2986 = VECTOR('',#2987,1.);
#2987 = DIRECTION('',(0.,-1.));
#2988 = ( GEOMETRIC_REPRESENTATION_CONTEXT(2) 
PARAMETRIC_REPRESENTATION_CONTEXT() REPRESENTATION_CONTEXT('2D SPACE',''
  ) );
#2989 = PCURVE('',#1128,#2990);
#2990 = DEFINITIONAL_REPRESENTATION('',(#2991),#2995);
#2991 = LINE('',#2992,#2993);
#2992 = CARTESIAN_POINT('',(0.,0.));
#2993 = VECTOR('',#2994,1.);
#2994 = DIRECTION('',(0.,-1.));
#2995 = ( GEOMETRIC_REPRESENTATION_CONTEXT(2) 
PARAMETRIC_REPRESENTATION_CONTEXT() REPRESENTATION_CONTEXT('2D SPACE',''
  ) );
#2996 = ORIENTED_EDGE('',*,*,#1084,.F.);
#2997 = ADVANCED_FACE('',(#2998),#1128,.T.);
#2998 = FACE_BOUND('',#2999,.T.);
#2999 = EDGE_LOOP('',(#3000,#3001,#3002,#3023));
#3000 = ORIENTED_EDGE('',*,*,#2976,.T.);
#3001 = ORIENTED_EDGE('',*,*,#1963,.T.);
#3002 = ORIENTED_EDGE('',*,*,#3003,.F.);
#3003 = EDGE_CURVE('',#1113,#1964,#3004,.T.);
#3004 = SURFACE_CURVE('',#3005,(#3009,#3016),.PCURVE_S1.);
#3005 = LINE('',#3006,#3007);
#3006 = CARTESIAN_POINT('',(10.,38.5,1.901123046875));
#3007 = VECTOR('',#3008,1.);
#3008 = DIRECTION('',(-1.,0.,0.));
#3009 = PCURVE('',#1128,#3010);
#3010 = DEFINITIONAL_REPRESENTATION('',(#3011),#3015);
#3011 = LINE('',#3012,#3013);
#3012 = CARTESIAN_POINT('',(2.501065515905,0.));
#3013 = VECTOR('',#3014,1.);
#3014 = DIRECTION('',(0.,-1.));
#3015 = ( GEOMETRIC_REPRESENTATION_CONTEXT(2) 
PARAMETRIC_REPRESENTATION_CONTEXT() REPRESENTATION_CONTEXT('2D SPACE',''
  ) );
#3016 = PCURVE('',#1156,#3017);
#3017 = DEFINITIONAL_REPRESENTATION('',(#3018),#3022);
#3018 = LINE('',#3019,#3020);
#3019 = CARTESIAN_POINT('',(0.,0.));
#3020 = VECTOR('',#3021,1.);
#3021 = DIRECTION('',(0.,-1.));
#3022 = ( GEOMETRIC_REPRESENTATION_CONTEXT(2) 
PARAMETRIC_REPRESENTATION_CONTEXT() REPRESENTATION_CONTEXT('2D SPACE',''
  ) );
#3023 = ORIENTED_EDGE('',*,*,#1112,.F.);
#3024 = ADVANCED_FACE('',(#3025),#1156,.T.);
#3025 = FACE_BOUND('',#3026,.T.);
#3026 = EDGE_LOOP('',(#3027,#3028,#3029,#3050));
#3027 = ORIENTED_EDGE('',*,*,#3003,.T.);
#3028 = ORIENTED_EDGE('',*,*,#1986,.T.);
#3029 = ORIENTED_EDGE('',*,*,#3030,.F.);
#3030 = EDGE_CURVE('',#1141,#1987,#3031,.T.);
#3031 = SURFACE_CURVE('',#3032,(#3036,#3043),.PCURVE_S1.);
#3032 = LINE('',#3033,#3034);
#3033 = CARTESIAN_POINT('',(10.,41.,1.955078125));
#3034 = VECTOR('',#3035,1.);
#3035 = DIRECTION('',(-1.,0.,0.));
#3036 = PCURVE('',#1156,#3037);
#3037 = DEFINITIONAL_REPRESENTATION('',(#3038),#3042);
#3038 = LINE('',#3039,#3040);
#3039 = CARTESIAN_POINT('',(2.500582162309,0.));
#3040 = VECTOR('',#3041,1.);
#3041 = DIRECTION('',(0.,-1.));
#3042 = ( GEOMETRIC_REPRESENTATION_CONTEXT(2) 
PARAMETRIC_REPRESENTATION_CONTEXT() REPRESENTATION_CONTEXT('2D SPACE',''
  ) );
#3043 = PCURVE('',#1184,#3044);
#3044 = DEFINITIONAL_REPRESENTATION('',(#3045),#3049);
#3045 = LINE('',#3046,#3047);
#3046 = CARTESIAN_POINT('',(0.,0.));
#3047 = VECTOR('',#3048,1.);
#3048 = DIRECTION('',(0.,-1.));
#3049 = ( GEOMETRIC_REPRESENTATION_CONTEXT(2) 
PARAMETRIC_REPRESENTATION_CONTEXT() REPRESENTATION_CONTEXT('2D SPACE',''
  ) );
#3050 = ORIENTED_EDGE('',*,*,#1140,.F.);
#3051 = ADVANCED_FACE('',(#3052),#1184,.T.);
#3052 = FACE_BOUND('',#3053,.T.);
#3053 = EDGE_LOOP('',(#3054,#3055,#3056,#3077));
#3054 = ORIENTED_EDGE('',*,*,#3030,.T.);
#3055 = ORIENTED_EDGE('',*,*,#2009,.T.);
#3056 = ORIENTED_EDGE('',*,*,#3057,.F.);
#3057 = EDGE_CURVE('',#1169,#2010,#3058,.T.);
#3058 = SURFACE_CURVE('',#3059,(#3063,#3070),.PCURVE_S1.);
#3059 = LINE('',#3060,#3061);
#3060 = CARTESIAN_POINT('',(10.,43.5,1.988525390625));
#3061 = VECTOR('',#3062,1.);
#3062 = DIRECTION('',(-1.,0.,0.));
#3063 = PCURVE('',#1184,#3064);
#3064 = DEFINITIONAL_REPRESENTATION('',(#3065),#3069);
#3065 = LINE('',#3066,#3067);
#3066 = CARTESIAN_POINT('',(2.500223733904,0.));
#3067 = VECTOR('',#3068,1.);
#3068 = DIRECTION('',(0.,-1.));
#3069 = ( GEOMETRIC_REPRESENTATION_CONTEXT(2) 
PARAMETRIC_REPRESENTATION_CONTEXT() REPRESENTATION_CONTEXT('2D SPACE',''
  ) );
#3070 = PCURVE('',#1212,#3071);
#3071 = DEFINITIONAL_REPRESENTATION('',(#3072),#3076);
#3072 = LINE('',#3073,#3074);
#3073 = CARTESIAN_POINT('',(0.,0.));
#3074 = VECTOR('',#3075,1.);
#3075 = DIRECTION('',(0.,-1.));
#3076 = ( GEOMETRIC_REPRESENTATION_CONTEXT(2) 
PARAMETRIC_REPRESENTATION_CONTEXT() REPRESENTATION_CONTEXT('2D SPACE',''
  ) );
#3077 = ORIENTED_EDGE('',*,*,#1168,.F.);
#3078 = ADVANCED_FACE('',(#3079),#1212,.T.);
#3079 = FACE_BOUND('',#3080,.T.);
#3080 = EDGE_LOOP('',(#3081,#3082,#3083,#3084));
#3081 = ORIENTED_EDGE('',*,*,#3057,.T.);
#3082 = ORIENTED_EDGE('',*,*,#2032,.T.);
#3083 = ORIENTED_EDGE('',*,*,#2161,.F.);
#3084 = ORIENTED_EDGE('',*,*,#1196,.F.);
#3085 = ( GEOMETRIC_REPRESENTATION_CONTEXT(3) 
GLOBAL_UNCERTAINTY_ASSIGNED_CONTEXT((#3089)) 
GLOBAL_UNIT_ASSIGNED_CONTEXT((#3086,#3087,#3088)) REPRESENTATION_CONTEXT
('Context #1','3D Context with UNIT and UNCERTAINTY') );
#3086 = ( LENGTH_UNIT() NAMED_UNIT(*) SI_UNIT(.MILLI.,.METRE.) );
#3087 = ( NAMED_UNIT(*) PLANE_ANGLE_UNIT() SI_UNIT($,.RADIAN.) );
#3088 = ( NAMED_UNIT(*) SI_UNIT($,.STERADIAN.) SOLID_ANGLE_UNIT() );
#3089 = UNCERTAINTY_MEASURE_WITH_UNIT(LENGTH_MEASURE(1.E-07),#3086,
  'distance_accuracy_value','confusion accuracy');
#3090 = PRODUCT_RELATED_PRODUCT_CATEGORY('part',$,(#7));
ENDSEC;
END-ISO-10303-21;
