ISO-10303-21;
HEADER;
FILE_DESCRIPTION(('Open CASCADE Model'),'2;1');
FILE_NAME('Open CASCADE Shape Model','2026-09-26T20:47:26',('Author'),(
    'Open CASCADE'),'Open CASCADE STEP processor 7.8','Open CASCADE 7.8'
  ,'Unknown');
FILE_SCHEMA(('AUTOMOTIVE_DESIGN { 1 0 10303 214 1 1 1 1 }'));
ENDSEC;
DATA;
#1 = APPLICATION_PROTOCOL_DEFINITION('international standard',
  'automotive_design',2000,#2);
#2 = APPLICATION_CONTEXT(
  'core data for automotive mechanical design processes');
#3 = SHAPE_DEFINITION_REPRESENTATION(#4,#10);
#4 = PRODUCT_DEFINITION_SHAPE('','',#5);
#5 = PRODUCT_DEFINITION('design','',#6,#9);
#6 = PRODUCT_DEFINITION_FORMATION('','',#7);
#7 = PRODUCT('Open CASCADE STEP translator 7.8 398',
  'Open CASCADE STEP translator 7.8 398','',(#8));
#8 = PRODUCT_CONTEXT('',#2,'mechanical');
#9 = PRODUCT_DEFINITION_CONTEXT('part definition',#2,'design');
#10 = ADVANCED_BREP_SHAPE_REPRESENTATION('',(#11,#15),#5717);
#11 = AXIS2_PLACEMENT_3D('',#12,#13,#14);
#12 = CARTESIAN_POINT('',(0.,0.,0.));
#13 = DIRECTION('',(0.,0.,1.));
#14 = DIRECTION('',(1.,0.,-0.));
#15 = MANIFOLD_SOLID_BREP('',#16);
#16 = CLOSED_SHELL('',(#17,#2075,#2151,#2200,#2249,#2276,#2347,#2396,
    #2445,#2472,#2543,#2592,#2641,#2668,#2739,#2788,#2837,#2864,#2935,
    #2984,#3033,#3060,#3131,#3180,#3229,#3256,#3327,#3376,#3425,#3452,
    #3523,#3572,#3621,#3648,#3719,#3768,#3817,#3844,#3915,#3964,#4013,
    #4040,#4111,#4160,#4209,#4236,#4307,#4356,#4405,#4432,#4503,#4552,
    #4601,#4628,#4699,#4748,#4797,#4824,#4895,#4944,#4993,#5020,#5091,
    #5140,#5189,#5216,#5287,#5336,#5385,#5412,#5483,#5532,#5581,#5608));
#17 = ADVANCED_FACE('',(#18,#137,#251,#365,#479,#593,#707,#821,#935,
    #1049,#1163,#1277,#1391,#1505,#1619,#1733,#1847,#1961),#32,.F.);
#18 = FACE_BOUND('',#19,.F.);
#19 = EDGE_LOOP('',(#20,#55,#83,#111));
#20 = ORIENTED_EDGE('',*,*,#21,.F.);
#21 = EDGE_CURVE('',#22,#24,#26,.T.);
#22 = VERTEX_POINT('',#23);
#23 = CARTESIAN_POINT('',(0.,0.,0.));
#24 = VERTEX_POINT('',#25);
#25 = CARTESIAN_POINT('',(0.,0.,190.));
#26 = SURFACE_CURVE('',#27,(#31,#43),.PCURVE_S1.);
#27 = LINE('',#28,#29);
#28 = CARTESIAN_POINT('',(0.,0.,0.));
#29 = VECTOR('',#30,1.);
#30 = DIRECTION('',(0.,0.,1.));
#31 = PCURVE('',#32,#37);
#32 = PLANE('',#33);
#33 = AXIS2_PLACEMENT_3D('',#34,#35,#36);
#34 = CARTESIAN_POINT('',(0.,0.,0.));
#35 = DIRECTION('',(1.,0.,0.));
#36 = DIRECTION('',(0.,0.,1.));
#37 = DEFINITIONAL_REPRESENTATION('',(#38),#42);
#38 = LINE('',#39,#40);
#39 = CARTESIAN_POINT('',(0.,0.));
#40 = VECTOR('',#41,1.);
#41 = DIRECTION('',(1.,0.));
#42 = ( GEOMETRIC_REPRESENTATION_CONTEXT(2) 
PARAMETRIC_REPRESENTATION_CONTEXT() REPRESENTATION_CONTEXT('2D SPACE',''
  ) );
#43 = PCURVE('',#44,#49);
#44 = PLANE('',#45);
#45 = AXIS2_PLACEMENT_3D('',#46,#47,#48);
#46 = CARTESIAN_POINT('',(0.,0.,0.));
#47 = DIRECTION('',(0.,1.,0.));
#48 = DIRECTION('',(0.,0.,1.));
#49 = DEFINITIONAL_REPRESENTATION('',(#50),#54);
#50 = LINE('',#51,#52);
#51 = CARTESIAN_POINT('',(0.,0.));
#52 = VECTOR('',#53,1.);
#53 = DIRECTION('',(1.,0.));
#54 = ( GEOMETRIC_REPRESENTATION_CONTEXT(2) 
PARAMETRIC_REPRESENTATION_CONTEXT() REPRESENTATION_CONTEXT('2D SPACE',''
  ) );
#55 = ORIENTED_EDGE('',*,*,#56,.T.);
#56 = EDGE_CURVE('',#22,#57,#59,.T.);
#57 = VERTEX_POINT('',#58);
#58 = CARTESIAN_POINT('',(0.,20.,0.));
#59 = SURFACE_CURVE('',#60,(#64,#71),.PCURVE_S1.);
#60 = LINE('',#61,#62);
#61 = CARTESIAN_POINT('',(0.,0.,0.));
#62 = VECTOR('',#63,1.);
#63 = DIRECTION('',(0.,1.,0.));
#64 = PCURVE('',#32,#65);
#65 = DEFINITIONAL_REPRESENTATION('',(#66),#70);
#66 = LINE('',#67,#68);
#67 = CARTESIAN_POINT('',(0.,0.));
#68 = VECTOR('',#69,1.);
#69 = DIRECTION('',(0.,-1.));
#70 = ( GEOMETRIC_REPRESENTATION_CONTEXT(2) 
PARAMETRIC_REPRESENTATION_CONTEXT() REPRESENTATION_CONTEXT('2D SPACE',''
  ) );
#71 = PCURVE('',#72,#77);
#72 = PLANE('',#73);
#73 = AXIS2_PLACEMENT_3D('',#74,#75,#76);
#74 = CARTESIAN_POINT('',(0.,0.,0.));
#75 = DIRECTION('',(0.,0.,1.));
#76 = DIRECTION('',(1.,0.,0.));
#77 = DEFINITIONAL_REPRESENTATION('',(#78),#82);
#78 = LINE('',#79,#80);
#79 = CARTESIAN_POINT('',(0.,0.));
#80 = VECTOR('',#81,1.);
#81 = DIRECTION('',(0.,1.));
#82 = ( GEOMETRIC_REPRESENTATION_CONTEXT(2) 
PARAMETRIC_REPRESENTATION_CONTEXT() REPRESENTATION_CONTEXT('2D SPACE',''
  ) );
#83 = ORIENTED_EDGE('',*,*,#84,.T.);
#84 = EDGE_CURVE('',#57,#85,#87,.T.);
#85 = VERTEX_POINT('',#86);
#86 = CARTESIAN_POINT('',(0.,20.,190.));
#87 = SURFACE_CURVE('',#88,(#92,#99),.PCURVE_S1.);
#88 = LINE('',#89,#90);
#89 = CARTESIAN_POINT('',(0.,20.,0.));
#90 = VECTOR('',#91,1.);
#91 = DIRECTION('',(0.,0.,1.));
#92 = PCURVE('',#32,#93);
#93 = DEFINITIONAL_REPRESENTATION('',(#94),#98);
#94 = LINE('',#95,#96);
#95 = CARTESIAN_POINT('',(0.,-20.));
#96 = VECTOR('',#97,1.);
#97 = DIRECTION('',(1.,0.));
#98 = ( GEOMETRIC_REPRESENTATION_CONTEXT(2) 
PARAMETRIC_REPRESENTATION_CONTEXT() REPRESENTATION_CONTEXT('2D SPACE',''
  ) );
#99 = PCURVE('',#100,#105);
#100 = PLANE('',#101);
#101 = AXIS2_PLACEMENT_3D('',#102,#103,#104);
#102 = CARTESIAN_POINT('',(0.,20.,0.));
#103 = DIRECTION('',(0.,1.,0.));
#104 = DIRECTION('',(0.,0.,1.));
#105 = DEFINITIONAL_REPRESENTATION('',(#106),#110);
#106 = LINE('',#107,#108);
#107 = CARTESIAN_POINT('',(0.,0.));
#108 = VECTOR('',#109,1.);
#109 = DIRECTION('',(1.,0.));
#110 = ( GEOMETRIC_REPRESENTATION_CONTEXT(2) 
PARAMETRIC_REPRESENTATION_CONTEXT() REPRESENTATION_CONTEXT('2D SPACE',''
  ) );
#111 = ORIENTED_EDGE('',*,*,#112,.F.);
#112 = EDGE_CURVE('',#24,#85,#113,.T.);
#113 = SURFACE_CURVE('',#114,(#118,#125),.PCURVE_S1.);
#114 = LINE('',#115,#116);
#115 = CARTESIAN_POINT('',(0.,0.,190.));
#116 = VECTOR('',#117,1.);
#117 = DIRECTION('',(0.,1.,0.));
#118 = PCURVE('',#32,#119);
#119 = DEFINITIONAL_REPRESENTATION('',(#120),#124);
#120 = LINE('',#121,#122);
#121 = CARTESIAN_POINT('',(190.,0.));
#122 = VECTOR('',#123,1.);
#123 = DIRECTION('',(0.,-1.));
#124 = ( GEOMETRIC_REPRESENTATION_CONTEXT(2) 
PARAMETRIC_REPRESENTATION_CONTEXT() REPRESENTATION_CONTEXT('2D SPACE',''
  ) );
#125 = PCURVE('',#126,#131);
#126 = PLANE('',#127);
#127 = AXIS2_PLACEMENT_3D('',#128,#129,#130);
#128 = CARTESIAN_POINT('',(0.,0.,190.));
#129 = DIRECTION('',(0.,0.,1.));
#130 = DIRECTION('',(1.,0.,0.));
#131 = DEFINITIONAL_REPRESENTATION('',(#132),#136);
#132 = LINE('',#133,#134);
#133 = CARTESIAN_POINT('',(0.,0.));
#134 = VECTOR('',#135,1.);
#135 = DIRECTION('',(0.,1.));
#136 = ( GEOMETRIC_REPRESENTATION_CONTEXT(2) 
PARAMETRIC_REPRESENTATION_CONTEXT() REPRESENTATION_CONTEXT('2D SPACE',''
  ) );
#137 = FACE_BOUND('',#138,.F.);
#138 = EDGE_LOOP('',(#139,#169,#197,#225));
#139 = ORIENTED_EDGE('',*,*,#140,.T.);
#140 = EDGE_CURVE('',#141,#143,#145,.T.);
#141 = VERTEX_POINT('',#142);
#142 = CARTESIAN_POINT('',(0.,14.,12.5));
#143 = VERTEX_POINT('',#144);
#144 = CARTESIAN_POINT('',(0.,6.,12.5));
#145 = SURFACE_CURVE('',#146,(#150,#157),.PCURVE_S1.);
#146 = LINE('',#147,#148);
#147 = CARTESIAN_POINT('',(0.,3.,12.5));
#148 = VECTOR('',#149,1.);
#149 = DIRECTION('',(0.,-1.,0.));
#150 = PCURVE('',#32,#151);
#151 = DEFINITIONAL_REPRESENTATION('',(#152),#156);
#152 = LINE('',#153,#154);
#153 = CARTESIAN_POINT('',(12.5,-3.));
#154 = VECTOR('',#155,1.);
#155 = DIRECTION('',(0.,1.));
#156 = ( GEOMETRIC_REPRESENTATION_CONTEXT(2) 
PARAMETRIC_REPRESENTATION_CONTEXT() REPRESENTATION_CONTEXT('2D SPACE',''
  ) );
#157 = PCURVE('',#158,#163);
#158 = PLANE('',#159);
#159 = AXIS2_PLACEMENT_3D('',#160,#161,#162);
#160 = CARTESIAN_POINT('',(-1.,6.,12.5));
#161 = DIRECTION('',(0.,0.,1.));
#162 = DIRECTION('',(1.,0.,0.));
#163 = DEFINITIONAL_REPRESENTATION('',(#164),#168);
#164 = LINE('',#165,#166);
#165 = CARTESIAN_POINT('',(1.,-3.));
#166 = VECTOR('',#167,1.);
#167 = DIRECTION('',(0.,-1.));
#168 = ( GEOMETRIC_REPRESENTATION_CONTEXT(2) 
PARAMETRIC_REPRESENTATION_CONTEXT() REPRESENTATION_CONTEXT('2D SPACE',''
  ) );
#169 = ORIENTED_EDGE('',*,*,#170,.T.);
#170 = EDGE_CURVE('',#143,#171,#173,.T.);
#171 = VERTEX_POINT('',#172);
#172 = CARTESIAN_POINT('',(0.,6.,19.5));
#173 = SURFACE_CURVE('',#174,(#178,#185),.PCURVE_S1.);
#174 = LINE('',#175,#176);
#175 = CARTESIAN_POINT('',(0.,6.,6.25));
#176 = VECTOR('',#177,1.);
#177 = DIRECTION('',(0.,0.,1.));
#178 = PCURVE('',#32,#179);
#179 = DEFINITIONAL_REPRESENTATION('',(#180),#184);
#180 = LINE('',#181,#182);
#181 = CARTESIAN_POINT('',(6.25,-6.));
#182 = VECTOR('',#183,1.);
#183 = DIRECTION('',(1.,0.));
#184 = ( GEOMETRIC_REPRESENTATION_CONTEXT(2) 
PARAMETRIC_REPRESENTATION_CONTEXT() REPRESENTATION_CONTEXT('2D SPACE',''
  ) );
#185 = PCURVE('',#186,#191);
#186 = PLANE('',#187);
#187 = AXIS2_PLACEMENT_3D('',#188,#189,#190);
#188 = CARTESIAN_POINT('',(-1.,6.,12.5));
#189 = DIRECTION('',(0.,1.,0.));
#190 = DIRECTION('',(0.,0.,1.));
#191 = DEFINITIONAL_REPRESENTATION('',(#192),#196);
#192 = LINE('',#193,#194);
#193 = CARTESIAN_POINT('',(-6.25,1.));
#194 = VECTOR('',#195,1.);
#195 = DIRECTION('',(1.,0.));
#196 = ( GEOMETRIC_REPRESENTATION_CONTEXT(2) 
PARAMETRIC_REPRESENTATION_CONTEXT() REPRESENTATION_CONTEXT('2D SPACE',''
  ) );
#197 = ORIENTED_EDGE('',*,*,#198,.F.);
#198 = EDGE_CURVE('',#199,#171,#201,.T.);
#199 = VERTEX_POINT('',#200);
#200 = CARTESIAN_POINT('',(0.,14.,19.5));
#201 = SURFACE_CURVE('',#202,(#206,#213),.PCURVE_S1.);
#202 = LINE('',#203,#204);
#203 = CARTESIAN_POINT('',(0.,3.,19.5));
#204 = VECTOR('',#205,1.);
#205 = DIRECTION('',(0.,-1.,0.));
#206 = PCURVE('',#32,#207);
#207 = DEFINITIONAL_REPRESENTATION('',(#208),#212);
#208 = LINE('',#209,#210);
#209 = CARTESIAN_POINT('',(19.5,-3.));
#210 = VECTOR('',#211,1.);
#211 = DIRECTION('',(0.,1.));
#212 = ( GEOMETRIC_REPRESENTATION_CONTEXT(2) 
PARAMETRIC_REPRESENTATION_CONTEXT() REPRESENTATION_CONTEXT('2D SPACE',''
  ) );
#213 = PCURVE('',#214,#219);
#214 = PLANE('',#215);
#215 = AXIS2_PLACEMENT_3D('',#216,#217,#218);
#216 = CARTESIAN_POINT('',(-1.,6.,19.5));
#217 = DIRECTION('',(0.,0.,1.));
#218 = DIRECTION('',(1.,0.,0.));
#219 = DEFINITIONAL_REPRESENTATION('',(#220),#224);
#220 = LINE('',#221,#222);
#221 = CARTESIAN_POINT('',(1.,-3.));
#222 = VECTOR('',#223,1.);
#223 = DIRECTION('',(0.,-1.));
#224 = ( GEOMETRIC_REPRESENTATION_CONTEXT(2) 
PARAMETRIC_REPRESENTATION_CONTEXT() REPRESENTATION_CONTEXT('2D SPACE',''
  ) );
#225 = ORIENTED_EDGE('',*,*,#226,.F.);
#226 = EDGE_CURVE('',#141,#199,#227,.T.);
#227 = SURFACE_CURVE('',#228,(#232,#239),.PCURVE_S1.);
#228 = LINE('',#229,#230);
#229 = CARTESIAN_POINT('',(0.,14.,6.25));
#230 = VECTOR('',#231,1.);
#231 = DIRECTION('',(0.,0.,1.));
#232 = PCURVE('',#32,#233);
#233 = DEFINITIONAL_REPRESENTATION('',(#234),#238);
#234 = LINE('',#235,#236);
#235 = CARTESIAN_POINT('',(6.25,-14.));
#236 = VECTOR('',#237,1.);
#237 = DIRECTION('',(1.,0.));
#238 = ( GEOMETRIC_REPRESENTATION_CONTEXT(2) 
PARAMETRIC_REPRESENTATION_CONTEXT() REPRESENTATION_CONTEXT('2D SPACE',''
  ) );
#239 = PCURVE('',#240,#245);
#240 = PLANE('',#241);
#241 = AXIS2_PLACEMENT_3D('',#242,#243,#244);
#242 = CARTESIAN_POINT('',(-1.,14.,12.5));
#243 = DIRECTION('',(0.,1.,0.));
#244 = DIRECTION('',(0.,0.,1.));
#245 = DEFINITIONAL_REPRESENTATION('',(#246),#250);
#246 = LINE('',#247,#248);
#247 = CARTESIAN_POINT('',(-6.25,1.));
#248 = VECTOR('',#249,1.);
#249 = DIRECTION('',(1.,0.));
#250 = ( GEOMETRIC_REPRESENTATION_CONTEXT(2) 
PARAMETRIC_REPRESENTATION_CONTEXT() REPRESENTATION_CONTEXT('2D SPACE',''
  ) );
#251 = FACE_BOUND('',#252,.F.);
#252 = EDGE_LOOP('',(#253,#283,#311,#339));
#253 = ORIENTED_EDGE('',*,*,#254,.T.);
#254 = EDGE_CURVE('',#255,#257,#259,.T.);
#255 = VERTEX_POINT('',#256);
#256 = CARTESIAN_POINT('',(0.,14.,22.5));
#257 = VERTEX_POINT('',#258);
#258 = CARTESIAN_POINT('',(0.,6.,22.5));
#259 = SURFACE_CURVE('',#260,(#264,#271),.PCURVE_S1.);
#260 = LINE('',#261,#262);
#261 = CARTESIAN_POINT('',(0.,3.,22.5));
#262 = VECTOR('',#263,1.);
#263 = DIRECTION('',(0.,-1.,0.));
#264 = PCURVE('',#32,#265);
#265 = DEFINITIONAL_REPRESENTATION('',(#266),#270);
#266 = LINE('',#267,#268);
#267 = CARTESIAN_POINT('',(22.5,-3.));
#268 = VECTOR('',#269,1.);
#269 = DIRECTION('',(0.,1.));
#270 = ( GEOMETRIC_REPRESENTATION_CONTEXT(2) 
PARAMETRIC_REPRESENTATION_CONTEXT() REPRESENTATION_CONTEXT('2D SPACE',''
  ) );
#271 = PCURVE('',#272,#277);
#272 = PLANE('',#273);
#273 = AXIS2_PLACEMENT_3D('',#274,#275,#276);
#274 = CARTESIAN_POINT('',(-1.,6.,22.5));
#275 = DIRECTION('',(0.,0.,1.));
#276 = DIRECTION('',(1.,0.,0.));
#277 = DEFINITIONAL_REPRESENTATION('',(#278),#282);
#278 = LINE('',#279,#280);
#279 = CARTESIAN_POINT('',(1.,-3.));
#280 = VECTOR('',#281,1.);
#281 = DIRECTION('',(0.,-1.));
#282 = ( GEOMETRIC_REPRESENTATION_CONTEXT(2) 
PARAMETRIC_REPRESENTATION_CONTEXT() REPRESENTATION_CONTEXT('2D SPACE',''
  ) );
#283 = ORIENTED_EDGE('',*,*,#284,.T.);
#284 = EDGE_CURVE('',#257,#285,#287,.T.);
#285 = VERTEX_POINT('',#286);
#286 = CARTESIAN_POINT('',(0.,6.,29.5));
#287 = SURFACE_CURVE('',#288,(#292,#299),.PCURVE_S1.);
#288 = LINE('',#289,#290);
#289 = CARTESIAN_POINT('',(0.,6.,11.25));
#290 = VECTOR('',#291,1.);
#291 = DIRECTION('',(0.,0.,1.));
#292 = PCURVE('',#32,#293);
#293 = DEFINITIONAL_REPRESENTATION('',(#294),#298);
#294 = LINE('',#295,#296);
#295 = CARTESIAN_POINT('',(11.25,-6.));
#296 = VECTOR('',#297,1.);
#297 = DIRECTION('',(1.,0.));
#298 = ( GEOMETRIC_REPRESENTATION_CONTEXT(2) 
PARAMETRIC_REPRESENTATION_CONTEXT() REPRESENTATION_CONTEXT('2D SPACE',''
  ) );
#299 = PCURVE('',#300,#305);
#300 = PLANE('',#301);
#301 = AXIS2_PLACEMENT_3D('',#302,#303,#304);
#302 = CARTESIAN_POINT('',(-1.,6.,22.5));
#303 = DIRECTION('',(0.,1.,0.));
#304 = DIRECTION('',(0.,0.,1.));
#305 = DEFINITIONAL_REPRESENTATION('',(#306),#310);
#306 = LINE('',#307,#308);
#307 = CARTESIAN_POINT('',(-11.25,1.));
#308 = VECTOR('',#309,1.);
#309 = DIRECTION('',(1.,0.));
#310 = ( GEOMETRIC_REPRESENTATION_CONTEXT(2) 
PARAMETRIC_REPRESENTATION_CONTEXT() REPRESENTATION_CONTEXT('2D SPACE',''
  ) );
#311 = ORIENTED_EDGE('',*,*,#312,.F.);
#312 = EDGE_CURVE('',#313,#285,#315,.T.);
#313 = VERTEX_POINT('',#314);
#314 = CARTESIAN_POINT('',(0.,14.,29.5));
#315 = SURFACE_CURVE('',#316,(#320,#327),.PCURVE_S1.);
#316 = LINE('',#317,#318);
#317 = CARTESIAN_POINT('',(0.,3.,29.5));
#318 = VECTOR('',#319,1.);
#319 = DIRECTION('',(0.,-1.,0.));
#320 = PCURVE('',#32,#321);
#321 = DEFINITIONAL_REPRESENTATION('',(#322),#326);
#322 = LINE('',#323,#324);
#323 = CARTESIAN_POINT('',(29.5,-3.));
#324 = VECTOR('',#325,1.);
#325 = DIRECTION('',(0.,1.));
#326 = ( GEOMETRIC_REPRESENTATION_CONTEXT(2) 
PARAMETRIC_REPRESENTATION_CONTEXT() REPRESENTATION_CONTEXT('2D SPACE',''
  ) );
#327 = PCURVE('',#328,#333);
#328 = PLANE('',#329);
#329 = AXIS2_PLACEMENT_3D('',#330,#331,#332);
#330 = CARTESIAN_POINT('',(-1.,6.,29.5));
#331 = DIRECTION('',(0.,0.,1.));
#332 = DIRECTION('',(1.,0.,0.));
#333 = DEFINITIONAL_REPRESENTATION('',(#334),#338);
#334 = LINE('',#335,#336);
#335 = CARTESIAN_POINT('',(1.,-3.));
#336 = VECTOR('',#337,1.);
#337 = DIRECTION('',(0.,-1.));
#338 = ( GEOMETRIC_REPRESENTATION_CONTEXT(2) 
PARAMETRIC_REPRESENTATION_CONTEXT() REPRESENTATION_CONTEXT('2D SPACE',''
  ) );
#339 = ORIENTED_EDGE('',*,*,#340,.F.);
#340 = EDGE_CURVE('',#255,#313,#341,.T.);
#341 = SURFACE_CURVE('',#342,(#346,#353),.PCURVE_S1.);
#342 = LINE('',#343,#344);
#343 = CARTESIAN_POINT('',(0.,14.,11.25));
#344 = VECTOR('',#345,1.);
#345 = DIRECTION('',(0.,0.,1.));
#346 = PCURVE('',#32,#347);
#347 = DEFINITIONAL_REPRESENTATION('',(#348),#352);
#348 = LINE('',#349,#350);
#349 = CARTESIAN_POINT('',(11.25,-14.));
#350 = VECTOR('',#351,1.);
#351 = DIRECTION('',(1.,0.));
#352 = ( GEOMETRIC_REPRESENTATION_CONTEXT(2) 
PARAMETRIC_REPRESENTATION_CONTEXT() REPRESENTATION_CONTEXT('2D SPACE',''
  ) );
#353 = PCURVE('',#354,#359);
#354 = PLANE('',#355);
#355 = AXIS2_PLACEMENT_3D('',#356,#357,#358);
#356 = CARTESIAN_POINT('',(-1.,14.,22.5));
#357 = DIRECTION('',(0.,1.,0.));
#358 = DIRECTION('',(0.,0.,1.));
#359 = DEFINITIONAL_REPRESENTATION('',(#360),#364);
#360 = LINE('',#361,#362);
#361 = CARTESIAN_POINT('',(-11.25,1.));
#362 = VECTOR('',#363,1.);
#363 = DIRECTION('',(1.,0.));
#364 = ( GEOMETRIC_REPRESENTATION_CONTEXT(2) 
PARAMETRIC_REPRESENTATION_CONTEXT() REPRESENTATION_CONTEXT('2D SPACE',''
  ) );
#365 = FACE_BOUND('',#366,.F.);
#366 = EDGE_LOOP('',(#367,#397,#425,#453));
#367 = ORIENTED_EDGE('',*,*,#368,.T.);
#368 = EDGE_CURVE('',#369,#371,#373,.T.);
#369 = VERTEX_POINT('',#370);
#370 = CARTESIAN_POINT('',(0.,14.,32.5));
#371 = VERTEX_POINT('',#372);
#372 = CARTESIAN_POINT('',(0.,6.,32.5));
#373 = SURFACE_CURVE('',#374,(#378,#385),.PCURVE_S1.);
#374 = LINE('',#375,#376);
#375 = CARTESIAN_POINT('',(0.,3.,32.5));
#376 = VECTOR('',#377,1.);
#377 = DIRECTION('',(0.,-1.,0.));
#378 = PCURVE('',#32,#379);
#379 = DEFINITIONAL_REPRESENTATION('',(#380),#384);
#380 = LINE('',#381,#382);
#381 = CARTESIAN_POINT('',(32.5,-3.));
#382 = VECTOR('',#383,1.);
#383 = DIRECTION('',(0.,1.));
#384 = ( GEOMETRIC_REPRESENTATION_CONTEXT(2) 
PARAMETRIC_REPRESENTATION_CONTEXT() REPRESENTATION_CONTEXT('2D SPACE',''
  ) );
#385 = PCURVE('',#386,#391);
#386 = PLANE('',#387);
#387 = AXIS2_PLACEMENT_3D('',#388,#389,#390);
#388 = CARTESIAN_POINT('',(-1.,6.,32.5));
#389 = DIRECTION('',(0.,0.,1.));
#390 = DIRECTION('',(1.,0.,0.));
#391 = DEFINITIONAL_REPRESENTATION('',(#392),#396);
#392 = LINE('',#393,#394);
#393 = CARTESIAN_POINT('',(1.,-3.));
#394 = VECTOR('',#395,1.);
#395 = DIRECTION('',(0.,-1.));
#396 = ( GEOMETRIC_REPRESENTATION_CONTEXT(2) 
PARAMETRIC_REPRESENTATION_CONTEXT() REPRESENTATION_CONTEXT('2D SPACE',''
  ) );
#397 = ORIENTED_EDGE('',*,*,#398,.T.);
#398 = EDGE_CURVE('',#371,#399,#401,.T.);
#399 = VERTEX_POINT('',#400);
#400 = CARTESIAN_POINT('',(0.,6.,39.5));
#401 = SURFACE_CURVE('',#402,(#406,#413),.PCURVE_S1.);
#402 = LINE('',#403,#404);
#403 = CARTESIAN_POINT('',(0.,6.,16.25));
#404 = VECTOR('',#405,1.);
#405 = DIRECTION('',(0.,0.,1.));
#406 = PCURVE('',#32,#407);
#407 = DEFINITIONAL_REPRESENTATION('',(#408),#412);
#408 = LINE('',#409,#410);
#409 = CARTESIAN_POINT('',(16.25,-6.));
#410 = VECTOR('',#411,1.);
#411 = DIRECTION('',(1.,0.));
#412 = ( GEOMETRIC_REPRESENTATION_CONTEXT(2) 
PARAMETRIC_REPRESENTATION_CONTEXT() REPRESENTATION_CONTEXT('2D SPACE',''
  ) );
#413 = PCURVE('',#414,#419);
#414 = PLANE('',#415);
#415 = AXIS2_PLACEMENT_3D('',#416,#417,#418);
#416 = CARTESIAN_POINT('',(-1.,6.,32.5));
#417 = DIRECTION('',(0.,1.,0.));
#418 = DIRECTION('',(0.,0.,1.));
#419 = DEFINITIONAL_REPRESENTATION('',(#420),#424);
#420 = LINE('',#421,#422);
#421 = CARTESIAN_POINT('',(-16.25,1.));
#422 = VECTOR('',#423,1.);
#423 = DIRECTION('',(1.,0.));
#424 = ( GEOMETRIC_REPRESENTATION_CONTEXT(2) 
PARAMETRIC_REPRESENTATION_CONTEXT() REPRESENTATION_CONTEXT('2D SPACE',''
  ) );
#425 = ORIENTED_EDGE('',*,*,#426,.F.);
#426 = EDGE_CURVE('',#427,#399,#429,.T.);
#427 = VERTEX_POINT('',#428);
#428 = CARTESIAN_POINT('',(0.,14.,39.5));
#429 = SURFACE_CURVE('',#430,(#434,#441),.PCURVE_S1.);
#430 = LINE('',#431,#432);
#431 = CARTESIAN_POINT('',(0.,3.,39.5));
#432 = VECTOR('',#433,1.);
#433 = DIRECTION('',(0.,-1.,0.));
#434 = PCURVE('',#32,#435);
#435 = DEFINITIONAL_REPRESENTATION('',(#436),#440);
#436 = LINE('',#437,#438);
#437 = CARTESIAN_POINT('',(39.5,-3.));
#438 = VECTOR('',#439,1.);
#439 = DIRECTION('',(0.,1.));
#440 = ( GEOMETRIC_REPRESENTATION_CONTEXT(2) 
PARAMETRIC_REPRESENTATION_CONTEXT() REPRESENTATION_CONTEXT('2D SPACE',''
  ) );
#441 = PCURVE('',#442,#447);
#442 = PLANE('',#443);
#443 = AXIS2_PLACEMENT_3D('',#444,#445,#446);
#444 = CARTESIAN_POINT('',(-1.,6.,39.5));
#445 = DIRECTION('',(0.,0.,1.));
#446 = DIRECTION('',(1.,0.,0.));
#447 = DEFINITIONAL_REPRESENTATION('',(#448),#452);
#448 = LINE('',#449,#450);
#449 = CARTESIAN_POINT('',(1.,-3.));
#450 = VECTOR('',#451,1.);
#451 = DIRECTION('',(0.,-1.));
#452 = ( GEOMETRIC_REPRESENTATION_CONTEXT(2) 
PARAMETRIC_REPRESENTATION_CONTEXT() REPRESENTATION_CONTEXT('2D SPACE',''
  ) );
#453 = ORIENTED_EDGE('',*,*,#454,.F.);
#454 = EDGE_CURVE('',#369,#427,#455,.T.);
#455 = SURFACE_CURVE('',#456,(#460,#467),.PCURVE_S1.);
#456 = LINE('',#457,#458);
#457 = CARTESIAN_POINT('',(0.,14.,16.25));
#458 = VECTOR('',#459,1.);
#459 = DIRECTION('',(0.,0.,1.));
#460 = PCURVE('',#32,#461);
#461 = DEFINITIONAL_REPRESENTATION('',(#462),#466);
#462 = LINE('',#463,#464);
#463 = CARTESIAN_POINT('',(16.25,-14.));
#464 = VECTOR('',#465,1.);
#465 = DIRECTION('',(1.,0.));
#466 = ( GEOMETRIC_REPRESENTATION_CONTEXT(2) 
PARAMETRIC_REPRESENTATION_CONTEXT() REPRESENTATION_CONTEXT('2D SPACE',''
  ) );
#467 = PCURVE('',#468,#473);
#468 = PLANE('',#469);
#469 = AXIS2_PLACEMENT_3D('',#470,#471,#472);
#470 = CARTESIAN_POINT('',(-1.,14.,32.5));
#471 = DIRECTION('',(0.,1.,0.));
#472 = DIRECTION('',(0.,0.,1.));
#473 = DEFINITIONAL_REPRESENTATION('',(#474),#478);
#474 = LINE('',#475,#476);
#475 = CARTESIAN_POINT('',(-16.25,1.));
#476 = VECTOR('',#477,1.);
#477 = DIRECTION('',(1.,0.));
#478 = ( GEOMETRIC_REPRESENTATION_CONTEXT(2) 
PARAMETRIC_REPRESENTATION_CONTEXT() REPRESENTATION_CONTEXT('2D SPACE',''
  ) );
#479 = FACE_BOUND('',#480,.F.);
#480 = EDGE_LOOP('',(#481,#511,#539,#567));
#481 = ORIENTED_EDGE('',*,*,#482,.T.);
#482 = EDGE_CURVE('',#483,#485,#487,.T.);
#483 = VERTEX_POINT('',#484);
#484 = CARTESIAN_POINT('',(0.,14.,42.5));
#485 = VERTEX_POINT('',#486);
#486 = CARTESIAN_POINT('',(0.,6.,42.5));
#487 = SURFACE_CURVE('',#488,(#492,#499),.PCURVE_S1.);
#488 = LINE('',#489,#490);
#489 = CARTESIAN_POINT('',(0.,3.,42.5));
#490 = VECTOR('',#491,1.);
#491 = DIRECTION('',(0.,-1.,0.));
#492 = PCURVE('',#32,#493);
#493 = DEFINITIONAL_REPRESENTATION('',(#494),#498);
#494 = LINE('',#495,#496);
#495 = CARTESIAN_POINT('',(42.5,-3.));
#496 = VECTOR('',#497,1.);
#497 = DIRECTION('',(0.,1.));
#498 = ( GEOMETRIC_REPRESENTATION_CONTEXT(2) 
PARAMETRIC_REPRESENTATION_CONTEXT() REPRESENTATION_CONTEXT('2D SPACE',''
  ) );
#499 = PCURVE('',#500,#505);
#500 = PLANE('',#501);
#501 = AXIS2_PLACEMENT_3D('',#502,#503,#504);
#502 = CARTESIAN_POINT('',(-1.,6.,42.5));
#503 = DIRECTION('',(0.,0.,1.));
#504 = DIRECTION('',(1.,0.,0.));
#505 = DEFINITIONAL_REPRESENTATION('',(#506),#510);
#506 = LINE('',#507,#508);
#507 = CARTESIAN_POINT('',(1.,-3.));
#508 = VECTOR('',#509,1.);
#509 = DIRECTION('',(0.,-1.));
#510 = ( GEOMETRIC_REPRESENTATION_CONTEXT(2) 
PARAMETRIC_REPRESENTATION_CONTEXT() REPRESENTATION_CONTEXT('2D SPACE',''
  ) );
#511 = ORIENTED_EDGE('',*,*,#512,.T.);
#512 = EDGE_CURVE('',#485,#513,#515,.T.);
#513 = VERTEX_POINT('',#514);
#514 = CARTESIAN_POINT('',(0.,6.,49.5));
#515 = SURFACE_CURVE('',#516,(#520,#527),.PCURVE_S1.);
#516 = LINE('',#517,#518);
#517 = CARTESIAN_POINT('',(0.,6.,21.25));
#518 = VECTOR('',#519,1.);
#519 = DIRECTION('',(0.,0.,1.));
#520 = PCURVE('',#32,#521);
#521 = DEFINITIONAL_REPRESENTATION('',(#522),#526);
#522 = LINE('',#523,#524);
#523 = CARTESIAN_POINT('',(21.25,-6.));
#524 = VECTOR('',#525,1.);
#525 = DIRECTION('',(1.,0.));
#526 = ( GEOMETRIC_REPRESENTATION_CONTEXT(2) 
PARAMETRIC_REPRESENTATION_CONTEXT() REPRESENTATION_CONTEXT('2D SPACE',''
  ) );
#527 = PCURVE('',#528,#533);
#528 = PLANE('',#529);
#529 = AXIS2_PLACEMENT_3D('',#530,#531,#532);
#530 = CARTESIAN_POINT('',(-1.,6.,42.5));
#531 = DIRECTION('',(0.,1.,0.));
#532 = DIRECTION('',(0.,0.,1.));
#533 = DEFINITIONAL_REPRESENTATION('',(#534),#538);
#534 = LINE('',#535,#536);
#535 = CARTESIAN_POINT('',(-21.25,1.));
#536 = VECTOR('',#537,1.);
#537 = DIRECTION('',(1.,0.));
#538 = ( GEOMETRIC_REPRESENTATION_CONTEXT(2) 
PARAMETRIC_REPRESENTATION_CONTEXT() REPRESENTATION_CONTEXT('2D SPACE',''
  ) );
#539 = ORIENTED_EDGE('',*,*,#540,.F.);
#540 = EDGE_CURVE('',#541,#513,#543,.T.);
#541 = VERTEX_POINT('',#542);
#542 = CARTESIAN_POINT('',(0.,14.,49.5));
#543 = SURFACE_CURVE('',#544,(#548,#555),.PCURVE_S1.);
#544 = LINE('',#545,#546);
#545 = CARTESIAN_POINT('',(0.,3.,49.5));
#546 = VECTOR('',#547,1.);
#547 = DIRECTION('',(0.,-1.,0.));
#548 = PCURVE('',#32,#549);
#549 = DEFINITIONAL_REPRESENTATION('',(#550),#554);
#550 = LINE('',#551,#552);
#551 = CARTESIAN_POINT('',(49.5,-3.));
#552 = VECTOR('',#553,1.);
#553 = DIRECTION('',(0.,1.));
#554 = ( GEOMETRIC_REPRESENTATION_CONTEXT(2) 
PARAMETRIC_REPRESENTATION_CONTEXT() REPRESENTATION_CONTEXT('2D SPACE',''
  ) );
#555 = PCURVE('',#556,#561);
#556 = PLANE('',#557);
#557 = AXIS2_PLACEMENT_3D('',#558,#559,#560);
#558 = CARTESIAN_POINT('',(-1.,6.,49.5));
#559 = DIRECTION('',(0.,0.,1.));
#560 = DIRECTION('',(1.,0.,0.));
#561 = DEFINITIONAL_REPRESENTATION('',(#562),#566);
#562 = LINE('',#563,#564);
#563 = CARTESIAN_POINT('',(1.,-3.));
#564 = VECTOR('',#565,1.);
#565 = DIRECTION('',(0.,-1.));
#566 = ( GEOMETRIC_REPRESENTATION_CONTEXT(2) 
PARAMETRIC_REPRESENTATION_CONTEXT() REPRESENTATION_CONTEXT('2D SPACE',''
  ) );
#567 = ORIENTED_EDGE('',*,*,#568,.F.);
#568 = EDGE_CURVE('',#483,#541,#569,.T.);
#569 = SURFACE_CURVE('',#570,(#574,#581),.PCURVE_S1.);
#570 = LINE('',#571,#572);
#571 = CARTESIAN_POINT('',(0.,14.,21.25));
#572 = VECTOR('',#573,1.);
#573 = DIRECTION('',(0.,0.,1.));
#574 = PCURVE('',#32,#575);
#575 = DEFINITIONAL_REPRESENTATION('',(#576),#580);
#576 = LINE('',#577,#578);
#577 = CARTESIAN_POINT('',(21.25,-14.));
#578 = VECTOR('',#579,1.);
#579 = DIRECTION('',(1.,0.));
#580 = ( GEOMETRIC_REPRESENTATION_CONTEXT(2) 
PARAMETRIC_REPRESENTATION_CONTEXT() REPRESENTATION_CONTEXT('2D SPACE',''
  ) );
#581 = PCURVE('',#582,#587);
#582 = PLANE('',#583);
#583 = AXIS2_PLACEMENT_3D('',#584,#585,#586);
#584 = CARTESIAN_POINT('',(-1.,14.,42.5));
#585 = DIRECTION('',(0.,1.,0.));
#586 = DIRECTION('',(0.,0.,1.));
#587 = DEFINITIONAL_REPRESENTATION('',(#588),#592);
#588 = LINE('',#589,#590);
#589 = CARTESIAN_POINT('',(-21.25,1.));
#590 = VECTOR('',#591,1.);
#591 = DIRECTION('',(1.,0.));
#592 = ( GEOMETRIC_REPRESENTATION_CONTEXT(2) 
PARAMETRIC_REPRESENTATION_CONTEXT() REPRESENTATION_CONTEXT('2D SPACE',''
  ) );
#593 = FACE_BOUND('',#594,.F.);
#594 = EDGE_LOOP('',(#595,#625,#653,#681));
#595 = ORIENTED_EDGE('',*,*,#596,.T.);
#596 = EDGE_CURVE('',#597,#599,#601,.T.);
#597 = VERTEX_POINT('',#598);
#598 = CARTESIAN_POINT('',(0.,14.,52.5));
#599 = VERTEX_POINT('',#600);
#600 = CARTESIAN_POINT('',(0.,6.,52.5));
#601 = SURFACE_CURVE('',#602,(#606,#613),.PCURVE_S1.);
#602 = LINE('',#603,#604);
#603 = CARTESIAN_POINT('',(0.,3.,52.5));
#604 = VECTOR('',#605,1.);
#605 = DIRECTION('',(0.,-1.,0.));
#606 = PCURVE('',#32,#607);
#607 = DEFINITIONAL_REPRESENTATION('',(#608),#612);
#608 = LINE('',#609,#610);
#609 = CARTESIAN_POINT('',(52.5,-3.));
#610 = VECTOR('',#611,1.);
#611 = DIRECTION('',(0.,1.));
#612 = ( GEOMETRIC_REPRESENTATION_CONTEXT(2) 
PARAMETRIC_REPRESENTATION_CONTEXT() REPRESENTATION_CONTEXT('2D SPACE',''
  ) );
#613 = PCURVE('',#614,#619);
#614 = PLANE('',#615);
#615 = AXIS2_PLACEMENT_3D('',#616,#617,#618);
#616 = CARTESIAN_POINT('',(-1.,6.,52.5));
#617 = DIRECTION('',(0.,0.,1.));
#618 = DIRECTION('',(1.,0.,0.));
#619 = DEFINITIONAL_REPRESENTATION('',(#620),#624);
#620 = LINE('',#621,#622);
#621 = CARTESIAN_POINT('',(1.,-3.));
#622 = VECTOR('',#623,1.);
#623 = DIRECTION('',(0.,-1.));
#624 = ( GEOMETRIC_REPRESENTATION_CONTEXT(2) 
PARAMETRIC_REPRESENTATION_CONTEXT() REPRESENTATION_CONTEXT('2D SPACE',''
  ) );
#625 = ORIENTED_EDGE('',*,*,#626,.T.);
#626 = EDGE_CURVE('',#599,#627,#629,.T.);
#627 = VERTEX_POINT('',#628);
#628 = CARTESIAN_POINT('',(0.,6.,59.5));
#629 = SURFACE_CURVE('',#630,(#634,#641),.PCURVE_S1.);
#630 = LINE('',#631,#632);
#631 = CARTESIAN_POINT('',(0.,6.,26.25));
#632 = VECTOR('',#633,1.);
#633 = DIRECTION('',(0.,0.,1.));
#634 = PCURVE('',#32,#635);
#635 = DEFINITIONAL_REPRESENTATION('',(#636),#640);
#636 = LINE('',#637,#638);
#637 = CARTESIAN_POINT('',(26.25,-6.));
#638 = VECTOR('',#639,1.);
#639 = DIRECTION('',(1.,0.));
#640 = ( GEOMETRIC_REPRESENTATION_CONTEXT(2) 
PARAMETRIC_REPRESENTATION_CONTEXT() REPRESENTATION_CONTEXT('2D SPACE',''
  ) );
#641 = PCURVE('',#642,#647);
#642 = PLANE('',#643);
#643 = AXIS2_PLACEMENT_3D('',#644,#645,#646);
#644 = CARTESIAN_POINT('',(-1.,6.,52.5));
#645 = DIRECTION('',(0.,1.,0.));
#646 = DIRECTION('',(0.,0.,1.));
#647 = DEFINITIONAL_REPRESENTATION('',(#648),#652);
#648 = LINE('',#649,#650);
#649 = CARTESIAN_POINT('',(-26.25,1.));
#650 = VECTOR('',#651,1.);
#651 = DIRECTION('',(1.,0.));
#652 = ( GEOMETRIC_REPRESENTATION_CONTEXT(2) 
PARAMETRIC_REPRESENTATION_CONTEXT() REPRESENTATION_CONTEXT('2D SPACE',''
  ) );
#653 = ORIENTED_EDGE('',*,*,#654,.F.);
#654 = EDGE_CURVE('',#655,#627,#657,.T.);
#655 = VERTEX_POINT('',#656);
#656 = CARTESIAN_POINT('',(0.,14.,59.5));
#657 = SURFACE_CURVE('',#658,(#662,#669),.PCURVE_S1.);
#658 = LINE('',#659,#660);
#659 = CARTESIAN_POINT('',(0.,3.,59.5));
#660 = VECTOR('',#661,1.);
#661 = DIRECTION('',(0.,-1.,0.));
#662 = PCURVE('',#32,#663);
#663 = DEFINITIONAL_REPRESENTATION('',(#664),#668);
#664 = LINE('',#665,#666);
#665 = CARTESIAN_POINT('',(59.5,-3.));
#666 = VECTOR('',#667,1.);
#667 = DIRECTION('',(0.,1.));
#668 = ( GEOMETRIC_REPRESENTATION_CONTEXT(2) 
PARAMETRIC_REPRESENTATION_CONTEXT() REPRESENTATION_CONTEXT('2D SPACE',''
  ) );
#669 = PCURVE('',#670,#675);
#670 = PLANE('',#671);
#671 = AXIS2_PLACEMENT_3D('',#672,#673,#674);
#672 = CARTESIAN_POINT('',(-1.,6.,59.5));
#673 = DIRECTION('',(0.,0.,1.));
#674 = DIRECTION('',(1.,0.,0.));
#675 = DEFINITIONAL_REPRESENTATION('',(#676),#680);
#676 = LINE('',#677,#678);
#677 = CARTESIAN_POINT('',(1.,-3.));
#678 = VECTOR('',#679,1.);
#679 = DIRECTION('',(0.,-1.));
#680 = ( GEOMETRIC_REPRESENTATION_CONTEXT(2) 
PARAMETRIC_REPRESENTATION_CONTEXT() REPRESENTATION_CONTEXT('2D SPACE',''
  ) );
#681 = ORIENTED_EDGE('',*,*,#682,.F.);
#682 = EDGE_CURVE('',#597,#655,#683,.T.);
#683 = SURFACE_CURVE('',#684,(#688,#695),.PCURVE_S1.);
#684 = LINE('',#685,#686);
#685 = CARTESIAN_POINT('',(0.,14.,26.25));
#686 = VECTOR('',#687,1.);
#687 = DIRECTION('',(0.,0.,1.));
#688 = PCURVE('',#32,#689);
#689 = DEFINITIONAL_REPRESENTATION('',(#690),#694);
#690 = LINE('',#691,#692);
#691 = CARTESIAN_POINT('',(26.25,-14.));
#692 = VECTOR('',#693,1.);
#693 = DIRECTION('',(1.,0.));
#694 = ( GEOMETRIC_REPRESENTATION_CONTEXT(2) 
PARAMETRIC_REPRESENTATION_CONTEXT() REPRESENTATION_CONTEXT('2D SPACE',''
  ) );
#695 = PCURVE('',#696,#701);
#696 = PLANE('',#697);
#697 = AXIS2_PLACEMENT_3D('',#698,#699,#700);
#698 = CARTESIAN_POINT('',(-1.,14.,52.5));
#699 = DIRECTION('',(0.,1.,0.));
#700 = DIRECTION('',(0.,0.,1.));
#701 = DEFINITIONAL_REPRESENTATION('',(#702),#706);
#702 = LINE('',#703,#704);
#703 = CARTESIAN_POINT('',(-26.25,1.));
#704 = VECTOR('',#705,1.);
#705 = DIRECTION('',(1.,0.));
#706 = ( GEOMETRIC_REPRESENTATION_CONTEXT(2) 
PARAMETRIC_REPRESENTATION_CONTEXT() REPRESENTATION_CONTEXT('2D SPACE',''
  ) );
#707 = FACE_BOUND('',#708,.F.);
#708 = EDGE_LOOP('',(#709,#739,#767,#795));
#709 = ORIENTED_EDGE('',*,*,#710,.T.);
#710 = EDGE_CURVE('',#711,#713,#715,.T.);
#711 = VERTEX_POINT('',#712);
#712 = CARTESIAN_POINT('',(0.,14.,62.5));
#713 = VERTEX_POINT('',#714);
#714 = CARTESIAN_POINT('',(0.,6.,62.5));
#715 = SURFACE_CURVE('',#716,(#720,#727),.PCURVE_S1.);
#716 = LINE('',#717,#718);
#717 = CARTESIAN_POINT('',(0.,3.,62.5));
#718 = VECTOR('',#719,1.);
#719 = DIRECTION('',(0.,-1.,0.));
#720 = PCURVE('',#32,#721);
#721 = DEFINITIONAL_REPRESENTATION('',(#722),#726);
#722 = LINE('',#723,#724);
#723 = CARTESIAN_POINT('',(62.5,-3.));
#724 = VECTOR('',#725,1.);
#725 = DIRECTION('',(0.,1.));
#726 = ( GEOMETRIC_REPRESENTATION_CONTEXT(2) 
PARAMETRIC_REPRESENTATION_CONTEXT() REPRESENTATION_CONTEXT('2D SPACE',''
  ) );
#727 = PCURVE('',#728,#733);
#728 = PLANE('',#729);
#729 = AXIS2_PLACEMENT_3D('',#730,#731,#732);
#730 = CARTESIAN_POINT('',(-1.,6.,62.5));
#731 = DIRECTION('',(0.,0.,1.));
#732 = DIRECTION('',(1.,0.,0.));
#733 = DEFINITIONAL_REPRESENTATION('',(#734),#738);
#734 = LINE('',#735,#736);
#735 = CARTESIAN_POINT('',(1.,-3.));
#736 = VECTOR('',#737,1.);
#737 = DIRECTION('',(0.,-1.));
#738 = ( GEOMETRIC_REPRESENTATION_CONTEXT(2) 
PARAMETRIC_REPRESENTATION_CONTEXT() REPRESENTATION_CONTEXT('2D SPACE',''
  ) );
#739 = ORIENTED_EDGE('',*,*,#740,.T.);
#740 = EDGE_CURVE('',#713,#741,#743,.T.);
#741 = VERTEX_POINT('',#742);
#742 = CARTESIAN_POINT('',(0.,6.,69.5));
#743 = SURFACE_CURVE('',#744,(#748,#755),.PCURVE_S1.);
#744 = LINE('',#745,#746);
#745 = CARTESIAN_POINT('',(0.,6.,31.25));
#746 = VECTOR('',#747,1.);
#747 = DIRECTION('',(0.,0.,1.));
#748 = PCURVE('',#32,#749);
#749 = DEFINITIONAL_REPRESENTATION('',(#750),#754);
#750 = LINE('',#751,#752);
#751 = CARTESIAN_POINT('',(31.25,-6.));
#752 = VECTOR('',#753,1.);
#753 = DIRECTION('',(1.,0.));
#754 = ( GEOMETRIC_REPRESENTATION_CONTEXT(2) 
PARAMETRIC_REPRESENTATION_CONTEXT() REPRESENTATION_CONTEXT('2D SPACE',''
  ) );
#755 = PCURVE('',#756,#761);
#756 = PLANE('',#757);
#757 = AXIS2_PLACEMENT_3D('',#758,#759,#760);
#758 = CARTESIAN_POINT('',(-1.,6.,62.5));
#759 = DIRECTION('',(0.,1.,0.));
#760 = DIRECTION('',(0.,0.,1.));
#761 = DEFINITIONAL_REPRESENTATION('',(#762),#766);
#762 = LINE('',#763,#764);
#763 = CARTESIAN_POINT('',(-31.25,1.));
#764 = VECTOR('',#765,1.);
#765 = DIRECTION('',(1.,0.));
#766 = ( GEOMETRIC_REPRESENTATION_CONTEXT(2) 
PARAMETRIC_REPRESENTATION_CONTEXT() REPRESENTATION_CONTEXT('2D SPACE',''
  ) );
#767 = ORIENTED_EDGE('',*,*,#768,.F.);
#768 = EDGE_CURVE('',#769,#741,#771,.T.);
#769 = VERTEX_POINT('',#770);
#770 = CARTESIAN_POINT('',(0.,14.,69.5));
#771 = SURFACE_CURVE('',#772,(#776,#783),.PCURVE_S1.);
#772 = LINE('',#773,#774);
#773 = CARTESIAN_POINT('',(0.,3.,69.5));
#774 = VECTOR('',#775,1.);
#775 = DIRECTION('',(0.,-1.,0.));
#776 = PCURVE('',#32,#777);
#777 = DEFINITIONAL_REPRESENTATION('',(#778),#782);
#778 = LINE('',#779,#780);
#779 = CARTESIAN_POINT('',(69.5,-3.));
#780 = VECTOR('',#781,1.);
#781 = DIRECTION('',(0.,1.));
#782 = ( GEOMETRIC_REPRESENTATION_CONTEXT(2) 
PARAMETRIC_REPRESENTATION_CONTEXT() REPRESENTATION_CONTEXT('2D SPACE',''
  ) );
#783 = PCURVE('',#784,#789);
#784 = PLANE('',#785);
#785 = AXIS2_PLACEMENT_3D('',#786,#787,#788);
#786 = CARTESIAN_POINT('',(-1.,6.,69.5));
#787 = DIRECTION('',(0.,0.,1.));
#788 = DIRECTION('',(1.,0.,0.));
#789 = DEFINITIONAL_REPRESENTATION('',(#790),#794);
#790 = LINE('',#791,#792);
#791 = CARTESIAN_POINT('',(1.,-3.));
#792 = VECTOR('',#793,1.);
#793 = DIRECTION('',(0.,-1.));
#794 = ( GEOMETRIC_REPRESENTATION_CONTEXT(2) 
PARAMETRIC_REPRESENTATION_CONTEXT() REPRESENTATION_CONTEXT('2D SPACE',''
  ) );
#795 = ORIENTED_EDGE('',*,*,#796,.F.);
#796 = EDGE_CURVE('',#711,#769,#797,.T.);
#797 = SURFACE_CURVE('',#798,(#802,#809),.PCURVE_S1.);
#798 = LINE('',#799,#800);
#799 = CARTESIAN_POINT('',(0.,14.,31.25));
#800 = VECTOR('',#801,1.);
#801 = DIRECTION('',(0.,0.,1.));
#802 = PCURVE('',#32,#803);
#803 = DEFINITIONAL_REPRESENTATION('',(#804),#808);
#804 = LINE('',#805,#806);
#805 = CARTESIAN_POINT('',(31.25,-14.));
#806 = VECTOR('',#807,1.);
#807 = DIRECTION('',(1.,0.));
#808 = ( GEOMETRIC_REPRESENTATION_CONTEXT(2) 
PARAMETRIC_REPRESENTATION_CONTEXT() REPRESENTATION_CONTEXT('2D SPACE',''
  ) );
#809 = PCURVE('',#810,#815);
#810 = PLANE('',#811);
#811 = AXIS2_PLACEMENT_3D('',#812,#813,#814);
#812 = CARTESIAN_POINT('',(-1.,14.,62.5));
#813 = DIRECTION('',(0.,1.,0.));
#814 = DIRECTION('',(0.,0.,1.));
#815 = DEFINITIONAL_REPRESENTATION('',(#816),#820);
#816 = LINE('',#817,#818);
#817 = CARTESIAN_POINT('',(-31.25,1.));
#818 = VECTOR('',#819,1.);
#819 = DIRECTION('',(1.,0.));
#820 = ( GEOMETRIC_REPRESENTATION_CONTEXT(2) 
PARAMETRIC_REPRESENTATION_CONTEXT() REPRESENTATION_CONTEXT('2D SPACE',''
  ) );
#821 = FACE_BOUND('',#822,.F.);
#822 = EDGE_LOOP('',(#823,#853,#881,#909));
#823 = ORIENTED_EDGE('',*,*,#824,.T.);
#824 = EDGE_CURVE('',#825,#827,#829,.T.);
#825 = VERTEX_POINT('',#826);
#826 = CARTESIAN_POINT('',(0.,14.,72.5));
#827 = VERTEX_POINT('',#828);
#828 = CARTESIAN_POINT('',(0.,6.,72.5));
#829 = SURFACE_CURVE('',#830,(#834,#841),.PCURVE_S1.);
#830 = LINE('',#831,#832);
#831 = CARTESIAN_POINT('',(0.,3.,72.5));
#832 = VECTOR('',#833,1.);
#833 = DIRECTION('',(0.,-1.,0.));
#834 = PCURVE('',#32,#835);
#835 = DEFINITIONAL_REPRESENTATION('',(#836),#840);
#836 = LINE('',#837,#838);
#837 = CARTESIAN_POINT('',(72.5,-3.));
#838 = VECTOR('',#839,1.);
#839 = DIRECTION('',(0.,1.));
#840 = ( GEOMETRIC_REPRESENTATION_CONTEXT(2) 
PARAMETRIC_REPRESENTATION_CONTEXT() REPRESENTATION_CONTEXT('2D SPACE',''
  ) );
#841 = PCURVE('',#842,#847);
#842 = PLANE('',#843);
#843 = AXIS2_PLACEMENT_3D('',#844,#845,#846);
#844 = CARTESIAN_POINT('',(-1.,6.,72.5));
#845 = DIRECTION('',(0.,0.,1.));
#846 = DIRECTION('',(1.,0.,0.));
#847 = DEFINITIONAL_REPRESENTATION('',(#848),#852);
#848 = LINE('',#849,#850);
#849 = CARTESIAN_POINT('',(1.,-3.));
#850 = VECTOR('',#851,1.);
#851 = DIRECTION('',(0.,-1.));
#852 = ( GEOMETRIC_REPRESENTATION_CONTEXT(2) 
PARAMETRIC_REPRESENTATION_CONTEXT() REPRESENTATION_CONTEXT('2D SPACE',''
  ) );
#853 = ORIENTED_EDGE('',*,*,#854,.T.);
#854 = EDGE_CURVE('',#827,#855,#857,.T.);
#855 = VERTEX_POINT('',#856);
#856 = CARTESIAN_POINT('',(0.,6.,79.5));
#857 = SURFACE_CURVE('',#858,(#862,#869),.PCURVE_S1.);
#858 = LINE('',#859,#860);
#859 = CARTESIAN_POINT('',(0.,6.,36.25));
#860 = VECTOR('',#861,1.);
#861 = DIRECTION('',(0.,0.,1.));
#862 = PCURVE('',#32,#863);
#863 = DEFINITIONAL_REPRESENTATION('',(#864),#868);
#864 = LINE('',#865,#866);
#865 = CARTESIAN_POINT('',(36.25,-6.));
#866 = VECTOR('',#867,1.);
#867 = DIRECTION('',(1.,0.));
#868 = ( GEOMETRIC_REPRESENTATION_CONTEXT(2) 
PARAMETRIC_REPRESENTATION_CONTEXT() REPRESENTATION_CONTEXT('2D SPACE',''
  ) );
#869 = PCURVE('',#870,#875);
#870 = PLANE('',#871);
#871 = AXIS2_PLACEMENT_3D('',#872,#873,#874);
#872 = CARTESIAN_POINT('',(-1.,6.,72.5));
#873 = DIRECTION('',(0.,1.,0.));
#874 = DIRECTION('',(0.,0.,1.));
#875 = DEFINITIONAL_REPRESENTATION('',(#876),#880);
#876 = LINE('',#877,#878);
#877 = CARTESIAN_POINT('',(-36.25,1.));
#878 = VECTOR('',#879,1.);
#879 = DIRECTION('',(1.,0.));
#880 = ( GEOMETRIC_REPRESENTATION_CONTEXT(2) 
PARAMETRIC_REPRESENTATION_CONTEXT() REPRESENTATION_CONTEXT('2D SPACE',''
  ) );
#881 = ORIENTED_EDGE('',*,*,#882,.F.);
#882 = EDGE_CURVE('',#883,#855,#885,.T.);
#883 = VERTEX_POINT('',#884);
#884 = CARTESIAN_POINT('',(0.,14.,79.5));
#885 = SURFACE_CURVE('',#886,(#890,#897),.PCURVE_S1.);
#886 = LINE('',#887,#888);
#887 = CARTESIAN_POINT('',(0.,3.,79.5));
#888 = VECTOR('',#889,1.);
#889 = DIRECTION('',(0.,-1.,0.));
#890 = PCURVE('',#32,#891);
#891 = DEFINITIONAL_REPRESENTATION('',(#892),#896);
#892 = LINE('',#893,#894);
#893 = CARTESIAN_POINT('',(79.5,-3.));
#894 = VECTOR('',#895,1.);
#895 = DIRECTION('',(0.,1.));
#896 = ( GEOMETRIC_REPRESENTATION_CONTEXT(2) 
PARAMETRIC_REPRESENTATION_CONTEXT() REPRESENTATION_CONTEXT('2D SPACE',''
  ) );
#897 = PCURVE('',#898,#903);
#898 = PLANE('',#899);
#899 = AXIS2_PLACEMENT_3D('',#900,#901,#902);
#900 = CARTESIAN_POINT('',(-1.,6.,79.5));
#901 = DIRECTION('',(0.,0.,1.));
#902 = DIRECTION('',(1.,0.,0.));
#903 = DEFINITIONAL_REPRESENTATION('',(#904),#908);
#904 = LINE('',#905,#906);
#905 = CARTESIAN_POINT('',(1.,-3.));
#906 = VECTOR('',#907,1.);
#907 = DIRECTION('',(0.,-1.));
#908 = ( GEOMETRIC_REPRESENTATION_CONTEXT(2) 
PARAMETRIC_REPRESENTATION_CONTEXT() REPRESENTATION_CONTEXT('2D SPACE',''
  ) );
#909 = ORIENTED_EDGE('',*,*,#910,.F.);
#910 = EDGE_CURVE('',#825,#883,#911,.T.);
#911 = SURFACE_CURVE('',#912,(#916,#923),.PCURVE_S1.);
#912 = LINE('',#913,#914);
#913 = CARTESIAN_POINT('',(0.,14.,36.25));
#914 = VECTOR('',#915,1.);
#915 = DIRECTION('',(0.,0.,1.));
#916 = PCURVE('',#32,#917);
#917 = DEFINITIONAL_REPRESENTATION('',(#918),#922);
#918 = LINE('',#919,#920);
#919 = CARTESIAN_POINT('',(36.25,-14.));
#920 = VECTOR('',#921,1.);
#921 = DIRECTION('',(1.,0.));
#922 = ( GEOMETRIC_REPRESENTATION_CONTEXT(2) 
PARAMETRIC_REPRESENTATION_CONTEXT() REPRESENTATION_CONTEXT('2D SPACE',''
  ) );
#923 = PCURVE('',#924,#929);
#924 = PLANE('',#925);
#925 = AXIS2_PLACEMENT_3D('',#926,#927,#928);
#926 = CARTESIAN_POINT('',(-1.,14.,72.5));
#927 = DIRECTION('',(0.,1.,0.));
#928 = DIRECTION('',(0.,0.,1.));
#929 = DEFINITIONAL_REPRESENTATION('',(#930),#934);
#930 = LINE('',#931,#932);
#931 = CARTESIAN_POINT('',(-36.25,1.));
#932 = VECTOR('',#933,1.);
#933 = DIRECTION('',(1.,0.));
#934 = ( GEOMETRIC_REPRESENTATION_CONTEXT(2) 
PARAMETRIC_REPRESENTATION_CONTEXT() REPRESENTATION_CONTEXT('2D SPACE',''
  ) );
#935 = FACE_BOUND('',#936,.F.);
#936 = EDGE_LOOP('',(#937,#967,#995,#1023));
#937 = ORIENTED_EDGE('',*,*,#938,.T.);
#938 = EDGE_CURVE('',#939,#941,#943,.T.);
#939 = VERTEX_POINT('',#940);
#940 = CARTESIAN_POINT('',(0.,14.,82.5));
#941 = VERTEX_POINT('',#942);
#942 = CARTESIAN_POINT('',(0.,6.,82.5));
#943 = SURFACE_CURVE('',#944,(#948,#955),.PCURVE_S1.);
#944 = LINE('',#945,#946);
#945 = CARTESIAN_POINT('',(0.,3.,82.5));
#946 = VECTOR('',#947,1.);
#947 = DIRECTION('',(0.,-1.,0.));
#948 = PCURVE('',#32,#949);
#949 = DEFINITIONAL_REPRESENTATION('',(#950),#954);
#950 = LINE('',#951,#952);
#951 = CARTESIAN_POINT('',(82.5,-3.));
#952 = VECTOR('',#953,1.);
#953 = DIRECTION('',(0.,1.));
#954 = ( GEOMETRIC_REPRESENTATION_CONTEXT(2) 
PARAMETRIC_REPRESENTATION_CONTEXT() REPRESENTATION_CONTEXT('2D SPACE',''
  ) );
#955 = PCURVE('',#956,#961);
#956 = PLANE('',#957);
#957 = AXIS2_PLACEMENT_3D('',#958,#959,#960);
#958 = CARTESIAN_POINT('',(-1.,6.,82.5));
#959 = DIRECTION('',(0.,0.,1.));
#960 = DIRECTION('',(1.,0.,0.));
#961 = DEFINITIONAL_REPRESENTATION('',(#962),#966);
#962 = LINE('',#963,#964);
#963 = CARTESIAN_POINT('',(1.,-3.));
#964 = VECTOR('',#965,1.);
#965 = DIRECTION('',(0.,-1.));
#966 = ( GEOMETRIC_REPRESENTATION_CONTEXT(2) 
PARAMETRIC_REPRESENTATION_CONTEXT() REPRESENTATION_CONTEXT('2D SPACE',''
  ) );
#967 = ORIENTED_EDGE('',*,*,#968,.T.);
#968 = EDGE_CURVE('',#941,#969,#971,.T.);
#969 = VERTEX_POINT('',#970);
#970 = CARTESIAN_POINT('',(0.,6.,89.5));
#971 = SURFACE_CURVE('',#972,(#976,#983),.PCURVE_S1.);
#972 = LINE('',#973,#974);
#973 = CARTESIAN_POINT('',(0.,6.,41.25));
#974 = VECTOR('',#975,1.);
#975 = DIRECTION('',(0.,0.,1.));
#976 = PCURVE('',#32,#977);
#977 = DEFINITIONAL_REPRESENTATION('',(#978),#982);
#978 = LINE('',#979,#980);
#979 = CARTESIAN_POINT('',(41.25,-6.));
#980 = VECTOR('',#981,1.);
#981 = DIRECTION('',(1.,0.));
#982 = ( GEOMETRIC_REPRESENTATION_CONTEXT(2) 
PARAMETRIC_REPRESENTATION_CONTEXT() REPRESENTATION_CONTEXT('2D SPACE',''
  ) );
#983 = PCURVE('',#984,#989);
#984 = PLANE('',#985);
#985 = AXIS2_PLACEMENT_3D('',#986,#987,#988);
#986 = CARTESIAN_POINT('',(-1.,6.,82.5));
#987 = DIRECTION('',(0.,1.,0.));
#988 = DIRECTION('',(0.,0.,1.));
#989 = DEFINITIONAL_REPRESENTATION('',(#990),#994);
#990 = LINE('',#991,#992);
#991 = CARTESIAN_POINT('',(-41.25,1.));
#992 = VECTOR('',#993,1.);
#993 = DIRECTION('',(1.,0.));
#994 = ( GEOMETRIC_REPRESENTATION_CONTEXT(2) 
PARAMETRIC_REPRESENTATION_CONTEXT() REPRESENTATION_CONTEXT('2D SPACE',''
  ) );
#995 = ORIENTED_EDGE('',*,*,#996,.F.);
#996 = EDGE_CURVE('',#997,#969,#999,.T.);
#997 = VERTEX_POINT('',#998);
#998 = CARTESIAN_POINT('',(0.,14.,89.5));
#999 = SURFACE_CURVE('',#1000,(#1004,#1011),.PCURVE_S1.);
#1000 = LINE('',#1001,#1002);
#1001 = CARTESIAN_POINT('',(0.,3.,89.5));
#1002 = VECTOR('',#1003,1.);
#1003 = DIRECTION('',(0.,-1.,0.));
#1004 = PCURVE('',#32,#1005);
#1005 = DEFINITIONAL_REPRESENTATION('',(#1006),#1010);
#1006 = LINE('',#1007,#1008);
#1007 = CARTESIAN_POINT('',(89.5,-3.));
#1008 = VECTOR('',#1009,1.);
#1009 = DIRECTION('',(0.,1.));
#1010 = ( GEOMETRIC_REPRESENTATION_CONTEXT(2) 
PARAMETRIC_REPRESENTATION_CONTEXT() REPRESENTATION_CONTEXT('2D SPACE',''
  ) );
#1011 = PCURVE('',#1012,#1017);
#1012 = PLANE('',#1013);
#1013 = AXIS2_PLACEMENT_3D('',#1014,#1015,#1016);
#1014 = CARTESIAN_POINT('',(-1.,6.,89.5));
#1015 = DIRECTION('',(0.,0.,1.));
#1016 = DIRECTION('',(1.,0.,0.));
#1017 = DEFINITIONAL_REPRESENTATION('',(#1018),#1022);
#1018 = LINE('',#1019,#1020);
#1019 = CARTESIAN_POINT('',(1.,-3.));
#1020 = VECTOR('',#1021,1.);
#1021 = DIRECTION('',(0.,-1.));
#1022 = ( GEOMETRIC_REPRESENTATION_CONTEXT(2) 
PARAMETRIC_REPRESENTATION_CONTEXT() REPRESENTATION_CONTEXT('2D SPACE',''
  ) );
#1023 = ORIENTED_EDGE('',*,*,#1024,.F.);
#1024 = EDGE_CURVE('',#939,#997,#1025,.T.);
#1025 = SURFACE_CURVE('',#1026,(#1030,#1037),.PCURVE_S1.);
#1026 = LINE('',#1027,#1028);
#1027 = CARTESIAN_POINT('',(0.,14.,41.25));
#1028 = VECTOR('',#1029,1.);
#1029 = DIRECTION('',(0.,0.,1.));
#1030 = PCURVE('',#32,#1031);
#1031 = DEFINITIONAL_REPRESENTATION('',(#1032),#1036);
#1032 = LINE('',#1033,#1034);
#1033 = CARTESIAN_POINT('',(41.25,-14.));
#1034 = VECTOR('',#1035,1.);
#1035 = DIRECTION('',(1.,0.));
#1036 = ( GEOMETRIC_REPRESENTATION_CONTEXT(2) 
PARAMETRIC_REPRESENTATION_CONTEXT() REPRESENTATION_CONTEXT('2D SPACE',''
  ) );
#1037 = PCURVE('',#1038,#1043);
#1038 = PLANE('',#1039);
#1039 = AXIS2_PLACEMENT_3D('',#1040,#1041,#1042);
#1040 = CARTESIAN_POINT('',(-1.,14.,82.5));
#1041 = DIRECTION('',(0.,1.,0.));
#1042 = DIRECTION('',(0.,0.,1.));
#1043 = DEFINITIONAL_REPRESENTATION('',(#1044),#1048);
#1044 = LINE('',#1045,#1046);
#1045 = CARTESIAN_POINT('',(-41.25,1.));
#1046 = VECTOR('',#1047,1.);
#1047 = DIRECTION('',(1.,0.));
#1048 = ( GEOMETRIC_REPRESENTATION_CONTEXT(2) 
PARAMETRIC_REPRESENTATION_CONTEXT() REPRESENTATION_CONTEXT('2D SPACE',''
  ) );
#1049 = FACE_BOUND('',#1050,.F.);
#1050 = EDGE_LOOP('',(#1051,#1081,#1109,#1137));
#1051 = ORIENTED_EDGE('',*,*,#1052,.T.);
#1052 = EDGE_CURVE('',#1053,#1055,#1057,.T.);
#1053 = VERTEX_POINT('',#1054);
#1054 = CARTESIAN_POINT('',(0.,14.,92.5));
#1055 = VERTEX_POINT('',#1056);
#1056 = CARTESIAN_POINT('',(0.,6.,92.5));
#1057 = SURFACE_CURVE('',#1058,(#1062,#1069),.PCURVE_S1.);
#1058 = LINE('',#1059,#1060);
#1059 = CARTESIAN_POINT('',(0.,3.,92.5));
#1060 = VECTOR('',#1061,1.);
#1061 = DIRECTION('',(0.,-1.,0.));
#1062 = PCURVE('',#32,#1063);
#1063 = DEFINITIONAL_REPRESENTATION('',(#1064),#1068);
#1064 = LINE('',#1065,#1066);
#1065 = CARTESIAN_POINT('',(92.5,-3.));
#1066 = VECTOR('',#1067,1.);
#1067 = DIRECTION('',(0.,1.));
#1068 = ( GEOMETRIC_REPRESENTATION_CONTEXT(2) 
PARAMETRIC_REPRESENTATION_CONTEXT() REPRESENTATION_CONTEXT('2D SPACE',''
  ) );
#1069 = PCURVE('',#1070,#1075);
#1070 = PLANE('',#1071);
#1071 = AXIS2_PLACEMENT_3D('',#1072,#1073,#1074);
#1072 = CARTESIAN_POINT('',(-1.,6.,92.5));
#1073 = DIRECTION('',(0.,0.,1.));
#1074 = DIRECTION('',(1.,0.,0.));
#1075 = DEFINITIONAL_REPRESENTATION('',(#1076),#1080);
#1076 = LINE('',#1077,#1078);
#1077 = CARTESIAN_POINT('',(1.,-3.));
#1078 = VECTOR('',#1079,1.);
#1079 = DIRECTION('',(0.,-1.));
#1080 = ( GEOMETRIC_REPRESENTATION_CONTEXT(2) 
PARAMETRIC_REPRESENTATION_CONTEXT() REPRESENTATION_CONTEXT('2D SPACE',''
  ) );
#1081 = ORIENTED_EDGE('',*,*,#1082,.T.);
#1082 = EDGE_CURVE('',#1055,#1083,#1085,.T.);
#1083 = VERTEX_POINT('',#1084);
#1084 = CARTESIAN_POINT('',(0.,6.,99.5));
#1085 = SURFACE_CURVE('',#1086,(#1090,#1097),.PCURVE_S1.);
#1086 = LINE('',#1087,#1088);
#1087 = CARTESIAN_POINT('',(0.,6.,46.25));
#1088 = VECTOR('',#1089,1.);
#1089 = DIRECTION('',(0.,0.,1.));
#1090 = PCURVE('',#32,#1091);
#1091 = DEFINITIONAL_REPRESENTATION('',(#1092),#1096);
#1092 = LINE('',#1093,#1094);
#1093 = CARTESIAN_POINT('',(46.25,-6.));
#1094 = VECTOR('',#1095,1.);
#1095 = DIRECTION('',(1.,0.));
#1096 = ( GEOMETRIC_REPRESENTATION_CONTEXT(2) 
PARAMETRIC_REPRESENTATION_CONTEXT() REPRESENTATION_CONTEXT('2D SPACE',''
  ) );
#1097 = PCURVE('',#1098,#1103);
#1098 = PLANE('',#1099);
#1099 = AXIS2_PLACEMENT_3D('',#1100,#1101,#1102);
#1100 = CARTESIAN_POINT('',(-1.,6.,92.5));
#1101 = DIRECTION('',(0.,1.,0.));
#1102 = DIRECTION('',(0.,0.,1.));
#1103 = DEFINITIONAL_REPRESENTATION('',(#1104),#1108);
#1104 = LINE('',#1105,#1106);
#1105 = CARTESIAN_POINT('',(-46.25,1.));
#1106 = VECTOR('',#1107,1.);
#1107 = DIRECTION('',(1.,0.));
#1108 = ( GEOMETRIC_REPRESENTATION_CONTEXT(2) 
PARAMETRIC_REPRESENTATION_CONTEXT() REPRESENTATION_CONTEXT('2D SPACE',''
  ) );
#1109 = ORIENTED_EDGE('',*,*,#1110,.F.);
#1110 = EDGE_CURVE('',#1111,#1083,#1113,.T.);
#1111 = VERTEX_POINT('',#1112);
#1112 = CARTESIAN_POINT('',(0.,14.,99.5));
#1113 = SURFACE_CURVE('',#1114,(#1118,#1125),.PCURVE_S1.);
#1114 = LINE('',#1115,#1116);
#1115 = CARTESIAN_POINT('',(0.,3.,99.5));
#1116 = VECTOR('',#1117,1.);
#1117 = DIRECTION('',(0.,-1.,0.));
#1118 = PCURVE('',#32,#1119);
#1119 = DEFINITIONAL_REPRESENTATION('',(#1120),#1124);
#1120 = LINE('',#1121,#1122);
#1121 = CARTESIAN_POINT('',(99.5,-3.));
#1122 = VECTOR('',#1123,1.);
#1123 = DIRECTION('',(0.,1.));
#1124 = ( GEOMETRIC_REPRESENTATION_CONTEXT(2) 
PARAMETRIC_REPRESENTATION_CONTEXT() REPRESENTATION_CONTEXT('2D SPACE',''
  ) );
#1125 = PCURVE('',#1126,#1131);
#1126 = PLANE('',#1127);
#1127 = AXIS2_PLACEMENT_3D('',#1128,#1129,#1130);
#1128 = CARTESIAN_POINT('',(-1.,6.,99.5));
#1129 = DIRECTION('',(0.,0.,1.));
#1130 = DIRECTION('',(1.,0.,0.));
#1131 = DEFINITIONAL_REPRESENTATION('',(#1132),#1136);
#1132 = LINE('',#1133,#1134);
#1133 = CARTESIAN_POINT('',(1.,-3.));
#1134 = VECTOR('',#1135,1.);
#1135 = DIRECTION('',(0.,-1.));
#1136 = ( GEOMETRIC_REPRESENTATION_CONTEXT(2) 
PARAMETRIC_REPRESENTATION_CONTEXT() REPRESENTATION_CONTEXT('2D SPACE',''
  ) );
#1137 = ORIENTED_EDGE('',*,*,#1138,.F.);
#1138 = EDGE_CURVE('',#1053,#1111,#1139,.T.);
#1139 = SURFACE_CURVE('',#1140,(#1144,#1151),.PCURVE_S1.);
#1140 = LINE('',#1141,#1142);
#1141 = CARTESIAN_POINT('',(0.,14.,46.25));
#1142 = VECTOR('',#1143,1.);
#1143 = DIRECTION('',(0.,0.,1.));
#1144 = PCURVE('',#32,#1145);
#1145 = DEFINITIONAL_REPRESENTATION('',(#1146),#1150);
#1146 = LINE('',#1147,#1148);
#1147 = CARTESIAN_POINT('',(46.25,-14.));
#1148 = VECTOR('',#1149,1.);
#1149 = DIRECTION('',(1.,0.));
#1150 = ( GEOMETRIC_REPRESENTATION_CONTEXT(2) 
PARAMETRIC_REPRESENTATION_CONTEXT() REPRESENTATION_CONTEXT('2D SPACE',''
  ) );
#1151 = PCURVE('',#1152,#1157);
#1152 = PLANE('',#1153);
#1153 = AXIS2_PLACEMENT_3D('',#1154,#1155,#1156);
#1154 = CARTESIAN_POINT('',(-1.,14.,92.5));
#1155 = DIRECTION('',(0.,1.,0.));
#1156 = DIRECTION('',(0.,0.,1.));
#1157 = DEFINITIONAL_REPRESENTATION('',(#1158),#1162);
#1158 = LINE('',#1159,#1160);
#1159 = CARTESIAN_POINT('',(-46.25,1.));
#1160 = VECTOR('',#1161,1.);
#1161 = DIRECTION('',(1.,0.));
#1162 = ( GEOMETRIC_REPRESENTATION_CONTEXT(2) 
PARAMETRIC_REPRESENTATION_CONTEXT() REPRESENTATION_CONTEXT('2D SPACE',''
  ) );
#1163 = FACE_BOUND('',#1164,.F.);
#1164 = EDGE_LOOP('',(#1165,#1195,#1223,#1251));
#1165 = ORIENTED_EDGE('',*,*,#1166,.T.);
#1166 = EDGE_CURVE('',#1167,#1169,#1171,.T.);
#1167 = VERTEX_POINT('',#1168);
#1168 = CARTESIAN_POINT('',(0.,14.,102.5));
#1169 = VERTEX_POINT('',#1170);
#1170 = CARTESIAN_POINT('',(0.,6.,102.5));
#1171 = SURFACE_CURVE('',#1172,(#1176,#1183),.PCURVE_S1.);
#1172 = LINE('',#1173,#1174);
#1173 = CARTESIAN_POINT('',(0.,3.,102.5));
#1174 = VECTOR('',#1175,1.);
#1175 = DIRECTION('',(0.,-1.,0.));
#1176 = PCURVE('',#32,#1177);
#1177 = DEFINITIONAL_REPRESENTATION('',(#1178),#1182);
#1178 = LINE('',#1179,#1180);
#1179 = CARTESIAN_POINT('',(102.5,-3.));
#1180 = VECTOR('',#1181,1.);
#1181 = DIRECTION('',(0.,1.));
#1182 = ( GEOMETRIC_REPRESENTATION_CONTEXT(2) 
PARAMETRIC_REPRESENTATION_CONTEXT() REPRESENTATION_CONTEXT('2D SPACE',''
  ) );
#1183 = PCURVE('',#1184,#1189);
#1184 = PLANE('',#1185);
#1185 = AXIS2_PLACEMENT_3D('',#1186,#1187,#1188);
#1186 = CARTESIAN_POINT('',(-1.,6.,102.5));
#1187 = DIRECTION('',(0.,0.,1.));
#1188 = DIRECTION('',(1.,0.,0.));
#1189 = DEFINITIONAL_REPRESENTATION('',(#1190),#1194);
#1190 = LINE('',#1191,#1192);
#1191 = CARTESIAN_POINT('',(1.,-3.));
#1192 = VECTOR('',#1193,1.);
#1193 = DIRECTION('',(0.,-1.));
#1194 = ( GEOMETRIC_REPRESENTATION_CONTEXT(2) 
PARAMETRIC_REPRESENTATION_CONTEXT() REPRESENTATION_CONTEXT('2D SPACE',''
  ) );
#1195 = ORIENTED_EDGE('',*,*,#1196,.T.);
#1196 = EDGE_CURVE('',#1169,#1197,#1199,.T.);
#1197 = VERTEX_POINT('',#1198);
#1198 = CARTESIAN_POINT('',(0.,6.,109.5));
#1199 = SURFACE_CURVE('',#1200,(#1204,#1211),.PCURVE_S1.);
#1200 = LINE('',#1201,#1202);
#1201 = CARTESIAN_POINT('',(0.,6.,51.25));
#1202 = VECTOR('',#1203,1.);
#1203 = DIRECTION('',(0.,0.,1.));
#1204 = PCURVE('',#32,#1205);
#1205 = DEFINITIONAL_REPRESENTATION('',(#1206),#1210);
#1206 = LINE('',#1207,#1208);
#1207 = CARTESIAN_POINT('',(51.25,-6.));
#1208 = VECTOR('',#1209,1.);
#1209 = DIRECTION('',(1.,0.));
#1210 = ( GEOMETRIC_REPRESENTATION_CONTEXT(2) 
PARAMETRIC_REPRESENTATION_CONTEXT() REPRESENTATION_CONTEXT('2D SPACE',''
  ) );
#1211 = PCURVE('',#1212,#1217);
#1212 = PLANE('',#1213);
#1213 = AXIS2_PLACEMENT_3D('',#1214,#1215,#1216);
#1214 = CARTESIAN_POINT('',(-1.,6.,102.5));
#1215 = DIRECTION('',(0.,1.,0.));
#1216 = DIRECTION('',(0.,0.,1.));
#1217 = DEFINITIONAL_REPRESENTATION('',(#1218),#1222);
#1218 = LINE('',#1219,#1220);
#1219 = CARTESIAN_POINT('',(-51.25,1.));
#1220 = VECTOR('',#1221,1.);
#1221 = DIRECTION('',(1.,0.));
#1222 = ( GEOMETRIC_REPRESENTATION_CONTEXT(2) 
PARAMETRIC_REPRESENTATION_CONTEXT() REPRESENTATION_CONTEXT('2D SPACE',''
  ) );
#1223 = ORIENTED_EDGE('',*,*,#1224,.F.);
#1224 = EDGE_CURVE('',#1225,#1197,#1227,.T.);
#1225 = VERTEX_POINT('',#1226);
#1226 = CARTESIAN_POINT('',(0.,14.,109.5));
#1227 = SURFACE_CURVE('',#1228,(#1232,#1239),.PCURVE_S1.);
#1228 = LINE('',#1229,#1230);
#1229 = CARTESIAN_POINT('',(0.,3.,109.5));
#1230 = VECTOR('',#1231,1.);
#1231 = DIRECTION('',(0.,-1.,0.));
#1232 = PCURVE('',#32,#1233);
#1233 = DEFINITIONAL_REPRESENTATION('',(#1234),#1238);
#1234 = LINE('',#1235,#1236);
#1235 = CARTESIAN_POINT('',(109.5,-3.));
#1236 = VECTOR('',#1237,1.);
#1237 = DIRECTION('',(0.,1.));
#1238 = ( GEOMETRIC_REPRESENTATION_CONTEXT(2) 
PARAMETRIC_REPRESENTATION_CONTEXT() REPRESENTATION_CONTEXT('2D SPACE',''
  ) );
#1239 = PCURVE('',#1240,#1245);
#1240 = PLANE('',#1241);
#1241 = AXIS2_PLACEMENT_3D('',#1242,#1243,#1244);
#1242 = CARTESIAN_POINT('',(-1.,6.,109.5));
#1243 = DIRECTION('',(0.,0.,1.));
#1244 = DIRECTION('',(1.,0.,0.));
#1245 = DEFINITIONAL_REPRESENTATION('',(#1246),#1250);
#1246 = LINE('',#1247,#1248);
#1247 = CARTESIAN_POINT('',(1.,-3.));
#1248 = VECTOR('',#1249,1.);
#1249 = DIRECTION('',(0.,-1.));
#1250 = ( GEOMETRIC_REPRESENTATION_CONTEXT(2) 
PARAMETRIC_REPRESENTATION_CONTEXT() REPRESENTATION_CONTEXT('2D SPACE',''
  ) );
#1251 = ORIENTED_EDGE('',*,*,#1252,.F.);
#1252 = EDGE_CURVE('',#1167,#1225,#1253,.T.);
#1253 = SURFACE_CURVE('',#1254,(#1258,#1265),.PCURVE_S1.);
#1254 = LINE('',#1255,#1256);
#1255 = CARTESIAN_POINT('',(0.,14.,51.25));
#1256 = VECTOR('',#1257,1.);
#1257 = DIRECTION('',(0.,0.,1.));
#1258 = PCURVE('',#32,#1259);
#1259 = DEFINITIONAL_REPRESENTATION('',(#1260),#1264);
#1260 = LINE('',#1261,#1262);
#1261 = CARTESIAN_POINT('',(51.25,-14.));
#1262 = VECTOR('',#1263,1.);
#1263 = DIRECTION('',(1.,0.));
#1264 = ( GEOMETRIC_REPRESENTATION_CONTEXT(2) 
PARAMETRIC_REPRESENTATION_CONTEXT() REPRESENTATION_CONTEXT('2D SPACE',''
  ) );
#1265 = PCURVE('',#1266,#1271);
#1266 = PLANE('',#1267);
#1267 = AXIS2_PLACEMENT_3D('',#1268,#1269,#1270);
#1268 = CARTESIAN_POINT('',(-1.,14.,102.5));
#1269 = DIRECTION('',(0.,1.,0.));
#1270 = DIRECTION('',(0.,0.,1.));
#1271 = DEFINITIONAL_REPRESENTATION('',(#1272),#1276);
#1272 = LINE('',#1273,#1274);
#1273 = CARTESIAN_POINT('',(-51.25,1.));
#1274 = VECTOR('',#1275,1.);
#1275 = DIRECTION('',(1.,0.));
#1276 = ( GEOMETRIC_REPRESENTATION_CONTEXT(2) 
PARAMETRIC_REPRESENTATION_CONTEXT() REPRESENTATION_CONTEXT('2D SPACE',''
  ) );
#1277 = FACE_BOUND('',#1278,.F.);
#1278 = EDGE_LOOP('',(#1279,#1309,#1337,#1365));
#1279 = ORIENTED_EDGE('',*,*,#1280,.T.);
#1280 = EDGE_CURVE('',#1281,#1283,#1285,.T.);
#1281 = VERTEX_POINT('',#1282);
#1282 = CARTESIAN_POINT('',(0.,14.,112.5));
#1283 = VERTEX_POINT('',#1284);
#1284 = CARTESIAN_POINT('',(0.,6.,112.5));
#1285 = SURFACE_CURVE('',#1286,(#1290,#1297),.PCURVE_S1.);
#1286 = LINE('',#1287,#1288);
#1287 = CARTESIAN_POINT('',(0.,3.,112.5));
#1288 = VECTOR('',#1289,1.);
#1289 = DIRECTION('',(0.,-1.,0.));
#1290 = PCURVE('',#32,#1291);
#1291 = DEFINITIONAL_REPRESENTATION('',(#1292),#1296);
#1292 = LINE('',#1293,#1294);
#1293 = CARTESIAN_POINT('',(112.5,-3.));
#1294 = VECTOR('',#1295,1.);
#1295 = DIRECTION('',(0.,1.));
#1296 = ( GEOMETRIC_REPRESENTATION_CONTEXT(2) 
PARAMETRIC_REPRESENTATION_CONTEXT() REPRESENTATION_CONTEXT('2D SPACE',''
  ) );
#1297 = PCURVE('',#1298,#1303);
#1298 = PLANE('',#1299);
#1299 = AXIS2_PLACEMENT_3D('',#1300,#1301,#1302);
#1300 = CARTESIAN_POINT('',(-1.,6.,112.5));
#1301 = DIRECTION('',(0.,0.,1.));
#1302 = DIRECTION('',(1.,0.,0.));
#1303 = DEFINITIONAL_REPRESENTATION('',(#1304),#1308);
#1304 = LINE('',#1305,#1306);
#1305 = CARTESIAN_POINT('',(1.,-3.));
#1306 = VECTOR('',#1307,1.);
#1307 = DIRECTION('',(0.,-1.));
#1308 = ( GEOMETRIC_REPRESENTATION_CONTEXT(2) 
PARAMETRIC_REPRESENTATION_CONTEXT() REPRESENTATION_CONTEXT('2D SPACE',''
  ) );
#1309 = ORIENTED_EDGE('',*,*,#1310,.T.);
#1310 = EDGE_CURVE('',#1283,#1311,#1313,.T.);
#1311 = VERTEX_POINT('',#1312);
#1312 = CARTESIAN_POINT('',(0.,6.,119.5));
#1313 = SURFACE_CURVE('',#1314,(#1318,#1325),.PCURVE_S1.);
#1314 = LINE('',#1315,#1316);
#1315 = CARTESIAN_POINT('',(0.,6.,56.25));
#1316 = VECTOR('',#1317,1.);
#1317 = DIRECTION('',(0.,0.,1.));
#1318 = PCURVE('',#32,#1319);
#1319 = DEFINITIONAL_REPRESENTATION('',(#1320),#1324);
#1320 = LINE('',#1321,#1322);
#1321 = CARTESIAN_POINT('',(56.25,-6.));
#1322 = VECTOR('',#1323,1.);
#1323 = DIRECTION('',(1.,0.));
#1324 = ( GEOMETRIC_REPRESENTATION_CONTEXT(2) 
PARAMETRIC_REPRESENTATION_CONTEXT() REPRESENTATION_CONTEXT('2D SPACE',''
  ) );
#1325 = PCURVE('',#1326,#1331);
#1326 = PLANE('',#1327);
#1327 = AXIS2_PLACEMENT_3D('',#1328,#1329,#1330);
#1328 = CARTESIAN_POINT('',(-1.,6.,112.5));
#1329 = DIRECTION('',(0.,1.,0.));
#1330 = DIRECTION('',(0.,0.,1.));
#1331 = DEFINITIONAL_REPRESENTATION('',(#1332),#1336);
#1332 = LINE('',#1333,#1334);
#1333 = CARTESIAN_POINT('',(-56.25,1.));
#1334 = VECTOR('',#1335,1.);
#1335 = DIRECTION('',(1.,0.));
#1336 = ( GEOMETRIC_REPRESENTATION_CONTEXT(2) 
PARAMETRIC_REPRESENTATION_CONTEXT() REPRESENTATION_CONTEXT('2D SPACE',''
  ) );
#1337 = ORIENTED_EDGE('',*,*,#1338,.F.);
#1338 = EDGE_CURVE('',#1339,#1311,#1341,.T.);
#1339 = VERTEX_POINT('',#1340);
#1340 = CARTESIAN_POINT('',(0.,14.,119.5));
#1341 = SURFACE_CURVE('',#1342,(#1346,#1353),.PCURVE_S1.);
#1342 = LINE('',#1343,#1344);
#1343 = CARTESIAN_POINT('',(0.,3.,119.5));
#1344 = VECTOR('',#1345,1.);
#1345 = DIRECTION('',(0.,-1.,0.));
#1346 = PCURVE('',#32,#1347);
#1347 = DEFINITIONAL_REPRESENTATION('',(#1348),#1352);
#1348 = LINE('',#1349,#1350);
#1349 = CARTESIAN_POINT('',(119.5,-3.));
#1350 = VECTOR('',#1351,1.);
#1351 = DIRECTION('',(0.,1.));
#1352 = ( GEOMETRIC_REPRESENTATION_CONTEXT(2) 
PARAMETRIC_REPRESENTATION_CONTEXT() REPRESENTATION_CONTEXT('2D SPACE',''
  ) );
#1353 = PCURVE('',#1354,#1359);
#1354 = PLANE('',#1355);
#1355 = AXIS2_PLACEMENT_3D('',#1356,#1357,#1358);
#1356 = CARTESIAN_POINT('',(-1.,6.,119.5));
#1357 = DIRECTION('',(0.,0.,1.));
#1358 = DIRECTION('',(1.,0.,0.));
#1359 = DEFINITIONAL_REPRESENTATION('',(#1360),#1364);
#1360 = LINE('',#1361,#1362);
#1361 = CARTESIAN_POINT('',(1.,-3.));
#1362 = VECTOR('',#1363,1.);
#1363 = DIRECTION('',(0.,-1.));
#1364 = ( GEOMETRIC_REPRESENTATION_CONTEXT(2) 
PARAMETRIC_REPRESENTATION_CONTEXT() REPRESENTATION_CONTEXT('2D SPACE',''
  ) );
#1365 = ORIENTED_EDGE('',*,*,#1366,.F.);
#1366 = EDGE_CURVE('',#1281,#1339,#1367,.T.);
#1367 = SURFACE_CURVE('',#1368,(#1372,#1379),.PCURVE_S1.);
#1368 = LINE('',#1369,#1370);
#1369 = CARTESIAN_POINT('',(0.,14.,56.25));
#1370 = VECTOR('',#1371,1.);
#1371 = DIRECTION('',(0.,0.,1.));
#1372 = PCURVE('',#32,#1373);
#1373 = DEFINITIONAL_REPRESENTATION('',(#1374),#1378);
#1374 = LINE('',#1375,#1376);
#1375 = CARTESIAN_POINT('',(56.25,-14.));
#1376 = VECTOR('',#1377,1.);
#1377 = DIRECTION('',(1.,0.));
#1378 = ( GEOMETRIC_REPRESENTATION_CONTEXT(2) 
PARAMETRIC_REPRESENTATION_CONTEXT() REPRESENTATION_CONTEXT('2D SPACE',''
  ) );
#1379 = PCURVE('',#1380,#1385);
#1380 = PLANE('',#1381);
#1381 = AXIS2_PLACEMENT_3D('',#1382,#1383,#1384);
#1382 = CARTESIAN_POINT('',(-1.,14.,112.5));
#1383 = DIRECTION('',(0.,1.,0.));
#1384 = DIRECTION('',(0.,0.,1.));
#1385 = DEFINITIONAL_REPRESENTATION('',(#1386),#1390);
#1386 = LINE('',#1387,#1388);
#1387 = CARTESIAN_POINT('',(-56.25,1.));
#1388 = VECTOR('',#1389,1.);
#1389 = DIRECTION('',(1.,0.));
#1390 = ( GEOMETRIC_REPRESENTATION_CONTEXT(2) 
PARAMETRIC_REPRESENTATION_CONTEXT() REPRESENTATION_CONTEXT('2D SPACE',''
  ) );
#1391 = FACE_BOUND('',#1392,.F.);
#1392 = EDGE_LOOP('',(#1393,#1423,#1451,#1479));
#1393 = ORIENTED_EDGE('',*,*,#1394,.T.);
#1394 = EDGE_CURVE('',#1395,#1397,#1399,.T.);
#1395 = VERTEX_POINT('',#1396);
#1396 = CARTESIAN_POINT('',(0.,14.,122.5));
#1397 = VERTEX_POINT('',#1398);
#1398 = CARTESIAN_POINT('',(0.,6.,122.5));
#1399 = SURFACE_CURVE('',#1400,(#1404,#1411),.PCURVE_S1.);
#1400 = LINE('',#1401,#1402);
#1401 = CARTESIAN_POINT('',(0.,3.,122.5));
#1402 = VECTOR('',#1403,1.);
#1403 = DIRECTION('',(0.,-1.,0.));
#1404 = PCURVE('',#32,#1405);
#1405 = DEFINITIONAL_REPRESENTATION('',(#1406),#1410);
#1406 = LINE('',#1407,#1408);
#1407 = CARTESIAN_POINT('',(122.5,-3.));
#1408 = VECTOR('',#1409,1.);
#1409 = DIRECTION('',(0.,1.));
#1410 = ( GEOMETRIC_REPRESENTATION_CONTEXT(2) 
PARAMETRIC_REPRESENTATION_CONTEXT() REPRESENTATION_CONTEXT('2D SPACE',''
  ) );
#1411 = PCURVE('',#1412,#1417);
#1412 = PLANE('',#1413);
#1413 = AXIS2_PLACEMENT_3D('',#1414,#1415,#1416);
#1414 = CARTESIAN_POINT('',(-1.,6.,122.5));
#1415 = DIRECTION('',(0.,0.,1.));
#1416 = DIRECTION('',(1.,0.,0.));
#1417 = DEFINITIONAL_REPRESENTATION('',(#1418),#1422);
#1418 = LINE('',#1419,#1420);
#1419 = CARTESIAN_POINT('',(1.,-3.));
#1420 = VECTOR('',#1421,1.);
#1421 = DIRECTION('',(0.,-1.));
#1422 = ( GEOMETRIC_REPRESENTATION_CONTEXT(2) 
PARAMETRIC_REPRESENTATION_CONTEXT() REPRESENTATION_CONTEXT('2D SPACE',''
  ) );
#1423 = ORIENTED_EDGE('',*,*,#1424,.T.);
#1424 = EDGE_CURVE('',#1397,#1425,#1427,.T.);
#1425 = VERTEX_POINT('',#1426);
#1426 = CARTESIAN_POINT('',(0.,6.,129.5));
#1427 = SURFACE_CURVE('',#1428,(#1432,#1439),.PCURVE_S1.);
#1428 = LINE('',#1429,#1430);
#1429 = CARTESIAN_POINT('',(0.,6.,61.25));
#1430 = VECTOR('',#1431,1.);
#1431 = DIRECTION('',(0.,0.,1.));
#1432 = PCURVE('',#32,#1433);
#1433 = DEFINITIONAL_REPRESENTATION('',(#1434),#1438);
#1434 = LINE('',#1435,#1436);
#1435 = CARTESIAN_POINT('',(61.25,-6.));
#1436 = VECTOR('',#1437,1.);
#1437 = DIRECTION('',(1.,0.));
#1438 = ( GEOMETRIC_REPRESENTATION_CONTEXT(2) 
PARAMETRIC_REPRESENTATION_CONTEXT() REPRESENTATION_CONTEXT('2D SPACE',''
  ) );
#1439 = PCURVE('',#1440,#1445);
#1440 = PLANE('',#1441);
#1441 = AXIS2_PLACEMENT_3D('',#1442,#1443,#1444);
#1442 = CARTESIAN_POINT('',(-1.,6.,122.5));
#1443 = DIRECTION('',(0.,1.,0.));
#1444 = DIRECTION('',(0.,0.,1.));
#1445 = DEFINITIONAL_REPRESENTATION('',(#1446),#1450);
#1446 = LINE('',#1447,#1448);
#1447 = CARTESIAN_POINT('',(-61.25,1.));
#1448 = VECTOR('',#1449,1.);
#1449 = DIRECTION('',(1.,0.));
#1450 = ( GEOMETRIC_REPRESENTATION_CONTEXT(2) 
PARAMETRIC_REPRESENTATION_CONTEXT() REPRESENTATION_CONTEXT('2D SPACE',''
  ) );
#1451 = ORIENTED_EDGE('',*,*,#1452,.F.);
#1452 = EDGE_CURVE('',#1453,#1425,#1455,.T.);
#1453 = VERTEX_POINT('',#1454);
#1454 = CARTESIAN_POINT('',(0.,14.,129.5));
#1455 = SURFACE_CURVE('',#1456,(#1460,#1467),.PCURVE_S1.);
#1456 = LINE('',#1457,#1458);
#1457 = CARTESIAN_POINT('',(0.,3.,129.5));
#1458 = VECTOR('',#1459,1.);
#1459 = DIRECTION('',(0.,-1.,0.));
#1460 = PCURVE('',#32,#1461);
#1461 = DEFINITIONAL_REPRESENTATION('',(#1462),#1466);
#1462 = LINE('',#1463,#1464);
#1463 = CARTESIAN_POINT('',(129.5,-3.));
#1464 = VECTOR('',#1465,1.);
#1465 = DIRECTION('',(0.,1.));
#1466 = ( GEOMETRIC_REPRESENTATION_CONTEXT(2) 
PARAMETRIC_REPRESENTATION_CONTEXT() REPRESENTATION_CONTEXT('2D SPACE',''
  ) );
#1467 = PCURVE('',#1468,#1473);
#1468 = PLANE('',#1469);
#1469 = AXIS2_PLACEMENT_3D('',#1470,#1471,#1472);
#1470 = CARTESIAN_POINT('',(-1.,6.,129.5));
#1471 = DIRECTION('',(0.,0.,1.));
#1472 = DIRECTION('',(1.,0.,0.));
#1473 = DEFINITIONAL_REPRESENTATION('',(#1474),#1478);
#1474 = LINE('',#1475,#1476);
#1475 = CARTESIAN_POINT('',(1.,-3.));
#1476 = VECTOR('',#1477,1.);
#1477 = DIRECTION('',(0.,-1.));
#1478 = ( GEOMETRIC_REPRESENTATION_CONTEXT(2) 
PARAMETRIC_REPRESENTATION_CONTEXT() REPRESENTATION_CONTEXT('2D SPACE',''
  ) );
#1479 = ORIENTED_EDGE('',*,*,#1480,.F.);
#1480 = EDGE_CURVE('',#1395,#1453,#1481,.T.);
#1481 = SURFACE_CURVE('',#1482,(#1486,#1493),.PCURVE_S1.);
#1482 = LINE('',#1483,#1484);
#1483 = CARTESIAN_POINT('',(0.,14.,61.25));
#1484 = VECTOR('',#1485,1.);
#1485 = DIRECTION('',(0.,0.,1.));
#1486 = PCURVE('',#32,#1487);
#1487 = DEFINITIONAL_REPRESENTATION('',(#1488),#1492);
#1488 = LINE('',#1489,#1490);
#1489 = CARTESIAN_POINT('',(61.25,-14.));
#1490 = VECTOR('',#1491,1.);
#1491 = DIRECTION('',(1.,0.));
#1492 = ( GEOMETRIC_REPRESENTATION_CONTEXT(2) 
PARAMETRIC_REPRESENTATION_CONTEXT() REPRESENTATION_CONTEXT('2D SPACE',''
  ) );
#1493 = PCURVE('',#1494,#1499);
#1494 = PLANE('',#1495);
#1495 = AXIS2_PLACEMENT_3D('',#1496,#1497,#1498);
#1496 = CARTESIAN_POINT('',(-1.,14.,122.5));
#1497 = DIRECTION('',(0.,1.,0.));
#1498 = DIRECTION('',(0.,0.,1.));
#1499 = DEFINITIONAL_REPRESENTATION('',(#1500),#1504);
#1500 = LINE('',#1501,#1502);
#1501 = CARTESIAN_POINT('',(-61.25,1.));
#1502 = VECTOR('',#1503,1.);
#1503 = DIRECTION('',(1.,0.));
#1504 = ( GEOMETRIC_REPRESENTATION_CONTEXT(2) 
PARAMETRIC_REPRESENTATION_CONTEXT() REPRESENTATION_CONTEXT('2D SPACE',''
  ) );
#1505 = FACE_BOUND('',#1506,.F.);
#1506 = EDGE_LOOP('',(#1507,#1537,#1565,#1593));
#1507 = ORIENTED_EDGE('',*,*,#1508,.T.);
#1508 = EDGE_CURVE('',#1509,#1511,#1513,.T.);
#1509 = VERTEX_POINT('',#1510);
#1510 = CARTESIAN_POINT('',(0.,14.,132.5));
#1511 = VERTEX_POINT('',#1512);
#1512 = CARTESIAN_POINT('',(0.,6.,132.5));
#1513 = SURFACE_CURVE('',#1514,(#1518,#1525),.PCURVE_S1.);
#1514 = LINE('',#1515,#1516);
#1515 = CARTESIAN_POINT('',(0.,3.,132.5));
#1516 = VECTOR('',#1517,1.);
#1517 = DIRECTION('',(0.,-1.,0.));
#1518 = PCURVE('',#32,#1519);
#1519 = DEFINITIONAL_REPRESENTATION('',(#1520),#1524);
#1520 = LINE('',#1521,#1522);
#1521 = CARTESIAN_POINT('',(132.5,-3.));
#1522 = VECTOR('',#1523,1.);
#1523 = DIRECTION('',(0.,1.));
#1524 = ( GEOMETRIC_REPRESENTATION_CONTEXT(2) 
PARAMETRIC_REPRESENTATION_CONTEXT() REPRESENTATION_CONTEXT('2D SPACE',''
  ) );
#1525 = PCURVE('',#1526,#1531);
#1526 = PLANE('',#1527);
#1527 = AXIS2_PLACEMENT_3D('',#1528,#1529,#1530);
#1528 = CARTESIAN_POINT('',(-1.,6.,132.5));
#1529 = DIRECTION('',(0.,0.,1.));
#1530 = DIRECTION('',(1.,0.,0.));
#1531 = DEFINITIONAL_REPRESENTATION('',(#1532),#1536);
#1532 = LINE('',#1533,#1534);
#1533 = CARTESIAN_POINT('',(1.,-3.));
#1534 = VECTOR('',#1535,1.);
#1535 = DIRECTION('',(0.,-1.));
#1536 = ( GEOMETRIC_REPRESENTATION_CONTEXT(2) 
PARAMETRIC_REPRESENTATION_CONTEXT() REPRESENTATION_CONTEXT('2D SPACE',''
  ) );
#1537 = ORIENTED_EDGE('',*,*,#1538,.T.);
#1538 = EDGE_CURVE('',#1511,#1539,#1541,.T.);
#1539 = VERTEX_POINT('',#1540);
#1540 = CARTESIAN_POINT('',(0.,6.,139.5));
#1541 = SURFACE_CURVE('',#1542,(#1546,#1553),.PCURVE_S1.);
#1542 = LINE('',#1543,#1544);
#1543 = CARTESIAN_POINT('',(0.,6.,66.25));
#1544 = VECTOR('',#1545,1.);
#1545 = DIRECTION('',(0.,0.,1.));
#1546 = PCURVE('',#32,#1547);
#1547 = DEFINITIONAL_REPRESENTATION('',(#1548),#1552);
#1548 = LINE('',#1549,#1550);
#1549 = CARTESIAN_POINT('',(66.25,-6.));
#1550 = VECTOR('',#1551,1.);
#1551 = DIRECTION('',(1.,0.));
#1552 = ( GEOMETRIC_REPRESENTATION_CONTEXT(2) 
PARAMETRIC_REPRESENTATION_CONTEXT() REPRESENTATION_CONTEXT('2D SPACE',''
  ) );
#1553 = PCURVE('',#1554,#1559);
#1554 = PLANE('',#1555);
#1555 = AXIS2_PLACEMENT_3D('',#1556,#1557,#1558);
#1556 = CARTESIAN_POINT('',(-1.,6.,132.5));
#1557 = DIRECTION('',(0.,1.,0.));
#1558 = DIRECTION('',(0.,0.,1.));
#1559 = DEFINITIONAL_REPRESENTATION('',(#1560),#1564);
#1560 = LINE('',#1561,#1562);
#1561 = CARTESIAN_POINT('',(-66.25,1.));
#1562 = VECTOR('',#1563,1.);
#1563 = DIRECTION('',(1.,0.));
#1564 = ( GEOMETRIC_REPRESENTATION_CONTEXT(2) 
PARAMETRIC_REPRESENTATION_CONTEXT() REPRESENTATION_CONTEXT('2D SPACE',''
  ) );
#1565 = ORIENTED_EDGE('',*,*,#1566,.F.);
#1566 = EDGE_CURVE('',#1567,#1539,#1569,.T.);
#1567 = VERTEX_POINT('',#1568);
#1568 = CARTESIAN_POINT('',(0.,14.,139.5));
#1569 = SURFACE_CURVE('',#1570,(#1574,#1581),.PCURVE_S1.);
#1570 = LINE('',#1571,#1572);
#1571 = CARTESIAN_POINT('',(0.,3.,139.5));
#1572 = VECTOR('',#1573,1.);
#1573 = DIRECTION('',(0.,-1.,0.));
#1574 = PCURVE('',#32,#1575);
#1575 = DEFINITIONAL_REPRESENTATION('',(#1576),#1580);
#1576 = LINE('',#1577,#1578);
#1577 = CARTESIAN_POINT('',(139.5,-3.));
#1578 = VECTOR('',#1579,1.);
#1579 = DIRECTION('',(0.,1.));
#1580 = ( GEOMETRIC_REPRESENTATION_CONTEXT(2) 
PARAMETRIC_REPRESENTATION_CONTEXT() REPRESENTATION_CONTEXT('2D SPACE',''
  ) );
#1581 = PCURVE('',#1582,#1587);
#1582 = PLANE('',#1583);
#1583 = AXIS2_PLACEMENT_3D('',#1584,#1585,#1586);
#1584 = CARTESIAN_POINT('',(-1.,6.,139.5));
#1585 = DIRECTION('',(0.,0.,1.));
#1586 = DIRECTION('',(1.,0.,0.));
#1587 = DEFINITIONAL_REPRESENTATION('',(#1588),#1592);
#1588 = LINE('',#1589,#1590);
#1589 = CARTESIAN_POINT('',(1.,-3.));
#1590 = VECTOR('',#1591,1.);
#1591 = DIRECTION('',(0.,-1.));
#1592 = ( GEOMETRIC_REPRESENTATION_CONTEXT(2) 
PARAMETRIC_REPRESENTATION_CONTEXT() REPRESENTATION_CONTEXT('2D SPACE',''
  ) );
#1593 = ORIENTED_EDGE('',*,*,#1594,.F.);
#1594 = EDGE_CURVE('',#1509,#1567,#1595,.T.);
#1595 = SURFACE_CURVE('',#1596,(#1600,#1607),.PCURVE_S1.);
#1596 = LINE('',#1597,#1598);
#1597 = CARTESIAN_POINT('',(0.,14.,66.25));
#1598 = VECTOR('',#1599,1.);
#1599 = DIRECTION('',(0.,0.,1.));
#1600 = PCURVE('',#32,#1601);
#1601 = DEFINITIONAL_REPRESENTATION('',(#1602),#1606);
#1602 = LINE('',#1603,#1604);
#1603 = CARTESIAN_POINT('',(66.25,-14.));
#1604 = VECTOR('',#1605,1.);
#1605 = DIRECTION('',(1.,0.));
#1606 = ( GEOMETRIC_REPRESENTATION_CONTEXT(2) 
PARAMETRIC_REPRESENTATION_CONTEXT() REPRESENTATION_CONTEXT('2D SPACE',''
  ) );
#1607 = PCURVE('',#1608,#1613);
#1608 = PLANE('',#1609);
#1609 = AXIS2_PLACEMENT_3D('',#1610,#1611,#1612);
#1610 = CARTESIAN_POINT('',(-1.,14.,132.5));
#1611 = DIRECTION('',(0.,1.,0.));
#1612 = DIRECTION('',(0.,0.,1.));
#1613 = DEFINITIONAL_REPRESENTATION('',(#1614),#1618);
#1614 = LINE('',#1615,#1616);
#1615 = CARTESIAN_POINT('',(-66.25,1.));
#1616 = VECTOR('',#1617,1.);
#1617 = DIRECTION('',(1.,0.));
#1618 = ( GEOMETRIC_REPRESENTATION_CONTEXT(2) 
PARAMETRIC_REPRESENTATION_CONTEXT() REPRESENTATION_CONTEXT('2D SPACE',''
  ) );
#1619 = FACE_BOUND('',#1620,.F.);
#1620 = EDGE_LOOP('',(#1621,#1651,#1679,#1707));
#1621 = ORIENTED_EDGE('',*,*,#1622,.T.);
#1622 = EDGE_CURVE('',#1623,#1625,#1627,.T.);
#1623 = VERTEX_POINT('',#1624);
#1624 = CARTESIAN_POINT('',(0.,14.,142.5));
#1625 = VERTEX_POINT('',#1626);
#1626 = CARTESIAN_POINT('',(0.,6.,142.5));
#1627 = SURFACE_CURVE('',#1628,(#1632,#1639),.PCURVE_S1.);
#1628 = LINE('',#1629,#1630);
#1629 = CARTESIAN_POINT('',(0.,3.,142.5));
#1630 = VECTOR('',#1631,1.);
#1631 = DIRECTION('',(0.,-1.,0.));
#1632 = PCURVE('',#32,#1633);
#1633 = DEFINITIONAL_REPRESENTATION('',(#1634),#1638);
#1634 = LINE('',#1635,#1636);
#1635 = CARTESIAN_POINT('',(142.5,-3.));
#1636 = VECTOR('',#1637,1.);
#1637 = DIRECTION('',(0.,1.));
#1638 = ( GEOMETRIC_REPRESENTATION_CONTEXT(2) 
PARAMETRIC_REPRESENTATION_CONTEXT() REPRESENTATION_CONTEXT('2D SPACE',''
  ) );
#1639 = PCURVE('',#1640,#1645);
#1640 = PLANE('',#1641);
#1641 = AXIS2_PLACEMENT_3D('',#1642,#1643,#1644);
#1642 = CARTESIAN_POINT('',(-1.,6.,142.5));
#1643 = DIRECTION('',(0.,0.,1.));
#1644 = DIRECTION('',(1.,0.,0.));
#1645 = DEFINITIONAL_REPRESENTATION('',(#1646),#1650);
#1646 = LINE('',#1647,#1648);
#1647 = CARTESIAN_POINT('',(1.,-3.));
#1648 = VECTOR('',#1649,1.);
#1649 = DIRECTION('',(0.,-1.));
#1650 = ( GEOMETRIC_REPRESENTATION_CONTEXT(2) 
PARAMETRIC_REPRESENTATION_CONTEXT() REPRESENTATION_CONTEXT('2D SPACE',''
  ) );
#1651 = ORIENTED_EDGE('',*,*,#1652,.T.);
#1652 = EDGE_CURVE('',#1625,#1653,#1655,.T.);
#1653 = VERTEX_POINT('',#1654);
#1654 = CARTESIAN_POINT('',(0.,6.,149.5));
#1655 = SURFACE_CURVE('',#1656,(#1660,#1667),.PCURVE_S1.);
#1656 = LINE('',#1657,#1658);
#1657 = CARTESIAN_POINT('',(0.,6.,71.25));
#1658 = VECTOR('',#1659,1.);
#1659 = DIRECTION('',(0.,0.,1.));
#1660 = PCURVE('',#32,#1661);
#1661 = DEFINITIONAL_REPRESENTATION('',(#1662),#1666);
#1662 = LINE('',#1663,#1664);
#1663 = CARTESIAN_POINT('',(71.25,-6.));
#1664 = VECTOR('',#1665,1.);
#1665 = DIRECTION('',(1.,0.));
#1666 = ( GEOMETRIC_REPRESENTATION_CONTEXT(2) 
PARAMETRIC_REPRESENTATION_CONTEXT() REPRESENTATION_CONTEXT('2D SPACE',''
  ) );
#1667 = PCURVE('',#1668,#1673);
#1668 = PLANE('',#1669);
#1669 = AXIS2_PLACEMENT_3D('',#1670,#1671,#1672);
#1670 = CARTESIAN_POINT('',(-1.,6.,142.5));
#1671 = DIRECTION('',(0.,1.,0.));
#1672 = DIRECTION('',(0.,0.,1.));
#1673 = DEFINITIONAL_REPRESENTATION('',(#1674),#1678);
#1674 = LINE('',#1675,#1676);
#1675 = CARTESIAN_POINT('',(-71.25,1.));
#1676 = VECTOR('',#1677,1.);
#1677 = DIRECTION('',(1.,0.));
#1678 = ( GEOMETRIC_REPRESENTATION_CONTEXT(2) 
PARAMETRIC_REPRESENTATION_CONTEXT() REPRESENTATION_CONTEXT('2D SPACE',''
  ) );
#1679 = ORIENTED_EDGE('',*,*,#1680,.F.);
#1680 = EDGE_CURVE('',#1681,#1653,#1683,.T.);
#1681 = VERTEX_POINT('',#1682);
#1682 = CARTESIAN_POINT('',(0.,14.,149.5));
#1683 = SURFACE_CURVE('',#1684,(#1688,#1695),.PCURVE_S1.);
#1684 = LINE('',#1685,#1686);
#1685 = CARTESIAN_POINT('',(0.,3.,149.5));
#1686 = VECTOR('',#1687,1.);
#1687 = DIRECTION('',(0.,-1.,0.));
#1688 = PCURVE('',#32,#1689);
#1689 = DEFINITIONAL_REPRESENTATION('',(#1690),#1694);
#1690 = LINE('',#1691,#1692);
#1691 = CARTESIAN_POINT('',(149.5,-3.));
#1692 = VECTOR('',#1693,1.);
#1693 = DIRECTION('',(0.,1.));
#1694 = ( GEOMETRIC_REPRESENTATION_CONTEXT(2) 
PARAMETRIC_REPRESENTATION_CONTEXT() REPRESENTATION_CONTEXT('2D SPACE',''
  ) );
#1695 = PCURVE('',#1696,#1701);
#1696 = PLANE('',#1697);
#1697 = AXIS2_PLACEMENT_3D('',#1698,#1699,#1700);
#1698 = CARTESIAN_POINT('',(-1.,6.,149.5));
#1699 = DIRECTION('',(0.,0.,1.));
#1700 = DIRECTION('',(1.,0.,0.));
#1701 = DEFINITIONAL_REPRESENTATION('',(#1702),#1706);
#1702 = LINE('',#1703,#1704);
#1703 = CARTESIAN_POINT('',(1.,-3.));
#1704 = VECTOR('',#1705,1.);
#1705 = DIRECTION('',(0.,-1.));
#1706 = ( GEOMETRIC_REPRESENTATION_CONTEXT(2) 
PARAMETRIC_REPRESENTATION_CONTEXT() REPRESENTATION_CONTEXT('2D SPACE',''
  ) );
#1707 = ORIENTED_EDGE('',*,*,#1708,.F.);
#1708 = EDGE_CURVE('',#1623,#1681,#1709,.T.);
#1709 = SURFACE_CURVE('',#1710,(#1714,#1721),.PCURVE_S1.);
#1710 = LINE('',#1711,#1712);
#1711 = CARTESIAN_POINT('',(0.,14.,71.25));
#1712 = VECTOR('',#1713,1.);
#1713 = DIRECTION('',(0.,0.,1.));
#1714 = PCURVE('',#32,#1715);
#1715 = DEFINITIONAL_REPRESENTATION('',(#1716),#1720);
#1716 = LINE('',#1717,#1718);
#1717 = CARTESIAN_POINT('',(71.25,-14.));
#1718 = VECTOR('',#1719,1.);
#1719 = DIRECTION('',(1.,0.));
#1720 = ( GEOMETRIC_REPRESENTATION_CONTEXT(2) 
PARAMETRIC_REPRESENTATION_CONTEXT() REPRESENTATION_CONTEXT('2D SPACE',''
  ) );
#1721 = PCURVE('',#1722,#1727);
#1722 = PLANE('',#1723);
#1723 = AXIS2_PLACEMENT_3D('',#1724,#1725,#1726);
#1724 = CARTESIAN_POINT('',(-1.,14.,142.5));
#1725 = DIRECTION('',(0.,1.,0.));
#1726 = DIRECTION('',(0.,0.,1.));
#1727 = DEFINITIONAL_REPRESENTATION('',(#1728),#1732);
#1728 = LINE('',#1729,#1730);
#1729 = CARTESIAN_POINT('',(-71.25,1.));
#1730 = VECTOR('',#1731,1.);
#1731 = DIRECTION('',(1.,0.));
#1732 = ( GEOMETRIC_REPRESENTATION_CONTEXT(2) 
PARAMETRIC_REPRESENTATION_CONTEXT() REPRESENTATION_CONTEXT('2D SPACE',''
  ) );
#1733 = FACE_BOUND('',#1734,.F.);
#1734 = EDGE_LOOP('',(#1735,#1765,#1793,#1821));
#1735 = ORIENTED_EDGE('',*,*,#1736,.T.);
#1736 = EDGE_CURVE('',#1737,#1739,#1741,.T.);
#1737 = VERTEX_POINT('',#1738);
#1738 = CARTESIAN_POINT('',(0.,14.,152.5));
#1739 = VERTEX_POINT('',#1740);
#1740 = CARTESIAN_POINT('',(0.,6.,152.5));
#1741 = SURFACE_CURVE('',#1742,(#1746,#1753),.PCURVE_S1.);
#1742 = LINE('',#1743,#1744);
#1743 = CARTESIAN_POINT('',(0.,3.,152.5));
#1744 = VECTOR('',#1745,1.);
#1745 = DIRECTION('',(0.,-1.,0.));
#1746 = PCURVE('',#32,#1747);
#1747 = DEFINITIONAL_REPRESENTATION('',(#1748),#1752);
#1748 = LINE('',#1749,#1750);
#1749 = CARTESIAN_POINT('',(152.5,-3.));
#1750 = VECTOR('',#1751,1.);
#1751 = DIRECTION('',(0.,1.));
#1752 = ( GEOMETRIC_REPRESENTATION_CONTEXT(2) 
PARAMETRIC_REPRESENTATION_CONTEXT() REPRESENTATION_CONTEXT('2D SPACE',''
  ) );
#1753 = PCURVE('',#1754,#1759);
#1754 = PLANE('',#1755);
#1755 = AXIS2_PLACEMENT_3D('',#1756,#1757,#1758);
#1756 = CARTESIAN_POINT('',(-1.,6.,152.5));
#1757 = DIRECTION('',(0.,0.,1.));
#1758 = DIRECTION('',(1.,0.,0.));
#1759 = DEFINITIONAL_REPRESENTATION('',(#1760),#1764);
#1760 = LINE('',#1761,#1762);
#1761 = CARTESIAN_POINT('',(1.,-3.));
#1762 = VECTOR('',#1763,1.);
#1763 = DIRECTION('',(0.,-1.));
#1764 = ( GEOMETRIC_REPRESENTATION_CONTEXT(2) 
PARAMETRIC_REPRESENTATION_CONTEXT() REPRESENTATION_CONTEXT('2D SPACE',''
  ) );
#1765 = ORIENTED_EDGE('',*,*,#1766,.T.);
#1766 = EDGE_CURVE('',#1739,#1767,#1769,.T.);
#1767 = VERTEX_POINT('',#1768);
#1768 = CARTESIAN_POINT('',(0.,6.,159.5));
#1769 = SURFACE_CURVE('',#1770,(#1774,#1781),.PCURVE_S1.);
#1770 = LINE('',#1771,#1772);
#1771 = CARTESIAN_POINT('',(0.,6.,76.25));
#1772 = VECTOR('',#1773,1.);
#1773 = DIRECTION('',(0.,0.,1.));
#1774 = PCURVE('',#32,#1775);
#1775 = DEFINITIONAL_REPRESENTATION('',(#1776),#1780);
#1776 = LINE('',#1777,#1778);
#1777 = CARTESIAN_POINT('',(76.25,-6.));
#1778 = VECTOR('',#1779,1.);
#1779 = DIRECTION('',(1.,0.));
#1780 = ( GEOMETRIC_REPRESENTATION_CONTEXT(2) 
PARAMETRIC_REPRESENTATION_CONTEXT() REPRESENTATION_CONTEXT('2D SPACE',''
  ) );
#1781 = PCURVE('',#1782,#1787);
#1782 = PLANE('',#1783);
#1783 = AXIS2_PLACEMENT_3D('',#1784,#1785,#1786);
#1784 = CARTESIAN_POINT('',(-1.,6.,152.5));
#1785 = DIRECTION('',(0.,1.,0.));
#1786 = DIRECTION('',(0.,0.,1.));
#1787 = DEFINITIONAL_REPRESENTATION('',(#1788),#1792);
#1788 = LINE('',#1789,#1790);
#1789 = CARTESIAN_POINT('',(-76.25,1.));
#1790 = VECTOR('',#1791,1.);
#1791 = DIRECTION('',(1.,0.));
#1792 = ( GEOMETRIC_REPRESENTATION_CONTEXT(2) 
PARAMETRIC_REPRESENTATION_CONTEXT() REPRESENTATION_CONTEXT('2D SPACE',''
  ) );
#1793 = ORIENTED_EDGE('',*,*,#1794,.F.);
#1794 = EDGE_CURVE('',#1795,#1767,#1797,.T.);
#1795 = VERTEX_POINT('',#1796);
#1796 = CARTESIAN_POINT('',(0.,14.,159.5));
#1797 = SURFACE_CURVE('',#1798,(#1802,#1809),.PCURVE_S1.);
#1798 = LINE('',#1799,#1800);
#1799 = CARTESIAN_POINT('',(0.,3.,159.5));
#1800 = VECTOR('',#1801,1.);
#1801 = DIRECTION('',(0.,-1.,0.));
#1802 = PCURVE('',#32,#1803);
#1803 = DEFINITIONAL_REPRESENTATION('',(#1804),#1808);
#1804 = LINE('',#1805,#1806);
#1805 = CARTESIAN_POINT('',(159.5,-3.));
#1806 = VECTOR('',#1807,1.);
#1807 = DIRECTION('',(0.,1.));
#1808 = ( GEOMETRIC_REPRESENTATION_CONTEXT(2) 
PARAMETRIC_REPRESENTATION_CONTEXT() REPRESENTATION_CONTEXT('2D SPACE',''
  ) );
#1809 = PCURVE('',#1810,#1815);
#1810 = PLANE('',#1811);
#1811 = AXIS2_PLACEMENT_3D('',#1812,#1813,#1814);
#1812 = CARTESIAN_POINT('',(-1.,6.,159.5));
#1813 = DIRECTION('',(0.,0.,1.));
#1814 = DIRECTION('',(1.,0.,0.));
#1815 = DEFINITIONAL_REPRESENTATION('',(#1816),#1820);
#1816 = LINE('',#1817,#1818);
#1817 = CARTESIAN_POINT('',(1.,-3.));
#1818 = VECTOR('',#1819,1.);
#1819 = DIRECTION('',(0.,-1.));
#1820 = ( GEOMETRIC_REPRESENTATION_CONTEXT(2) 
PARAMETRIC_REPRESENTATION_CONTEXT() REPRESENTATION_CONTEXT('2D SPACE',''
  ) );
#1821 = ORIENTED_EDGE('',*,*,#1822,.F.);
#1822 = EDGE_CURVE('',#1737,#1795,#1823,.T.);
#1823 = SURFACE_CURVE('',#1824,(#1828,#1835),.PCURVE_S1.);
#1824 = LINE('',#1825,#1826);
#1825 = CARTESIAN_POINT('',(0.,14.,76.25));
#1826 = VECTOR('',#1827,1.);
#1827 = DIRECTION('',(0.,0.,1.));
#1828 = PCURVE('',#32,#1829);
#1829 = DEFINITIONAL_REPRESENTATION('',(#1830),#1834);
#1830 = LINE('',#1831,#1832);
#1831 = CARTESIAN_POINT('',(76.25,-14.));
#1832 = VECTOR('',#1833,1.);
#1833 = DIRECTION('',(1.,0.));
#1834 = ( GEOMETRIC_REPRESENTATION_CONTEXT(2) 
PARAMETRIC_REPRESENTATION_CONTEXT() REPRESENTATION_CONTEXT('2D SPACE',''
  ) );
#1835 = PCURVE('',#1836,#1841);
#1836 = PLANE('',#1837);
#1837 = AXIS2_PLACEMENT_3D('',#1838,#1839,#1840);
#1838 = CARTESIAN_POINT('',(-1.,14.,152.5));
#1839 = DIRECTION('',(0.,1.,0.));
#1840 = DIRECTION('',(0.,0.,1.));
#1841 = DEFINITIONAL_REPRESENTATION('',(#1842),#1846);
#1842 = LINE('',#1843,#1844);
#1843 = CARTESIAN_POINT('',(-76.25,1.));
#1844 = VECTOR('',#1845,1.);
#1845 = DIRECTION('',(1.,0.));
#1846 = ( GEOMETRIC_REPRESENTATION_CONTEXT(2) 
PARAMETRIC_REPRESENTATION_CONTEXT() REPRESENTATION_CONTEXT('2D SPACE',''
  ) );
#1847 = FACE_BOUND('',#1848,.F.);
#1848 = EDGE_LOOP('',(#1849,#1879,#1907,#1935));
#1849 = ORIENTED_EDGE('',*,*,#1850,.T.);
#1850 = EDGE_CURVE('',#1851,#1853,#1855,.T.);
#1851 = VERTEX_POINT('',#1852);
#1852 = CARTESIAN_POINT('',(0.,14.,162.5));
#1853 = VERTEX_POINT('',#1854);
#1854 = CARTESIAN_POINT('',(0.,6.,162.5));
#1855 = SURFACE_CURVE('',#1856,(#1860,#1867),.PCURVE_S1.);
#1856 = LINE('',#1857,#1858);
#1857 = CARTESIAN_POINT('',(0.,3.,162.5));
#1858 = VECTOR('',#1859,1.);
#1859 = DIRECTION('',(0.,-1.,0.));
#1860 = PCURVE('',#32,#1861);
#1861 = DEFINITIONAL_REPRESENTATION('',(#1862),#1866);
#1862 = LINE('',#1863,#1864);
#1863 = CARTESIAN_POINT('',(162.5,-3.));
#1864 = VECTOR('',#1865,1.);
#1865 = DIRECTION('',(0.,1.));
#1866 = ( GEOMETRIC_REPRESENTATION_CONTEXT(2) 
PARAMETRIC_REPRESENTATION_CONTEXT() REPRESENTATION_CONTEXT('2D SPACE',''
  ) );
#1867 = PCURVE('',#1868,#1873);
#1868 = PLANE('',#1869);
#1869 = AXIS2_PLACEMENT_3D('',#1870,#1871,#1872);
#1870 = CARTESIAN_POINT('',(-1.,6.,162.5));
#1871 = DIRECTION('',(0.,0.,1.));
#1872 = DIRECTION('',(1.,0.,0.));
#1873 = DEFINITIONAL_REPRESENTATION('',(#1874),#1878);
#1874 = LINE('',#1875,#1876);
#1875 = CARTESIAN_POINT('',(1.,-3.));
#1876 = VECTOR('',#1877,1.);
#1877 = DIRECTION('',(0.,-1.));
#1878 = ( GEOMETRIC_REPRESENTATION_CONTEXT(2) 
PARAMETRIC_REPRESENTATION_CONTEXT() REPRESENTATION_CONTEXT('2D SPACE',''
  ) );
#1879 = ORIENTED_EDGE('',*,*,#1880,.T.);
#1880 = EDGE_CURVE('',#1853,#1881,#1883,.T.);
#1881 = VERTEX_POINT('',#1882);
#1882 = CARTESIAN_POINT('',(0.,6.,169.5));
#1883 = SURFACE_CURVE('',#1884,(#1888,#1895),.PCURVE_S1.);
#1884 = LINE('',#1885,#1886);
#1885 = CARTESIAN_POINT('',(0.,6.,81.25));
#1886 = VECTOR('',#1887,1.);
#1887 = DIRECTION('',(0.,0.,1.));
#1888 = PCURVE('',#32,#1889);
#1889 = DEFINITIONAL_REPRESENTATION('',(#1890),#1894);
#1890 = LINE('',#1891,#1892);
#1891 = CARTESIAN_POINT('',(81.25,-6.));
#1892 = VECTOR('',#1893,1.);
#1893 = DIRECTION('',(1.,0.));
#1894 = ( GEOMETRIC_REPRESENTATION_CONTEXT(2) 
PARAMETRIC_REPRESENTATION_CONTEXT() REPRESENTATION_CONTEXT('2D SPACE',''
  ) );
#1895 = PCURVE('',#1896,#1901);
#1896 = PLANE('',#1897);
#1897 = AXIS2_PLACEMENT_3D('',#1898,#1899,#1900);
#1898 = CARTESIAN_POINT('',(-1.,6.,162.5));
#1899 = DIRECTION('',(0.,1.,0.));
#1900 = DIRECTION('',(0.,0.,1.));
#1901 = DEFINITIONAL_REPRESENTATION('',(#1902),#1906);
#1902 = LINE('',#1903,#1904);
#1903 = CARTESIAN_POINT('',(-81.25,1.));
#1904 = VECTOR('',#1905,1.);
#1905 = DIRECTION('',(1.,0.));
#1906 = ( GEOMETRIC_REPRESENTATION_CONTEXT(2) 
PARAMETRIC_REPRESENTATION_CONTEXT() REPRESENTATION_CONTEXT('2D SPACE',''
  ) );
#1907 = ORIENTED_EDGE('',*,*,#1908,.F.);
#1908 = EDGE_CURVE('',#1909,#1881,#1911,.T.);
#1909 = VERTEX_POINT('',#1910);
#1910 = CARTESIAN_POINT('',(0.,14.,169.5));
#1911 = SURFACE_CURVE('',#1912,(#1916,#1923),.PCURVE_S1.);
#1912 = LINE('',#1913,#1914);
#1913 = CARTESIAN_POINT('',(0.,3.,169.5));
#1914 = VECTOR('',#1915,1.);
#1915 = DIRECTION('',(0.,-1.,0.));
#1916 = PCURVE('',#32,#1917);
#1917 = DEFINITIONAL_REPRESENTATION('',(#1918),#1922);
#1918 = LINE('',#1919,#1920);
#1919 = CARTESIAN_POINT('',(169.5,-3.));
#1920 = VECTOR('',#1921,1.);
#1921 = DIRECTION('',(0.,1.));
#1922 = ( GEOMETRIC_REPRESENTATION_CONTEXT(2) 
PARAMETRIC_REPRESENTATION_CONTEXT() REPRESENTATION_CONTEXT('2D SPACE',''
  ) );
#1923 = PCURVE('',#1924,#1929);
#1924 = PLANE('',#1925);
#1925 = AXIS2_PLACEMENT_3D('',#1926,#1927,#1928);
#1926 = CARTESIAN_POINT('',(-1.,6.,169.5));
#1927 = DIRECTION('',(0.,0.,1.));
#1928 = DIRECTION('',(1.,0.,0.));
#1929 = DEFINITIONAL_REPRESENTATION('',(#1930),#1934);
#1930 = LINE('',#1931,#1932);
#1931 = CARTESIAN_POINT('',(1.,-3.));
#1932 = VECTOR('',#1933,1.);
#1933 = DIRECTION('',(0.,-1.));
#1934 = ( GEOMETRIC_REPRESENTATION_CONTEXT(2) 
PARAMETRIC_REPRESENTATION_CONTEXT() REPRESENTATION_CONTEXT('2D SPACE',''
  ) );
#1935 = ORIENTED_EDGE('',*,*,#1936,.F.);
#1936 = EDGE_CURVE('',#1851,#1909,#1937,.T.);
#1937 = SURFACE_CURVE('',#1938,(#1942,#1949),.PCURVE_S1.);
#1938 = LINE('',#1939,#1940);
#1939 = CARTESIAN_POINT('',(0.,14.,81.25));
#1940 = VECTOR('',#1941,1.);
#1941 = DIRECTION('',(0.,0.,1.));
#1942 = PCURVE('',#32,#1943);
#1943 = DEFINITIONAL_REPRESENTATION('',(#1944),#1948);
#1944 = LINE('',#1945,#1946);
#1945 = CARTESIAN_POINT('',(81.25,-14.));
#1946 = VECTOR('',#1947,1.);
#1947 = DIRECTION('',(1.,0.));
#1948 = ( GEOMETRIC_REPRESENTATION_CONTEXT(2) 
PARAMETRIC_REPRESENTATION_CONTEXT() REPRESENTATION_CONTEXT('2D SPACE',''
  ) );
#1949 = PCURVE('',#1950,#1955);
#1950 = PLANE('',#1951);
#1951 = AXIS2_PLACEMENT_3D('',#1952,#1953,#1954);
#1952 = CARTESIAN_POINT('',(-1.,14.,162.5));
#1953 = DIRECTION('',(0.,1.,0.));
#1954 = DIRECTION('',(0.,0.,1.));
#1955 = DEFINITIONAL_REPRESENTATION('',(#1956),#1960);
#1956 = LINE('',#1957,#1958);
#1957 = CARTESIAN_POINT('',(-81.25,1.));
#1958 = VECTOR('',#1959,1.);
#1959 = DIRECTION('',(1.,0.));
#1960 = ( GEOMETRIC_REPRESENTATION_CONTEXT(2) 
PARAMETRIC_REPRESENTATION_CONTEXT() REPRESENTATION_CONTEXT('2D SPACE',''
  ) );
#1961 = FACE_BOUND('',#1962,.F.);
#1962 = EDGE_LOOP('',(#1963,#1993,#2021,#2049));
#1963 = ORIENTED_EDGE('',*,*,#1964,.F.);
#1964 = EDGE_CURVE('',#1965,#1967,#1969,.T.);
#1965 = VERTEX_POINT('',#1966);
#1966 = CARTESIAN_POINT('',(0.,14.,172.5));
#1967 = VERTEX_POINT('',#1968);
#1968 = CARTESIAN_POINT('',(0.,14.,183.5));
#1969 = SURFACE_CURVE('',#1970,(#1974,#1981),.PCURVE_S1.);
#1970 = LINE('',#1971,#1972);
#1971 = CARTESIAN_POINT('',(0.,14.,172.5));
#1972 = VECTOR('',#1973,1.);
#1973 = DIRECTION('',(0.,0.,1.));
#1974 = PCURVE('',#32,#1975);
#1975 = DEFINITIONAL_REPRESENTATION('',(#1976),#1980);
#1976 = LINE('',#1977,#1978);
#1977 = CARTESIAN_POINT('',(172.5,-14.));
#1978 = VECTOR('',#1979,1.);
#1979 = DIRECTION('',(1.,0.));
#1980 = ( GEOMETRIC_REPRESENTATION_CONTEXT(2) 
PARAMETRIC_REPRESENTATION_CONTEXT() REPRESENTATION_CONTEXT('2D SPACE',''
  ) );
#1981 = PCURVE('',#1982,#1987);
#1982 = PLANE('',#1983);
#1983 = AXIS2_PLACEMENT_3D('',#1984,#1985,#1986);
#1984 = CARTESIAN_POINT('',(-1.,14.,172.5));
#1985 = DIRECTION('',(0.,1.,0.));
#1986 = DIRECTION('',(0.,0.,1.));
#1987 = DEFINITIONAL_REPRESENTATION('',(#1988),#1992);
#1988 = LINE('',#1989,#1990);
#1989 = CARTESIAN_POINT('',(0.,1.));
#1990 = VECTOR('',#1991,1.);
#1991 = DIRECTION('',(1.,0.));
#1992 = ( GEOMETRIC_REPRESENTATION_CONTEXT(2) 
PARAMETRIC_REPRESENTATION_CONTEXT() REPRESENTATION_CONTEXT('2D SPACE',''
  ) );
#1993 = ORIENTED_EDGE('',*,*,#1994,.T.);
#1994 = EDGE_CURVE('',#1965,#1995,#1997,.T.);
#1995 = VERTEX_POINT('',#1996);
#1996 = CARTESIAN_POINT('',(0.,6.,172.5));
#1997 = SURFACE_CURVE('',#1998,(#2002,#2009),.PCURVE_S1.);
#1998 = LINE('',#1999,#2000);
#1999 = CARTESIAN_POINT('',(0.,3.,172.5));
#2000 = VECTOR('',#2001,1.);
#2001 = DIRECTION('',(0.,-1.,0.));
#2002 = PCURVE('',#32,#2003);
#2003 = DEFINITIONAL_REPRESENTATION('',(#2004),#2008);
#2004 = LINE('',#2005,#2006);
#2005 = CARTESIAN_POINT('',(172.5,-3.));
#2006 = VECTOR('',#2007,1.);
#2007 = DIRECTION('',(0.,1.));
#2008 = ( GEOMETRIC_REPRESENTATION_CONTEXT(2) 
PARAMETRIC_REPRESENTATION_CONTEXT() REPRESENTATION_CONTEXT('2D SPACE',''
  ) );
#2009 = PCURVE('',#2010,#2015);
#2010 = PLANE('',#2011);
#2011 = AXIS2_PLACEMENT_3D('',#2012,#2013,#2014);
#2012 = CARTESIAN_POINT('',(-1.,6.,172.5));
#2013 = DIRECTION('',(0.,0.,1.));
#2014 = DIRECTION('',(1.,0.,0.));
#2015 = DEFINITIONAL_REPRESENTATION('',(#2016),#2020);
#2016 = LINE('',#2017,#2018);
#2017 = CARTESIAN_POINT('',(1.,-3.));
#2018 = VECTOR('',#2019,1.);
#2019 = DIRECTION('',(0.,-1.));
#2020 = ( GEOMETRIC_REPRESENTATION_CONTEXT(2) 
PARAMETRIC_REPRESENTATION_CONTEXT() REPRESENTATION_CONTEXT('2D SPACE',''
  ) );
#2021 = ORIENTED_EDGE('',*,*,#2022,.F.);
#2022 = EDGE_CURVE('',#2023,#1995,#2025,.T.);
#2023 = VERTEX_POINT('',#2024);
#2024 = CARTESIAN_POINT('',(0.,6.,183.5));
#2025 = SURFACE_CURVE('',#2026,(#2030,#2037),.PCURVE_S1.);
#2026 = LINE('',#2027,#2028);
#2027 = CARTESIAN_POINT('',(0.,6.,183.5));
#2028 = VECTOR('',#2029,1.);
#2029 = DIRECTION('',(0.,0.,-1.));
#2030 = PCURVE('',#32,#2031);
#2031 = DEFINITIONAL_REPRESENTATION('',(#2032),#2036);
#2032 = LINE('',#2033,#2034);
#2033 = CARTESIAN_POINT('',(183.5,-6.));
#2034 = VECTOR('',#2035,1.);
#2035 = DIRECTION('',(-1.,0.));
#2036 = ( GEOMETRIC_REPRESENTATION_CONTEXT(2) 
PARAMETRIC_REPRESENTATION_CONTEXT() REPRESENTATION_CONTEXT('2D SPACE',''
  ) );
#2037 = PCURVE('',#2038,#2043);
#2038 = PLANE('',#2039);
#2039 = AXIS2_PLACEMENT_3D('',#2040,#2041,#2042);
#2040 = CARTESIAN_POINT('',(-1.,6.,176.5));
#2041 = DIRECTION('',(0.,1.,0.));
#2042 = DIRECTION('',(0.,0.,1.));
#2043 = DEFINITIONAL_REPRESENTATION('',(#2044),#2048);
#2044 = LINE('',#2045,#2046);
#2045 = CARTESIAN_POINT('',(7.,1.));
#2046 = VECTOR('',#2047,1.);
#2047 = DIRECTION('',(-1.,0.));
#2048 = ( GEOMETRIC_REPRESENTATION_CONTEXT(2) 
PARAMETRIC_REPRESENTATION_CONTEXT() REPRESENTATION_CONTEXT('2D SPACE',''
  ) );
#2049 = ORIENTED_EDGE('',*,*,#2050,.F.);
#2050 = EDGE_CURVE('',#1967,#2023,#2051,.T.);
#2051 = SURFACE_CURVE('',#2052,(#2056,#2063),.PCURVE_S1.);
#2052 = LINE('',#2053,#2054);
#2053 = CARTESIAN_POINT('',(0.,3.,183.5));
#2054 = VECTOR('',#2055,1.);
#2055 = DIRECTION('',(0.,-1.,0.));
#2056 = PCURVE('',#32,#2057);
#2057 = DEFINITIONAL_REPRESENTATION('',(#2058),#2062);
#2058 = LINE('',#2059,#2060);
#2059 = CARTESIAN_POINT('',(183.5,-3.));
#2060 = VECTOR('',#2061,1.);
#2061 = DIRECTION('',(0.,1.));
#2062 = ( GEOMETRIC_REPRESENTATION_CONTEXT(2) 
PARAMETRIC_REPRESENTATION_CONTEXT() REPRESENTATION_CONTEXT('2D SPACE',''
  ) );
#2063 = PCURVE('',#2064,#2069);
#2064 = PLANE('',#2065);
#2065 = AXIS2_PLACEMENT_3D('',#2066,#2067,#2068);
#2066 = CARTESIAN_POINT('',(-1.,6.,183.5));
#2067 = DIRECTION('',(0.,0.,1.));
#2068 = DIRECTION('',(1.,0.,0.));
#2069 = DEFINITIONAL_REPRESENTATION('',(#2070),#2074);
#2070 = LINE('',#2071,#2072);
#2071 = CARTESIAN_POINT('',(1.,-3.));
#2072 = VECTOR('',#2073,1.);
#2073 = DIRECTION('',(0.,-1.));
#2074 = ( GEOMETRIC_REPRESENTATION_CONTEXT(2) 
PARAMETRIC_REPRESENTATION_CONTEXT() REPRESENTATION_CONTEXT('2D SPACE',''
  ) );
#2075 = ADVANCED_FACE('',(#2076),#44,.F.);
#2076 = FACE_BOUND('',#2077,.F.);
#2077 = EDGE_LOOP('',(#2078,#2101,#2102,#2125));
#2078 = ORIENTED_EDGE('',*,*,#2079,.F.);
#2079 = EDGE_CURVE('',#22,#2080,#2082,.T.);
#2080 = VERTEX_POINT('',#2081);
#2081 = CARTESIAN_POINT('',(3.,0.,0.));
#2082 = SURFACE_CURVE('',#2083,(#2087,#2094),.PCURVE_S1.);
#2083 = LINE('',#2084,#2085);
#2084 = CARTESIAN_POINT('',(0.,0.,0.));
#2085 = VECTOR('',#2086,1.);
#2086 = DIRECTION('',(1.,0.,0.));
#2087 = PCURVE('',#44,#2088);
#2088 = DEFINITIONAL_REPRESENTATION('',(#2089),#2093);
#2089 = LINE('',#2090,#2091);
#2090 = CARTESIAN_POINT('',(0.,0.));
#2091 = VECTOR('',#2092,1.);
#2092 = DIRECTION('',(0.,1.));
#2093 = ( GEOMETRIC_REPRESENTATION_CONTEXT(2) 
PARAMETRIC_REPRESENTATION_CONTEXT() REPRESENTATION_CONTEXT('2D SPACE',''
  ) );
#2094 = PCURVE('',#72,#2095);
#2095 = DEFINITIONAL_REPRESENTATION('',(#2096),#2100);
#2096 = LINE('',#2097,#2098);
#2097 = CARTESIAN_POINT('',(0.,0.));
#2098 = VECTOR('',#2099,1.);
#2099 = DIRECTION('',(1.,0.));
#2100 = ( GEOMETRIC_REPRESENTATION_CONTEXT(2) 
PARAMETRIC_REPRESENTATION_CONTEXT() REPRESENTATION_CONTEXT('2D SPACE',''
  ) );
#2101 = ORIENTED_EDGE('',*,*,#21,.T.);
#2102 = ORIENTED_EDGE('',*,*,#2103,.T.);
#2103 = EDGE_CURVE('',#24,#2104,#2106,.T.);
#2104 = VERTEX_POINT('',#2105);
#2105 = CARTESIAN_POINT('',(3.,0.,190.));
#2106 = SURFACE_CURVE('',#2107,(#2111,#2118),.PCURVE_S1.);
#2107 = LINE('',#2108,#2109);
#2108 = CARTESIAN_POINT('',(0.,0.,190.));
#2109 = VECTOR('',#2110,1.);
#2110 = DIRECTION('',(1.,0.,0.));
#2111 = PCURVE('',#44,#2112);
#2112 = DEFINITIONAL_REPRESENTATION('',(#2113),#2117);
#2113 = LINE('',#2114,#2115);
#2114 = CARTESIAN_POINT('',(190.,0.));
#2115 = VECTOR('',#2116,1.);
#2116 = DIRECTION('',(0.,1.));
#2117 = ( GEOMETRIC_REPRESENTATION_CONTEXT(2) 
PARAMETRIC_REPRESENTATION_CONTEXT() REPRESENTATION_CONTEXT('2D SPACE',''
  ) );
#2118 = PCURVE('',#126,#2119);
#2119 = DEFINITIONAL_REPRESENTATION('',(#2120),#2124);
#2120 = LINE('',#2121,#2122);
#2121 = CARTESIAN_POINT('',(0.,0.));
#2122 = VECTOR('',#2123,1.);
#2123 = DIRECTION('',(1.,0.));
#2124 = ( GEOMETRIC_REPRESENTATION_CONTEXT(2) 
PARAMETRIC_REPRESENTATION_CONTEXT() REPRESENTATION_CONTEXT('2D SPACE',''
  ) );
#2125 = ORIENTED_EDGE('',*,*,#2126,.F.);
#2126 = EDGE_CURVE('',#2080,#2104,#2127,.T.);
#2127 = SURFACE_CURVE('',#2128,(#2132,#2139),.PCURVE_S1.);
#2128 = LINE('',#2129,#2130);
#2129 = CARTESIAN_POINT('',(3.,0.,0.));
#2130 = VECTOR('',#2131,1.);
#2131 = DIRECTION('',(0.,0.,1.));
#2132 = PCURVE('',#44,#2133);
#2133 = DEFINITIONAL_REPRESENTATION('',(#2134),#2138);
#2134 = LINE('',#2135,#2136);
#2135 = CARTESIAN_POINT('',(0.,3.));
#2136 = VECTOR('',#2137,1.);
#2137 = DIRECTION('',(1.,0.));
#2138 = ( GEOMETRIC_REPRESENTATION_CONTEXT(2) 
PARAMETRIC_REPRESENTATION_CONTEXT() REPRESENTATION_CONTEXT('2D SPACE',''
  ) );
#2139 = PCURVE('',#2140,#2145);
#2140 = PLANE('',#2141);
#2141 = AXIS2_PLACEMENT_3D('',#2142,#2143,#2144);
#2142 = CARTESIAN_POINT('',(3.,0.,0.));
#2143 = DIRECTION('',(1.,0.,0.));
#2144 = DIRECTION('',(0.,0.,1.));
#2145 = DEFINITIONAL_REPRESENTATION('',(#2146),#2150);
#2146 = LINE('',#2147,#2148);
#2147 = CARTESIAN_POINT('',(0.,0.));
#2148 = VECTOR('',#2149,1.);
#2149 = DIRECTION('',(1.,0.));
#2150 = ( GEOMETRIC_REPRESENTATION_CONTEXT(2) 
PARAMETRIC_REPRESENTATION_CONTEXT() REPRESENTATION_CONTEXT('2D SPACE',''
  ) );
#2151 = ADVANCED_FACE('',(#2152),#126,.T.);
#2152 = FACE_BOUND('',#2153,.T.);
#2153 = EDGE_LOOP('',(#2154,#2155,#2156,#2179));
#2154 = ORIENTED_EDGE('',*,*,#112,.F.);
#2155 = ORIENTED_EDGE('',*,*,#2103,.T.);
#2156 = ORIENTED_EDGE('',*,*,#2157,.T.);
#2157 = EDGE_CURVE('',#2104,#2158,#2160,.T.);
#2158 = VERTEX_POINT('',#2159);
#2159 = CARTESIAN_POINT('',(3.,20.,190.));
#2160 = SURFACE_CURVE('',#2161,(#2165,#2172),.PCURVE_S1.);
#2161 = LINE('',#2162,#2163);
#2162 = CARTESIAN_POINT('',(3.,0.,190.));
#2163 = VECTOR('',#2164,1.);
#2164 = DIRECTION('',(0.,1.,0.));
#2165 = PCURVE('',#126,#2166);
#2166 = DEFINITIONAL_REPRESENTATION('',(#2167),#2171);
#2167 = LINE('',#2168,#2169);
#2168 = CARTESIAN_POINT('',(3.,0.));
#2169 = VECTOR('',#2170,1.);
#2170 = DIRECTION('',(0.,1.));
#2171 = ( GEOMETRIC_REPRESENTATION_CONTEXT(2) 
PARAMETRIC_REPRESENTATION_CONTEXT() REPRESENTATION_CONTEXT('2D SPACE',''
  ) );
#2172 = PCURVE('',#2140,#2173);
#2173 = DEFINITIONAL_REPRESENTATION('',(#2174),#2178);
#2174 = LINE('',#2175,#2176);
#2175 = CARTESIAN_POINT('',(190.,0.));
#2176 = VECTOR('',#2177,1.);
#2177 = DIRECTION('',(0.,-1.));
#2178 = ( GEOMETRIC_REPRESENTATION_CONTEXT(2) 
PARAMETRIC_REPRESENTATION_CONTEXT() REPRESENTATION_CONTEXT('2D SPACE',''
  ) );
#2179 = ORIENTED_EDGE('',*,*,#2180,.F.);
#2180 = EDGE_CURVE('',#85,#2158,#2181,.T.);
#2181 = SURFACE_CURVE('',#2182,(#2186,#2193),.PCURVE_S1.);
#2182 = LINE('',#2183,#2184);
#2183 = CARTESIAN_POINT('',(0.,20.,190.));
#2184 = VECTOR('',#2185,1.);
#2185 = DIRECTION('',(1.,0.,0.));
#2186 = PCURVE('',#126,#2187);
#2187 = DEFINITIONAL_REPRESENTATION('',(#2188),#2192);
#2188 = LINE('',#2189,#2190);
#2189 = CARTESIAN_POINT('',(0.,20.));
#2190 = VECTOR('',#2191,1.);
#2191 = DIRECTION('',(1.,0.));
#2192 = ( GEOMETRIC_REPRESENTATION_CONTEXT(2) 
PARAMETRIC_REPRESENTATION_CONTEXT() REPRESENTATION_CONTEXT('2D SPACE',''
  ) );
#2193 = PCURVE('',#100,#2194);
#2194 = DEFINITIONAL_REPRESENTATION('',(#2195),#2199);
#2195 = LINE('',#2196,#2197);
#2196 = CARTESIAN_POINT('',(190.,0.));
#2197 = VECTOR('',#2198,1.);
#2198 = DIRECTION('',(0.,1.));
#2199 = ( GEOMETRIC_REPRESENTATION_CONTEXT(2) 
PARAMETRIC_REPRESENTATION_CONTEXT() REPRESENTATION_CONTEXT('2D SPACE',''
  ) );
#2200 = ADVANCED_FACE('',(#2201),#72,.F.);
#2201 = FACE_BOUND('',#2202,.F.);
#2202 = EDGE_LOOP('',(#2203,#2204,#2205,#2228));
#2203 = ORIENTED_EDGE('',*,*,#56,.F.);
#2204 = ORIENTED_EDGE('',*,*,#2079,.T.);
#2205 = ORIENTED_EDGE('',*,*,#2206,.T.);
#2206 = EDGE_CURVE('',#2080,#2207,#2209,.T.);
#2207 = VERTEX_POINT('',#2208);
#2208 = CARTESIAN_POINT('',(3.,20.,0.));
#2209 = SURFACE_CURVE('',#2210,(#2214,#2221),.PCURVE_S1.);
#2210 = LINE('',#2211,#2212);
#2211 = CARTESIAN_POINT('',(3.,0.,0.));
#2212 = VECTOR('',#2213,1.);
#2213 = DIRECTION('',(0.,1.,0.));
#2214 = PCURVE('',#72,#2215);
#2215 = DEFINITIONAL_REPRESENTATION('',(#2216),#2220);
#2216 = LINE('',#2217,#2218);
#2217 = CARTESIAN_POINT('',(3.,0.));
#2218 = VECTOR('',#2219,1.);
#2219 = DIRECTION('',(0.,1.));
#2220 = ( GEOMETRIC_REPRESENTATION_CONTEXT(2) 
PARAMETRIC_REPRESENTATION_CONTEXT() REPRESENTATION_CONTEXT('2D SPACE',''
  ) );
#2221 = PCURVE('',#2140,#2222);
#2222 = DEFINITIONAL_REPRESENTATION('',(#2223),#2227);
#2223 = LINE('',#2224,#2225);
#2224 = CARTESIAN_POINT('',(0.,0.));
#2225 = VECTOR('',#2226,1.);
#2226 = DIRECTION('',(0.,-1.));
#2227 = ( GEOMETRIC_REPRESENTATION_CONTEXT(2) 
PARAMETRIC_REPRESENTATION_CONTEXT() REPRESENTATION_CONTEXT('2D SPACE',''
  ) );
#2228 = ORIENTED_EDGE('',*,*,#2229,.F.);
#2229 = EDGE_CURVE('',#57,#2207,#2230,.T.);
#2230 = SURFACE_CURVE('',#2231,(#2235,#2242),.PCURVE_S1.);
#2231 = LINE('',#2232,#2233);
#2232 = CARTESIAN_POINT('',(0.,20.,0.));
#2233 = VECTOR('',#2234,1.);
#2234 = DIRECTION('',(1.,0.,0.));
#2235 = PCURVE('',#72,#2236);
#2236 = DEFINITIONAL_REPRESENTATION('',(#2237),#2241);
#2237 = LINE('',#2238,#2239);
#2238 = CARTESIAN_POINT('',(0.,20.));
#2239 = VECTOR('',#2240,1.);
#2240 = DIRECTION('',(1.,0.));
#2241 = ( GEOMETRIC_REPRESENTATION_CONTEXT(2) 
PARAMETRIC_REPRESENTATION_CONTEXT() REPRESENTATION_CONTEXT('2D SPACE',''
  ) );
#2242 = PCURVE('',#100,#2243);
#2243 = DEFINITIONAL_REPRESENTATION('',(#2244),#2248);
#2244 = LINE('',#2245,#2246);
#2245 = CARTESIAN_POINT('',(0.,0.));
#2246 = VECTOR('',#2247,1.);
#2247 = DIRECTION('',(0.,1.));
#2248 = ( GEOMETRIC_REPRESENTATION_CONTEXT(2) 
PARAMETRIC_REPRESENTATION_CONTEXT() REPRESENTATION_CONTEXT('2D SPACE',''
  ) );
#2249 = ADVANCED_FACE('',(#2250),#100,.T.);
#2250 = FACE_BOUND('',#2251,.T.);
#2251 = EDGE_LOOP('',(#2252,#2253,#2254,#2255));
#2252 = ORIENTED_EDGE('',*,*,#2229,.F.);
#2253 = ORIENTED_EDGE('',*,*,#84,.T.);
#2254 = ORIENTED_EDGE('',*,*,#2180,.T.);
#2255 = ORIENTED_EDGE('',*,*,#2256,.F.);
#2256 = EDGE_CURVE('',#2207,#2158,#2257,.T.);
#2257 = SURFACE_CURVE('',#2258,(#2262,#2269),.PCURVE_S1.);
#2258 = LINE('',#2259,#2260);
#2259 = CARTESIAN_POINT('',(3.,20.,0.));
#2260 = VECTOR('',#2261,1.);
#2261 = DIRECTION('',(0.,0.,1.));
#2262 = PCURVE('',#100,#2263);
#2263 = DEFINITIONAL_REPRESENTATION('',(#2264),#2268);
#2264 = LINE('',#2265,#2266);
#2265 = CARTESIAN_POINT('',(0.,3.));
#2266 = VECTOR('',#2267,1.);
#2267 = DIRECTION('',(1.,0.));
#2268 = ( GEOMETRIC_REPRESENTATION_CONTEXT(2) 
PARAMETRIC_REPRESENTATION_CONTEXT() REPRESENTATION_CONTEXT('2D SPACE',''
  ) );
#2269 = PCURVE('',#2140,#2270);
#2270 = DEFINITIONAL_REPRESENTATION('',(#2271),#2275);
#2271 = LINE('',#2272,#2273);
#2272 = CARTESIAN_POINT('',(0.,-20.));
#2273 = VECTOR('',#2274,1.);
#2274 = DIRECTION('',(1.,0.));
#2275 = ( GEOMETRIC_REPRESENTATION_CONTEXT(2) 
PARAMETRIC_REPRESENTATION_CONTEXT() REPRESENTATION_CONTEXT('2D SPACE',''
  ) );
#2276 = ADVANCED_FACE('',(#2277),#158,.T.);
#2277 = FACE_BOUND('',#2278,.T.);
#2278 = EDGE_LOOP('',(#2279,#2302,#2303,#2326));
#2279 = ORIENTED_EDGE('',*,*,#2280,.F.);
#2280 = EDGE_CURVE('',#141,#2281,#2283,.T.);
#2281 = VERTEX_POINT('',#2282);
#2282 = CARTESIAN_POINT('',(3.,14.,12.5));
#2283 = SURFACE_CURVE('',#2284,(#2288,#2295),.PCURVE_S1.);
#2284 = LINE('',#2285,#2286);
#2285 = CARTESIAN_POINT('',(-1.,14.,12.5));
#2286 = VECTOR('',#2287,1.);
#2287 = DIRECTION('',(1.,0.,0.));
#2288 = PCURVE('',#158,#2289);
#2289 = DEFINITIONAL_REPRESENTATION('',(#2290),#2294);
#2290 = LINE('',#2291,#2292);
#2291 = CARTESIAN_POINT('',(0.,8.));
#2292 = VECTOR('',#2293,1.);
#2293 = DIRECTION('',(1.,0.));
#2294 = ( GEOMETRIC_REPRESENTATION_CONTEXT(2) 
PARAMETRIC_REPRESENTATION_CONTEXT() REPRESENTATION_CONTEXT('2D SPACE',''
  ) );
#2295 = PCURVE('',#240,#2296);
#2296 = DEFINITIONAL_REPRESENTATION('',(#2297),#2301);
#2297 = LINE('',#2298,#2299);
#2298 = CARTESIAN_POINT('',(0.,0.));
#2299 = VECTOR('',#2300,1.);
#2300 = DIRECTION('',(0.,1.));
#2301 = ( GEOMETRIC_REPRESENTATION_CONTEXT(2) 
PARAMETRIC_REPRESENTATION_CONTEXT() REPRESENTATION_CONTEXT('2D SPACE',''
  ) );
#2302 = ORIENTED_EDGE('',*,*,#140,.T.);
#2303 = ORIENTED_EDGE('',*,*,#2304,.T.);
#2304 = EDGE_CURVE('',#143,#2305,#2307,.T.);
#2305 = VERTEX_POINT('',#2306);
#2306 = CARTESIAN_POINT('',(3.,6.,12.5));
#2307 = SURFACE_CURVE('',#2308,(#2312,#2319),.PCURVE_S1.);
#2308 = LINE('',#2309,#2310);
#2309 = CARTESIAN_POINT('',(-1.,6.,12.5));
#2310 = VECTOR('',#2311,1.);
#2311 = DIRECTION('',(1.,0.,0.));
#2312 = PCURVE('',#158,#2313);
#2313 = DEFINITIONAL_REPRESENTATION('',(#2314),#2318);
#2314 = LINE('',#2315,#2316);
#2315 = CARTESIAN_POINT('',(0.,0.));
#2316 = VECTOR('',#2317,1.);
#2317 = DIRECTION('',(1.,0.));
#2318 = ( GEOMETRIC_REPRESENTATION_CONTEXT(2) 
PARAMETRIC_REPRESENTATION_CONTEXT() REPRESENTATION_CONTEXT('2D SPACE',''
  ) );
#2319 = PCURVE('',#186,#2320);
#2320 = DEFINITIONAL_REPRESENTATION('',(#2321),#2325);
#2321 = LINE('',#2322,#2323);
#2322 = CARTESIAN_POINT('',(0.,0.));
#2323 = VECTOR('',#2324,1.);
#2324 = DIRECTION('',(0.,1.));
#2325 = ( GEOMETRIC_REPRESENTATION_CONTEXT(2) 
PARAMETRIC_REPRESENTATION_CONTEXT() REPRESENTATION_CONTEXT('2D SPACE',''
  ) );
#2326 = ORIENTED_EDGE('',*,*,#2327,.F.);
#2327 = EDGE_CURVE('',#2281,#2305,#2328,.T.);
#2328 = SURFACE_CURVE('',#2329,(#2333,#2340),.PCURVE_S1.);
#2329 = LINE('',#2330,#2331);
#2330 = CARTESIAN_POINT('',(3.,3.,12.5));
#2331 = VECTOR('',#2332,1.);
#2332 = DIRECTION('',(0.,-1.,0.));
#2333 = PCURVE('',#158,#2334);
#2334 = DEFINITIONAL_REPRESENTATION('',(#2335),#2339);
#2335 = LINE('',#2336,#2337);
#2336 = CARTESIAN_POINT('',(4.,-3.));
#2337 = VECTOR('',#2338,1.);
#2338 = DIRECTION('',(0.,-1.));
#2339 = ( GEOMETRIC_REPRESENTATION_CONTEXT(2) 
PARAMETRIC_REPRESENTATION_CONTEXT() REPRESENTATION_CONTEXT('2D SPACE',''
  ) );
#2340 = PCURVE('',#2140,#2341);
#2341 = DEFINITIONAL_REPRESENTATION('',(#2342),#2346);
#2342 = LINE('',#2343,#2344);
#2343 = CARTESIAN_POINT('',(12.5,-3.));
#2344 = VECTOR('',#2345,1.);
#2345 = DIRECTION('',(0.,1.));
#2346 = ( GEOMETRIC_REPRESENTATION_CONTEXT(2) 
PARAMETRIC_REPRESENTATION_CONTEXT() REPRESENTATION_CONTEXT('2D SPACE',''
  ) );
#2347 = ADVANCED_FACE('',(#2348),#240,.F.);
#2348 = FACE_BOUND('',#2349,.F.);
#2349 = EDGE_LOOP('',(#2350,#2351,#2352,#2375));
#2350 = ORIENTED_EDGE('',*,*,#2280,.F.);
#2351 = ORIENTED_EDGE('',*,*,#226,.T.);
#2352 = ORIENTED_EDGE('',*,*,#2353,.T.);
#2353 = EDGE_CURVE('',#199,#2354,#2356,.T.);
#2354 = VERTEX_POINT('',#2355);
#2355 = CARTESIAN_POINT('',(3.,14.,19.5));
#2356 = SURFACE_CURVE('',#2357,(#2361,#2368),.PCURVE_S1.);
#2357 = LINE('',#2358,#2359);
#2358 = CARTESIAN_POINT('',(-1.,14.,19.5));
#2359 = VECTOR('',#2360,1.);
#2360 = DIRECTION('',(1.,0.,0.));
#2361 = PCURVE('',#240,#2362);
#2362 = DEFINITIONAL_REPRESENTATION('',(#2363),#2367);
#2363 = LINE('',#2364,#2365);
#2364 = CARTESIAN_POINT('',(7.,0.));
#2365 = VECTOR('',#2366,1.);
#2366 = DIRECTION('',(0.,1.));
#2367 = ( GEOMETRIC_REPRESENTATION_CONTEXT(2) 
PARAMETRIC_REPRESENTATION_CONTEXT() REPRESENTATION_CONTEXT('2D SPACE',''
  ) );
#2368 = PCURVE('',#214,#2369);
#2369 = DEFINITIONAL_REPRESENTATION('',(#2370),#2374);
#2370 = LINE('',#2371,#2372);
#2371 = CARTESIAN_POINT('',(0.,8.));
#2372 = VECTOR('',#2373,1.);
#2373 = DIRECTION('',(1.,0.));
#2374 = ( GEOMETRIC_REPRESENTATION_CONTEXT(2) 
PARAMETRIC_REPRESENTATION_CONTEXT() REPRESENTATION_CONTEXT('2D SPACE',''
  ) );
#2375 = ORIENTED_EDGE('',*,*,#2376,.F.);
#2376 = EDGE_CURVE('',#2281,#2354,#2377,.T.);
#2377 = SURFACE_CURVE('',#2378,(#2382,#2389),.PCURVE_S1.);
#2378 = LINE('',#2379,#2380);
#2379 = CARTESIAN_POINT('',(3.,14.,6.25));
#2380 = VECTOR('',#2381,1.);
#2381 = DIRECTION('',(0.,0.,1.));
#2382 = PCURVE('',#240,#2383);
#2383 = DEFINITIONAL_REPRESENTATION('',(#2384),#2388);
#2384 = LINE('',#2385,#2386);
#2385 = CARTESIAN_POINT('',(-6.25,4.));
#2386 = VECTOR('',#2387,1.);
#2387 = DIRECTION('',(1.,0.));
#2388 = ( GEOMETRIC_REPRESENTATION_CONTEXT(2) 
PARAMETRIC_REPRESENTATION_CONTEXT() REPRESENTATION_CONTEXT('2D SPACE',''
  ) );
#2389 = PCURVE('',#2140,#2390);
#2390 = DEFINITIONAL_REPRESENTATION('',(#2391),#2395);
#2391 = LINE('',#2392,#2393);
#2392 = CARTESIAN_POINT('',(6.25,-14.));
#2393 = VECTOR('',#2394,1.);
#2394 = DIRECTION('',(1.,0.));
#2395 = ( GEOMETRIC_REPRESENTATION_CONTEXT(2) 
PARAMETRIC_REPRESENTATION_CONTEXT() REPRESENTATION_CONTEXT('2D SPACE',''
  ) );
#2396 = ADVANCED_FACE('',(#2397),#186,.T.);
#2397 = FACE_BOUND('',#2398,.T.);
#2398 = EDGE_LOOP('',(#2399,#2400,#2401,#2424));
#2399 = ORIENTED_EDGE('',*,*,#2304,.F.);
#2400 = ORIENTED_EDGE('',*,*,#170,.T.);
#2401 = ORIENTED_EDGE('',*,*,#2402,.T.);
#2402 = EDGE_CURVE('',#171,#2403,#2405,.T.);
#2403 = VERTEX_POINT('',#2404);
#2404 = CARTESIAN_POINT('',(3.,6.,19.5));
#2405 = SURFACE_CURVE('',#2406,(#2410,#2417),.PCURVE_S1.);
#2406 = LINE('',#2407,#2408);
#2407 = CARTESIAN_POINT('',(-1.,6.,19.5));
#2408 = VECTOR('',#2409,1.);
#2409 = DIRECTION('',(1.,0.,0.));
#2410 = PCURVE('',#186,#2411);
#2411 = DEFINITIONAL_REPRESENTATION('',(#2412),#2416);
#2412 = LINE('',#2413,#2414);
#2413 = CARTESIAN_POINT('',(7.,0.));
#2414 = VECTOR('',#2415,1.);
#2415 = DIRECTION('',(0.,1.));
#2416 = ( GEOMETRIC_REPRESENTATION_CONTEXT(2) 
PARAMETRIC_REPRESENTATION_CONTEXT() REPRESENTATION_CONTEXT('2D SPACE',''
  ) );
#2417 = PCURVE('',#214,#2418);
#2418 = DEFINITIONAL_REPRESENTATION('',(#2419),#2423);
#2419 = LINE('',#2420,#2421);
#2420 = CARTESIAN_POINT('',(0.,0.));
#2421 = VECTOR('',#2422,1.);
#2422 = DIRECTION('',(1.,0.));
#2423 = ( GEOMETRIC_REPRESENTATION_CONTEXT(2) 
PARAMETRIC_REPRESENTATION_CONTEXT() REPRESENTATION_CONTEXT('2D SPACE',''
  ) );
#2424 = ORIENTED_EDGE('',*,*,#2425,.F.);
#2425 = EDGE_CURVE('',#2305,#2403,#2426,.T.);
#2426 = SURFACE_CURVE('',#2427,(#2431,#2438),.PCURVE_S1.);
#2427 = LINE('',#2428,#2429);
#2428 = CARTESIAN_POINT('',(3.,6.,6.25));
#2429 = VECTOR('',#2430,1.);
#2430 = DIRECTION('',(0.,0.,1.));
#2431 = PCURVE('',#186,#2432);
#2432 = DEFINITIONAL_REPRESENTATION('',(#2433),#2437);
#2433 = LINE('',#2434,#2435);
#2434 = CARTESIAN_POINT('',(-6.25,4.));
#2435 = VECTOR('',#2436,1.);
#2436 = DIRECTION('',(1.,0.));
#2437 = ( GEOMETRIC_REPRESENTATION_CONTEXT(2) 
PARAMETRIC_REPRESENTATION_CONTEXT() REPRESENTATION_CONTEXT('2D SPACE',''
  ) );
#2438 = PCURVE('',#2140,#2439);
#2439 = DEFINITIONAL_REPRESENTATION('',(#2440),#2444);
#2440 = LINE('',#2441,#2442);
#2441 = CARTESIAN_POINT('',(6.25,-6.));
#2442 = VECTOR('',#2443,1.);
#2443 = DIRECTION('',(1.,0.));
#2444 = ( GEOMETRIC_REPRESENTATION_CONTEXT(2) 
PARAMETRIC_REPRESENTATION_CONTEXT() REPRESENTATION_CONTEXT('2D SPACE',''
  ) );
#2445 = ADVANCED_FACE('',(#2446),#214,.F.);
#2446 = FACE_BOUND('',#2447,.F.);
#2447 = EDGE_LOOP('',(#2448,#2449,#2450,#2451));
#2448 = ORIENTED_EDGE('',*,*,#2353,.F.);
#2449 = ORIENTED_EDGE('',*,*,#198,.T.);
#2450 = ORIENTED_EDGE('',*,*,#2402,.T.);
#2451 = ORIENTED_EDGE('',*,*,#2452,.F.);
#2452 = EDGE_CURVE('',#2354,#2403,#2453,.T.);
#2453 = SURFACE_CURVE('',#2454,(#2458,#2465),.PCURVE_S1.);
#2454 = LINE('',#2455,#2456);
#2455 = CARTESIAN_POINT('',(3.,3.,19.5));
#2456 = VECTOR('',#2457,1.);
#2457 = DIRECTION('',(0.,-1.,0.));
#2458 = PCURVE('',#214,#2459);
#2459 = DEFINITIONAL_REPRESENTATION('',(#2460),#2464);
#2460 = LINE('',#2461,#2462);
#2461 = CARTESIAN_POINT('',(4.,-3.));
#2462 = VECTOR('',#2463,1.);
#2463 = DIRECTION('',(0.,-1.));
#2464 = ( GEOMETRIC_REPRESENTATION_CONTEXT(2) 
PARAMETRIC_REPRESENTATION_CONTEXT() REPRESENTATION_CONTEXT('2D SPACE',''
  ) );
#2465 = PCURVE('',#2140,#2466);
#2466 = DEFINITIONAL_REPRESENTATION('',(#2467),#2471);
#2467 = LINE('',#2468,#2469);
#2468 = CARTESIAN_POINT('',(19.5,-3.));
#2469 = VECTOR('',#2470,1.);
#2470 = DIRECTION('',(0.,1.));
#2471 = ( GEOMETRIC_REPRESENTATION_CONTEXT(2) 
PARAMETRIC_REPRESENTATION_CONTEXT() REPRESENTATION_CONTEXT('2D SPACE',''
  ) );
#2472 = ADVANCED_FACE('',(#2473),#272,.T.);
#2473 = FACE_BOUND('',#2474,.T.);
#2474 = EDGE_LOOP('',(#2475,#2498,#2499,#2522));
#2475 = ORIENTED_EDGE('',*,*,#2476,.F.);
#2476 = EDGE_CURVE('',#255,#2477,#2479,.T.);
#2477 = VERTEX_POINT('',#2478);
#2478 = CARTESIAN_POINT('',(3.,14.,22.5));
#2479 = SURFACE_CURVE('',#2480,(#2484,#2491),.PCURVE_S1.);
#2480 = LINE('',#2481,#2482);
#2481 = CARTESIAN_POINT('',(-1.,14.,22.5));
#2482 = VECTOR('',#2483,1.);
#2483 = DIRECTION('',(1.,0.,0.));
#2484 = PCURVE('',#272,#2485);
#2485 = DEFINITIONAL_REPRESENTATION('',(#2486),#2490);
#2486 = LINE('',#2487,#2488);
#2487 = CARTESIAN_POINT('',(0.,8.));
#2488 = VECTOR('',#2489,1.);
#2489 = DIRECTION('',(1.,0.));
#2490 = ( GEOMETRIC_REPRESENTATION_CONTEXT(2) 
PARAMETRIC_REPRESENTATION_CONTEXT() REPRESENTATION_CONTEXT('2D SPACE',''
  ) );
#2491 = PCURVE('',#354,#2492);
#2492 = DEFINITIONAL_REPRESENTATION('',(#2493),#2497);
#2493 = LINE('',#2494,#2495);
#2494 = CARTESIAN_POINT('',(0.,0.));
#2495 = VECTOR('',#2496,1.);
#2496 = DIRECTION('',(0.,1.));
#2497 = ( GEOMETRIC_REPRESENTATION_CONTEXT(2) 
PARAMETRIC_REPRESENTATION_CONTEXT() REPRESENTATION_CONTEXT('2D SPACE',''
  ) );
#2498 = ORIENTED_EDGE('',*,*,#254,.T.);
#2499 = ORIENTED_EDGE('',*,*,#2500,.T.);
#2500 = EDGE_CURVE('',#257,#2501,#2503,.T.);
#2501 = VERTEX_POINT('',#2502);
#2502 = CARTESIAN_POINT('',(3.,6.,22.5));
#2503 = SURFACE_CURVE('',#2504,(#2508,#2515),.PCURVE_S1.);
#2504 = LINE('',#2505,#2506);
#2505 = CARTESIAN_POINT('',(-1.,6.,22.5));
#2506 = VECTOR('',#2507,1.);
#2507 = DIRECTION('',(1.,0.,0.));
#2508 = PCURVE('',#272,#2509);
#2509 = DEFINITIONAL_REPRESENTATION('',(#2510),#2514);
#2510 = LINE('',#2511,#2512);
#2511 = CARTESIAN_POINT('',(0.,0.));
#2512 = VECTOR('',#2513,1.);
#2513 = DIRECTION('',(1.,0.));
#2514 = ( GEOMETRIC_REPRESENTATION_CONTEXT(2) 
PARAMETRIC_REPRESENTATION_CONTEXT() REPRESENTATION_CONTEXT('2D SPACE',''
  ) );
#2515 = PCURVE('',#300,#2516);
#2516 = DEFINITIONAL_REPRESENTATION('',(#2517),#2521);
#2517 = LINE('',#2518,#2519);
#2518 = CARTESIAN_POINT('',(0.,0.));
#2519 = VECTOR('',#2520,1.);
#2520 = DIRECTION('',(0.,1.));
#2521 = ( GEOMETRIC_REPRESENTATION_CONTEXT(2) 
PARAMETRIC_REPRESENTATION_CONTEXT() REPRESENTATION_CONTEXT('2D SPACE',''
  ) );
#2522 = ORIENTED_EDGE('',*,*,#2523,.F.);
#2523 = EDGE_CURVE('',#2477,#2501,#2524,.T.);
#2524 = SURFACE_CURVE('',#2525,(#2529,#2536),.PCURVE_S1.);
#2525 = LINE('',#2526,#2527);
#2526 = CARTESIAN_POINT('',(3.,3.,22.5));
#2527 = VECTOR('',#2528,1.);
#2528 = DIRECTION('',(0.,-1.,0.));
#2529 = PCURVE('',#272,#2530);
#2530 = DEFINITIONAL_REPRESENTATION('',(#2531),#2535);
#2531 = LINE('',#2532,#2533);
#2532 = CARTESIAN_POINT('',(4.,-3.));
#2533 = VECTOR('',#2534,1.);
#2534 = DIRECTION('',(0.,-1.));
#2535 = ( GEOMETRIC_REPRESENTATION_CONTEXT(2) 
PARAMETRIC_REPRESENTATION_CONTEXT() REPRESENTATION_CONTEXT('2D SPACE',''
  ) );
#2536 = PCURVE('',#2140,#2537);
#2537 = DEFINITIONAL_REPRESENTATION('',(#2538),#2542);
#2538 = LINE('',#2539,#2540);
#2539 = CARTESIAN_POINT('',(22.5,-3.));
#2540 = VECTOR('',#2541,1.);
#2541 = DIRECTION('',(0.,1.));
#2542 = ( GEOMETRIC_REPRESENTATION_CONTEXT(2) 
PARAMETRIC_REPRESENTATION_CONTEXT() REPRESENTATION_CONTEXT('2D SPACE',''
  ) );
#2543 = ADVANCED_FACE('',(#2544),#354,.F.);
#2544 = FACE_BOUND('',#2545,.F.);
#2545 = EDGE_LOOP('',(#2546,#2547,#2548,#2571));
#2546 = ORIENTED_EDGE('',*,*,#2476,.F.);
#2547 = ORIENTED_EDGE('',*,*,#340,.T.);
#2548 = ORIENTED_EDGE('',*,*,#2549,.T.);
#2549 = EDGE_CURVE('',#313,#2550,#2552,.T.);
#2550 = VERTEX_POINT('',#2551);
#2551 = CARTESIAN_POINT('',(3.,14.,29.5));
#2552 = SURFACE_CURVE('',#2553,(#2557,#2564),.PCURVE_S1.);
#2553 = LINE('',#2554,#2555);
#2554 = CARTESIAN_POINT('',(-1.,14.,29.5));
#2555 = VECTOR('',#2556,1.);
#2556 = DIRECTION('',(1.,0.,0.));
#2557 = PCURVE('',#354,#2558);
#2558 = DEFINITIONAL_REPRESENTATION('',(#2559),#2563);
#2559 = LINE('',#2560,#2561);
#2560 = CARTESIAN_POINT('',(7.,0.));
#2561 = VECTOR('',#2562,1.);
#2562 = DIRECTION('',(0.,1.));
#2563 = ( GEOMETRIC_REPRESENTATION_CONTEXT(2) 
PARAMETRIC_REPRESENTATION_CONTEXT() REPRESENTATION_CONTEXT('2D SPACE',''
  ) );
#2564 = PCURVE('',#328,#2565);
#2565 = DEFINITIONAL_REPRESENTATION('',(#2566),#2570);
#2566 = LINE('',#2567,#2568);
#2567 = CARTESIAN_POINT('',(0.,8.));
#2568 = VECTOR('',#2569,1.);
#2569 = DIRECTION('',(1.,0.));
#2570 = ( GEOMETRIC_REPRESENTATION_CONTEXT(2) 
PARAMETRIC_REPRESENTATION_CONTEXT() REPRESENTATION_CONTEXT('2D SPACE',''
  ) );
#2571 = ORIENTED_EDGE('',*,*,#2572,.F.);
#2572 = EDGE_CURVE('',#2477,#2550,#2573,.T.);
#2573 = SURFACE_CURVE('',#2574,(#2578,#2585),.PCURVE_S1.);
#2574 = LINE('',#2575,#2576);
#2575 = CARTESIAN_POINT('',(3.,14.,11.25));
#2576 = VECTOR('',#2577,1.);
#2577 = DIRECTION('',(0.,0.,1.));
#2578 = PCURVE('',#354,#2579);
#2579 = DEFINITIONAL_REPRESENTATION('',(#2580),#2584);
#2580 = LINE('',#2581,#2582);
#2581 = CARTESIAN_POINT('',(-11.25,4.));
#2582 = VECTOR('',#2583,1.);
#2583 = DIRECTION('',(1.,0.));
#2584 = ( GEOMETRIC_REPRESENTATION_CONTEXT(2) 
PARAMETRIC_REPRESENTATION_CONTEXT() REPRESENTATION_CONTEXT('2D SPACE',''
  ) );
#2585 = PCURVE('',#2140,#2586);
#2586 = DEFINITIONAL_REPRESENTATION('',(#2587),#2591);
#2587 = LINE('',#2588,#2589);
#2588 = CARTESIAN_POINT('',(11.25,-14.));
#2589 = VECTOR('',#2590,1.);
#2590 = DIRECTION('',(1.,0.));
#2591 = ( GEOMETRIC_REPRESENTATION_CONTEXT(2) 
PARAMETRIC_REPRESENTATION_CONTEXT() REPRESENTATION_CONTEXT('2D SPACE',''
  ) );
#2592 = ADVANCED_FACE('',(#2593),#300,.T.);
#2593 = FACE_BOUND('',#2594,.T.);
#2594 = EDGE_LOOP('',(#2595,#2596,#2597,#2620));
#2595 = ORIENTED_EDGE('',*,*,#2500,.F.);
#2596 = ORIENTED_EDGE('',*,*,#284,.T.);
#2597 = ORIENTED_EDGE('',*,*,#2598,.T.);
#2598 = EDGE_CURVE('',#285,#2599,#2601,.T.);
#2599 = VERTEX_POINT('',#2600);
#2600 = CARTESIAN_POINT('',(3.,6.,29.5));
#2601 = SURFACE_CURVE('',#2602,(#2606,#2613),.PCURVE_S1.);
#2602 = LINE('',#2603,#2604);
#2603 = CARTESIAN_POINT('',(-1.,6.,29.5));
#2604 = VECTOR('',#2605,1.);
#2605 = DIRECTION('',(1.,0.,0.));
#2606 = PCURVE('',#300,#2607);
#2607 = DEFINITIONAL_REPRESENTATION('',(#2608),#2612);
#2608 = LINE('',#2609,#2610);
#2609 = CARTESIAN_POINT('',(7.,0.));
#2610 = VECTOR('',#2611,1.);
#2611 = DIRECTION('',(0.,1.));
#2612 = ( GEOMETRIC_REPRESENTATION_CONTEXT(2) 
PARAMETRIC_REPRESENTATION_CONTEXT() REPRESENTATION_CONTEXT('2D SPACE',''
  ) );
#2613 = PCURVE('',#328,#2614);
#2614 = DEFINITIONAL_REPRESENTATION('',(#2615),#2619);
#2615 = LINE('',#2616,#2617);
#2616 = CARTESIAN_POINT('',(0.,0.));
#2617 = VECTOR('',#2618,1.);
#2618 = DIRECTION('',(1.,0.));
#2619 = ( GEOMETRIC_REPRESENTATION_CONTEXT(2) 
PARAMETRIC_REPRESENTATION_CONTEXT() REPRESENTATION_CONTEXT('2D SPACE',''
  ) );
#2620 = ORIENTED_EDGE('',*,*,#2621,.F.);
#2621 = EDGE_CURVE('',#2501,#2599,#2622,.T.);
#2622 = SURFACE_CURVE('',#2623,(#2627,#2634),.PCURVE_S1.);
#2623 = LINE('',#2624,#2625);
#2624 = CARTESIAN_POINT('',(3.,6.,11.25));
#2625 = VECTOR('',#2626,1.);
#2626 = DIRECTION('',(0.,0.,1.));
#2627 = PCURVE('',#300,#2628);
#2628 = DEFINITIONAL_REPRESENTATION('',(#2629),#2633);
#2629 = LINE('',#2630,#2631);
#2630 = CARTESIAN_POINT('',(-11.25,4.));
#2631 = VECTOR('',#2632,1.);
#2632 = DIRECTION('',(1.,0.));
#2633 = ( GEOMETRIC_REPRESENTATION_CONTEXT(2) 
PARAMETRIC_REPRESENTATION_CONTEXT() REPRESENTATION_CONTEXT('2D SPACE',''
  ) );
#2634 = PCURVE('',#2140,#2635);
#2635 = DEFINITIONAL_REPRESENTATION('',(#2636),#2640);
#2636 = LINE('',#2637,#2638);
#2637 = CARTESIAN_POINT('',(11.25,-6.));
#2638 = VECTOR('',#2639,1.);
#2639 = DIRECTION('',(1.,0.));
#2640 = ( GEOMETRIC_REPRESENTATION_CONTEXT(2) 
PARAMETRIC_REPRESENTATION_CONTEXT() REPRESENTATION_CONTEXT('2D SPACE',''
  ) );
#2641 = ADVANCED_FACE('',(#2642),#328,.F.);
#2642 = FACE_BOUND('',#2643,.F.);
#2643 = EDGE_LOOP('',(#2644,#2645,#2646,#2647));
#2644 = ORIENTED_EDGE('',*,*,#2549,.F.);
#2645 = ORIENTED_EDGE('',*,*,#312,.T.);
#2646 = ORIENTED_EDGE('',*,*,#2598,.T.);
#2647 = ORIENTED_EDGE('',*,*,#2648,.F.);
#2648 = EDGE_CURVE('',#2550,#2599,#2649,.T.);
#2649 = SURFACE_CURVE('',#2650,(#2654,#2661),.PCURVE_S1.);
#2650 = LINE('',#2651,#2652);
#2651 = CARTESIAN_POINT('',(3.,3.,29.5));
#2652 = VECTOR('',#2653,1.);
#2653 = DIRECTION('',(0.,-1.,0.));
#2654 = PCURVE('',#328,#2655);
#2655 = DEFINITIONAL_REPRESENTATION('',(#2656),#2660);
#2656 = LINE('',#2657,#2658);
#2657 = CARTESIAN_POINT('',(4.,-3.));
#2658 = VECTOR('',#2659,1.);
#2659 = DIRECTION('',(0.,-1.));
#2660 = ( GEOMETRIC_REPRESENTATION_CONTEXT(2) 
PARAMETRIC_REPRESENTATION_CONTEXT() REPRESENTATION_CONTEXT('2D SPACE',''
  ) );
#2661 = PCURVE('',#2140,#2662);
#2662 = DEFINITIONAL_REPRESENTATION('',(#2663),#2667);
#2663 = LINE('',#2664,#2665);
#2664 = CARTESIAN_POINT('',(29.5,-3.));
#2665 = VECTOR('',#2666,1.);
#2666 = DIRECTION('',(0.,1.));
#2667 = ( GEOMETRIC_REPRESENTATION_CONTEXT(2) 
PARAMETRIC_REPRESENTATION_CONTEXT() REPRESENTATION_CONTEXT('2D SPACE',''
  ) );
#2668 = ADVANCED_FACE('',(#2669),#386,.T.);
#2669 = FACE_BOUND('',#2670,.T.);
#2670 = EDGE_LOOP('',(#2671,#2694,#2695,#2718));
#2671 = ORIENTED_EDGE('',*,*,#2672,.F.);
#2672 = EDGE_CURVE('',#369,#2673,#2675,.T.);
#2673 = VERTEX_POINT('',#2674);
#2674 = CARTESIAN_POINT('',(3.,14.,32.5));
#2675 = SURFACE_CURVE('',#2676,(#2680,#2687),.PCURVE_S1.);
#2676 = LINE('',#2677,#2678);
#2677 = CARTESIAN_POINT('',(-1.,14.,32.5));
#2678 = VECTOR('',#2679,1.);
#2679 = DIRECTION('',(1.,0.,0.));
#2680 = PCURVE('',#386,#2681);
#2681 = DEFINITIONAL_REPRESENTATION('',(#2682),#2686);
#2682 = LINE('',#2683,#2684);
#2683 = CARTESIAN_POINT('',(0.,8.));
#2684 = VECTOR('',#2685,1.);
#2685 = DIRECTION('',(1.,0.));
#2686 = ( GEOMETRIC_REPRESENTATION_CONTEXT(2) 
PARAMETRIC_REPRESENTATION_CONTEXT() REPRESENTATION_CONTEXT('2D SPACE',''
  ) );
#2687 = PCURVE('',#468,#2688);
#2688 = DEFINITIONAL_REPRESENTATION('',(#2689),#2693);
#2689 = LINE('',#2690,#2691);
#2690 = CARTESIAN_POINT('',(0.,0.));
#2691 = VECTOR('',#2692,1.);
#2692 = DIRECTION('',(0.,1.));
#2693 = ( GEOMETRIC_REPRESENTATION_CONTEXT(2) 
PARAMETRIC_REPRESENTATION_CONTEXT() REPRESENTATION_CONTEXT('2D SPACE',''
  ) );
#2694 = ORIENTED_EDGE('',*,*,#368,.T.);
#2695 = ORIENTED_EDGE('',*,*,#2696,.T.);
#2696 = EDGE_CURVE('',#371,#2697,#2699,.T.);
#2697 = VERTEX_POINT('',#2698);
#2698 = CARTESIAN_POINT('',(3.,6.,32.5));
#2699 = SURFACE_CURVE('',#2700,(#2704,#2711),.PCURVE_S1.);
#2700 = LINE('',#2701,#2702);
#2701 = CARTESIAN_POINT('',(-1.,6.,32.5));
#2702 = VECTOR('',#2703,1.);
#2703 = DIRECTION('',(1.,0.,0.));
#2704 = PCURVE('',#386,#2705);
#2705 = DEFINITIONAL_REPRESENTATION('',(#2706),#2710);
#2706 = LINE('',#2707,#2708);
#2707 = CARTESIAN_POINT('',(0.,0.));
#2708 = VECTOR('',#2709,1.);
#2709 = DIRECTION('',(1.,0.));
#2710 = ( GEOMETRIC_REPRESENTATION_CONTEXT(2) 
PARAMETRIC_REPRESENTATION_CONTEXT() REPRESENTATION_CONTEXT('2D SPACE',''
  ) );
#2711 = PCURVE('',#414,#2712);
#2712 = DEFINITIONAL_REPRESENTATION('',(#2713),#2717);
#2713 = LINE('',#2714,#2715);
#2714 = CARTESIAN_POINT('',(0.,0.));
#2715 = VECTOR('',#2716,1.);
#2716 = DIRECTION('',(0.,1.));
#2717 = ( GEOMETRIC_REPRESENTATION_CONTEXT(2) 
PARAMETRIC_REPRESENTATION_CONTEXT() REPRESENTATION_CONTEXT('2D SPACE',''
  ) );
#2718 = ORIENTED_EDGE('',*,*,#2719,.F.);
#2719 = EDGE_CURVE('',#2673,#2697,#2720,.T.);
#2720 = SURFACE_CURVE('',#2721,(#2725,#2732),.PCURVE_S1.);
#2721 = LINE('',#2722,#2723);
#2722 = CARTESIAN_POINT('',(3.,3.,32.5));
#2723 = VECTOR('',#2724,1.);
#2724 = DIRECTION('',(0.,-1.,0.));
#2725 = PCURVE('',#386,#2726);
#2726 = DEFINITIONAL_REPRESENTATION('',(#2727),#2731);
#2727 = LINE('',#2728,#2729);
#2728 = CARTESIAN_POINT('',(4.,-3.));
#2729 = VECTOR('',#2730,1.);
#2730 = DIRECTION('',(0.,-1.));
#2731 = ( GEOMETRIC_REPRESENTATION_CONTEXT(2) 
PARAMETRIC_REPRESENTATION_CONTEXT() REPRESENTATION_CONTEXT('2D SPACE',''
  ) );
#2732 = PCURVE('',#2140,#2733);
#2733 = DEFINITIONAL_REPRESENTATION('',(#2734),#2738);
#2734 = LINE('',#2735,#2736);
#2735 = CARTESIAN_POINT('',(32.5,-3.));
#2736 = VECTOR('',#2737,1.);
#2737 = DIRECTION('',(0.,1.));
#2738 = ( GEOMETRIC_REPRESENTATION_CONTEXT(2) 
PARAMETRIC_REPRESENTATION_CONTEXT() REPRESENTATION_CONTEXT('2D SPACE',''
  ) );
#2739 = ADVANCED_FACE('',(#2740),#468,.F.);
#2740 = FACE_BOUND('',#2741,.F.);
#2741 = EDGE_LOOP('',(#2742,#2743,#2744,#2767));
#2742 = ORIENTED_EDGE('',*,*,#2672,.F.);
#2743 = ORIENTED_EDGE('',*,*,#454,.T.);
#2744 = ORIENTED_EDGE('',*,*,#2745,.T.);
#2745 = EDGE_CURVE('',#427,#2746,#2748,.T.);
#2746 = VERTEX_POINT('',#2747);
#2747 = CARTESIAN_POINT('',(3.,14.,39.5));
#2748 = SURFACE_CURVE('',#2749,(#2753,#2760),.PCURVE_S1.);
#2749 = LINE('',#2750,#2751);
#2750 = CARTESIAN_POINT('',(-1.,14.,39.5));
#2751 = VECTOR('',#2752,1.);
#2752 = DIRECTION('',(1.,0.,0.));
#2753 = PCURVE('',#468,#2754);
#2754 = DEFINITIONAL_REPRESENTATION('',(#2755),#2759);
#2755 = LINE('',#2756,#2757);
#2756 = CARTESIAN_POINT('',(7.,0.));
#2757 = VECTOR('',#2758,1.);
#2758 = DIRECTION('',(0.,1.));
#2759 = ( GEOMETRIC_REPRESENTATION_CONTEXT(2) 
PARAMETRIC_REPRESENTATION_CONTEXT() REPRESENTATION_CONTEXT('2D SPACE',''
  ) );
#2760 = PCURVE('',#442,#2761);
#2761 = DEFINITIONAL_REPRESENTATION('',(#2762),#2766);
#2762 = LINE('',#2763,#2764);
#2763 = CARTESIAN_POINT('',(0.,8.));
#2764 = VECTOR('',#2765,1.);
#2765 = DIRECTION('',(1.,0.));
#2766 = ( GEOMETRIC_REPRESENTATION_CONTEXT(2) 
PARAMETRIC_REPRESENTATION_CONTEXT() REPRESENTATION_CONTEXT('2D SPACE',''
  ) );
#2767 = ORIENTED_EDGE('',*,*,#2768,.F.);
#2768 = EDGE_CURVE('',#2673,#2746,#2769,.T.);
#2769 = SURFACE_CURVE('',#2770,(#2774,#2781),.PCURVE_S1.);
#2770 = LINE('',#2771,#2772);
#2771 = CARTESIAN_POINT('',(3.,14.,16.25));
#2772 = VECTOR('',#2773,1.);
#2773 = DIRECTION('',(0.,0.,1.));
#2774 = PCURVE('',#468,#2775);
#2775 = DEFINITIONAL_REPRESENTATION('',(#2776),#2780);
#2776 = LINE('',#2777,#2778);
#2777 = CARTESIAN_POINT('',(-16.25,4.));
#2778 = VECTOR('',#2779,1.);
#2779 = DIRECTION('',(1.,0.));
#2780 = ( GEOMETRIC_REPRESENTATION_CONTEXT(2) 
PARAMETRIC_REPRESENTATION_CONTEXT() REPRESENTATION_CONTEXT('2D SPACE',''
  ) );
#2781 = PCURVE('',#2140,#2782);
#2782 = DEFINITIONAL_REPRESENTATION('',(#2783),#2787);
#2783 = LINE('',#2784,#2785);
#2784 = CARTESIAN_POINT('',(16.25,-14.));
#2785 = VECTOR('',#2786,1.);
#2786 = DIRECTION('',(1.,0.));
#2787 = ( GEOMETRIC_REPRESENTATION_CONTEXT(2) 
PARAMETRIC_REPRESENTATION_CONTEXT() REPRESENTATION_CONTEXT('2D SPACE',''
  ) );
#2788 = ADVANCED_FACE('',(#2789),#414,.T.);
#2789 = FACE_BOUND('',#2790,.T.);
#2790 = EDGE_LOOP('',(#2791,#2792,#2793,#2816));
#2791 = ORIENTED_EDGE('',*,*,#2696,.F.);
#2792 = ORIENTED_EDGE('',*,*,#398,.T.);
#2793 = ORIENTED_EDGE('',*,*,#2794,.T.);
#2794 = EDGE_CURVE('',#399,#2795,#2797,.T.);
#2795 = VERTEX_POINT('',#2796);
#2796 = CARTESIAN_POINT('',(3.,6.,39.5));
#2797 = SURFACE_CURVE('',#2798,(#2802,#2809),.PCURVE_S1.);
#2798 = LINE('',#2799,#2800);
#2799 = CARTESIAN_POINT('',(-1.,6.,39.5));
#2800 = VECTOR('',#2801,1.);
#2801 = DIRECTION('',(1.,0.,0.));
#2802 = PCURVE('',#414,#2803);
#2803 = DEFINITIONAL_REPRESENTATION('',(#2804),#2808);
#2804 = LINE('',#2805,#2806);
#2805 = CARTESIAN_POINT('',(7.,0.));
#2806 = VECTOR('',#2807,1.);
#2807 = DIRECTION('',(0.,1.));
#2808 = ( GEOMETRIC_REPRESENTATION_CONTEXT(2) 
PARAMETRIC_REPRESENTATION_CONTEXT() REPRESENTATION_CONTEXT('2D SPACE',''
  ) );
#2809 = PCURVE('',#442,#2810);
#2810 = DEFINITIONAL_REPRESENTATION('',(#2811),#2815);
#2811 = LINE('',#2812,#2813);
#2812 = CARTESIAN_POINT('',(0.,0.));
#2813 = VECTOR('',#2814,1.);
#2814 = DIRECTION('',(1.,0.));
#2815 = ( GEOMETRIC_REPRESENTATION_CONTEXT(2) 
PARAMETRIC_REPRESENTATION_CONTEXT() REPRESENTATION_CONTEXT('2D SPACE',''
  ) );
#2816 = ORIENTED_EDGE('',*,*,#2817,.F.);
#2817 = EDGE_CURVE('',#2697,#2795,#2818,.T.);
#2818 = SURFACE_CURVE('',#2819,(#2823,#2830),.PCURVE_S1.);
#2819 = LINE('',#2820,#2821);
#2820 = CARTESIAN_POINT('',(3.,6.,16.25));
#2821 = VECTOR('',#2822,1.);
#2822 = DIRECTION('',(0.,0.,1.));
#2823 = PCURVE('',#414,#2824);
#2824 = DEFINITIONAL_REPRESENTATION('',(#2825),#2829);
#2825 = LINE('',#2826,#2827);
#2826 = CARTESIAN_POINT('',(-16.25,4.));
#2827 = VECTOR('',#2828,1.);
#2828 = DIRECTION('',(1.,0.));
#2829 = ( GEOMETRIC_REPRESENTATION_CONTEXT(2) 
PARAMETRIC_REPRESENTATION_CONTEXT() REPRESENTATION_CONTEXT('2D SPACE',''
  ) );
#2830 = PCURVE('',#2140,#2831);
#2831 = DEFINITIONAL_REPRESENTATION('',(#2832),#2836);
#2832 = LINE('',#2833,#2834);
#2833 = CARTESIAN_POINT('',(16.25,-6.));
#2834 = VECTOR('',#2835,1.);
#2835 = DIRECTION('',(1.,0.));
#2836 = ( GEOMETRIC_REPRESENTATION_CONTEXT(2) 
PARAMETRIC_REPRESENTATION_CONTEXT() REPRESENTATION_CONTEXT('2D SPACE',''
  ) );
#2837 = ADVANCED_FACE('',(#2838),#442,.F.);
#2838 = FACE_BOUND('',#2839,.F.);
#2839 = EDGE_LOOP('',(#2840,#2841,#2842,#2843));
#2840 = ORIENTED_EDGE('',*,*,#2745,.F.);
#2841 = ORIENTED_EDGE('',*,*,#426,.T.);
#2842 = ORIENTED_EDGE('',*,*,#2794,.T.);
#2843 = ORIENTED_EDGE('',*,*,#2844,.F.);
#2844 = EDGE_CURVE('',#2746,#2795,#2845,.T.);
#2845 = SURFACE_CURVE('',#2846,(#2850,#2857),.PCURVE_S1.);
#2846 = LINE('',#2847,#2848);
#2847 = CARTESIAN_POINT('',(3.,3.,39.5));
#2848 = VECTOR('',#2849,1.);
#2849 = DIRECTION('',(0.,-1.,0.));
#2850 = PCURVE('',#442,#2851);
#2851 = DEFINITIONAL_REPRESENTATION('',(#2852),#2856);
#2852 = LINE('',#2853,#2854);
#2853 = CARTESIAN_POINT('',(4.,-3.));
#2854 = VECTOR('',#2855,1.);
#2855 = DIRECTION('',(0.,-1.));
#2856 = ( GEOMETRIC_REPRESENTATION_CONTEXT(2) 
PARAMETRIC_REPRESENTATION_CONTEXT() REPRESENTATION_CONTEXT('2D SPACE',''
  ) );
#2857 = PCURVE('',#2140,#2858);
#2858 = DEFINITIONAL_REPRESENTATION('',(#2859),#2863);
#2859 = LINE('',#2860,#2861);
#2860 = CARTESIAN_POINT('',(39.5,-3.));
#2861 = VECTOR('',#2862,1.);
#2862 = DIRECTION('',(0.,1.));
#2863 = ( GEOMETRIC_REPRESENTATION_CONTEXT(2) 
PARAMETRIC_REPRESENTATION_CONTEXT() REPRESENTATION_CONTEXT('2D SPACE',''
  ) );
#2864 = ADVANCED_FACE('',(#2865),#500,.T.);
#2865 = FACE_BOUND('',#2866,.T.);
#2866 = EDGE_LOOP('',(#2867,#2890,#2891,#2914));
#2867 = ORIENTED_EDGE('',*,*,#2868,.F.);
#2868 = EDGE_CURVE('',#483,#2869,#2871,.T.);
#2869 = VERTEX_POINT('',#2870);
#2870 = CARTESIAN_POINT('',(3.,14.,42.5));
#2871 = SURFACE_CURVE('',#2872,(#2876,#2883),.PCURVE_S1.);
#2872 = LINE('',#2873,#2874);
#2873 = CARTESIAN_POINT('',(-1.,14.,42.5));
#2874 = VECTOR('',#2875,1.);
#2875 = DIRECTION('',(1.,0.,0.));
#2876 = PCURVE('',#500,#2877);
#2877 = DEFINITIONAL_REPRESENTATION('',(#2878),#2882);
#2878 = LINE('',#2879,#2880);
#2879 = CARTESIAN_POINT('',(0.,8.));
#2880 = VECTOR('',#2881,1.);
#2881 = DIRECTION('',(1.,0.));
#2882 = ( GEOMETRIC_REPRESENTATION_CONTEXT(2) 
PARAMETRIC_REPRESENTATION_CONTEXT() REPRESENTATION_CONTEXT('2D SPACE',''
  ) );
#2883 = PCURVE('',#582,#2884);
#2884 = DEFINITIONAL_REPRESENTATION('',(#2885),#2889);
#2885 = LINE('',#2886,#2887);
#2886 = CARTESIAN_POINT('',(0.,0.));
#2887 = VECTOR('',#2888,1.);
#2888 = DIRECTION('',(0.,1.));
#2889 = ( GEOMETRIC_REPRESENTATION_CONTEXT(2) 
PARAMETRIC_REPRESENTATION_CONTEXT() REPRESENTATION_CONTEXT('2D SPACE',''
  ) );
#2890 = ORIENTED_EDGE('',*,*,#482,.T.);
#2891 = ORIENTED_EDGE('',*,*,#2892,.T.);
#2892 = EDGE_CURVE('',#485,#2893,#2895,.T.);
#2893 = VERTEX_POINT('',#2894);
#2894 = CARTESIAN_POINT('',(3.,6.,42.5));
#2895 = SURFACE_CURVE('',#2896,(#2900,#2907),.PCURVE_S1.);
#2896 = LINE('',#2897,#2898);
#2897 = CARTESIAN_POINT('',(-1.,6.,42.5));
#2898 = VECTOR('',#2899,1.);
#2899 = DIRECTION('',(1.,0.,0.));
#2900 = PCURVE('',#500,#2901);
#2901 = DEFINITIONAL_REPRESENTATION('',(#2902),#2906);
#2902 = LINE('',#2903,#2904);
#2903 = CARTESIAN_POINT('',(0.,0.));
#2904 = VECTOR('',#2905,1.);
#2905 = DIRECTION('',(1.,0.));
#2906 = ( GEOMETRIC_REPRESENTATION_CONTEXT(2) 
PARAMETRIC_REPRESENTATION_CONTEXT() REPRESENTATION_CONTEXT('2D SPACE',''
  ) );
#2907 = PCURVE('',#528,#2908);
#2908 = DEFINITIONAL_REPRESENTATION('',(#2909),#2913);
#2909 = LINE('',#2910,#2911);
#2910 = CARTESIAN_POINT('',(0.,0.));
#2911 = VECTOR('',#2912,1.);
#2912 = DIRECTION('',(0.,1.));
#2913 = ( GEOMETRIC_REPRESENTATION_CONTEXT(2) 
PARAMETRIC_REPRESENTATION_CONTEXT() REPRESENTATION_CONTEXT('2D SPACE',''
  ) );
#2914 = ORIENTED_EDGE('',*,*,#2915,.F.);
#2915 = EDGE_CURVE('',#2869,#2893,#2916,.T.);
#2916 = SURFACE_CURVE('',#2917,(#2921,#2928),.PCURVE_S1.);
#2917 = LINE('',#2918,#2919);
#2918 = CARTESIAN_POINT('',(3.,3.,42.5));
#2919 = VECTOR('',#2920,1.);
#2920 = DIRECTION('',(0.,-1.,0.));
#2921 = PCURVE('',#500,#2922);
#2922 = DEFINITIONAL_REPRESENTATION('',(#2923),#2927);
#2923 = LINE('',#2924,#2925);
#2924 = CARTESIAN_POINT('',(4.,-3.));
#2925 = VECTOR('',#2926,1.);
#2926 = DIRECTION('',(0.,-1.));
#2927 = ( GEOMETRIC_REPRESENTATION_CONTEXT(2) 
PARAMETRIC_REPRESENTATION_CONTEXT() REPRESENTATION_CONTEXT('2D SPACE',''
  ) );
#2928 = PCURVE('',#2140,#2929);
#2929 = DEFINITIONAL_REPRESENTATION('',(#2930),#2934);
#2930 = LINE('',#2931,#2932);
#2931 = CARTESIAN_POINT('',(42.5,-3.));
#2932 = VECTOR('',#2933,1.);
#2933 = DIRECTION('',(0.,1.));
#2934 = ( GEOMETRIC_REPRESENTATION_CONTEXT(2) 
PARAMETRIC_REPRESENTATION_CONTEXT() REPRESENTATION_CONTEXT('2D SPACE',''
  ) );
#2935 = ADVANCED_FACE('',(#2936),#582,.F.);
#2936 = FACE_BOUND('',#2937,.F.);
#2937 = EDGE_LOOP('',(#2938,#2939,#2940,#2963));
#2938 = ORIENTED_EDGE('',*,*,#2868,.F.);
#2939 = ORIENTED_EDGE('',*,*,#568,.T.);
#2940 = ORIENTED_EDGE('',*,*,#2941,.T.);
#2941 = EDGE_CURVE('',#541,#2942,#2944,.T.);
#2942 = VERTEX_POINT('',#2943);
#2943 = CARTESIAN_POINT('',(3.,14.,49.5));
#2944 = SURFACE_CURVE('',#2945,(#2949,#2956),.PCURVE_S1.);
#2945 = LINE('',#2946,#2947);
#2946 = CARTESIAN_POINT('',(-1.,14.,49.5));
#2947 = VECTOR('',#2948,1.);
#2948 = DIRECTION('',(1.,0.,0.));
#2949 = PCURVE('',#582,#2950);
#2950 = DEFINITIONAL_REPRESENTATION('',(#2951),#2955);
#2951 = LINE('',#2952,#2953);
#2952 = CARTESIAN_POINT('',(7.,0.));
#2953 = VECTOR('',#2954,1.);
#2954 = DIRECTION('',(0.,1.));
#2955 = ( GEOMETRIC_REPRESENTATION_CONTEXT(2) 
PARAMETRIC_REPRESENTATION_CONTEXT() REPRESENTATION_CONTEXT('2D SPACE',''
  ) );
#2956 = PCURVE('',#556,#2957);
#2957 = DEFINITIONAL_REPRESENTATION('',(#2958),#2962);
#2958 = LINE('',#2959,#2960);
#2959 = CARTESIAN_POINT('',(0.,8.));
#2960 = VECTOR('',#2961,1.);
#2961 = DIRECTION('',(1.,0.));
#2962 = ( GEOMETRIC_REPRESENTATION_CONTEXT(2) 
PARAMETRIC_REPRESENTATION_CONTEXT() REPRESENTATION_CONTEXT('2D SPACE',''
  ) );
#2963 = ORIENTED_EDGE('',*,*,#2964,.F.);
#2964 = EDGE_CURVE('',#2869,#2942,#2965,.T.);
#2965 = SURFACE_CURVE('',#2966,(#2970,#2977),.PCURVE_S1.);
#2966 = LINE('',#2967,#2968);
#2967 = CARTESIAN_POINT('',(3.,14.,21.25));
#2968 = VECTOR('',#2969,1.);
#2969 = DIRECTION('',(0.,0.,1.));
#2970 = PCURVE('',#582,#2971);
#2971 = DEFINITIONAL_REPRESENTATION('',(#2972),#2976);
#2972 = LINE('',#2973,#2974);
#2973 = CARTESIAN_POINT('',(-21.25,4.));
#2974 = VECTOR('',#2975,1.);
#2975 = DIRECTION('',(1.,0.));
#2976 = ( GEOMETRIC_REPRESENTATION_CONTEXT(2) 
PARAMETRIC_REPRESENTATION_CONTEXT() REPRESENTATION_CONTEXT('2D SPACE',''
  ) );
#2977 = PCURVE('',#2140,#2978);
#2978 = DEFINITIONAL_REPRESENTATION('',(#2979),#2983);
#2979 = LINE('',#2980,#2981);
#2980 = CARTESIAN_POINT('',(21.25,-14.));
#2981 = VECTOR('',#2982,1.);
#2982 = DIRECTION('',(1.,0.));
#2983 = ( GEOMETRIC_REPRESENTATION_CONTEXT(2) 
PARAMETRIC_REPRESENTATION_CONTEXT() REPRESENTATION_CONTEXT('2D SPACE',''
  ) );
#2984 = ADVANCED_FACE('',(#2985),#528,.T.);
#2985 = FACE_BOUND('',#2986,.T.);
#2986 = EDGE_LOOP('',(#2987,#2988,#2989,#3012));
#2987 = ORIENTED_EDGE('',*,*,#2892,.F.);
#2988 = ORIENTED_EDGE('',*,*,#512,.T.);
#2989 = ORIENTED_EDGE('',*,*,#2990,.T.);
#2990 = EDGE_CURVE('',#513,#2991,#2993,.T.);
#2991 = VERTEX_POINT('',#2992);
#2992 = CARTESIAN_POINT('',(3.,6.,49.5));
#2993 = SURFACE_CURVE('',#2994,(#2998,#3005),.PCURVE_S1.);
#2994 = LINE('',#2995,#2996);
#2995 = CARTESIAN_POINT('',(-1.,6.,49.5));
#2996 = VECTOR('',#2997,1.);
#2997 = DIRECTION('',(1.,0.,0.));
#2998 = PCURVE('',#528,#2999);
#2999 = DEFINITIONAL_REPRESENTATION('',(#3000),#3004);
#3000 = LINE('',#3001,#3002);
#3001 = CARTESIAN_POINT('',(7.,0.));
#3002 = VECTOR('',#3003,1.);
#3003 = DIRECTION('',(0.,1.));
#3004 = ( GEOMETRIC_REPRESENTATION_CONTEXT(2) 
PARAMETRIC_REPRESENTATION_CONTEXT() REPRESENTATION_CONTEXT('2D SPACE',''
  ) );
#3005 = PCURVE('',#556,#3006);
#3006 = DEFINITIONAL_REPRESENTATION('',(#3007),#3011);
#3007 = LINE('',#3008,#3009);
#3008 = CARTESIAN_POINT('',(0.,0.));
#3009 = VECTOR('',#3010,1.);
#3010 = DIRECTION('',(1.,0.));
#3011 = ( GEOMETRIC_REPRESENTATION_CONTEXT(2) 
PARAMETRIC_REPRESENTATION_CONTEXT() REPRESENTATION_CONTEXT('2D SPACE',''
  ) );
#3012 = ORIENTED_EDGE('',*,*,#3013,.F.);
#3013 = EDGE_CURVE('',#2893,#2991,#3014,.T.);
#3014 = SURFACE_CURVE('',#3015,(#3019,#3026),.PCURVE_S1.);
#3015 = LINE('',#3016,#3017);
#3016 = CARTESIAN_POINT('',(3.,6.,21.25));
#3017 = VECTOR('',#3018,1.);
#3018 = DIRECTION('',(0.,0.,1.));
#3019 = PCURVE('',#528,#3020);
#3020 = DEFINITIONAL_REPRESENTATION('',(#3021),#3025);
#3021 = LINE('',#3022,#3023);
#3022 = CARTESIAN_POINT('',(-21.25,4.));
#3023 = VECTOR('',#3024,1.);
#3024 = DIRECTION('',(1.,0.));
#3025 = ( GEOMETRIC_REPRESENTATION_CONTEXT(2) 
PARAMETRIC_REPRESENTATION_CONTEXT() REPRESENTATION_CONTEXT('2D SPACE',''
  ) );
#3026 = PCURVE('',#2140,#3027);
#3027 = DEFINITIONAL_REPRESENTATION('',(#3028),#3032);
#3028 = LINE('',#3029,#3030);
#3029 = CARTESIAN_POINT('',(21.25,-6.));
#3030 = VECTOR('',#3031,1.);
#3031 = DIRECTION('',(1.,0.));
#3032 = ( GEOMETRIC_REPRESENTATION_CONTEXT(2) 
PARAMETRIC_REPRESENTATION_CONTEXT() REPRESENTATION_CONTEXT('2D SPACE',''
  ) );
#3033 = ADVANCED_FACE('',(#3034),#556,.F.);
#3034 = FACE_BOUND('',#3035,.F.);
#3035 = EDGE_LOOP('',(#3036,#3037,#3038,#3039));
#3036 = ORIENTED_EDGE('',*,*,#2941,.F.);
#3037 = ORIENTED_EDGE('',*,*,#540,.T.);
#3038 = ORIENTED_EDGE('',*,*,#2990,.T.);
#3039 = ORIENTED_EDGE('',*,*,#3040,.F.);
#3040 = EDGE_CURVE('',#2942,#2991,#3041,.T.);
#3041 = SURFACE_CURVE('',#3042,(#3046,#3053),.PCURVE_S1.);
#3042 = LINE('',#3043,#3044);
#3043 = CARTESIAN_POINT('',(3.,3.,49.5));
#3044 = VECTOR('',#3045,1.);
#3045 = DIRECTION('',(0.,-1.,0.));
#3046 = PCURVE('',#556,#3047);
#3047 = DEFINITIONAL_REPRESENTATION('',(#3048),#3052);
#3048 = LINE('',#3049,#3050);
#3049 = CARTESIAN_POINT('',(4.,-3.));
#3050 = VECTOR('',#3051,1.);
#3051 = DIRECTION('',(0.,-1.));
#3052 = ( GEOMETRIC_REPRESENTATION_CONTEXT(2) 
PARAMETRIC_REPRESENTATION_CONTEXT() REPRESENTATION_CONTEXT('2D SPACE',''
  ) );
#3053 = PCURVE('',#2140,#3054);
#3054 = DEFINITIONAL_REPRESENTATION('',(#3055),#3059);
#3055 = LINE('',#3056,#3057);
#3056 = CARTESIAN_POINT('',(49.5,-3.));
#3057 = VECTOR('',#3058,1.);
#3058 = DIRECTION('',(0.,1.));
#3059 = ( GEOMETRIC_REPRESENTATION_CONTEXT(2) 
PARAMETRIC_REPRESENTATION_CONTEXT() REPRESENTATION_CONTEXT('2D SPACE',''
  ) );
#3060 = ADVANCED_FACE('',(#3061),#614,.T.);
#3061 = FACE_BOUND('',#3062,.T.);
#3062 = EDGE_LOOP('',(#3063,#3086,#3087,#3110));
#3063 = ORIENTED_EDGE('',*,*,#3064,.F.);
#3064 = EDGE_CURVE('',#597,#3065,#3067,.T.);
#3065 = VERTEX_POINT('',#3066);
#3066 = CARTESIAN_POINT('',(3.,14.,52.5));
#3067 = SURFACE_CURVE('',#3068,(#3072,#3079),.PCURVE_S1.);
#3068 = LINE('',#3069,#3070);
#3069 = CARTESIAN_POINT('',(-1.,14.,52.5));
#3070 = VECTOR('',#3071,1.);
#3071 = DIRECTION('',(1.,0.,0.));
#3072 = PCURVE('',#614,#3073);
#3073 = DEFINITIONAL_REPRESENTATION('',(#3074),#3078);
#3074 = LINE('',#3075,#3076);
#3075 = CARTESIAN_POINT('',(0.,8.));
#3076 = VECTOR('',#3077,1.);
#3077 = DIRECTION('',(1.,0.));
#3078 = ( GEOMETRIC_REPRESENTATION_CONTEXT(2) 
PARAMETRIC_REPRESENTATION_CONTEXT() REPRESENTATION_CONTEXT('2D SPACE',''
  ) );
#3079 = PCURVE('',#696,#3080);
#3080 = DEFINITIONAL_REPRESENTATION('',(#3081),#3085);
#3081 = LINE('',#3082,#3083);
#3082 = CARTESIAN_POINT('',(0.,0.));
#3083 = VECTOR('',#3084,1.);
#3084 = DIRECTION('',(0.,1.));
#3085 = ( GEOMETRIC_REPRESENTATION_CONTEXT(2) 
PARAMETRIC_REPRESENTATION_CONTEXT() REPRESENTATION_CONTEXT('2D SPACE',''
  ) );
#3086 = ORIENTED_EDGE('',*,*,#596,.T.);
#3087 = ORIENTED_EDGE('',*,*,#3088,.T.);
#3088 = EDGE_CURVE('',#599,#3089,#3091,.T.);
#3089 = VERTEX_POINT('',#3090);
#3090 = CARTESIAN_POINT('',(3.,6.,52.5));
#3091 = SURFACE_CURVE('',#3092,(#3096,#3103),.PCURVE_S1.);
#3092 = LINE('',#3093,#3094);
#3093 = CARTESIAN_POINT('',(-1.,6.,52.5));
#3094 = VECTOR('',#3095,1.);
#3095 = DIRECTION('',(1.,0.,0.));
#3096 = PCURVE('',#614,#3097);
#3097 = DEFINITIONAL_REPRESENTATION('',(#3098),#3102);
#3098 = LINE('',#3099,#3100);
#3099 = CARTESIAN_POINT('',(0.,0.));
#3100 = VECTOR('',#3101,1.);
#3101 = DIRECTION('',(1.,0.));
#3102 = ( GEOMETRIC_REPRESENTATION_CONTEXT(2) 
PARAMETRIC_REPRESENTATION_CONTEXT() REPRESENTATION_CONTEXT('2D SPACE',''
  ) );
#3103 = PCURVE('',#642,#3104);
#3104 = DEFINITIONAL_REPRESENTATION('',(#3105),#3109);
#3105 = LINE('',#3106,#3107);
#3106 = CARTESIAN_POINT('',(0.,0.));
#3107 = VECTOR('',#3108,1.);
#3108 = DIRECTION('',(0.,1.));
#3109 = ( GEOMETRIC_REPRESENTATION_CONTEXT(2) 
PARAMETRIC_REPRESENTATION_CONTEXT() REPRESENTATION_CONTEXT('2D SPACE',''
  ) );
#3110 = ORIENTED_EDGE('',*,*,#3111,.F.);
#3111 = EDGE_CURVE('',#3065,#3089,#3112,.T.);
#3112 = SURFACE_CURVE('',#3113,(#3117,#3124),.PCURVE_S1.);
#3113 = LINE('',#3114,#3115);
#3114 = CARTESIAN_POINT('',(3.,3.,52.5));
#3115 = VECTOR('',#3116,1.);
#3116 = DIRECTION('',(0.,-1.,0.));
#3117 = PCURVE('',#614,#3118);
#3118 = DEFINITIONAL_REPRESENTATION('',(#3119),#3123);
#3119 = LINE('',#3120,#3121);
#3120 = CARTESIAN_POINT('',(4.,-3.));
#3121 = VECTOR('',#3122,1.);
#3122 = DIRECTION('',(0.,-1.));
#3123 = ( GEOMETRIC_REPRESENTATION_CONTEXT(2) 
PARAMETRIC_REPRESENTATION_CONTEXT() REPRESENTATION_CONTEXT('2D SPACE',''
  ) );
#3124 = PCURVE('',#2140,#3125);
#3125 = DEFINITIONAL_REPRESENTATION('',(#3126),#3130);
#3126 = LINE('',#3127,#3128);
#3127 = CARTESIAN_POINT('',(52.5,-3.));
#3128 = VECTOR('',#3129,1.);
#3129 = DIRECTION('',(0.,1.));
#3130 = ( GEOMETRIC_REPRESENTATION_CONTEXT(2) 
PARAMETRIC_REPRESENTATION_CONTEXT() REPRESENTATION_CONTEXT('2D SPACE',''
  ) );
#3131 = ADVANCED_FACE('',(#3132),#696,.F.);
#3132 = FACE_BOUND('',#3133,.F.);
#3133 = EDGE_LOOP('',(#3134,#3135,#3136,#3159));
#3134 = ORIENTED_EDGE('',*,*,#3064,.F.);
#3135 = ORIENTED_EDGE('',*,*,#682,.T.);
#3136 = ORIENTED_EDGE('',*,*,#3137,.T.);
#3137 = EDGE_CURVE('',#655,#3138,#3140,.T.);
#3138 = VERTEX_POINT('',#3139);
#3139 = CARTESIAN_POINT('',(3.,14.,59.5));
#3140 = SURFACE_CURVE('',#3141,(#3145,#3152),.PCURVE_S1.);
#3141 = LINE('',#3142,#3143);
#3142 = CARTESIAN_POINT('',(-1.,14.,59.5));
#3143 = VECTOR('',#3144,1.);
#3144 = DIRECTION('',(1.,0.,0.));
#3145 = PCURVE('',#696,#3146);
#3146 = DEFINITIONAL_REPRESENTATION('',(#3147),#3151);
#3147 = LINE('',#3148,#3149);
#3148 = CARTESIAN_POINT('',(7.,0.));
#3149 = VECTOR('',#3150,1.);
#3150 = DIRECTION('',(0.,1.));
#3151 = ( GEOMETRIC_REPRESENTATION_CONTEXT(2) 
PARAMETRIC_REPRESENTATION_CONTEXT() REPRESENTATION_CONTEXT('2D SPACE',''
  ) );
#3152 = PCURVE('',#670,#3153);
#3153 = DEFINITIONAL_REPRESENTATION('',(#3154),#3158);
#3154 = LINE('',#3155,#3156);
#3155 = CARTESIAN_POINT('',(0.,8.));
#3156 = VECTOR('',#3157,1.);
#3157 = DIRECTION('',(1.,0.));
#3158 = ( GEOMETRIC_REPRESENTATION_CONTEXT(2) 
PARAMETRIC_REPRESENTATION_CONTEXT() REPRESENTATION_CONTEXT('2D SPACE',''
  ) );
#3159 = ORIENTED_EDGE('',*,*,#3160,.F.);
#3160 = EDGE_CURVE('',#3065,#3138,#3161,.T.);
#3161 = SURFACE_CURVE('',#3162,(#3166,#3173),.PCURVE_S1.);
#3162 = LINE('',#3163,#3164);
#3163 = CARTESIAN_POINT('',(3.,14.,26.25));
#3164 = VECTOR('',#3165,1.);
#3165 = DIRECTION('',(0.,0.,1.));
#3166 = PCURVE('',#696,#3167);
#3167 = DEFINITIONAL_REPRESENTATION('',(#3168),#3172);
#3168 = LINE('',#3169,#3170);
#3169 = CARTESIAN_POINT('',(-26.25,4.));
#3170 = VECTOR('',#3171,1.);
#3171 = DIRECTION('',(1.,0.));
#3172 = ( GEOMETRIC_REPRESENTATION_CONTEXT(2) 
PARAMETRIC_REPRESENTATION_CONTEXT() REPRESENTATION_CONTEXT('2D SPACE',''
  ) );
#3173 = PCURVE('',#2140,#3174);
#3174 = DEFINITIONAL_REPRESENTATION('',(#3175),#3179);
#3175 = LINE('',#3176,#3177);
#3176 = CARTESIAN_POINT('',(26.25,-14.));
#3177 = VECTOR('',#3178,1.);
#3178 = DIRECTION('',(1.,0.));
#3179 = ( GEOMETRIC_REPRESENTATION_CONTEXT(2) 
PARAMETRIC_REPRESENTATION_CONTEXT() REPRESENTATION_CONTEXT('2D SPACE',''
  ) );
#3180 = ADVANCED_FACE('',(#3181),#642,.T.);
#3181 = FACE_BOUND('',#3182,.T.);
#3182 = EDGE_LOOP('',(#3183,#3184,#3185,#3208));
#3183 = ORIENTED_EDGE('',*,*,#3088,.F.);
#3184 = ORIENTED_EDGE('',*,*,#626,.T.);
#3185 = ORIENTED_EDGE('',*,*,#3186,.T.);
#3186 = EDGE_CURVE('',#627,#3187,#3189,.T.);
#3187 = VERTEX_POINT('',#3188);
#3188 = CARTESIAN_POINT('',(3.,6.,59.5));
#3189 = SURFACE_CURVE('',#3190,(#3194,#3201),.PCURVE_S1.);
#3190 = LINE('',#3191,#3192);
#3191 = CARTESIAN_POINT('',(-1.,6.,59.5));
#3192 = VECTOR('',#3193,1.);
#3193 = DIRECTION('',(1.,0.,0.));
#3194 = PCURVE('',#642,#3195);
#3195 = DEFINITIONAL_REPRESENTATION('',(#3196),#3200);
#3196 = LINE('',#3197,#3198);
#3197 = CARTESIAN_POINT('',(7.,0.));
#3198 = VECTOR('',#3199,1.);
#3199 = DIRECTION('',(0.,1.));
#3200 = ( GEOMETRIC_REPRESENTATION_CONTEXT(2) 
PARAMETRIC_REPRESENTATION_CONTEXT() REPRESENTATION_CONTEXT('2D SPACE',''
  ) );
#3201 = PCURVE('',#670,#3202);
#3202 = DEFINITIONAL_REPRESENTATION('',(#3203),#3207);
#3203 = LINE('',#3204,#3205);
#3204 = CARTESIAN_POINT('',(0.,0.));
#3205 = VECTOR('',#3206,1.);
#3206 = DIRECTION('',(1.,0.));
#3207 = ( GEOMETRIC_REPRESENTATION_CONTEXT(2) 
PARAMETRIC_REPRESENTATION_CONTEXT() REPRESENTATION_CONTEXT('2D SPACE',''
  ) );
#3208 = ORIENTED_EDGE('',*,*,#3209,.F.);
#3209 = EDGE_CURVE('',#3089,#3187,#3210,.T.);
#3210 = SURFACE_CURVE('',#3211,(#3215,#3222),.PCURVE_S1.);
#3211 = LINE('',#3212,#3213);
#3212 = CARTESIAN_POINT('',(3.,6.,26.25));
#3213 = VECTOR('',#3214,1.);
#3214 = DIRECTION('',(0.,0.,1.));
#3215 = PCURVE('',#642,#3216);
#3216 = DEFINITIONAL_REPRESENTATION('',(#3217),#3221);
#3217 = LINE('',#3218,#3219);
#3218 = CARTESIAN_POINT('',(-26.25,4.));
#3219 = VECTOR('',#3220,1.);
#3220 = DIRECTION('',(1.,0.));
#3221 = ( GEOMETRIC_REPRESENTATION_CONTEXT(2) 
PARAMETRIC_REPRESENTATION_CONTEXT() REPRESENTATION_CONTEXT('2D SPACE',''
  ) );
#3222 = PCURVE('',#2140,#3223);
#3223 = DEFINITIONAL_REPRESENTATION('',(#3224),#3228);
#3224 = LINE('',#3225,#3226);
#3225 = CARTESIAN_POINT('',(26.25,-6.));
#3226 = VECTOR('',#3227,1.);
#3227 = DIRECTION('',(1.,0.));
#3228 = ( GEOMETRIC_REPRESENTATION_CONTEXT(2) 
PARAMETRIC_REPRESENTATION_CONTEXT() REPRESENTATION_CONTEXT('2D SPACE',''
  ) );
#3229 = ADVANCED_FACE('',(#3230),#670,.F.);
#3230 = FACE_BOUND('',#3231,.F.);
#3231 = EDGE_LOOP('',(#3232,#3233,#3234,#3235));
#3232 = ORIENTED_EDGE('',*,*,#3137,.F.);
#3233 = ORIENTED_EDGE('',*,*,#654,.T.);
#3234 = ORIENTED_EDGE('',*,*,#3186,.T.);
#3235 = ORIENTED_EDGE('',*,*,#3236,.F.);
#3236 = EDGE_CURVE('',#3138,#3187,#3237,.T.);
#3237 = SURFACE_CURVE('',#3238,(#3242,#3249),.PCURVE_S1.);
#3238 = LINE('',#3239,#3240);
#3239 = CARTESIAN_POINT('',(3.,3.,59.5));
#3240 = VECTOR('',#3241,1.);
#3241 = DIRECTION('',(0.,-1.,0.));
#3242 = PCURVE('',#670,#3243);
#3243 = DEFINITIONAL_REPRESENTATION('',(#3244),#3248);
#3244 = LINE('',#3245,#3246);
#3245 = CARTESIAN_POINT('',(4.,-3.));
#3246 = VECTOR('',#3247,1.);
#3247 = DIRECTION('',(0.,-1.));
#3248 = ( GEOMETRIC_REPRESENTATION_CONTEXT(2) 
PARAMETRIC_REPRESENTATION_CONTEXT() REPRESENTATION_CONTEXT('2D SPACE',''
  ) );
#3249 = PCURVE('',#2140,#3250);
#3250 = DEFINITIONAL_REPRESENTATION('',(#3251),#3255);
#3251 = LINE('',#3252,#3253);
#3252 = CARTESIAN_POINT('',(59.5,-3.));
#3253 = VECTOR('',#3254,1.);
#3254 = DIRECTION('',(0.,1.));
#3255 = ( GEOMETRIC_REPRESENTATION_CONTEXT(2) 
PARAMETRIC_REPRESENTATION_CONTEXT() REPRESENTATION_CONTEXT('2D SPACE',''
  ) );
#3256 = ADVANCED_FACE('',(#3257),#728,.T.);
#3257 = FACE_BOUND('',#3258,.T.);
#3258 = EDGE_LOOP('',(#3259,#3282,#3283,#3306));
#3259 = ORIENTED_EDGE('',*,*,#3260,.F.);
#3260 = EDGE_CURVE('',#711,#3261,#3263,.T.);
#3261 = VERTEX_POINT('',#3262);
#3262 = CARTESIAN_POINT('',(3.,14.,62.5));
#3263 = SURFACE_CURVE('',#3264,(#3268,#3275),.PCURVE_S1.);
#3264 = LINE('',#3265,#3266);
#3265 = CARTESIAN_POINT('',(-1.,14.,62.5));
#3266 = VECTOR('',#3267,1.);
#3267 = DIRECTION('',(1.,0.,0.));
#3268 = PCURVE('',#728,#3269);
#3269 = DEFINITIONAL_REPRESENTATION('',(#3270),#3274);
#3270 = LINE('',#3271,#3272);
#3271 = CARTESIAN_POINT('',(0.,8.));
#3272 = VECTOR('',#3273,1.);
#3273 = DIRECTION('',(1.,0.));
#3274 = ( GEOMETRIC_REPRESENTATION_CONTEXT(2) 
PARAMETRIC_REPRESENTATION_CONTEXT() REPRESENTATION_CONTEXT('2D SPACE',''
  ) );
#3275 = PCURVE('',#810,#3276);
#3276 = DEFINITIONAL_REPRESENTATION('',(#3277),#3281);
#3277 = LINE('',#3278,#3279);
#3278 = CARTESIAN_POINT('',(0.,0.));
#3279 = VECTOR('',#3280,1.);
#3280 = DIRECTION('',(0.,1.));
#3281 = ( GEOMETRIC_REPRESENTATION_CONTEXT(2) 
PARAMETRIC_REPRESENTATION_CONTEXT() REPRESENTATION_CONTEXT('2D SPACE',''
  ) );
#3282 = ORIENTED_EDGE('',*,*,#710,.T.);
#3283 = ORIENTED_EDGE('',*,*,#3284,.T.);
#3284 = EDGE_CURVE('',#713,#3285,#3287,.T.);
#3285 = VERTEX_POINT('',#3286);
#3286 = CARTESIAN_POINT('',(3.,6.,62.5));
#3287 = SURFACE_CURVE('',#3288,(#3292,#3299),.PCURVE_S1.);
#3288 = LINE('',#3289,#3290);
#3289 = CARTESIAN_POINT('',(-1.,6.,62.5));
#3290 = VECTOR('',#3291,1.);
#3291 = DIRECTION('',(1.,0.,0.));
#3292 = PCURVE('',#728,#3293);
#3293 = DEFINITIONAL_REPRESENTATION('',(#3294),#3298);
#3294 = LINE('',#3295,#3296);
#3295 = CARTESIAN_POINT('',(0.,0.));
#3296 = VECTOR('',#3297,1.);
#3297 = DIRECTION('',(1.,0.));
#3298 = ( GEOMETRIC_REPRESENTATION_CONTEXT(2) 
PARAMETRIC_REPRESENTATION_CONTEXT() REPRESENTATION_CONTEXT('2D SPACE',''
  ) );
#3299 = PCURVE('',#756,#3300);
#3300 = DEFINITIONAL_REPRESENTATION('',(#3301),#3305);
#3301 = LINE('',#3302,#3303);
#3302 = CARTESIAN_POINT('',(0.,0.));
#3303 = VECTOR('',#3304,1.);
#3304 = DIRECTION('',(0.,1.));
#3305 = ( GEOMETRIC_REPRESENTATION_CONTEXT(2) 
PARAMETRIC_REPRESENTATION_CONTEXT() REPRESENTATION_CONTEXT('2D SPACE',''
  ) );
#3306 = ORIENTED_EDGE('',*,*,#3307,.F.);
#3307 = EDGE_CURVE('',#3261,#3285,#3308,.T.);
#3308 = SURFACE_CURVE('',#3309,(#3313,#3320),.PCURVE_S1.);
#3309 = LINE('',#3310,#3311);
#3310 = CARTESIAN_POINT('',(3.,3.,62.5));
#3311 = VECTOR('',#3312,1.);
#3312 = DIRECTION('',(0.,-1.,0.));
#3313 = PCURVE('',#728,#3314);
#3314 = DEFINITIONAL_REPRESENTATION('',(#3315),#3319);
#3315 = LINE('',#3316,#3317);
#3316 = CARTESIAN_POINT('',(4.,-3.));
#3317 = VECTOR('',#3318,1.);
#3318 = DIRECTION('',(0.,-1.));
#3319 = ( GEOMETRIC_REPRESENTATION_CONTEXT(2) 
PARAMETRIC_REPRESENTATION_CONTEXT() REPRESENTATION_CONTEXT('2D SPACE',''
  ) );
#3320 = PCURVE('',#2140,#3321);
#3321 = DEFINITIONAL_REPRESENTATION('',(#3322),#3326);
#3322 = LINE('',#3323,#3324);
#3323 = CARTESIAN_POINT('',(62.5,-3.));
#3324 = VECTOR('',#3325,1.);
#3325 = DIRECTION('',(0.,1.));
#3326 = ( GEOMETRIC_REPRESENTATION_CONTEXT(2) 
PARAMETRIC_REPRESENTATION_CONTEXT() REPRESENTATION_CONTEXT('2D SPACE',''
  ) );
#3327 = ADVANCED_FACE('',(#3328),#810,.F.);
#3328 = FACE_BOUND('',#3329,.F.);
#3329 = EDGE_LOOP('',(#3330,#3331,#3332,#3355));
#3330 = ORIENTED_EDGE('',*,*,#3260,.F.);
#3331 = ORIENTED_EDGE('',*,*,#796,.T.);
#3332 = ORIENTED_EDGE('',*,*,#3333,.T.);
#3333 = EDGE_CURVE('',#769,#3334,#3336,.T.);
#3334 = VERTEX_POINT('',#3335);
#3335 = CARTESIAN_POINT('',(3.,14.,69.5));
#3336 = SURFACE_CURVE('',#3337,(#3341,#3348),.PCURVE_S1.);
#3337 = LINE('',#3338,#3339);
#3338 = CARTESIAN_POINT('',(-1.,14.,69.5));
#3339 = VECTOR('',#3340,1.);
#3340 = DIRECTION('',(1.,0.,0.));
#3341 = PCURVE('',#810,#3342);
#3342 = DEFINITIONAL_REPRESENTATION('',(#3343),#3347);
#3343 = LINE('',#3344,#3345);
#3344 = CARTESIAN_POINT('',(7.,0.));
#3345 = VECTOR('',#3346,1.);
#3346 = DIRECTION('',(0.,1.));
#3347 = ( GEOMETRIC_REPRESENTATION_CONTEXT(2) 
PARAMETRIC_REPRESENTATION_CONTEXT() REPRESENTATION_CONTEXT('2D SPACE',''
  ) );
#3348 = PCURVE('',#784,#3349);
#3349 = DEFINITIONAL_REPRESENTATION('',(#3350),#3354);
#3350 = LINE('',#3351,#3352);
#3351 = CARTESIAN_POINT('',(0.,8.));
#3352 = VECTOR('',#3353,1.);
#3353 = DIRECTION('',(1.,0.));
#3354 = ( GEOMETRIC_REPRESENTATION_CONTEXT(2) 
PARAMETRIC_REPRESENTATION_CONTEXT() REPRESENTATION_CONTEXT('2D SPACE',''
  ) );
#3355 = ORIENTED_EDGE('',*,*,#3356,.F.);
#3356 = EDGE_CURVE('',#3261,#3334,#3357,.T.);
#3357 = SURFACE_CURVE('',#3358,(#3362,#3369),.PCURVE_S1.);
#3358 = LINE('',#3359,#3360);
#3359 = CARTESIAN_POINT('',(3.,14.,31.25));
#3360 = VECTOR('',#3361,1.);
#3361 = DIRECTION('',(0.,0.,1.));
#3362 = PCURVE('',#810,#3363);
#3363 = DEFINITIONAL_REPRESENTATION('',(#3364),#3368);
#3364 = LINE('',#3365,#3366);
#3365 = CARTESIAN_POINT('',(-31.25,4.));
#3366 = VECTOR('',#3367,1.);
#3367 = DIRECTION('',(1.,0.));
#3368 = ( GEOMETRIC_REPRESENTATION_CONTEXT(2) 
PARAMETRIC_REPRESENTATION_CONTEXT() REPRESENTATION_CONTEXT('2D SPACE',''
  ) );
#3369 = PCURVE('',#2140,#3370);
#3370 = DEFINITIONAL_REPRESENTATION('',(#3371),#3375);
#3371 = LINE('',#3372,#3373);
#3372 = CARTESIAN_POINT('',(31.25,-14.));
#3373 = VECTOR('',#3374,1.);
#3374 = DIRECTION('',(1.,0.));
#3375 = ( GEOMETRIC_REPRESENTATION_CONTEXT(2) 
PARAMETRIC_REPRESENTATION_CONTEXT() REPRESENTATION_CONTEXT('2D SPACE',''
  ) );
#3376 = ADVANCED_FACE('',(#3377),#756,.T.);
#3377 = FACE_BOUND('',#3378,.T.);
#3378 = EDGE_LOOP('',(#3379,#3380,#3381,#3404));
#3379 = ORIENTED_EDGE('',*,*,#3284,.F.);
#3380 = ORIENTED_EDGE('',*,*,#740,.T.);
#3381 = ORIENTED_EDGE('',*,*,#3382,.T.);
#3382 = EDGE_CURVE('',#741,#3383,#3385,.T.);
#3383 = VERTEX_POINT('',#3384);
#3384 = CARTESIAN_POINT('',(3.,6.,69.5));
#3385 = SURFACE_CURVE('',#3386,(#3390,#3397),.PCURVE_S1.);
#3386 = LINE('',#3387,#3388);
#3387 = CARTESIAN_POINT('',(-1.,6.,69.5));
#3388 = VECTOR('',#3389,1.);
#3389 = DIRECTION('',(1.,0.,0.));
#3390 = PCURVE('',#756,#3391);
#3391 = DEFINITIONAL_REPRESENTATION('',(#3392),#3396);
#3392 = LINE('',#3393,#3394);
#3393 = CARTESIAN_POINT('',(7.,0.));
#3394 = VECTOR('',#3395,1.);
#3395 = DIRECTION('',(0.,1.));
#3396 = ( GEOMETRIC_REPRESENTATION_CONTEXT(2) 
PARAMETRIC_REPRESENTATION_CONTEXT() REPRESENTATION_CONTEXT('2D SPACE',''
  ) );
#3397 = PCURVE('',#784,#3398);
#3398 = DEFINITIONAL_REPRESENTATION('',(#3399),#3403);
#3399 = LINE('',#3400,#3401);
#3400 = CARTESIAN_POINT('',(0.,0.));
#3401 = VECTOR('',#3402,1.);
#3402 = DIRECTION('',(1.,0.));
#3403 = ( GEOMETRIC_REPRESENTATION_CONTEXT(2) 
PARAMETRIC_REPRESENTATION_CONTEXT() REPRESENTATION_CONTEXT('2D SPACE',''
  ) );
#3404 = ORIENTED_EDGE('',*,*,#3405,.F.);
#3405 = EDGE_CURVE('',#3285,#3383,#3406,.T.);
#3406 = SURFACE_CURVE('',#3407,(#3411,#3418),.PCURVE_S1.);
#3407 = LINE('',#3408,#3409);
#3408 = CARTESIAN_POINT('',(3.,6.,31.25));
#3409 = VECTOR('',#3410,1.);
#3410 = DIRECTION('',(0.,0.,1.));
#3411 = PCURVE('',#756,#3412);
#3412 = DEFINITIONAL_REPRESENTATION('',(#3413),#3417);
#3413 = LINE('',#3414,#3415);
#3414 = CARTESIAN_POINT('',(-31.25,4.));
#3415 = VECTOR('',#3416,1.);
#3416 = DIRECTION('',(1.,0.));
#3417 = ( GEOMETRIC_REPRESENTATION_CONTEXT(2) 
PARAMETRIC_REPRESENTATION_CONTEXT() REPRESENTATION_CONTEXT('2D SPACE',''
  ) );
#3418 = PCURVE('',#2140,#3419);
#3419 = DEFINITIONAL_REPRESENTATION('',(#3420),#3424);
#3420 = LINE('',#3421,#3422);
#3421 = CARTESIAN_POINT('',(31.25,-6.));
#3422 = VECTOR('',#3423,1.);
#3423 = DIRECTION('',(1.,0.));
#3424 = ( GEOMETRIC_REPRESENTATION_CONTEXT(2) 
PARAMETRIC_REPRESENTATION_CONTEXT() REPRESENTATION_CONTEXT('2D SPACE',''
  ) );
#3425 = ADVANCED_FACE('',(#3426),#784,.F.);
#3426 = FACE_BOUND('',#3427,.F.);
#3427 = EDGE_LOOP('',(#3428,#3429,#3430,#3431));
#3428 = ORIENTED_EDGE('',*,*,#3333,.F.);
#3429 = ORIENTED_EDGE('',*,*,#768,.T.);
#3430 = ORIENTED_EDGE('',*,*,#3382,.T.);
#3431 = ORIENTED_EDGE('',*,*,#3432,.F.);
#3432 = EDGE_CURVE('',#3334,#3383,#3433,.T.);
#3433 = SURFACE_CURVE('',#3434,(#3438,#3445),.PCURVE_S1.);
#3434 = LINE('',#3435,#3436);
#3435 = CARTESIAN_POINT('',(3.,3.,69.5));
#3436 = VECTOR('',#3437,1.);
#3437 = DIRECTION('',(0.,-1.,0.));
#3438 = PCURVE('',#784,#3439);
#3439 = DEFINITIONAL_REPRESENTATION('',(#3440),#3444);
#3440 = LINE('',#3441,#3442);
#3441 = CARTESIAN_POINT('',(4.,-3.));
#3442 = VECTOR('',#3443,1.);
#3443 = DIRECTION('',(0.,-1.));
#3444 = ( GEOMETRIC_REPRESENTATION_CONTEXT(2) 
PARAMETRIC_REPRESENTATION_CONTEXT() REPRESENTATION_CONTEXT('2D SPACE',''
  ) );
#3445 = PCURVE('',#2140,#3446);
#3446 = DEFINITIONAL_REPRESENTATION('',(#3447),#3451);
#3447 = LINE('',#3448,#3449);
#3448 = CARTESIAN_POINT('',(69.5,-3.));
#3449 = VECTOR('',#3450,1.);
#3450 = DIRECTION('',(0.,1.));
#3451 = ( GEOMETRIC_REPRESENTATION_CONTEXT(2) 
PARAMETRIC_REPRESENTATION_CONTEXT() REPRESENTATION_CONTEXT('2D SPACE',''
  ) );
#3452 = ADVANCED_FACE('',(#3453),#842,.T.);
#3453 = FACE_BOUND('',#3454,.T.);
#3454 = EDGE_LOOP('',(#3455,#3478,#3479,#3502));
#3455 = ORIENTED_EDGE('',*,*,#3456,.F.);
#3456 = EDGE_CURVE('',#825,#3457,#3459,.T.);
#3457 = VERTEX_POINT('',#3458);
#3458 = CARTESIAN_POINT('',(3.,14.,72.5));
#3459 = SURFACE_CURVE('',#3460,(#3464,#3471),.PCURVE_S1.);
#3460 = LINE('',#3461,#3462);
#3461 = CARTESIAN_POINT('',(-1.,14.,72.5));
#3462 = VECTOR('',#3463,1.);
#3463 = DIRECTION('',(1.,0.,0.));
#3464 = PCURVE('',#842,#3465);
#3465 = DEFINITIONAL_REPRESENTATION('',(#3466),#3470);
#3466 = LINE('',#3467,#3468);
#3467 = CARTESIAN_POINT('',(0.,8.));
#3468 = VECTOR('',#3469,1.);
#3469 = DIRECTION('',(1.,0.));
#3470 = ( GEOMETRIC_REPRESENTATION_CONTEXT(2) 
PARAMETRIC_REPRESENTATION_CONTEXT() REPRESENTATION_CONTEXT('2D SPACE',''
  ) );
#3471 = PCURVE('',#924,#3472);
#3472 = DEFINITIONAL_REPRESENTATION('',(#3473),#3477);
#3473 = LINE('',#3474,#3475);
#3474 = CARTESIAN_POINT('',(0.,0.));
#3475 = VECTOR('',#3476,1.);
#3476 = DIRECTION('',(0.,1.));
#3477 = ( GEOMETRIC_REPRESENTATION_CONTEXT(2) 
PARAMETRIC_REPRESENTATION_CONTEXT() REPRESENTATION_CONTEXT('2D SPACE',''
  ) );
#3478 = ORIENTED_EDGE('',*,*,#824,.T.);
#3479 = ORIENTED_EDGE('',*,*,#3480,.T.);
#3480 = EDGE_CURVE('',#827,#3481,#3483,.T.);
#3481 = VERTEX_POINT('',#3482);
#3482 = CARTESIAN_POINT('',(3.,6.,72.5));
#3483 = SURFACE_CURVE('',#3484,(#3488,#3495),.PCURVE_S1.);
#3484 = LINE('',#3485,#3486);
#3485 = CARTESIAN_POINT('',(-1.,6.,72.5));
#3486 = VECTOR('',#3487,1.);
#3487 = DIRECTION('',(1.,0.,0.));
#3488 = PCURVE('',#842,#3489);
#3489 = DEFINITIONAL_REPRESENTATION('',(#3490),#3494);
#3490 = LINE('',#3491,#3492);
#3491 = CARTESIAN_POINT('',(0.,0.));
#3492 = VECTOR('',#3493,1.);
#3493 = DIRECTION('',(1.,0.));
#3494 = ( GEOMETRIC_REPRESENTATION_CONTEXT(2) 
PARAMETRIC_REPRESENTATION_CONTEXT() REPRESENTATION_CONTEXT('2D SPACE',''
  ) );
#3495 = PCURVE('',#870,#3496);
#3496 = DEFINITIONAL_REPRESENTATION('',(#3497),#3501);
#3497 = LINE('',#3498,#3499);
#3498 = CARTESIAN_POINT('',(0.,0.));
#3499 = VECTOR('',#3500,1.);
#3500 = DIRECTION('',(0.,1.));
#3501 = ( GEOMETRIC_REPRESENTATION_CONTEXT(2) 
PARAMETRIC_REPRESENTATION_CONTEXT() REPRESENTATION_CONTEXT('2D SPACE',''
  ) );
#3502 = ORIENTED_EDGE('',*,*,#3503,.F.);
#3503 = EDGE_CURVE('',#3457,#3481,#3504,.T.);
#3504 = SURFACE_CURVE('',#3505,(#3509,#3516),.PCURVE_S1.);
#3505 = LINE('',#3506,#3507);
#3506 = CARTESIAN_POINT('',(3.,3.,72.5));
#3507 = VECTOR('',#3508,1.);
#3508 = DIRECTION('',(0.,-1.,0.));
#3509 = PCURVE('',#842,#3510);
#3510 = DEFINITIONAL_REPRESENTATION('',(#3511),#3515);
#3511 = LINE('',#3512,#3513);
#3512 = CARTESIAN_POINT('',(4.,-3.));
#3513 = VECTOR('',#3514,1.);
#3514 = DIRECTION('',(0.,-1.));
#3515 = ( GEOMETRIC_REPRESENTATION_CONTEXT(2) 
PARAMETRIC_REPRESENTATION_CONTEXT() REPRESENTATION_CONTEXT('2D SPACE',''
  ) );
#3516 = PCURVE('',#2140,#3517);
#3517 = DEFINITIONAL_REPRESENTATION('',(#3518),#3522);
#3518 = LINE('',#3519,#3520);
#3519 = CARTESIAN_POINT('',(72.5,-3.));
#3520 = VECTOR('',#3521,1.);
#3521 = DIRECTION('',(0.,1.));
#3522 = ( GEOMETRIC_REPRESENTATION_CONTEXT(2) 
PARAMETRIC_REPRESENTATION_CONTEXT() REPRESENTATION_CONTEXT('2D SPACE',''
  ) );
#3523 = ADVANCED_FACE('',(#3524),#924,.F.);
#3524 = FACE_BOUND('',#3525,.F.);
#3525 = EDGE_LOOP('',(#3526,#3527,#3528,#3551));
#3526 = ORIENTED_EDGE('',*,*,#3456,.F.);
#3527 = ORIENTED_EDGE('',*,*,#910,.T.);
#3528 = ORIENTED_EDGE('',*,*,#3529,.T.);
#3529 = EDGE_CURVE('',#883,#3530,#3532,.T.);
#3530 = VERTEX_POINT('',#3531);
#3531 = CARTESIAN_POINT('',(3.,14.,79.5));
#3532 = SURFACE_CURVE('',#3533,(#3537,#3544),.PCURVE_S1.);
#3533 = LINE('',#3534,#3535);
#3534 = CARTESIAN_POINT('',(-1.,14.,79.5));
#3535 = VECTOR('',#3536,1.);
#3536 = DIRECTION('',(1.,0.,0.));
#3537 = PCURVE('',#924,#3538);
#3538 = DEFINITIONAL_REPRESENTATION('',(#3539),#3543);
#3539 = LINE('',#3540,#3541);
#3540 = CARTESIAN_POINT('',(7.,0.));
#3541 = VECTOR('',#3542,1.);
#3542 = DIRECTION('',(0.,1.));
#3543 = ( GEOMETRIC_REPRESENTATION_CONTEXT(2) 
PARAMETRIC_REPRESENTATION_CONTEXT() REPRESENTATION_CONTEXT('2D SPACE',''
  ) );
#3544 = PCURVE('',#898,#3545);
#3545 = DEFINITIONAL_REPRESENTATION('',(#3546),#3550);
#3546 = LINE('',#3547,#3548);
#3547 = CARTESIAN_POINT('',(0.,8.));
#3548 = VECTOR('',#3549,1.);
#3549 = DIRECTION('',(1.,0.));
#3550 = ( GEOMETRIC_REPRESENTATION_CONTEXT(2) 
PARAMETRIC_REPRESENTATION_CONTEXT() REPRESENTATION_CONTEXT('2D SPACE',''
  ) );
#3551 = ORIENTED_EDGE('',*,*,#3552,.F.);
#3552 = EDGE_CURVE('',#3457,#3530,#3553,.T.);
#3553 = SURFACE_CURVE('',#3554,(#3558,#3565),.PCURVE_S1.);
#3554 = LINE('',#3555,#3556);
#3555 = CARTESIAN_POINT('',(3.,14.,36.25));
#3556 = VECTOR('',#3557,1.);
#3557 = DIRECTION('',(0.,0.,1.));
#3558 = PCURVE('',#924,#3559);
#3559 = DEFINITIONAL_REPRESENTATION('',(#3560),#3564);
#3560 = LINE('',#3561,#3562);
#3561 = CARTESIAN_POINT('',(-36.25,4.));
#3562 = VECTOR('',#3563,1.);
#3563 = DIRECTION('',(1.,0.));
#3564 = ( GEOMETRIC_REPRESENTATION_CONTEXT(2) 
PARAMETRIC_REPRESENTATION_CONTEXT() REPRESENTATION_CONTEXT('2D SPACE',''
  ) );
#3565 = PCURVE('',#2140,#3566);
#3566 = DEFINITIONAL_REPRESENTATION('',(#3567),#3571);
#3567 = LINE('',#3568,#3569);
#3568 = CARTESIAN_POINT('',(36.25,-14.));
#3569 = VECTOR('',#3570,1.);
#3570 = DIRECTION('',(1.,0.));
#3571 = ( GEOMETRIC_REPRESENTATION_CONTEXT(2) 
PARAMETRIC_REPRESENTATION_CONTEXT() REPRESENTATION_CONTEXT('2D SPACE',''
  ) );
#3572 = ADVANCED_FACE('',(#3573),#870,.T.);
#3573 = FACE_BOUND('',#3574,.T.);
#3574 = EDGE_LOOP('',(#3575,#3576,#3577,#3600));
#3575 = ORIENTED_EDGE('',*,*,#3480,.F.);
#3576 = ORIENTED_EDGE('',*,*,#854,.T.);
#3577 = ORIENTED_EDGE('',*,*,#3578,.T.);
#3578 = EDGE_CURVE('',#855,#3579,#3581,.T.);
#3579 = VERTEX_POINT('',#3580);
#3580 = CARTESIAN_POINT('',(3.,6.,79.5));
#3581 = SURFACE_CURVE('',#3582,(#3586,#3593),.PCURVE_S1.);
#3582 = LINE('',#3583,#3584);
#3583 = CARTESIAN_POINT('',(-1.,6.,79.5));
#3584 = VECTOR('',#3585,1.);
#3585 = DIRECTION('',(1.,0.,0.));
#3586 = PCURVE('',#870,#3587);
#3587 = DEFINITIONAL_REPRESENTATION('',(#3588),#3592);
#3588 = LINE('',#3589,#3590);
#3589 = CARTESIAN_POINT('',(7.,0.));
#3590 = VECTOR('',#3591,1.);
#3591 = DIRECTION('',(0.,1.));
#3592 = ( GEOMETRIC_REPRESENTATION_CONTEXT(2) 
PARAMETRIC_REPRESENTATION_CONTEXT() REPRESENTATION_CONTEXT('2D SPACE',''
  ) );
#3593 = PCURVE('',#898,#3594);
#3594 = DEFINITIONAL_REPRESENTATION('',(#3595),#3599);
#3595 = LINE('',#3596,#3597);
#3596 = CARTESIAN_POINT('',(0.,0.));
#3597 = VECTOR('',#3598,1.);
#3598 = DIRECTION('',(1.,0.));
#3599 = ( GEOMETRIC_REPRESENTATION_CONTEXT(2) 
PARAMETRIC_REPRESENTATION_CONTEXT() REPRESENTATION_CONTEXT('2D SPACE',''
  ) );
#3600 = ORIENTED_EDGE('',*,*,#3601,.F.);
#3601 = EDGE_CURVE('',#3481,#3579,#3602,.T.);
#3602 = SURFACE_CURVE('',#3603,(#3607,#3614),.PCURVE_S1.);
#3603 = LINE('',#3604,#3605);
#3604 = CARTESIAN_POINT('',(3.,6.,36.25));
#3605 = VECTOR('',#3606,1.);
#3606 = DIRECTION('',(0.,0.,1.));
#3607 = PCURVE('',#870,#3608);
#3608 = DEFINITIONAL_REPRESENTATION('',(#3609),#3613);
#3609 = LINE('',#3610,#3611);
#3610 = CARTESIAN_POINT('',(-36.25,4.));
#3611 = VECTOR('',#3612,1.);
#3612 = DIRECTION('',(1.,0.));
#3613 = ( GEOMETRIC_REPRESENTATION_CONTEXT(2) 
PARAMETRIC_REPRESENTATION_CONTEXT() REPRESENTATION_CONTEXT('2D SPACE',''
  ) );
#3614 = PCURVE('',#2140,#3615);
#3615 = DEFINITIONAL_REPRESENTATION('',(#3616),#3620);
#3616 = LINE('',#3617,#3618);
#3617 = CARTESIAN_POINT('',(36.25,-6.));
#3618 = VECTOR('',#3619,1.);
#3619 = DIRECTION('',(1.,0.));
#3620 = ( GEOMETRIC_REPRESENTATION_CONTEXT(2) 
PARAMETRIC_REPRESENTATION_CONTEXT() REPRESENTATION_CONTEXT('2D SPACE',''
  ) );
#3621 = ADVANCED_FACE('',(#3622),#898,.F.);
#3622 = FACE_BOUND('',#3623,.F.);
#3623 = EDGE_LOOP('',(#3624,#3625,#3626,#3627));
#3624 = ORIENTED_EDGE('',*,*,#3529,.F.);
#3625 = ORIENTED_EDGE('',*,*,#882,.T.);
#3626 = ORIENTED_EDGE('',*,*,#3578,.T.);
#3627 = ORIENTED_EDGE('',*,*,#3628,.F.);
#3628 = EDGE_CURVE('',#3530,#3579,#3629,.T.);
#3629 = SURFACE_CURVE('',#3630,(#3634,#3641),.PCURVE_S1.);
#3630 = LINE('',#3631,#3632);
#3631 = CARTESIAN_POINT('',(3.,3.,79.5));
#3632 = VECTOR('',#3633,1.);
#3633 = DIRECTION('',(0.,-1.,0.));
#3634 = PCURVE('',#898,#3635);
#3635 = DEFINITIONAL_REPRESENTATION('',(#3636),#3640);
#3636 = LINE('',#3637,#3638);
#3637 = CARTESIAN_POINT('',(4.,-3.));
#3638 = VECTOR('',#3639,1.);
#3639 = DIRECTION('',(0.,-1.));
#3640 = ( GEOMETRIC_REPRESENTATION_CONTEXT(2) 
PARAMETRIC_REPRESENTATION_CONTEXT() REPRESENTATION_CONTEXT('2D SPACE',''
  ) );
#3641 = PCURVE('',#2140,#3642);
#3642 = DEFINITIONAL_REPRESENTATION('',(#3643),#3647);
#3643 = LINE('',#3644,#3645);
#3644 = CARTESIAN_POINT('',(79.5,-3.));
#3645 = VECTOR('',#3646,1.);
#3646 = DIRECTION('',(0.,1.));
#3647 = ( GEOMETRIC_REPRESENTATION_CONTEXT(2) 
PARAMETRIC_REPRESENTATION_CONTEXT() REPRESENTATION_CONTEXT('2D SPACE',''
  ) );
#3648 = ADVANCED_FACE('',(#3649),#956,.T.);
#3649 = FACE_BOUND('',#3650,.T.);
#3650 = EDGE_LOOP('',(#3651,#3674,#3675,#3698));
#3651 = ORIENTED_EDGE('',*,*,#3652,.F.);
#3652 = EDGE_CURVE('',#939,#3653,#3655,.T.);
#3653 = VERTEX_POINT('',#3654);
#3654 = CARTESIAN_POINT('',(3.,14.,82.5));
#3655 = SURFACE_CURVE('',#3656,(#3660,#3667),.PCURVE_S1.);
#3656 = LINE('',#3657,#3658);
#3657 = CARTESIAN_POINT('',(-1.,14.,82.5));
#3658 = VECTOR('',#3659,1.);
#3659 = DIRECTION('',(1.,0.,0.));
#3660 = PCURVE('',#956,#3661);
#3661 = DEFINITIONAL_REPRESENTATION('',(#3662),#3666);
#3662 = LINE('',#3663,#3664);
#3663 = CARTESIAN_POINT('',(0.,8.));
#3664 = VECTOR('',#3665,1.);
#3665 = DIRECTION('',(1.,0.));
#3666 = ( GEOMETRIC_REPRESENTATION_CONTEXT(2) 
PARAMETRIC_REPRESENTATION_CONTEXT() REPRESENTATION_CONTEXT('2D SPACE',''
  ) );
#3667 = PCURVE('',#1038,#3668);
#3668 = DEFINITIONAL_REPRESENTATION('',(#3669),#3673);
#3669 = LINE('',#3670,#3671);
#3670 = CARTESIAN_POINT('',(0.,0.));
#3671 = VECTOR('',#3672,1.);
#3672 = DIRECTION('',(0.,1.));
#3673 = ( GEOMETRIC_REPRESENTATION_CONTEXT(2) 
PARAMETRIC_REPRESENTATION_CONTEXT() REPRESENTATION_CONTEXT('2D SPACE',''
  ) );
#3674 = ORIENTED_EDGE('',*,*,#938,.T.);
#3675 = ORIENTED_EDGE('',*,*,#3676,.T.);
#3676 = EDGE_CURVE('',#941,#3677,#3679,.T.);
#3677 = VERTEX_POINT('',#3678);
#3678 = CARTESIAN_POINT('',(3.,6.,82.5));
#3679 = SURFACE_CURVE('',#3680,(#3684,#3691),.PCURVE_S1.);
#3680 = LINE('',#3681,#3682);
#3681 = CARTESIAN_POINT('',(-1.,6.,82.5));
#3682 = VECTOR('',#3683,1.);
#3683 = DIRECTION('',(1.,0.,0.));
#3684 = PCURVE('',#956,#3685);
#3685 = DEFINITIONAL_REPRESENTATION('',(#3686),#3690);
#3686 = LINE('',#3687,#3688);
#3687 = CARTESIAN_POINT('',(0.,0.));
#3688 = VECTOR('',#3689,1.);
#3689 = DIRECTION('',(1.,0.));
#3690 = ( GEOMETRIC_REPRESENTATION_CONTEXT(2) 
PARAMETRIC_REPRESENTATION_CONTEXT() REPRESENTATION_CONTEXT('2D SPACE',''
  ) );
#3691 = PCURVE('',#984,#3692);
#3692 = DEFINITIONAL_REPRESENTATION('',(#3693),#3697);
#3693 = LINE('',#3694,#3695);
#3694 = CARTESIAN_POINT('',(0.,0.));
#3695 = VECTOR('',#3696,1.);
#3696 = DIRECTION('',(0.,1.));
#3697 = ( GEOMETRIC_REPRESENTATION_CONTEXT(2) 
PARAMETRIC_REPRESENTATION_CONTEXT() REPRESENTATION_CONTEXT('2D SPACE',''
  ) );
#3698 = ORIENTED_EDGE('',*,*,#3699,.F.);
#3699 = EDGE_CURVE('',#3653,#3677,#3700,.T.);
#3700 = SURFACE_CURVE('',#3701,(#3705,#3712),.PCURVE_S1.);
#3701 = LINE('',#3702,#3703);
#3702 = CARTESIAN_POINT('',(3.,3.,82.5));
#3703 = VECTOR('',#3704,1.);
#3704 = DIRECTION('',(0.,-1.,0.));
#3705 = PCURVE('',#956,#3706);
#3706 = DEFINITIONAL_REPRESENTATION('',(#3707),#3711);
#3707 = LINE('',#3708,#3709);
#3708 = CARTESIAN_POINT('',(4.,-3.));
#3709 = VECTOR('',#3710,1.);
#3710 = DIRECTION('',(0.,-1.));
#3711 = ( GEOMETRIC_REPRESENTATION_CONTEXT(2) 
PARAMETRIC_REPRESENTATION_CONTEXT() REPRESENTATION_CONTEXT('2D SPACE',''
  ) );
#3712 = PCURVE('',#2140,#3713);
#3713 = DEFINITIONAL_REPRESENTATION('',(#3714),#3718);
#3714 = LINE('',#3715,#3716);
#3715 = CARTESIAN_POINT('',(82.5,-3.));
#3716 = VECTOR('',#3717,1.);
#3717 = DIRECTION('',(0.,1.));
#3718 = ( GEOMETRIC_REPRESENTATION_CONTEXT(2) 
PARAMETRIC_REPRESENTATION_CONTEXT() REPRESENTATION_CONTEXT('2D SPACE',''
  ) );
#3719 = ADVANCED_FACE('',(#3720),#1038,.F.);
#3720 = FACE_BOUND('',#3721,.F.);
#3721 = EDGE_LOOP('',(#3722,#3723,#3724,#3747));
#3722 = ORIENTED_EDGE('',*,*,#3652,.F.);
#3723 = ORIENTED_EDGE('',*,*,#1024,.T.);
#3724 = ORIENTED_EDGE('',*,*,#3725,.T.);
#3725 = EDGE_CURVE('',#997,#3726,#3728,.T.);
#3726 = VERTEX_POINT('',#3727);
#3727 = CARTESIAN_POINT('',(3.,14.,89.5));
#3728 = SURFACE_CURVE('',#3729,(#3733,#3740),.PCURVE_S1.);
#3729 = LINE('',#3730,#3731);
#3730 = CARTESIAN_POINT('',(-1.,14.,89.5));
#3731 = VECTOR('',#3732,1.);
#3732 = DIRECTION('',(1.,0.,0.));
#3733 = PCURVE('',#1038,#3734);
#3734 = DEFINITIONAL_REPRESENTATION('',(#3735),#3739);
#3735 = LINE('',#3736,#3737);
#3736 = CARTESIAN_POINT('',(7.,0.));
#3737 = VECTOR('',#3738,1.);
#3738 = DIRECTION('',(0.,1.));
#3739 = ( GEOMETRIC_REPRESENTATION_CONTEXT(2) 
PARAMETRIC_REPRESENTATION_CONTEXT() REPRESENTATION_CONTEXT('2D SPACE',''
  ) );
#3740 = PCURVE('',#1012,#3741);
#3741 = DEFINITIONAL_REPRESENTATION('',(#3742),#3746);
#3742 = LINE('',#3743,#3744);
#3743 = CARTESIAN_POINT('',(0.,8.));
#3744 = VECTOR('',#3745,1.);
#3745 = DIRECTION('',(1.,0.));
#3746 = ( GEOMETRIC_REPRESENTATION_CONTEXT(2) 
PARAMETRIC_REPRESENTATION_CONTEXT() REPRESENTATION_CONTEXT('2D SPACE',''
  ) );
#3747 = ORIENTED_EDGE('',*,*,#3748,.F.);
#3748 = EDGE_CURVE('',#3653,#3726,#3749,.T.);
#3749 = SURFACE_CURVE('',#3750,(#3754,#3761),.PCURVE_S1.);
#3750 = LINE('',#3751,#3752);
#3751 = CARTESIAN_POINT('',(3.,14.,41.25));
#3752 = VECTOR('',#3753,1.);
#3753 = DIRECTION('',(0.,0.,1.));
#3754 = PCURVE('',#1038,#3755);
#3755 = DEFINITIONAL_REPRESENTATION('',(#3756),#3760);
#3756 = LINE('',#3757,#3758);
#3757 = CARTESIAN_POINT('',(-41.25,4.));
#3758 = VECTOR('',#3759,1.);
#3759 = DIRECTION('',(1.,0.));
#3760 = ( GEOMETRIC_REPRESENTATION_CONTEXT(2) 
PARAMETRIC_REPRESENTATION_CONTEXT() REPRESENTATION_CONTEXT('2D SPACE',''
  ) );
#3761 = PCURVE('',#2140,#3762);
#3762 = DEFINITIONAL_REPRESENTATION('',(#3763),#3767);
#3763 = LINE('',#3764,#3765);
#3764 = CARTESIAN_POINT('',(41.25,-14.));
#3765 = VECTOR('',#3766,1.);
#3766 = DIRECTION('',(1.,0.));
#3767 = ( GEOMETRIC_REPRESENTATION_CONTEXT(2) 
PARAMETRIC_REPRESENTATION_CONTEXT() REPRESENTATION_CONTEXT('2D SPACE',''
  ) );
#3768 = ADVANCED_FACE('',(#3769),#984,.T.);
#3769 = FACE_BOUND('',#3770,.T.);
#3770 = EDGE_LOOP('',(#3771,#3772,#3773,#3796));
#3771 = ORIENTED_EDGE('',*,*,#3676,.F.);
#3772 = ORIENTED_EDGE('',*,*,#968,.T.);
#3773 = ORIENTED_EDGE('',*,*,#3774,.T.);
#3774 = EDGE_CURVE('',#969,#3775,#3777,.T.);
#3775 = VERTEX_POINT('',#3776);
#3776 = CARTESIAN_POINT('',(3.,6.,89.5));
#3777 = SURFACE_CURVE('',#3778,(#3782,#3789),.PCURVE_S1.);
#3778 = LINE('',#3779,#3780);
#3779 = CARTESIAN_POINT('',(-1.,6.,89.5));
#3780 = VECTOR('',#3781,1.);
#3781 = DIRECTION('',(1.,0.,0.));
#3782 = PCURVE('',#984,#3783);
#3783 = DEFINITIONAL_REPRESENTATION('',(#3784),#3788);
#3784 = LINE('',#3785,#3786);
#3785 = CARTESIAN_POINT('',(7.,0.));
#3786 = VECTOR('',#3787,1.);
#3787 = DIRECTION('',(0.,1.));
#3788 = ( GEOMETRIC_REPRESENTATION_CONTEXT(2) 
PARAMETRIC_REPRESENTATION_CONTEXT() REPRESENTATION_CONTEXT('2D SPACE',''
  ) );
#3789 = PCURVE('',#1012,#3790);
#3790 = DEFINITIONAL_REPRESENTATION('',(#3791),#3795);
#3791 = LINE('',#3792,#3793);
#3792 = CARTESIAN_POINT('',(0.,0.));
#3793 = VECTOR('',#3794,1.);
#3794 = DIRECTION('',(1.,0.));
#3795 = ( GEOMETRIC_REPRESENTATION_CONTEXT(2) 
PARAMETRIC_REPRESENTATION_CONTEXT() REPRESENTATION_CONTEXT('2D SPACE',''
  ) );
#3796 = ORIENTED_EDGE('',*,*,#3797,.F.);
#3797 = EDGE_CURVE('',#3677,#3775,#3798,.T.);
#3798 = SURFACE_CURVE('',#3799,(#3803,#3810),.PCURVE_S1.);
#3799 = LINE('',#3800,#3801);
#3800 = CARTESIAN_POINT('',(3.,6.,41.25));
#3801 = VECTOR('',#3802,1.);
#3802 = DIRECTION('',(0.,0.,1.));
#3803 = PCURVE('',#984,#3804);
#3804 = DEFINITIONAL_REPRESENTATION('',(#3805),#3809);
#3805 = LINE('',#3806,#3807);
#3806 = CARTESIAN_POINT('',(-41.25,4.));
#3807 = VECTOR('',#3808,1.);
#3808 = DIRECTION('',(1.,0.));
#3809 = ( GEOMETRIC_REPRESENTATION_CONTEXT(2) 
PARAMETRIC_REPRESENTATION_CONTEXT() REPRESENTATION_CONTEXT('2D SPACE',''
  ) );
#3810 = PCURVE('',#2140,#3811);
#3811 = DEFINITIONAL_REPRESENTATION('',(#3812),#3816);
#3812 = LINE('',#3813,#3814);
#3813 = CARTESIAN_POINT('',(41.25,-6.));
#3814 = VECTOR('',#3815,1.);
#3815 = DIRECTION('',(1.,0.));
#3816 = ( GEOMETRIC_REPRESENTATION_CONTEXT(2) 
PARAMETRIC_REPRESENTATION_CONTEXT() REPRESENTATION_CONTEXT('2D SPACE',''
  ) );
#3817 = ADVANCED_FACE('',(#3818),#1012,.F.);
#3818 = FACE_BOUND('',#3819,.F.);
#3819 = EDGE_LOOP('',(#3820,#3821,#3822,#3823));
#3820 = ORIENTED_EDGE('',*,*,#3725,.F.);
#3821 = ORIENTED_EDGE('',*,*,#996,.T.);
#3822 = ORIENTED_EDGE('',*,*,#3774,.T.);
#3823 = ORIENTED_EDGE('',*,*,#3824,.F.);
#3824 = EDGE_CURVE('',#3726,#3775,#3825,.T.);
#3825 = SURFACE_CURVE('',#3826,(#3830,#3837),.PCURVE_S1.);
#3826 = LINE('',#3827,#3828);
#3827 = CARTESIAN_POINT('',(3.,3.,89.5));
#3828 = VECTOR('',#3829,1.);
#3829 = DIRECTION('',(0.,-1.,0.));
#3830 = PCURVE('',#1012,#3831);
#3831 = DEFINITIONAL_REPRESENTATION('',(#3832),#3836);
#3832 = LINE('',#3833,#3834);
#3833 = CARTESIAN_POINT('',(4.,-3.));
#3834 = VECTOR('',#3835,1.);
#3835 = DIRECTION('',(0.,-1.));
#3836 = ( GEOMETRIC_REPRESENTATION_CONTEXT(2) 
PARAMETRIC_REPRESENTATION_CONTEXT() REPRESENTATION_CONTEXT('2D SPACE',''
  ) );
#3837 = PCURVE('',#2140,#3838);
#3838 = DEFINITIONAL_REPRESENTATION('',(#3839),#3843);
#3839 = LINE('',#3840,#3841);
#3840 = CARTESIAN_POINT('',(89.5,-3.));
#3841 = VECTOR('',#3842,1.);
#3842 = DIRECTION('',(0.,1.));
#3843 = ( GEOMETRIC_REPRESENTATION_CONTEXT(2) 
PARAMETRIC_REPRESENTATION_CONTEXT() REPRESENTATION_CONTEXT('2D SPACE',''
  ) );
#3844 = ADVANCED_FACE('',(#3845),#1070,.T.);
#3845 = FACE_BOUND('',#3846,.T.);
#3846 = EDGE_LOOP('',(#3847,#3870,#3871,#3894));
#3847 = ORIENTED_EDGE('',*,*,#3848,.F.);
#3848 = EDGE_CURVE('',#1053,#3849,#3851,.T.);
#3849 = VERTEX_POINT('',#3850);
#3850 = CARTESIAN_POINT('',(3.,14.,92.5));
#3851 = SURFACE_CURVE('',#3852,(#3856,#3863),.PCURVE_S1.);
#3852 = LINE('',#3853,#3854);
#3853 = CARTESIAN_POINT('',(-1.,14.,92.5));
#3854 = VECTOR('',#3855,1.);
#3855 = DIRECTION('',(1.,0.,0.));
#3856 = PCURVE('',#1070,#3857);
#3857 = DEFINITIONAL_REPRESENTATION('',(#3858),#3862);
#3858 = LINE('',#3859,#3860);
#3859 = CARTESIAN_POINT('',(0.,8.));
#3860 = VECTOR('',#3861,1.);
#3861 = DIRECTION('',(1.,0.));
#3862 = ( GEOMETRIC_REPRESENTATION_CONTEXT(2) 
PARAMETRIC_REPRESENTATION_CONTEXT() REPRESENTATION_CONTEXT('2D SPACE',''
  ) );
#3863 = PCURVE('',#1152,#3864);
#3864 = DEFINITIONAL_REPRESENTATION('',(#3865),#3869);
#3865 = LINE('',#3866,#3867);
#3866 = CARTESIAN_POINT('',(0.,0.));
#3867 = VECTOR('',#3868,1.);
#3868 = DIRECTION('',(0.,1.));
#3869 = ( GEOMETRIC_REPRESENTATION_CONTEXT(2) 
PARAMETRIC_REPRESENTATION_CONTEXT() REPRESENTATION_CONTEXT('2D SPACE',''
  ) );
#3870 = ORIENTED_EDGE('',*,*,#1052,.T.);
#3871 = ORIENTED_EDGE('',*,*,#3872,.T.);
#3872 = EDGE_CURVE('',#1055,#3873,#3875,.T.);
#3873 = VERTEX_POINT('',#3874);
#3874 = CARTESIAN_POINT('',(3.,6.,92.5));
#3875 = SURFACE_CURVE('',#3876,(#3880,#3887),.PCURVE_S1.);
#3876 = LINE('',#3877,#3878);
#3877 = CARTESIAN_POINT('',(-1.,6.,92.5));
#3878 = VECTOR('',#3879,1.);
#3879 = DIRECTION('',(1.,0.,0.));
#3880 = PCURVE('',#1070,#3881);
#3881 = DEFINITIONAL_REPRESENTATION('',(#3882),#3886);
#3882 = LINE('',#3883,#3884);
#3883 = CARTESIAN_POINT('',(0.,0.));
#3884 = VECTOR('',#3885,1.);
#3885 = DIRECTION('',(1.,0.));
#3886 = ( GEOMETRIC_REPRESENTATION_CONTEXT(2) 
PARAMETRIC_REPRESENTATION_CONTEXT() REPRESENTATION_CONTEXT('2D SPACE',''
  ) );
#3887 = PCURVE('',#1098,#3888);
#3888 = DEFINITIONAL_REPRESENTATION('',(#3889),#3893);
#3889 = LINE('',#3890,#3891);
#3890 = CARTESIAN_POINT('',(0.,0.));
#3891 = VECTOR('',#3892,1.);
#3892 = DIRECTION('',(0.,1.));
#3893 = ( GEOMETRIC_REPRESENTATION_CONTEXT(2) 
PARAMETRIC_REPRESENTATION_CONTEXT() REPRESENTATION_CONTEXT('2D SPACE',''
  ) );
#3894 = ORIENTED_EDGE('',*,*,#3895,.F.);
#3895 = EDGE_CURVE('',#3849,#3873,#3896,.T.);
#3896 = SURFACE_CURVE('',#3897,(#3901,#3908),.PCURVE_S1.);
#3897 = LINE('',#3898,#3899);
#3898 = CARTESIAN_POINT('',(3.,3.,92.5));
#3899 = VECTOR('',#3900,1.);
#3900 = DIRECTION('',(0.,-1.,0.));
#3901 = PCURVE('',#1070,#3902);
#3902 = DEFINITIONAL_REPRESENTATION('',(#3903),#3907);
#3903 = LINE('',#3904,#3905);
#3904 = CARTESIAN_POINT('',(4.,-3.));
#3905 = VECTOR('',#3906,1.);
#3906 = DIRECTION('',(0.,-1.));
#3907 = ( GEOMETRIC_REPRESENTATION_CONTEXT(2) 
PARAMETRIC_REPRESENTATION_CONTEXT() REPRESENTATION_CONTEXT('2D SPACE',''
  ) );
#3908 = PCURVE('',#2140,#3909);
#3909 = DEFINITIONAL_REPRESENTATION('',(#3910),#3914);
#3910 = LINE('',#3911,#3912);
#3911 = CARTESIAN_POINT('',(92.5,-3.));
#3912 = VECTOR('',#3913,1.);
#3913 = DIRECTION('',(0.,1.));
#3914 = ( GEOMETRIC_REPRESENTATION_CONTEXT(2) 
PARAMETRIC_REPRESENTATION_CONTEXT() REPRESENTATION_CONTEXT('2D SPACE',''
  ) );
#3915 = ADVANCED_FACE('',(#3916),#1152,.F.);
#3916 = FACE_BOUND('',#3917,.F.);
#3917 = EDGE_LOOP('',(#3918,#3919,#3920,#3943));
#3918 = ORIENTED_EDGE('',*,*,#3848,.F.);
#3919 = ORIENTED_EDGE('',*,*,#1138,.T.);
#3920 = ORIENTED_EDGE('',*,*,#3921,.T.);
#3921 = EDGE_CURVE('',#1111,#3922,#3924,.T.);
#3922 = VERTEX_POINT('',#3923);
#3923 = CARTESIAN_POINT('',(3.,14.,99.5));
#3924 = SURFACE_CURVE('',#3925,(#3929,#3936),.PCURVE_S1.);
#3925 = LINE('',#3926,#3927);
#3926 = CARTESIAN_POINT('',(-1.,14.,99.5));
#3927 = VECTOR('',#3928,1.);
#3928 = DIRECTION('',(1.,0.,0.));
#3929 = PCURVE('',#1152,#3930);
#3930 = DEFINITIONAL_REPRESENTATION('',(#3931),#3935);
#3931 = LINE('',#3932,#3933);
#3932 = CARTESIAN_POINT('',(7.,0.));
#3933 = VECTOR('',#3934,1.);
#3934 = DIRECTION('',(0.,1.));
#3935 = ( GEOMETRIC_REPRESENTATION_CONTEXT(2) 
PARAMETRIC_REPRESENTATION_CONTEXT() REPRESENTATION_CONTEXT('2D SPACE',''
  ) );
#3936 = PCURVE('',#1126,#3937);
#3937 = DEFINITIONAL_REPRESENTATION('',(#3938),#3942);
#3938 = LINE('',#3939,#3940);
#3939 = CARTESIAN_POINT('',(0.,8.));
#3940 = VECTOR('',#3941,1.);
#3941 = DIRECTION('',(1.,0.));
#3942 = ( GEOMETRIC_REPRESENTATION_CONTEXT(2) 
PARAMETRIC_REPRESENTATION_CONTEXT() REPRESENTATION_CONTEXT('2D SPACE',''
  ) );
#3943 = ORIENTED_EDGE('',*,*,#3944,.F.);
#3944 = EDGE_CURVE('',#3849,#3922,#3945,.T.);
#3945 = SURFACE_CURVE('',#3946,(#3950,#3957),.PCURVE_S1.);
#3946 = LINE('',#3947,#3948);
#3947 = CARTESIAN_POINT('',(3.,14.,46.25));
#3948 = VECTOR('',#3949,1.);
#3949 = DIRECTION('',(0.,0.,1.));
#3950 = PCURVE('',#1152,#3951);
#3951 = DEFINITIONAL_REPRESENTATION('',(#3952),#3956);
#3952 = LINE('',#3953,#3954);
#3953 = CARTESIAN_POINT('',(-46.25,4.));
#3954 = VECTOR('',#3955,1.);
#3955 = DIRECTION('',(1.,0.));
#3956 = ( GEOMETRIC_REPRESENTATION_CONTEXT(2) 
PARAMETRIC_REPRESENTATION_CONTEXT() REPRESENTATION_CONTEXT('2D SPACE',''
  ) );
#3957 = PCURVE('',#2140,#3958);
#3958 = DEFINITIONAL_REPRESENTATION('',(#3959),#3963);
#3959 = LINE('',#3960,#3961);
#3960 = CARTESIAN_POINT('',(46.25,-14.));
#3961 = VECTOR('',#3962,1.);
#3962 = DIRECTION('',(1.,0.));
#3963 = ( GEOMETRIC_REPRESENTATION_CONTEXT(2) 
PARAMETRIC_REPRESENTATION_CONTEXT() REPRESENTATION_CONTEXT('2D SPACE',''
  ) );
#3964 = ADVANCED_FACE('',(#3965),#1098,.T.);
#3965 = FACE_BOUND('',#3966,.T.);
#3966 = EDGE_LOOP('',(#3967,#3968,#3969,#3992));
#3967 = ORIENTED_EDGE('',*,*,#3872,.F.);
#3968 = ORIENTED_EDGE('',*,*,#1082,.T.);
#3969 = ORIENTED_EDGE('',*,*,#3970,.T.);
#3970 = EDGE_CURVE('',#1083,#3971,#3973,.T.);
#3971 = VERTEX_POINT('',#3972);
#3972 = CARTESIAN_POINT('',(3.,6.,99.5));
#3973 = SURFACE_CURVE('',#3974,(#3978,#3985),.PCURVE_S1.);
#3974 = LINE('',#3975,#3976);
#3975 = CARTESIAN_POINT('',(-1.,6.,99.5));
#3976 = VECTOR('',#3977,1.);
#3977 = DIRECTION('',(1.,0.,0.));
#3978 = PCURVE('',#1098,#3979);
#3979 = DEFINITIONAL_REPRESENTATION('',(#3980),#3984);
#3980 = LINE('',#3981,#3982);
#3981 = CARTESIAN_POINT('',(7.,0.));
#3982 = VECTOR('',#3983,1.);
#3983 = DIRECTION('',(0.,1.));
#3984 = ( GEOMETRIC_REPRESENTATION_CONTEXT(2) 
PARAMETRIC_REPRESENTATION_CONTEXT() REPRESENTATION_CONTEXT('2D SPACE',''
  ) );
#3985 = PCURVE('',#1126,#3986);
#3986 = DEFINITIONAL_REPRESENTATION('',(#3987),#3991);
#3987 = LINE('',#3988,#3989);
#3988 = CARTESIAN_POINT('',(0.,0.));
#3989 = VECTOR('',#3990,1.);
#3990 = DIRECTION('',(1.,0.));
#3991 = ( GEOMETRIC_REPRESENTATION_CONTEXT(2) 
PARAMETRIC_REPRESENTATION_CONTEXT() REPRESENTATION_CONTEXT('2D SPACE',''
  ) );
#3992 = ORIENTED_EDGE('',*,*,#3993,.F.);
#3993 = EDGE_CURVE('',#3873,#3971,#3994,.T.);
#3994 = SURFACE_CURVE('',#3995,(#3999,#4006),.PCURVE_S1.);
#3995 = LINE('',#3996,#3997);
#3996 = CARTESIAN_POINT('',(3.,6.,46.25));
#3997 = VECTOR('',#3998,1.);
#3998 = DIRECTION('',(0.,0.,1.));
#3999 = PCURVE('',#1098,#4000);
#4000 = DEFINITIONAL_REPRESENTATION('',(#4001),#4005);
#4001 = LINE('',#4002,#4003);
#4002 = CARTESIAN_POINT('',(-46.25,4.));
#4003 = VECTOR('',#4004,1.);
#4004 = DIRECTION('',(1.,0.));
#4005 = ( GEOMETRIC_REPRESENTATION_CONTEXT(2) 
PARAMETRIC_REPRESENTATION_CONTEXT() REPRESENTATION_CONTEXT('2D SPACE',''
  ) );
#4006 = PCURVE('',#2140,#4007);
#4007 = DEFINITIONAL_REPRESENTATION('',(#4008),#4012);
#4008 = LINE('',#4009,#4010);
#4009 = CARTESIAN_POINT('',(46.25,-6.));
#4010 = VECTOR('',#4011,1.);
#4011 = DIRECTION('',(1.,0.));
#4012 = ( GEOMETRIC_REPRESENTATION_CONTEXT(2) 
PARAMETRIC_REPRESENTATION_CONTEXT() REPRESENTATION_CONTEXT('2D SPACE',''
  ) );
#4013 = ADVANCED_FACE('',(#4014),#1126,.F.);
#4014 = FACE_BOUND('',#4015,.F.);
#4015 = EDGE_LOOP('',(#4016,#4017,#4018,#4019));
#4016 = ORIENTED_EDGE('',*,*,#3921,.F.);
#4017 = ORIENTED_EDGE('',*,*,#1110,.T.);
#4018 = ORIENTED_EDGE('',*,*,#3970,.T.);
#4019 = ORIENTED_EDGE('',*,*,#4020,.F.);
#4020 = EDGE_CURVE('',#3922,#3971,#4021,.T.);
#4021 = SURFACE_CURVE('',#4022,(#4026,#4033),.PCURVE_S1.);
#4022 = LINE('',#4023,#4024);
#4023 = CARTESIAN_POINT('',(3.,3.,99.5));
#4024 = VECTOR('',#4025,1.);
#4025 = DIRECTION('',(0.,-1.,0.));
#4026 = PCURVE('',#1126,#4027);
#4027 = DEFINITIONAL_REPRESENTATION('',(#4028),#4032);
#4028 = LINE('',#4029,#4030);
#4029 = CARTESIAN_POINT('',(4.,-3.));
#4030 = VECTOR('',#4031,1.);
#4031 = DIRECTION('',(0.,-1.));
#4032 = ( GEOMETRIC_REPRESENTATION_CONTEXT(2) 
PARAMETRIC_REPRESENTATION_CONTEXT() REPRESENTATION_CONTEXT('2D SPACE',''
  ) );
#4033 = PCURVE('',#2140,#4034);
#4034 = DEFINITIONAL_REPRESENTATION('',(#4035),#4039);
#4035 = LINE('',#4036,#4037);
#4036 = CARTESIAN_POINT('',(99.5,-3.));
#4037 = VECTOR('',#4038,1.);
#4038 = DIRECTION('',(0.,1.));
#4039 = ( GEOMETRIC_REPRESENTATION_CONTEXT(2) 
PARAMETRIC_REPRESENTATION_CONTEXT() REPRESENTATION_CONTEXT('2D SPACE',''
  ) );
#4040 = ADVANCED_FACE('',(#4041),#1184,.T.);
#4041 = FACE_BOUND('',#4042,.T.);
#4042 = EDGE_LOOP('',(#4043,#4066,#4067,#4090));
#4043 = ORIENTED_EDGE('',*,*,#4044,.F.);
#4044 = EDGE_CURVE('',#1167,#4045,#4047,.T.);
#4045 = VERTEX_POINT('',#4046);
#4046 = CARTESIAN_POINT('',(3.,14.,102.5));
#4047 = SURFACE_CURVE('',#4048,(#4052,#4059),.PCURVE_S1.);
#4048 = LINE('',#4049,#4050);
#4049 = CARTESIAN_POINT('',(-1.,14.,102.5));
#4050 = VECTOR('',#4051,1.);
#4051 = DIRECTION('',(1.,0.,0.));
#4052 = PCURVE('',#1184,#4053);
#4053 = DEFINITIONAL_REPRESENTATION('',(#4054),#4058);
#4054 = LINE('',#4055,#4056);
#4055 = CARTESIAN_POINT('',(0.,8.));
#4056 = VECTOR('',#4057,1.);
#4057 = DIRECTION('',(1.,0.));
#4058 = ( GEOMETRIC_REPRESENTATION_CONTEXT(2) 
PARAMETRIC_REPRESENTATION_CONTEXT() REPRESENTATION_CONTEXT('2D SPACE',''
  ) );
#4059 = PCURVE('',#1266,#4060);
#4060 = DEFINITIONAL_REPRESENTATION('',(#4061),#4065);
#4061 = LINE('',#4062,#4063);
#4062 = CARTESIAN_POINT('',(0.,0.));
#4063 = VECTOR('',#4064,1.);
#4064 = DIRECTION('',(0.,1.));
#4065 = ( GEOMETRIC_REPRESENTATION_CONTEXT(2) 
PARAMETRIC_REPRESENTATION_CONTEXT() REPRESENTATION_CONTEXT('2D SPACE',''
  ) );
#4066 = ORIENTED_EDGE('',*,*,#1166,.T.);
#4067 = ORIENTED_EDGE('',*,*,#4068,.T.);
#4068 = EDGE_CURVE('',#1169,#4069,#4071,.T.);
#4069 = VERTEX_POINT('',#4070);
#4070 = CARTESIAN_POINT('',(3.,6.,102.5));
#4071 = SURFACE_CURVE('',#4072,(#4076,#4083),.PCURVE_S1.);
#4072 = LINE('',#4073,#4074);
#4073 = CARTESIAN_POINT('',(-1.,6.,102.5));
#4074 = VECTOR('',#4075,1.);
#4075 = DIRECTION('',(1.,0.,0.));
#4076 = PCURVE('',#1184,#4077);
#4077 = DEFINITIONAL_REPRESENTATION('',(#4078),#4082);
#4078 = LINE('',#4079,#4080);
#4079 = CARTESIAN_POINT('',(0.,0.));
#4080 = VECTOR('',#4081,1.);
#4081 = DIRECTION('',(1.,0.));
#4082 = ( GEOMETRIC_REPRESENTATION_CONTEXT(2) 
PARAMETRIC_REPRESENTATION_CONTEXT() REPRESENTATION_CONTEXT('2D SPACE',''
  ) );
#4083 = PCURVE('',#1212,#4084);
#4084 = DEFINITIONAL_REPRESENTATION('',(#4085),#4089);
#4085 = LINE('',#4086,#4087);
#4086 = CARTESIAN_POINT('',(0.,0.));
#4087 = VECTOR('',#4088,1.);
#4088 = DIRECTION('',(0.,1.));
#4089 = ( GEOMETRIC_REPRESENTATION_CONTEXT(2) 
PARAMETRIC_REPRESENTATION_CONTEXT() REPRESENTATION_CONTEXT('2D SPACE',''
  ) );
#4090 = ORIENTED_EDGE('',*,*,#4091,.F.);
#4091 = EDGE_CURVE('',#4045,#4069,#4092,.T.);
#4092 = SURFACE_CURVE('',#4093,(#4097,#4104),.PCURVE_S1.);
#4093 = LINE('',#4094,#4095);
#4094 = CARTESIAN_POINT('',(3.,3.,102.5));
#4095 = VECTOR('',#4096,1.);
#4096 = DIRECTION('',(0.,-1.,0.));
#4097 = PCURVE('',#1184,#4098);
#4098 = DEFINITIONAL_REPRESENTATION('',(#4099),#4103);
#4099 = LINE('',#4100,#4101);
#4100 = CARTESIAN_POINT('',(4.,-3.));
#4101 = VECTOR('',#4102,1.);
#4102 = DIRECTION('',(0.,-1.));
#4103 = ( GEOMETRIC_REPRESENTATION_CONTEXT(2) 
PARAMETRIC_REPRESENTATION_CONTEXT() REPRESENTATION_CONTEXT('2D SPACE',''
  ) );
#4104 = PCURVE('',#2140,#4105);
#4105 = DEFINITIONAL_REPRESENTATION('',(#4106),#4110);
#4106 = LINE('',#4107,#4108);
#4107 = CARTESIAN_POINT('',(102.5,-3.));
#4108 = VECTOR('',#4109,1.);
#4109 = DIRECTION('',(0.,1.));
#4110 = ( GEOMETRIC_REPRESENTATION_CONTEXT(2) 
PARAMETRIC_REPRESENTATION_CONTEXT() REPRESENTATION_CONTEXT('2D SPACE',''
  ) );
#4111 = ADVANCED_FACE('',(#4112),#1266,.F.);
#4112 = FACE_BOUND('',#4113,.F.);
#4113 = EDGE_LOOP('',(#4114,#4115,#4116,#4139));
#4114 = ORIENTED_EDGE('',*,*,#4044,.F.);
#4115 = ORIENTED_EDGE('',*,*,#1252,.T.);
#4116 = ORIENTED_EDGE('',*,*,#4117,.T.);
#4117 = EDGE_CURVE('',#1225,#4118,#4120,.T.);
#4118 = VERTEX_POINT('',#4119);
#4119 = CARTESIAN_POINT('',(3.,14.,109.5));
#4120 = SURFACE_CURVE('',#4121,(#4125,#4132),.PCURVE_S1.);
#4121 = LINE('',#4122,#4123);
#4122 = CARTESIAN_POINT('',(-1.,14.,109.5));
#4123 = VECTOR('',#4124,1.);
#4124 = DIRECTION('',(1.,0.,0.));
#4125 = PCURVE('',#1266,#4126);
#4126 = DEFINITIONAL_REPRESENTATION('',(#4127),#4131);
#4127 = LINE('',#4128,#4129);
#4128 = CARTESIAN_POINT('',(7.,0.));
#4129 = VECTOR('',#4130,1.);
#4130 = DIRECTION('',(0.,1.));
#4131 = ( GEOMETRIC_REPRESENTATION_CONTEXT(2) 
PARAMETRIC_REPRESENTATION_CONTEXT() REPRESENTATION_CONTEXT('2D SPACE',''
  ) );
#4132 = PCURVE('',#1240,#4133);
#4133 = DEFINITIONAL_REPRESENTATION('',(#4134),#4138);
#4134 = LINE('',#4135,#4136);
#4135 = CARTESIAN_POINT('',(0.,8.));
#4136 = VECTOR('',#4137,1.);
#4137 = DIRECTION('',(1.,0.));
#4138 = ( GEOMETRIC_REPRESENTATION_CONTEXT(2) 
PARAMETRIC_REPRESENTATION_CONTEXT() REPRESENTATION_CONTEXT('2D SPACE',''
  ) );
#4139 = ORIENTED_EDGE('',*,*,#4140,.F.);
#4140 = EDGE_CURVE('',#4045,#4118,#4141,.T.);
#4141 = SURFACE_CURVE('',#4142,(#4146,#4153),.PCURVE_S1.);
#4142 = LINE('',#4143,#4144);
#4143 = CARTESIAN_POINT('',(3.,14.,51.25));
#4144 = VECTOR('',#4145,1.);
#4145 = DIRECTION('',(0.,0.,1.));
#4146 = PCURVE('',#1266,#4147);
#4147 = DEFINITIONAL_REPRESENTATION('',(#4148),#4152);
#4148 = LINE('',#4149,#4150);
#4149 = CARTESIAN_POINT('',(-51.25,4.));
#4150 = VECTOR('',#4151,1.);
#4151 = DIRECTION('',(1.,0.));
#4152 = ( GEOMETRIC_REPRESENTATION_CONTEXT(2) 
PARAMETRIC_REPRESENTATION_CONTEXT() REPRESENTATION_CONTEXT('2D SPACE',''
  ) );
#4153 = PCURVE('',#2140,#4154);
#4154 = DEFINITIONAL_REPRESENTATION('',(#4155),#4159);
#4155 = LINE('',#4156,#4157);
#4156 = CARTESIAN_POINT('',(51.25,-14.));
#4157 = VECTOR('',#4158,1.);
#4158 = DIRECTION('',(1.,0.));
#4159 = ( GEOMETRIC_REPRESENTATION_CONTEXT(2) 
PARAMETRIC_REPRESENTATION_CONTEXT() REPRESENTATION_CONTEXT('2D SPACE',''
  ) );
#4160 = ADVANCED_FACE('',(#4161),#1212,.T.);
#4161 = FACE_BOUND('',#4162,.T.);
#4162 = EDGE_LOOP('',(#4163,#4164,#4165,#4188));
#4163 = ORIENTED_EDGE('',*,*,#4068,.F.);
#4164 = ORIENTED_EDGE('',*,*,#1196,.T.);
#4165 = ORIENTED_EDGE('',*,*,#4166,.T.);
#4166 = EDGE_CURVE('',#1197,#4167,#4169,.T.);
#4167 = VERTEX_POINT('',#4168);
#4168 = CARTESIAN_POINT('',(3.,6.,109.5));
#4169 = SURFACE_CURVE('',#4170,(#4174,#4181),.PCURVE_S1.);
#4170 = LINE('',#4171,#4172);
#4171 = CARTESIAN_POINT('',(-1.,6.,109.5));
#4172 = VECTOR('',#4173,1.);
#4173 = DIRECTION('',(1.,0.,0.));
#4174 = PCURVE('',#1212,#4175);
#4175 = DEFINITIONAL_REPRESENTATION('',(#4176),#4180);
#4176 = LINE('',#4177,#4178);
#4177 = CARTESIAN_POINT('',(7.,0.));
#4178 = VECTOR('',#4179,1.);
#4179 = DIRECTION('',(0.,1.));
#4180 = ( GEOMETRIC_REPRESENTATION_CONTEXT(2) 
PARAMETRIC_REPRESENTATION_CONTEXT() REPRESENTATION_CONTEXT('2D SPACE',''
  ) );
#4181 = PCURVE('',#1240,#4182);
#4182 = DEFINITIONAL_REPRESENTATION('',(#4183),#4187);
#4183 = LINE('',#4184,#4185);
#4184 = CARTESIAN_POINT('',(0.,0.));
#4185 = VECTOR('',#4186,1.);
#4186 = DIRECTION('',(1.,0.));
#4187 = ( GEOMETRIC_REPRESENTATION_CONTEXT(2) 
PARAMETRIC_REPRESENTATION_CONTEXT() REPRESENTATION_CONTEXT('2D SPACE',''
  ) );
#4188 = ORIENTED_EDGE('',*,*,#4189,.F.);
#4189 = EDGE_CURVE('',#4069,#4167,#4190,.T.);
#4190 = SURFACE_CURVE('',#4191,(#4195,#4202),.PCURVE_S1.);
#4191 = LINE('',#4192,#4193);
#4192 = CARTESIAN_POINT('',(3.,6.,51.25));
#4193 = VECTOR('',#4194,1.);
#4194 = DIRECTION('',(0.,0.,1.));
#4195 = PCURVE('',#1212,#4196);
#4196 = DEFINITIONAL_REPRESENTATION('',(#4197),#4201);
#4197 = LINE('',#4198,#4199);
#4198 = CARTESIAN_POINT('',(-51.25,4.));
#4199 = VECTOR('',#4200,1.);
#4200 = DIRECTION('',(1.,0.));
#4201 = ( GEOMETRIC_REPRESENTATION_CONTEXT(2) 
PARAMETRIC_REPRESENTATION_CONTEXT() REPRESENTATION_CONTEXT('2D SPACE',''
  ) );
#4202 = PCURVE('',#2140,#4203);
#4203 = DEFINITIONAL_REPRESENTATION('',(#4204),#4208);
#4204 = LINE('',#4205,#4206);
#4205 = CARTESIAN_POINT('',(51.25,-6.));
#4206 = VECTOR('',#4207,1.);
#4207 = DIRECTION('',(1.,0.));
#4208 = ( GEOMETRIC_REPRESENTATION_CONTEXT(2) 
PARAMETRIC_REPRESENTATION_CONTEXT() REPRESENTATION_CONTEXT('2D SPACE',''
  ) );
#4209 = ADVANCED_FACE('',(#4210),#1240,.F.);
#4210 = FACE_BOUND('',#4211,.F.);
#4211 = EDGE_LOOP('',(#4212,#4213,#4214,#4215));
#4212 = ORIENTED_EDGE('',*,*,#4117,.F.);
#4213 = ORIENTED_EDGE('',*,*,#1224,.T.);
#4214 = ORIENTED_EDGE('',*,*,#4166,.T.);
#4215 = ORIENTED_EDGE('',*,*,#4216,.F.);
#4216 = EDGE_CURVE('',#4118,#4167,#4217,.T.);
#4217 = SURFACE_CURVE('',#4218,(#4222,#4229),.PCURVE_S1.);
#4218 = LINE('',#4219,#4220);
#4219 = CARTESIAN_POINT('',(3.,3.,109.5));
#4220 = VECTOR('',#4221,1.);
#4221 = DIRECTION('',(0.,-1.,0.));
#4222 = PCURVE('',#1240,#4223);
#4223 = DEFINITIONAL_REPRESENTATION('',(#4224),#4228);
#4224 = LINE('',#4225,#4226);
#4225 = CARTESIAN_POINT('',(4.,-3.));
#4226 = VECTOR('',#4227,1.);
#4227 = DIRECTION('',(0.,-1.));
#4228 = ( GEOMETRIC_REPRESENTATION_CONTEXT(2) 
PARAMETRIC_REPRESENTATION_CONTEXT() REPRESENTATION_CONTEXT('2D SPACE',''
  ) );
#4229 = PCURVE('',#2140,#4230);
#4230 = DEFINITIONAL_REPRESENTATION('',(#4231),#4235);
#4231 = LINE('',#4232,#4233);
#4232 = CARTESIAN_POINT('',(109.5,-3.));
#4233 = VECTOR('',#4234,1.);
#4234 = DIRECTION('',(0.,1.));
#4235 = ( GEOMETRIC_REPRESENTATION_CONTEXT(2) 
PARAMETRIC_REPRESENTATION_CONTEXT() REPRESENTATION_CONTEXT('2D SPACE',''
  ) );
#4236 = ADVANCED_FACE('',(#4237),#1298,.T.);
#4237 = FACE_BOUND('',#4238,.T.);
#4238 = EDGE_LOOP('',(#4239,#4262,#4263,#4286));
#4239 = ORIENTED_EDGE('',*,*,#4240,.F.);
#4240 = EDGE_CURVE('',#1281,#4241,#4243,.T.);
#4241 = VERTEX_POINT('',#4242);
#4242 = CARTESIAN_POINT('',(3.,14.,112.5));
#4243 = SURFACE_CURVE('',#4244,(#4248,#4255),.PCURVE_S1.);
#4244 = LINE('',#4245,#4246);
#4245 = CARTESIAN_POINT('',(-1.,14.,112.5));
#4246 = VECTOR('',#4247,1.);
#4247 = DIRECTION('',(1.,0.,0.));
#4248 = PCURVE('',#1298,#4249);
#4249 = DEFINITIONAL_REPRESENTATION('',(#4250),#4254);
#4250 = LINE('',#4251,#4252);
#4251 = CARTESIAN_POINT('',(0.,8.));
#4252 = VECTOR('',#4253,1.);
#4253 = DIRECTION('',(1.,0.));
#4254 = ( GEOMETRIC_REPRESENTATION_CONTEXT(2) 
PARAMETRIC_REPRESENTATION_CONTEXT() REPRESENTATION_CONTEXT('2D SPACE',''
  ) );
#4255 = PCURVE('',#1380,#4256);
#4256 = DEFINITIONAL_REPRESENTATION('',(#4257),#4261);
#4257 = LINE('',#4258,#4259);
#4258 = CARTESIAN_POINT('',(0.,0.));
#4259 = VECTOR('',#4260,1.);
#4260 = DIRECTION('',(0.,1.));
#4261 = ( GEOMETRIC_REPRESENTATION_CONTEXT(2) 
PARAMETRIC_REPRESENTATION_CONTEXT() REPRESENTATION_CONTEXT('2D SPACE',''
  ) );
#4262 = ORIENTED_EDGE('',*,*,#1280,.T.);
#4263 = ORIENTED_EDGE('',*,*,#4264,.T.);
#4264 = EDGE_CURVE('',#1283,#4265,#4267,.T.);
#4265 = VERTEX_POINT('',#4266);
#4266 = CARTESIAN_POINT('',(3.,6.,112.5));
#4267 = SURFACE_CURVE('',#4268,(#4272,#4279),.PCURVE_S1.);
#4268 = LINE('',#4269,#4270);
#4269 = CARTESIAN_POINT('',(-1.,6.,112.5));
#4270 = VECTOR('',#4271,1.);
#4271 = DIRECTION('',(1.,0.,0.));
#4272 = PCURVE('',#1298,#4273);
#4273 = DEFINITIONAL_REPRESENTATION('',(#4274),#4278);
#4274 = LINE('',#4275,#4276);
#4275 = CARTESIAN_POINT('',(0.,0.));
#4276 = VECTOR('',#4277,1.);
#4277 = DIRECTION('',(1.,0.));
#4278 = ( GEOMETRIC_REPRESENTATION_CONTEXT(2) 
PARAMETRIC_REPRESENTATION_CONTEXT() REPRESENTATION_CONTEXT('2D SPACE',''
  ) );
#4279 = PCURVE('',#1326,#4280);
#4280 = DEFINITIONAL_REPRESENTATION('',(#4281),#4285);
#4281 = LINE('',#4282,#4283);
#4282 = CARTESIAN_POINT('',(0.,0.));
#4283 = VECTOR('',#4284,1.);
#4284 = DIRECTION('',(0.,1.));
#4285 = ( GEOMETRIC_REPRESENTATION_CONTEXT(2) 
PARAMETRIC_REPRESENTATION_CONTEXT() REPRESENTATION_CONTEXT('2D SPACE',''
  ) );
#4286 = ORIENTED_EDGE('',*,*,#4287,.F.);
#4287 = EDGE_CURVE('',#4241,#4265,#4288,.T.);
#4288 = SURFACE_CURVE('',#4289,(#4293,#4300),.PCURVE_S1.);
#4289 = LINE('',#4290,#4291);
#4290 = CARTESIAN_POINT('',(3.,3.,112.5));
#4291 = VECTOR('',#4292,1.);
#4292 = DIRECTION('',(0.,-1.,0.));
#4293 = PCURVE('',#1298,#4294);
#4294 = DEFINITIONAL_REPRESENTATION('',(#4295),#4299);
#4295 = LINE('',#4296,#4297);
#4296 = CARTESIAN_POINT('',(4.,-3.));
#4297 = VECTOR('',#4298,1.);
#4298 = DIRECTION('',(0.,-1.));
#4299 = ( GEOMETRIC_REPRESENTATION_CONTEXT(2) 
PARAMETRIC_REPRESENTATION_CONTEXT() REPRESENTATION_CONTEXT('2D SPACE',''
  ) );
#4300 = PCURVE('',#2140,#4301);
#4301 = DEFINITIONAL_REPRESENTATION('',(#4302),#4306);
#4302 = LINE('',#4303,#4304);
#4303 = CARTESIAN_POINT('',(112.5,-3.));
#4304 = VECTOR('',#4305,1.);
#4305 = DIRECTION('',(0.,1.));
#4306 = ( GEOMETRIC_REPRESENTATION_CONTEXT(2) 
PARAMETRIC_REPRESENTATION_CONTEXT() REPRESENTATION_CONTEXT('2D SPACE',''
  ) );
#4307 = ADVANCED_FACE('',(#4308),#1380,.F.);
#4308 = FACE_BOUND('',#4309,.F.);
#4309 = EDGE_LOOP('',(#4310,#4311,#4312,#4335));
#4310 = ORIENTED_EDGE('',*,*,#4240,.F.);
#4311 = ORIENTED_EDGE('',*,*,#1366,.T.);
#4312 = ORIENTED_EDGE('',*,*,#4313,.T.);
#4313 = EDGE_CURVE('',#1339,#4314,#4316,.T.);
#4314 = VERTEX_POINT('',#4315);
#4315 = CARTESIAN_POINT('',(3.,14.,119.5));
#4316 = SURFACE_CURVE('',#4317,(#4321,#4328),.PCURVE_S1.);
#4317 = LINE('',#4318,#4319);
#4318 = CARTESIAN_POINT('',(-1.,14.,119.5));
#4319 = VECTOR('',#4320,1.);
#4320 = DIRECTION('',(1.,0.,0.));
#4321 = PCURVE('',#1380,#4322);
#4322 = DEFINITIONAL_REPRESENTATION('',(#4323),#4327);
#4323 = LINE('',#4324,#4325);
#4324 = CARTESIAN_POINT('',(7.,0.));
#4325 = VECTOR('',#4326,1.);
#4326 = DIRECTION('',(0.,1.));
#4327 = ( GEOMETRIC_REPRESENTATION_CONTEXT(2) 
PARAMETRIC_REPRESENTATION_CONTEXT() REPRESENTATION_CONTEXT('2D SPACE',''
  ) );
#4328 = PCURVE('',#1354,#4329);
#4329 = DEFINITIONAL_REPRESENTATION('',(#4330),#4334);
#4330 = LINE('',#4331,#4332);
#4331 = CARTESIAN_POINT('',(0.,8.));
#4332 = VECTOR('',#4333,1.);
#4333 = DIRECTION('',(1.,0.));
#4334 = ( GEOMETRIC_REPRESENTATION_CONTEXT(2) 
PARAMETRIC_REPRESENTATION_CONTEXT() REPRESENTATION_CONTEXT('2D SPACE',''
  ) );
#4335 = ORIENTED_EDGE('',*,*,#4336,.F.);
#4336 = EDGE_CURVE('',#4241,#4314,#4337,.T.);
#4337 = SURFACE_CURVE('',#4338,(#4342,#4349),.PCURVE_S1.);
#4338 = LINE('',#4339,#4340);
#4339 = CARTESIAN_POINT('',(3.,14.,56.25));
#4340 = VECTOR('',#4341,1.);
#4341 = DIRECTION('',(0.,0.,1.));
#4342 = PCURVE('',#1380,#4343);
#4343 = DEFINITIONAL_REPRESENTATION('',(#4344),#4348);
#4344 = LINE('',#4345,#4346);
#4345 = CARTESIAN_POINT('',(-56.25,4.));
#4346 = VECTOR('',#4347,1.);
#4347 = DIRECTION('',(1.,0.));
#4348 = ( GEOMETRIC_REPRESENTATION_CONTEXT(2) 
PARAMETRIC_REPRESENTATION_CONTEXT() REPRESENTATION_CONTEXT('2D SPACE',''
  ) );
#4349 = PCURVE('',#2140,#4350);
#4350 = DEFINITIONAL_REPRESENTATION('',(#4351),#4355);
#4351 = LINE('',#4352,#4353);
#4352 = CARTESIAN_POINT('',(56.25,-14.));
#4353 = VECTOR('',#4354,1.);
#4354 = DIRECTION('',(1.,0.));
#4355 = ( GEOMETRIC_REPRESENTATION_CONTEXT(2) 
PARAMETRIC_REPRESENTATION_CONTEXT() REPRESENTATION_CONTEXT('2D SPACE',''
  ) );
#4356 = ADVANCED_FACE('',(#4357),#1326,.T.);
#4357 = FACE_BOUND('',#4358,.T.);
#4358 = EDGE_LOOP('',(#4359,#4360,#4361,#4384));
#4359 = ORIENTED_EDGE('',*,*,#4264,.F.);
#4360 = ORIENTED_EDGE('',*,*,#1310,.T.);
#4361 = ORIENTED_EDGE('',*,*,#4362,.T.);
#4362 = EDGE_CURVE('',#1311,#4363,#4365,.T.);
#4363 = VERTEX_POINT('',#4364);
#4364 = CARTESIAN_POINT('',(3.,6.,119.5));
#4365 = SURFACE_CURVE('',#4366,(#4370,#4377),.PCURVE_S1.);
#4366 = LINE('',#4367,#4368);
#4367 = CARTESIAN_POINT('',(-1.,6.,119.5));
#4368 = VECTOR('',#4369,1.);
#4369 = DIRECTION('',(1.,0.,0.));
#4370 = PCURVE('',#1326,#4371);
#4371 = DEFINITIONAL_REPRESENTATION('',(#4372),#4376);
#4372 = LINE('',#4373,#4374);
#4373 = CARTESIAN_POINT('',(7.,0.));
#4374 = VECTOR('',#4375,1.);
#4375 = DIRECTION('',(0.,1.));
#4376 = ( GEOMETRIC_REPRESENTATION_CONTEXT(2) 
PARAMETRIC_REPRESENTATION_CONTEXT() REPRESENTATION_CONTEXT('2D SPACE',''
  ) );
#4377 = PCURVE('',#1354,#4378);
#4378 = DEFINITIONAL_REPRESENTATION('',(#4379),#4383);
#4379 = LINE('',#4380,#4381);
#4380 = CARTESIAN_POINT('',(0.,0.));
#4381 = VECTOR('',#4382,1.);
#4382 = DIRECTION('',(1.,0.));
#4383 = ( GEOMETRIC_REPRESENTATION_CONTEXT(2) 
PARAMETRIC_REPRESENTATION_CONTEXT() REPRESENTATION_CONTEXT('2D SPACE',''
  ) );
#4384 = ORIENTED_EDGE('',*,*,#4385,.F.);
#4385 = EDGE_CURVE('',#4265,#4363,#4386,.T.);
#4386 = SURFACE_CURVE('',#4387,(#4391,#4398),.PCURVE_S1.);
#4387 = LINE('',#4388,#4389);
#4388 = CARTESIAN_POINT('',(3.,6.,56.25));
#4389 = VECTOR('',#4390,1.);
#4390 = DIRECTION('',(0.,0.,1.));
#4391 = PCURVE('',#1326,#4392);
#4392 = DEFINITIONAL_REPRESENTATION('',(#4393),#4397);
#4393 = LINE('',#4394,#4395);
#4394 = CARTESIAN_POINT('',(-56.25,4.));
#4395 = VECTOR('',#4396,1.);
#4396 = DIRECTION('',(1.,0.));
#4397 = ( GEOMETRIC_REPRESENTATION_CONTEXT(2) 
PARAMETRIC_REPRESENTATION_CONTEXT() REPRESENTATION_CONTEXT('2D SPACE',''
  ) );
#4398 = PCURVE('',#2140,#4399);
#4399 = DEFINITIONAL_REPRESENTATION('',(#4400),#4404);
#4400 = LINE('',#4401,#4402);
#4401 = CARTESIAN_POINT('',(56.25,-6.));
#4402 = VECTOR('',#4403,1.);
#4403 = DIRECTION('',(1.,0.));
#4404 = ( GEOMETRIC_REPRESENTATION_CONTEXT(2) 
PARAMETRIC_REPRESENTATION_CONTEXT() REPRESENTATION_CONTEXT('2D SPACE',''
  ) );
#4405 = ADVANCED_FACE('',(#4406),#1354,.F.);
#4406 = FACE_BOUND('',#4407,.F.);
#4407 = EDGE_LOOP('',(#4408,#4409,#4410,#4411));
#4408 = ORIENTED_EDGE('',*,*,#4313,.F.);
#4409 = ORIENTED_EDGE('',*,*,#1338,.T.);
#4410 = ORIENTED_EDGE('',*,*,#4362,.T.);
#4411 = ORIENTED_EDGE('',*,*,#4412,.F.);
#4412 = EDGE_CURVE('',#4314,#4363,#4413,.T.);
#4413 = SURFACE_CURVE('',#4414,(#4418,#4425),.PCURVE_S1.);
#4414 = LINE('',#4415,#4416);
#4415 = CARTESIAN_POINT('',(3.,3.,119.5));
#4416 = VECTOR('',#4417,1.);
#4417 = DIRECTION('',(0.,-1.,0.));
#4418 = PCURVE('',#1354,#4419);
#4419 = DEFINITIONAL_REPRESENTATION('',(#4420),#4424);
#4420 = LINE('',#4421,#4422);
#4421 = CARTESIAN_POINT('',(4.,-3.));
#4422 = VECTOR('',#4423,1.);
#4423 = DIRECTION('',(0.,-1.));
#4424 = ( GEOMETRIC_REPRESENTATION_CONTEXT(2) 
PARAMETRIC_REPRESENTATION_CONTEXT() REPRESENTATION_CONTEXT('2D SPACE',''
  ) );
#4425 = PCURVE('',#2140,#4426);
#4426 = DEFINITIONAL_REPRESENTATION('',(#4427),#4431);
#4427 = LINE('',#4428,#4429);
#4428 = CARTESIAN_POINT('',(119.5,-3.));
#4429 = VECTOR('',#4430,1.);
#4430 = DIRECTION('',(0.,1.));
#4431 = ( GEOMETRIC_REPRESENTATION_CONTEXT(2) 
PARAMETRIC_REPRESENTATION_CONTEXT() REPRESENTATION_CONTEXT('2D SPACE',''
  ) );
#4432 = ADVANCED_FACE('',(#4433),#1412,.T.);
#4433 = FACE_BOUND('',#4434,.T.);
#4434 = EDGE_LOOP('',(#4435,#4458,#4459,#4482));
#4435 = ORIENTED_EDGE('',*,*,#4436,.F.);
#4436 = EDGE_CURVE('',#1395,#4437,#4439,.T.);
#4437 = VERTEX_POINT('',#4438);
#4438 = CARTESIAN_POINT('',(3.,14.,122.5));
#4439 = SURFACE_CURVE('',#4440,(#4444,#4451),.PCURVE_S1.);
#4440 = LINE('',#4441,#4442);
#4441 = CARTESIAN_POINT('',(-1.,14.,122.5));
#4442 = VECTOR('',#4443,1.);
#4443 = DIRECTION('',(1.,0.,0.));
#4444 = PCURVE('',#1412,#4445);
#4445 = DEFINITIONAL_REPRESENTATION('',(#4446),#4450);
#4446 = LINE('',#4447,#4448);
#4447 = CARTESIAN_POINT('',(0.,8.));
#4448 = VECTOR('',#4449,1.);
#4449 = DIRECTION('',(1.,0.));
#4450 = ( GEOMETRIC_REPRESENTATION_CONTEXT(2) 
PARAMETRIC_REPRESENTATION_CONTEXT() REPRESENTATION_CONTEXT('2D SPACE',''
  ) );
#4451 = PCURVE('',#1494,#4452);
#4452 = DEFINITIONAL_REPRESENTATION('',(#4453),#4457);
#4453 = LINE('',#4454,#4455);
#4454 = CARTESIAN_POINT('',(0.,0.));
#4455 = VECTOR('',#4456,1.);
#4456 = DIRECTION('',(0.,1.));
#4457 = ( GEOMETRIC_REPRESENTATION_CONTEXT(2) 
PARAMETRIC_REPRESENTATION_CONTEXT() REPRESENTATION_CONTEXT('2D SPACE',''
  ) );
#4458 = ORIENTED_EDGE('',*,*,#1394,.T.);
#4459 = ORIENTED_EDGE('',*,*,#4460,.T.);
#4460 = EDGE_CURVE('',#1397,#4461,#4463,.T.);
#4461 = VERTEX_POINT('',#4462);
#4462 = CARTESIAN_POINT('',(3.,6.,122.5));
#4463 = SURFACE_CURVE('',#4464,(#4468,#4475),.PCURVE_S1.);
#4464 = LINE('',#4465,#4466);
#4465 = CARTESIAN_POINT('',(-1.,6.,122.5));
#4466 = VECTOR('',#4467,1.);
#4467 = DIRECTION('',(1.,0.,0.));
#4468 = PCURVE('',#1412,#4469);
#4469 = DEFINITIONAL_REPRESENTATION('',(#4470),#4474);
#4470 = LINE('',#4471,#4472);
#4471 = CARTESIAN_POINT('',(0.,0.));
#4472 = VECTOR('',#4473,1.);
#4473 = DIRECTION('',(1.,0.));
#4474 = ( GEOMETRIC_REPRESENTATION_CONTEXT(2) 
PARAMETRIC_REPRESENTATION_CONTEXT() REPRESENTATION_CONTEXT('2D SPACE',''
  ) );
#4475 = PCURVE('',#1440,#4476);
#4476 = DEFINITIONAL_REPRESENTATION('',(#4477),#4481);
#4477 = LINE('',#4478,#4479);
#4478 = CARTESIAN_POINT('',(0.,0.));
#4479 = VECTOR('',#4480,1.);
#4480 = DIRECTION('',(0.,1.));
#4481 = ( GEOMETRIC_REPRESENTATION_CONTEXT(2) 
PARAMETRIC_REPRESENTATION_CONTEXT() REPRESENTATION_CONTEXT('2D SPACE',''
  ) );
#4482 = ORIENTED_EDGE('',*,*,#4483,.F.);
#4483 = EDGE_CURVE('',#4437,#4461,#4484,.T.);
#4484 = SURFACE_CURVE('',#4485,(#4489,#4496),.PCURVE_S1.);
#4485 = LINE('',#4486,#4487);
#4486 = CARTESIAN_POINT('',(3.,3.,122.5));
#4487 = VECTOR('',#4488,1.);
#4488 = DIRECTION('',(0.,-1.,0.));
#4489 = PCURVE('',#1412,#4490);
#4490 = DEFINITIONAL_REPRESENTATION('',(#4491),#4495);
#4491 = LINE('',#4492,#4493);
#4492 = CARTESIAN_POINT('',(4.,-3.));
#4493 = VECTOR('',#4494,1.);
#4494 = DIRECTION('',(0.,-1.));
#4495 = ( GEOMETRIC_REPRESENTATION_CONTEXT(2) 
PARAMETRIC_REPRESENTATION_CONTEXT() REPRESENTATION_CONTEXT('2D SPACE',''
  ) );
#4496 = PCURVE('',#2140,#4497);
#4497 = DEFINITIONAL_REPRESENTATION('',(#4498),#4502);
#4498 = LINE('',#4499,#4500);
#4499 = CARTESIAN_POINT('',(122.5,-3.));
#4500 = VECTOR('',#4501,1.);
#4501 = DIRECTION('',(0.,1.));
#4502 = ( GEOMETRIC_REPRESENTATION_CONTEXT(2) 
PARAMETRIC_REPRESENTATION_CONTEXT() REPRESENTATION_CONTEXT('2D SPACE',''
  ) );
#4503 = ADVANCED_FACE('',(#4504),#1494,.F.);
#4504 = FACE_BOUND('',#4505,.F.);
#4505 = EDGE_LOOP('',(#4506,#4507,#4508,#4531));
#4506 = ORIENTED_EDGE('',*,*,#4436,.F.);
#4507 = ORIENTED_EDGE('',*,*,#1480,.T.);
#4508 = ORIENTED_EDGE('',*,*,#4509,.T.);
#4509 = EDGE_CURVE('',#1453,#4510,#4512,.T.);
#4510 = VERTEX_POINT('',#4511);
#4511 = CARTESIAN_POINT('',(3.,14.,129.5));
#4512 = SURFACE_CURVE('',#4513,(#4517,#4524),.PCURVE_S1.);
#4513 = LINE('',#4514,#4515);
#4514 = CARTESIAN_POINT('',(-1.,14.,129.5));
#4515 = VECTOR('',#4516,1.);
#4516 = DIRECTION('',(1.,0.,0.));
#4517 = PCURVE('',#1494,#4518);
#4518 = DEFINITIONAL_REPRESENTATION('',(#4519),#4523);
#4519 = LINE('',#4520,#4521);
#4520 = CARTESIAN_POINT('',(7.,0.));
#4521 = VECTOR('',#4522,1.);
#4522 = DIRECTION('',(0.,1.));
#4523 = ( GEOMETRIC_REPRESENTATION_CONTEXT(2) 
PARAMETRIC_REPRESENTATION_CONTEXT() REPRESENTATION_CONTEXT('2D SPACE',''
  ) );
#4524 = PCURVE('',#1468,#4525);
#4525 = DEFINITIONAL_REPRESENTATION('',(#4526),#4530);
#4526 = LINE('',#4527,#4528);
#4527 = CARTESIAN_POINT('',(0.,8.));
#4528 = VECTOR('',#4529,1.);
#4529 = DIRECTION('',(1.,0.));
#4530 = ( GEOMETRIC_REPRESENTATION_CONTEXT(2) 
PARAMETRIC_REPRESENTATION_CONTEXT() REPRESENTATION_CONTEXT('2D SPACE',''
  ) );
#4531 = ORIENTED_EDGE('',*,*,#4532,.F.);
#4532 = EDGE_CURVE('',#4437,#4510,#4533,.T.);
#4533 = SURFACE_CURVE('',#4534,(#4538,#4545),.PCURVE_S1.);
#4534 = LINE('',#4535,#4536);
#4535 = CARTESIAN_POINT('',(3.,14.,61.25));
#4536 = VECTOR('',#4537,1.);
#4537 = DIRECTION('',(0.,0.,1.));
#4538 = PCURVE('',#1494,#4539);
#4539 = DEFINITIONAL_REPRESENTATION('',(#4540),#4544);
#4540 = LINE('',#4541,#4542);
#4541 = CARTESIAN_POINT('',(-61.25,4.));
#4542 = VECTOR('',#4543,1.);
#4543 = DIRECTION('',(1.,0.));
#4544 = ( GEOMETRIC_REPRESENTATION_CONTEXT(2) 
PARAMETRIC_REPRESENTATION_CONTEXT() REPRESENTATION_CONTEXT('2D SPACE',''
  ) );
#4545 = PCURVE('',#2140,#4546);
#4546 = DEFINITIONAL_REPRESENTATION('',(#4547),#4551);
#4547 = LINE('',#4548,#4549);
#4548 = CARTESIAN_POINT('',(61.25,-14.));
#4549 = VECTOR('',#4550,1.);
#4550 = DIRECTION('',(1.,0.));
#4551 = ( GEOMETRIC_REPRESENTATION_CONTEXT(2) 
PARAMETRIC_REPRESENTATION_CONTEXT() REPRESENTATION_CONTEXT('2D SPACE',''
  ) );
#4552 = ADVANCED_FACE('',(#4553),#1440,.T.);
#4553 = FACE_BOUND('',#4554,.T.);
#4554 = EDGE_LOOP('',(#4555,#4556,#4557,#4580));
#4555 = ORIENTED_EDGE('',*,*,#4460,.F.);
#4556 = ORIENTED_EDGE('',*,*,#1424,.T.);
#4557 = ORIENTED_EDGE('',*,*,#4558,.T.);
#4558 = EDGE_CURVE('',#1425,#4559,#4561,.T.);
#4559 = VERTEX_POINT('',#4560);
#4560 = CARTESIAN_POINT('',(3.,6.,129.5));
#4561 = SURFACE_CURVE('',#4562,(#4566,#4573),.PCURVE_S1.);
#4562 = LINE('',#4563,#4564);
#4563 = CARTESIAN_POINT('',(-1.,6.,129.5));
#4564 = VECTOR('',#4565,1.);
#4565 = DIRECTION('',(1.,0.,0.));
#4566 = PCURVE('',#1440,#4567);
#4567 = DEFINITIONAL_REPRESENTATION('',(#4568),#4572);
#4568 = LINE('',#4569,#4570);
#4569 = CARTESIAN_POINT('',(7.,0.));
#4570 = VECTOR('',#4571,1.);
#4571 = DIRECTION('',(0.,1.));
#4572 = ( GEOMETRIC_REPRESENTATION_CONTEXT(2) 
PARAMETRIC_REPRESENTATION_CONTEXT() REPRESENTATION_CONTEXT('2D SPACE',''
  ) );
#4573 = PCURVE('',#1468,#4574);
#4574 = DEFINITIONAL_REPRESENTATION('',(#4575),#4579);
#4575 = LINE('',#4576,#4577);
#4576 = CARTESIAN_POINT('',(0.,0.));
#4577 = VECTOR('',#4578,1.);
#4578 = DIRECTION('',(1.,0.));
#4579 = ( GEOMETRIC_REPRESENTATION_CONTEXT(2) 
PARAMETRIC_REPRESENTATION_CONTEXT() REPRESENTATION_CONTEXT('2D SPACE',''
  ) );
#4580 = ORIENTED_EDGE('',*,*,#4581,.F.);
#4581 = EDGE_CURVE('',#4461,#4559,#4582,.T.);
#4582 = SURFACE_CURVE('',#4583,(#4587,#4594),.PCURVE_S1.);
#4583 = LINE('',#4584,#4585);
#4584 = CARTESIAN_POINT('',(3.,6.,61.25));
#4585 = VECTOR('',#4586,1.);
#4586 = DIRECTION('',(0.,0.,1.));
#4587 = PCURVE('',#1440,#4588);
#4588 = DEFINITIONAL_REPRESENTATION('',(#4589),#4593);
#4589 = LINE('',#4590,#4591);
#4590 = CARTESIAN_POINT('',(-61.25,4.));
#4591 = VECTOR('',#4592,1.);
#4592 = DIRECTION('',(1.,0.));
#4593 = ( GEOMETRIC_REPRESENTATION_CONTEXT(2) 
PARAMETRIC_REPRESENTATION_CONTEXT() REPRESENTATION_CONTEXT('2D SPACE',''
  ) );
#4594 = PCURVE('',#2140,#4595);
#4595 = DEFINITIONAL_REPRESENTATION('',(#4596),#4600);
#4596 = LINE('',#4597,#4598);
#4597 = CARTESIAN_POINT('',(61.25,-6.));
#4598 = VECTOR('',#4599,1.);
#4599 = DIRECTION('',(1.,0.));
#4600 = ( GEOMETRIC_REPRESENTATION_CONTEXT(2) 
PARAMETRIC_REPRESENTATION_CONTEXT() REPRESENTATION_CONTEXT('2D SPACE',''
  ) );
#4601 = ADVANCED_FACE('',(#4602),#1468,.F.);
#4602 = FACE_BOUND('',#4603,.F.);
#4603 = EDGE_LOOP('',(#4604,#4605,#4606,#4607));
#4604 = ORIENTED_EDGE('',*,*,#4509,.F.);
#4605 = ORIENTED_EDGE('',*,*,#1452,.T.);
#4606 = ORIENTED_EDGE('',*,*,#4558,.T.);
#4607 = ORIENTED_EDGE('',*,*,#4608,.F.);
#4608 = EDGE_CURVE('',#4510,#4559,#4609,.T.);
#4609 = SURFACE_CURVE('',#4610,(#4614,#4621),.PCURVE_S1.);
#4610 = LINE('',#4611,#4612);
#4611 = CARTESIAN_POINT('',(3.,3.,129.5));
#4612 = VECTOR('',#4613,1.);
#4613 = DIRECTION('',(0.,-1.,0.));
#4614 = PCURVE('',#1468,#4615);
#4615 = DEFINITIONAL_REPRESENTATION('',(#4616),#4620);
#4616 = LINE('',#4617,#4618);
#4617 = CARTESIAN_POINT('',(4.,-3.));
#4618 = VECTOR('',#4619,1.);
#4619 = DIRECTION('',(0.,-1.));
#4620 = ( GEOMETRIC_REPRESENTATION_CONTEXT(2) 
PARAMETRIC_REPRESENTATION_CONTEXT() REPRESENTATION_CONTEXT('2D SPACE',''
  ) );
#4621 = PCURVE('',#2140,#4622);
#4622 = DEFINITIONAL_REPRESENTATION('',(#4623),#4627);
#4623 = LINE('',#4624,#4625);
#4624 = CARTESIAN_POINT('',(129.5,-3.));
#4625 = VECTOR('',#4626,1.);
#4626 = DIRECTION('',(0.,1.));
#4627 = ( GEOMETRIC_REPRESENTATION_CONTEXT(2) 
PARAMETRIC_REPRESENTATION_CONTEXT() REPRESENTATION_CONTEXT('2D SPACE',''
  ) );
#4628 = ADVANCED_FACE('',(#4629),#1526,.T.);
#4629 = FACE_BOUND('',#4630,.T.);
#4630 = EDGE_LOOP('',(#4631,#4654,#4655,#4678));
#4631 = ORIENTED_EDGE('',*,*,#4632,.F.);
#4632 = EDGE_CURVE('',#1509,#4633,#4635,.T.);
#4633 = VERTEX_POINT('',#4634);
#4634 = CARTESIAN_POINT('',(3.,14.,132.5));
#4635 = SURFACE_CURVE('',#4636,(#4640,#4647),.PCURVE_S1.);
#4636 = LINE('',#4637,#4638);
#4637 = CARTESIAN_POINT('',(-1.,14.,132.5));
#4638 = VECTOR('',#4639,1.);
#4639 = DIRECTION('',(1.,0.,0.));
#4640 = PCURVE('',#1526,#4641);
#4641 = DEFINITIONAL_REPRESENTATION('',(#4642),#4646);
#4642 = LINE('',#4643,#4644);
#4643 = CARTESIAN_POINT('',(0.,8.));
#4644 = VECTOR('',#4645,1.);
#4645 = DIRECTION('',(1.,0.));
#4646 = ( GEOMETRIC_REPRESENTATION_CONTEXT(2) 
PARAMETRIC_REPRESENTATION_CONTEXT() REPRESENTATION_CONTEXT('2D SPACE',''
  ) );
#4647 = PCURVE('',#1608,#4648);
#4648 = DEFINITIONAL_REPRESENTATION('',(#4649),#4653);
#4649 = LINE('',#4650,#4651);
#4650 = CARTESIAN_POINT('',(0.,0.));
#4651 = VECTOR('',#4652,1.);
#4652 = DIRECTION('',(0.,1.));
#4653 = ( GEOMETRIC_REPRESENTATION_CONTEXT(2) 
PARAMETRIC_REPRESENTATION_CONTEXT() REPRESENTATION_CONTEXT('2D SPACE',''
  ) );
#4654 = ORIENTED_EDGE('',*,*,#1508,.T.);
#4655 = ORIENTED_EDGE('',*,*,#4656,.T.);
#4656 = EDGE_CURVE('',#1511,#4657,#4659,.T.);
#4657 = VERTEX_POINT('',#4658);
#4658 = CARTESIAN_POINT('',(3.,6.,132.5));
#4659 = SURFACE_CURVE('',#4660,(#4664,#4671),.PCURVE_S1.);
#4660 = LINE('',#4661,#4662);
#4661 = CARTESIAN_POINT('',(-1.,6.,132.5));
#4662 = VECTOR('',#4663,1.);
#4663 = DIRECTION('',(1.,0.,0.));
#4664 = PCURVE('',#1526,#4665);
#4665 = DEFINITIONAL_REPRESENTATION('',(#4666),#4670);
#4666 = LINE('',#4667,#4668);
#4667 = CARTESIAN_POINT('',(0.,0.));
#4668 = VECTOR('',#4669,1.);
#4669 = DIRECTION('',(1.,0.));
#4670 = ( GEOMETRIC_REPRESENTATION_CONTEXT(2) 
PARAMETRIC_REPRESENTATION_CONTEXT() REPRESENTATION_CONTEXT('2D SPACE',''
  ) );
#4671 = PCURVE('',#1554,#4672);
#4672 = DEFINITIONAL_REPRESENTATION('',(#4673),#4677);
#4673 = LINE('',#4674,#4675);
#4674 = CARTESIAN_POINT('',(0.,0.));
#4675 = VECTOR('',#4676,1.);
#4676 = DIRECTION('',(0.,1.));
#4677 = ( GEOMETRIC_REPRESENTATION_CONTEXT(2) 
PARAMETRIC_REPRESENTATION_CONTEXT() REPRESENTATION_CONTEXT('2D SPACE',''
  ) );
#4678 = ORIENTED_EDGE('',*,*,#4679,.F.);
#4679 = EDGE_CURVE('',#4633,#4657,#4680,.T.);
#4680 = SURFACE_CURVE('',#4681,(#4685,#4692),.PCURVE_S1.);
#4681 = LINE('',#4682,#4683);
#4682 = CARTESIAN_POINT('',(3.,3.,132.5));
#4683 = VECTOR('',#4684,1.);
#4684 = DIRECTION('',(0.,-1.,0.));
#4685 = PCURVE('',#1526,#4686);
#4686 = DEFINITIONAL_REPRESENTATION('',(#4687),#4691);
#4687 = LINE('',#4688,#4689);
#4688 = CARTESIAN_POINT('',(4.,-3.));
#4689 = VECTOR('',#4690,1.);
#4690 = DIRECTION('',(0.,-1.));
#4691 = ( GEOMETRIC_REPRESENTATION_CONTEXT(2) 
PARAMETRIC_REPRESENTATION_CONTEXT() REPRESENTATION_CONTEXT('2D SPACE',''
  ) );
#4692 = PCURVE('',#2140,#4693);
#4693 = DEFINITIONAL_REPRESENTATION('',(#4694),#4698);
#4694 = LINE('',#4695,#4696);
#4695 = CARTESIAN_POINT('',(132.5,-3.));
#4696 = VECTOR('',#4697,1.);
#4697 = DIRECTION('',(0.,1.));
#4698 = ( GEOMETRIC_REPRESENTATION_CONTEXT(2) 
PARAMETRIC_REPRESENTATION_CONTEXT() REPRESENTATION_CONTEXT('2D SPACE',''
  ) );
#4699 = ADVANCED_FACE('',(#4700),#1608,.F.);
#4700 = FACE_BOUND('',#4701,.F.);
#4701 = EDGE_LOOP('',(#4702,#4703,#4704,#4727));
#4702 = ORIENTED_EDGE('',*,*,#4632,.F.);
#4703 = ORIENTED_EDGE('',*,*,#1594,.T.);
#4704 = ORIENTED_EDGE('',*,*,#4705,.T.);
#4705 = EDGE_CURVE('',#1567,#4706,#4708,.T.);
#4706 = VERTEX_POINT('',#4707);
#4707 = CARTESIAN_POINT('',(3.,14.,139.5));
#4708 = SURFACE_CURVE('',#4709,(#4713,#4720),.PCURVE_S1.);
#4709 = LINE('',#4710,#4711);
#4710 = CARTESIAN_POINT('',(-1.,14.,139.5));
#4711 = VECTOR('',#4712,1.);
#4712 = DIRECTION('',(1.,0.,0.));
#4713 = PCURVE('',#1608,#4714);
#4714 = DEFINITIONAL_REPRESENTATION('',(#4715),#4719);
#4715 = LINE('',#4716,#4717);
#4716 = CARTESIAN_POINT('',(7.,0.));
#4717 = VECTOR('',#4718,1.);
#4718 = DIRECTION('',(0.,1.));
#4719 = ( GEOMETRIC_REPRESENTATION_CONTEXT(2) 
PARAMETRIC_REPRESENTATION_CONTEXT() REPRESENTATION_CONTEXT('2D SPACE',''
  ) );
#4720 = PCURVE('',#1582,#4721);
#4721 = DEFINITIONAL_REPRESENTATION('',(#4722),#4726);
#4722 = LINE('',#4723,#4724);
#4723 = CARTESIAN_POINT('',(0.,8.));
#4724 = VECTOR('',#4725,1.);
#4725 = DIRECTION('',(1.,0.));
#4726 = ( GEOMETRIC_REPRESENTATION_CONTEXT(2) 
PARAMETRIC_REPRESENTATION_CONTEXT() REPRESENTATION_CONTEXT('2D SPACE',''
  ) );
#4727 = ORIENTED_EDGE('',*,*,#4728,.F.);
#4728 = EDGE_CURVE('',#4633,#4706,#4729,.T.);
#4729 = SURFACE_CURVE('',#4730,(#4734,#4741),.PCURVE_S1.);
#4730 = LINE('',#4731,#4732);
#4731 = CARTESIAN_POINT('',(3.,14.,66.25));
#4732 = VECTOR('',#4733,1.);
#4733 = DIRECTION('',(0.,0.,1.));
#4734 = PCURVE('',#1608,#4735);
#4735 = DEFINITIONAL_REPRESENTATION('',(#4736),#4740);
#4736 = LINE('',#4737,#4738);
#4737 = CARTESIAN_POINT('',(-66.25,4.));
#4738 = VECTOR('',#4739,1.);
#4739 = DIRECTION('',(1.,0.));
#4740 = ( GEOMETRIC_REPRESENTATION_CONTEXT(2) 
PARAMETRIC_REPRESENTATION_CONTEXT() REPRESENTATION_CONTEXT('2D SPACE',''
  ) );
#4741 = PCURVE('',#2140,#4742);
#4742 = DEFINITIONAL_REPRESENTATION('',(#4743),#4747);
#4743 = LINE('',#4744,#4745);
#4744 = CARTESIAN_POINT('',(66.25,-14.));
#4745 = VECTOR('',#4746,1.);
#4746 = DIRECTION('',(1.,0.));
#4747 = ( GEOMETRIC_REPRESENTATION_CONTEXT(2) 
PARAMETRIC_REPRESENTATION_CONTEXT() REPRESENTATION_CONTEXT('2D SPACE',''
  ) );
#4748 = ADVANCED_FACE('',(#4749),#1554,.T.);
#4749 = FACE_BOUND('',#4750,.T.);
#4750 = EDGE_LOOP('',(#4751,#4752,#4753,#4776));
#4751 = ORIENTED_EDGE('',*,*,#4656,.F.);
#4752 = ORIENTED_EDGE('',*,*,#1538,.T.);
#4753 = ORIENTED_EDGE('',*,*,#4754,.T.);
#4754 = EDGE_CURVE('',#1539,#4755,#4757,.T.);
#4755 = VERTEX_POINT('',#4756);
#4756 = CARTESIAN_POINT('',(3.,6.,139.5));
#4757 = SURFACE_CURVE('',#4758,(#4762,#4769),.PCURVE_S1.);
#4758 = LINE('',#4759,#4760);
#4759 = CARTESIAN_POINT('',(-1.,6.,139.5));
#4760 = VECTOR('',#4761,1.);
#4761 = DIRECTION('',(1.,0.,0.));
#4762 = PCURVE('',#1554,#4763);
#4763 = DEFINITIONAL_REPRESENTATION('',(#4764),#4768);
#4764 = LINE('',#4765,#4766);
#4765 = CARTESIAN_POINT('',(7.,0.));
#4766 = VECTOR('',#4767,1.);
#4767 = DIRECTION('',(0.,1.));
#4768 = ( GEOMETRIC_REPRESENTATION_CONTEXT(2) 
PARAMETRIC_REPRESENTATION_CONTEXT() REPRESENTATION_CONTEXT('2D SPACE',''
  ) );
#4769 = PCURVE('',#1582,#4770);
#4770 = DEFINITIONAL_REPRESENTATION('',(#4771),#4775);
#4771 = LINE('',#4772,#4773);
#4772 = CARTESIAN_POINT('',(0.,0.));
#4773 = VECTOR('',#4774,1.);
#4774 = DIRECTION('',(1.,0.));
#4775 = ( GEOMETRIC_REPRESENTATION_CONTEXT(2) 
PARAMETRIC_REPRESENTATION_CONTEXT() REPRESENTATION_CONTEXT('2D SPACE',''
  ) );
#4776 = ORIENTED_EDGE('',*,*,#4777,.F.);
#4777 = EDGE_CURVE('',#4657,#4755,#4778,.T.);
#4778 = SURFACE_CURVE('',#4779,(#4783,#4790),.PCURVE_S1.);
#4779 = LINE('',#4780,#4781);
#4780 = CARTESIAN_POINT('',(3.,6.,66.25));
#4781 = VECTOR('',#4782,1.);
#4782 = DIRECTION('',(0.,0.,1.));
#4783 = PCURVE('',#1554,#4784);
#4784 = DEFINITIONAL_REPRESENTATION('',(#4785),#4789);
#4785 = LINE('',#4786,#4787);
#4786 = CARTESIAN_POINT('',(-66.25,4.));
#4787 = VECTOR('',#4788,1.);
#4788 = DIRECTION('',(1.,0.));
#4789 = ( GEOMETRIC_REPRESENTATION_CONTEXT(2) 
PARAMETRIC_REPRESENTATION_CONTEXT() REPRESENTATION_CONTEXT('2D SPACE',''
  ) );
#4790 = PCURVE('',#2140,#4791);
#4791 = DEFINITIONAL_REPRESENTATION('',(#4792),#4796);
#4792 = LINE('',#4793,#4794);
#4793 = CARTESIAN_POINT('',(66.25,-6.));
#4794 = VECTOR('',#4795,1.);
#4795 = DIRECTION('',(1.,0.));
#4796 = ( GEOMETRIC_REPRESENTATION_CONTEXT(2) 
PARAMETRIC_REPRESENTATION_CONTEXT() REPRESENTATION_CONTEXT('2D SPACE',''
  ) );
#4797 = ADVANCED_FACE('',(#4798),#1582,.F.);
#4798 = FACE_BOUND('',#4799,.F.);
#4799 = EDGE_LOOP('',(#4800,#4801,#4802,#4803));
#4800 = ORIENTED_EDGE('',*,*,#4705,.F.);
#4801 = ORIENTED_EDGE('',*,*,#1566,.T.);
#4802 = ORIENTED_EDGE('',*,*,#4754,.T.);
#4803 = ORIENTED_EDGE('',*,*,#4804,.F.);
#4804 = EDGE_CURVE('',#4706,#4755,#4805,.T.);
#4805 = SURFACE_CURVE('',#4806,(#4810,#4817),.PCURVE_S1.);
#4806 = LINE('',#4807,#4808);
#4807 = CARTESIAN_POINT('',(3.,3.,139.5));
#4808 = VECTOR('',#4809,1.);
#4809 = DIRECTION('',(0.,-1.,0.));
#4810 = PCURVE('',#1582,#4811);
#4811 = DEFINITIONAL_REPRESENTATION('',(#4812),#4816);
#4812 = LINE('',#4813,#4814);
#4813 = CARTESIAN_POINT('',(4.,-3.));
#4814 = VECTOR('',#4815,1.);
#4815 = DIRECTION('',(0.,-1.));
#4816 = ( GEOMETRIC_REPRESENTATION_CONTEXT(2) 
PARAMETRIC_REPRESENTATION_CONTEXT() REPRESENTATION_CONTEXT('2D SPACE',''
  ) );
#4817 = PCURVE('',#2140,#4818);
#4818 = DEFINITIONAL_REPRESENTATION('',(#4819),#4823);
#4819 = LINE('',#4820,#4821);
#4820 = CARTESIAN_POINT('',(139.5,-3.));
#4821 = VECTOR('',#4822,1.);
#4822 = DIRECTION('',(0.,1.));
#4823 = ( GEOMETRIC_REPRESENTATION_CONTEXT(2) 
PARAMETRIC_REPRESENTATION_CONTEXT() REPRESENTATION_CONTEXT('2D SPACE',''
  ) );
#4824 = ADVANCED_FACE('',(#4825),#1640,.T.);
#4825 = FACE_BOUND('',#4826,.T.);
#4826 = EDGE_LOOP('',(#4827,#4850,#4851,#4874));
#4827 = ORIENTED_EDGE('',*,*,#4828,.F.);
#4828 = EDGE_CURVE('',#1623,#4829,#4831,.T.);
#4829 = VERTEX_POINT('',#4830);
#4830 = CARTESIAN_POINT('',(3.,14.,142.5));
#4831 = SURFACE_CURVE('',#4832,(#4836,#4843),.PCURVE_S1.);
#4832 = LINE('',#4833,#4834);
#4833 = CARTESIAN_POINT('',(-1.,14.,142.5));
#4834 = VECTOR('',#4835,1.);
#4835 = DIRECTION('',(1.,0.,0.));
#4836 = PCURVE('',#1640,#4837);
#4837 = DEFINITIONAL_REPRESENTATION('',(#4838),#4842);
#4838 = LINE('',#4839,#4840);
#4839 = CARTESIAN_POINT('',(0.,8.));
#4840 = VECTOR('',#4841,1.);
#4841 = DIRECTION('',(1.,0.));
#4842 = ( GEOMETRIC_REPRESENTATION_CONTEXT(2) 
PARAMETRIC_REPRESENTATION_CONTEXT() REPRESENTATION_CONTEXT('2D SPACE',''
  ) );
#4843 = PCURVE('',#1722,#4844);
#4844 = DEFINITIONAL_REPRESENTATION('',(#4845),#4849);
#4845 = LINE('',#4846,#4847);
#4846 = CARTESIAN_POINT('',(0.,0.));
#4847 = VECTOR('',#4848,1.);
#4848 = DIRECTION('',(0.,1.));
#4849 = ( GEOMETRIC_REPRESENTATION_CONTEXT(2) 
PARAMETRIC_REPRESENTATION_CONTEXT() REPRESENTATION_CONTEXT('2D SPACE',''
  ) );
#4850 = ORIENTED_EDGE('',*,*,#1622,.T.);
#4851 = ORIENTED_EDGE('',*,*,#4852,.T.);
#4852 = EDGE_CURVE('',#1625,#4853,#4855,.T.);
#4853 = VERTEX_POINT('',#4854);
#4854 = CARTESIAN_POINT('',(3.,6.,142.5));
#4855 = SURFACE_CURVE('',#4856,(#4860,#4867),.PCURVE_S1.);
#4856 = LINE('',#4857,#4858);
#4857 = CARTESIAN_POINT('',(-1.,6.,142.5));
#4858 = VECTOR('',#4859,1.);
#4859 = DIRECTION('',(1.,0.,0.));
#4860 = PCURVE('',#1640,#4861);
#4861 = DEFINITIONAL_REPRESENTATION('',(#4862),#4866);
#4862 = LINE('',#4863,#4864);
#4863 = CARTESIAN_POINT('',(0.,0.));
#4864 = VECTOR('',#4865,1.);
#4865 = DIRECTION('',(1.,0.));
#4866 = ( GEOMETRIC_REPRESENTATION_CONTEXT(2) 
PARAMETRIC_REPRESENTATION_CONTEXT() REPRESENTATION_CONTEXT('2D SPACE',''
  ) );
#4867 = PCURVE('',#1668,#4868);
#4868 = DEFINITIONAL_REPRESENTATION('',(#4869),#4873);
#4869 = LINE('',#4870,#4871);
#4870 = CARTESIAN_POINT('',(0.,0.));
#4871 = VECTOR('',#4872,1.);
#4872 = DIRECTION('',(0.,1.));
#4873 = ( GEOMETRIC_REPRESENTATION_CONTEXT(2) 
PARAMETRIC_REPRESENTATION_CONTEXT() REPRESENTATION_CONTEXT('2D SPACE',''
  ) );
#4874 = ORIENTED_EDGE('',*,*,#4875,.F.);
#4875 = EDGE_CURVE('',#4829,#4853,#4876,.T.);
#4876 = SURFACE_CURVE('',#4877,(#4881,#4888),.PCURVE_S1.);
#4877 = LINE('',#4878,#4879);
#4878 = CARTESIAN_POINT('',(3.,3.,142.5));
#4879 = VECTOR('',#4880,1.);
#4880 = DIRECTION('',(0.,-1.,0.));
#4881 = PCURVE('',#1640,#4882);
#4882 = DEFINITIONAL_REPRESENTATION('',(#4883),#4887);
#4883 = LINE('',#4884,#4885);
#4884 = CARTESIAN_POINT('',(4.,-3.));
#4885 = VECTOR('',#4886,1.);
#4886 = DIRECTION('',(0.,-1.));
#4887 = ( GEOMETRIC_REPRESENTATION_CONTEXT(2) 
PARAMETRIC_REPRESENTATION_CONTEXT() REPRESENTATION_CONTEXT('2D SPACE',''
  ) );
#4888 = PCURVE('',#2140,#4889);
#4889 = DEFINITIONAL_REPRESENTATION('',(#4890),#4894);
#4890 = LINE('',#4891,#4892);
#4891 = CARTESIAN_POINT('',(142.5,-3.));
#4892 = VECTOR('',#4893,1.);
#4893 = DIRECTION('',(0.,1.));
#4894 = ( GEOMETRIC_REPRESENTATION_CONTEXT(2) 
PARAMETRIC_REPRESENTATION_CONTEXT() REPRESENTATION_CONTEXT('2D SPACE',''
  ) );
#4895 = ADVANCED_FACE('',(#4896),#1722,.F.);
#4896 = FACE_BOUND('',#4897,.F.);
#4897 = EDGE_LOOP('',(#4898,#4899,#4900,#4923));
#4898 = ORIENTED_EDGE('',*,*,#4828,.F.);
#4899 = ORIENTED_EDGE('',*,*,#1708,.T.);
#4900 = ORIENTED_EDGE('',*,*,#4901,.T.);
#4901 = EDGE_CURVE('',#1681,#4902,#4904,.T.);
#4902 = VERTEX_POINT('',#4903);
#4903 = CARTESIAN_POINT('',(3.,14.,149.5));
#4904 = SURFACE_CURVE('',#4905,(#4909,#4916),.PCURVE_S1.);
#4905 = LINE('',#4906,#4907);
#4906 = CARTESIAN_POINT('',(-1.,14.,149.5));
#4907 = VECTOR('',#4908,1.);
#4908 = DIRECTION('',(1.,0.,0.));
#4909 = PCURVE('',#1722,#4910);
#4910 = DEFINITIONAL_REPRESENTATION('',(#4911),#4915);
#4911 = LINE('',#4912,#4913);
#4912 = CARTESIAN_POINT('',(7.,0.));
#4913 = VECTOR('',#4914,1.);
#4914 = DIRECTION('',(0.,1.));
#4915 = ( GEOMETRIC_REPRESENTATION_CONTEXT(2) 
PARAMETRIC_REPRESENTATION_CONTEXT() REPRESENTATION_CONTEXT('2D SPACE',''
  ) );
#4916 = PCURVE('',#1696,#4917);
#4917 = DEFINITIONAL_REPRESENTATION('',(#4918),#4922);
#4918 = LINE('',#4919,#4920);
#4919 = CARTESIAN_POINT('',(0.,8.));
#4920 = VECTOR('',#4921,1.);
#4921 = DIRECTION('',(1.,0.));
#4922 = ( GEOMETRIC_REPRESENTATION_CONTEXT(2) 
PARAMETRIC_REPRESENTATION_CONTEXT() REPRESENTATION_CONTEXT('2D SPACE',''
  ) );
#4923 = ORIENTED_EDGE('',*,*,#4924,.F.);
#4924 = EDGE_CURVE('',#4829,#4902,#4925,.T.);
#4925 = SURFACE_CURVE('',#4926,(#4930,#4937),.PCURVE_S1.);
#4926 = LINE('',#4927,#4928);
#4927 = CARTESIAN_POINT('',(3.,14.,71.25));
#4928 = VECTOR('',#4929,1.);
#4929 = DIRECTION('',(0.,0.,1.));
#4930 = PCURVE('',#1722,#4931);
#4931 = DEFINITIONAL_REPRESENTATION('',(#4932),#4936);
#4932 = LINE('',#4933,#4934);
#4933 = CARTESIAN_POINT('',(-71.25,4.));
#4934 = VECTOR('',#4935,1.);
#4935 = DIRECTION('',(1.,0.));
#4936 = ( GEOMETRIC_REPRESENTATION_CONTEXT(2) 
PARAMETRIC_REPRESENTATION_CONTEXT() REPRESENTATION_CONTEXT('2D SPACE',''
  ) );
#4937 = PCURVE('',#2140,#4938);
#4938 = DEFINITIONAL_REPRESENTATION('',(#4939),#4943);
#4939 = LINE('',#4940,#4941);
#4940 = CARTESIAN_POINT('',(71.25,-14.));
#4941 = VECTOR('',#4942,1.);
#4942 = DIRECTION('',(1.,0.));
#4943 = ( GEOMETRIC_REPRESENTATION_CONTEXT(2) 
PARAMETRIC_REPRESENTATION_CONTEXT() REPRESENTATION_CONTEXT('2D SPACE',''
  ) );
#4944 = ADVANCED_FACE('',(#4945),#1668,.T.);
#4945 = FACE_BOUND('',#4946,.T.);
#4946 = EDGE_LOOP('',(#4947,#4948,#4949,#4972));
#4947 = ORIENTED_EDGE('',*,*,#4852,.F.);
#4948 = ORIENTED_EDGE('',*,*,#1652,.T.);
#4949 = ORIENTED_EDGE('',*,*,#4950,.T.);
#4950 = EDGE_CURVE('',#1653,#4951,#4953,.T.);
#4951 = VERTEX_POINT('',#4952);
#4952 = CARTESIAN_POINT('',(3.,6.,149.5));
#4953 = SURFACE_CURVE('',#4954,(#4958,#4965),.PCURVE_S1.);
#4954 = LINE('',#4955,#4956);
#4955 = CARTESIAN_POINT('',(-1.,6.,149.5));
#4956 = VECTOR('',#4957,1.);
#4957 = DIRECTION('',(1.,0.,0.));
#4958 = PCURVE('',#1668,#4959);
#4959 = DEFINITIONAL_REPRESENTATION('',(#4960),#4964);
#4960 = LINE('',#4961,#4962);
#4961 = CARTESIAN_POINT('',(7.,0.));
#4962 = VECTOR('',#4963,1.);
#4963 = DIRECTION('',(0.,1.));
#4964 = ( GEOMETRIC_REPRESENTATION_CONTEXT(2) 
PARAMETRIC_REPRESENTATION_CONTEXT() REPRESENTATION_CONTEXT('2D SPACE',''
  ) );
#4965 = PCURVE('',#1696,#4966);
#4966 = DEFINITIONAL_REPRESENTATION('',(#4967),#4971);
#4967 = LINE('',#4968,#4969);
#4968 = CARTESIAN_POINT('',(0.,0.));
#4969 = VECTOR('',#4970,1.);
#4970 = DIRECTION('',(1.,0.));
#4971 = ( GEOMETRIC_REPRESENTATION_CONTEXT(2) 
PARAMETRIC_REPRESENTATION_CONTEXT() REPRESENTATION_CONTEXT('2D SPACE',''
  ) );
#4972 = ORIENTED_EDGE('',*,*,#4973,.F.);
#4973 = EDGE_CURVE('',#4853,#4951,#4974,.T.);
#4974 = SURFACE_CURVE('',#4975,(#4979,#4986),.PCURVE_S1.);
#4975 = LINE('',#4976,#4977);
#4976 = CARTESIAN_POINT('',(3.,6.,71.25));
#4977 = VECTOR('',#4978,1.);
#4978 = DIRECTION('',(0.,0.,1.));
#4979 = PCURVE('',#1668,#4980);
#4980 = DEFINITIONAL_REPRESENTATION('',(#4981),#4985);
#4981 = LINE('',#4982,#4983);
#4982 = CARTESIAN_POINT('',(-71.25,4.));
#4983 = VECTOR('',#4984,1.);
#4984 = DIRECTION('',(1.,0.));
#4985 = ( GEOMETRIC_REPRESENTATION_CONTEXT(2) 
PARAMETRIC_REPRESENTATION_CONTEXT() REPRESENTATION_CONTEXT('2D SPACE',''
  ) );
#4986 = PCURVE('',#2140,#4987);
#4987 = DEFINITIONAL_REPRESENTATION('',(#4988),#4992);
#4988 = LINE('',#4989,#4990);
#4989 = CARTESIAN_POINT('',(71.25,-6.));
#4990 = VECTOR('',#4991,1.);
#4991 = DIRECTION('',(1.,0.));
#4992 = ( GEOMETRIC_REPRESENTATION_CONTEXT(2) 
PARAMETRIC_REPRESENTATION_CONTEXT() REPRESENTATION_CONTEXT('2D SPACE',''
  ) );
#4993 = ADVANCED_FACE('',(#4994),#1696,.F.);
#4994 = FACE_BOUND('',#4995,.F.);
#4995 = EDGE_LOOP('',(#4996,#4997,#4998,#4999));
#4996 = ORIENTED_EDGE('',*,*,#4901,.F.);
#4997 = ORIENTED_EDGE('',*,*,#1680,.T.);
#4998 = ORIENTED_EDGE('',*,*,#4950,.T.);
#4999 = ORIENTED_EDGE('',*,*,#5000,.F.);
#5000 = EDGE_CURVE('',#4902,#4951,#5001,.T.);
#5001 = SURFACE_CURVE('',#5002,(#5006,#5013),.PCURVE_S1.);
#5002 = LINE('',#5003,#5004);
#5003 = CARTESIAN_POINT('',(3.,3.,149.5));
#5004 = VECTOR('',#5005,1.);
#5005 = DIRECTION('',(0.,-1.,0.));
#5006 = PCURVE('',#1696,#5007);
#5007 = DEFINITIONAL_REPRESENTATION('',(#5008),#5012);
#5008 = LINE('',#5009,#5010);
#5009 = CARTESIAN_POINT('',(4.,-3.));
#5010 = VECTOR('',#5011,1.);
#5011 = DIRECTION('',(0.,-1.));
#5012 = ( GEOMETRIC_REPRESENTATION_CONTEXT(2) 
PARAMETRIC_REPRESENTATION_CONTEXT() REPRESENTATION_CONTEXT('2D SPACE',''
  ) );
#5013 = PCURVE('',#2140,#5014);
#5014 = DEFINITIONAL_REPRESENTATION('',(#5015),#5019);
#5015 = LINE('',#5016,#5017);
#5016 = CARTESIAN_POINT('',(149.5,-3.));
#5017 = VECTOR('',#5018,1.);
#5018 = DIRECTION('',(0.,1.));
#5019 = ( GEOMETRIC_REPRESENTATION_CONTEXT(2) 
PARAMETRIC_REPRESENTATION_CONTEXT() REPRESENTATION_CONTEXT('2D SPACE',''
  ) );
#5020 = ADVANCED_FACE('',(#5021),#1754,.T.);
#5021 = FACE_BOUND('',#5022,.T.);
#5022 = EDGE_LOOP('',(#5023,#5046,#5047,#5070));
#5023 = ORIENTED_EDGE('',*,*,#5024,.F.);
#5024 = EDGE_CURVE('',#1737,#5025,#5027,.T.);
#5025 = VERTEX_POINT('',#5026);
#5026 = CARTESIAN_POINT('',(3.,14.,152.5));
#5027 = SURFACE_CURVE('',#5028,(#5032,#5039),.PCURVE_S1.);
#5028 = LINE('',#5029,#5030);
#5029 = CARTESIAN_POINT('',(-1.,14.,152.5));
#5030 = VECTOR('',#5031,1.);
#5031 = DIRECTION('',(1.,0.,0.));
#5032 = PCURVE('',#1754,#5033);
#5033 = DEFINITIONAL_REPRESENTATION('',(#5034),#5038);
#5034 = LINE('',#5035,#5036);
#5035 = CARTESIAN_POINT('',(0.,8.));
#5036 = VECTOR('',#5037,1.);
#5037 = DIRECTION('',(1.,0.));
#5038 = ( GEOMETRIC_REPRESENTATION_CONTEXT(2) 
PARAMETRIC_REPRESENTATION_CONTEXT() REPRESENTATION_CONTEXT('2D SPACE',''
  ) );
#5039 = PCURVE('',#1836,#5040);
#5040 = DEFINITIONAL_REPRESENTATION('',(#5041),#5045);
#5041 = LINE('',#5042,#5043);
#5042 = CARTESIAN_POINT('',(0.,0.));
#5043 = VECTOR('',#5044,1.);
#5044 = DIRECTION('',(0.,1.));
#5045 = ( GEOMETRIC_REPRESENTATION_CONTEXT(2) 
PARAMETRIC_REPRESENTATION_CONTEXT() REPRESENTATION_CONTEXT('2D SPACE',''
  ) );
#5046 = ORIENTED_EDGE('',*,*,#1736,.T.);
#5047 = ORIENTED_EDGE('',*,*,#5048,.T.);
#5048 = EDGE_CURVE('',#1739,#5049,#5051,.T.);
#5049 = VERTEX_POINT('',#5050);
#5050 = CARTESIAN_POINT('',(3.,6.,152.5));
#5051 = SURFACE_CURVE('',#5052,(#5056,#5063),.PCURVE_S1.);
#5052 = LINE('',#5053,#5054);
#5053 = CARTESIAN_POINT('',(-1.,6.,152.5));
#5054 = VECTOR('',#5055,1.);
#5055 = DIRECTION('',(1.,0.,0.));
#5056 = PCURVE('',#1754,#5057);
#5057 = DEFINITIONAL_REPRESENTATION('',(#5058),#5062);
#5058 = LINE('',#5059,#5060);
#5059 = CARTESIAN_POINT('',(0.,0.));
#5060 = VECTOR('',#5061,1.);
#5061 = DIRECTION('',(1.,0.));
#5062 = ( GEOMETRIC_REPRESENTATION_CONTEXT(2) 
PARAMETRIC_REPRESENTATION_CONTEXT() REPRESENTATION_CONTEXT('2D SPACE',''
  ) );
#5063 = PCURVE('',#1782,#5064);
#5064 = DEFINITIONAL_REPRESENTATION('',(#5065),#5069);
#5065 = LINE('',#5066,#5067);
#5066 = CARTESIAN_POINT('',(0.,0.));
#5067 = VECTOR('',#5068,1.);
#5068 = DIRECTION('',(0.,1.));
#5069 = ( GEOMETRIC_REPRESENTATION_CONTEXT(2) 
PARAMETRIC_REPRESENTATION_CONTEXT() REPRESENTATION_CONTEXT('2D SPACE',''
  ) );
#5070 = ORIENTED_EDGE('',*,*,#5071,.F.);
#5071 = EDGE_CURVE('',#5025,#5049,#5072,.T.);
#5072 = SURFACE_CURVE('',#5073,(#5077,#5084),.PCURVE_S1.);
#5073 = LINE('',#5074,#5075);
#5074 = CARTESIAN_POINT('',(3.,3.,152.5));
#5075 = VECTOR('',#5076,1.);
#5076 = DIRECTION('',(0.,-1.,0.));
#5077 = PCURVE('',#1754,#5078);
#5078 = DEFINITIONAL_REPRESENTATION('',(#5079),#5083);
#5079 = LINE('',#5080,#5081);
#5080 = CARTESIAN_POINT('',(4.,-3.));
#5081 = VECTOR('',#5082,1.);
#5082 = DIRECTION('',(0.,-1.));
#5083 = ( GEOMETRIC_REPRESENTATION_CONTEXT(2) 
PARAMETRIC_REPRESENTATION_CONTEXT() REPRESENTATION_CONTEXT('2D SPACE',''
  ) );
#5084 = PCURVE('',#2140,#5085);
#5085 = DEFINITIONAL_REPRESENTATION('',(#5086),#5090);
#5086 = LINE('',#5087,#5088);
#5087 = CARTESIAN_POINT('',(152.5,-3.));
#5088 = VECTOR('',#5089,1.);
#5089 = DIRECTION('',(0.,1.));
#5090 = ( GEOMETRIC_REPRESENTATION_CONTEXT(2) 
PARAMETRIC_REPRESENTATION_CONTEXT() REPRESENTATION_CONTEXT('2D SPACE',''
  ) );
#5091 = ADVANCED_FACE('',(#5092),#1836,.F.);
#5092 = FACE_BOUND('',#5093,.F.);
#5093 = EDGE_LOOP('',(#5094,#5095,#5096,#5119));
#5094 = ORIENTED_EDGE('',*,*,#5024,.F.);
#5095 = ORIENTED_EDGE('',*,*,#1822,.T.);
#5096 = ORIENTED_EDGE('',*,*,#5097,.T.);
#5097 = EDGE_CURVE('',#1795,#5098,#5100,.T.);
#5098 = VERTEX_POINT('',#5099);
#5099 = CARTESIAN_POINT('',(3.,14.,159.5));
#5100 = SURFACE_CURVE('',#5101,(#5105,#5112),.PCURVE_S1.);
#5101 = LINE('',#5102,#5103);
#5102 = CARTESIAN_POINT('',(-1.,14.,159.5));
#5103 = VECTOR('',#5104,1.);
#5104 = DIRECTION('',(1.,0.,0.));
#5105 = PCURVE('',#1836,#5106);
#5106 = DEFINITIONAL_REPRESENTATION('',(#5107),#5111);
#5107 = LINE('',#5108,#5109);
#5108 = CARTESIAN_POINT('',(7.,0.));
#5109 = VECTOR('',#5110,1.);
#5110 = DIRECTION('',(0.,1.));
#5111 = ( GEOMETRIC_REPRESENTATION_CONTEXT(2) 
PARAMETRIC_REPRESENTATION_CONTEXT() REPRESENTATION_CONTEXT('2D SPACE',''
  ) );
#5112 = PCURVE('',#1810,#5113);
#5113 = DEFINITIONAL_REPRESENTATION('',(#5114),#5118);
#5114 = LINE('',#5115,#5116);
#5115 = CARTESIAN_POINT('',(0.,8.));
#5116 = VECTOR('',#5117,1.);
#5117 = DIRECTION('',(1.,0.));
#5118 = ( GEOMETRIC_REPRESENTATION_CONTEXT(2) 
PARAMETRIC_REPRESENTATION_CONTEXT() REPRESENTATION_CONTEXT('2D SPACE',''
  ) );
#5119 = ORIENTED_EDGE('',*,*,#5120,.F.);
#5120 = EDGE_CURVE('',#5025,#5098,#5121,.T.);
#5121 = SURFACE_CURVE('',#5122,(#5126,#5133),.PCURVE_S1.);
#5122 = LINE('',#5123,#5124);
#5123 = CARTESIAN_POINT('',(3.,14.,76.25));
#5124 = VECTOR('',#5125,1.);
#5125 = DIRECTION('',(0.,0.,1.));
#5126 = PCURVE('',#1836,#5127);
#5127 = DEFINITIONAL_REPRESENTATION('',(#5128),#5132);
#5128 = LINE('',#5129,#5130);
#5129 = CARTESIAN_POINT('',(-76.25,4.));
#5130 = VECTOR('',#5131,1.);
#5131 = DIRECTION('',(1.,0.));
#5132 = ( GEOMETRIC_REPRESENTATION_CONTEXT(2) 
PARAMETRIC_REPRESENTATION_CONTEXT() REPRESENTATION_CONTEXT('2D SPACE',''
  ) );
#5133 = PCURVE('',#2140,#5134);
#5134 = DEFINITIONAL_REPRESENTATION('',(#5135),#5139);
#5135 = LINE('',#5136,#5137);
#5136 = CARTESIAN_POINT('',(76.25,-14.));
#5137 = VECTOR('',#5138,1.);
#5138 = DIRECTION('',(1.,0.));
#5139 = ( GEOMETRIC_REPRESENTATION_CONTEXT(2) 
PARAMETRIC_REPRESENTATION_CONTEXT() REPRESENTATION_CONTEXT('2D SPACE',''
  ) );
#5140 = ADVANCED_FACE('',(#5141),#1782,.T.);
#5141 = FACE_BOUND('',#5142,.T.);
#5142 = EDGE_LOOP('',(#5143,#5144,#5145,#5168));
#5143 = ORIENTED_EDGE('',*,*,#5048,.F.);
#5144 = ORIENTED_EDGE('',*,*,#1766,.T.);
#5145 = ORIENTED_EDGE('',*,*,#5146,.T.);
#5146 = EDGE_CURVE('',#1767,#5147,#5149,.T.);
#5147 = VERTEX_POINT('',#5148);
#5148 = CARTESIAN_POINT('',(3.,6.,159.5));
#5149 = SURFACE_CURVE('',#5150,(#5154,#5161),.PCURVE_S1.);
#5150 = LINE('',#5151,#5152);
#5151 = CARTESIAN_POINT('',(-1.,6.,159.5));
#5152 = VECTOR('',#5153,1.);
#5153 = DIRECTION('',(1.,0.,0.));
#5154 = PCURVE('',#1782,#5155);
#5155 = DEFINITIONAL_REPRESENTATION('',(#5156),#5160);
#5156 = LINE('',#5157,#5158);
#5157 = CARTESIAN_POINT('',(7.,0.));
#5158 = VECTOR('',#5159,1.);
#5159 = DIRECTION('',(0.,1.));
#5160 = ( GEOMETRIC_REPRESENTATION_CONTEXT(2) 
PARAMETRIC_REPRESENTATION_CONTEXT() REPRESENTATION_CONTEXT('2D SPACE',''
  ) );
#5161 = PCURVE('',#1810,#5162);
#5162 = DEFINITIONAL_REPRESENTATION('',(#5163),#5167);
#5163 = LINE('',#5164,#5165);
#5164 = CARTESIAN_POINT('',(0.,0.));
#5165 = VECTOR('',#5166,1.);
#5166 = DIRECTION('',(1.,0.));
#5167 = ( GEOMETRIC_REPRESENTATION_CONTEXT(2) 
PARAMETRIC_REPRESENTATION_CONTEXT() REPRESENTATION_CONTEXT('2D SPACE',''
  ) );
#5168 = ORIENTED_EDGE('',*,*,#5169,.F.);
#5169 = EDGE_CURVE('',#5049,#5147,#5170,.T.);
#5170 = SURFACE_CURVE('',#5171,(#5175,#5182),.PCURVE_S1.);
#5171 = LINE('',#5172,#5173);
#5172 = CARTESIAN_POINT('',(3.,6.,76.25));
#5173 = VECTOR('',#5174,1.);
#5174 = DIRECTION('',(0.,0.,1.));
#5175 = PCURVE('',#1782,#5176);
#5176 = DEFINITIONAL_REPRESENTATION('',(#5177),#5181);
#5177 = LINE('',#5178,#5179);
#5178 = CARTESIAN_POINT('',(-76.25,4.));
#5179 = VECTOR('',#5180,1.);
#5180 = DIRECTION('',(1.,0.));
#5181 = ( GEOMETRIC_REPRESENTATION_CONTEXT(2) 
PARAMETRIC_REPRESENTATION_CONTEXT() REPRESENTATION_CONTEXT('2D SPACE',''
  ) );
#5182 = PCURVE('',#2140,#5183);
#5183 = DEFINITIONAL_REPRESENTATION('',(#5184),#5188);
#5184 = LINE('',#5185,#5186);
#5185 = CARTESIAN_POINT('',(76.25,-6.));
#5186 = VECTOR('',#5187,1.);
#5187 = DIRECTION('',(1.,0.));
#5188 = ( GEOMETRIC_REPRESENTATION_CONTEXT(2) 
PARAMETRIC_REPRESENTATION_CONTEXT() REPRESENTATION_CONTEXT('2D SPACE',''
  ) );
#5189 = ADVANCED_FACE('',(#5190),#1810,.F.);
#5190 = FACE_BOUND('',#5191,.F.);
#5191 = EDGE_LOOP('',(#5192,#5193,#5194,#5195));
#5192 = ORIENTED_EDGE('',*,*,#5097,.F.);
#5193 = ORIENTED_EDGE('',*,*,#1794,.T.);
#5194 = ORIENTED_EDGE('',*,*,#5146,.T.);
#5195 = ORIENTED_EDGE('',*,*,#5196,.F.);
#5196 = EDGE_CURVE('',#5098,#5147,#5197,.T.);
#5197 = SURFACE_CURVE('',#5198,(#5202,#5209),.PCURVE_S1.);
#5198 = LINE('',#5199,#5200);
#5199 = CARTESIAN_POINT('',(3.,3.,159.5));
#5200 = VECTOR('',#5201,1.);
#5201 = DIRECTION('',(0.,-1.,0.));
#5202 = PCURVE('',#1810,#5203);
#5203 = DEFINITIONAL_REPRESENTATION('',(#5204),#5208);
#5204 = LINE('',#5205,#5206);
#5205 = CARTESIAN_POINT('',(4.,-3.));
#5206 = VECTOR('',#5207,1.);
#5207 = DIRECTION('',(0.,-1.));
#5208 = ( GEOMETRIC_REPRESENTATION_CONTEXT(2) 
PARAMETRIC_REPRESENTATION_CONTEXT() REPRESENTATION_CONTEXT('2D SPACE',''
  ) );
#5209 = PCURVE('',#2140,#5210);
#5210 = DEFINITIONAL_REPRESENTATION('',(#5211),#5215);
#5211 = LINE('',#5212,#5213);
#5212 = CARTESIAN_POINT('',(159.5,-3.));
#5213 = VECTOR('',#5214,1.);
#5214 = DIRECTION('',(0.,1.));
#5215 = ( GEOMETRIC_REPRESENTATION_CONTEXT(2) 
PARAMETRIC_REPRESENTATION_CONTEXT() REPRESENTATION_CONTEXT('2D SPACE',''
  ) );
#5216 = ADVANCED_FACE('',(#5217),#1868,.T.);
#5217 = FACE_BOUND('',#5218,.T.);
#5218 = EDGE_LOOP('',(#5219,#5242,#5243,#5266));
#5219 = ORIENTED_EDGE('',*,*,#5220,.F.);
#5220 = EDGE_CURVE('',#1851,#5221,#5223,.T.);
#5221 = VERTEX_POINT('',#5222);
#5222 = CARTESIAN_POINT('',(3.,14.,162.5));
#5223 = SURFACE_CURVE('',#5224,(#5228,#5235),.PCURVE_S1.);
#5224 = LINE('',#5225,#5226);
#5225 = CARTESIAN_POINT('',(-1.,14.,162.5));
#5226 = VECTOR('',#5227,1.);
#5227 = DIRECTION('',(1.,0.,0.));
#5228 = PCURVE('',#1868,#5229);
#5229 = DEFINITIONAL_REPRESENTATION('',(#5230),#5234);
#5230 = LINE('',#5231,#5232);
#5231 = CARTESIAN_POINT('',(0.,8.));
#5232 = VECTOR('',#5233,1.);
#5233 = DIRECTION('',(1.,0.));
#5234 = ( GEOMETRIC_REPRESENTATION_CONTEXT(2) 
PARAMETRIC_REPRESENTATION_CONTEXT() REPRESENTATION_CONTEXT('2D SPACE',''
  ) );
#5235 = PCURVE('',#1950,#5236);
#5236 = DEFINITIONAL_REPRESENTATION('',(#5237),#5241);
#5237 = LINE('',#5238,#5239);
#5238 = CARTESIAN_POINT('',(0.,0.));
#5239 = VECTOR('',#5240,1.);
#5240 = DIRECTION('',(0.,1.));
#5241 = ( GEOMETRIC_REPRESENTATION_CONTEXT(2) 
PARAMETRIC_REPRESENTATION_CONTEXT() REPRESENTATION_CONTEXT('2D SPACE',''
  ) );
#5242 = ORIENTED_EDGE('',*,*,#1850,.T.);
#5243 = ORIENTED_EDGE('',*,*,#5244,.T.);
#5244 = EDGE_CURVE('',#1853,#5245,#5247,.T.);
#5245 = VERTEX_POINT('',#5246);
#5246 = CARTESIAN_POINT('',(3.,6.,162.5));
#5247 = SURFACE_CURVE('',#5248,(#5252,#5259),.PCURVE_S1.);
#5248 = LINE('',#5249,#5250);
#5249 = CARTESIAN_POINT('',(-1.,6.,162.5));
#5250 = VECTOR('',#5251,1.);
#5251 = DIRECTION('',(1.,0.,0.));
#5252 = PCURVE('',#1868,#5253);
#5253 = DEFINITIONAL_REPRESENTATION('',(#5254),#5258);
#5254 = LINE('',#5255,#5256);
#5255 = CARTESIAN_POINT('',(0.,0.));
#5256 = VECTOR('',#5257,1.);
#5257 = DIRECTION('',(1.,0.));
#5258 = ( GEOMETRIC_REPRESENTATION_CONTEXT(2) 
PARAMETRIC_REPRESENTATION_CONTEXT() REPRESENTATION_CONTEXT('2D SPACE',''
  ) );
#5259 = PCURVE('',#1896,#5260);
#5260 = DEFINITIONAL_REPRESENTATION('',(#5261),#5265);
#5261 = LINE('',#5262,#5263);
#5262 = CARTESIAN_POINT('',(0.,0.));
#5263 = VECTOR('',#5264,1.);
#5264 = DIRECTION('',(0.,1.));
#5265 = ( GEOMETRIC_REPRESENTATION_CONTEXT(2) 
PARAMETRIC_REPRESENTATION_CONTEXT() REPRESENTATION_CONTEXT('2D SPACE',''
  ) );
#5266 = ORIENTED_EDGE('',*,*,#5267,.F.);
#5267 = EDGE_CURVE('',#5221,#5245,#5268,.T.);
#5268 = SURFACE_CURVE('',#5269,(#5273,#5280),.PCURVE_S1.);
#5269 = LINE('',#5270,#5271);
#5270 = CARTESIAN_POINT('',(3.,3.,162.5));
#5271 = VECTOR('',#5272,1.);
#5272 = DIRECTION('',(0.,-1.,0.));
#5273 = PCURVE('',#1868,#5274);
#5274 = DEFINITIONAL_REPRESENTATION('',(#5275),#5279);
#5275 = LINE('',#5276,#5277);
#5276 = CARTESIAN_POINT('',(4.,-3.));
#5277 = VECTOR('',#5278,1.);
#5278 = DIRECTION('',(0.,-1.));
#5279 = ( GEOMETRIC_REPRESENTATION_CONTEXT(2) 
PARAMETRIC_REPRESENTATION_CONTEXT() REPRESENTATION_CONTEXT('2D SPACE',''
  ) );
#5280 = PCURVE('',#2140,#5281);
#5281 = DEFINITIONAL_REPRESENTATION('',(#5282),#5286);
#5282 = LINE('',#5283,#5284);
#5283 = CARTESIAN_POINT('',(162.5,-3.));
#5284 = VECTOR('',#5285,1.);
#5285 = DIRECTION('',(0.,1.));
#5286 = ( GEOMETRIC_REPRESENTATION_CONTEXT(2) 
PARAMETRIC_REPRESENTATION_CONTEXT() REPRESENTATION_CONTEXT('2D SPACE',''
  ) );
#5287 = ADVANCED_FACE('',(#5288),#1950,.F.);
#5288 = FACE_BOUND('',#5289,.F.);
#5289 = EDGE_LOOP('',(#5290,#5291,#5292,#5315));
#5290 = ORIENTED_EDGE('',*,*,#5220,.F.);
#5291 = ORIENTED_EDGE('',*,*,#1936,.T.);
#5292 = ORIENTED_EDGE('',*,*,#5293,.T.);
#5293 = EDGE_CURVE('',#1909,#5294,#5296,.T.);
#5294 = VERTEX_POINT('',#5295);
#5295 = CARTESIAN_POINT('',(3.,14.,169.5));
#5296 = SURFACE_CURVE('',#5297,(#5301,#5308),.PCURVE_S1.);
#5297 = LINE('',#5298,#5299);
#5298 = CARTESIAN_POINT('',(-1.,14.,169.5));
#5299 = VECTOR('',#5300,1.);
#5300 = DIRECTION('',(1.,0.,0.));
#5301 = PCURVE('',#1950,#5302);
#5302 = DEFINITIONAL_REPRESENTATION('',(#5303),#5307);
#5303 = LINE('',#5304,#5305);
#5304 = CARTESIAN_POINT('',(7.,0.));
#5305 = VECTOR('',#5306,1.);
#5306 = DIRECTION('',(0.,1.));
#5307 = ( GEOMETRIC_REPRESENTATION_CONTEXT(2) 
PARAMETRIC_REPRESENTATION_CONTEXT() REPRESENTATION_CONTEXT('2D SPACE',''
  ) );
#5308 = PCURVE('',#1924,#5309);
#5309 = DEFINITIONAL_REPRESENTATION('',(#5310),#5314);
#5310 = LINE('',#5311,#5312);
#5311 = CARTESIAN_POINT('',(0.,8.));
#5312 = VECTOR('',#5313,1.);
#5313 = DIRECTION('',(1.,0.));
#5314 = ( GEOMETRIC_REPRESENTATION_CONTEXT(2) 
PARAMETRIC_REPRESENTATION_CONTEXT() REPRESENTATION_CONTEXT('2D SPACE',''
  ) );
#5315 = ORIENTED_EDGE('',*,*,#5316,.F.);
#5316 = EDGE_CURVE('',#5221,#5294,#5317,.T.);
#5317 = SURFACE_CURVE('',#5318,(#5322,#5329),.PCURVE_S1.);
#5318 = LINE('',#5319,#5320);
#5319 = CARTESIAN_POINT('',(3.,14.,81.25));
#5320 = VECTOR('',#5321,1.);
#5321 = DIRECTION('',(0.,0.,1.));
#5322 = PCURVE('',#1950,#5323);
#5323 = DEFINITIONAL_REPRESENTATION('',(#5324),#5328);
#5324 = LINE('',#5325,#5326);
#5325 = CARTESIAN_POINT('',(-81.25,4.));
#5326 = VECTOR('',#5327,1.);
#5327 = DIRECTION('',(1.,0.));
#5328 = ( GEOMETRIC_REPRESENTATION_CONTEXT(2) 
PARAMETRIC_REPRESENTATION_CONTEXT() REPRESENTATION_CONTEXT('2D SPACE',''
  ) );
#5329 = PCURVE('',#2140,#5330);
#5330 = DEFINITIONAL_REPRESENTATION('',(#5331),#5335);
#5331 = LINE('',#5332,#5333);
#5332 = CARTESIAN_POINT('',(81.25,-14.));
#5333 = VECTOR('',#5334,1.);
#5334 = DIRECTION('',(1.,0.));
#5335 = ( GEOMETRIC_REPRESENTATION_CONTEXT(2) 
PARAMETRIC_REPRESENTATION_CONTEXT() REPRESENTATION_CONTEXT('2D SPACE',''
  ) );
#5336 = ADVANCED_FACE('',(#5337),#1896,.T.);
#5337 = FACE_BOUND('',#5338,.T.);
#5338 = EDGE_LOOP('',(#5339,#5340,#5341,#5364));
#5339 = ORIENTED_EDGE('',*,*,#5244,.F.);
#5340 = ORIENTED_EDGE('',*,*,#1880,.T.);
#5341 = ORIENTED_EDGE('',*,*,#5342,.T.);
#5342 = EDGE_CURVE('',#1881,#5343,#5345,.T.);
#5343 = VERTEX_POINT('',#5344);
#5344 = CARTESIAN_POINT('',(3.,6.,169.5));
#5345 = SURFACE_CURVE('',#5346,(#5350,#5357),.PCURVE_S1.);
#5346 = LINE('',#5347,#5348);
#5347 = CARTESIAN_POINT('',(-1.,6.,169.5));
#5348 = VECTOR('',#5349,1.);
#5349 = DIRECTION('',(1.,0.,0.));
#5350 = PCURVE('',#1896,#5351);
#5351 = DEFINITIONAL_REPRESENTATION('',(#5352),#5356);
#5352 = LINE('',#5353,#5354);
#5353 = CARTESIAN_POINT('',(7.,0.));
#5354 = VECTOR('',#5355,1.);
#5355 = DIRECTION('',(0.,1.));
#5356 = ( GEOMETRIC_REPRESENTATION_CONTEXT(2) 
PARAMETRIC_REPRESENTATION_CONTEXT() REPRESENTATION_CONTEXT('2D SPACE',''
  ) );
#5357 = PCURVE('',#1924,#5358);
#5358 = DEFINITIONAL_REPRESENTATION('',(#5359),#5363);
#5359 = LINE('',#5360,#5361);
#5360 = CARTESIAN_POINT('',(0.,0.));
#5361 = VECTOR('',#5362,1.);
#5362 = DIRECTION('',(1.,0.));
#5363 = ( GEOMETRIC_REPRESENTATION_CONTEXT(2) 
PARAMETRIC_REPRESENTATION_CONTEXT() REPRESENTATION_CONTEXT('2D SPACE',''
  ) );
#5364 = ORIENTED_EDGE('',*,*,#5365,.F.);
#5365 = EDGE_CURVE('',#5245,#5343,#5366,.T.);
#5366 = SURFACE_CURVE('',#5367,(#5371,#5378),.PCURVE_S1.);
#5367 = LINE('',#5368,#5369);
#5368 = CARTESIAN_POINT('',(3.,6.,81.25));
#5369 = VECTOR('',#5370,1.);
#5370 = DIRECTION('',(0.,0.,1.));
#5371 = PCURVE('',#1896,#5372);
#5372 = DEFINITIONAL_REPRESENTATION('',(#5373),#5377);
#5373 = LINE('',#5374,#5375);
#5374 = CARTESIAN_POINT('',(-81.25,4.));
#5375 = VECTOR('',#5376,1.);
#5376 = DIRECTION('',(1.,0.));
#5377 = ( GEOMETRIC_REPRESENTATION_CONTEXT(2) 
PARAMETRIC_REPRESENTATION_CONTEXT() REPRESENTATION_CONTEXT('2D SPACE',''
  ) );
#5378 = PCURVE('',#2140,#5379);
#5379 = DEFINITIONAL_REPRESENTATION('',(#5380),#5384);
#5380 = LINE('',#5381,#5382);
#5381 = CARTESIAN_POINT('',(81.25,-6.));
#5382 = VECTOR('',#5383,1.);
#5383 = DIRECTION('',(1.,0.));
#5384 = ( GEOMETRIC_REPRESENTATION_CONTEXT(2) 
PARAMETRIC_REPRESENTATION_CONTEXT() REPRESENTATION_CONTEXT('2D SPACE',''
  ) );
#5385 = ADVANCED_FACE('',(#5386),#1924,.F.);
#5386 = FACE_BOUND('',#5387,.F.);
#5387 = EDGE_LOOP('',(#5388,#5389,#5390,#5391));
#5388 = ORIENTED_EDGE('',*,*,#5293,.F.);
#5389 = ORIENTED_EDGE('',*,*,#1908,.T.);
#5390 = ORIENTED_EDGE('',*,*,#5342,.T.);
#5391 = ORIENTED_EDGE('',*,*,#5392,.F.);
#5392 = EDGE_CURVE('',#5294,#5343,#5393,.T.);
#5393 = SURFACE_CURVE('',#5394,(#5398,#5405),.PCURVE_S1.);
#5394 = LINE('',#5395,#5396);
#5395 = CARTESIAN_POINT('',(3.,3.,169.5));
#5396 = VECTOR('',#5397,1.);
#5397 = DIRECTION('',(0.,-1.,0.));
#5398 = PCURVE('',#1924,#5399);
#5399 = DEFINITIONAL_REPRESENTATION('',(#5400),#5404);
#5400 = LINE('',#5401,#5402);
#5401 = CARTESIAN_POINT('',(4.,-3.));
#5402 = VECTOR('',#5403,1.);
#5403 = DIRECTION('',(0.,-1.));
#5404 = ( GEOMETRIC_REPRESENTATION_CONTEXT(2) 
PARAMETRIC_REPRESENTATION_CONTEXT() REPRESENTATION_CONTEXT('2D SPACE',''
  ) );
#5405 = PCURVE('',#2140,#5406);
#5406 = DEFINITIONAL_REPRESENTATION('',(#5407),#5411);
#5407 = LINE('',#5408,#5409);
#5408 = CARTESIAN_POINT('',(169.5,-3.));
#5409 = VECTOR('',#5410,1.);
#5410 = DIRECTION('',(0.,1.));
#5411 = ( GEOMETRIC_REPRESENTATION_CONTEXT(2) 
PARAMETRIC_REPRESENTATION_CONTEXT() REPRESENTATION_CONTEXT('2D SPACE',''
  ) );
#5412 = ADVANCED_FACE('',(#5413),#1982,.F.);
#5413 = FACE_BOUND('',#5414,.F.);
#5414 = EDGE_LOOP('',(#5415,#5438,#5439,#5462));
#5415 = ORIENTED_EDGE('',*,*,#5416,.F.);
#5416 = EDGE_CURVE('',#1965,#5417,#5419,.T.);
#5417 = VERTEX_POINT('',#5418);
#5418 = CARTESIAN_POINT('',(3.,14.,172.5));
#5419 = SURFACE_CURVE('',#5420,(#5424,#5431),.PCURVE_S1.);
#5420 = LINE('',#5421,#5422);
#5421 = CARTESIAN_POINT('',(-1.,14.,172.5));
#5422 = VECTOR('',#5423,1.);
#5423 = DIRECTION('',(1.,0.,0.));
#5424 = PCURVE('',#1982,#5425);
#5425 = DEFINITIONAL_REPRESENTATION('',(#5426),#5430);
#5426 = LINE('',#5427,#5428);
#5427 = CARTESIAN_POINT('',(0.,0.));
#5428 = VECTOR('',#5429,1.);
#5429 = DIRECTION('',(0.,1.));
#5430 = ( GEOMETRIC_REPRESENTATION_CONTEXT(2) 
PARAMETRIC_REPRESENTATION_CONTEXT() REPRESENTATION_CONTEXT('2D SPACE',''
  ) );
#5431 = PCURVE('',#2010,#5432);
#5432 = DEFINITIONAL_REPRESENTATION('',(#5433),#5437);
#5433 = LINE('',#5434,#5435);
#5434 = CARTESIAN_POINT('',(0.,8.));
#5435 = VECTOR('',#5436,1.);
#5436 = DIRECTION('',(1.,0.));
#5437 = ( GEOMETRIC_REPRESENTATION_CONTEXT(2) 
PARAMETRIC_REPRESENTATION_CONTEXT() REPRESENTATION_CONTEXT('2D SPACE',''
  ) );
#5438 = ORIENTED_EDGE('',*,*,#1964,.T.);
#5439 = ORIENTED_EDGE('',*,*,#5440,.T.);
#5440 = EDGE_CURVE('',#1967,#5441,#5443,.T.);
#5441 = VERTEX_POINT('',#5442);
#5442 = CARTESIAN_POINT('',(3.,14.,183.5));
#5443 = SURFACE_CURVE('',#5444,(#5448,#5455),.PCURVE_S1.);
#5444 = LINE('',#5445,#5446);
#5445 = CARTESIAN_POINT('',(-1.,14.,183.5));
#5446 = VECTOR('',#5447,1.);
#5447 = DIRECTION('',(1.,0.,0.));
#5448 = PCURVE('',#1982,#5449);
#5449 = DEFINITIONAL_REPRESENTATION('',(#5450),#5454);
#5450 = LINE('',#5451,#5452);
#5451 = CARTESIAN_POINT('',(11.,0.));
#5452 = VECTOR('',#5453,1.);
#5453 = DIRECTION('',(0.,1.));
#5454 = ( GEOMETRIC_REPRESENTATION_CONTEXT(2) 
PARAMETRIC_REPRESENTATION_CONTEXT() REPRESENTATION_CONTEXT('2D SPACE',''
  ) );
#5455 = PCURVE('',#2064,#5456);
#5456 = DEFINITIONAL_REPRESENTATION('',(#5457),#5461);
#5457 = LINE('',#5458,#5459);
#5458 = CARTESIAN_POINT('',(0.,8.));
#5459 = VECTOR('',#5460,1.);
#5460 = DIRECTION('',(1.,0.));
#5461 = ( GEOMETRIC_REPRESENTATION_CONTEXT(2) 
PARAMETRIC_REPRESENTATION_CONTEXT() REPRESENTATION_CONTEXT('2D SPACE',''
  ) );
#5462 = ORIENTED_EDGE('',*,*,#5463,.F.);
#5463 = EDGE_CURVE('',#5417,#5441,#5464,.T.);
#5464 = SURFACE_CURVE('',#5465,(#5469,#5476),.PCURVE_S1.);
#5465 = LINE('',#5466,#5467);
#5466 = CARTESIAN_POINT('',(3.,14.,172.5));
#5467 = VECTOR('',#5468,1.);
#5468 = DIRECTION('',(0.,0.,1.));
#5469 = PCURVE('',#1982,#5470);
#5470 = DEFINITIONAL_REPRESENTATION('',(#5471),#5475);
#5471 = LINE('',#5472,#5473);
#5472 = CARTESIAN_POINT('',(0.,4.));
#5473 = VECTOR('',#5474,1.);
#5474 = DIRECTION('',(1.,0.));
#5475 = ( GEOMETRIC_REPRESENTATION_CONTEXT(2) 
PARAMETRIC_REPRESENTATION_CONTEXT() REPRESENTATION_CONTEXT('2D SPACE',''
  ) );
#5476 = PCURVE('',#2140,#5477);
#5477 = DEFINITIONAL_REPRESENTATION('',(#5478),#5482);
#5478 = LINE('',#5479,#5480);
#5479 = CARTESIAN_POINT('',(172.5,-14.));
#5480 = VECTOR('',#5481,1.);
#5481 = DIRECTION('',(1.,0.));
#5482 = ( GEOMETRIC_REPRESENTATION_CONTEXT(2) 
PARAMETRIC_REPRESENTATION_CONTEXT() REPRESENTATION_CONTEXT('2D SPACE',''
  ) );
#5483 = ADVANCED_FACE('',(#5484),#2064,.F.);
#5484 = FACE_BOUND('',#5485,.F.);
#5485 = EDGE_LOOP('',(#5486,#5487,#5488,#5511));
#5486 = ORIENTED_EDGE('',*,*,#5440,.F.);
#5487 = ORIENTED_EDGE('',*,*,#2050,.T.);
#5488 = ORIENTED_EDGE('',*,*,#5489,.T.);
#5489 = EDGE_CURVE('',#2023,#5490,#5492,.T.);
#5490 = VERTEX_POINT('',#5491);
#5491 = CARTESIAN_POINT('',(3.,6.,183.5));
#5492 = SURFACE_CURVE('',#5493,(#5497,#5504),.PCURVE_S1.);
#5493 = LINE('',#5494,#5495);
#5494 = CARTESIAN_POINT('',(-1.,6.,183.5));
#5495 = VECTOR('',#5496,1.);
#5496 = DIRECTION('',(1.,0.,0.));
#5497 = PCURVE('',#2064,#5498);
#5498 = DEFINITIONAL_REPRESENTATION('',(#5499),#5503);
#5499 = LINE('',#5500,#5501);
#5500 = CARTESIAN_POINT('',(0.,0.));
#5501 = VECTOR('',#5502,1.);
#5502 = DIRECTION('',(1.,0.));
#5503 = ( GEOMETRIC_REPRESENTATION_CONTEXT(2) 
PARAMETRIC_REPRESENTATION_CONTEXT() REPRESENTATION_CONTEXT('2D SPACE',''
  ) );
#5504 = PCURVE('',#2038,#5505);
#5505 = DEFINITIONAL_REPRESENTATION('',(#5506),#5510);
#5506 = LINE('',#5507,#5508);
#5507 = CARTESIAN_POINT('',(7.,0.));
#5508 = VECTOR('',#5509,1.);
#5509 = DIRECTION('',(0.,1.));
#5510 = ( GEOMETRIC_REPRESENTATION_CONTEXT(2) 
PARAMETRIC_REPRESENTATION_CONTEXT() REPRESENTATION_CONTEXT('2D SPACE',''
  ) );
#5511 = ORIENTED_EDGE('',*,*,#5512,.F.);
#5512 = EDGE_CURVE('',#5441,#5490,#5513,.T.);
#5513 = SURFACE_CURVE('',#5514,(#5518,#5525),.PCURVE_S1.);
#5514 = LINE('',#5515,#5516);
#5515 = CARTESIAN_POINT('',(3.,3.,183.5));
#5516 = VECTOR('',#5517,1.);
#5517 = DIRECTION('',(0.,-1.,0.));
#5518 = PCURVE('',#2064,#5519);
#5519 = DEFINITIONAL_REPRESENTATION('',(#5520),#5524);
#5520 = LINE('',#5521,#5522);
#5521 = CARTESIAN_POINT('',(4.,-3.));
#5522 = VECTOR('',#5523,1.);
#5523 = DIRECTION('',(0.,-1.));
#5524 = ( GEOMETRIC_REPRESENTATION_CONTEXT(2) 
PARAMETRIC_REPRESENTATION_CONTEXT() REPRESENTATION_CONTEXT('2D SPACE',''
  ) );
#5525 = PCURVE('',#2140,#5526);
#5526 = DEFINITIONAL_REPRESENTATION('',(#5527),#5531);
#5527 = LINE('',#5528,#5529);
#5528 = CARTESIAN_POINT('',(183.5,-3.));
#5529 = VECTOR('',#5530,1.);
#5530 = DIRECTION('',(0.,1.));
#5531 = ( GEOMETRIC_REPRESENTATION_CONTEXT(2) 
PARAMETRIC_REPRESENTATION_CONTEXT() REPRESENTATION_CONTEXT('2D SPACE',''
  ) );
#5532 = ADVANCED_FACE('',(#5533),#2038,.T.);
#5533 = FACE_BOUND('',#5534,.T.);
#5534 = EDGE_LOOP('',(#5535,#5558,#5579,#5580));
#5535 = ORIENTED_EDGE('',*,*,#5536,.T.);
#5536 = EDGE_CURVE('',#5490,#5537,#5539,.T.);
#5537 = VERTEX_POINT('',#5538);
#5538 = CARTESIAN_POINT('',(3.,6.,172.5));
#5539 = SURFACE_CURVE('',#5540,(#5544,#5551),.PCURVE_S1.);
#5540 = LINE('',#5541,#5542);
#5541 = CARTESIAN_POINT('',(3.,6.,183.5));
#5542 = VECTOR('',#5543,1.);
#5543 = DIRECTION('',(0.,0.,-1.));
#5544 = PCURVE('',#2038,#5545);
#5545 = DEFINITIONAL_REPRESENTATION('',(#5546),#5550);
#5546 = LINE('',#5547,#5548);
#5547 = CARTESIAN_POINT('',(7.,4.));
#5548 = VECTOR('',#5549,1.);
#5549 = DIRECTION('',(-1.,0.));
#5550 = ( GEOMETRIC_REPRESENTATION_CONTEXT(2) 
PARAMETRIC_REPRESENTATION_CONTEXT() REPRESENTATION_CONTEXT('2D SPACE',''
  ) );
#5551 = PCURVE('',#2140,#5552);
#5552 = DEFINITIONAL_REPRESENTATION('',(#5553),#5557);
#5553 = LINE('',#5554,#5555);
#5554 = CARTESIAN_POINT('',(183.5,-6.));
#5555 = VECTOR('',#5556,1.);
#5556 = DIRECTION('',(-1.,0.));
#5557 = ( GEOMETRIC_REPRESENTATION_CONTEXT(2) 
PARAMETRIC_REPRESENTATION_CONTEXT() REPRESENTATION_CONTEXT('2D SPACE',''
  ) );
#5558 = ORIENTED_EDGE('',*,*,#5559,.F.);
#5559 = EDGE_CURVE('',#1995,#5537,#5560,.T.);
#5560 = SURFACE_CURVE('',#5561,(#5565,#5572),.PCURVE_S1.);
#5561 = LINE('',#5562,#5563);
#5562 = CARTESIAN_POINT('',(-1.,6.,172.5));
#5563 = VECTOR('',#5564,1.);
#5564 = DIRECTION('',(1.,0.,0.));
#5565 = PCURVE('',#2038,#5566);
#5566 = DEFINITIONAL_REPRESENTATION('',(#5567),#5571);
#5567 = LINE('',#5568,#5569);
#5568 = CARTESIAN_POINT('',(-4.,0.));
#5569 = VECTOR('',#5570,1.);
#5570 = DIRECTION('',(0.,1.));
#5571 = ( GEOMETRIC_REPRESENTATION_CONTEXT(2) 
PARAMETRIC_REPRESENTATION_CONTEXT() REPRESENTATION_CONTEXT('2D SPACE',''
  ) );
#5572 = PCURVE('',#2010,#5573);
#5573 = DEFINITIONAL_REPRESENTATION('',(#5574),#5578);
#5574 = LINE('',#5575,#5576);
#5575 = CARTESIAN_POINT('',(0.,0.));
#5576 = VECTOR('',#5577,1.);
#5577 = DIRECTION('',(1.,0.));
#5578 = ( GEOMETRIC_REPRESENTATION_CONTEXT(2) 
PARAMETRIC_REPRESENTATION_CONTEXT() REPRESENTATION_CONTEXT('2D SPACE',''
  ) );
#5579 = ORIENTED_EDGE('',*,*,#2022,.F.);
#5580 = ORIENTED_EDGE('',*,*,#5489,.T.);
#5581 = ADVANCED_FACE('',(#5582),#2010,.T.);
#5582 = FACE_BOUND('',#5583,.T.);
#5583 = EDGE_LOOP('',(#5584,#5585,#5586,#5587));
#5584 = ORIENTED_EDGE('',*,*,#5416,.F.);
#5585 = ORIENTED_EDGE('',*,*,#1994,.T.);
#5586 = ORIENTED_EDGE('',*,*,#5559,.T.);
#5587 = ORIENTED_EDGE('',*,*,#5588,.F.);
#5588 = EDGE_CURVE('',#5417,#5537,#5589,.T.);
#5589 = SURFACE_CURVE('',#5590,(#5594,#5601),.PCURVE_S1.);
#5590 = LINE('',#5591,#5592);
#5591 = CARTESIAN_POINT('',(3.,3.,172.5));
#5592 = VECTOR('',#5593,1.);
#5593 = DIRECTION('',(0.,-1.,0.));
#5594 = PCURVE('',#2010,#5595);
#5595 = DEFINITIONAL_REPRESENTATION('',(#5596),#5600);
#5596 = LINE('',#5597,#5598);
#5597 = CARTESIAN_POINT('',(4.,-3.));
#5598 = VECTOR('',#5599,1.);
#5599 = DIRECTION('',(0.,-1.));
#5600 = ( GEOMETRIC_REPRESENTATION_CONTEXT(2) 
PARAMETRIC_REPRESENTATION_CONTEXT() REPRESENTATION_CONTEXT('2D SPACE',''
  ) );
#5601 = PCURVE('',#2140,#5602);
#5602 = DEFINITIONAL_REPRESENTATION('',(#5603),#5607);
#5603 = LINE('',#5604,#5605);
#5604 = CARTESIAN_POINT('',(172.5,-3.));
#5605 = VECTOR('',#5606,1.);
#5606 = DIRECTION('',(0.,1.));
#5607 = ( GEOMETRIC_REPRESENTATION_CONTEXT(2) 
PARAMETRIC_REPRESENTATION_CONTEXT() REPRESENTATION_CONTEXT('2D SPACE',''
  ) );
#5608 = ADVANCED_FACE('',(#5609,#5615,#5621,#5627,#5633,#5639,#5645,
    #5651,#5657,#5663,#5669,#5675,#5681,#5687,#5693,#5699,#5705,#5711),
  #2140,.T.);
#5609 = FACE_BOUND('',#5610,.T.);
#5610 = EDGE_LOOP('',(#5611,#5612,#5613,#5614));
#5611 = ORIENTED_EDGE('',*,*,#2126,.F.);
#5612 = ORIENTED_EDGE('',*,*,#2206,.T.);
#5613 = ORIENTED_EDGE('',*,*,#2256,.T.);
#5614 = ORIENTED_EDGE('',*,*,#2157,.F.);
#5615 = FACE_BOUND('',#5616,.T.);
#5616 = EDGE_LOOP('',(#5617,#5618,#5619,#5620));
#5617 = ORIENTED_EDGE('',*,*,#2327,.T.);
#5618 = ORIENTED_EDGE('',*,*,#2425,.T.);
#5619 = ORIENTED_EDGE('',*,*,#2452,.F.);
#5620 = ORIENTED_EDGE('',*,*,#2376,.F.);
#5621 = FACE_BOUND('',#5622,.T.);
#5622 = EDGE_LOOP('',(#5623,#5624,#5625,#5626));
#5623 = ORIENTED_EDGE('',*,*,#2523,.T.);
#5624 = ORIENTED_EDGE('',*,*,#2621,.T.);
#5625 = ORIENTED_EDGE('',*,*,#2648,.F.);
#5626 = ORIENTED_EDGE('',*,*,#2572,.F.);
#5627 = FACE_BOUND('',#5628,.T.);
#5628 = EDGE_LOOP('',(#5629,#5630,#5631,#5632));
#5629 = ORIENTED_EDGE('',*,*,#2719,.T.);
#5630 = ORIENTED_EDGE('',*,*,#2817,.T.);
#5631 = ORIENTED_EDGE('',*,*,#2844,.F.);
#5632 = ORIENTED_EDGE('',*,*,#2768,.F.);
#5633 = FACE_BOUND('',#5634,.T.);
#5634 = EDGE_LOOP('',(#5635,#5636,#5637,#5638));
#5635 = ORIENTED_EDGE('',*,*,#2915,.T.);
#5636 = ORIENTED_EDGE('',*,*,#3013,.T.);
#5637 = ORIENTED_EDGE('',*,*,#3040,.F.);
#5638 = ORIENTED_EDGE('',*,*,#2964,.F.);
#5639 = FACE_BOUND('',#5640,.T.);
#5640 = EDGE_LOOP('',(#5641,#5642,#5643,#5644));
#5641 = ORIENTED_EDGE('',*,*,#3111,.T.);
#5642 = ORIENTED_EDGE('',*,*,#3209,.T.);
#5643 = ORIENTED_EDGE('',*,*,#3236,.F.);
#5644 = ORIENTED_EDGE('',*,*,#3160,.F.);
#5645 = FACE_BOUND('',#5646,.T.);
#5646 = EDGE_LOOP('',(#5647,#5648,#5649,#5650));
#5647 = ORIENTED_EDGE('',*,*,#3307,.T.);
#5648 = ORIENTED_EDGE('',*,*,#3405,.T.);
#5649 = ORIENTED_EDGE('',*,*,#3432,.F.);
#5650 = ORIENTED_EDGE('',*,*,#3356,.F.);
#5651 = FACE_BOUND('',#5652,.T.);
#5652 = EDGE_LOOP('',(#5653,#5654,#5655,#5656));
#5653 = ORIENTED_EDGE('',*,*,#3503,.T.);
#5654 = ORIENTED_EDGE('',*,*,#3601,.T.);
#5655 = ORIENTED_EDGE('',*,*,#3628,.F.);
#5656 = ORIENTED_EDGE('',*,*,#3552,.F.);
#5657 = FACE_BOUND('',#5658,.T.);
#5658 = EDGE_LOOP('',(#5659,#5660,#5661,#5662));
#5659 = ORIENTED_EDGE('',*,*,#3699,.T.);
#5660 = ORIENTED_EDGE('',*,*,#3797,.T.);
#5661 = ORIENTED_EDGE('',*,*,#3824,.F.);
#5662 = ORIENTED_EDGE('',*,*,#3748,.F.);
#5663 = FACE_BOUND('',#5664,.T.);
#5664 = EDGE_LOOP('',(#5665,#5666,#5667,#5668));
#5665 = ORIENTED_EDGE('',*,*,#3895,.T.);
#5666 = ORIENTED_EDGE('',*,*,#3993,.T.);
#5667 = ORIENTED_EDGE('',*,*,#4020,.F.);
#5668 = ORIENTED_EDGE('',*,*,#3944,.F.);
#5669 = FACE_BOUND('',#5670,.T.);
#5670 = EDGE_LOOP('',(#5671,#5672,#5673,#5674));
#5671 = ORIENTED_EDGE('',*,*,#4091,.T.);
#5672 = ORIENTED_EDGE('',*,*,#4189,.T.);
#5673 = ORIENTED_EDGE('',*,*,#4216,.F.);
#5674 = ORIENTED_EDGE('',*,*,#4140,.F.);
#5675 = FACE_BOUND('',#5676,.T.);
#5676 = EDGE_LOOP('',(#5677,#5678,#5679,#5680));
#5677 = ORIENTED_EDGE('',*,*,#4287,.T.);
#5678 = ORIENTED_EDGE('',*,*,#4385,.T.);
#5679 = ORIENTED_EDGE('',*,*,#4412,.F.);
#5680 = ORIENTED_EDGE('',*,*,#4336,.F.);
#5681 = FACE_BOUND('',#5682,.T.);
#5682 = EDGE_LOOP('',(#5683,#5684,#5685,#5686));
#5683 = ORIENTED_EDGE('',*,*,#4483,.T.);
#5684 = ORIENTED_EDGE('',*,*,#4581,.T.);
#5685 = ORIENTED_EDGE('',*,*,#4608,.F.);
#5686 = ORIENTED_EDGE('',*,*,#4532,.F.);
#5687 = FACE_BOUND('',#5688,.T.);
#5688 = EDGE_LOOP('',(#5689,#5690,#5691,#5692));
#5689 = ORIENTED_EDGE('',*,*,#4679,.T.);
#5690 = ORIENTED_EDGE('',*,*,#4777,.T.);
#5691 = ORIENTED_EDGE('',*,*,#4804,.F.);
#5692 = ORIENTED_EDGE('',*,*,#4728,.F.);
#5693 = FACE_BOUND('',#5694,.T.);
#5694 = EDGE_LOOP('',(#5695,#5696,#5697,#5698));
#5695 = ORIENTED_EDGE('',*,*,#4875,.T.);
#5696 = ORIENTED_EDGE('',*,*,#4973,.T.);
#5697 = ORIENTED_EDGE('',*,*,#5000,.F.);
#5698 = ORIENTED_EDGE('',*,*,#4924,.F.);
#5699 = FACE_BOUND('',#5700,.T.);
#5700 = EDGE_LOOP('',(#5701,#5702,#5703,#5704));
#5701 = ORIENTED_EDGE('',*,*,#5071,.T.);
#5702 = ORIENTED_EDGE('',*,*,#5169,.T.);
#5703 = ORIENTED_EDGE('',*,*,#5196,.F.);
#5704 = ORIENTED_EDGE('',*,*,#5120,.F.);
#5705 = FACE_BOUND('',#5706,.T.);
#5706 = EDGE_LOOP('',(#5707,#5708,#5709,#5710));
#5707 = ORIENTED_EDGE('',*,*,#5267,.T.);
#5708 = ORIENTED_EDGE('',*,*,#5365,.T.);
#5709 = ORIENTED_EDGE('',*,*,#5392,.F.);
#5710 = ORIENTED_EDGE('',*,*,#5316,.F.);
#5711 = FACE_BOUND('',#5712,.T.);
#5712 = EDGE_LOOP('',(#5713,#5714,#5715,#5716));
#5713 = ORIENTED_EDGE('',*,*,#5463,.F.);
#5714 = ORIENTED_EDGE('',*,*,#5588,.T.);
#5715 = ORIENTED_EDGE('',*,*,#5536,.F.);
#5716 = ORIENTED_EDGE('',*,*,#5512,.F.);
#5717 = ( GEOMETRIC_REPRESENTATION_CONTEXT(3) 
GLOBAL_UNCERTAINTY_ASSIGNED_CONTEXT((#5721)) 
GLOBAL_UNIT_ASSIGNED_CONTEXT((#5718,#5719,#5720)) REPRESENTATION_CONTEXT
('Context #1','3D Context with UNIT and UNCERTAINTY') );
#5718 = ( LENGTH_UNIT() NAMED_UNIT(*) SI_UNIT(.MILLI.,.METRE.) );
#5719 = ( NAMED_UNIT(*) PLANE_ANGLE_UNIT() SI_UNIT($,.RADIAN.) );
#5720 = ( NAMED_UNIT(*) SI_UNIT($,.STERADIAN.) SOLID_ANGLE_UNIT() );
#5721 = UNCERTAINTY_MEASURE_WITH_UNIT(LENGTH_MEASURE(2.E-07),#5718,
  'distance_accuracy_value','confusion accuracy');
#5722 = PRODUCT_RELATED_PRODUCT_CATEGORY('part',$,(#7));
ENDSEC;
END-ISO-10303-21;
